// angry_2.gif: 75 frames, 15 fps, 128x64 1-bit
// Each frame: 1024 bytes (16 per row, MSB = left pixel), PackBits-compressed.
#pragma once

#define ANIM_ANGRY_2_FRAMES 75
#define ANIM_ANGRY_2_FPS 15

const uint8_t anim_angry_2[] PROGMEM = {
  0xfc, 0x00, 0x06, 0x7f, 0xff, 0x00, 0x00, 0x1f, 0xff, 0xf8, 0xf8, 0x00, 0x06, 0xff, 0xff, 0x80, 0x00, 0x1f, 0xff, 0xf8, 0xf9, 0x00, 0x07, 0x01,
  0xff, 0xff, 0xc0, 0x00, 0x1f, 0xff, 0xf8, 0xf9, 0x00, 0x07, 0x01, 0xff, 0xff, 0xc0, 0x00, 0x0f, 0xff, 0xfc, 0xf9, 0x00, 0x07, 0x01, 0xff, 0xff,
  0xe0, 0x00, 0x0f, 0xff, 0xfc, 0xf9, 0x00, 0x07, 0x01, 0xff, 0xff, 0xe0, 0x00, 0x07, 0xff, 0xfe, 0xf9, 0x00, 0x07, 0x01, 0xff, 0xff, 0xf0, 0x00,
  0x07, 0xff, 0xfe, 0xf8, 0x00, 0x06, 0xff, 0xff, 0xf0, 0x00, 0x07, 0xff, 0xfe, 0xf8, 0x00, 0x06, 0xff, 0xff, 0xf8, 0x00, 0x03, 0xff, 0xff, 0xf8,
  0x00, 0x06, 0xff, 0xff, 0xf8, 0x00, 0x03, 0xff, 0xff, 0xf8, 0x00, 0x06, 0xff, 0xff, 0xf8, 0x00, 0x03, 0xff, 0xff, 0xf8, 0x00, 0x06, 0x7f, 0xff,
  0xfc, 0x00, 0x03, 0xff, 0xff, 0xf8, 0x00, 0x06, 0x7f, 0xff, 0xfc, 0x00, 0x01, 0xff, 0xff, 0xf8, 0x00, 0x06, 0x7f, 0xff, 0xfc, 0x00, 0x01, 0xff,
  0xff, 0xf8, 0x00, 0x07, 0x7f, 0xff, 0xfe, 0x01, 0xc1, 0xff, 0xff, 0x80, 0xf9, 0x00, 0x07, 0x7f, 0xff, 0xfe, 0x03, 0xe1, 0xff, 0xff, 0x80, 0xf9,
  0x00, 0x06, 0x3f, 0xff, 0xfe, 0x07, 0xe1, 0xff, 0xff, 0xf8, 0x00, 0x06, 0x3f, 0xff, 0xfe, 0x07, 0xe0, 0xff, 0xff, 0xf8, 0x00, 0x06, 0x3f, 0xff,
  0xfe, 0x07, 0xf0, 0xff, 0xff, 0xf8, 0x00, 0x06, 0x3f, 0xff, 0xfe, 0x0f, 0xf0, 0xff, 0xff, 0xf8, 0x00, 0x06, 0x3f, 0xff, 0xfe, 0x0f, 0xf8, 0xff,
  0xff, 0xf8, 0x00, 0x06, 0x3f, 0xff, 0xfe, 0x0f, 0xf8, 0xff, 0xfe, 0xf8, 0x00, 0x06, 0x1f, 0xff, 0xfe, 0x0f, 0xf8, 0x7f, 0xfe, 0xf8, 0x00, 0x06,
  0x1f, 0xff, 0xfe, 0x0f, 0xf8, 0x7f, 0xfc, 0xf8, 0x00, 0x06, 0x1f, 0xff, 0xfe, 0x0f, 0xf8, 0x3f, 0xf8, 0xf8, 0x00, 0x06, 0x1f, 0xff, 0xfe, 0x07,
  0xf8, 0x1f, 0xe0, 0xf8, 0x00, 0x04, 0x1f, 0xff, 0xfc, 0x07, 0xf8, 0xf6, 0x00, 0x04, 0x1f, 0xff, 0xfc, 0x07, 0xf8, 0xf6, 0x00, 0x04, 0x0f, 0xff,
  0xfc, 0x07, 0xf8, 0xf6, 0x00, 0x04, 0x0f, 0xff, 0xf8, 0x07, 0xf8, 0xf6, 0x00, 0x04, 0x0f, 0xff, 0xf8, 0x03, 0xf8, 0xf6, 0x00, 0x04, 0x0f, 0xff,
  0xf8, 0x03, 0xf8, 0xf6, 0x00, 0x04, 0x07, 0xff, 0xf0, 0x01, 0xf8, 0xf6, 0x00, 0x04, 0x03, 0xff, 0xe0, 0x00, 0xf0, 0xf5, 0x00, 0x01, 0xff, 0x80,
  0x81, 0x00, 0x81, 0x00, 0x81, 0x00, 0xa9, 0x00, 0xf8, 0x00, 0x02, 0x01, 0xff, 0xf0, 0xf4, 0x00, 0x02, 0x03, 0xff, 0xf8, 0xf7, 0x00, 0x05, 0x08,
  0x00, 0x00, 0x03, 0xff, 0xf8, 0xf8, 0x00, 0x06, 0x07, 0xff, 0x80, 0x00, 0x07, 0xff, 0xfc, 0xf8, 0x00, 0x06, 0x1f, 0xff, 0xc0, 0x00, 0x07, 0xff,
  0xfe, 0xf8, 0x00, 0x06, 0x3f, 0xff, 0xe0, 0x00, 0x07, 0xff, 0xfe, 0xf8, 0x00, 0x06, 0x7f, 0xff, 0xf0, 0x00, 0x07, 0xff, 0xfe, 0xf8, 0x00, 0x06,
  0x7f, 0xff, 0xf8, 0x00, 0x03, 0xff, 0xff, 0xf8, 0x00, 0x06, 0x7f, 0xff, 0xf8, 0x00, 0x03, 0xff, 0xff, 0xf8, 0x00, 0x07, 0x7f, 0xff, 0xfc, 0x00,
  0x03, 0xff, 0xff, 0x80, 0xf9, 0x00, 0x07, 0x7f, 0xff, 0xfc, 0x00, 0x03, 0xff, 0xff, 0x80, 0xf9, 0x00, 0x07, 0x7f, 0xff, 0xfc, 0x00, 0x01, 0xff,
  0xff, 0x80, 0xf9, 0x00, 0x07, 0x7f, 0xff, 0xfe, 0x00, 0x01, 0xff, 0xff, 0x80, 0xf9, 0x00, 0x07, 0x7f, 0xff, 0xfe, 0x00, 0x01, 0xff, 0xff, 0x80,
  0xf9, 0x00, 0x07, 0x7f, 0xff, 0xfe, 0x00, 0x01, 0xff, 0xff, 0x80, 0xf9, 0x00, 0x07, 0x7f, 0xff, 0xfe, 0x00, 0x01, 0xff, 0xff, 0x80, 0xf9, 0x00,
  0x07, 0x7f, 0xff, 0xfe, 0x00, 0x01, 0xff, 0xff, 0x80, 0xf9, 0x00, 0x07, 0x3f, 0xff, 0xfe, 0x00, 0x01, 0xff, 0xff, 0x80, 0xf9, 0x00, 0x07, 0x3f,
  0xff, 0xfe, 0x00, 0x00, 0xff, 0xff, 0x80, 0xf9, 0x00, 0x07, 0x3f, 0xff, 0xfe, 0x00, 0x78, 0xff, 0xff, 0x80, 0xf9, 0x00, 0x06, 0x3f, 0xff, 0xfe,
  0x00, 0xf8, 0xff, 0xff, 0xf8, 0x00, 0x06, 0x3f, 0xff, 0xfe, 0x01, 0xf8, 0xff, 0xff, 0xf8, 0x00, 0x06, 0x3f, 0xff, 0xfe, 0x03, 0xf8, 0xff, 0xfe,
  0xf8, 0x00, 0x06, 0x3f, 0xff, 0xfe, 0x03, 0xf8, 0x7f, 0xfe, 0xf8, 0x00, 0x06, 0x3f, 0xff, 0xfe, 0x07, 0xf8, 0x7f, 0xf8, 0xf8, 0x00, 0x06, 0x3f,
  0xff, 0xfe, 0x07, 0xf8, 0x3f, 0xf0, 0xf8, 0x00, 0x06, 0x3f, 0xff, 0xfe, 0x07, 0xf8, 0x0f, 0xc0, 0xf8, 0x00, 0x04, 0x3f, 0xff, 0xfe, 0x07, 0xf8,
  0xf6, 0x00, 0x04, 0x1f, 0xff, 0xfc, 0x07, 0xf8, 0xf6, 0x00, 0x04, 0x1f, 0xff, 0xfc, 0x07, 0xf8, 0xf6, 0x00, 0x04, 0x1f, 0xff, 0xfc, 0x07, 0xf8,
  0xf6, 0x00, 0x04, 0x1f, 0xff, 0xf8, 0x03, 0xf8, 0xf6, 0x00, 0x04, 0x0f, 0xff, 0xf8, 0x03, 0xf8, 0xf6, 0x00, 0x04, 0x07, 0xff, 0xf0, 0x01, 0xf8,
  0xf6, 0x00, 0x04, 0x03, 0xff, 0xc0, 0x00, 0x70, 0xf5, 0x00, 0x00, 0xff, 0x81, 0x00, 0x81, 0x00, 0x81, 0x00, 0xb8, 0x00, 0xf9, 0x00, 0x01, 0x0c,
  0x7c, 0xf3, 0x00, 0x01, 0x0e, 0x38, 0xf3, 0x00, 0x00, 0x0e, 0xf2, 0x00, 0x02, 0x0e, 0x03, 0x80, 0xf4, 0x00, 0x01, 0x0c, 0x07, 0xf3, 0x00, 0x01,
  0x1c, 0x07, 0xf2, 0x00, 0x00, 0x07, 0xf2, 0x00, 0x00, 0x07, 0xf3, 0x00, 0x01, 0x03, 0xc6, 0xf3, 0x00, 0x01, 0x07, 0xe0, 0xf3, 0x00, 0x01, 0x0f,
  0xe0, 0xf2, 0x00, 0x00, 0x60, 0xe1, 0x00, 0x00, 0x10, 0xf2, 0x00, 0x01, 0x38, 0x04, 0xf3, 0x00, 0x01, 0x78, 0x1f, 0xf3, 0x00, 0x01, 0xf0, 0x3f,
  0xf4, 0x00, 0x03, 0x0f, 0xe0, 0x7f, 0x80, 0xf5, 0x00, 0x03, 0x0f, 0xe0, 0xff, 0x80, 0xf6, 0x00, 0x04, 0x30, 0x0f, 0xc3, 0xff, 0x80, 0xf6, 0x00,
  0x04, 0x70, 0x07, 0x87, 0xff, 0x80, 0xf7, 0x00, 0x05, 0xcf, 0xf0, 0x00, 0x1f, 0xff, 0x80, 0xf8, 0x00, 0x06, 0x01, 0xff, 0xf0, 0x00, 0x3f, 0xff,
  0x80, 0xf7, 0x00, 0x05, 0xff, 0xe0, 0x00, 0x7f, 0xff, 0x80, 0xf7, 0x00, 0x05, 0x3f, 0xc0, 0x00, 0x7f, 0xff, 0x80, 0xf4, 0x00, 0x01, 0x7f, 0xff,
  0xf3, 0x00, 0x01, 0x7f, 0xff, 0xf9, 0x00, 0x01, 0x01, 0xe0, 0xfd, 0x00, 0x01, 0x7f, 0xfe, 0xf9, 0x00, 0x02, 0x03, 0xff, 0xc0, 0xfe, 0x00, 0x01,
  0x7f, 0xfc, 0xf9, 0x00, 0x00, 0x03, 0xfe, 0xff, 0x03, 0x00, 0x00, 0x3f, 0xf8, 0xf9, 0x00, 0x00, 0x03, 0xfe, 0xff, 0x03, 0x00, 0x00, 0x1f, 0xe0,
  0xf9, 0x00, 0x00, 0x01, 0xfe, 0xff, 0x00, 0x80, 0xf6, 0x00, 0x00, 0x01, 0xfe, 0xff, 0x01, 0x80, 0x3c, 0xf7, 0x00, 0x00, 0x01, 0xfe, 0xff, 0x01,
  0x00, 0xfe, 0xf6, 0x00, 0xfe, 0xff, 0x01, 0x01, 0xfe, 0xf6, 0x00, 0x04, 0xff, 0xff, 0xfe, 0x01, 0xfe, 0xf6, 0x00, 0x04, 0x7f, 0xff, 0xfe, 0x01,
  0xfc, 0xf6, 0x00, 0x04, 0x7f, 0xff, 0xfc, 0x01, 0xf0, 0xf6, 0x00, 0x02, 0x3f, 0xff, 0xf8, 0xf4, 0x00, 0x02, 0x1f, 0xff, 0xe0, 0xf4, 0x00, 0x01,
  0x07, 0xff, 0x81, 0x00, 0x81, 0x00, 0x88, 0x00, 0xe8, 0x00, 0x00, 0x30, 0xf2, 0x00, 0x00, 0x38, 0xf3, 0x00, 0x01, 0x06, 0x3e, 0xf3, 0x00, 0x02,
  0x07, 0x1f, 0x80, 0xf4, 0x00, 0x02, 0x03, 0x9f, 0x80, 0xf4, 0x00, 0x01, 0x03, 0x86, 0xf3, 0x00, 0x02, 0x03, 0x80, 0x40, 0xf4, 0x00, 0x02, 0x07,
  0x81, 0xc0, 0xf4, 0x00, 0x02, 0x0f, 0x83, 0xc0, 0xf4, 0x00, 0x02, 0x0f, 0x03, 0xc0, 0xf3, 0x00, 0x01, 0x03, 0x80, 0xf3, 0x00, 0x01, 0xe3, 0x80,
  0xf4, 0x00, 0x02, 0x03, 0xf1, 0x80, 0xf4, 0x00, 0x04, 0x03, 0xf8, 0x00, 0x03, 0x80, 0xf6, 0x00, 0x04, 0x03, 0xf8, 0x00, 0x07, 0xc0, 0xf5, 0x00,
  0x03, 0x18, 0x00, 0x07, 0xc0, 0xf5, 0x00, 0x03, 0x18, 0x00, 0x0f, 0xc0, 0xf4, 0x00, 0x02, 0x18, 0x1f, 0xc0, 0xf4, 0x00, 0x02, 0x38, 0x3f, 0x80,
  0xf4, 0x00, 0x02, 0x78, 0x3f, 0x80, 0xf4, 0x00, 0x01, 0xf0, 0x7f, 0xf4, 0x00, 0x02, 0x0f, 0xf0, 0xfe, 0xf4, 0x00, 0x02, 0x1f, 0xe1, 0xfc, 0xf4,
  0x00, 0x02, 0x0f, 0xc3, 0xfc, 0xf4, 0x00, 0x02, 0x07, 0x87, 0xf8, 0xf7, 0x00, 0x05, 0x03, 0x00, 0x70, 0x00, 0x0f, 0xf0, 0xf7, 0x00, 0x05, 0x03,
  0xe0, 0xf0, 0x00, 0x1f, 0xe0, 0xf7, 0x00, 0x06, 0x03, 0xff, 0xf0, 0x00, 0x3f, 0xc3, 0x80, 0xf7, 0x00, 0x05, 0x7f, 0xe0, 0x00, 0x7f, 0xff, 0xc0,
  0xf7, 0x00, 0x05, 0x3f, 0xc0, 0x00, 0x7f, 0xff, 0xe0, 0xf7, 0x00, 0x05, 0x03, 0x80, 0x00, 0xff, 0xff, 0xc0, 0xfa, 0x00, 0x01, 0x03, 0xc0, 0xfd,
  0x00, 0x02, 0x7f, 0xff, 0xc0, 0xfa, 0x00, 0x07, 0x03, 0xff, 0x80, 0x00, 0x00, 0x04, 0x0f, 0xf8, 0xf9, 0x00, 0x05, 0x07, 0xff, 0xff, 0x00, 0x06,
  0x0e, 0xf7, 0x00, 0x00, 0x03, 0xfe, 0xff, 0x01, 0x0f, 0x0e, 0xf7, 0x00, 0x00, 0x03, 0xfe, 0xff, 0x01, 0x07, 0x9e, 0xf6, 0x00, 0xfe, 0xff, 0x01,
  0x03, 0xfe, 0xf6, 0x00, 0x04, 0x1f, 0xff, 0xff, 0x01, 0xff, 0xf6, 0x00, 0x05, 0x01, 0xff, 0xfe, 0x01, 0xe7, 0x80, 0xf6, 0x00, 0x04, 0xff, 0xf8,
  0x01, 0xe7, 0xc0, 0xf7, 0x00, 0x05, 0x07, 0xff, 0xf0, 0x01, 0xe3, 0xe0, 0xf7, 0x00, 0x05, 0x1f, 0xff, 0xc0, 0x01, 0xe1, 0xf0, 0xf7, 0x00, 0x05,
  0x3f, 0xff, 0x80, 0x01, 0xe0, 0x78, 0xf7, 0x00, 0x04, 0x7f, 0xfc, 0x00, 0x01, 0xc0, 0xf6, 0x00, 0x04, 0x3f, 0xf0, 0x00, 0x03, 0xc0, 0xf6, 0x00,
  0x04, 0x3f, 0x00, 0x00, 0x07, 0x80, 0xf3, 0x00, 0x01, 0x07, 0x80, 0xf3, 0x00, 0x00, 0x06, 0x81, 0x00, 0x8a, 0x00, 0xe8, 0x00, 0x00, 0x20, 0xf2,
  0x00, 0x00, 0x38, 0xf3, 0x00, 0x01, 0x04, 0x3c, 0xf3, 0x00, 0x02, 0x07, 0x3f, 0x80, 0xf4, 0x00, 0x02, 0x07, 0x9f, 0xc0, 0xf4, 0x00, 0x02, 0x03,
  0x8f, 0x80, 0xf4, 0x00, 0x02, 0x03, 0x87, 0x80, 0xf4, 0x00, 0x02, 0x03, 0xc1, 0xc0, 0xf4, 0x00, 0x02, 0x07, 0xc1, 0xe0, 0xf4, 0x00, 0x02, 0x0f,
  0x83, 0xc0, 0xf4, 0x00, 0x02, 0x0f, 0x83, 0xc0, 0xf4, 0x00, 0x02, 0x0e, 0x03, 0xc0, 0xf4, 0x00, 0x02, 0x01, 0xf3, 0x80, 0xf4, 0x00, 0x04, 0x03,
  0xf9, 0x80, 0x01, 0x80, 0xf6, 0x00, 0x04, 0x03, 0xf9, 0x80, 0x03, 0xc0, 0xf6, 0x00, 0x04, 0x03, 0xf8, 0x00, 0x07, 0xc0, 0xf5, 0x00, 0x03, 0x1c,
  0x00, 0x07, 0xc0, 0xf5, 0x00, 0x03, 0x18, 0x00, 0x0f, 0xc0, 0xf4, 0x00, 0x02, 0x18, 0x1f, 0xc0, 0xf4, 0x00, 0x02, 0x38, 0x3f, 0x80, 0xf4, 0x00,
  0x02, 0xf8, 0x3f, 0x80, 0xf5, 0x00, 0x02, 0x01, 0xf0, 0x7f, 0xf4, 0x00, 0x02, 0x0f, 0xf0, 0xfe, 0xf4, 0x00, 0x02, 0x0f, 0xe1, 0xfc, 0xf4, 0x00,
  0x02, 0x1f, 0xe3, 0xf8, 0xf5, 0x00, 0x03, 0x60, 0x0f, 0xc7, 0xf0, 0xf7, 0x00, 0x05, 0x03, 0xc0, 0xf0, 0x07, 0x8f, 0xf0, 0xf7, 0x00, 0x05, 0x07,
  0xff, 0xf0, 0x00, 0x1f, 0xe0, 0xf7, 0x00, 0x06, 0x07, 0xff, 0xe0, 0x00, 0x3f, 0xdf, 0xc0, 0xf8, 0x00, 0x06, 0x01, 0xff, 0xe0, 0x00, 0x7f, 0xff,
  0xe0, 0xf7, 0x00, 0x05, 0xff, 0xc0, 0x00, 0x7f, 0xff, 0xe0, 0xf7, 0x00, 0x05, 0x1f, 0x80, 0x00, 0x7f, 0xff, 0xe0, 0xfa, 0x00, 0x01, 0x03, 0xf0,
  0xfe, 0x00, 0x03, 0x06, 0x7f, 0xff, 0xc0, 0xfa, 0x00, 0x07, 0x07, 0xff, 0xe0, 0x00, 0x1e, 0x0e, 0x0f, 0xfc, 0xf9, 0x00, 0x05, 0x0f, 0xff, 0xff,
  0xfe, 0x0f, 0x0e, 0xf7, 0x00, 0x00, 0x0f, 0xfe, 0xff, 0x01, 0x8f, 0x8e, 0xf7, 0x00, 0x00, 0x0f, 0xfe, 0xff, 0x01, 0x87, 0xfe, 0xf7, 0x00, 0x00,
  0x07, 0xfe, 0xff, 0x01, 0x83, 0xff, 0xf7, 0x00, 0x00, 0x03, 0xfe, 0xff, 0x02, 0x03, 0xff, 0x80, 0xf7, 0x00, 0x05, 0x1f, 0xff, 0xfe, 0x01, 0xff,
  0xc0, 0xf7, 0x00, 0x05, 0x01, 0xff, 0xfc, 0x01, 0xe3, 0xe0, 0xf7, 0x00, 0x05, 0x0f, 0xff, 0xf8, 0x01, 0xe1, 0xf0, 0xf7, 0x00, 0x05, 0x3f, 0xff,
  0xe0, 0x01, 0xe0, 0xfc, 0xf7, 0x00, 0x05, 0x3f, 0xff, 0x80, 0x03, 0xc0, 0x7e, 0xf7, 0x00, 0x04, 0x3f, 0xfe, 0x00, 0x03, 0xc0, 0xf6, 0x00, 0x04,
  0x3f, 0xf8, 0x00, 0x07, 0xc0, 0xf6, 0x00, 0x04, 0x3f, 0xe0, 0x00, 0x0f, 0x80, 0xf6, 0x00, 0x03, 0x1f, 0x80, 0x00, 0x3f, 0xf2, 0x00, 0x00, 0x7e,
  0x81, 0x00, 0x9a, 0x00, 0xd8, 0x00, 0x00, 0x30, 0xf2, 0x00, 0x00, 0x38, 0xf3, 0x00, 0x02, 0x06, 0x3f, 0xc0, 0xf4, 0x00, 0x02, 0x07, 0x1f, 0xc0,
  0xf4, 0x00, 0x02, 0x03, 0x9f, 0x80, 0xf4, 0x00, 0x02, 0x03, 0x87, 0x80, 0xf4, 0x00, 0x02, 0x03, 0xc0, 0xc0, 0xf4, 0x00, 0x02, 0x07, 0xc1, 0xe0,
  0xf4, 0x00, 0x02, 0x07, 0x83, 0xe0, 0xf4, 0x00, 0x02, 0x0f, 0x83, 0xc0, 0xf4, 0x00, 0x02, 0x1f, 0x03, 0xc0, 0xf3, 0x00, 0x01, 0xe3, 0xc0, 0xf4,
  0x00, 0x02, 0x01, 0xf3, 0x80, 0xf4, 0x00, 0x04, 0x03, 0xf9, 0x80, 0x01, 0xc0, 0xf6, 0x00, 0x04, 0x03, 0xf8, 0x00, 0x03, 0xe0, 0xf5, 0x00, 0x03,
  0x3c, 0x00, 0x07, 0xe0, 0xf5, 0x00, 0x03, 0x1c, 0x00, 0x07, 0xc0, 0xf5, 0x00, 0x03, 0x18, 0x10, 0x0f, 0xc0, 0xf4, 0x00, 0x02, 0x38, 0x1f, 0x80,
  0xf4, 0x00, 0x02, 0x78, 0x3f, 0x80, 0xf4, 0x00, 0x01, 0xf0, 0x3f, 0xf4, 0x00, 0x02, 0x01, 0xf0, 0x7e, 0xf4, 0x00, 0x02, 0x0f, 0xe0, 0xfc, 0xf4,
  0x00, 0x02, 0x1f, 0xe1, 0xf8, 0xf4, 0x00, 0x02, 0x1f, 0xc3, 0xf8, 0xf5, 0x00, 0x03, 0x70, 0x0f, 0x87, 0xf0, 0xf7, 0x00, 0x05, 0x07, 0x00, 0xf0,
  0x03, 0x0f, 0xe0, 0xf7, 0x00, 0x06, 0x07, 0xff, 0xe0, 0x00, 0x1f, 0xc1, 0x80, 0xf8, 0x00, 0x06, 0x03, 0xff, 0xe0, 0x00, 0x3f, 0xff, 0xe0, 0xf7,
  0x00, 0x05, 0xff, 0xc0, 0x00, 0x7f, 0xff, 0xe0, 0xf7, 0x00, 0x05, 0x3f, 0x80, 0x04, 0x7f, 0xff, 0xe0, 0xf5, 0x00, 0x03, 0x06, 0x7f, 0xff, 0xc0,
  0xfa, 0x00, 0x00, 0x06, 0xfe, 0x00, 0x03, 0x1c, 0x06, 0x3f, 0xff, 0xf9, 0x00, 0x05, 0x0f, 0xff, 0x80, 0x00, 0x1e, 0x0e, 0xf7, 0x00, 0x00, 0x1f,
  0xfe, 0xff, 0x01, 0x8f, 0x0e, 0xf7, 0x00, 0x00, 0x0f, 0xfe, 0xff, 0x01, 0xc7, 0x8e, 0xf7, 0x00, 0x00, 0x0f, 0xfe, 0xff, 0x01, 0x83, 0xff, 0xf7,
  0x00, 0x00, 0x07, 0xfe, 0xff, 0x01, 0x03, 0xff, 0xf6, 0x00, 0x05, 0x3f, 0xff, 0xfe, 0x01, 0xff, 0x80, 0xf6, 0x00, 0x04, 0x07, 0xfc, 0x01, 0xe3,
  0xc0, 0xf6, 0x00, 0x04, 0x1f, 0xf8, 0x01, 0xe1, 0xf0, 0xf6, 0x00, 0x04, 0x7f, 0xe0, 0x01, 0xe0, 0xfc, 0xf7, 0x00, 0x05, 0x03, 0xff, 0xc0, 0x03,
  0xc0, 0x7e, 0xf7, 0x00, 0x04, 0x1f, 0xff, 0x00, 0x03, 0xc0, 0xf6, 0x00, 0x04, 0x3f, 0xfc, 0x00, 0x07, 0xc0, 0xf6, 0x00, 0x04, 0x3f, 0xf0, 0x00,
  0x0f, 0x80, 0xf6, 0x00, 0x03, 0x3f, 0x80, 0x00, 0x3f, 0xf5, 0x00, 0x03, 0x0c, 0x00, 0x00, 0x7e, 0xf2, 0x00, 0x00, 0xf8, 0x81, 0x00, 0xaa, 0x00,
  0xd8, 0x00, 0x00, 0x30, 0xf2, 0x00, 0x00, 0x38, 0xf3, 0x00, 0x02, 0x06, 0x3f, 0xc0, 0xf4, 0x00, 0x02, 0x07, 0x1f, 0xc0, 0xf4, 0x00, 0x02, 0x03,
  0x9f, 0x80, 0xf4, 0x00, 0x02, 0x03, 0x8f, 0x80, 0xf4, 0x00, 0x02, 0x03, 0xc0, 0x40, 0xf4, 0x00, 0x02, 0x07, 0xc1, 0xe0, 0xf4, 0x00, 0x02, 0x07,
  0xc1, 0xe0, 0xf4, 0x00, 0x02, 0x0f, 0x83, 0xc0, 0xf4, 0x00, 0x02, 0x0e, 0x03, 0xc0, 0xf3, 0x00, 0x01, 0xe3, 0x80, 0xf4, 0x00, 0x02, 0x01, 0xf3,
  0x80, 0xf4, 0x00, 0x04, 0x03, 0xf9, 0x80, 0x01, 0xc0, 0xf6, 0x00, 0x04, 0x03, 0xf8, 0x00, 0x03, 0xe0, 0xf5, 0x00, 0x03, 0x3c, 0x00, 0x07, 0xe0,
  0xf5, 0x00, 0x03, 0x1c, 0x00, 0x07, 0xc0, 0xf5, 0x00, 0x03, 0x18, 0x10, 0x0f, 0xc0, 0xf4, 0x00, 0x02, 0x38, 0x1f, 0x80, 0xf4, 0x00, 0x02, 0x78,
  0x3f, 0x80, 0xf4, 0x00, 0x01, 0xf0, 0x3f, 0xf3, 0x00, 0x01, 0xf0, 0x7e, 0xf4, 0x00, 0x02, 0x0f, 0xe0, 0xfc, 0xf4, 0x00, 0x02, 0x1f, 0xe1, 0xf8,
  0xf4, 0x00, 0x02, 0x1f, 0xc3, 0xf8, 0xf5, 0x00, 0x03, 0x70, 0x0f, 0x87, 0xf0, 0xf7, 0x00, 0x05, 0x07, 0x00, 0xf0, 0x02, 0x0f, 0xe0, 0xf7, 0x00,
  0x05, 0x07, 0xff, 0xe0, 0x00, 0x1f, 0xc0, 0xf7, 0x00, 0x06, 0x03, 0xff, 0xe0, 0x00, 0x3f, 0xff, 0xe0, 0xf7, 0x00, 0x05, 0xff, 0xc0, 0x00, 0x7f,
  0xff, 0xe0, 0xf7, 0x00, 0x05, 0x3f, 0x80, 0x04, 0x7f, 0xff, 0xe0, 0xf5, 0x00, 0x03, 0x06, 0x7f, 0xff, 0xc0, 0xfa, 0x00, 0x00, 0x06, 0xfe, 0x00,
  0x03, 0x1c, 0x06, 0x3f, 0xff, 0xf9, 0x00, 0x05, 0x0f, 0xff, 0xc0, 0x00, 0x1e, 0x0e, 0xf7, 0x00, 0x00, 0x0f, 0xfe, 0xff, 0x01, 0x8f, 0x8e, 0xf7,
  0x00, 0x00, 0x0f, 0xfe, 0xff, 0x01, 0x87, 0xce, 0xf7, 0x00, 0x00, 0x07, 0xfe, 0xff, 0x01, 0x83, 0xff, 0xf7, 0x00, 0x00, 0x03, 0xfe, 0xff, 0x01,
  0x03, 0xff, 0xf6, 0x00, 0x05, 0x3f, 0xff, 0xfe, 0x01, 0xff, 0x80, 0xf6, 0x00, 0x04, 0x0f, 0xfc, 0x01, 0xe3, 0xc0, 0xf6, 0x00, 0x04, 0x1f, 0xf8,
  0x01, 0xe1, 0xf0, 0xf6, 0x00, 0x04, 0xff, 0xe0, 0x01, 0xe0, 0xfc, 0xf7, 0x00, 0x05, 0x07, 0xff, 0xc0, 0x03, 0xe0, 0x7e, 0xf7, 0x00, 0x05, 0x1f,
  0xff, 0x00, 0x03, 0xc0, 0x04, 0xf7, 0x00, 0x04, 0x3f, 0xfc, 0x00, 0x07, 0xc0, 0xf6, 0x00, 0x04, 0x3f, 0xf0, 0x00, 0x0f, 0x80, 0xf6, 0x00, 0x03,
  0x1f, 0x80, 0x00, 0x3f, 0xf5, 0x00, 0x03, 0x0c, 0x00, 0x00, 0x7e, 0x81, 0x00, 0x9a, 0x00, 0xd8, 0x00, 0x00, 0x30, 0xf2, 0x00, 0x00, 0x38, 0xf3,
  0x00, 0x02, 0x06, 0x3f, 0xc0, 0xf4, 0x00, 0x02, 0x07, 0x1f, 0xc0, 0xf4, 0x00, 0x02, 0x03, 0x9f, 0x80, 0xf4, 0x00, 0x02, 0x03, 0x8f, 0x80, 0xf4,
  0x00, 0x02, 0x03, 0xc0, 0xc0, 0xf4, 0x00, 0x02, 0x07, 0xc1, 0xe0, 0xf4, 0x00, 0x02, 0x07, 0xc1, 0xe0, 0xf4, 0x00, 0x02, 0x0f, 0x83, 0xc0, 0xf4,
  0x00, 0x02, 0x0e, 0x03, 0xc0, 0xf3, 0x00, 0x01, 0xe3, 0xc0, 0xf4, 0x00, 0x02, 0x01, 0xf3, 0x80, 0xf4, 0x00, 0x04, 0x03, 0xf9, 0x80, 0x01, 0xc0,
  0xf6, 0x00, 0x04, 0x03, 0xf8, 0x00, 0x03, 0xe0, 0xf5, 0x00, 0x03, 0x1c, 0x00, 0x07, 0xe0, 0xf5, 0x00, 0x03, 0x1c, 0x00, 0x07, 0xc0, 0xf5, 0x00,
  0x03, 0x18, 0x10, 0x0f, 0xc0, 0xf4, 0x00, 0x02, 0x38, 0x1f, 0x80, 0xf4, 0x00, 0x02, 0x78, 0x3f, 0x80, 0xf4, 0x00, 0x01, 0x70, 0x7f, 0xf3, 0x00,
  0x01, 0xf0, 0x7e, 0xf4, 0x00, 0x02, 0x0f, 0xe0, 0xfc, 0xf4, 0x00, 0x02, 0x1f, 0xe1, 0xf8, 0xf4, 0x00, 0x02, 0x1f, 0xc3, 0xf8, 0xf5, 0x00, 0x03,
  0x70, 0x0f, 0x87, 0xf0, 0xf7, 0x00, 0x05, 0x07, 0x00, 0xf0, 0x02, 0x0f, 0xe0, 0xf7, 0x00, 0x05, 0x07, 0xff, 0xe0, 0x00, 0x1f, 0xc0, 0xf7, 0x00,
  0x06, 0x03, 0xff, 0xe0, 0x00, 0x3f, 0xff, 0xe0, 0xf7, 0x00, 0x05, 0xff, 0xc0, 0x00, 0x7f, 0xff, 0xe0, 0xf7, 0x00, 0x05, 0x3f, 0x80, 0x04, 0x7f,
  0xff, 0xe0, 0xf5, 0x00, 0x03, 0x06, 0x7f, 0xff, 0xc0, 0xfa, 0x00, 0x00, 0x06, 0xfe, 0x00, 0x03, 0x1c, 0x06, 0x3f, 0xff, 0xf9, 0x00, 0x05, 0x0f,
  0xff, 0xc0, 0x00, 0x1e, 0x0e, 0xf7, 0x00, 0x00, 0x0f, 0xfe, 0xff, 0x01, 0x8f, 0x8e, 0xf7, 0x00, 0x00, 0x0f, 0xfe, 0xff, 0x01, 0x87, 0x8e, 0xf7,
  0x00, 0x00, 0x07, 0xfe, 0xff, 0x01, 0x83, 0xff, 0xf7, 0x00, 0x00, 0x03, 0xfe, 0xff, 0x01, 0x03, 0xff, 0xf6, 0x00, 0x05, 0x1f, 0xff, 0xfe, 0x01,
  0xff, 0x80, 0xf6, 0x00, 0x04, 0x07, 0xfc, 0x01, 0xe3, 0xc0, 0xf6, 0x00, 0x04, 0x1f, 0xf8, 0x01, 0xe1, 0xf0, 0xf6, 0x00, 0x04, 0x7f, 0xe0, 0x01,
  0xe0, 0xfc, 0xf7, 0x00, 0x05, 0x07, 0xff, 0x80, 0x03, 0xc0, 0x7e, 0xf7, 0x00, 0x04, 0x1f, 0xff, 0x00, 0x03, 0xc0, 0xf6, 0x00, 0x04, 0x3f, 0xf8,
  0x00, 0x07, 0xc0, 0xf6, 0x00, 0x04, 0x3f, 0xe0, 0x00, 0x0f, 0x80, 0xf6, 0x00, 0x03, 0x1f, 0x80, 0x00, 0x3f, 0xf2, 0x00, 0x00, 0x7e, 0x81, 0x00,
  0x9a, 0x00, 0xd8, 0x00, 0x00, 0x10, 0xf2, 0x00, 0x00, 0x38, 0xf3, 0x00, 0x02, 0x06, 0x3f, 0xc0, 0xf4, 0x00, 0x02, 0x07, 0x1f, 0xc0, 0xf4, 0x00,
  0x02, 0x07, 0x9f, 0xc0, 0xf4, 0x00, 0x02, 0x03, 0x8f, 0x80, 0xf4, 0x00, 0x02, 0x03, 0xc0, 0x40, 0xf4, 0x00, 0x02, 0x03, 0xc0, 0xe0, 0xf4, 0x00,
  0x02, 0x07, 0xc1, 0xe0, 0xf4, 0x00, 0x02, 0x0f, 0x83, 0xc0, 0xf4, 0x00, 0x02, 0x1f, 0x03, 0xc0, 0xf3, 0x00, 0x01, 0x63, 0xc0, 0xf4, 0x00, 0x02,
  0x01, 0xf3, 0xc0, 0xf4, 0x00, 0x04, 0x03, 0xf9, 0x80, 0x01, 0xc0, 0xf6, 0x00, 0x04, 0x03, 0xf9, 0x80, 0x03, 0xe0, 0xf5, 0x00, 0x03, 0x3c, 0x00,
  0x07, 0xe0, 0xf5, 0x00, 0x03, 0x1c, 0x00, 0x07, 0xe0, 0xf5, 0x00, 0x03, 0x18, 0x00, 0x0f, 0xc0, 0xf4, 0x00, 0x02, 0x38, 0x1f, 0xc0, 0xf4, 0x00,
  0x02, 0x78, 0x1f, 0x80, 0xf4, 0x00, 0x01, 0x70, 0x3f, 0xf3, 0x00, 0x01, 0xf0, 0x7e, 0xf4, 0x00, 0x02, 0x01, 0xe0, 0xfc, 0xf4, 0x00, 0x02, 0x1f,
  0xe1, 0xfc, 0xf4, 0x00, 0x02, 0x1f, 0xc3, 0xf8, 0xf5, 0x00, 0x03, 0x60, 0x0f, 0xc7, 0xf0, 0xf7, 0x00, 0x05, 0x06, 0x00, 0xe0, 0x07, 0x07, 0xe0,
  0xf7, 0x00, 0x05, 0x07, 0xff, 0xe0, 0x00, 0x1f, 0xc0, 0xf7, 0x00, 0x06, 0x03, 0xff, 0xe0, 0x00, 0x3f, 0xdf, 0xe0, 0xf8, 0x00, 0x06, 0x01, 0xff,
  0xc0, 0x00, 0x7f, 0xff, 0xe0, 0xf7, 0x00, 0x05, 0x3f, 0x80, 0x04, 0x7f, 0xff, 0xe0, 0xf5, 0x00, 0x03, 0x06, 0x7f, 0xff, 0xc0, 0xf6, 0x00, 0x03,
  0x1c, 0x06, 0x3f, 0xff, 0xf9, 0x00, 0x06, 0x1f, 0xfe, 0x00, 0x00, 0x1e, 0x0e, 0x01, 0xf8, 0x00, 0x00, 0x1f, 0xfe, 0xff, 0x01, 0x8f, 0x0e, 0xf7,
  0x00, 0x00, 0x1f, 0xfe, 0xff, 0x01, 0xc7, 0x8e, 0xf7, 0x00, 0x00, 0x0f, 0xfe, 0xff, 0x01, 0xc3, 0xff, 0xf7, 0x00, 0x00, 0x0f, 0xfe, 0xff, 0x01,
  0x83, 0xff, 0xf7, 0x00, 0x00, 0x01, 0xfe, 0xff, 0x02, 0x03, 0xff, 0x80, 0xf6, 0x00, 0x04, 0x07, 0xfe, 0x01, 0xe7, 0xc0, 0xf6, 0x00, 0x04, 0x1f,
  0xf8, 0x01, 0xe3, 0xf0, 0xf6, 0x00, 0x04, 0x7f, 0xf0, 0x01, 0xe1, 0xfc, 0xf7, 0x00, 0x05, 0x07, 0xff, 0xc0, 0x03, 0xc0, 0x7f, 0xf7, 0x00, 0x05,
  0x1f, 0xff, 0x80, 0x03, 0xc0, 0x02, 0xf7, 0x00, 0x04, 0x7f, 0xfc, 0x00, 0x07, 0xc0, 0xf6, 0x00, 0x04, 0x7f, 0xf8, 0x00, 0x0f, 0x80, 0xf6, 0x00,
  0x03, 0x7f, 0xc0, 0x00, 0x3f, 0xf5, 0x00, 0x03, 0x1e, 0x00, 0x00, 0xfe, 0xf2, 0x00, 0x00, 0xf8, 0x81, 0x00, 0xaa, 0x00, 0xd8, 0x00, 0x00, 0x10,
  0xf2, 0x00, 0x00, 0x38, 0xf3, 0x00, 0x02, 0x06, 0x3f, 0xc0, 0xf4, 0x00, 0x02, 0x07, 0x1f, 0xc0, 0xf4, 0x00, 0x02, 0x07, 0x9f, 0xc0, 0xf4, 0x00,
  0x02, 0x03, 0x8f, 0x80, 0xf4, 0x00, 0x02, 0x03, 0xc0, 0x40, 0xf4, 0x00, 0x02, 0x03, 0xc0, 0xe0, 0xf4, 0x00, 0x02, 0x07, 0xc1, 0xe0, 0xf4, 0x00,
  0x02, 0x0f, 0x83, 0xe0, 0xf4, 0x00, 0x02, 0x1f, 0x03, 0xc0, 0xf4, 0x00, 0x02, 0x0c, 0x63, 0xc0, 0xf4, 0x00, 0x02, 0x01, 0xf3, 0xc0, 0xf4, 0x00,
  0x04, 0x03, 0xf9, 0xc0, 0x01, 0xc0, 0xf6, 0x00, 0x04, 0x03, 0xf9, 0x80, 0x03, 0xe0, 0xf6, 0x00, 0x04, 0x02, 0x3c, 0x00, 0x03, 0xe0, 0xf5, 0x00,
  0x03, 0x1c, 0x00, 0x07, 0xe0, 0xf5, 0x00, 0x03, 0x18, 0x00, 0x0f, 0xc0, 0xf4, 0x00, 0x02, 0x18, 0x0f, 0xc0, 0xf4, 0x00, 0x02, 0x38, 0x1f, 0x80,
  0xf4, 0x00, 0x01, 0x70, 0x3f, 0xf3, 0x00, 0x01, 0xf0, 0x7e, 0xf4, 0x00, 0x02, 0x01, 0xe0, 0xfe, 0xf4, 0x00, 0x02, 0x1f, 0xe1, 0xfc, 0xf4, 0x00,
  0x02, 0x1f, 0xe3, 0xf8, 0xf5, 0x00, 0x03, 0x60, 0x0f, 0xc7, 0xf0, 0xf7, 0x00, 0x05, 0x06, 0x00, 0xe0, 0x07, 0x87, 0xe0, 0xf7, 0x00, 0x05, 0x07,
  0xff, 0xe0, 0x00, 0x1f, 0xc0, 0xf7, 0x00, 0x06, 0x03, 0xff, 0xe0, 0x00, 0x3f, 0xcf, 0xe0, 0xf8, 0x00, 0x06, 0x01, 0xff, 0xc0, 0x00, 0x3f, 0xff,
  0xe0, 0xf7, 0x00, 0x05, 0x3f, 0x80, 0x06, 0x7f, 0xff, 0xe0, 0xf5, 0x00, 0x03, 0x06, 0x7f, 0xff, 0xe0, 0xf6, 0x00, 0x03, 0x1c, 0x06, 0x3f, 0xff,
  0xf9, 0x00, 0x07, 0x1f, 0xf0, 0x00, 0x00, 0x1e, 0x0e, 0x03, 0x60, 0xf9, 0x00, 0x00, 0x1f, 0xfe, 0xff, 0x01, 0x8f, 0x0e, 0xf7, 0x00, 0x00, 0x1f,
  0xfe, 0xff, 0x01, 0xc7, 0x8e, 0xf7, 0x00, 0x00, 0x1f, 0xfe, 0xff, 0x01, 0xc3, 0xcf, 0xf7, 0x00, 0x00, 0x0f, 0xfe, 0xff, 0x01, 0x83, 0xff, 0xf7,
  0x00, 0x00, 0x01, 0xfe, 0xff, 0x02, 0x01, 0xff, 0x80, 0xf6, 0x00, 0x04, 0x07, 0xfe, 0x01, 0xf7, 0xc0, 0xf6, 0x00, 0x04, 0x1f, 0xf8, 0x01, 0xe3,
  0xe0, 0xf6, 0x00, 0x04, 0x7f, 0xf0, 0x01, 0xe1, 0xfc, 0xf7, 0x00, 0x05, 0x03, 0xff, 0xc0, 0x03, 0xc0, 0x7f, 0xf7, 0x00, 0x05, 0x1f, 0xff, 0x00,
  0x03, 0xc0, 0x07, 0xf7, 0x00, 0x04, 0x7f, 0xfc, 0x00, 0x07, 0xc0, 0xf6, 0x00, 0x04, 0x7f, 0xf8, 0x00, 0x0f, 0x80, 0xf6, 0x00, 0x03, 0x7f, 0xc0,
  0x00, 0x1f, 0xf5, 0x00, 0x03, 0x3e, 0x00, 0x00, 0xfe, 0xf3, 0x00, 0x01, 0x01, 0xf8, 0x81, 0x00, 0xaa, 0x00, 0xd8, 0x00, 0x00, 0x10, 0xf2, 0x00,
  0x00, 0x38, 0xf3, 0x00, 0x02, 0x06, 0x3f, 0xc0, 0xf4, 0x00, 0x02, 0x07, 0x1f, 0xc0, 0xf4, 0x00, 0x02, 0x07, 0x9f, 0xc0, 0xf4, 0x00, 0x02, 0x03,
  0x8f, 0x80, 0xf4, 0x00, 0x02, 0x03, 0xc0, 0x40, 0xf4, 0x00, 0x02, 0x03, 0xc0, 0xe0, 0xf4, 0x00, 0x02, 0x07, 0xc1, 0xe0, 0xf4, 0x00, 0x02, 0x0f,
  0x83, 0xc0, 0xf4, 0x00, 0x02, 0x1f, 0x03, 0xc0, 0xf4, 0x00, 0x02, 0x0c, 0x63, 0xc0, 0xf4, 0x00, 0x02, 0x01, 0xf3, 0xc0, 0xf4, 0x00, 0x04, 0x03,
  0xf9, 0xc0, 0x01, 0xc0, 0xf6, 0x00, 0x04, 0x03, 0xf9, 0x80, 0x03, 0xe0, 0xf6, 0x00, 0x04, 0x02, 0x38, 0x00, 0x03, 0xe0, 0xf5, 0x00, 0x03, 0x1c,
  0x00, 0x07, 0xe0, 0xf5, 0x00, 0x03, 0x18, 0x00, 0x0f, 0xc0, 0xf4, 0x00, 0x02, 0x18, 0x0f, 0xc0, 0xf4, 0x00, 0x02, 0x38, 0x1f, 0x80, 0xf4, 0x00,
  0x01, 0x70, 0x3f, 0xf3, 0x00, 0x01, 0xf0, 0x7e, 0xf4, 0x00, 0x02, 0x01, 0xe0, 0xfe, 0xf4, 0x00, 0x02, 0x1f, 0xe1, 0xfc, 0xf4, 0x00, 0x02, 0x1f,
  0xe3, 0xf8, 0xf5, 0x00, 0x03, 0x60, 0x0f, 0xc3, 0xf0, 0xf7, 0x00, 0x05, 0x06, 0x00, 0x60, 0x07, 0x87, 0xe0, 0xf7, 0x00, 0x05, 0x07, 0xfd, 0xe0,
  0x00, 0x1f, 0xc0, 0xf7, 0x00, 0x06, 0x03, 0xff, 0xe0, 0x00, 0x3f, 0xcf, 0xe0, 0xf8, 0x00, 0x06, 0x01, 0xff, 0xe0, 0x00, 0x3f, 0xff, 0xe0, 0xf7,
  0x00, 0x05, 0x3f, 0xc0, 0x06, 0x7f, 0xff, 0xe0, 0xf5, 0x00, 0x03, 0x06, 0x7f, 0xff, 0xe0, 0xf6, 0x00, 0x03, 0x1c, 0x06, 0x3f, 0xff, 0xf9, 0x00,
  0x07, 0x1f, 0xf8, 0x00, 0x00, 0x1e, 0x0e, 0x03, 0xe0, 0xf9, 0x00, 0x00, 0x1f, 0xfe, 0xff, 0x01, 0x8f, 0x0e, 0xf7, 0x00, 0x00, 0x1f, 0xfe, 0xff,
  0x01, 0xc7, 0x8e, 0xf7, 0x00, 0x00, 0x0f, 0xfe, 0xff, 0x01, 0xc3, 0xdf, 0xf7, 0x00, 0x00, 0x0f, 0xfe, 0xff, 0x01, 0x83, 0xff, 0xf7, 0x00, 0x00,
  0x01, 0xfe, 0xff, 0x02, 0x03, 0xff, 0x80, 0xf6, 0x00, 0x04, 0x07, 0xfe, 0x01, 0xf7, 0xc0, 0xf6, 0x00, 0x04, 0x1f, 0xf8, 0x01, 0xe3, 0xe0, 0xf6,
  0x00, 0x04, 0x7f, 0xf0, 0x01, 0xe1, 0xfc, 0xf7, 0x00, 0x05, 0x03, 0xff, 0xc0, 0x03, 0xc0, 0x7f, 0xf7, 0x00, 0x05, 0x1f, 0xff, 0x80, 0x03, 0xc0,
  0x07, 0xf7, 0x00, 0x04, 0x3f, 0xfc, 0x00, 0x07, 0xc0, 0xf6, 0x00, 0x04, 0x7f, 0xf8, 0x00, 0x07, 0x80, 0xf6, 0x00, 0x04, 0x7f, 0xc0, 0x00, 0x1f,
  0x80, 0xf6, 0x00, 0x03, 0x3e, 0x00, 0x00, 0xfe, 0xf2, 0x00, 0x00, 0xf8, 0x81, 0x00, 0xaa, 0x00, 0xd8, 0x00, 0x00, 0x10, 0xf2, 0x00, 0x00, 0x38,
  0xf3, 0x00, 0x02, 0x06, 0x3f, 0xc0, 0xf4, 0x00, 0x02, 0x07, 0x1f, 0xc0, 0xf4, 0x00, 0x02, 0x07, 0x9f, 0xc0, 0xf4, 0x00, 0x02, 0x03, 0x8f, 0x80,
  0xf4, 0x00, 0x02, 0x03, 0xc0, 0x40, 0xf4, 0x00, 0x02, 0x03, 0xc0, 0xe0, 0xf4, 0x00, 0x02, 0x07, 0xc1, 0xe0, 0xf4, 0x00, 0x02, 0x0f, 0x83, 0xe0,
  0xf4, 0x00, 0x02, 0x1f, 0x03, 0xc0, 0xf4, 0x00, 0x02, 0x1c, 0x63, 0xc0, 0xf4, 0x00, 0x02, 0x01, 0xf3, 0xc0, 0xf4, 0x00, 0x04, 0x03, 0xf9, 0xc0,
  0x01, 0xc0, 0xf6, 0x00, 0x04, 0x03, 0xf9, 0x80, 0x03, 0xe0, 0xf6, 0x00, 0x04, 0x03, 0x3c, 0x00, 0x03, 0xe0, 0xf5, 0x00, 0x03, 0x1c, 0x00, 0x07,
  0xe0, 0xf5, 0x00, 0x03, 0x18, 0x00, 0x0f, 0xc0, 0xf4, 0x00, 0x02, 0x18, 0x0f, 0xc0, 0xf4, 0x00, 0x02, 0x38, 0x1f, 0x80, 0xf4, 0x00, 0x01, 0x70,
  0x3f, 0xf3, 0x00, 0x01, 0xf0, 0x7e, 0xf4, 0x00, 0x02, 0x01, 0xe0, 0xfe, 0xf4, 0x00, 0x02, 0x1f, 0xe1, 0xfc, 0xf4, 0x00, 0x02, 0x1f, 0xe3, 0xf8,
  0xf5, 0x00, 0x03, 0x60, 0x0f, 0xc7, 0xf0, 0xf7, 0x00, 0x05, 0x06, 0x00, 0x60, 0x07, 0x87, 0xe0, 0xf7, 0x00, 0x05, 0x07, 0xf9, 0xe0, 0x00, 0x1f,
  0xc0, 0xf7, 0x00, 0x06, 0x03, 0xff, 0xe0, 0x00, 0x3f, 0xcf, 0xc0, 0xf8, 0x00, 0x06, 0x01, 0xff, 0xe0, 0x00, 0x3f, 0xff, 0xe0, 0xf7, 0x00, 0x05,
  0x3f, 0xc0, 0x06, 0x7f, 0xff, 0xe0, 0xf5, 0x00, 0x03, 0x06, 0x7f, 0xff, 0xe0, 0xf6, 0x00, 0x04, 0x3c, 0x06, 0x7f, 0xff, 0x80, 0xfa, 0x00, 0x07,
  0x1f, 0xf0, 0x00, 0x00, 0x1e, 0x0e, 0x03, 0xe0, 0xf9, 0x00, 0x00, 0x1f, 0xfe, 0xff, 0x01, 0x8f, 0x0e, 0xf7, 0x00, 0x00, 0x1f, 0xfe, 0xff, 0x01,
  0xc7, 0x8e, 0xf7, 0x00, 0x00, 0x0f, 0xfe, 0xff, 0x01, 0xc3, 0xcf, 0xf7, 0x00, 0x00, 0x0f, 0xfe, 0xff, 0x01, 0x83, 0xff, 0xf7, 0x00, 0x00, 0x01,
  0xfe, 0xff, 0x02, 0x01, 0xff, 0x80, 0xf6, 0x00, 0x04, 0x07, 0xfe, 0x01, 0xf7, 0xc0, 0xf6, 0x00, 0x04, 0x0f, 0xf8, 0x01, 0xe3, 0xe0, 0xf6, 0x00,
  0x04, 0x7f, 0xf0, 0x01, 0xe1, 0xf8, 0xf7, 0x00, 0x05, 0x03, 0xff, 0xc0, 0x03, 0xc0, 0x7f, 0xf7, 0x00, 0x05, 0x1f, 0xff, 0x80, 0x03, 0xc0, 0x07,
  0xf7, 0x00, 0x04, 0x3f, 0xfc, 0x00, 0x07, 0xc0, 0xf6, 0x00, 0x04, 0x7f, 0xf8, 0x00, 0x07, 0x80, 0xf6, 0x00, 0x04, 0x7f, 0xc0, 0x00, 0x1f, 0x80,
  0xf6, 0x00, 0x03, 0x3e, 0x00, 0x00, 0xfe, 0xf2, 0x00, 0x00, 0xf8, 0x81, 0x00, 0xaa, 0x00, 0xd8, 0x00, 0x00, 0x10, 0xf2, 0x00, 0x00, 0x38, 0xf3,
  0x00, 0x02, 0x06, 0x3c, 0xc0, 0xf4, 0x00, 0x02, 0x07, 0x1f, 0xc0, 0xf4, 0x00, 0x02, 0x07, 0x9f, 0xc0, 0xf4, 0x00, 0x02, 0x03, 0x8f, 0x80, 0xf4,
  0x00, 0x02, 0x03, 0xc0, 0x40, 0xf4, 0x00, 0x02, 0x03, 0xc0, 0xe0, 0xf4, 0x00, 0x02, 0x07, 0xc1, 0xe0, 0xf4, 0x00, 0x02, 0x0f, 0x81, 0xe0, 0xf4,
  0x00, 0x02, 0x0f, 0x03, 0xc0, 0xf4, 0x00, 0x02, 0x0c, 0x03, 0xc0, 0xf4, 0x00, 0x02, 0x01, 0xf3, 0xc0, 0xf4, 0x00, 0x04, 0x03, 0xf9, 0xc0, 0x01,
  0xc0, 0xf6, 0x00, 0x04, 0x03, 0xf9, 0x80, 0x03, 0xe0, 0xf6, 0x00, 0x04, 0x07, 0x38, 0x00, 0x03, 0xe0, 0xf5, 0x00, 0x03, 0x1c, 0x00, 0x07, 0xe0,
  0xf5, 0x00, 0x03, 0x18, 0x00, 0x0f, 0xc0, 0xf4, 0x00, 0x02, 0x18, 0x0f, 0xc0, 0xf4, 0x00, 0x02, 0x38, 0x1f, 0x80, 0xf4, 0x00, 0x01, 0x70, 0x3f,
  0xf3, 0x00, 0x01, 0xf0, 0x7e, 0xf4, 0x00, 0x02, 0x01, 0xe0, 0xfe, 0xf4, 0x00, 0x02, 0x1f, 0xe1, 0xfc, 0xf4, 0x00, 0x02, 0x1f, 0xe1, 0xf8, 0xf5,
  0x00, 0x03, 0x20, 0x1f, 0xc3, 0xf0, 0xf7, 0x00, 0x05, 0x04, 0x00, 0x60, 0x0f, 0x87, 0xe0, 0xf7, 0x00, 0x05, 0x07, 0xf9, 0xe0, 0x00, 0x0f, 0xc0,
  0xf7, 0x00, 0x06, 0x03, 0xff, 0xe0, 0x00, 0x1f, 0xcf, 0xc0, 0xf8, 0x00, 0x06, 0x01, 0xff, 0xe0, 0x00, 0x3f, 0xff, 0xe0, 0xf7, 0x00, 0x05, 0x3f,
  0xc0, 0x06, 0x7f, 0xff, 0xe0, 0xf5, 0x00, 0x03, 0x06, 0x7f, 0xff, 0xe0, 0xf6, 0x00, 0x04, 0x1c, 0x06, 0x7f, 0xff, 0x80, 0xfa, 0x00, 0x07, 0x1f,
  0xc0, 0x00, 0x00, 0x1e, 0x0e, 0x03, 0xe0, 0xf9, 0x00, 0x00, 0x1f, 0xfe, 0xff, 0x01, 0x8f, 0x0e, 0xf7, 0x00, 0x00, 0x1f, 0xfe, 0xff, 0x01, 0xc7,
  0x8e, 0xf7, 0x00, 0x00, 0x1f, 0xfe, 0xff, 0x01, 0xc3, 0xcf, 0xf7, 0x00, 0x00, 0x0f, 0xfe, 0xff, 0x01, 0x83, 0xff, 0xf7, 0x00, 0x00, 0x01, 0xfe,
  0xff, 0x02, 0x03, 0xff, 0x80, 0xf6, 0x00, 0x04, 0x67, 0xfe, 0x01, 0xff, 0xc0, 0xf6, 0x00, 0x04, 0x0f, 0xfc, 0x01, 0xe3, 0xf0, 0xf6, 0x00, 0x04,
  0x7f, 0xf0, 0x01, 0xe1, 0xfc, 0xf7, 0x00, 0x05, 0x03, 0xff, 0xc0, 0x03, 0xc0, 0x7f, 0xf7, 0x00, 0x05, 0x1f, 0xff, 0x80, 0x03, 0xc0, 0x07, 0xf7,
  0x00, 0x04, 0x7f, 0xfe, 0x00, 0x07, 0xc0, 0xf6, 0x00, 0x04, 0x7f, 0xf8, 0x00, 0x07, 0x80, 0xf6, 0x00, 0x04, 0x7f, 0xc0, 0x00, 0x1f, 0x80, 0xf6,
  0x00, 0x03, 0x3e, 0x00, 0x00, 0xfe, 0xf3, 0x00, 0x01, 0x01, 0xfc, 0xf2, 0x00, 0x00, 0x70, 0x81, 0x00, 0xba, 0x00, 0xc8, 0x00, 0x00, 0x38, 0xf3,
  0x00, 0x02, 0x06, 0x3c, 0xc0, 0xf4, 0x00, 0x02, 0x07, 0x1f, 0xc0, 0xf4, 0x00, 0x02, 0x07, 0x9f, 0xc0, 0xf4, 0x00, 0x02, 0x03, 0x8f, 0x80, 0xf4,
  0x00, 0x01, 0x03, 0xc3, 0xf3, 0x00, 0x02, 0x03, 0xc0, 0xe0, 0xf4, 0x00, 0x02, 0x07, 0xc1, 0xe0, 0xf4, 0x00, 0x02, 0x0f, 0xc1, 0xe0, 0xf4, 0x00,
  0x02, 0x0f, 0x83, 0xc0, 0xf4, 0x00, 0x02, 0x1e, 0x03, 0xc0, 0xf4, 0x00, 0x02, 0x01, 0xf3, 0xc0, 0xf4, 0x00, 0x04, 0x03, 0xf9, 0xc0, 0x01, 0xc0,
  0xf6, 0x00, 0x04, 0x03, 0xf9, 0x80, 0x03, 0xe0, 0xf6, 0x00, 0x04, 0x07, 0x78, 0x00, 0x03, 0xe0, 0xf5, 0x00, 0x03, 0x1c, 0x00, 0x07, 0xe0, 0xf5,
  0x00, 0x03, 0x18, 0x00, 0x0f, 0xc0, 0xf4, 0x00, 0x02, 0x18, 0x0f, 0xc0, 0xf4, 0x00, 0x02, 0x38, 0x1f, 0x80, 0xf4, 0x00, 0x01, 0x70, 0x3f, 0xf3,
  0x00, 0x01, 0xf0, 0x7f, 0xf4, 0x00, 0x02, 0x01, 0xf0, 0xfe, 0xf4, 0x00, 0x02, 0x1f, 0xe1, 0xfc, 0xf4, 0x00, 0x02, 0x1f, 0xe1, 0xf8, 0xf5, 0x00,
  0x03, 0x20, 0x1f, 0xc3, 0xf0, 0xf7, 0x00, 0x05, 0x04, 0x00, 0x60, 0x0f, 0x87, 0xe0, 0xf7, 0x00, 0x05, 0x07, 0xf9, 0xe0, 0x00, 0x0f, 0xc0, 0xf7,
  0x00, 0x06, 0x07, 0xff, 0xe0, 0x00, 0x1f, 0xcf, 0xc0, 0xf8, 0x00, 0x06, 0x01, 0xff, 0xe0, 0x00, 0x3f, 0xff, 0xe0, 0xf7, 0x00, 0x05, 0x7f, 0xc0,
  0x06, 0x7f, 0xff, 0xf0, 0xf7, 0x00, 0x05, 0x03, 0x00, 0x06, 0x7f, 0xff, 0xe0, 0xf6, 0x00, 0x04, 0x3c, 0x06, 0x7f, 0xff, 0x80, 0xfa, 0x00, 0x07,
  0x1f, 0xc0, 0x00, 0x00, 0x1e, 0x0e, 0x07, 0xf0, 0xf9, 0x00, 0x00, 0x1f, 0xfe, 0xff, 0x01, 0x0f, 0x0e, 0xf7, 0x00, 0x00, 0x1f, 0xfe, 0xff, 0x01,
  0xc7, 0x8e, 0xf7, 0x00, 0x00, 0x1f, 0xfe, 0xff, 0x01, 0xc3, 0xcf, 0xf7, 0x00, 0x00, 0x0f, 0xfe, 0xff, 0x01, 0x83, 0xff, 0xf7, 0x00, 0x00, 0x01,
  0xfe, 0xff, 0x02, 0x03, 0xff, 0x80, 0xf6, 0x00, 0x04, 0x77, 0xfe, 0x01, 0xff, 0xc0, 0xf6, 0x00, 0x04, 0x0f, 0xfc, 0x01, 0xe3, 0xe0, 0xf6, 0x00,
  0x04, 0x3f, 0xf0, 0x01, 0xe1, 0xf8, 0xf7, 0x00, 0x06, 0x01, 0xff, 0xc0, 0x03, 0xc0, 0x7f, 0x80, 0xf8, 0x00, 0x05, 0x1f, 0xff, 0x80, 0x03, 0xc0,
  0x0f, 0xf7, 0x00, 0x04, 0x7f, 0xfe, 0x00, 0x07, 0xc0, 0xf6, 0x00, 0x04, 0x7f, 0xf8, 0x00, 0x07, 0x80, 0xf6, 0x00, 0x04, 0x7f, 0xe0, 0x00, 0x1f,
  0x80, 0xf6, 0x00, 0x03, 0x3f, 0x00, 0x00, 0xfe, 0xf3, 0x00, 0x01, 0x01, 0xfc, 0xf2, 0x00, 0x00, 0x70, 0x81, 0x00, 0xba, 0x00, 0xc8, 0x00, 0x00,
  0x38, 0xf2, 0x00, 0x00, 0x3c, 0xf3, 0x00, 0x02, 0x07, 0x1f, 0xc0, 0xf4, 0x00, 0x02, 0x07, 0x1f, 0xc0, 0xf4, 0x00, 0x02, 0x03, 0x8f, 0x80, 0xf4,
  0x00, 0x01, 0x03, 0x8c, 0xf3, 0x00, 0x02, 0x03, 0x8c, 0xc0, 0xf4, 0x00, 0x02, 0x03, 0x8f, 0xe0, 0xf4, 0x00, 0x02, 0x07, 0x87, 0xc0, 0xf4, 0x00,
  0x02, 0x0f, 0x81, 0xc0, 0xf4, 0x00, 0x02, 0x0f, 0x81, 0xc0, 0xf4, 0x00, 0x02, 0x03, 0xe1, 0xc0, 0xf4, 0x00, 0x04, 0x03, 0xf1, 0xc0, 0x00, 0x80,
  0xf6, 0x00, 0x04, 0x03, 0xf9, 0x80, 0x01, 0xc0, 0xf6, 0x00, 0x04, 0x02, 0x79, 0x80, 0x03, 0xc0, 0xf5, 0x00, 0x03, 0xfc, 0x00, 0x07, 0xc0, 0xf6,
  0x00, 0x04, 0x01, 0xf8, 0x00, 0x07, 0xc0, 0xf5, 0x00, 0x03, 0xf0, 0x10, 0x0f, 0xc0, 0xf4, 0x00, 0x02, 0x30, 0x1f, 0xc0, 0xf4, 0x00, 0x02, 0x30,
  0x3f, 0xe0, 0xf4, 0x00, 0x02, 0x70, 0x3f, 0xe0, 0xf4, 0x00, 0x02, 0xf0, 0x7f, 0xc0, 0xf5, 0x00, 0x03, 0x1b, 0xf0, 0xff, 0xc0, 0xf5, 0x00, 0x03,
  0x1f, 0xf1, 0xff, 0x80, 0xf5, 0x00, 0x03, 0x0f, 0xf3, 0xff, 0x80, 0xf6, 0x00, 0x03, 0x60, 0x07, 0xe7, 0xfe, 0xf7, 0x00, 0x05, 0x07, 0xc0, 0xe0,
  0x07, 0xef, 0xfc, 0xf7, 0x00, 0x06, 0x07, 0xff, 0xe0, 0x0f, 0xdf, 0xff, 0xc0, 0xf8, 0x00, 0x06, 0x01, 0xff, 0xc0, 0x0f, 0xbf, 0xff, 0xe0, 0xf7,
  0x00, 0x05, 0x7f, 0xc0, 0x06, 0x7f, 0xff, 0xe0, 0xf8, 0x00, 0x06, 0x07, 0xff, 0x00, 0x06, 0xff, 0xff, 0xe0, 0xf8, 0x00, 0x06, 0x07, 0xff, 0x18,
  0x06, 0xff, 0xff, 0xe0, 0xfa, 0x00, 0x08, 0x0e, 0x00, 0x03, 0xff, 0x1e, 0x06, 0xff, 0xff, 0x80, 0xfa, 0x00, 0x07, 0x1f, 0xff, 0xc0, 0xff, 0x0f,
  0x06, 0x3f, 0xfc, 0xf9, 0x00, 0x00, 0x1f, 0xfe, 0xff, 0x01, 0xc7, 0x86, 0xf7, 0x00, 0x00, 0x1f, 0xfe, 0xff, 0x01, 0xc3, 0xcf, 0xf7, 0x00, 0x00,
  0x3f, 0xfe, 0xff, 0x01, 0x83, 0xff, 0xf7, 0x00, 0x00, 0x3f, 0xfe, 0xff, 0x02, 0x03, 0xff, 0x80, 0xf8, 0x00, 0x06, 0x1f, 0xff, 0xff, 0xfe, 0x03,
  0xff, 0xc0, 0xf8, 0x00, 0x06, 0x07, 0xff, 0xff, 0xfc, 0x01, 0xff, 0xe0, 0xf7, 0x00, 0x05, 0xff, 0xff, 0xf0, 0x03, 0xff, 0xf0, 0xf7, 0x00, 0x05,
  0x0f, 0xff, 0xe0, 0x03, 0xf3, 0xff, 0xf8, 0x00, 0x06, 0x01, 0xff, 0xff, 0x80, 0x03, 0xc0, 0xcf, 0xf8, 0x00, 0x05, 0x0f, 0xff, 0xfe, 0x00, 0x03,
  0xc0, 0xf7, 0x00, 0x05, 0x0f, 0xff, 0xf8, 0x00, 0x07, 0x80, 0xf7, 0x00, 0x05, 0x07, 0xff, 0xc0, 0x00, 0x0f, 0x80, 0xf7, 0x00, 0x04, 0x03, 0xfe,
  0x00, 0x00, 0x3e, 0xf2, 0x00, 0x00, 0xf8, 0x81, 0x00, 0xaa, 0x00, 0x81, 0x00, 0xf8, 0x00, 0x00, 0x0c, 0xf2, 0x00, 0x00, 0x1c, 0xf3, 0x00, 0x01,
  0x01, 0x8e, 0xf3, 0x00, 0x01, 0x03, 0x86, 0xf3, 0x00, 0x01, 0x03, 0x80, 0xf3, 0x00, 0x01, 0x03, 0x80, 0xf3, 0x00, 0x01, 0x03, 0x80, 0xf3, 0x00,
  0x02, 0x03, 0x01, 0xc0, 0xf3, 0x00, 0x01, 0x01, 0x80, 0xf3, 0x00, 0x01, 0x01, 0x80, 0xf3, 0x00, 0x00, 0xe1, 0xf3, 0x00, 0x01, 0x01, 0xf0, 0xf2,
  0x00, 0x03, 0xe0, 0x00, 0x00, 0xc0, 0xf3, 0x00, 0x01, 0x01, 0xe0, 0xf3, 0x00, 0x01, 0x03, 0xe0, 0xf3, 0x00, 0x01, 0x07, 0xe0, 0xf3, 0x00, 0x01,
  0x0f, 0xe0, 0xf4, 0x00, 0x02, 0x70, 0x1f, 0xc0, 0xf4, 0x00, 0x02, 0xf0, 0x7f, 0xc0, 0xf5, 0x00, 0x03, 0x01, 0xf0, 0x7f, 0x80, 0xf5, 0x00, 0x02,
  0x07, 0xe1, 0xff, 0xf4, 0x00, 0x02, 0x0f, 0xe7, 0xfc, 0xf4, 0x00, 0x02, 0x1f, 0xcf, 0xf8, 0xf4, 0x00, 0x03, 0x0f, 0xbf, 0xf9, 0xf0, 0xf4, 0x00,
  0x02, 0x7f, 0xff, 0xf0, 0xf8, 0x00, 0x06, 0x07, 0xfe, 0x00, 0x00, 0xff, 0xff, 0xf0, 0xf8, 0x00, 0x06, 0x07, 0xff, 0x00, 0x01, 0xff, 0xff, 0xe0,
  0xf8, 0x00, 0x06, 0x03, 0xff, 0x00, 0x00, 0xff, 0xff, 0xe0, 0xf7, 0x00, 0x05, 0x7e, 0x00, 0x00, 0x3f, 0xff, 0x80, 0xf7, 0x00, 0x04, 0x0c, 0x00,
  0x00, 0x1f, 0xff, 0xf9, 0x00, 0x07, 0x1c, 0x00, 0x03, 0xfe, 0x00, 0x07, 0xff, 0xfc, 0xf9, 0x00, 0x00, 0x3f, 0xfe, 0xff, 0x03, 0x01, 0x0f, 0xff,
  0xf8, 0xf9, 0x00, 0x07, 0x3f, 0xff, 0xff, 0xfe, 0x03, 0x8f, 0xff, 0x80, 0xf9, 0x00, 0x05, 0x3f, 0xff, 0xff, 0xfc, 0x03, 0xfe, 0xf7, 0x00, 0x05,
  0x07, 0xff, 0xff, 0xf8, 0x01, 0xff, 0xf6, 0x00, 0x05, 0xff, 0xff, 0xf0, 0x03, 0xff, 0x80, 0xf8, 0x00, 0x06, 0x0b, 0xff, 0xff, 0xe0, 0x0f, 0xff,
  0x80, 0xf8, 0x00, 0xfe, 0xff, 0x03, 0x80, 0x7f, 0xff, 0x80, 0xf8, 0x00, 0x06, 0xff, 0xff, 0xfe, 0x00, 0xff, 0xff, 0x80, 0xf8, 0x00, 0x06, 0x7f,
  0xff, 0xf8, 0x01, 0xff, 0xff, 0x80, 0xf8, 0x00, 0x06, 0x0f, 0xff, 0x80, 0x01, 0xff, 0xff, 0x80, 0xf8, 0x00, 0x06, 0x03, 0xf8, 0x00, 0x03, 0xff,
  0xff, 0x80, 0xf5, 0x00, 0x03, 0x03, 0xff, 0xff, 0x80, 0xf5, 0x00, 0x02, 0x03, 0xff, 0xfe, 0xf4, 0x00, 0x02, 0x03, 0xff, 0xc0, 0xf4, 0x00, 0x01,
  0x01, 0xfe, 0xf2, 0x00, 0x00, 0xf0, 0x81, 0x00, 0xea, 0x00, 0x81, 0x00, 0x81, 0x00, 0x81, 0x00, 0x85, 0x00, 0x00, 0xf8, 0xf3, 0x00, 0x01, 0x03,
  0xf8, 0xf3, 0x00, 0x01, 0x0f, 0xf8, 0xf3, 0x00, 0x01, 0x3f, 0xf0, 0xf4, 0x00, 0x02, 0x01, 0xff, 0xe0, 0xf4, 0x00, 0x02, 0x0f, 0xff, 0xc0, 0xf5,
  0x00, 0x03, 0x03, 0xff, 0xff, 0x80, 0xf5, 0x00, 0x02, 0x07, 0xff, 0xfe, 0xf4, 0x00, 0x02, 0x07, 0xff, 0xfc, 0xf6, 0x00, 0x04, 0x70, 0x00, 0x07,
  0xff, 0xf0, 0xf7, 0x00, 0x04, 0x03, 0xf8, 0x00, 0x01, 0xff, 0xf6, 0x00, 0x03, 0x1f, 0xf8, 0x01, 0xf0, 0xf6, 0x00, 0x04, 0x03, 0xff, 0xf8, 0x0f,
  0xfc, 0xf7, 0x00, 0xfe, 0xff, 0x02, 0xe0, 0x7f, 0xff, 0xf8, 0x00, 0x00, 0x01, 0xfe, 0xff, 0x03, 0xc0, 0xff, 0xff, 0x80, 0xf9, 0x00, 0x00, 0x01,
  0xfe, 0xff, 0x03, 0x01, 0xff, 0xff, 0x80, 0xf8, 0x00, 0x06, 0xff, 0xff, 0xf8, 0x03, 0xff, 0xff, 0xc0, 0xf8, 0x00, 0x06, 0x3f, 0xff, 0xc0, 0x03,
  0xff, 0xff, 0xc0, 0xf8, 0x00, 0x06, 0x02, 0x68, 0x00, 0x07, 0xff, 0xff, 0xc0, 0xf5, 0x00, 0x03, 0x07, 0xff, 0xff, 0x80, 0xf5, 0x00, 0x02, 0x07,
  0xff, 0xff, 0xf4, 0x00, 0x02, 0x07, 0xff, 0xf8, 0xf4, 0x00, 0x01, 0x03, 0xff, 0xf3, 0x00, 0x01, 0x01, 0xfc, 0xf2, 0x00, 0x00, 0x70, 0x81, 0x00,
  0xfa, 0x00, 0xfd, 0x00, 0x00, 0x02, 0xfd, 0x00, 0x01, 0x01, 0x40, 0xf8, 0x00, 0x01, 0x0f, 0xf0, 0xfe, 0x00, 0x01, 0x1f, 0xf0, 0xf8, 0x00, 0x01,
  0x3f, 0xfe, 0xfe, 0x00, 0x01, 0x3f, 0xf8, 0xf8, 0x00, 0x01, 0x3f, 0xfe, 0xfe, 0x00, 0x01, 0x7f, 0xfc, 0xf8, 0x00, 0x01, 0x3f, 0xff, 0xfe, 0x00,
  0x01, 0x7f, 0xfc, 0xf8, 0x00, 0x01, 0x3f, 0xff, 0xfe, 0x00, 0x01, 0xff, 0xc0, 0xf8, 0x00, 0x01, 0x0f, 0xff, 0xfe, 0x00, 0x00, 0xff, 0xf6, 0x00,
  0x00, 0x07, 0xfe, 0x00, 0x00, 0x70, 0xe1, 0x00, 0x00, 0x04, 0xf3, 0x00, 0x02, 0x01, 0xff, 0x80, 0xf9, 0x00, 0x01, 0x0f, 0xc0, 0xfe, 0x00, 0x02,
  0x03, 0xff, 0xc0, 0xf9, 0x00, 0x01, 0x3f, 0xfe, 0xfe, 0x00, 0x02, 0x0f, 0xff, 0xe0, 0xf9, 0x00, 0x01, 0xff, 0xfe, 0xfe, 0x00, 0x02, 0x0f, 0xff,
  0xf8, 0xfa, 0x00, 0x08, 0x03, 0xff, 0xff, 0x80, 0x00, 0x00, 0x1f, 0xff, 0xfc, 0xfa, 0x00, 0x08, 0x03, 0xff, 0xff, 0x80, 0x00, 0x00, 0x1f, 0xff,
  0xfc, 0xfa, 0x00, 0x08, 0x07, 0xff, 0xff, 0x80, 0x00, 0x00, 0x3f, 0xff, 0xfe, 0xfa, 0x00, 0x08, 0x07, 0xff, 0xff, 0xc0, 0x00, 0x00, 0x3f, 0xff,
  0xff, 0xfa, 0x00, 0x08, 0x0f, 0xff, 0xff, 0xc0, 0x00, 0x00, 0x1f, 0xff, 0xff, 0xfa, 0x00, 0x08, 0x0f, 0xff, 0xff, 0xc0, 0x00, 0x00, 0x3f, 0xff,
  0xff, 0xfa, 0x00, 0x08, 0x0f, 0xff, 0xff, 0xc0, 0x00, 0x00, 0x3f, 0xff, 0xff, 0xfa, 0x00, 0x09, 0x0f, 0xff, 0xff, 0xc0, 0x00, 0x00, 0x1f, 0xff,
  0xff, 0x80, 0xfb, 0x00, 0x09, 0x0f, 0xff, 0xff, 0xc0, 0x00, 0x00, 0x1f, 0xff, 0xff, 0x80, 0xfb, 0x00, 0x09, 0x0f, 0xff, 0xff, 0xc0, 0x00, 0x00,
  0x1f, 0xff, 0xff, 0xc0, 0xfb, 0x00, 0x09, 0x1f, 0xff, 0xff, 0xc0, 0x00, 0x00, 0x1f, 0xff, 0xff, 0xc0, 0xfb, 0x00, 0x09, 0x1f, 0xff, 0xff, 0xc0,
  0x00, 0x00, 0x1f, 0xff, 0xff, 0xc0, 0xfb, 0x00, 0x09, 0x1f, 0xff, 0xff, 0xc0, 0x00, 0x00, 0x1f, 0xff, 0xff, 0xc0, 0xfb, 0x00, 0x09, 0x1f, 0xff,
  0xff, 0xc0, 0x00, 0x00, 0x1f, 0xff, 0xff, 0xc0, 0xfb, 0x00, 0x09, 0x1f, 0xff, 0xff, 0xe0, 0x00, 0x00, 0x0f, 0xff, 0xff, 0xc0, 0xfb, 0x00, 0x09,
  0x0f, 0xff, 0xff, 0xc0, 0x00, 0x00, 0x0f, 0xff, 0xff, 0xc0, 0xfb, 0x00, 0x09, 0x0f, 0xff, 0xff, 0xc0, 0x00, 0x00, 0x1f, 0xff, 0xff, 0xc0, 0xfb,
  0x00, 0x09, 0x0f, 0xff, 0xff, 0xc0, 0x00, 0x00, 0x1f, 0xff, 0xff, 0xc0, 0xfb, 0x00, 0x09, 0x0f, 0xff, 0xff, 0xe0, 0x00, 0x00, 0x0f, 0xff, 0xff,
  0xc0, 0xfb, 0x00, 0x09, 0x0f, 0xff, 0xff, 0xe0, 0x00, 0x00, 0x0f, 0xff, 0xff, 0x80, 0xfb, 0x00, 0x09, 0x0f, 0xff, 0xff, 0xc0, 0x00, 0x00, 0x0f,
  0xff, 0xff, 0x80, 0xfb, 0x00, 0x08, 0x0f, 0xff, 0xff, 0xc0, 0x03, 0x80, 0x07, 0xff, 0xff, 0xfa, 0x00, 0x08, 0x03, 0xff, 0xff, 0xe0, 0x07, 0xf0,
  0x07, 0xff, 0xff, 0xfa, 0x00, 0x08, 0x03, 0xff, 0xff, 0xc0, 0x0f, 0xf8, 0x03, 0xff, 0xfe, 0xfa, 0x00, 0x08, 0x01, 0xff, 0xff, 0x80, 0x1f, 0xf8,
  0x01, 0xff, 0xfc, 0xfa, 0x00, 0x08, 0x01, 0xff, 0xff, 0x80, 0x3f, 0xfc, 0x00, 0x7f, 0xf8, 0xf9, 0x00, 0x07, 0x7f, 0xfe, 0x00, 0x3f, 0xfe, 0x00,
  0x07, 0xc0, 0xf9, 0x00, 0x04, 0x3f, 0xfe, 0x00, 0x3f, 0xfe, 0xf6, 0x00, 0x04, 0x07, 0xe0, 0x00, 0x3f, 0xfe, 0xf3, 0x00, 0x01, 0x3f, 0xfe, 0xf3,
  0x00, 0x01, 0x3f, 0xfe, 0xf3, 0x00, 0x01, 0x3f, 0xfe, 0xf3, 0x00, 0x01, 0x1f, 0xfc, 0xf3, 0x00, 0x01, 0x1f, 0xfe, 0xf3, 0x00, 0x01, 0x0f, 0xfc,
  0xf3, 0x00, 0x01, 0x07, 0xf8, 0x81, 0x00, 0x9a, 0x00, 0xfd, 0x00, 0x01, 0xff, 0xfe, 0xfe, 0x00, 0x01, 0xff, 0xfe, 0xf8, 0x00, 0x01, 0xfe, 0x3e,
  0xfe, 0x00, 0x01, 0x70, 0x7e, 0xf8, 0x00, 0x00, 0xfc, 0xfc, 0x00, 0x00, 0x1c, 0xa8, 0x00, 0x01, 0x3f, 0xf8, 0xfe, 0x00, 0x01, 0x07, 0xfe, 0xf8,
  0x00, 0x01, 0x7f, 0xfc, 0xfe, 0x00, 0x02, 0x0f, 0xff, 0xc0, 0xfa, 0x00, 0x02, 0x03, 0xff, 0xfe, 0xfe, 0x00, 0x02, 0x1f, 0xff, 0xe0, 0xfa, 0x00,
  0x02, 0x03, 0xff, 0xff, 0xfe, 0x00, 0x02, 0x3f, 0xff, 0xf0, 0xfa, 0x00, 0x02, 0x03, 0xff, 0xff, 0xfe, 0x00, 0x02, 0x3f, 0xff, 0xf8, 0xfa, 0x00,
  0x08, 0x07, 0xff, 0xff, 0x80, 0x00, 0x00, 0x7f, 0xff, 0xfc, 0xfa, 0x00, 0x08, 0x0f, 0xff, 0xff, 0x80, 0x00, 0x00, 0x7f, 0xff, 0xfc, 0xfa, 0x00,
  0x08, 0x0f, 0xff, 0xff, 0x80, 0x00, 0x00, 0x7f, 0xff, 0xfc, 0xfa, 0x00, 0x08, 0x0f, 0xff, 0xff, 0x80, 0x00, 0x00, 0x7f, 0xff, 0xfe, 0xfa, 0x00,
  0x08, 0x0f, 0xff, 0xff, 0x80, 0x00, 0x00, 0x7f, 0xff, 0xff, 0xfa, 0x00, 0x08, 0x0f, 0xff, 0xff, 0x80, 0x00, 0x00, 0x3f, 0xff, 0xff, 0xfa, 0x00,
  0x08, 0x1f, 0xff, 0xff, 0x80, 0x00, 0x00, 0x3f, 0xff, 0xff, 0xfa, 0x00, 0x09, 0x1f, 0xff, 0xff, 0x80, 0x00, 0x00, 0x3f, 0xff, 0xff, 0x80, 0xfb,
  0x00, 0x09, 0x3f, 0xff, 0xff, 0x80, 0x00, 0x00, 0x7f, 0xff, 0xff, 0x80, 0xfb, 0x00, 0x09, 0x3f, 0xff, 0xff, 0x80, 0x00, 0x00, 0x3f, 0xff, 0xff,
  0x80, 0xfb, 0x00, 0x09, 0x3f, 0xff, 0xff, 0x80, 0x00, 0x00, 0x3f, 0xff, 0xff, 0x80, 0xfb, 0x00, 0x09, 0x3f, 0xff, 0xff, 0x80, 0x00, 0x00, 0x3f,
  0xff, 0xff, 0xc0, 0xfb, 0x00, 0x09, 0x3f, 0xff, 0xff, 0x80, 0x00, 0x00, 0x1f, 0xff, 0xff, 0xc0, 0xfb, 0x00, 0x09, 0x3f, 0xff, 0xff, 0x80, 0x00,
  0x00, 0x1f, 0xff, 0xff, 0xc0, 0xfb, 0x00, 0x09, 0x1f, 0xff, 0xff, 0x80, 0x00, 0x00, 0x1f, 0xff, 0xff, 0xc0, 0xfb, 0x00, 0x09, 0x3f, 0xff, 0xff,
  0x80, 0x00, 0x00, 0x1f, 0xff, 0xff, 0xc0, 0xfb, 0x00, 0x09, 0x3f, 0xff, 0xff, 0x80, 0x00, 0x00, 0x1f, 0xff, 0xff, 0xc0, 0xfb, 0x00, 0x09, 0x1f,
  0xff, 0xff, 0x80, 0x00, 0x00, 0x1f, 0xff, 0xff, 0xc0, 0xfb, 0x00, 0x09, 0x1f, 0xff, 0xff, 0x80, 0x00, 0x00, 0x1f, 0xff, 0xff, 0xc0, 0xfb, 0x00,
  0x09, 0x1f, 0xff, 0xff, 0x80, 0x00, 0x00, 0x0f, 0xff, 0xff, 0xc0, 0xfb, 0x00, 0x09, 0x0f, 0xff, 0xff, 0x80, 0x0e, 0x00, 0x0f, 0xff, 0xff, 0x80,
  0xfb, 0x00, 0x09, 0x0f, 0xff, 0xff, 0x80, 0x1f, 0x80, 0x1f, 0xff, 0xff, 0x80, 0xfb, 0x00, 0x09, 0x0f, 0xff, 0xff, 0x80, 0x3f, 0xc0, 0x0f, 0xff,
  0xff, 0x80, 0xfb, 0x00, 0x08, 0x07, 0xff, 0xff, 0x00, 0x7f, 0xe0, 0x0f, 0xff, 0xff, 0xfa, 0x00, 0x08, 0x07, 0xff, 0xff, 0x00, 0x7f, 0xe0, 0x07,
  0xff, 0xff, 0xfa, 0x00, 0x08, 0x03, 0xff, 0xfe, 0x00, 0x7f, 0xe0, 0x03, 0xff, 0xfe, 0xfa, 0x00, 0x08, 0x01, 0xff, 0xfe, 0x00, 0x7f, 0xe0, 0x01,
  0xff, 0xfe, 0xf9, 0x00, 0x07, 0x7f, 0xf8, 0x00, 0x7f, 0xe0, 0x00, 0xff, 0xf0, 0xf9, 0x00, 0x07, 0x3f, 0xe0, 0x00, 0x7f, 0xe0, 0x00, 0x1f, 0x80,
  0xf6, 0x00, 0x01, 0x7f, 0xe0, 0xf3, 0x00, 0x01, 0x3f, 0xe0, 0xf3, 0x00, 0x01, 0x3f, 0xc0, 0xf3, 0x00, 0x01, 0x0f, 0x80, 0x81, 0x00, 0x81, 0x00,
  0xda, 0x00, 0xfd, 0x00, 0x01, 0xff, 0xfc, 0xfe, 0x00, 0x01, 0x7c, 0xfe, 0xf8, 0x00, 0x01, 0xf8, 0x7c, 0xfe, 0x00, 0x01, 0x40, 0xfc, 0xf8, 0x00,
  0x01, 0x62, 0xfe, 0xfe, 0x00, 0x01, 0x07, 0xfc, 0xf8, 0x00, 0x06, 0x07, 0xff, 0x80, 0x00, 0x00, 0x0f, 0xff, 0xf8, 0x00, 0x07, 0x0f, 0xff, 0xc0,
  0x00, 0x00, 0x1f, 0xff, 0x80, 0xf9, 0x00, 0x07, 0x1f, 0xff, 0xc0, 0x00, 0x00, 0x1f, 0xff, 0xc0, 0xf9, 0x00, 0x07, 0x3f, 0xff, 0xc0, 0x00, 0x00,
  0x1f, 0xff, 0xc0, 0xf9, 0x00, 0x07, 0x1f, 0xff, 0xc0, 0x00, 0x00, 0x1f, 0x3f, 0xc0, 0xf9, 0x00, 0x07, 0x3f, 0xfe, 0x80, 0x00, 0x00, 0x0f, 0x7f,
  0xc0, 0xf9, 0x00, 0x01, 0x3f, 0xf8, 0xfe, 0x00, 0x02, 0x0f, 0xff, 0x80, 0xf9, 0x00, 0x01, 0xff, 0xfe, 0xfe, 0x00, 0x02, 0x1f, 0xff, 0xc0, 0xfa,
  0x00, 0x02, 0x03, 0xff, 0xff, 0xfe, 0x00, 0x02, 0x3f, 0xff, 0xf0, 0xfa, 0x00, 0x08, 0x03, 0xff, 0xff, 0x80, 0x00, 0x00, 0x3f, 0xff, 0xfc, 0xfa,
  0x00, 0x08, 0x07, 0xff, 0xff, 0xc0, 0x00, 0x00, 0x7f, 0xff, 0xfc, 0xfa, 0x00, 0x08, 0x07, 0xff, 0xff, 0xc0, 0x00, 0x00, 0x7f, 0xff, 0xfe, 0xfa,
  0x00, 0x08, 0x0f, 0xff, 0xff, 0xc0, 0x00, 0x00, 0x7f, 0xff, 0xfe, 0xfa, 0x00, 0x08, 0x0f, 0xff, 0xff, 0xe0, 0x00, 0x00, 0x3f, 0xff, 0xff, 0xfa,
  0x00, 0x09, 0x0f, 0xff, 0xff, 0xe0, 0x00, 0x00, 0x7f, 0xff, 0xff, 0x80, 0xfb, 0x00, 0x09, 0x0f, 0xff, 0xff, 0xe0, 0x00, 0x00, 0x3f, 0xff, 0xff,
  0x80, 0xfb, 0x00, 0x09, 0x0f, 0xff, 0xff, 0xe0, 0x00, 0x00, 0x3f, 0xff, 0xff, 0xc0, 0xfb, 0x00, 0x09, 0x1f, 0xff, 0xff, 0xe0, 0x00, 0x00, 0x7f,
  0xff, 0xff, 0xc0, 0xfb, 0x00, 0x09, 0x1f, 0xff, 0xff, 0xe0, 0x00, 0x00, 0x7f, 0xff, 0xff, 0xc0, 0xfb, 0x00, 0x09, 0x3f, 0xff, 0xff, 0xe0, 0x00,
  0x00, 0x3f, 0xff, 0xff, 0xe0, 0xfb, 0x00, 0x09, 0x3f, 0xff, 0xff, 0xe0, 0x00, 0x00, 0x3f, 0xff, 0xff, 0xe0, 0xfb, 0x00, 0x09, 0x3f, 0xff, 0xff,
  0xe0, 0x00, 0x00, 0x3f, 0xff, 0xff, 0xe0, 0xfb, 0x00, 0x09, 0x3f, 0xff, 0xff, 0xe0, 0x00, 0x00, 0x3f, 0xff, 0xff, 0xe0, 0xfb, 0x00, 0x09, 0x3f,
  0xff, 0xff, 0xe0, 0x00, 0x00, 0x3f, 0xff, 0xff, 0xe0, 0xfb, 0x00, 0x09, 0x3f, 0xff, 0xff, 0xe0, 0x00, 0x00, 0x3f, 0xff, 0xff, 0xf0, 0xfb, 0x00,
  0x09, 0x3f, 0xff, 0xff, 0xe0, 0x00, 0x00, 0x3f, 0xff, 0xff, 0xe0, 0xfb, 0x00, 0x09, 0x3f, 0xff, 0xff, 0xe0, 0x00, 0x00, 0x1f, 0xff, 0xff, 0xf0,
  0xfb, 0x00, 0x09, 0x3f, 0xff, 0xff, 0xe0, 0x00, 0x00, 0x1f, 0xff, 0xff, 0xf0, 0xfb, 0x00, 0x09, 0x3f, 0xff, 0xff, 0xc0, 0x00, 0x00, 0x1f, 0xff,
  0xff, 0xe0, 0xfb, 0x00, 0x09, 0x3f, 0xff, 0xff, 0xc0, 0x00, 0x00, 0x1f, 0xff, 0xff, 0xe0, 0xfb, 0x00, 0x09, 0x3f, 0xff, 0xff, 0xc0, 0x00, 0x00,
  0x1f, 0xff, 0xff, 0xe0, 0xfb, 0x00, 0x09, 0x1f, 0xff, 0xff, 0xc0, 0x0f, 0x00, 0x1f, 0xff, 0xff, 0xe0, 0xfb, 0x00, 0x09, 0x1f, 0xff, 0xff, 0xc0,
  0x1f, 0x80, 0x0f, 0xff, 0xff, 0xc0, 0xfb, 0x00, 0x09, 0x1f, 0xff, 0xff, 0x80, 0x3f, 0xc0, 0x0f, 0xff, 0xff, 0xc0, 0xfb, 0x00, 0x09, 0x0f, 0xff,
  0xff, 0x80, 0x3f, 0xc0, 0x0f, 0xff, 0xff, 0x80, 0xfb, 0x00, 0x08, 0x07, 0xff, 0xff, 0x80, 0x3f, 0xc0, 0x07, 0xff, 0xff, 0xfa, 0x00, 0x08, 0x07,
  0xff, 0xff, 0x00, 0x7f, 0xe0, 0x03, 0xff, 0xfe, 0xfa, 0x00, 0x08, 0x01, 0xff, 0xfe, 0x00, 0xff, 0xf8, 0x01, 0xff, 0xfc, 0xf9, 0x00, 0x07, 0xff,
  0xf8, 0x00, 0xff, 0xfc, 0x00, 0xff, 0xe0, 0xf9, 0x00, 0x04, 0x02, 0x80, 0x00, 0xff, 0xf8, 0xf3, 0x00, 0x01, 0xff, 0xf8, 0xf3, 0x00, 0x01, 0x7f,
  0xf0, 0xf3, 0x00, 0x01, 0x3f, 0xe0, 0xf3, 0x00, 0x00, 0x01, 0x81, 0x00, 0x81, 0x00, 0xe9, 0x00, 0xec, 0x00, 0x00, 0x20, 0xfd, 0x00, 0x00, 0xe0,
  0xf7, 0x00, 0x00, 0xfe, 0xfe, 0x00, 0x01, 0x07, 0xfd, 0xf8, 0x00, 0x06, 0x07, 0xff, 0x80, 0x00, 0x00, 0x0f, 0xff, 0xf8, 0x00, 0x07, 0x0f, 0xff,
  0xc0, 0x00, 0x00, 0x1f, 0xff, 0x80, 0xf9, 0x00, 0x07, 0x1f, 0xff, 0xc0, 0x00, 0x00, 0x3f, 0xff, 0xc0, 0xf9, 0x00, 0x07, 0x3f, 0xff, 0xe0, 0x00,
  0x00, 0x1f, 0xff, 0xc0, 0xf9, 0x00, 0x07, 0x1f, 0xef, 0xc0, 0x00, 0x00, 0x1f, 0x3f, 0xc0, 0xf9, 0x00, 0x07, 0x1f, 0x82, 0x80, 0x00, 0x00, 0x04,
  0x05, 0xc0, 0xf3, 0x00, 0x00, 0x04, 0xf2, 0x00, 0x01, 0x1f, 0x80, 0xf9, 0x00, 0x01, 0x0f, 0xfc, 0xfd, 0x00, 0x01, 0xff, 0xc0, 0xf9, 0x00, 0x07,
  0x3f, 0xff, 0x80, 0x00, 0x00, 0x07, 0xff, 0xf8, 0xf9, 0x00, 0x07, 0x7f, 0xff, 0xc0, 0x00, 0x00, 0x0f, 0xff, 0xfc, 0xf9, 0x00, 0x07, 0xff, 0xff,
  0xc0, 0x00, 0x00, 0x1f, 0xff, 0xfe, 0xfa, 0x00, 0x08, 0x01, 0xff, 0xff, 0xe0, 0x00, 0x00, 0x3f, 0xff, 0xfe, 0xfa, 0x00, 0x08, 0x03, 0xff, 0xff,
  0xe0, 0x00, 0x00, 0x3f, 0xff, 0xff, 0xfa, 0x00, 0x09, 0x07, 0xff, 0xff, 0xe0, 0x00, 0x00, 0x3f, 0xff, 0xff, 0x80, 0xfb, 0x00, 0x09, 0x07, 0xff,
  0xff, 0xe0, 0x00, 0x00, 0x3f, 0xff, 0xff, 0x80, 0xfb, 0x00, 0x09, 0x0f, 0xff, 0xff, 0xe0, 0x00, 0x00, 0x3f, 0xff, 0xff, 0xc0, 0xfb, 0x00, 0x09,
  0x0f, 0xff, 0xff, 0xe0, 0x00, 0x00, 0x3f, 0xff, 0xff, 0xc0, 0xfb, 0x00, 0x09, 0x1f, 0xff, 0xff, 0xe0, 0x00, 0x00, 0x7f, 0xff, 0xff, 0xc0, 0xfb,
  0x00, 0x09, 0x1f, 0xff, 0xff, 0xe0, 0x00, 0x00, 0x3f, 0xff, 0xff, 0xe0, 0xfb, 0x00, 0x09, 0x1f, 0xff, 0xff, 0xe0, 0x00, 0x00, 0x3f, 0xff, 0xff,
  0xe0, 0xfb, 0x00, 0x09, 0x3f, 0xff, 0xff, 0xe0, 0x00, 0x00, 0x3f, 0xff, 0xff, 0xe0, 0xfb, 0x00, 0x09, 0x3f, 0xff, 0xff, 0xe0, 0x00, 0x00, 0x3f,
  0xff, 0xff, 0xe0, 0xfb, 0x00, 0x09, 0x3f, 0xff, 0xff, 0xe0, 0x00, 0x00, 0x3f, 0xff, 0xff, 0xe0, 0xfb, 0x00, 0x09, 0x3f, 0xff, 0xff, 0xe0, 0x00,
  0x00, 0x3f, 0xff, 0xff, 0xf0, 0xfb, 0x00, 0x09, 0x3f, 0xff, 0xff, 0xe0, 0x00, 0x00, 0x1f, 0xff, 0xff, 0xf0, 0xfb, 0x00, 0x09, 0x3f, 0xff, 0xff,
  0xe0, 0x00, 0x00, 0x1f, 0xff, 0xff, 0xf0, 0xfb, 0x00, 0x09, 0x3f, 0xff, 0xff, 0xe0, 0x00, 0x00, 0x1f, 0xff, 0xff, 0xf0, 0xfb, 0x00, 0x09, 0x3f,
  0xff, 0xff, 0xe0, 0x00, 0x00, 0x1f, 0xff, 0xff, 0xe0, 0xfb, 0x00, 0x09, 0x3f, 0xff, 0xff, 0xe0, 0x00, 0x00, 0x1f, 0xff, 0xff, 0xe0, 0xfb, 0x00,
  0x09, 0x3f, 0xff, 0xff, 0xc0, 0x00, 0x00, 0x1f, 0xff, 0xff, 0xe0, 0xfb, 0x00, 0x09, 0x1f, 0xff, 0xff, 0xc0, 0x00, 0x00, 0x1f, 0xff, 0xff, 0xe0,
  0xfb, 0x00, 0x09, 0x1f, 0xff, 0xff, 0xc0, 0x00, 0x00, 0x1f, 0xff, 0xff, 0xc0, 0xfb, 0x00, 0x09, 0x1f, 0xff, 0xff, 0xc0, 0x00, 0x00, 0x0f, 0xff,
  0xff, 0xc0, 0xfb, 0x00, 0x09, 0x1f, 0xff, 0xff, 0x80, 0x00, 0x00, 0x0f, 0xff, 0xff, 0xc0, 0xfb, 0x00, 0x08, 0x0f, 0xff, 0xff, 0x80, 0x00, 0x00,
  0x07, 0xff, 0xff, 0xfa, 0x00, 0x08, 0x0f, 0xff, 0xff, 0x00, 0x2f, 0xf0, 0x07, 0xff, 0xff, 0xfa, 0x00, 0x08, 0x03, 0xff, 0xfe, 0x00, 0xff, 0xfc,
  0x03, 0xff, 0xfc, 0xf9, 0x00, 0x07, 0xff, 0xfc, 0x00, 0xff, 0xfc, 0x00, 0xff, 0xf0, 0xf9, 0x00, 0x04, 0x1f, 0x80, 0x01, 0xff, 0xfc, 0xf3, 0x00,
  0x01, 0xff, 0xf8, 0xf3, 0x00, 0x01, 0x7f, 0xf0, 0xf3, 0x00, 0x01, 0x3f, 0xe0, 0xf3, 0x00, 0x00, 0x01, 0x81, 0x00, 0x81, 0x00, 0xe9, 0x00, 0xfc,
  0x00, 0x00, 0x20, 0xfe, 0x00, 0x01, 0x01, 0xf0, 0xf8, 0x00, 0x01, 0x07, 0xff, 0xfe, 0x00, 0x01, 0x0f, 0xfe, 0xf8, 0x00, 0x06, 0x07, 0xff, 0x80,
  0x00, 0x00, 0x1f, 0xff, 0xf8, 0x00, 0x07, 0x0f, 0xff, 0xc0, 0x00, 0x00, 0x1f, 0xff, 0xc0, 0xf9, 0x00, 0x07, 0x1f, 0xff, 0xc0, 0x00, 0x00, 0x1f,
  0xff, 0xc0, 0xf9, 0x00, 0x07, 0x3f, 0xff, 0xc0, 0x00, 0x00, 0x7f, 0xff, 0xc0, 0xf9, 0x00, 0x07, 0x3f, 0xef, 0xc0, 0x00, 0x00, 0x1f, 0x07, 0xc0,
  0xf9, 0x00, 0x00, 0x1e, 0xfc, 0x00, 0x01, 0x03, 0x80, 0xd9, 0x00, 0x01, 0x0f, 0xf8, 0xfe, 0x00, 0x02, 0x01, 0xff, 0xc0, 0xf9, 0x00, 0x01, 0x7f,
  0xff, 0xfe, 0x00, 0x02, 0x03, 0xff, 0xf0, 0xf9, 0x00, 0x07, 0xff, 0xff, 0x80, 0x00, 0x00, 0x07, 0xff, 0xfc, 0xfa, 0x00, 0x08, 0x01, 0xff, 0xff,
  0xc0, 0x00, 0x00, 0x0f, 0xff, 0xfc, 0xfa, 0x00, 0x08, 0x03, 0xff, 0xff, 0xc0, 0x00, 0x00, 0x1f, 0xff, 0xfe, 0xfa, 0x00, 0x08, 0x03, 0xff, 0xff,
  0xe0, 0x00, 0x00, 0x1f, 0xff, 0xfe, 0xfa, 0x00, 0x09, 0x07, 0xff, 0xff, 0xe0, 0x00, 0x00, 0x3f, 0xff, 0xff, 0x80, 0xfb, 0x00, 0x09, 0x07, 0xff,
  0xff, 0xe0, 0x00, 0x00, 0x3f, 0xff, 0xff, 0x80, 0xfb, 0x00, 0x09, 0x0f, 0xff, 0xff, 0xe0, 0x00, 0x00, 0x3f, 0xff, 0xff, 0x80, 0xfb, 0x00, 0x09,
  0x0f, 0xff, 0xff, 0xe0, 0x00, 0x00, 0x3f, 0xff, 0xff, 0xc0, 0xfb, 0x00, 0x09, 0x0f, 0xff, 0xff, 0xe0, 0x00, 0x00, 0x7f, 0xff, 0xff, 0xc0, 0xfb,
  0x00, 0x09, 0x3f, 0xff, 0xff, 0xe0, 0x00, 0x00, 0x7f, 0xff, 0xff, 0xc0, 0xfb, 0x00, 0x09, 0x1f, 0xff, 0xff, 0xe0, 0x00, 0x00, 0x3f, 0xff, 0xff,
  0xc0, 0xfb, 0x00, 0x09, 0x1f, 0xff, 0xff, 0xe0, 0x00, 0x00, 0x1f, 0xff, 0xff, 0xe0, 0xfb, 0x00, 0x09, 0x3f, 0xff, 0xff, 0xe0, 0x00, 0x00, 0x1f,
  0xff, 0xff, 0xe0, 0xfb, 0x00, 0x09, 0x3f, 0xff, 0xff, 0xe0, 0x00, 0x00, 0x1f, 0xff, 0xff, 0xe0, 0xfb, 0x00, 0x09, 0x3f, 0xff, 0xff, 0xe0, 0x00,
  0x00, 0x1f, 0xff, 0xff, 0xe0, 0xfb, 0x00, 0x09, 0x3f, 0xff, 0xff, 0xe0, 0x00, 0x00, 0x1f, 0xff, 0xff, 0xe0, 0xfb, 0x00, 0x09, 0x3f, 0xff, 0xff,
  0xe0, 0x00, 0x00, 0x1f, 0xff, 0xff, 0xe0, 0xfb, 0x00, 0x09, 0x3f, 0xff, 0xff, 0xe0, 0x00, 0x00, 0x1f, 0xff, 0xff, 0xe0, 0xfb, 0x00, 0x09, 0x3f,
  0xff, 0xff, 0xc0, 0x00, 0x00, 0x1f, 0xff, 0xff, 0xe0, 0xfb, 0x00, 0x09, 0x3f, 0xff, 0xff, 0xc0, 0x00, 0x00, 0x1f, 0xff, 0xff, 0xe0, 0xfb, 0x00,
  0x09, 0x3f, 0xff, 0xff, 0xc0, 0x00, 0x00, 0x1f, 0xff, 0xff, 0xe0, 0xfb, 0x00, 0x09, 0x3f, 0xff, 0xff, 0xc0, 0x00, 0x00, 0x1f, 0xff, 0xff, 0xc0,
  0xfb, 0x00, 0x09, 0x1f, 0xff, 0xff, 0xc0, 0x00, 0x00, 0x1f, 0xff, 0xff, 0xc0, 0xfb, 0x00, 0x09, 0x1f, 0xff, 0xff, 0xc0, 0x00, 0x00, 0x0f, 0xff,
  0xff, 0xc0, 0xfb, 0x00, 0x09, 0x1f, 0xff, 0xff, 0x80, 0x00, 0x00, 0x0f, 0xff, 0xff, 0xc0, 0xfb, 0x00, 0x09, 0x0f, 0xff, 0xff, 0x80, 0x00, 0x00,
  0x0f, 0xff, 0xff, 0xc0, 0xfb, 0x00, 0x08, 0x07, 0xff, 0xff, 0x80, 0x00, 0x00, 0x07, 0xff, 0xff, 0xfa, 0x00, 0x08, 0x03, 0xff, 0xff, 0x00, 0x3f,
  0xf8, 0x07, 0xff, 0xff, 0xfa, 0x00, 0x08, 0x03, 0xff, 0xfe, 0x00, 0xff, 0xfc, 0x01, 0xff, 0xfc, 0xf9, 0x00, 0x07, 0xff, 0xf8, 0x00, 0xff, 0xfc,
  0x00, 0x7f, 0xf0, 0xf6, 0x00, 0x01, 0xff, 0xf8, 0xf3, 0x00, 0x01, 0xff, 0xf8, 0xf3, 0x00, 0x01, 0x7f, 0xf0, 0xf3, 0x00, 0x01, 0x3f, 0xe0, 0xf3,
  0x00, 0x00, 0x03, 0x81, 0x00, 0x81, 0x00, 0xe9, 0x00, 0xfc, 0x00, 0x00, 0x20, 0xfe, 0x00, 0x01, 0x01, 0xfc, 0xf8, 0x00, 0x01, 0x07, 0xff, 0xfe,
  0x00, 0x01, 0x0f, 0xfe, 0xf8, 0x00, 0x07, 0x0f, 0xff, 0x80, 0x00, 0x00, 0x1f, 0xff, 0x80, 0xf9, 0x00, 0x07, 0x0f, 0xff, 0xc0, 0x00, 0x00, 0x1f,
  0xff, 0xc0, 0xf9, 0x00, 0x07, 0x1f, 0xff, 0xc0, 0x00, 0x00, 0x3f, 0xff, 0xc0, 0xf9, 0x00, 0x07, 0x3f, 0xff, 0xc0, 0x00, 0x00, 0x5f, 0xff, 0xc0,
  0xf9, 0x00, 0x07, 0x3f, 0xef, 0xc0, 0x00, 0x00, 0x1c, 0x07, 0xc0, 0xf9, 0x00, 0x00, 0x1c, 0xfc, 0x00, 0x01, 0x03, 0x80, 0xf3, 0x00, 0x00, 0x04,
  0xf2, 0x00, 0x00, 0x04, 0xf8, 0x00, 0x01, 0x0f, 0xf8, 0xfe, 0x00, 0x02, 0x01, 0xff, 0xe0, 0xf9, 0x00, 0x01, 0x7f, 0xff, 0xfe, 0x00, 0x02, 0x07,
  0xff, 0xf0, 0xf9, 0x00, 0x07, 0xff, 0xff, 0x80, 0x00, 0x00, 0x0f, 0xff, 0xfc, 0xfa, 0x00, 0x08, 0x03, 0xff, 0xff, 0xc0, 0x00, 0x00, 0x1f, 0xff,
  0xfc, 0xfa, 0x00, 0x08, 0x03, 0xff, 0xff, 0xc0, 0x00, 0x00, 0x1f, 0xff, 0xfe, 0xfa, 0x00, 0x08, 0x03, 0xff, 0xff, 0xe0, 0x00, 0x00, 0x3f, 0xff,
  0xfe, 0xfa, 0x00, 0x09, 0x07, 0xff, 0xff, 0xe0, 0x00, 0x00, 0x3f, 0xff, 0xff, 0x80, 0xfb, 0x00, 0x09, 0x07, 0xff, 0xff, 0xe0, 0x00, 0x00, 0x3f,
  0xff, 0xff, 0x80, 0xfb, 0x00, 0x09, 0x0f, 0xff, 0xff, 0xe0, 0x00, 0x00, 0x3f, 0xff, 0xff, 0x80, 0xfb, 0x00, 0x09, 0x0f, 0xff, 0xff, 0xe0, 0x00,
  0x00, 0x3f, 0xff, 0xff, 0xc0, 0xfb, 0x00, 0x09, 0x1f, 0xff, 0xff, 0xe0, 0x00, 0x00, 0x7f, 0xff, 0xff, 0xc0, 0xfb, 0x00, 0x09, 0x3f, 0xff, 0xff,
  0xe0, 0x00, 0x00, 0x7f, 0xff, 0xff, 0xc0, 0xfb, 0x00, 0x09, 0x3f, 0xff, 0xff, 0xe0, 0x00, 0x00, 0x3f, 0xff, 0xff, 0xe0, 0xfb, 0x00, 0x09, 0x1f,
  0xff, 0xff, 0xe0, 0x00, 0x00, 0x3f, 0xff, 0xff, 0xe0, 0xfb, 0x00, 0x09, 0x3f, 0xff, 0xff, 0xe0, 0x00, 0x00, 0x3f, 0xff, 0xff, 0xe0, 0xfb, 0x00,
  0x09, 0x3f, 0xff, 0xff, 0xe0, 0x00, 0x00, 0x1f, 0xff, 0xff, 0xe0, 0xfb, 0x00, 0x09, 0x3f, 0xff, 0xff, 0xe0, 0x00, 0x00, 0x1f, 0xff, 0xff, 0xe0,
  0xfb, 0x00, 0x09, 0x3f, 0xff, 0xff, 0xe0, 0x00, 0x00, 0x1f, 0xff, 0xff, 0xe0, 0xfb, 0x00, 0x09, 0x3f, 0xff, 0xff, 0xe0, 0x00, 0x00, 0x1f, 0xff,
  0xff, 0xe0, 0xfb, 0x00, 0x09, 0x3f, 0xff, 0xff, 0xe0, 0x00, 0x00, 0x1f, 0xff, 0xff, 0xe0, 0xfb, 0x00, 0x09, 0x3f, 0xff, 0xff, 0xc0, 0x00, 0x00,
  0x1f, 0xff, 0xff, 0xe0, 0xfb, 0x00, 0x09, 0x3f, 0xff, 0xff, 0xc0, 0x00, 0x00, 0x1f, 0xff, 0xff, 0xe0, 0xfb, 0x00, 0x09, 0x3f, 0xff, 0xff, 0xe0,
  0x00, 0x00, 0x1f, 0xff, 0xff, 0xe0, 0xfb, 0x00, 0x09, 0x3f, 0xff, 0xff, 0xc0, 0x00, 0x00, 0x1f, 0xff, 0xff, 0xc0, 0xfb, 0x00, 0x09, 0x1f, 0xff,
  0xff, 0xc0, 0x00, 0x00, 0x1f, 0xff, 0xff, 0xc0, 0xfb, 0x00, 0x09, 0x1f, 0xff, 0xff, 0xc0, 0x00, 0x00, 0x1f, 0xff, 0xff, 0xc0, 0xfb, 0x00, 0x09,
  0x1f, 0xff, 0xff, 0x80, 0x00, 0x00, 0x0f, 0xff, 0xff, 0xc0, 0xfb, 0x00, 0x09, 0x0f, 0xff, 0xff, 0x80, 0x00, 0x00, 0x0f, 0xff, 0xff, 0xc0, 0xfb,
  0x00, 0x08, 0x0f, 0xff, 0xff, 0x80, 0x1f, 0x80, 0x0f, 0xff, 0xff, 0xfa, 0x00, 0x08, 0x0f, 0xff, 0xff, 0x80, 0x7f, 0xf8, 0x07, 0xff, 0xff, 0xfa,
  0x00, 0x08, 0x03, 0xff, 0xfe, 0x00, 0xff, 0xfc, 0x03, 0xff, 0xfc, 0xf9, 0x00, 0x07, 0xff, 0xfe, 0x00, 0xff, 0xfc, 0x00, 0x7f, 0xf0, 0xf9, 0x00,
  0x04, 0x06, 0x40, 0x00, 0xff, 0xfc, 0xf3, 0x00, 0x01, 0xff, 0xf8, 0xf3, 0x00, 0x01, 0x7f, 0xf0, 0xf3, 0x00, 0x01, 0x3f, 0xe0, 0xf3, 0x00, 0x00,
  0x0f, 0x81, 0x00, 0x81, 0x00, 0xe9, 0x00, 0xfc, 0x00, 0x00, 0x20, 0xfe, 0x00, 0x01, 0x03, 0xfc, 0xf8, 0x00, 0x01, 0x07, 0xff, 0xfe, 0x00, 0x01,
  0x0f, 0xfe, 0xf8, 0x00, 0x07, 0x0f, 0xff, 0x80, 0x00, 0x00, 0x1f, 0xff, 0x80, 0xf9, 0x00, 0x07, 0x1f, 0xff, 0xc0, 0x00, 0x00, 0x1f, 0xff, 0xc0,
  0xf9, 0x00, 0x07, 0x3f, 0xff, 0xc0, 0x00, 0x00, 0x3f, 0xff, 0xc0, 0xf9, 0x00, 0x07, 0x3f, 0xff, 0xe0, 0x00, 0x00, 0x5f, 0xff, 0xc0, 0xf9, 0x00,
  0x07, 0x3f, 0xeb, 0xc0, 0x00, 0x00, 0x0c, 0x1f, 0xc0, 0xf9, 0x00, 0x00, 0x1e, 0xfc, 0x00, 0x00, 0x03, 0xf8, 0x00, 0x00, 0x02, 0xfc, 0x00, 0x00,
  0x04, 0xf8, 0x00, 0x01, 0x02, 0x20, 0xfd, 0x00, 0x00, 0x4c, 0xf8, 0x00, 0x01, 0x0f, 0xfe, 0xfe, 0x00, 0x02, 0x01, 0xff, 0xf0, 0xf9, 0x00, 0x01,
  0x7f, 0xff, 0xfe, 0x00, 0x02, 0x07, 0xff, 0xf0, 0xf9, 0x00, 0x07, 0xff, 0xff, 0x80, 0x00, 0x00, 0x0f, 0xff, 0xfc, 0xfa, 0x00, 0x08, 0x03, 0xff,
  0xff, 0xc0, 0x00, 0x00, 0x1f, 0xff, 0xfc, 0xfa, 0x00, 0x08, 0x03, 0xff, 0xff, 0xc0, 0x00, 0x00, 0x1f, 0xff, 0xff, 0xfa, 0x00, 0x08, 0x03, 0xff,
  0xff, 0xe0, 0x00, 0x00, 0x3f, 0xff, 0xff, 0xfa, 0x00, 0x09, 0x07, 0xff, 0xff, 0xe0, 0x00, 0x00, 0x3f, 0xff, 0xff, 0x40, 0xfb, 0x00, 0x09, 0x07,
  0xff, 0xff, 0xe0, 0x00, 0x00, 0x7f, 0xff, 0xff, 0xc0, 0xfb, 0x00, 0x09, 0x0f, 0xff, 0xff, 0xe0, 0x00, 0x00, 0x3f, 0xff, 0xff, 0xc0, 0xfb, 0x00,
  0x09, 0x0f, 0xff, 0xff, 0xe0, 0x00, 0x00, 0x3f, 0xff, 0xff, 0xc0, 0xfb, 0x00, 0x09, 0x1f, 0xff, 0xff, 0xe0, 0x00, 0x00, 0x7f, 0xff, 0xff, 0xc0,
  0xfb, 0x00, 0x09, 0x3f, 0xff, 0xff, 0xe0, 0x00, 0x00, 0x7f, 0xff, 0xff, 0xc0, 0xfb, 0x00, 0x09, 0x3f, 0xff, 0xff, 0xe0, 0x00, 0x00, 0x1f, 0xff,
  0xff, 0xc0, 0xfb, 0x00, 0x09, 0x1f, 0xff, 0xff, 0xe0, 0x00, 0x00, 0x3f, 0xff, 0xff, 0xe0, 0xfb, 0x00, 0x09, 0x3f, 0xff, 0xff, 0xe0, 0x00, 0x00,
  0x3f, 0xff, 0xff, 0xe0, 0xfb, 0x00, 0x09, 0x3f, 0xff, 0xff, 0xe0, 0x00, 0x00, 0x1f, 0xff, 0xff, 0xe0, 0xfb, 0x00, 0x09, 0x3f, 0xff, 0xff, 0xe0,
  0x00, 0x00, 0x1f, 0xff, 0xff, 0xf0, 0xfb, 0x00, 0x09, 0x3f, 0xff, 0xff, 0xe0, 0x00, 0x00, 0x1f, 0xff, 0xff, 0xf0, 0xfb, 0x00, 0x09, 0x3f, 0xff,
  0xff, 0xe0, 0x00, 0x00, 0x1f, 0xff, 0xff, 0xe0, 0xfb, 0x00, 0x09, 0x3f, 0xff, 0xff, 0xe0, 0x00, 0x00, 0x1f, 0xff, 0xff, 0xe0, 0xfb, 0x00, 0x09,
  0x3f, 0xff, 0xff, 0xc0, 0x00, 0x00, 0x1f, 0xff, 0xff, 0xe0, 0xfb, 0x00, 0x09, 0x3f, 0xff, 0xff, 0xe0, 0x00, 0x00, 0x1f, 0xff, 0xff, 0xe0, 0xfb,
  0x00, 0x09, 0x3f, 0xff, 0xff, 0xe0, 0x00, 0x00, 0x1f, 0xff, 0xff, 0xe0, 0xfb, 0x00, 0x09, 0x3f, 0xff, 0xff, 0xe0, 0x00, 0x00, 0x1f, 0xff, 0xff,
  0xc0, 0xfb, 0x00, 0x09, 0x1f, 0xff, 0xff, 0xc0, 0x00, 0x00, 0x1f, 0xff, 0xff, 0xc0, 0xfb, 0x00, 0x09, 0x1f, 0xff, 0xff, 0xc0, 0x00, 0x00, 0x0f,
  0xff, 0xff, 0xc0, 0xfb, 0x00, 0x09, 0x1f, 0xff, 0xff, 0x80, 0x00, 0x00, 0x0f, 0xff, 0xff, 0xc0, 0xfb, 0x00, 0x09, 0x0f, 0xff, 0xff, 0x80, 0x00,
  0x00, 0x0f, 0xff, 0xff, 0x80, 0xfb, 0x00, 0x08, 0x07, 0xff, 0xff, 0x80, 0x1f, 0x80, 0x07, 0xff, 0xff, 0xfa, 0x00, 0x08, 0x0f, 0xff, 0xff, 0x80,
  0x7f, 0xf0, 0x07, 0xff, 0xff, 0xfa, 0x00, 0x08, 0x03, 0xff, 0xfe, 0x00, 0xff, 0xfc, 0x03, 0xff, 0xfc, 0xf9, 0x00, 0x07, 0xff, 0xf8, 0x00, 0xff,
  0xfc, 0x00, 0x7f, 0xe0, 0xf9, 0x00, 0x04, 0x06, 0x40, 0x00, 0xff, 0xf8, 0xf3, 0x00, 0x01, 0xff, 0xf8, 0xf3, 0x00, 0x01, 0x7f, 0xf0, 0xf3, 0x00,
  0x01, 0x3f, 0xe0, 0xf3, 0x00, 0x01, 0x07, 0x80, 0x81, 0x00, 0x81, 0x00, 0xea, 0x00, 0xfc, 0x00, 0x00, 0x28, 0xfe, 0x00, 0x01, 0x03, 0xfc, 0xf8,
  0x00, 0x01, 0x07, 0xff, 0xfe, 0x00, 0x01, 0x0f, 0xff, 0xf8, 0x00, 0x07, 0x0f, 0xff, 0x80, 0x00, 0x00, 0x1f, 0xff, 0x80, 0xf9, 0x00, 0x07, 0x1f,
  0xff, 0xc0, 0x00, 0x00, 0x1f, 0xff, 0xc0, 0xf9, 0x00, 0x07, 0x3f, 0xff, 0xc0, 0x00, 0x00, 0x3f, 0xff, 0xc0, 0xf9, 0x00, 0x07, 0x3f, 0xff, 0xc0,
  0x00, 0x00, 0x1f, 0xff, 0xc0, 0xf9, 0x00, 0x07, 0x3f, 0x8b, 0x80, 0x00, 0x00, 0x0c, 0x1f, 0xc0, 0xf9, 0x00, 0x00, 0x1e, 0xfc, 0x00, 0x00, 0x01,
  0xe8, 0x00, 0x01, 0x02, 0x20, 0xfd, 0x00, 0x00, 0x44, 0xf8, 0x00, 0x01, 0x0f, 0xe8, 0xfe, 0x00, 0x02, 0x01, 0xff, 0x80, 0xf9, 0x00, 0x01, 0x3f,
  0xff, 0xfe, 0x00, 0x02, 0x07, 0xff, 0xf0, 0xf9, 0x00, 0x01, 0x7f, 0xff, 0xfe, 0x00, 0x02, 0x0f, 0xff, 0xfc, 0xfa, 0x00, 0x08, 0x03, 0xff, 0xff,
  0xc0, 0x00, 0x00, 0x1f, 0xff, 0xfc, 0xfa, 0x00, 0x08, 0x03, 0xff, 0xff, 0xc0, 0x00, 0x00, 0x1f, 0xff, 0xfe, 0xfa, 0x00, 0x08, 0x03, 0xff, 0xff,
  0xe0, 0x00, 0x00, 0x1f, 0xff, 0xff, 0xfa, 0x00, 0x08, 0x07, 0xff, 0xff, 0xe0, 0x00, 0x00, 0x3f, 0xff, 0xff, 0xfa, 0x00, 0x09, 0x07, 0xff, 0xff,
  0xe0, 0x00, 0x00, 0x3f, 0xff, 0xff, 0x80, 0xfb, 0x00, 0x09, 0x0f, 0xff, 0xff, 0xe0, 0x00, 0x00, 0x3f, 0xff, 0xff, 0xc0, 0xfb, 0x00, 0x09, 0x0f,
  0xff, 0xff, 0xe0, 0x00, 0x00, 0x3f, 0xff, 0xff, 0xc0, 0xfb, 0x00, 0x09, 0x1f, 0xff, 0xff, 0xe0, 0x00, 0x00, 0x7f, 0xff, 0xff, 0xc0, 0xfb, 0x00,
  0x09, 0x3f, 0xff, 0xff, 0xe0, 0x00, 0x00, 0x7f, 0xff, 0xff, 0xc0, 0xfb, 0x00, 0x09, 0x3f, 0xff, 0xff, 0xe0, 0x00, 0x00, 0x3f, 0xff, 0xff, 0xc0,
  0xfb, 0x00, 0x09, 0x1f, 0xff, 0xff, 0xe0, 0x00, 0x00, 0x3f, 0xff, 0xff, 0xc0, 0xfb, 0x00, 0x09, 0x3f, 0xff, 0xff, 0xe0, 0x00, 0x00, 0x3f, 0xff,
  0xff, 0xc0, 0xfb, 0x00, 0x09, 0x3f, 0xff, 0xff, 0xe0, 0x00, 0x00, 0x1f, 0xff, 0xff, 0xc0, 0xfb, 0x00, 0x09, 0x3f, 0xff, 0xff, 0xe0, 0x00, 0x00,
  0x1f, 0xff, 0xff, 0xf0, 0xfb, 0x00, 0x09, 0x3f, 0xff, 0xff, 0xe0, 0x00, 0x00, 0x1f, 0xff, 0xff, 0xe0, 0xfb, 0x00, 0x09, 0x3f, 0xff, 0xff, 0xe0,
  0x00, 0x00, 0x1f, 0xff, 0xff, 0xe0, 0xfb, 0x00, 0x09, 0x3f, 0xff, 0xff, 0xc0, 0x00, 0x00, 0x1f, 0xff, 0xff, 0xe0, 0xfb, 0x00, 0x09, 0x3f, 0xff,
  0xff, 0xc0, 0x00, 0x00, 0x1f, 0xff, 0xff, 0xe0, 0xfb, 0x00, 0x09, 0x3f, 0xff, 0xff, 0xc0, 0x00, 0x00, 0x1f, 0xff, 0xff, 0xe0, 0xfb, 0x00, 0x09,
  0x3f, 0xff, 0xff, 0xe0, 0x00, 0x00, 0x1f, 0xff, 0xff, 0xc0, 0xfb, 0x00, 0x09, 0x3f, 0xff, 0xff, 0xc0, 0x00, 0x00, 0x1f, 0xff, 0xff, 0xc0, 0xfb,
  0x00, 0x09, 0x1f, 0xff, 0xff, 0xc0, 0x00, 0x00, 0x1f, 0xff, 0xff, 0xc0, 0xfb, 0x00, 0x09, 0x1f, 0xff, 0xff, 0x80, 0x00, 0x00, 0x0f, 0xff, 0xff,
  0xc0, 0xfb, 0x00, 0x09, 0x1f, 0xff, 0xff, 0x80, 0x00, 0x00, 0x0f, 0xff, 0xff, 0xc0, 0xfb, 0x00, 0x09, 0x0f, 0xff, 0xff, 0x80, 0x00, 0x00, 0x0f,
  0xff, 0xff, 0x80, 0xfb, 0x00, 0x08, 0x0f, 0xff, 0xff, 0x80, 0x0a, 0x00, 0x07, 0xff, 0xff, 0xfa, 0x00, 0x08, 0x03, 0xff, 0xff, 0x80, 0x7f, 0xf8,
  0x07, 0xff, 0xff, 0xfa, 0x00, 0x08, 0x03, 0xff, 0xfe, 0x00, 0xff, 0xfc, 0x03, 0xff, 0xfc, 0xf9, 0x00, 0x07, 0xff, 0xf8, 0x00, 0xff, 0xf8, 0x00,
  0x7f, 0xe0, 0xf9, 0x00, 0x04, 0x5f, 0xc0, 0x00, 0xff, 0xf8, 0xf3, 0x00, 0x01, 0xff, 0xf8, 0xf3, 0x00, 0x01, 0x7f, 0xf0, 0xf3, 0x00, 0x01, 0x3f,
  0xe0, 0xf3, 0x00, 0x01, 0x01, 0x80, 0x81, 0x00, 0x81, 0x00, 0xea, 0x00, 0xfc, 0x00, 0x00, 0x28, 0xfe, 0x00, 0x01, 0x03, 0xfc, 0xf8, 0x00, 0x01,
  0x07, 0xff, 0xfe, 0x00, 0x01, 0x0f, 0xff, 0xf8, 0x00, 0x07, 0x0f, 0xff, 0x80, 0x00, 0x00, 0x1f, 0xff, 0x80, 0xf9, 0x00, 0x07, 0x1f, 0xff, 0xc0,
  0x00, 0x00, 0x1f, 0xff, 0xc0, 0xf9, 0x00, 0x07, 0x3f, 0xff, 0xc0, 0x00, 0x00, 0x3f, 0xff, 0xc0, 0xf9, 0x00, 0x07, 0x3f, 0xff, 0xc0, 0x00, 0x00,
  0x1f, 0xff, 0xc0, 0xf9, 0x00, 0x07, 0x3f, 0x03, 0xc0, 0x00, 0x00, 0x0c, 0x1f, 0xc0, 0xf9, 0x00, 0x00, 0x1e, 0xfc, 0x00, 0x00, 0x03, 0xe8, 0x00,
  0x01, 0x02, 0x60, 0xfd, 0x00, 0x00, 0x06, 0xf8, 0x00, 0x01, 0x0f, 0xf8, 0xfe, 0x00, 0x02, 0x01, 0xff, 0xc0, 0xf9, 0x00, 0x01, 0x3f, 0xff, 0xfe,
  0x00, 0x02, 0x07, 0xff, 0xf0, 0xf9, 0x00, 0x07, 0x7f, 0xff, 0x80, 0x00, 0x00, 0x0f, 0xff, 0xfc, 0xfa, 0x00, 0x08, 0x03, 0xff, 0xff, 0xc0, 0x00,
  0x00, 0x1f, 0xff, 0xfc, 0xfa, 0x00, 0x08, 0x03, 0xff, 0xff, 0xc0, 0x00, 0x00, 0x1f, 0xff, 0xfe, 0xfa, 0x00, 0x08, 0x03, 0xff, 0xff, 0xe0, 0x00,
  0x00, 0x1f, 0xff, 0xff, 0xfa, 0x00, 0x08, 0x07, 0xff, 0xff, 0xe0, 0x00, 0x00, 0x3f, 0xff, 0xff, 0xfa, 0x00, 0x09, 0x07, 0xff, 0xff, 0xe0, 0x00,
  0x00, 0x7f, 0xff, 0xff, 0x80, 0xfb, 0x00, 0x09, 0x0f, 0xff, 0xff, 0xe0, 0x00, 0x00, 0x3f, 0xff, 0xff, 0xc0, 0xfb, 0x00, 0x09, 0x0f, 0xff, 0xff,
  0xe0, 0x00, 0x00, 0x3f, 0xff, 0xff, 0xc0, 0xfb, 0x00, 0x09, 0x1f, 0xff, 0xff, 0xe0, 0x00, 0x00, 0x7f, 0xff, 0xff, 0xc0, 0xfb, 0x00, 0x09, 0x3f,
  0xff, 0xff, 0xe0, 0x00, 0x00, 0x7f, 0xff, 0xff, 0xc0, 0xfb, 0x00, 0x09, 0x3f, 0xff, 0xff, 0xe0, 0x00, 0x00, 0x3f, 0xff, 0xff, 0xc0, 0xfb, 0x00,
  0x09, 0x3f, 0xff, 0xff, 0xe0, 0x00, 0x00, 0x3f, 0xff, 0xff, 0xc0, 0xfb, 0x00, 0x09, 0x3f, 0xff, 0xff, 0xe0, 0x00, 0x00, 0x3f, 0xff, 0xff, 0xc0,
  0xfb, 0x00, 0x09, 0x3f, 0xff, 0xff, 0xe0, 0x00, 0x00, 0x1f, 0xff, 0xff, 0xe0, 0xfb, 0x00, 0x09, 0x3f, 0xff, 0xff, 0xe0, 0x00, 0x00, 0x1f, 0xff,
  0xff, 0xf0, 0xfb, 0x00, 0x09, 0x3f, 0xff, 0xff, 0xe0, 0x00, 0x00, 0x1f, 0xff, 0xff, 0xe0, 0xfb, 0x00, 0x09, 0x3f, 0xff, 0xff, 0xe0, 0x00, 0x00,
  0x3f, 0xff, 0xff, 0xe0, 0xfb, 0x00, 0x09, 0x3f, 0xff, 0xff, 0xc0, 0x00, 0x00, 0x1f, 0xff, 0xff, 0xe0, 0xfb, 0x00, 0x09, 0x3f, 0xff, 0xff, 0xc0,
  0x00, 0x00, 0x1f, 0xff, 0xff, 0xf0, 0xfb, 0x00, 0x09, 0x3f, 0xff, 0xff, 0xc0, 0x00, 0x00, 0x1f, 0xff, 0xff, 0xe0, 0xfb, 0x00, 0x09, 0x3f, 0xff,
  0xff, 0xe0, 0x00, 0x00, 0x1f, 0xff, 0xff, 0xc0, 0xfb, 0x00, 0x09, 0x3f, 0xff, 0xff, 0xc0, 0x00, 0x00, 0x1f, 0xff, 0xff, 0xc0, 0xfb, 0x00, 0x09,
  0x1f, 0xff, 0xff, 0xc0, 0x00, 0x00, 0x1f, 0xff, 0xff, 0xc0, 0xfb, 0x00, 0x09, 0x1f, 0xff, 0xff, 0x80, 0x00, 0x00, 0x0f, 0xff, 0xff, 0xc0, 0xfb,
  0x00, 0x09, 0x1f, 0xff, 0xff, 0x80, 0x00, 0x00, 0x0f, 0xff, 0xff, 0xc0, 0xfb, 0x00, 0x09, 0x0f, 0xff, 0xff, 0x80, 0x00, 0x00, 0x0f, 0xff, 0xff,
  0x80, 0xfb, 0x00, 0x08, 0x0f, 0xff, 0xff, 0x80, 0x0a, 0x00, 0x07, 0xff, 0xff, 0xfa, 0x00, 0x08, 0x03, 0xff, 0xff, 0x80, 0x7f, 0xf8, 0x07, 0xff,
  0xfe, 0xfa, 0x00, 0x08, 0x03, 0xff, 0xfe, 0x00, 0xff, 0xfc, 0x01, 0xff, 0xfc, 0xf9, 0x00, 0x07, 0xff, 0xf8, 0x00, 0xff, 0xf8, 0x00, 0x3f, 0xe0,
  0xf9, 0x00, 0x04, 0x4f, 0x40, 0x00, 0xff, 0xf8, 0xf3, 0x00, 0x01, 0xff, 0xf8, 0xf3, 0x00, 0x01, 0x7f, 0xf0, 0xf3, 0x00, 0x01, 0x3f, 0xc0, 0xf3,
  0x00, 0x01, 0x09, 0x80, 0x81, 0x00, 0x81, 0x00, 0xea, 0x00, 0xfc, 0x00, 0x00, 0x38, 0xfe, 0x00, 0x01, 0x03, 0xfc, 0xf8, 0x00, 0x01, 0x03, 0xff,
  0xfe, 0x00, 0x01, 0x0f, 0xfe, 0xf8, 0x00, 0x07, 0x0f, 0xff, 0x80, 0x00, 0x00, 0x1f, 0xff, 0x80, 0xf9, 0x00, 0x07, 0x0f, 0xff, 0xc0, 0x00, 0x00,
  0x1f, 0xff, 0xc0, 0xf9, 0x00, 0x07, 0x3f, 0xff, 0xc0, 0x00, 0x00, 0x1f, 0xff, 0xc0, 0xf9, 0x00, 0x07, 0x3f, 0xff, 0xc0, 0x00, 0x00, 0x1f, 0xff,
  0xc0, 0xf9, 0x00, 0x07, 0x3f, 0xc3, 0xc0, 0x00, 0x00, 0x0c, 0x0f, 0xc0, 0xf9, 0x00, 0x00, 0x1c, 0xfc, 0x00, 0x00, 0x03, 0xe8, 0x00, 0x01, 0x02,
  0x60, 0xfd, 0x00, 0x00, 0x04, 0xf8, 0x00, 0x01, 0x0f, 0xf8, 0xfe, 0x00, 0x02, 0x01, 0xff, 0xc0, 0xf9, 0x00, 0x01, 0x3f, 0xff, 0xfe, 0x00, 0x02,
  0x07, 0xff, 0xf0, 0xf9, 0x00, 0x01, 0xff, 0xff, 0xfe, 0x00, 0x02, 0x0f, 0xff, 0xfc, 0xfa, 0x00, 0x08, 0x03, 0xff, 0xff, 0xc0, 0x00, 0x00, 0x1f,
  0xff, 0xfc, 0xfa, 0x00, 0x08, 0x03, 0xff, 0xff, 0xc0, 0x00, 0x00, 0x1f, 0xff, 0xfe, 0xfa, 0x00, 0x08, 0x03, 0xff, 0xff, 0xe0, 0x00, 0x00, 0x1f,
  0xff, 0xff, 0xfa, 0x00, 0x08, 0x07, 0xff, 0xff, 0xe0, 0x00, 0x00, 0x3f, 0xff, 0xff, 0xfa, 0x00, 0x09, 0x07, 0xff, 0xff, 0xe0, 0x00, 0x00, 0x7f,
  0xff, 0xff, 0x80, 0xfb, 0x00, 0x09, 0x0f, 0xff, 0xff, 0xe0, 0x00, 0x00, 0x3f, 0xff, 0xff, 0x80, 0xfb, 0x00, 0x09, 0x0f, 0xff, 0xff, 0xe0, 0x00,
  0x00, 0x3f, 0xff, 0xff, 0xc0, 0xfb, 0x00, 0x09, 0x1f, 0xff, 0xff, 0xe0, 0x00, 0x00, 0x7f, 0xff, 0xff, 0xc0, 0xfb, 0x00, 0x09, 0x3f, 0xff, 0xff,
  0xe0, 0x00, 0x00, 0x7f, 0xff, 0xff, 0xc0, 0xfb, 0x00, 0x09, 0x3f, 0xff, 0xff, 0xe0, 0x00, 0x00, 0x1f, 0xff, 0xff, 0xc0, 0xfb, 0x00, 0x09, 0x3f,
  0xff, 0xff, 0xe0, 0x00, 0x00, 0x1f, 0xff, 0xff, 0xc0, 0xfb, 0x00, 0x09, 0x3f, 0xff, 0xff, 0xe0, 0x00, 0x00, 0x3f, 0xff, 0xff, 0xc0, 0xfb, 0x00,
  0x09, 0x3f, 0xff, 0xff, 0xe0, 0x00, 0x00, 0x1f, 0xff, 0xff, 0xe0, 0xfb, 0x00, 0x09, 0x3f, 0xff, 0xff, 0xe0, 0x00, 0x00, 0x1f, 0xff, 0xff, 0xf0,
  0xfb, 0x00, 0x09, 0x3f, 0xff, 0xff, 0xe0, 0x00, 0x00, 0x1f, 0xff, 0xff, 0xe0, 0xfb, 0x00, 0x09, 0x3f, 0xff, 0xff, 0xe0, 0x00, 0x00, 0x3f, 0xff,
  0xff, 0xe0, 0xfb, 0x00, 0x09, 0x3f, 0xff, 0xff, 0xe0, 0x00, 0x00, 0x1f, 0xff, 0xff, 0xe0, 0xfb, 0x00, 0x09, 0x3f, 0xff, 0xff, 0xe0, 0x00, 0x00,
  0x1f, 0xff, 0xff, 0xf0, 0xfb, 0x00, 0x09, 0x3f, 0xff, 0xff, 0xe0, 0x00, 0x00, 0x1f, 0xff, 0xff, 0xe0, 0xfb, 0x00, 0x09, 0x3f, 0xff, 0xff, 0xe0,
  0x00, 0x00, 0x1f, 0xff, 0xff, 0xc0, 0xfb, 0x00, 0x09, 0x3f, 0xff, 0xff, 0xc0, 0x00, 0x00, 0x1f, 0xff, 0xff, 0xc0, 0xfb, 0x00, 0x09, 0x1f, 0xff,
  0xff, 0xc0, 0x00, 0x00, 0x1f, 0xff, 0xff, 0xc0, 0xfb, 0x00, 0x09, 0x1f, 0xff, 0xff, 0xc0, 0x00, 0x00, 0x0f, 0xff, 0xff, 0xc0, 0xfb, 0x00, 0x09,
  0x1f, 0xff, 0xff, 0x80, 0x00, 0x00, 0x0f, 0xff, 0xff, 0xc0, 0xfb, 0x00, 0x09, 0x0f, 0xff, 0xff, 0x80, 0x00, 0x00, 0x0f, 0xff, 0xff, 0x80, 0xfb,
  0x00, 0x08, 0x0f, 0xff, 0xff, 0x80, 0x0f, 0x80, 0x07, 0xff, 0xff, 0xfa, 0x00, 0x08, 0x03, 0xff, 0xff, 0x80, 0x7f, 0xf8, 0x07, 0xff, 0xfe, 0xfa,
  0x00, 0x08, 0x03, 0xff, 0xfe, 0x00, 0xff, 0xfc, 0x07, 0xff, 0xfc, 0xf9, 0x00, 0x07, 0xff, 0xfa, 0x00, 0xff, 0xf8, 0x00, 0x3f, 0xe0, 0xf9, 0x00,
  0x04, 0x1f, 0xc0, 0x00, 0xff, 0xf8, 0xf3, 0x00, 0x01, 0xff, 0xf8, 0xf3, 0x00, 0x01, 0x7f, 0xf0, 0xf3, 0x00, 0x01, 0x1f, 0xc0, 0xf3, 0x00, 0x01,
  0x01, 0x80, 0x81, 0x00, 0x81, 0x00, 0xea, 0x00, 0xfc, 0x00, 0x00, 0x3a, 0xfe, 0x00, 0x01, 0x03, 0xfc, 0xf8, 0x00, 0x01, 0x03, 0xff, 0xfe, 0x00,
  0x01, 0x0f, 0xfe, 0xf8, 0x00, 0x06, 0x0f, 0xff, 0x80, 0x00, 0x00, 0x1f, 0xff, 0xf8, 0x00, 0x07, 0x0f, 0xff, 0xc0, 0x00, 0x00, 0x1f, 0xff, 0xc0,
  0xf9, 0x00, 0x07, 0x1f, 0xff, 0xc0, 0x00, 0x00, 0x1f, 0xff, 0xc0, 0xf9, 0x00, 0x07, 0x3f, 0xff, 0xe0, 0x00, 0x00, 0x1f, 0xff, 0xc0, 0xf9, 0x00,
  0x07, 0x3f, 0xcb, 0xc0, 0x00, 0x00, 0x0c, 0x1f, 0xc0, 0xf9, 0x00, 0x00, 0x0c, 0xfc, 0x00, 0x00, 0x01, 0xe8, 0x00, 0x01, 0x06, 0x60, 0xfd, 0x00,
  0x00, 0x4c, 0xf8, 0x00, 0x01, 0x0f, 0xfc, 0xfe, 0x00, 0x02, 0x01, 0xff, 0xd0, 0xf9, 0x00, 0x01, 0x3f, 0xff, 0xfe, 0x00, 0x02, 0x07, 0xff, 0xf0,
  0xf9, 0x00, 0x01, 0xff, 0xff, 0xfe, 0x00, 0x02, 0x0f, 0xff, 0xfc, 0xfa, 0x00, 0x08, 0x03, 0xff, 0xff, 0xc0, 0x00, 0x00, 0x0f, 0xff, 0xfc, 0xfa,
  0x00, 0x08, 0x03, 0xff, 0xff, 0xc0, 0x00, 0x00, 0x1f, 0xff, 0xfe, 0xfa, 0x00, 0x08, 0x03, 0xff, 0xff, 0xc0, 0x00, 0x00, 0x1f, 0xff, 0xff, 0xfa,
  0x00, 0x08, 0x07, 0xff, 0xff, 0xe0, 0x00, 0x00, 0x3f, 0xff, 0xff, 0xfa, 0x00, 0x09, 0x07, 0xff, 0xff, 0xe0, 0x00, 0x00, 0x3f, 0xff, 0xff, 0x80,
  0xfb, 0x00, 0x09, 0x0f, 0xff, 0xff, 0xe0, 0x00, 0x00, 0x1f, 0xff, 0xff, 0x80, 0xfb, 0x00, 0x09, 0x0f, 0xff, 0xff, 0xe0, 0x00, 0x00, 0x3f, 0xff,
  0xff, 0xc0, 0xfb, 0x00, 0x09, 0x0f, 0xff, 0xff, 0xe0, 0x00, 0x00, 0x7f, 0xff, 0xff, 0xc0, 0xfb, 0x00, 0x09, 0x2f, 0xff, 0xff, 0xe0, 0x00, 0x00,
  0x1f, 0xff, 0xff, 0xc0, 0xfb, 0x00, 0x09, 0x3f, 0xff, 0xff, 0xe0, 0x00, 0x00, 0x1f, 0xff, 0xff, 0xc0, 0xfb, 0x00, 0x09, 0x1f, 0xff, 0xff, 0xe0,
  0x00, 0x00, 0x1f, 0xff, 0xff, 0xc0, 0xfb, 0x00, 0x09, 0x3f, 0xff, 0xff, 0xe0, 0x00, 0x00, 0x1f, 0xff, 0xff, 0xc0, 0xfb, 0x00, 0x09, 0x3f, 0xff,
  0xff, 0xe0, 0x00, 0x00, 0x1f, 0xff, 0xff, 0xe0, 0xfb, 0x00, 0x09, 0x3f, 0xff, 0xff, 0xc0, 0x00, 0x00, 0x1f, 0xff, 0xff, 0xf0, 0xfb, 0x00, 0x09,
  0x3f, 0xff, 0xff, 0xc0, 0x00, 0x00, 0x1f, 0xff, 0xff, 0xe0, 0xfb, 0x00, 0x09, 0x3f, 0xff, 0xff, 0xe0, 0x00, 0x00, 0x1f, 0xff, 0xff, 0xe0, 0xfb,
  0x00, 0x09, 0x3f, 0xff, 0xff, 0xe0, 0x00, 0x00, 0x1f, 0xff, 0xff, 0xe0, 0xfb, 0x00, 0x09, 0x3f, 0xff, 0xff, 0xc0, 0x00, 0x00, 0x1f, 0xff, 0xff,
  0xe0, 0xfb, 0x00, 0x09, 0x3f, 0xff, 0xff, 0xc0, 0x00, 0x00, 0x1f, 0xff, 0xff, 0xe0, 0xfb, 0x00, 0x09, 0x3f, 0xff, 0xff, 0xe0, 0x00, 0x00, 0x1f,
  0xff, 0xff, 0xc0, 0xfb, 0x00, 0x09, 0x3f, 0xff, 0xff, 0xc0, 0x00, 0x00, 0x1f, 0xff, 0xff, 0xc0, 0xfb, 0x00, 0x09, 0x1f, 0xff, 0xff, 0xc0, 0x00,
  0x00, 0x1f, 0xff, 0xff, 0xc0, 0xfb, 0x00, 0x09, 0x1f, 0xff, 0xff, 0xc0, 0x00, 0x00, 0x0f, 0xff, 0xff, 0xc0, 0xfb, 0x00, 0x09, 0x0f, 0xff, 0xff,
  0x80, 0x00, 0x00, 0x0f, 0xff, 0xff, 0xc0, 0xfb, 0x00, 0x09, 0x0f, 0xff, 0xff, 0x80, 0x00, 0x00, 0x0f, 0xff, 0xff, 0x80, 0xfb, 0x00, 0x08, 0x07,
  0xff, 0xff, 0x80, 0x0b, 0x80, 0x07, 0xff, 0xff, 0xfa, 0x00, 0x08, 0x03, 0xff, 0xff, 0x00, 0x3f, 0xf0, 0x03, 0xff, 0xfe, 0xfa, 0x00, 0x08, 0x03,
  0xff, 0xfe, 0x00, 0x7f, 0xfc, 0x01, 0xff, 0xfc, 0xf9, 0x00, 0x07, 0x7f, 0xf8, 0x00, 0xff, 0xf8, 0x00, 0x1f, 0xc0, 0xf6, 0x00, 0x01, 0xff, 0xf8,
  0xf3, 0x00, 0x01, 0x7f, 0xf8, 0xf3, 0x00, 0x01, 0x3f, 0xf0, 0xf3, 0x00, 0x01, 0x0f, 0xc0, 0xf3, 0x00, 0x01, 0x01, 0x80, 0x81, 0x00, 0x81, 0x00,
  0xea, 0x00, 0xfc, 0x00, 0x00, 0x3a, 0xfe, 0x00, 0x01, 0x05, 0xfc, 0xf8, 0x00, 0x01, 0x03, 0xff, 0xfe, 0x00, 0x01, 0x0f, 0xfe, 0xf8, 0x00, 0x07,
  0x0f, 0xff, 0x80, 0x00, 0x00, 0x1f, 0xff, 0x80, 0xf9, 0x00, 0x07, 0x0f, 0xff, 0xc0, 0x00, 0x00, 0x1f, 0xff, 0xc0, 0xf9, 0x00, 0x07, 0x1f, 0xff,
  0xc0, 0x00, 0x00, 0x1f, 0xff, 0xc0, 0xf9, 0x00, 0x07, 0x3f, 0xff, 0xc0, 0x00, 0x00, 0x1f, 0xff, 0xc0, 0xf9, 0x00, 0x07, 0x1f, 0x8b, 0x80, 0x00,
  0x00, 0x0c, 0x17, 0xc0, 0xf9, 0x00, 0x00, 0x0c, 0xe2, 0x00, 0x00, 0x02, 0xfc, 0x00, 0x00, 0x04, 0xf8, 0x00, 0x01, 0x2f, 0xfa, 0xfe, 0x00, 0x02,
  0x01, 0xff, 0xc0, 0xf9, 0x00, 0x01, 0x3f, 0xff, 0xfe, 0x00, 0x02, 0x03, 0xff, 0xf0, 0xf9, 0x00, 0x07, 0xff, 0xff, 0x80, 0x00, 0x00, 0x0f, 0xff,
  0xfc, 0xfa, 0x00, 0x08, 0x01, 0xff, 0xff, 0xc0, 0x00, 0x00, 0x0f, 0xff, 0xfc, 0xfa, 0x00, 0x08, 0x03, 0xff, 0xff, 0xc0, 0x00, 0x00, 0x1f, 0xff,
  0xff, 0xfa, 0x00, 0x08, 0x03, 0xff, 0xff, 0xc0, 0x00, 0x00, 0x1f, 0xff, 0xff, 0xfa, 0x00, 0x09, 0x07, 0xff, 0xff, 0xe0, 0x00, 0x00, 0x3f, 0xff,
  0xff, 0x80, 0xfb, 0x00, 0x09, 0x07, 0xff, 0xff, 0xe0, 0x00, 0x00, 0x7f, 0xff, 0xff, 0x80, 0xfb, 0x00, 0x09, 0x0f, 0xff, 0xff, 0xe0, 0x00, 0x00,
  0x3f, 0xff, 0xff, 0x80, 0xfb, 0x00, 0x09, 0x0f, 0xff, 0xff, 0xe0, 0x00, 0x00, 0x3f, 0xff, 0xff, 0xc0, 0xfb, 0x00, 0x09, 0x0f, 0xff, 0xff, 0xe0,
  0x00, 0x00, 0x7f, 0xff, 0xff, 0xc0, 0xfb, 0x00, 0x09, 0x2f, 0xff, 0xff, 0xe0, 0x00, 0x00, 0x5f, 0xff, 0xff, 0xc0, 0xfb, 0x00, 0x09, 0x1f, 0xff,
  0xff, 0xe0, 0x00, 0x00, 0x1f, 0xff, 0xff, 0xc0, 0xfb, 0x00, 0x09, 0x1f, 0xff, 0xff, 0xc0, 0x00, 0x00, 0x1f, 0xff, 0xff, 0xc0, 0xfb, 0x00, 0x09,
  0x3f, 0xff, 0xff, 0xe0, 0x00, 0x00, 0x1f, 0xff, 0xff, 0xe0, 0xfb, 0x00, 0x09, 0x3f, 0xff, 0xff, 0xe0, 0x00, 0x00, 0x1f, 0xff, 0xff, 0xe0, 0xfb,
  0x00, 0x09, 0x3f, 0xff, 0xff, 0xc0, 0x00, 0x00, 0x1f, 0xff, 0xff, 0xe0, 0xfb, 0x00, 0x09, 0x3f, 0xff, 0xff, 0xc0, 0x00, 0x00, 0x1f, 0xff, 0xff,
  0xe0, 0xfb, 0x00, 0x09, 0x3f, 0xff, 0xff, 0xe0, 0x00, 0x00, 0x1f, 0xff, 0xff, 0xe0, 0xfb, 0x00, 0x09, 0x3f, 0xff, 0xff, 0xe0, 0x00, 0x00, 0x1f,
  0xff, 0xff, 0xe0, 0xfb, 0x00, 0x09, 0x3f, 0xff, 0xff, 0xc0, 0x00, 0x00, 0x1f, 0xff, 0xff, 0xe0, 0xfb, 0x00, 0x09, 0x3f, 0xff, 0xff, 0xc0, 0x00,
  0x00, 0x1f, 0xff, 0xff, 0xe0, 0xfb, 0x00, 0x09, 0x3f, 0xff, 0xff, 0xe0, 0x00, 0x00, 0x1f, 0xff, 0xff, 0xe0, 0xfb, 0x00, 0x09, 0x3f, 0xff, 0xff,
  0xc0, 0x00, 0x00, 0x1f, 0xff, 0xff, 0xe0, 0xfb, 0x00, 0x09, 0x1f, 0xff, 0xff, 0xc0, 0x00, 0x00, 0x1f, 0xff, 0xff, 0xc0, 0xfb, 0x00, 0x09, 0x1f,
  0xff, 0xff, 0xc0, 0x00, 0x00, 0x0f, 0xff, 0xff, 0xc0, 0xfb, 0x00, 0x09, 0x0f, 0xff, 0xff, 0xc0, 0x00, 0x00, 0x0f, 0xff, 0xff, 0xc0, 0xfb, 0x00,
  0x09, 0x0f, 0xff, 0xff, 0x80, 0x00, 0x00, 0x0f, 0xff, 0xff, 0xc0, 0xfb, 0x00, 0x08, 0x07, 0xff, 0xff, 0x80, 0x1f, 0x80, 0x07, 0xff, 0xff, 0xfa,
  0x00, 0x08, 0x03, 0xff, 0xff, 0x00, 0x7f, 0xf8, 0x07, 0xff, 0xff, 0xfa, 0x00, 0x08, 0x03, 0xff, 0xfe, 0x00, 0xff, 0xfc, 0x01, 0xff, 0xfc, 0xf9,
  0x00, 0x07, 0xff, 0xfa, 0x00, 0xff, 0xf8, 0x00, 0x7f, 0xe0, 0xf6, 0x00, 0x01, 0xff, 0xf8, 0xf3, 0x00, 0x01, 0x7f, 0xf8, 0xf3, 0x00, 0x01, 0x7f,
  0xf0, 0xf3, 0x00, 0x01, 0x1f, 0xe0, 0xf3, 0x00, 0x01, 0x01, 0x80, 0x81, 0x00, 0x81, 0x00, 0xea, 0x00, 0xfd, 0x00, 0x01, 0x02, 0x7e, 0xfe, 0x00,
  0x01, 0x07, 0xfc, 0xf8, 0x00, 0x06, 0x07, 0xff, 0xc0, 0x00, 0x00, 0x0f, 0xff, 0xf8, 0x00, 0x07, 0x0f, 0xff, 0xc0, 0x00, 0x00, 0x1f, 0xff, 0x80,
  0xf9, 0x00, 0x07, 0x1f, 0xff, 0xe0, 0x00, 0x00, 0x3f, 0xff, 0xc0, 0xf9, 0x00, 0x07, 0x3f, 0xff, 0xe0, 0x00, 0x00, 0x3f, 0xff, 0xc0, 0xf9, 0x00,
  0x07, 0x3f, 0xff, 0xc0, 0x00, 0x00, 0x1f, 0xff, 0xc0, 0xf9, 0x00, 0x07, 0x3f, 0xef, 0xc0, 0x00, 0x00, 0x1f, 0x1f, 0xc0, 0xf9, 0x00, 0x00, 0x1f,
  0xfc, 0x00, 0x01, 0x03, 0x80, 0xf9, 0x00, 0x00, 0x0e, 0xfc, 0x00, 0x01, 0x05, 0x80, 0xf9, 0x00, 0x01, 0x07, 0x40, 0xfd, 0x00, 0x01, 0x4f, 0xc0,
  0xf9, 0x00, 0x01, 0x3f, 0xfe, 0xfe, 0x00, 0x02, 0x03, 0xff, 0xf0, 0xf9, 0x00, 0x01, 0x7f, 0xff, 0xfe, 0x00, 0x02, 0x07, 0xff, 0xf0, 0xfa, 0x00,
  0x08, 0x02, 0xff, 0xff, 0x80, 0x00, 0x00, 0x0f, 0xff, 0xfc, 0xfa, 0x00, 0x08, 0x03, 0xff, 0xff, 0xc0, 0x00, 0x00, 0x1f, 0xff, 0xfc, 0xfa, 0x00,
  0x08, 0x03, 0xff, 0xff, 0xe0, 0x00, 0x00, 0x1f, 0xff, 0xff, 0xfa, 0x00, 0x08, 0x07, 0xff, 0xff, 0xe0, 0x00, 0x00, 0x1f, 0xff, 0xff, 0xfa, 0x00,
  0x09, 0x07, 0xff, 0xff, 0xe0, 0x00, 0x00, 0x7f, 0xff, 0xff, 0x80, 0xfb, 0x00, 0x09, 0x07, 0xff, 0xff, 0xe0, 0x00, 0x00, 0x7f, 0xff, 0xff, 0x80,
  0xfb, 0x00, 0x09, 0x0f, 0xff, 0xff, 0xe0, 0x00, 0x00, 0x3f, 0xff, 0xff, 0xc0, 0xfb, 0x00, 0x09, 0x0f, 0xff, 0xff, 0xe0, 0x00, 0x00, 0x3f, 0xff,
  0xff, 0xc0, 0xfb, 0x00, 0x09, 0x1f, 0xff, 0xff, 0xe0, 0x00, 0x00, 0x7f, 0xff, 0xff, 0xc0, 0xfb, 0x00, 0x09, 0x3f, 0xff, 0xff, 0xe0, 0x00, 0x00,
  0x7f, 0xff, 0xff, 0xc0, 0xfb, 0x00, 0x09, 0x1f, 0xff, 0xff, 0xe0, 0x00, 0x00, 0x3f, 0xff, 0xff, 0xe0, 0xfb, 0x00, 0x09, 0x3f, 0xff, 0xff, 0xe0,
  0x00, 0x00, 0x3f, 0xff, 0xff, 0xe0, 0xfb, 0x00, 0x09, 0x3f, 0xff, 0xff, 0xe0, 0x00, 0x00, 0x3f, 0xff, 0xff, 0xe0, 0xfb, 0x00, 0x09, 0x3f, 0xff,
  0xff, 0xe0, 0x00, 0x00, 0x1f, 0xff, 0xff, 0xf0, 0xfb, 0x00, 0x09, 0x3f, 0xff, 0xff, 0xe0, 0x00, 0x00, 0x1f, 0xff, 0xff, 0xe0, 0xfb, 0x00, 0x09,
  0x3f, 0xff, 0xff, 0xe0, 0x00, 0x00, 0x1f, 0xff, 0xff, 0xf0, 0xfb, 0x00, 0x09, 0x3f, 0xff, 0xff, 0xe0, 0x00, 0x00, 0x1f, 0xff, 0xff, 0xe0, 0xfb,
  0x00, 0x09, 0x3f, 0xff, 0xff, 0xe0, 0x00, 0x00, 0x1f, 0xff, 0xff, 0xf0, 0xfb, 0x00, 0x09, 0x3f, 0xff, 0xff, 0xe0, 0x00, 0x00, 0x1f, 0xff, 0xff,
  0xf0, 0xfb, 0x00, 0x09, 0x3f, 0xff, 0xff, 0xc0, 0x00, 0x00, 0x1f, 0xff, 0xff, 0xf0, 0xfb, 0x00, 0x09, 0x3f, 0xff, 0xff, 0xe0, 0x00, 0x00, 0x1f,
  0xff, 0xff, 0xe0, 0xfb, 0x00, 0x09, 0x3f, 0xff, 0xff, 0xc0, 0x00, 0x00, 0x1f, 0xff, 0xff, 0xe0, 0xfb, 0x00, 0x09, 0x1f, 0xff, 0xff, 0xc0, 0x00,
  0x00, 0x1f, 0xff, 0xff, 0xe0, 0xfb, 0x00, 0x09, 0x1f, 0xff, 0xff, 0xc0, 0x00, 0x00, 0x0f, 0xff, 0xff, 0xc0, 0xfb, 0x00, 0x09, 0x0f, 0xff, 0xff,
  0xc0, 0x00, 0x00, 0x0f, 0xff, 0xff, 0xc0, 0xfb, 0x00, 0x09, 0x0f, 0xff, 0xff, 0x80, 0x00, 0x00, 0x0f, 0xff, 0xff, 0xc0, 0xfb, 0x00, 0x09, 0x07,
  0xff, 0xff, 0x80, 0x1f, 0xd0, 0x07, 0xff, 0xff, 0x80, 0xfb, 0x00, 0x08, 0x03, 0xff, 0xff, 0x00, 0x3f, 0xf8, 0x07, 0xff, 0xff, 0xfa, 0x00, 0x08,
  0x03, 0xff, 0xfe, 0x00, 0xff, 0xfc, 0x07, 0xff, 0xfc, 0xf9, 0x00, 0x07, 0xff, 0xfa, 0x00, 0xff, 0xf8, 0x00, 0xff, 0xe0, 0xf9, 0x00, 0x06, 0x1e,
  0x00, 0x00, 0xff, 0xf8, 0x00, 0x04, 0xf5, 0x00, 0x01, 0xff, 0xf8, 0xf3, 0x00, 0x01, 0x7f, 0xf0, 0xf3, 0x00, 0x01, 0x1f, 0xe0, 0xf3, 0x00, 0x01,
  0x0f, 0x80, 0x81, 0x00, 0x81, 0x00, 0xea, 0x00, 0xfd, 0x00, 0x01, 0x02, 0xfe, 0xfe, 0x00, 0x01, 0x07, 0xfc, 0xf8, 0x00, 0x07, 0x07, 0xff, 0xc0,
  0x00, 0x00, 0x0f, 0xff, 0x80, 0xf9, 0x00, 0x07, 0x0f, 0xff, 0xc0, 0x00, 0x00, 0x1f, 0xff, 0x80, 0xf9, 0x00, 0x07, 0x1f, 0xff, 0xc0, 0x00, 0x00,
  0x1f, 0xff, 0xc0, 0xf9, 0x00, 0x07, 0x3f, 0xff, 0xe0, 0x00, 0x00, 0x1f, 0xff, 0xc0, 0xf9, 0x00, 0x07, 0x3f, 0xff, 0xc0, 0x00, 0x00, 0x5f, 0xff,
  0xc0, 0xf9, 0x00, 0x07, 0x3f, 0xeb, 0xc0, 0x00, 0x00, 0x1f, 0x17, 0xc0, 0xf9, 0x00, 0x00, 0x1f, 0xfc, 0x00, 0x01, 0x03, 0x80, 0xf9, 0x00, 0x00,
  0x0e, 0xfc, 0x00, 0x00, 0x05, 0xf8, 0x00, 0x01, 0x07, 0x40, 0xfd, 0x00, 0x01, 0x5f, 0x80, 0xf9, 0x00, 0x01, 0x3f, 0xfa, 0xfe, 0x00, 0x02, 0x05,
  0xff, 0xf0, 0xf9, 0x00, 0x01, 0x7f, 0xff, 0xfe, 0x00, 0x02, 0x07, 0xff, 0xf0, 0xf9, 0x00, 0x07, 0xff, 0xff, 0x80, 0x00, 0x00, 0x0f, 0xff, 0xfc,
  0xfa, 0x00, 0x08, 0x03, 0xff, 0xff, 0xc0, 0x00, 0x00, 0x1f, 0xff, 0xfc, 0xfa, 0x00, 0x08, 0x03, 0xff, 0xff, 0xe0, 0x00, 0x00, 0x1f, 0xff, 0xff,
  0xfa, 0x00, 0x08, 0x07, 0xff, 0xff, 0xe0, 0x00, 0x00, 0x3f, 0xff, 0xff, 0xfa, 0x00, 0x09, 0x07, 0xff, 0xff, 0xe0, 0x00, 0x00, 0x7f, 0xff, 0xff,
  0x80, 0xfb, 0x00, 0x09, 0x07, 0xff, 0xff, 0xe0, 0x00, 0x00, 0x7f, 0xff, 0xff, 0xc0, 0xfb, 0x00, 0x09, 0x0f, 0xff, 0xff, 0xe0, 0x00, 0x00, 0x3f,
  0xff, 0xff, 0xc0, 0xfb, 0x00, 0x09, 0x0f, 0xff, 0xff, 0xe0, 0x00, 0x00, 0x3f, 0xff, 0xff, 0xc0, 0xfb, 0x00, 0x09, 0x1f, 0xff, 0xff, 0xe0, 0x00,
  0x00, 0x7f, 0xff, 0xff, 0xc0, 0xfb, 0x00, 0x09, 0x3f, 0xff, 0xff, 0xe0, 0x00, 0x00, 0x7f, 0xff, 0xff, 0xc0, 0xfb, 0x00, 0x09, 0x1f, 0xff, 0xff,
  0xe0, 0x00, 0x00, 0x3f, 0xff, 0xff, 0xe0, 0xfb, 0x00, 0x09, 0x3f, 0xff, 0xff, 0xe0, 0x00, 0x00, 0x3f, 0xff, 0xff, 0xe0, 0xfb, 0x00, 0x09, 0x3f,
  0xff, 0xff, 0xe0, 0x00, 0x00, 0x3f, 0xff, 0xff, 0xe0, 0xfb, 0x00, 0x09, 0x3f, 0xff, 0xff, 0xe0, 0x00, 0x00, 0x1f, 0xff, 0xff, 0xf0, 0xfb, 0x00,
  0x09, 0x3f, 0xff, 0xff, 0xe0, 0x00, 0x00, 0x3f, 0xff, 0xff, 0xf0, 0xfb, 0x00, 0x09, 0x3f, 0xff, 0xff, 0xe0, 0x00, 0x00, 0x3f, 0xff, 0xff, 0xf0,
  0xfb, 0x00, 0x09, 0x3f, 0xff, 0xff, 0xe0, 0x00, 0x00, 0x1f, 0xff, 0xff, 0xe0, 0xfb, 0x00, 0x09, 0x3f, 0xff, 0xff, 0xe0, 0x00, 0x00, 0x3f, 0xff,
  0xff, 0xf0, 0xfb, 0x00, 0x09, 0x3f, 0xff, 0xff, 0xe0, 0x00, 0x00, 0x1f, 0xff, 0xff, 0xf0, 0xfb, 0x00, 0x09, 0x3f, 0xff, 0xff, 0xe0, 0x00, 0x00,
  0x1f, 0xff, 0xff, 0xe0, 0xfb, 0x00, 0x09, 0x3f, 0xff, 0xff, 0xe0, 0x00, 0x00, 0x1f, 0xff, 0xff, 0xe0, 0xfb, 0x00, 0x09, 0x3f, 0xff, 0xff, 0xe0,
  0x00, 0x00, 0x1f, 0xff, 0xff, 0xe0, 0xfb, 0x00, 0x09, 0x1f, 0xff, 0xff, 0xc0, 0x00, 0x00, 0x1f, 0xff, 0xff, 0xe0, 0xfb, 0x00, 0x09, 0x1f, 0xff,
  0xff, 0xc0, 0x00, 0x00, 0x1f, 0xff, 0xff, 0xc0, 0xfb, 0x00, 0x09, 0x3f, 0xff, 0xff, 0xc0, 0x00, 0x00, 0x0f, 0xff, 0xff, 0xc0, 0xfb, 0x00, 0x09,
  0x2f, 0xff, 0xff, 0xc0, 0x00, 0x00, 0x0f, 0xff, 0xff, 0xc0, 0xfb, 0x00, 0x09, 0x0f, 0xff, 0xff, 0x80, 0x1f, 0xf0, 0x07, 0xff, 0xff, 0x80, 0xfb,
  0x00, 0x08, 0x0f, 0xff, 0xff, 0x80, 0x7f, 0xf8, 0x07, 0xff, 0xff, 0xfa, 0x00, 0x08, 0x03, 0xff, 0xfe, 0x00, 0xff, 0xfc, 0x07, 0xff, 0xfc, 0xf9,
  0x00, 0x07, 0xff, 0xfa, 0x00, 0xff, 0xf8, 0x00, 0x7f, 0xe0, 0xf9, 0x00, 0x06, 0x1f, 0x00, 0x01, 0xff, 0xfc, 0x00, 0x17, 0xf8, 0x00, 0x04, 0x08,
  0x00, 0x00, 0xff, 0xf8, 0xf3, 0x00, 0x01, 0x7f, 0xf8, 0xf3, 0x00, 0x01, 0x1f, 0xe0, 0xf3, 0x00, 0x01, 0x1f, 0xc0, 0xf3, 0x00, 0x01, 0x02, 0x80,
  0x81, 0x00, 0x81, 0x00, 0xfa, 0x00, 0xfd, 0x00, 0x01, 0x02, 0xfe, 0xfe, 0x00, 0x01, 0x07, 0xfc, 0xf8, 0x00, 0x07, 0x07, 0xff, 0xc0, 0x00, 0x00,
  0x0f, 0xff, 0x80, 0xf9, 0x00, 0x07, 0x0f, 0xff, 0xc0, 0x00, 0x00, 0x1f, 0xff, 0x80, 0xf9, 0x00, 0x07, 0x1f, 0xff, 0xc0, 0x00, 0x00, 0x3f, 0xff,
  0xc0, 0xf9, 0x00, 0x07, 0x3f, 0xff, 0xc0, 0x00, 0x00, 0x3f, 0xff, 0xc0, 0xf9, 0x00, 0x07, 0x3f, 0xff, 0xc0, 0x00, 0x00, 0x1f, 0xff, 0xc0, 0xf9,
  0x00, 0x07, 0x3f, 0xeb, 0xc0, 0x00, 0x00, 0x1f, 0x1f, 0xc0, 0xf9, 0x00, 0x00, 0x1f, 0xfc, 0x00, 0x01, 0x07, 0x80, 0xf9, 0x00, 0x00, 0x0f, 0xfc,
  0x00, 0x00, 0x0f, 0xf8, 0x00, 0x01, 0x07, 0xe0, 0xfd, 0x00, 0x01, 0xff, 0x40, 0xf9, 0x00, 0x01, 0x3f, 0xfe, 0xfe, 0x00, 0x02, 0x07, 0xff, 0xf0,
  0xf9, 0x00, 0x01, 0x7f, 0xff, 0xfe, 0x00, 0x02, 0x0f, 0xff, 0xf8, 0xfa, 0x00, 0x08, 0x02, 0xff, 0xff, 0x80, 0x00, 0x00, 0x1f, 0xff, 0xfc, 0xfa,
  0x00, 0x08, 0x03, 0xff, 0xff, 0xc0, 0x00, 0x00, 0x5f, 0xff, 0xfc, 0xfa, 0x00, 0x08, 0x03, 0xff, 0xff, 0xe0, 0x00, 0x00, 0x1f, 0xff, 0xff, 0xfa,
  0x00, 0x08, 0x07, 0xff, 0xff, 0xe0, 0x00, 0x00, 0x3f, 0xff, 0xff, 0xfa, 0x00, 0x09, 0x07, 0xff, 0xff, 0xe0, 0x00, 0x00, 0x7f, 0xff, 0xff, 0x80,
  0xfb, 0x00, 0x09, 0x0f, 0xff, 0xff, 0xe0, 0x00, 0x00, 0x7f, 0xff, 0xff, 0xc0, 0xfb, 0x00, 0x09, 0x0f, 0xff, 0xff, 0xe0, 0x00, 0x00, 0x3f, 0xff,
  0xff, 0xc0, 0xfb, 0x00, 0x09, 0x0f, 0xff, 0xff, 0xe0, 0x00, 0x00, 0x3f, 0xff, 0xff, 0xc0, 0xfb, 0x00, 0x09, 0x1f, 0xff, 0xff, 0xe0, 0x00, 0x00,
  0x7f, 0xff, 0xff, 0xc0, 0xfb, 0x00, 0x09, 0x3f, 0xff, 0xff, 0xe0, 0x00, 0x00, 0x7f, 0xff, 0xff, 0xe0, 0xfb, 0x00, 0x09, 0x1f, 0xff, 0xff, 0xe0,
  0x00, 0x00, 0x3f, 0xff, 0xff, 0xe0, 0xfb, 0x00, 0x09, 0x3f, 0xff, 0xff, 0xe0, 0x00, 0x00, 0x3f, 0xff, 0xff, 0xe0, 0xfb, 0x00, 0x09, 0x3f, 0xff,
  0xff, 0xe0, 0x00, 0x00, 0x3f, 0xff, 0xff, 0xe0, 0xfb, 0x00, 0x09, 0x3f, 0xff, 0xff, 0xe0, 0x00, 0x00, 0x3f, 0xff, 0xff, 0xf0, 0xfb, 0x00, 0x09,
  0x3f, 0xff, 0xff, 0xe0, 0x00, 0x00, 0x3f, 0xff, 0xff, 0xf0, 0xfb, 0x00, 0x09, 0x3f, 0xff, 0xff, 0xe0, 0x00, 0x00, 0x3f, 0xff, 0xff, 0xf0, 0xfb,
  0x00, 0x09, 0x3f, 0xff, 0xff, 0xe0, 0x00, 0x00, 0x3f, 0xff, 0xff, 0xe0, 0xfb, 0x00, 0x09, 0x3f, 0xff, 0xff, 0xe0, 0x00, 0x00, 0x1f, 0xff, 0xff,
  0xf0, 0xfb, 0x00, 0x09, 0x3f, 0xff, 0xff, 0xe0, 0x00, 0x00, 0x1f, 0xff, 0xff, 0xf0, 0xfb, 0x00, 0x09, 0x3f, 0xff, 0xff, 0xe0, 0x00, 0x00, 0x1f,
  0xff, 0xff, 0xe0, 0xfb, 0x00, 0x09, 0x3f, 0xff, 0xff, 0xe0, 0x00, 0x00, 0x1f, 0xff, 0xff, 0xe0, 0xfb, 0x00, 0x09, 0x3f, 0xff, 0xff, 0xe0, 0x00,
  0x00, 0x1f, 0xff, 0xff, 0xc0, 0xfb, 0x00, 0x09, 0x1f, 0xff, 0xff, 0xc0, 0x00, 0x00, 0x1f, 0xff, 0xff, 0xe0, 0xfb, 0x00, 0x09, 0x1f, 0xff, 0xff,
  0xc0, 0x00, 0x00, 0x1f, 0xff, 0xff, 0xc0, 0xfb, 0x00, 0x09, 0x3f, 0xff, 0xff, 0xc0, 0x00, 0x00, 0x0f, 0xff, 0xff, 0xc0, 0xfb, 0x00, 0x09, 0x2f,
  0xff, 0xff, 0x80, 0x00, 0x00, 0x0f, 0xff, 0xff, 0xc0, 0xfb, 0x00, 0x09, 0x0f, 0xff, 0xff, 0x80, 0x1f, 0xf0, 0x07, 0xff, 0xff, 0x80, 0xfb, 0x00,
  0x08, 0x0f, 0xff, 0xff, 0x80, 0x7f, 0xf8, 0x07, 0xff, 0xff, 0xfa, 0x00, 0x08, 0x03, 0xff, 0xfe, 0x00, 0x7f, 0xfc, 0x07, 0xff, 0xfe, 0xf9, 0x00,
  0x07, 0xff, 0xfa, 0x00, 0xff, 0xf8, 0x00, 0xff, 0xf0, 0xf9, 0x00, 0x07, 0x0c, 0x00, 0x00, 0xff, 0xfc, 0x00, 0x11, 0x10, 0xf6, 0x00, 0x01, 0xff,
  0xf8, 0xf3, 0x00, 0x01, 0x7f, 0xf8, 0xf3, 0x00, 0x01, 0x1f, 0xe0, 0xf3, 0x00, 0x01, 0x1f, 0xc0, 0xf3, 0x00, 0x01, 0x02, 0x80, 0x81, 0x00, 0x81,
  0x00, 0xfa, 0x00, 0xfc, 0x00, 0x00, 0xfe, 0xfe, 0x00, 0x01, 0x07, 0xfd, 0xf8, 0x00, 0x06, 0x07, 0xff, 0xc0, 0x00, 0x00, 0x0f, 0xff, 0xf8, 0x00,
  0x07, 0x0f, 0xff, 0xc0, 0x00, 0x00, 0x1f, 0xff, 0xc0, 0xf9, 0x00, 0x07, 0x1f, 0xff, 0xe0, 0x00, 0x00, 0x1f, 0xff, 0xc0, 0xf9, 0x00, 0x07, 0x3f,
  0xff, 0xe0, 0x00, 0x00, 0x3f, 0xff, 0xc0, 0xf9, 0x00, 0x07, 0x3f, 0xff, 0xe0, 0x00, 0x00, 0x1f, 0xff, 0xc0, 0xf9, 0x00, 0x07, 0x3f, 0xbb, 0xc0,
  0x00, 0x00, 0x1f, 0x1f, 0xc0, 0xf9, 0x00, 0x01, 0x1f, 0x89, 0xfe, 0x00, 0x02, 0x01, 0x1f, 0x80, 0xf9, 0x00, 0x00, 0x0f, 0xfc, 0x00, 0x01, 0x5e,
  0x40, 0xf9, 0x00, 0x01, 0x27, 0xe6, 0xfd, 0x00, 0x01, 0xff, 0xc0, 0xf9, 0x00, 0x01, 0x2f, 0xfe, 0xfe, 0x00, 0x02, 0x07, 0xff, 0xf0, 0xf9, 0x00,
  0x07, 0xff, 0xff, 0x80, 0x00, 0x00, 0x0f, 0xff, 0xf8, 0xfa, 0x00, 0x08, 0x02, 0xff, 0xff, 0xa0, 0x00, 0x00, 0x1f, 0xff, 0xfc, 0xfa, 0x00, 0x08,
  0x03, 0xff, 0xff, 0xe0, 0x00, 0x00, 0x7f, 0xff, 0xfe, 0xfa, 0x00, 0x08, 0x03, 0xff, 0xff, 0xe0, 0x00, 0x00, 0x1f, 0xff, 0xff, 0xfa, 0x00, 0x08,
  0x07, 0xff, 0xff, 0xe0, 0x00, 0x00, 0x3f, 0xff, 0xff, 0xfa, 0x00, 0x09, 0x0f, 0xff, 0xff, 0xe0, 0x00, 0x00, 0x3f, 0xff, 0xff, 0xc0, 0xfb, 0x00,
  0x09, 0x0f, 0xff, 0xff, 0xe0, 0x00, 0x00, 0x7f, 0xff, 0xff, 0xc0, 0xfb, 0x00, 0x09, 0x0f, 0xff, 0xff, 0xe0, 0x00, 0x00, 0x3f, 0xff, 0xff, 0xc0,
  0xfb, 0x00, 0x09, 0x0f, 0xff, 0xff, 0xe0, 0x00, 0x00, 0x3f, 0xff, 0xff, 0xc0, 0xfb, 0x00, 0x09, 0x3f, 0xff, 0xff, 0xe0, 0x00, 0x00, 0x7f, 0xff,
  0xff, 0xc0, 0xfb, 0x00, 0x09, 0x3f, 0xff, 0xff, 0xe0, 0x00, 0x00, 0x7f, 0xff, 0xff, 0xe0, 0xfb, 0x00, 0x09, 0x3f, 0xff, 0xff, 0xe0, 0x00, 0x00,
  0x3f, 0xff, 0xff, 0xe0, 0xfb, 0x00, 0x09, 0x3f, 0xff, 0xff, 0xe0, 0x00, 0x00, 0x3f, 0xff, 0xff, 0xe0, 0xfb, 0x00, 0x09, 0x3f, 0xff, 0xff, 0xe0,
  0x00, 0x00, 0x3f, 0xff, 0xff, 0xe0, 0xfb, 0x00, 0x09, 0x3f, 0xff, 0xff, 0xe0, 0x00, 0x00, 0x3f, 0xff, 0xff, 0xf0, 0xfb, 0x00, 0x09, 0x3f, 0xff,
  0xff, 0xe0, 0x00, 0x00, 0x3f, 0xff, 0xff, 0xf0, 0xfb, 0x00, 0x09, 0x3f, 0xff, 0xff, 0xe0, 0x00, 0x00, 0x3f, 0xff, 0xff, 0xf0, 0xfb, 0x00, 0x09,
  0x3f, 0xff, 0xff, 0xe0, 0x00, 0x00, 0x3f, 0xff, 0xff, 0xe0, 0xfb, 0x00, 0x09, 0x3f, 0xff, 0xff, 0xe0, 0x00, 0x00, 0x3f, 0xff, 0xff, 0xf0, 0xfb,
  0x00, 0x09, 0x3f, 0xff, 0xff, 0xe0, 0x00, 0x00, 0x3f, 0xff, 0xff, 0xf0, 0xfb, 0x00, 0x09, 0x3f, 0xff, 0xff, 0xe0, 0x00, 0x00, 0x1f, 0xff, 0xff,
  0xf0, 0xfb, 0x00, 0x09, 0x3f, 0xff, 0xff, 0xe0, 0x00, 0x00, 0x1f, 0xff, 0xff, 0xe0, 0xfb, 0x00, 0x09, 0x3f, 0xff, 0xff, 0xe0, 0x00, 0x00, 0x1f,
  0xff, 0xff, 0xe0, 0xfb, 0x00, 0x09, 0x3f, 0xff, 0xff, 0xe0, 0x00, 0x00, 0x1f, 0xff, 0xff, 0xe0, 0xfb, 0x00, 0x09, 0x3f, 0xff, 0xff, 0xe0, 0x00,
  0x00, 0x1f, 0xff, 0xff, 0xc0, 0xfb, 0x00, 0x09, 0x3f, 0xff, 0xff, 0xe0, 0x00, 0x00, 0x1f, 0xff, 0xff, 0xc0, 0xfb, 0x00, 0x09, 0x3f, 0xff, 0xff,
  0xe0, 0x0a, 0x80, 0x0f, 0xff, 0xff, 0xc0, 0xfb, 0x00, 0x09, 0x0f, 0xff, 0xff, 0x80, 0x7f, 0xf0, 0x0f, 0xff, 0xff, 0x80, 0xfb, 0x00, 0x08, 0x0f,
  0xff, 0xff, 0x80, 0xff, 0xf8, 0x07, 0xff, 0xff, 0xfa, 0x00, 0x08, 0x03, 0xff, 0xfe, 0x00, 0xff, 0xfc, 0x07, 0xff, 0xfe, 0xfa, 0x00, 0x08, 0x03,
  0xff, 0xfa, 0x00, 0xff, 0xfc, 0x00, 0xff, 0xf8, 0xf9, 0x00, 0x07, 0x3f, 0xe8, 0x01, 0xff, 0xf8, 0x00, 0x15, 0x90, 0xf6, 0x00, 0x01, 0xff, 0xf8,
  0xf3, 0x00, 0x01, 0x7f, 0xf8, 0xf3, 0x00, 0x01, 0x3f, 0xe0, 0xf3, 0x00, 0x01, 0x1f, 0xe0, 0xf3, 0x00, 0x01, 0x0a, 0x80, 0x81, 0x00, 0x81, 0x00,
  0xfa, 0x00, 0xfd, 0x00, 0x07, 0x03, 0xff, 0x80, 0x00, 0x00, 0x0f, 0xff, 0x40, 0xf9, 0x00, 0x07, 0x0f, 0xff, 0xc0, 0x00, 0x00, 0x1f, 0xff, 0xc0,
  0xf9, 0x00, 0x07, 0x0f, 0xff, 0xe0, 0x00, 0x00, 0x1f, 0xff, 0xc0, 0xf9, 0x00, 0x07, 0x1f, 0xff, 0xe0, 0x00, 0x00, 0x3f, 0xff, 0xe0, 0xf9, 0x00,
  0x07, 0x3f, 0xff, 0xe0, 0x00, 0x00, 0x3f, 0xff, 0xe0, 0xf9, 0x00, 0x07, 0x3f, 0xff, 0xe0, 0x00, 0x00, 0x7f, 0xff, 0xc0, 0xf9, 0x00, 0x07, 0x3f,
  0xef, 0xe0, 0x00, 0x00, 0x1d, 0x1f, 0xc0, 0xf9, 0x00, 0x01, 0x1f, 0x80, 0xfe, 0x00, 0x02, 0x05, 0x1f, 0xc0, 0xf9, 0x00, 0x01, 0x0f, 0xa0, 0xfe,
  0x00, 0x02, 0x04, 0x5f, 0xc0, 0xf9, 0x00, 0x01, 0x2f, 0xee, 0xfe, 0x00, 0x02, 0x04, 0xff, 0xc0, 0xf9, 0x00, 0x07, 0x7f, 0xfe, 0x80, 0x00, 0x00,
  0x07, 0xff, 0xf8, 0xf9, 0x00, 0x07, 0xff, 0xff, 0x80, 0x00, 0x00, 0x1f, 0xff, 0xfc, 0xfa, 0x00, 0x08, 0x02, 0xff, 0xff, 0xa0, 0x00, 0x00, 0x1f,
  0xff, 0xfc, 0xfa, 0x00, 0x08, 0x03, 0xff, 0xff, 0xe0, 0x00, 0x00, 0x1f, 0xff, 0xfe, 0xfa, 0x00, 0x08, 0x03, 0xff, 0xff, 0xe0, 0x00, 0x00, 0x3f,
  0xff, 0xff, 0xfa, 0x00, 0x08, 0x0f, 0xff, 0xff, 0xe0, 0x00, 0x00, 0x7f, 0xff, 0xff, 0xfa, 0x00, 0x09, 0x0f, 0xff, 0xff, 0xe0, 0x00, 0x00, 0x7f,
  0xff, 0xff, 0xc0, 0xfb, 0x00, 0x09, 0x2f, 0xff, 0xff, 0xe0, 0x00, 0x00, 0x7f, 0xff, 0xff, 0xc0, 0xfb, 0x00, 0x09, 0x0f, 0xff, 0xff, 0xe0, 0x00,
  0x00, 0x3f, 0xff, 0xff, 0xc0, 0xfb, 0x00, 0x09, 0x1f, 0xff, 0xff, 0xf0, 0x00, 0x00, 0x7f, 0xff, 0xff, 0xc0, 0xfb, 0x00, 0x09, 0x3f, 0xff, 0xff,
  0xe0, 0x00, 0x00, 0x7f, 0xff, 0xff, 0xe0, 0xfb, 0x00, 0x09, 0x3f, 0xff, 0xff, 0xe0, 0x00, 0x00, 0x7f, 0xff, 0xff, 0xe0, 0xfb, 0x00, 0x09, 0x3f,
  0xff, 0xff, 0xe0, 0x00, 0x00, 0x3f, 0xff, 0xff, 0xf0, 0xfb, 0x00, 0x09, 0x3f, 0xff, 0xff, 0xe0, 0x00, 0x00, 0x7f, 0xff, 0xff, 0xf0, 0xfb, 0x00,
  0x09, 0x3f, 0xff, 0xff, 0xe0, 0x00, 0x00, 0x3f, 0xff, 0xff, 0xf0, 0xfb, 0x00, 0x09, 0x7f, 0xff, 0xff, 0xe0, 0x00, 0x00, 0x3f, 0xff, 0xff, 0xf0,
  0xfb, 0x00, 0x09, 0x7f, 0xff, 0xff, 0xe0, 0x00, 0x00, 0x3f, 0xff, 0xff, 0xf0, 0xfb, 0x00, 0x09, 0x3f, 0xff, 0xff, 0xe0, 0x00, 0x00, 0x3f, 0xff,
  0xff, 0xf0, 0xfb, 0x00, 0x09, 0x3f, 0xff, 0xff, 0xe0, 0x00, 0x00, 0x3f, 0xff, 0xff, 0xf0, 0xfb, 0x00, 0x09, 0x7f, 0xff, 0xff, 0xe0, 0x00, 0x00,
  0x3f, 0xff, 0xff, 0xf0, 0xfb, 0x00, 0x09, 0x7f, 0xff, 0xff, 0xe0, 0x00, 0x00, 0x1f, 0xff, 0xff, 0xf0, 0xfb, 0x00, 0x09, 0x7f, 0xff, 0xff, 0xe0,
  0x00, 0x00, 0x3f, 0xff, 0xff, 0xf0, 0xfb, 0x00, 0x09, 0x3f, 0xff, 0xff, 0xe0, 0x00, 0x00, 0x3f, 0xff, 0xff, 0xf0, 0xfb, 0x00, 0x09, 0x3f, 0xff,
  0xff, 0xe0, 0x00, 0x00, 0x1f, 0xff, 0xff, 0xf0, 0xfb, 0x00, 0x09, 0x3f, 0xff, 0xff, 0xe0, 0x00, 0x00, 0x1f, 0xff, 0xff, 0xf0, 0xfb, 0x00, 0x09,
  0x3f, 0xff, 0xff, 0xc0, 0x00, 0x00, 0x1f, 0xff, 0xff, 0xd0, 0xfb, 0x00, 0x09, 0x3f, 0xff, 0xff, 0xc0, 0x00, 0x00, 0x0f, 0xff, 0xff, 0xc0, 0xfb,
  0x00, 0x09, 0x2f, 0xff, 0xff, 0x80, 0x22, 0x00, 0x0f, 0xff, 0xff, 0xc0, 0xfb, 0x00, 0x09, 0x0f, 0xff, 0xff, 0x80, 0x3f, 0xf0, 0x0f, 0xff, 0xff,
  0xc0, 0xfb, 0x00, 0x08, 0x0f, 0xff, 0xff, 0x80, 0xff, 0xf8, 0x07, 0xff, 0xff, 0xfa, 0x00, 0x08, 0x07, 0xff, 0xfe, 0x00, 0xff, 0xfc, 0x07, 0xff,
  0xfe, 0xfa, 0x00, 0x08, 0x02, 0xff, 0xfe, 0x00, 0xff, 0xfc, 0x00, 0xff, 0xf8, 0xf9, 0x00, 0x07, 0xff, 0xf8, 0x01, 0xff, 0xfc, 0x00, 0x57, 0xf0,
  0xf9, 0x00, 0x04, 0x08, 0x00, 0x00, 0xff, 0xf8, 0xf3, 0x00, 0x01, 0x7f, 0xf8, 0xf3, 0x00, 0x01, 0x3f, 0xe0, 0xf3, 0x00, 0x01, 0x1f, 0xe0, 0xf3,
  0x00, 0x01, 0x02, 0x80, 0x81, 0x00, 0x81, 0x00, 0xfa, 0x00, 0xfd, 0x00, 0x07, 0x03, 0xff, 0x80, 0x00, 0x00, 0x0f, 0xfd, 0x40, 0xf9, 0x00, 0x07,
  0x0f, 0xff, 0xc0, 0x00, 0x00, 0x1f, 0xff, 0xc0, 0xf9, 0x00, 0x07, 0x2f, 0xff, 0xc0, 0x00, 0x00, 0x1f, 0xff, 0xc0, 0xf9, 0x00, 0x07, 0x3f, 0xff,
  0xe0, 0x00, 0x00, 0x3f, 0xff, 0xc0, 0xf9, 0x00, 0x07, 0x3f, 0xff, 0xe0, 0x00, 0x00, 0x3f, 0xff, 0xc0, 0xf9, 0x00, 0x07, 0x3f, 0xff, 0xc0, 0x00,
  0x00, 0x5f, 0xff, 0xc0, 0xf9, 0x00, 0x07, 0x3f, 0xcf, 0x80, 0x00, 0x00, 0x09, 0x9f, 0xc0, 0xf9, 0x00, 0x02, 0x1e, 0x88, 0x80, 0xfe, 0x00, 0x01,
  0x17, 0x40, 0xf9, 0x00, 0x01, 0x02, 0x20, 0xfd, 0x00, 0x01, 0x44, 0x40, 0xf9, 0x00, 0x01, 0x2f, 0xea, 0xfd, 0x00, 0x01, 0xff, 0xc0, 0xf9, 0x00,
  0x07, 0x3f, 0xfe, 0x80, 0x00, 0x00, 0x03, 0xff, 0xf0, 0xf9, 0x00, 0x07, 0xff, 0xff, 0x80, 0x00, 0x00, 0x1f, 0xff, 0xfc, 0xf9, 0x00, 0x07, 0xff,
  0xff, 0xa0, 0x00, 0x00, 0x1f, 0xff, 0xfc, 0xfa, 0x00, 0x08, 0x03, 0xff, 0xff, 0xe0, 0x00, 0x00, 0x1f, 0xff, 0xff, 0xfa, 0x00, 0x08, 0x03, 0xff,
  0xff, 0xe0, 0x00, 0x00, 0x1f, 0xff, 0xff, 0xfa, 0x00, 0x08, 0x0f, 0xff, 0xff, 0xe0, 0x00, 0x00, 0x7f, 0xff, 0xff, 0xfa, 0x00, 0x09, 0x0f, 0xff,
  0xff, 0xe0, 0x00, 0x00, 0x3f, 0xff, 0xff, 0xc0, 0xfb, 0x00, 0x09, 0x0f, 0xff, 0xff, 0xe0, 0x00, 0x00, 0x7f, 0xff, 0xff, 0xc0, 0xfb, 0x00, 0x09,
  0x0f, 0xff, 0xff, 0xe0, 0x00, 0x00, 0x3f, 0xff, 0xff, 0xc0, 0xfb, 0x00, 0x09, 0x0f, 0xff, 0xff, 0xe0, 0x00, 0x00, 0x7f, 0xff, 0xff, 0xc0, 0xfb,
  0x00, 0x09, 0x3f, 0xff, 0xff, 0xe0, 0x00, 0x00, 0x3f, 0xff, 0xff, 0xc0, 0xfb, 0x00, 0x09, 0x3f, 0xff, 0xff, 0xe0, 0x00, 0x00, 0x7f, 0xff, 0xff,
  0xc0, 0xfb, 0x00, 0x09, 0x3f, 0xff, 0xff, 0xe0, 0x00, 0x00, 0x3f, 0xff, 0xff, 0xf0, 0xfb, 0x00, 0x09, 0x3f, 0xff, 0xff, 0xe0, 0x00, 0x00, 0x3f,
  0xff, 0xff, 0xf0, 0xfb, 0x00, 0x09, 0x3f, 0xff, 0xff, 0xe0, 0x00, 0x00, 0x3f, 0xff, 0xff, 0xf0, 0xfb, 0x00, 0x09, 0x7f, 0xff, 0xff, 0xe0, 0x00,
  0x00, 0x3f, 0xff, 0xff, 0xf0, 0xfb, 0x00, 0x09, 0x7f, 0xff, 0xff, 0xe0, 0x00, 0x00, 0x3f, 0xff, 0xff, 0xf0, 0xfb, 0x00, 0x09, 0x7f, 0xff, 0xff,
  0xe0, 0x00, 0x00, 0x3f, 0xff, 0xff, 0xf0, 0xfb, 0x00, 0x09, 0x7f, 0xff, 0xff, 0xe0, 0x00, 0x00, 0x3f, 0xff, 0xff, 0xf0, 0xfb, 0x00, 0x09, 0x7f,
  0xff, 0xff, 0xe0, 0x00, 0x00, 0x3f, 0xff, 0xff, 0xf0, 0xfb, 0x00, 0x09, 0x7f, 0xff, 0xff, 0xe0, 0x00, 0x00, 0x3f, 0xff, 0xff, 0xf0, 0xfb, 0x00,
  0x09, 0x3f, 0xff, 0xff, 0xe0, 0x00, 0x00, 0x3f, 0xff, 0xff, 0xf0, 0xfb, 0x00, 0x09, 0x3f, 0xff, 0xff, 0xe0, 0x00, 0x00, 0x3f, 0xff, 0xff, 0xf0,
  0xfb, 0x00, 0x09, 0x7f, 0xff, 0xff, 0xe0, 0x00, 0x00, 0x1f, 0xff, 0xff, 0xf0, 0xfb, 0x00, 0x09, 0x3f, 0xff, 0xff, 0xe0, 0x00, 0x00, 0x1f, 0xff,
  0xff, 0xf0, 0xfb, 0x00, 0x09, 0x3f, 0xff, 0xff, 0xe0, 0x00, 0x00, 0x3f, 0xff, 0xff, 0xc0, 0xfb, 0x00, 0x09, 0x3f, 0xff, 0xff, 0xe0, 0x00, 0x00,
  0x1f, 0xff, 0xff, 0xc0, 0xfb, 0x00, 0x09, 0x1f, 0xff, 0xff, 0xc0, 0x22, 0x00, 0x0f, 0xff, 0xff, 0xc0, 0xfb, 0x00, 0x09, 0x0f, 0xff, 0xff, 0x80,
  0x3f, 0xf0, 0x0f, 0xff, 0xff, 0xc0, 0xfb, 0x00, 0x08, 0x0f, 0xff, 0xff, 0x80, 0xff, 0xf8, 0x03, 0xff, 0xff, 0xfa, 0x00, 0x08, 0x07, 0xff, 0xfe,
  0x00, 0xff, 0xfc, 0x01, 0xff, 0xfe, 0xfa, 0x00, 0x08, 0x03, 0xff, 0xfc, 0x00, 0xff, 0xfc, 0x00, 0xff, 0xf8, 0xf9, 0x00, 0x07, 0xff, 0xf8, 0x00,
  0xff, 0xfc, 0x00, 0x55, 0x70, 0xf6, 0x00, 0x01, 0xff, 0xf8, 0xf3, 0x00, 0x01, 0x7f, 0xf8, 0xf3, 0x00, 0x01, 0x3f, 0xe0, 0xf3, 0x00, 0x01, 0x1f,
  0xe0, 0xf3, 0x00, 0x00, 0x02, 0x81, 0x00, 0x81, 0x00, 0xf9, 0x00, 0xfd, 0x00, 0x07, 0x0f, 0xff, 0xa0, 0x00, 0x00, 0x0f, 0xff, 0xc0, 0xf9, 0x00,
  0x07, 0x3f, 0xff, 0xe0, 0x00, 0x00, 0x3f, 0xff, 0xc0, 0xf9, 0x00, 0x07, 0x3f, 0xff, 0xe0, 0x00, 0x00, 0x3f, 0xff, 0xf0, 0xf9, 0x00, 0x07, 0x3f,
  0xff, 0xe0, 0x00, 0x00, 0x3f, 0xff, 0xf0, 0xf9, 0x00, 0x07, 0x3f, 0xff, 0xe0, 0x00, 0x00, 0x7f, 0xff, 0xe0, 0xf9, 0x00, 0x07, 0x3f, 0xff, 0xe0,
  0x00, 0x00, 0x1f, 0xdf, 0xc0, 0xf9, 0x00, 0x07, 0x3f, 0xcf, 0xc0, 0x00, 0x00, 0x0d, 0x9f, 0xc0, 0xf9, 0x00, 0x02, 0x1f, 0x88, 0x80, 0xfe, 0x00,
  0x01, 0x17, 0x40, 0xf9, 0x00, 0x01, 0x22, 0x20, 0xfd, 0x00, 0x01, 0x77, 0x40, 0xf9, 0x00, 0x01, 0x3f, 0xfe, 0xfe, 0x00, 0x02, 0x01, 0xff, 0xd0,
  0xf9, 0x00, 0x07, 0xff, 0xfe, 0x80, 0x00, 0x00, 0x07, 0xff, 0xf4, 0xf9, 0x00, 0x07, 0xff, 0xff, 0x80, 0x00, 0x00, 0x1f, 0xff, 0xfc, 0xfa, 0x00,
  0x08, 0x03, 0xff, 0xff, 0xa0, 0x00, 0x00, 0x1f, 0xff, 0xfe, 0xfa, 0x00, 0x08, 0x03, 0xff, 0xff, 0xe0, 0x00, 0x00, 0x1f, 0xff, 0xff, 0xfa, 0x00,
  0x09, 0x0f, 0xff, 0xff, 0xe0, 0x00, 0x00, 0x3f, 0xff, 0xff, 0x80, 0xfb, 0x00, 0x09, 0x0f, 0xff, 0xff, 0xe0, 0x00, 0x00, 0x7f, 0xff, 0xff, 0xc0,
  0xfb, 0x00, 0x09, 0x0f, 0xff, 0xff, 0xe0, 0x00, 0x00, 0x3f, 0xff, 0xff, 0xc0, 0xfb, 0x00, 0x09, 0x3f, 0xff, 0xff, 0xe0, 0x00, 0x00, 0x7f, 0xff,
  0xff, 0xc0, 0xfb, 0x00, 0x09, 0x3f, 0xff, 0xff, 0xe0, 0x00, 0x00, 0x3f, 0xff, 0xff, 0xc0, 0xfb, 0x00, 0x09, 0x3f, 0xff, 0xff, 0xe0, 0x00, 0x00,
  0x7f, 0xff, 0xff, 0xe0, 0xfb, 0x00, 0x09, 0x3f, 0xff, 0xff, 0xe0, 0x00, 0x00, 0x3f, 0xff, 0xff, 0xf0, 0xfb, 0x00, 0x09, 0x3f, 0xff, 0xff, 0xe0,
  0x00, 0x00, 0x7f, 0xff, 0xff, 0xf0, 0xfb, 0x00, 0x09, 0x3f, 0xff, 0xff, 0xe0, 0x00, 0x00, 0x3f, 0xff, 0xff, 0xf0, 0xfb, 0x00, 0x09, 0x7f, 0xff,
  0xff, 0xe0, 0x00, 0x00, 0x3f, 0xff, 0xff, 0xf0, 0xfb, 0x00, 0x09, 0x7f, 0xff, 0xff, 0xe0, 0x00, 0x00, 0x3f, 0xff, 0xff, 0xf0, 0xfb, 0x00, 0x09,
  0x7f, 0xff, 0xff, 0xe0, 0x00, 0x00, 0x3f, 0xff, 0xff, 0xf0, 0xfb, 0x00, 0x09, 0x7f, 0xff, 0xff, 0xe0, 0x00, 0x00, 0x3f, 0xff, 0xff, 0xf0, 0xfb,
  0x00, 0xfe, 0xff, 0x06, 0xe0, 0x00, 0x00, 0x3f, 0xff, 0xff, 0xf0, 0xfb, 0x00, 0x09, 0x7f, 0xff, 0xff, 0xe0, 0x00, 0x00, 0x3f, 0xff, 0xff, 0xf0,
  0xfb, 0x00, 0x09, 0x7f, 0xff, 0xff, 0xe0, 0x00, 0x00, 0x3f, 0xff, 0xff, 0xf8, 0xfb, 0x00, 0x09, 0x7f, 0xff, 0xff, 0xe0, 0x00, 0x00, 0x3f, 0xff,
  0xff, 0xf0, 0xfb, 0x00, 0x09, 0x7f, 0xff, 0xff, 0xe0, 0x00, 0x00, 0x3f, 0xff, 0xff, 0xf0, 0xfb, 0x00, 0x09, 0x3f, 0xff, 0xff, 0xe0, 0x00, 0x00,
  0x3f, 0xff, 0xff, 0xf4, 0xfb, 0x00, 0x09, 0x3f, 0xff, 0xff, 0xe0, 0x00, 0x00, 0x1f, 0xff, 0xff, 0xf0, 0xfb, 0x00, 0x09, 0x7f, 0xff, 0xff, 0xe0,
  0x00, 0x00, 0x1f, 0xff, 0xff, 0xf0, 0xfb, 0x00, 0x09, 0x3f, 0xff, 0xff, 0xe0, 0x00, 0x00, 0x3f, 0xff, 0xff, 0xe0, 0xfb, 0x00, 0x09, 0x3f, 0xff,
  0xff, 0xe0, 0x00, 0x00, 0x1f, 0xff, 0xff, 0xe0, 0xfb, 0x00, 0x09, 0x3f, 0xff, 0xff, 0xc0, 0x02, 0x00, 0x0f, 0xff, 0xff, 0xc0, 0xfb, 0x00, 0x09,
  0x1f, 0xff, 0xff, 0x80, 0xbf, 0xf8, 0x0f, 0xff, 0xff, 0xc0, 0xfb, 0x00, 0x09, 0x0f, 0xff, 0xff, 0x80, 0xff, 0xfc, 0x07, 0xff, 0xff, 0xc0, 0xfb,
  0x00, 0x08, 0x07, 0xff, 0xfe, 0x01, 0xff, 0xfe, 0x01, 0xff, 0xff, 0xfa, 0x00, 0x08, 0x03, 0xff, 0xfc, 0x01, 0xff, 0xfe, 0x01, 0xff, 0xfe, 0xf9,
  0x00, 0x07, 0xff, 0xf8, 0x01, 0xff, 0xfc, 0x00, 0x5f, 0x74, 0xf9, 0x00, 0x06, 0x02, 0x00, 0x00, 0xff, 0xfc, 0x00, 0x02, 0xf5, 0x00, 0x01, 0x7f,
  0xfc, 0xf3, 0x00, 0x01, 0x3f, 0xf8, 0xf3, 0x00, 0x01, 0x0f, 0xe0, 0xf3, 0x00, 0x00, 0x02, 0x81, 0x00, 0x81, 0x00, 0xf9, 0x00, 0xfd, 0x00, 0x07,
  0x0f, 0xff, 0xe0, 0x00, 0x00, 0x1f, 0xff, 0xc0, 0xf9, 0x00, 0x07, 0x3f, 0xff, 0xe0, 0x00, 0x00, 0x7f, 0xff, 0xc0, 0xf9, 0x00, 0x07, 0x3f, 0xff,
  0xe0, 0x00, 0x00, 0x3f, 0xff, 0xf0, 0xf9, 0x00, 0x07, 0x3f, 0xff, 0xe0, 0x00, 0x00, 0x3f, 0xff, 0xf0, 0xf9, 0x00, 0x07, 0x3f, 0xff, 0xe0, 0x00,
  0x00, 0x3f, 0xff, 0xe0, 0xf9, 0x00, 0x07, 0x3f, 0xff, 0xe0, 0x00, 0x00, 0x1e, 0xdf, 0xe0, 0xf9, 0x00, 0x07, 0x3e, 0x88, 0x80, 0x00, 0x00, 0x08,
  0x15, 0xc0, 0xf9, 0x00, 0x02, 0x0e, 0x88, 0x80, 0xfe, 0x00, 0x01, 0x15, 0x40, 0xf9, 0x00, 0x01, 0x22, 0xa0, 0xfd, 0x00, 0x01, 0x55, 0x40, 0xf9,
  0x00, 0x01, 0x3f, 0xfe, 0xfe, 0x00, 0x02, 0x05, 0xff, 0xc4, 0xf9, 0x00, 0x07, 0x7f, 0xfe, 0x80, 0x00, 0x00, 0x07, 0xff, 0xfc, 0xf9, 0x00, 0x07,
  0xff, 0xff, 0x80, 0x00, 0x00, 0x1f, 0xff, 0xfc, 0xfa, 0x00, 0x08, 0x03, 0xff, 0xff, 0xa0, 0x00, 0x00, 0x1f, 0xff, 0xff, 0xfa, 0x00, 0x09, 0x03,
  0xff, 0xff, 0xe0, 0x00, 0x00, 0x5f, 0xff, 0xff, 0x40, 0xfb, 0x00, 0x09, 0x0f, 0xff, 0xff, 0xe0, 0x00, 0x00, 0x3f, 0xff, 0xff, 0xc0, 0xfb, 0x00,
  0x09, 0x0f, 0xff, 0xff, 0xe0, 0x00, 0x00, 0x7f, 0xff, 0xff, 0xc0, 0xfb, 0x00, 0x09, 0x3f, 0xff, 0xff, 0xe0, 0x00, 0x00, 0x7f, 0xff, 0xff, 0xc0,
  0xfb, 0x00, 0x09, 0x3f, 0xff, 0xff, 0xe0, 0x00, 0x00, 0x7f, 0xff, 0xff, 0xc0, 0xfb, 0x00, 0x09, 0x3f, 0xff, 0xff, 0xe0, 0x00, 0x00, 0x3f, 0xff,
  0xff, 0xf0, 0xfb, 0x00, 0x09, 0x3f, 0xff, 0xff, 0xf0, 0x00, 0x00, 0x7f, 0xff, 0xff, 0xf0, 0xfb, 0x00, 0x09, 0x3f, 0xff, 0xff, 0xf0, 0x00, 0x00,
  0x7f, 0xff, 0xff, 0xf0, 0xfb, 0x00, 0x09, 0x3f, 0xff, 0xff, 0xe0, 0x00, 0x00, 0x7f, 0xff, 0xff, 0xf0, 0xfb, 0x00, 0x09, 0x7f, 0xff, 0xff, 0xf8,
  0x00, 0x00, 0x3f, 0xff, 0xff, 0xf0, 0xfb, 0x00, 0x09, 0x7f, 0xff, 0xff, 0xf8, 0x00, 0x00, 0x3f, 0xff, 0xff, 0xf0, 0xfb, 0x00, 0x09, 0x7f, 0xff,
  0xff, 0xe0, 0x00, 0x00, 0x3f, 0xff, 0xff, 0xf0, 0xfb, 0x00, 0x09, 0x7f, 0xff, 0xff, 0xe0, 0x00, 0x00, 0x3f, 0xff, 0xff, 0xf0, 0xfb, 0x00, 0x09,
  0x7f, 0xff, 0xff, 0xe0, 0x00, 0x00, 0x3f, 0xff, 0xff, 0xf8, 0xfb, 0x00, 0xfe, 0xff, 0x06, 0xe0, 0x00, 0x00, 0x3f, 0xff, 0xff, 0xfc, 0xfb, 0x00,
  0xfe, 0xff, 0x06, 0xe0, 0x00, 0x00, 0x3f, 0xff, 0xff, 0xfc, 0xfb, 0x00, 0xfe, 0xff, 0x06, 0xe0, 0x00, 0x00, 0x3f, 0xff, 0xff, 0xf8, 0xfb, 0x00,
  0xfe, 0xff, 0x06, 0xe0, 0x00, 0x00, 0x3f, 0xff, 0xff, 0xf8, 0xfb, 0x00, 0xfe, 0xff, 0x06, 0xe0, 0x00, 0x00, 0x3f, 0xff, 0xff, 0xfc, 0xfb, 0x00,
  0x09, 0x7f, 0xff, 0xff, 0xe0, 0x00, 0x00, 0x3f, 0xff, 0xff, 0xfc, 0xfb, 0x00, 0x09, 0x7f, 0xff, 0xff, 0xe0, 0x00, 0x00, 0x1f, 0xff, 0xff, 0xf0,
  0xfb, 0x00, 0x09, 0x7f, 0xff, 0xff, 0xe0, 0x00, 0x00, 0x1f, 0xff, 0xff, 0xf0, 0xfb, 0x00, 0x09, 0x3f, 0xff, 0xff, 0xe0, 0x00, 0x00, 0x1f, 0xff,
  0xff, 0xf0, 0xfb, 0x00, 0x09, 0x3f, 0xff, 0xff, 0xe0, 0x20, 0x00, 0x1f, 0xff, 0xff, 0xf0, 0xfb, 0x00, 0x09, 0x3f, 0xff, 0xff, 0xc0, 0x2a, 0xa8,
  0x0f, 0xff, 0xff, 0xf0, 0xfb, 0x00, 0x09, 0x3f, 0xff, 0xff, 0xc0, 0xff, 0xfc, 0x1f, 0xff, 0xff, 0xd0, 0xfb, 0x00, 0x09, 0x3f, 0xff, 0xff, 0x81,
  0xff, 0xfe, 0x0f, 0xff, 0xff, 0xc0, 0xfb, 0x00, 0x09, 0x3f, 0xff, 0xff, 0x03, 0xff, 0xfe, 0x07, 0xff, 0xff, 0xc0, 0xfb, 0x00, 0x08, 0x07, 0xff,
  0xfe, 0x03, 0xff, 0xfe, 0x01, 0xff, 0xff, 0xfa, 0x00, 0x08, 0x03, 0xff, 0xf8, 0x01, 0xff, 0xfe, 0x00, 0x7f, 0xfd, 0xfa, 0x00, 0x08, 0x02, 0x3b,
  0xa0, 0x02, 0xff, 0xfe, 0x00, 0x06, 0x64, 0xf9, 0x00, 0x07, 0x22, 0x20, 0x00, 0xff, 0xfc, 0x00, 0x00, 0x44, 0xf6, 0x00, 0x01, 0xff, 0xf8, 0xf3,
  0x00, 0x01, 0x3f, 0xe0, 0xf3, 0x00, 0x00, 0x22, 0xf2, 0x00, 0x00, 0x02, 0x81, 0x00, 0x89, 0x00, 0xfd, 0x00, 0x07, 0x0f, 0xff, 0xe0, 0x00, 0x00,
  0x1f, 0xff, 0xc0, 0xf9, 0x00, 0x07, 0x3f, 0xff, 0xe0, 0x00, 0x00, 0x7f, 0xff, 0xc0, 0xf9, 0x00, 0x07, 0x3f, 0xff, 0xe0, 0x00, 0x00, 0x3f, 0xff,
  0xf0, 0xf9, 0x00, 0x07, 0x3f, 0xff, 0xe0, 0x00, 0x00, 0x3f, 0xff, 0xf0, 0xf9, 0x00, 0x07, 0x3f, 0xff, 0xe0, 0x00, 0x00, 0x3f, 0xff, 0xe0, 0xf9,
  0x00, 0x07, 0x3f, 0xef, 0xe0, 0x00, 0x00, 0x5f, 0xdf, 0xe0, 0xf9, 0x00, 0x02, 0x3f, 0x8a, 0x80, 0xfe, 0x00, 0x01, 0x1f, 0x80, 0xf9, 0x00, 0x01,
  0x0b, 0x80, 0xfd, 0x00, 0x00, 0x07, 0xf8, 0x00, 0x01, 0x23, 0xa2, 0xfd, 0x00, 0x01, 0x5f, 0xc0, 0xf9, 0x00, 0x01, 0x3f, 0xfe, 0xfe, 0x00, 0x02,
  0x05, 0xff, 0xe4, 0xf9, 0x00, 0x07, 0x7f, 0xfe, 0x80, 0x00, 0x00, 0x0f, 0xff, 0xfc, 0xf9, 0x00, 0x07, 0xff, 0xff, 0x80, 0x00, 0x00, 0x1f, 0xff,
  0xfc, 0xfa, 0x00, 0x09, 0x03, 0xff, 0xff, 0xe0, 0x00, 0x00, 0x1f, 0xff, 0xfe, 0x40, 0xfb, 0x00, 0x09, 0x07, 0xff, 0xff, 0xe0, 0x00, 0x00, 0x5f,
  0xff, 0xff, 0x40, 0xfb, 0x00, 0x09, 0x0f, 0xff, 0xff, 0xe0, 0x00, 0x00, 0x3f, 0xff, 0xff, 0x80, 0xfb, 0x00, 0x09, 0x0f, 0xff, 0xff, 0xe0, 0x00,
  0x00, 0x7f, 0xff, 0xff, 0xc0, 0xfb, 0x00, 0x09, 0x1f, 0xff, 0xff, 0xe0, 0x00, 0x00, 0x3f, 0xff, 0xff, 0xc0, 0xfb, 0x00, 0x09, 0x3f, 0xff, 0xff,
  0xe0, 0x00, 0x00, 0x7f, 0xff, 0xff, 0xc0, 0xfb, 0x00, 0x09, 0x3f, 0xff, 0xff, 0xe0, 0x00, 0x00, 0x7f, 0xff, 0xff, 0xf0, 0xfb, 0x00, 0x09, 0x3f,
  0xff, 0xff, 0xf8, 0x00, 0x00, 0x7f, 0xff, 0xff, 0xf0, 0xfb, 0x00, 0x09, 0x3f, 0xff, 0xff, 0xe0, 0x00, 0x00, 0x7f, 0xff, 0xff, 0xe0, 0xfb, 0x00,
  0x09, 0x3f, 0xff, 0xff, 0xe0, 0x00, 0x00, 0x7f, 0xff, 0xff, 0xf0, 0xfb, 0x00, 0x09, 0x3f, 0xff, 0xff, 0xe0, 0x00, 0x00, 0x3f, 0xff, 0xff, 0xf0,
  0xfb, 0x00, 0xfe, 0xff, 0x06, 0xe0, 0x00, 0x00, 0x3f, 0xff, 0xff, 0xf0, 0xfb, 0x00, 0x09, 0x7f, 0xff, 0xff, 0xe0, 0x00, 0x00, 0x7f, 0xff, 0xff,
  0xf8, 0xfb, 0x00, 0x09, 0x7f, 0xff, 0xff, 0xe0, 0x00, 0x00, 0x3f, 0xff, 0xff, 0xf0, 0xfb, 0x00, 0xfe, 0xff, 0x06, 0xe0, 0x00, 0x00, 0x1f, 0xff,
  0xff, 0xf0, 0xfb, 0x00, 0xfe, 0xff, 0x06, 0xe0, 0x00, 0x00, 0x1f, 0xff, 0xff, 0xfc, 0xfb, 0x00, 0x09, 0x7f, 0xff, 0xff, 0xe0, 0x00, 0x00, 0x1f,
  0xff, 0xff, 0xfc, 0xfb, 0x00, 0x09, 0x7f, 0xff, 0xff, 0xe0, 0x00, 0x00, 0x1f, 0xff, 0xff, 0xf8, 0xfb, 0x00, 0xfe, 0xff, 0x06, 0xe0, 0x00, 0x00,
  0x1f, 0xff, 0xff, 0xf0, 0xfb, 0x00, 0xfe, 0xff, 0x06, 0xe0, 0x00, 0x00, 0x1f, 0xff, 0xff, 0xfc, 0xfb, 0x00, 0x09, 0x7f, 0xff, 0xff, 0xe0, 0x00,
  0x00, 0x1f, 0xff, 0xff, 0xfc, 0xfb, 0x00, 0x09, 0x7f, 0xff, 0xff, 0xe0, 0x00, 0x00, 0x1f, 0xff, 0xff, 0xf0, 0xfb, 0x00, 0x09, 0x3f, 0xff, 0xff,
  0xe0, 0x00, 0x00, 0x1f, 0xff, 0xff, 0xf0, 0xfb, 0x00, 0x09, 0x3f, 0xff, 0xff, 0xe0, 0x00, 0x00, 0x1f, 0xff, 0xff, 0xf0, 0xfb, 0x00, 0x09, 0x3f,
  0xff, 0xff, 0xe0, 0x02, 0x00, 0x0f, 0xff, 0xff, 0xe0, 0xfb, 0x00, 0x09, 0x3f, 0xff, 0xff, 0xc0, 0x2a, 0xa0, 0x0f, 0xff, 0xff, 0xe0, 0xfb, 0x00,
  0x09, 0x3f, 0xff, 0xff, 0x80, 0xbf, 0xf8, 0x0f, 0xff, 0xff, 0xe0, 0xfb, 0x00, 0x09, 0x2f, 0xff, 0xff, 0x80, 0xff, 0xfc, 0x07, 0xff, 0xff, 0xc0,
  0xfb, 0x00, 0x09, 0x07, 0xff, 0xfe, 0x03, 0xff, 0xfe, 0x07, 0xff, 0xff, 0xc0, 0xfb, 0x00, 0x08, 0x03, 0xff, 0xfe, 0x03, 0xff, 0xfe, 0x01, 0xff,
  0xfe, 0xfa, 0x00, 0x08, 0x03, 0xff, 0xf8, 0x01, 0xff, 0xfe, 0x01, 0x7f, 0xfc, 0xfa, 0x00, 0x08, 0x02, 0x2f, 0xa0, 0x00, 0xff, 0xfe, 0x00, 0x04,
  0x44, 0xf9, 0x00, 0x07, 0x22, 0x20, 0x00, 0x7f, 0xfc, 0x00, 0x04, 0x44, 0xf6, 0x00, 0x01, 0x3f, 0xf8, 0xf3, 0x00, 0x01, 0x3f, 0xe0, 0xf3, 0x00,
  0x01, 0x22, 0x20, 0xf3, 0x00, 0x00, 0x02, 0x81, 0x00, 0x89, 0x00, 0xfd, 0x00, 0x07, 0x3f, 0xff, 0xe0, 0x00, 0x00, 0x3f, 0xff, 0xf0, 0xf9, 0x00,
  0x07, 0x7f, 0xff, 0xf0, 0x00, 0x00, 0x7f, 0xff, 0xfc, 0xf9, 0x00, 0x07, 0x7f, 0xff, 0xe0, 0x00, 0x00, 0x3f, 0xff, 0xf0, 0xf9, 0x00, 0x07, 0x7f,
  0xff, 0xe0, 0x00, 0x00, 0x3f, 0xff, 0xf0, 0xf9, 0x00, 0x07, 0x3f, 0xff, 0xe0, 0x00, 0x00, 0x1f, 0xff, 0xf0, 0xf9, 0x00, 0x07, 0x7f, 0xe6, 0x60,
  0x00, 0x00, 0x4c, 0xcf, 0xe0, 0xf9, 0x00, 0x02, 0x3f, 0x22, 0x20, 0xfe, 0x00, 0x01, 0x07, 0xc0, 0xf9, 0x00, 0x00, 0x0f, 0xfc, 0x00, 0x01, 0x03,
  0xc0, 0xf9, 0x00, 0x01, 0x3f, 0xe2, 0xfd, 0x00, 0x01, 0x7f, 0xe8, 0xf9, 0x00, 0x01, 0x7f, 0xfe, 0xfe, 0x00, 0x02, 0x05, 0xff, 0xf8, 0xfa, 0x00,
  0x08, 0x02, 0xff, 0xfe, 0x80, 0x00, 0x00, 0x0f, 0xff, 0xff, 0xfa, 0x00, 0x08, 0x03, 0xff, 0xff, 0xc0, 0x00, 0x00, 0x1f, 0xff, 0xff, 0xfa, 0x00,
  0x09, 0x07, 0xff, 0xff, 0xe0, 0x00, 0x00, 0x1f, 0xff, 0xff, 0xc0, 0xfb, 0x00, 0x09, 0x2f, 0xff, 0xff, 0xe0, 0x00, 0x00, 0x7f, 0xff, 0xff, 0xc0,
  0xfb, 0x00, 0x09, 0x0f, 0xff, 0xff, 0xe0, 0x00, 0x00, 0x3f, 0xff, 0xff, 0xc0, 0xfb, 0x00, 0x09, 0x1f, 0xff, 0xff, 0xf0, 0x00, 0x00, 0x7f, 0xff,
  0xff, 0xe0, 0xfb, 0x00, 0x09, 0x3f, 0xff, 0xff, 0xe0, 0x00, 0x00, 0x7f, 0xff, 0xff, 0xf0, 0xfb, 0x00, 0x09, 0x3f, 0xff, 0xff, 0xf0, 0x00, 0x00,
  0x7f, 0xff, 0xff, 0xf0, 0xfb, 0x00, 0x09, 0x3f, 0xff, 0xff, 0xf8, 0x00, 0x00, 0x7f, 0xff, 0xff, 0xf8, 0xfb, 0x00, 0xfe, 0xff, 0x06, 0xf0, 0x00,
  0x00, 0x7f, 0xff, 0xff, 0xf8, 0xfb, 0x00, 0x09, 0x7f, 0xff, 0xff, 0xf0, 0x00, 0x00, 0x7f, 0xff, 0xff, 0xf8, 0xfb, 0x00, 0x09, 0x7f, 0xff, 0xff,
  0xf0, 0x00, 0x00, 0x7f, 0xff, 0xff, 0xf8, 0xfb, 0x00, 0x09, 0x7f, 0xff, 0xff, 0xf0, 0x00, 0x00, 0x3f, 0xff, 0xff, 0xf8, 0xfb, 0x00, 0xfe, 0xff,
  0x06, 0xf0, 0x00, 0x00, 0x7f, 0xff, 0xff, 0xfc, 0xfb, 0x00, 0xfe, 0xff, 0x06, 0xe0, 0x00, 0x00, 0x7f, 0xff, 0xff, 0xfc, 0xfc, 0x00, 0x00, 0x02,
  0xfe, 0xff, 0x06, 0xe0, 0x00, 0x00, 0x7f, 0xff, 0xff, 0xfc, 0xfc, 0x00, 0x00, 0x01, 0xfe, 0xff, 0x06, 0xe0, 0x00, 0x00, 0x3f, 0xff, 0xff, 0xf8,
  0xfb, 0x00, 0xfe, 0xff, 0x06, 0xe0, 0x00, 0x00, 0x3f, 0xff, 0xff, 0xfc, 0xfc, 0x00, 0x00, 0x01, 0xfe, 0xff, 0x06, 0xf0, 0x00, 0x00, 0x3f, 0xff,
  0xff, 0xfc, 0xfc, 0x00, 0x00, 0x03, 0xfe, 0xff, 0x06, 0xf0, 0x00, 0x00, 0x3f, 0xff, 0xff, 0xfc, 0xfc, 0x00, 0x00, 0x01, 0xfe, 0xff, 0x06, 0xf0,
  0x00, 0x00, 0x3f, 0xff, 0xff, 0xfc, 0xfb, 0x00, 0xfe, 0xff, 0x06, 0xf0, 0x00, 0x00, 0x3f, 0xff, 0xff, 0xfc, 0xfc, 0x00, 0x00, 0x01, 0xfe, 0xff,
  0x06, 0xe0, 0x00, 0x00, 0x7f, 0xff, 0xff, 0xfc, 0xfc, 0x00, 0x00, 0x03, 0xfe, 0xff, 0x06, 0xe0, 0x00, 0x00, 0x3f, 0xff, 0xff, 0xfc, 0xfb, 0x00,
  0xfe, 0xff, 0x06, 0xe0, 0x00, 0x00, 0x1f, 0xff, 0xff, 0xfc, 0xfb, 0x00, 0xfe, 0xff, 0x06, 0xe0, 0x00, 0x00, 0x1f, 0xff, 0xff, 0xfc, 0xfb, 0x00,
  0x09, 0x7f, 0xff, 0xff, 0xe0, 0x26, 0x60, 0x3f, 0xff, 0xff, 0xfc, 0xfb, 0x00, 0x09, 0x7f, 0xff, 0xff, 0xe0, 0x6f, 0xf8, 0x3f, 0xff, 0xff, 0xf8,
  0xfb, 0x00, 0x09, 0x7f, 0xff, 0xff, 0xc1, 0xff, 0xff, 0x1f, 0xff, 0xff, 0xf8, 0xfb, 0x00, 0x09, 0x3f, 0xff, 0xff, 0x83, 0xff, 0xff, 0x0f, 0xff,
  0xff, 0xf0, 0xfb, 0x00, 0x09, 0x3f, 0xff, 0xff, 0x87, 0xff, 0xff, 0x07, 0xff, 0xff, 0xe0, 0xfb, 0x00, 0x09, 0x3f, 0xff, 0xff, 0x07, 0xff, 0xff,
  0x03, 0xff, 0xff, 0xc0, 0xfb, 0x00, 0x08, 0x0f, 0xff, 0xfe, 0x03, 0xff, 0xff, 0x01, 0xff, 0xff, 0xfa, 0x00, 0x08, 0x03, 0xff, 0xfe, 0x03, 0xff,
  0xfe, 0x00, 0xff, 0xfd, 0xfa, 0x00, 0x08, 0x03, 0x7f, 0xf0, 0x03, 0xff, 0xfe, 0x00, 0x67, 0xe4, 0xf9, 0x00, 0x04, 0x30, 0x20, 0x00, 0xff, 0xfc,
  0xf3, 0x00, 0x01, 0x7f, 0xf8, 0xf3, 0x00, 0x01, 0x0a, 0xe0, 0xf2, 0x00, 0x00, 0x40, 0x81, 0x00, 0x8a, 0x00, 0xfd, 0x00, 0x07, 0x7f, 0xff, 0xe0,
  0x00, 0x00, 0x3f, 0xff, 0xf0, 0xf9, 0x00, 0x07, 0x7f, 0xff, 0xf0, 0x00, 0x00, 0x7f, 0xff, 0xf8, 0xf9, 0x00, 0x07, 0x7f, 0xff, 0xf0, 0x00, 0x00,
  0x7f, 0xff, 0xf8, 0xf9, 0x00, 0x07, 0xff, 0xff, 0xf0, 0x00, 0x00, 0x3f, 0xff, 0xf8, 0xf9, 0x00, 0x07, 0xff, 0xff, 0xe0, 0x00, 0x00, 0x3f, 0xff,
  0xf0, 0xf9, 0x00, 0x07, 0x7f, 0xff, 0xe0, 0x00, 0x00, 0x4f, 0xff, 0xe8, 0xf9, 0x00, 0x02, 0x3f, 0xfa, 0xa0, 0xfe, 0x00, 0x01, 0x7f, 0xf0, 0xf9,
  0x00, 0x01, 0x1f, 0xfa, 0xfd, 0x00, 0x01, 0x3f, 0xe0, 0xf9, 0x00, 0x01, 0x3f, 0xfa, 0xfe, 0x00, 0x02, 0x03, 0xff, 0xfc, 0xfa, 0x00, 0x08, 0x03,
  0xff, 0xff, 0x40, 0x00, 0x00, 0x07, 0xff, 0xfc, 0xfa, 0x00, 0x09, 0x03, 0xff, 0xff, 0xc0, 0x00, 0x00, 0x1f, 0xff, 0xff, 0x80, 0xfb, 0x00, 0x09,
  0x07, 0xff, 0xff, 0xc0, 0x00, 0x00, 0x1f, 0xff, 0xff, 0x80, 0xfb, 0x00, 0x09, 0x0f, 0xff, 0xff, 0xe0, 0x00, 0x00, 0x3f, 0xff, 0xff, 0xc0, 0xfb,
  0x00, 0x09, 0x3f, 0xff, 0xff, 0xf0, 0x00, 0x00, 0x7f, 0xff, 0xff, 0xc0, 0xfb, 0x00, 0x09, 0x3f, 0xff, 0xff, 0xf0, 0x00, 0x00, 0x7f, 0xff, 0xff,
  0xc0, 0xfb, 0x00, 0x09, 0x3f, 0xff, 0xff, 0xf0, 0x00, 0x00, 0x7f, 0xff, 0xff, 0xf0, 0xfb, 0x00, 0x09, 0x3f, 0xff, 0xff, 0xf8, 0x00, 0x00, 0x7f,
  0xff, 0xff, 0xf0, 0xfb, 0x00, 0x09, 0x7f, 0xff, 0xff, 0xf8, 0x00, 0x00, 0x7f, 0xff, 0xff, 0xf8, 0xfb, 0x00, 0x09, 0x7f, 0xff, 0xff, 0xf8, 0x00,
  0x00, 0x7f, 0xff, 0xff, 0xf8, 0xfb, 0x00, 0xfe, 0xff, 0x06, 0xf8, 0x00, 0x00, 0x7f, 0xff, 0xff, 0xf8, 0xfb, 0x00, 0xfe, 0xff, 0x06, 0xf8, 0x00,
  0x00, 0x7f, 0xff, 0xff, 0xfc, 0xfb, 0x00, 0xfe, 0xff, 0x06, 0xf8, 0x00, 0x00, 0x7f, 0xff, 0xff, 0xfc, 0xfb, 0x00, 0xfe, 0xff, 0x06, 0xf8, 0x00,
  0x00, 0x7f, 0xff, 0xff, 0xfc, 0xfb, 0x00, 0xfe, 0xff, 0x06, 0xf0, 0x00, 0x00, 0x7f, 0xff, 0xff, 0xfc, 0xfc, 0x00, 0x00, 0x01, 0xfe, 0xff, 0x06,
  0xf0, 0x00, 0x00, 0x7f, 0xff, 0xff, 0xfc, 0xfc, 0x00, 0x00, 0x03, 0xfe, 0xff, 0x06, 0xf0, 0x00, 0x00, 0x7f, 0xff, 0xff, 0xfc, 0xfc, 0x00, 0x00,
  0x01, 0xfe, 0xff, 0x06, 0xf0, 0x00, 0x00, 0x7f, 0xff, 0xff, 0xfc, 0xfb, 0x00, 0xfe, 0xff, 0x06, 0xf0, 0x00, 0x00, 0x7f, 0xff, 0xff, 0xfc, 0xfc,
  0x00, 0x00, 0x01, 0xfe, 0xff, 0x06, 0xf0, 0x00, 0x00, 0x7f, 0xff, 0xff, 0xfc, 0xfc, 0x00, 0x00, 0x03, 0xfe, 0xff, 0x06, 0xf0, 0x00, 0x00, 0x7f,
  0xff, 0xff, 0xfc, 0xfc, 0x00, 0x00, 0x01, 0xfe, 0xff, 0x06, 0xf0, 0x00, 0x00, 0x3f, 0xff, 0xff, 0xfc, 0xfb, 0x00, 0xfe, 0xff, 0x06, 0xf0, 0x00,
  0x00, 0x7f, 0xff, 0xff, 0xfc, 0xfc, 0x00, 0x00, 0x01, 0xfe, 0xff, 0x06, 0xf0, 0x00, 0x00, 0x7f, 0xff, 0xff, 0xfc, 0xfc, 0x00, 0x00, 0x01, 0xfe,
  0xff, 0x06, 0xf0, 0x00, 0x00, 0x3f, 0xff, 0xff, 0xfc, 0xfb, 0x00, 0xfe, 0xff, 0x06, 0xf0, 0x00, 0x00, 0x3f, 0xff, 0xff, 0xfc, 0xfb, 0x00, 0xfe,
  0xff, 0x06, 0xe0, 0x00, 0x00, 0x3f, 0xff, 0xff, 0xfc, 0xfc, 0x00, 0x00, 0x01, 0xfe, 0xff, 0x06, 0xf0, 0x37, 0x60, 0x7f, 0xff, 0xff, 0xfc, 0xfb,
  0x00, 0xfe, 0xff, 0x06, 0xe0, 0x3f, 0xf8, 0x3f, 0xff, 0xff, 0xfc, 0xfb, 0x00, 0x09, 0x7f, 0xff, 0xff, 0xc3, 0xff, 0xff, 0x1f, 0xff, 0xff, 0xf8,
  0xfb, 0x00, 0xfe, 0xff, 0x06, 0xc3, 0xff, 0xff, 0x8f, 0xff, 0xff, 0xf0, 0xfb, 0x00, 0x09, 0x3f, 0xff, 0xff, 0xe7, 0xff, 0xff, 0x87, 0xff, 0xff,
  0xe0, 0xfb, 0x00, 0x09, 0x3f, 0xff, 0xff, 0x87, 0xff, 0xff, 0x83, 0xff, 0xff, 0xc0, 0xfb, 0x00, 0x09, 0x0f, 0xff, 0xff, 0x03, 0xff, 0xff, 0x81,
  0xff, 0xff, 0xc0, 0xfb, 0x00, 0x09, 0x0f, 0xff, 0xfe, 0x03, 0xff, 0xff, 0x00, 0xff, 0xff, 0x40, 0xfb, 0x00, 0x08, 0x07, 0xff, 0xfe, 0x03, 0xff,
  0xfe, 0x00, 0x7f, 0xee, 0xfa, 0x00, 0x05, 0x03, 0x30, 0x20, 0x02, 0xff, 0xfc, 0xf4, 0x00, 0x02, 0x01, 0xff, 0xfc, 0xf3, 0x00, 0x01, 0x2f, 0xe8,
  0xf4, 0x00, 0x02, 0x02, 0x06, 0x40, 0x81, 0x00, 0x8a, 0x00, 0xfd, 0x00, 0x07, 0xff, 0xff, 0xe0, 0x00, 0x00, 0x7f, 0xff, 0xf8, 0xf9, 0x00, 0x07,
  0x7f, 0xff, 0xf0, 0x00, 0x00, 0x7f, 0xff, 0xfc, 0xf9, 0x00, 0x07, 0x7f, 0xff, 0xf0, 0x00, 0x00, 0x3f, 0xff, 0xf8, 0xf9, 0x00, 0x07, 0xff, 0xff,
  0xe0, 0x00, 0x00, 0x3f, 0xff, 0xf8, 0xf9, 0x00, 0x07, 0xff, 0xff, 0xe0, 0x00, 0x00, 0x1f, 0xff, 0xf0, 0xf9, 0x00, 0x07, 0x7f, 0xff, 0x60, 0x00,
  0x00, 0x47, 0xff, 0xe0, 0xf9, 0x00, 0x02, 0x3f, 0xe2, 0xa0, 0xfe, 0x00, 0x01, 0x5f, 0xc0, 0xf9, 0x00, 0x01, 0x3f, 0xf8, 0xfd, 0x00, 0x01, 0x7f,
  0xf0, 0xf9, 0x00, 0x01, 0x7f, 0xea, 0xfe, 0x00, 0x02, 0x03, 0xff, 0xfc, 0xfa, 0x00, 0x02, 0x02, 0xff, 0xff, 0xfe, 0x00, 0x02, 0x07, 0xff, 0xfc,
  0xfa, 0x00, 0x08, 0x03, 0xff, 0xff, 0x80, 0x00, 0x00, 0x1f, 0xff, 0xff, 0xfa, 0x00, 0x09, 0x0f, 0xff, 0xff, 0xc0, 0x00, 0x00, 0x1f, 0xff, 0xff,
  0x80, 0xfb, 0x00, 0x09, 0x0f, 0xff, 0xff, 0xe0, 0x00, 0x00, 0x3f, 0xff, 0xff, 0xc0, 0xfb, 0x00, 0x09, 0x3f, 0xff, 0xff, 0xe0, 0x00, 0x00, 0x7f,
  0xff, 0xff, 0xe0, 0xfb, 0x00, 0x09, 0x3f, 0xff, 0xff, 0xf0, 0x00, 0x00, 0x7f, 0xff, 0xff, 0xf0, 0xfb, 0x00, 0x09, 0x3f, 0xff, 0xff, 0xf0, 0x00,
  0x00, 0x7f, 0xff, 0xff, 0xf0, 0xfb, 0x00, 0x09, 0x7f, 0xff, 0xff, 0xf0, 0x00, 0x00, 0x7f, 0xff, 0xff, 0xfc, 0xfb, 0x00, 0x09, 0x7f, 0xff, 0xff,
  0xf8, 0x00, 0x00, 0x7f, 0xff, 0xff, 0xfc, 0xfb, 0x00, 0x09, 0x7f, 0xff, 0xff, 0xf8, 0x00, 0x00, 0x7f, 0xff, 0xff, 0xf8, 0xfb, 0x00, 0xfe, 0xff,
  0x06, 0xf8, 0x00, 0x00, 0x7f, 0xff, 0xff, 0xfc, 0xfb, 0x00, 0xfe, 0xff, 0x06, 0xf8, 0x00, 0x00, 0x7f, 0xff, 0xff, 0xfc, 0xfc, 0x00, 0x00, 0x03,
  0xfe, 0xff, 0x06, 0xf8, 0x00, 0x00, 0x7f, 0xff, 0xff, 0xfc, 0xfc, 0x00, 0x00, 0x01, 0xfe, 0xff, 0x06, 0xf8, 0x00, 0x00, 0x7f, 0xff, 0xff, 0xfc,
  0xfc, 0x00, 0x00, 0x01, 0xfe, 0xff, 0x06, 0xf8, 0x00, 0x00, 0x7f, 0xff, 0xff, 0xfc, 0xfc, 0x00, 0x00, 0x03, 0xfe, 0xff, 0x06, 0xf0, 0x00, 0x00,
  0x7f, 0xff, 0xff, 0xfc, 0xfc, 0x00, 0x00, 0x03, 0xfe, 0xff, 0x06, 0xf0, 0x00, 0x00, 0x7f, 0xff, 0xff, 0xfc, 0xfc, 0x00, 0x00, 0x03, 0xfe, 0xff,
  0x06, 0xf0, 0x00, 0x00, 0x7f, 0xff, 0xff, 0xfc, 0xfc, 0x00, 0x00, 0x03, 0xfe, 0xff, 0x06, 0xf0, 0x00, 0x00, 0x7f, 0xff, 0xff, 0xfc, 0xfc, 0x00,
  0x00, 0x03, 0xfe, 0xff, 0x06, 0xf0, 0x00, 0x00, 0x7f, 0xff, 0xff, 0xfc, 0xfc, 0x00, 0x00, 0x03, 0xfe, 0xff, 0x03, 0xf0, 0x00, 0x00, 0x7f, 0xfe,
  0xff, 0xfc, 0x00, 0x00, 0x03, 0xfe, 0xff, 0x03, 0xf8, 0x00, 0x00, 0x7f, 0xfe, 0xff, 0xfc, 0x00, 0x00, 0x03, 0xfe, 0xff, 0x03, 0xf0, 0x00, 0x00,
  0x7f, 0xfe, 0xff, 0xfc, 0x00, 0x00, 0x03, 0xfe, 0xff, 0x03, 0xe0, 0x00, 0x00, 0x7f, 0xfe, 0xff, 0xfc, 0x00, 0x00, 0x03, 0xfe, 0xff, 0x06, 0xf0,
  0x00, 0x00, 0x7f, 0xff, 0xff, 0xfe, 0xfc, 0x00, 0x00, 0x03, 0xfe, 0xff, 0x06, 0xf0, 0x00, 0x00, 0x3f, 0xff, 0xff, 0xfe, 0xfc, 0x00, 0x00, 0x03,
  0xfe, 0xff, 0x06, 0xe0, 0x00, 0x00, 0x3f, 0xff, 0xff, 0xfc, 0xfc, 0x00, 0x00, 0x03, 0xfe, 0xff, 0x06, 0xe0, 0x77, 0xf8, 0x7f, 0xff, 0xff, 0xfc,
  0xfc, 0x00, 0x00, 0x01, 0xfe, 0xff, 0x06, 0xe0, 0x7f, 0xfc, 0x7f, 0xff, 0xff, 0xfc, 0xfc, 0x00, 0x00, 0x01, 0xfe, 0xff, 0x06, 0xe3, 0xff, 0xff,
  0x1f, 0xff, 0xff, 0xfc, 0xfb, 0x00, 0xfe, 0xff, 0x06, 0xe7, 0xff, 0xff, 0x8f, 0xff, 0xff, 0xfc, 0xfb, 0x00, 0x09, 0x7f, 0xff, 0xff, 0xe7, 0xff,
  0xff, 0xcf, 0xff, 0xff, 0xfc, 0xfb, 0x00, 0x09, 0x7f, 0xff, 0xff, 0xa7, 0xff, 0xff, 0x87, 0xff, 0xff, 0xf0, 0xfb, 0x00, 0x09, 0x7f, 0xff, 0xff,
  0x8f, 0xff, 0xff, 0x87, 0xff, 0xff, 0xf0, 0xfb, 0x00, 0x09, 0x3f, 0xff, 0xfe, 0x07, 0xff, 0xff, 0x03, 0xff, 0xff, 0xc0, 0xfb, 0x00, 0x09, 0x0f,
  0xff, 0xfe, 0x07, 0xff, 0xfe, 0x01, 0xff, 0xff, 0x40, 0xfb, 0x00, 0x08, 0x03, 0xff, 0xfa, 0x03, 0xff, 0xfc, 0x00, 0x3f, 0xf8, 0xf9, 0x00, 0x07,
  0xff, 0xc0, 0x01, 0xff, 0xfc, 0x00, 0x19, 0xf0, 0xf6, 0x00, 0x01, 0x3f, 0xea, 0xf4, 0x00, 0x02, 0x02, 0x27, 0x60, 0x81, 0x00, 0x8a, 0x00, 0xfd,
  0x00, 0x07, 0xff, 0xff, 0xf0, 0x00, 0x00, 0x7f, 0xff, 0xfc, 0xfa, 0x00, 0x08, 0x02, 0xff, 0xff, 0xf8, 0x00, 0x00, 0x7f, 0xff, 0xfc, 0xf9, 0x00,
  0x07, 0xff, 0xff, 0xf8, 0x00, 0x00, 0x7f, 0xff, 0xf8, 0xf9, 0x00, 0x07, 0xff, 0xff, 0xf0, 0x00, 0x00, 0x7f, 0xff, 0xf8, 0xf9, 0x00, 0x07, 0xff,
  0xff, 0xe0, 0x00, 0x00, 0x5f, 0xff, 0xf4, 0xf9, 0x00, 0x07, 0x7f, 0xf7, 0x40, 0x00, 0x00, 0x46, 0xef, 0xec, 0xf9, 0x00, 0x02, 0x7f, 0xe6, 0x20,
  0xfe, 0x00, 0x01, 0x7f, 0xf0, 0xf9, 0x00, 0x01, 0xbf, 0xfc, 0xfe, 0x00, 0x02, 0x01, 0xff, 0xf8, 0xfa, 0x00, 0x02, 0x01, 0xff, 0xfe, 0xfe, 0x00,
  0x02, 0x03, 0xff, 0xfc, 0xfa, 0x00, 0x08, 0x03, 0xff, 0xff, 0xc0, 0x00, 0x00, 0x0f, 0xff, 0xfe, 0xfa, 0x00, 0x09, 0x07, 0xff, 0xff, 0xe0, 0x00,
  0x00, 0x1f, 0xff, 0xff, 0x40, 0xfb, 0x00, 0x09, 0x0f, 0xff, 0xff, 0xe0, 0x00, 0x00, 0x1f, 0xff, 0xff, 0xc0, 0xfb, 0x00, 0x09, 0x1f, 0xff, 0xff,
  0xe0, 0x00, 0x00, 0x7f, 0xff, 0xff, 0xc0, 0xfb, 0x00, 0x09, 0x3f, 0xff, 0xff, 0xe0, 0x00, 0x00, 0x7f, 0xff, 0xff, 0xe0, 0xfb, 0x00, 0x09, 0x3f,
  0xff, 0xff, 0xf8, 0x00, 0x00, 0x7f, 0xff, 0xff, 0xf0, 0xfb, 0x00, 0xfe, 0xff, 0x06, 0xf8, 0x00, 0x00, 0x7f, 0xff, 0xff, 0xf8, 0xfb, 0x00, 0xfe,
  0xff, 0x02, 0xf8, 0x00, 0x00, 0xfe, 0xff, 0x00, 0xfc, 0xfb, 0x00, 0xfe, 0xff, 0x06, 0xf8, 0x00, 0x00, 0x7f, 0xff, 0xff, 0xfc, 0xfb, 0x00, 0xfe,
  0xff, 0x06, 0xf8, 0x00, 0x00, 0x7f, 0xff, 0xff, 0xfc, 0xfc, 0x00, 0x00, 0x01, 0xfe, 0xff, 0x06, 0xf8, 0x00, 0x00, 0x7f, 0xff, 0xff, 0xfc, 0xfc,
  0x00, 0x00, 0x01, 0xfe, 0xff, 0x06, 0xf8, 0x00, 0x00, 0x7f, 0xff, 0xff, 0xfc, 0xfc, 0x00, 0x00, 0x03, 0xfe, 0xff, 0x06, 0xf8, 0x00, 0x00, 0x7f,
  0xff, 0xff, 0xfe, 0xfc, 0x00, 0x00, 0x03, 0xfe, 0xff, 0x06, 0xf8, 0x00, 0x00, 0x7f, 0xff, 0xff, 0xfe, 0xfc, 0x00, 0x00, 0x03, 0xfe, 0xff, 0x06,
  0xf8, 0x00, 0x00, 0x7f, 0xff, 0xff, 0xfe, 0xfc, 0x00, 0x00, 0x03, 0xfe, 0xff, 0x03, 0xf8, 0x00, 0x00, 0x7f, 0xfe, 0xff, 0xfc, 0x00, 0x00, 0x03,
  0xfe, 0xff, 0x06, 0xf0, 0x00, 0x00, 0x7f, 0xff, 0xff, 0xfe, 0xfc, 0x00, 0x00, 0x03, 0xfe, 0xff, 0x03, 0xf0, 0x00, 0x00, 0x7f, 0xfe, 0xff, 0xfc,
  0x00, 0x00, 0x03, 0xfe, 0xff, 0x03, 0xf0, 0x00, 0x00, 0x7f, 0xfe, 0xff, 0xfc, 0x00, 0x00, 0x03, 0xfe, 0xff, 0x03, 0xf0, 0x00, 0x00, 0x7f, 0xfe,
  0xff, 0xfc, 0x00, 0x00, 0x03, 0xfe, 0xff, 0x03, 0xf0, 0x00, 0x00, 0x7f, 0xfe, 0xff, 0xfc, 0x00, 0x00, 0x03, 0xfe, 0xff, 0x03, 0xf8, 0x00, 0x00,
  0x7f, 0xfe, 0xff, 0xfc, 0x00, 0x00, 0x03, 0xfe, 0xff, 0x03, 0xf0, 0x00, 0x00, 0x7f, 0xfe, 0xff, 0xfc, 0x00, 0x00, 0x03, 0xfe, 0xff, 0x03, 0xe0,
  0x00, 0x00, 0x7f, 0xfe, 0xff, 0xfc, 0x00, 0x00, 0x03, 0xfe, 0xff, 0x03, 0xe0, 0x00, 0x00, 0x7f, 0xfe, 0xff, 0xfc, 0x00, 0x00, 0x03, 0xfe, 0xff,
  0x03, 0xe0, 0x00, 0x00, 0x3f, 0xfe, 0xff, 0xfc, 0x00, 0x00, 0x03, 0xfe, 0xff, 0x06, 0xe0, 0x00, 0x00, 0x3f, 0xff, 0xff, 0xfe, 0xfc, 0x00, 0x00,
  0x03, 0xfe, 0xff, 0x06, 0xe0, 0x23, 0xfc, 0x7f, 0xff, 0xff, 0xfc, 0xfc, 0x00, 0x00, 0x03, 0xfe, 0xff, 0x06, 0xe0, 0x7f, 0xfc, 0x7f, 0xff, 0xff,
  0xfc, 0xfc, 0x00, 0x00, 0x01, 0xfe, 0xff, 0x06, 0xeb, 0xff, 0xfe, 0xbf, 0xff, 0xff, 0xfc, 0xfb, 0x00, 0xfe, 0xff, 0x06, 0xe7, 0xff, 0xff, 0xaf,
  0xff, 0xff, 0xfc, 0xfc, 0x00, 0x00, 0x01, 0xf8, 0xff, 0x00, 0xfc, 0xfb, 0x00, 0x09, 0x7f, 0xff, 0xff, 0xaf, 0xff, 0xff, 0x8f, 0xff, 0xff, 0xf0,
  0xfb, 0x00, 0x09, 0x7f, 0xff, 0xff, 0x8f, 0xff, 0xff, 0x8f, 0xff, 0xff, 0xf0, 0xfb, 0x00, 0x09, 0x3f, 0xff, 0xfe, 0x07, 0xff, 0xff, 0x03, 0xff,
  0xff, 0xc0, 0xfb, 0x00, 0x09, 0x0f, 0xff, 0xfe, 0x07, 0xff, 0xfe, 0x01, 0xff, 0xff, 0x40, 0xfb, 0x00, 0x08, 0x03, 0xff, 0xfa, 0x03, 0xff, 0xfc,
  0x00, 0xff, 0xf8, 0xf9, 0x00, 0x07, 0xff, 0xe0, 0x01, 0xff, 0xfc, 0x00, 0x5f, 0xf0, 0xf9, 0x00, 0x04, 0x2f, 0x20, 0x00, 0x3f, 0xfa, 0xf6, 0x00,
  0x04, 0x02, 0x00, 0x02, 0x26, 0x60, 0x81, 0x00, 0x8a, 0x00, 0xfd, 0x00, 0x07, 0xff, 0xff, 0xf0, 0x00, 0x00, 0x7f, 0xff, 0xfc, 0xfa, 0x00, 0x08,
  0x02, 0xff, 0xff, 0xf8, 0x00, 0x00, 0x7f, 0xff, 0xfc, 0xfa, 0x00, 0x08, 0x02, 0xff, 0xff, 0xf8, 0x00, 0x00, 0x7f, 0xff, 0xf8, 0xf9, 0x00, 0x07,
  0xff, 0xff, 0xf0, 0x00, 0x00, 0x7f, 0xff, 0xf8, 0xfa, 0x00, 0x08, 0x01, 0xff, 0xff, 0xe0, 0x00, 0x00, 0x5f, 0xff, 0xf4, 0xfa, 0x00, 0x08, 0x02,
  0x7f, 0xff, 0xc0, 0x00, 0x00, 0x47, 0xff, 0xec, 0xf9, 0x00, 0x07, 0x3f, 0xf8, 0x80, 0x00, 0x00, 0x01, 0x7f, 0xd0, 0xf9, 0x00, 0x01, 0xbf, 0xfe,
  0xfe, 0x00, 0x02, 0x03, 0xff, 0xf8, 0xfa, 0x00, 0x08, 0x01, 0xff, 0xfe, 0x80, 0x00, 0x00, 0x03, 0xff, 0xfc, 0xfa, 0x00, 0x08, 0x03, 0xff, 0xff,
  0xc0, 0x00, 0x00, 0x0f, 0xff, 0xfe, 0xfa, 0x00, 0x08, 0x07, 0xff, 0xff, 0x80, 0x00, 0x00, 0x1f, 0xff, 0xff, 0xfa, 0x00, 0x09, 0x0f, 0xff, 0xff,
  0xe0, 0x00, 0x00, 0x3f, 0xff, 0xff, 0xc0, 0xfb, 0x00, 0x09, 0x1f, 0xff, 0xff, 0xe0, 0x00, 0x00, 0x7f, 0xff, 0xff, 0xc0, 0xfb, 0x00, 0x09, 0x3f,
  0xff, 0xff, 0xe0, 0x00, 0x00, 0x7f, 0xff, 0xff, 0xe0, 0xfb, 0x00, 0x09, 0x7f, 0xff, 0xff, 0xf8, 0x00, 0x00, 0x7f, 0xff, 0xff, 0xf0, 0xfb, 0x00,
  0xfe, 0xff, 0x06, 0xf8, 0x00, 0x00, 0x7f, 0xff, 0xff, 0xf8, 0xfb, 0x00, 0xfe, 0xff, 0x06, 0xf8, 0x00, 0x00, 0x7f, 0xff, 0xff, 0xfc, 0xfc, 0x00,
  0x00, 0x02, 0xfe, 0xff, 0x02, 0xf8, 0x00, 0x00, 0xfe, 0xff, 0x00, 0xfc, 0xfc, 0x00, 0x00, 0x01, 0xfe, 0xff, 0x02, 0xf8, 0x00, 0x00, 0xfe, 0xff,
  0x00, 0xfc, 0xfc, 0x00, 0x00, 0x03, 0xfe, 0xff, 0x02, 0xf8, 0x00, 0x01, 0xfe, 0xff, 0x00, 0xfc, 0xfc, 0x00, 0x00, 0x01, 0xfe, 0xff, 0x06, 0xf8,
  0x00, 0x00, 0x7f, 0xff, 0xff, 0xfc, 0xfc, 0x00, 0x00, 0x03, 0xfe, 0xff, 0x02, 0xfc, 0x00, 0x00, 0xfe, 0xff, 0x00, 0xfe, 0xfc, 0x00, 0x00, 0x03,
  0xfe, 0xff, 0x02, 0xf8, 0x00, 0x00, 0xfd, 0xff, 0xfc, 0x00, 0x00, 0x03, 0xfe, 0xff, 0x02, 0xf8, 0x00, 0x00, 0xfd, 0xff, 0xfc, 0x00, 0x00, 0x03,
  0xfe, 0xff, 0x03, 0xf8, 0x00, 0x00, 0x7f, 0xfe, 0xff, 0xfc, 0x00, 0x00, 0x03, 0xfe, 0xff, 0x03, 0xfc, 0x00, 0x00, 0x7f, 0xfe, 0xff, 0xfc, 0x00,
  0x00, 0x03, 0xfe, 0xff, 0x02, 0xf8, 0x00, 0x00, 0xfd, 0xff, 0xfc, 0x00, 0x00, 0x0f, 0xfe, 0xff, 0x03, 0xf8, 0x00, 0x00, 0x7f, 0xfe, 0xff, 0xfc,
  0x00, 0x00, 0x07, 0xfe, 0xff, 0x03, 0xf8, 0x00, 0x00, 0x7f, 0xfe, 0xff, 0x00, 0x40, 0xfd, 0x00, 0x00, 0x07, 0xfe, 0xff, 0x03, 0xf8, 0x00, 0x00,
  0x7f, 0xfe, 0xff, 0xfc, 0x00, 0x00, 0x07, 0xfe, 0xff, 0x02, 0xf8, 0x00, 0x00, 0xfd, 0xff, 0xfc, 0x00, 0x00, 0x0f, 0xfe, 0xff, 0x03, 0xf8, 0x00,
  0x00, 0x7f, 0xfe, 0xff, 0xfc, 0x00, 0x00, 0x07, 0xfe, 0xff, 0x03, 0xf0, 0x00, 0x00, 0x7f, 0xfe, 0xff, 0xfc, 0x00, 0x00, 0x07, 0xfe, 0xff, 0x03,
  0xf0, 0x00, 0x00, 0x7f, 0xfe, 0xff, 0xfc, 0x00, 0x00, 0x07, 0xfe, 0xff, 0x03, 0xf8, 0x00, 0x00, 0x7f, 0xfe, 0xff, 0xfc, 0x00, 0x00, 0x07, 0xfe,
  0xff, 0x03, 0xf8, 0x08, 0x00, 0x7f, 0xfe, 0xff, 0xfc, 0x00, 0x00, 0x07, 0xfe, 0xff, 0x06, 0xe2, 0x3f, 0xfe, 0x7f, 0xff, 0xff, 0xfe, 0xfc, 0x00,
  0x00, 0x03, 0xfe, 0xff, 0x02, 0xf7, 0xff, 0xfe, 0xfd, 0xff, 0xfc, 0x00, 0x00, 0x03, 0xfe, 0xff, 0x00, 0xef, 0xfb, 0xff, 0xfc, 0x00, 0x00, 0x03,
  0xf8, 0xff, 0x00, 0xfc, 0xfc, 0x00, 0x00, 0x01, 0xf8, 0xff, 0x00, 0xfc, 0xfb, 0x00, 0xfe, 0xff, 0x06, 0xef, 0xff, 0xff, 0x8f, 0xff, 0xff, 0xf8,
  0xfb, 0x00, 0xfe, 0xff, 0x06, 0x8f, 0xff, 0xff, 0x8f, 0xff, 0xff, 0xf0, 0xfb, 0x00, 0x09, 0x7f, 0xff, 0xfe, 0x87, 0xff, 0xff, 0x03, 0xff, 0xff,
  0xf0, 0xfb, 0x00, 0x09, 0x3f, 0xff, 0xfe, 0x07, 0xff, 0xff, 0x07, 0xff, 0xff, 0xc0, 0xfb, 0x00, 0x08, 0x2f, 0xff, 0xfe, 0x03, 0xff, 0xfe, 0x00,
  0xff, 0xff, 0xfa, 0x00, 0x08, 0x03, 0xff, 0xf8, 0x03, 0xff, 0xfe, 0x00, 0x7f, 0xfd, 0xf9, 0x00, 0x07, 0xff, 0xa8, 0x00, 0x7f, 0xf8, 0x00, 0x00,
  0x40, 0xf9, 0x00, 0x04, 0x02, 0x00, 0x02, 0x7f, 0xe0, 0x81, 0x00, 0x8a, 0x00, 0xfe, 0x00, 0x08, 0x01, 0xff, 0xff, 0xf8, 0x00, 0x00, 0x7f, 0xff,
  0xfc, 0xfa, 0x00, 0x08, 0x03, 0xff, 0xff, 0xfc, 0x00, 0x00, 0x7f, 0xff, 0xfc, 0xfa, 0x00, 0x08, 0x01, 0xff, 0xff, 0xf8, 0x00, 0x00, 0x7f, 0xff,
  0xfc, 0xf9, 0x00, 0x07, 0xff, 0xff, 0xf0, 0x00, 0x00, 0x7f, 0xff, 0xfc, 0xfa, 0x00, 0x08, 0x01, 0xff, 0xff, 0xe0, 0x00, 0x00, 0x7f, 0xff, 0xf4,
  0xfa, 0x00, 0x08, 0x02, 0x7f, 0xff, 0xc0, 0x00, 0x00, 0x4f, 0xff, 0xfc, 0xf9, 0x00, 0x07, 0xff, 0xfe, 0xa0, 0x00, 0x00, 0x03, 0xff, 0xfc, 0xfa,
  0x00, 0x08, 0x01, 0xff, 0xff, 0x80, 0x00, 0x00, 0x17, 0xff, 0xfc, 0xfa, 0x00, 0x09, 0x01, 0xff, 0xff, 0x80, 0x00, 0x00, 0x17, 0xff, 0xfd, 0x40,
  0xfb, 0x00, 0x09, 0x0f, 0xff, 0xff, 0xc0, 0x00, 0x00, 0x5f, 0xff, 0xff, 0xc0, 0xfb, 0x00, 0x09, 0x0f, 0xff, 0xff, 0xc0, 0x00, 0x00, 0x1f, 0xff,
  0xff, 0xc0, 0xfb, 0x00, 0x09, 0x3f, 0xff, 0xff, 0xe0, 0x00, 0x00, 0x7f, 0xff, 0xff, 0xf0, 0xfb, 0x00, 0x09, 0x3f, 0xff, 0xff, 0xf0, 0x00, 0x00,
  0x7f, 0xff, 0xff, 0xf0, 0xfb, 0x00, 0x09, 0x7f, 0xff, 0xff, 0xf0, 0x00, 0x00, 0x7f, 0xff, 0xff, 0xfc, 0xfb, 0x00, 0xfe, 0xff, 0x02, 0xf0, 0x00,
  0x00, 0xfe, 0xff, 0x00, 0xfc, 0xfb, 0x00, 0xfe, 0xff, 0x02, 0xf8, 0x00, 0x00, 0xfe, 0xff, 0x00, 0xfc, 0xfc, 0x00, 0x00, 0x01, 0xfe, 0xff, 0x02,
  0xf8, 0x00, 0x00, 0xfe, 0xff, 0x00, 0xfc, 0xfc, 0x00, 0x00, 0x03, 0xfe, 0xff, 0x02, 0xfc, 0x00, 0x00, 0xfe, 0xff, 0x00, 0xfc, 0xfc, 0x00, 0x00,
  0x03, 0xfe, 0xff, 0x02, 0xfc, 0x00, 0x00, 0xfd, 0xff, 0xfc, 0x00, 0x00, 0x03, 0xfe, 0xff, 0x02, 0xfc, 0x00, 0x00, 0xfe, 0xff, 0x00, 0xfe, 0xfc,
  0x00, 0x00, 0x03, 0xfe, 0xff, 0x02, 0xf8, 0x00, 0x00, 0xfe, 0xff, 0x00, 0xfe, 0xfc, 0x00, 0x00, 0x03, 0xfe, 0xff, 0x02, 0xfe, 0x00, 0x01, 0xfe,
  0xff, 0x00, 0xfe, 0xfc, 0x00, 0x00, 0x07, 0xfe, 0xff, 0x02, 0xf8, 0x00, 0x00, 0xfd, 0xff, 0xfc, 0x00, 0x00, 0x0f, 0xfe, 0xff, 0x02, 0xf8, 0x00,
  0x01, 0xfd, 0xff, 0xfc, 0x00, 0x00, 0x07, 0xfe, 0xff, 0x02, 0xf8, 0x00, 0x00, 0xfd, 0xff, 0xfc, 0x00, 0x00, 0x07, 0xfe, 0xff, 0x02, 0xfc, 0x00,
  0x00, 0xfd, 0xff, 0xfc, 0x00, 0x00, 0x07, 0xfe, 0xff, 0x02, 0xf8, 0x00, 0x00, 0xfd, 0xff, 0xfc, 0x00, 0x00, 0x0f, 0xfe, 0xff, 0x03, 0xf8, 0x00,
  0x00, 0x7f, 0xfe, 0xff, 0xfc, 0x00, 0x00, 0x07, 0xfe, 0xff, 0x03, 0xf8, 0x00, 0x00, 0x7f, 0xfe, 0xff, 0x00, 0xc0, 0xfd, 0x00, 0x00, 0x0f, 0xfe,
  0xff, 0x02, 0xf8, 0x00, 0x00, 0xfd, 0xff, 0x00, 0xc0, 0xfd, 0x00, 0x00, 0x07, 0xfe, 0xff, 0x02, 0xf8, 0x00, 0x00, 0xfd, 0xff, 0x00, 0xc0, 0xfd,
  0x00, 0x00, 0x0f, 0xfe, 0xff, 0x03, 0xf8, 0x00, 0x00, 0x7f, 0xfe, 0xff, 0x00, 0xc0, 0xfd, 0x00, 0x00, 0x07, 0xfe, 0xff, 0x03, 0xf8, 0x00, 0x00,
  0x7f, 0xfe, 0xff, 0x00, 0xc0, 0xfd, 0x00, 0x00, 0x07, 0xfe, 0xff, 0x03, 0xf8, 0x00, 0x00, 0x7f, 0xfe, 0xff, 0xfc, 0x00, 0x00, 0x07, 0xfe, 0xff,
  0x03, 0xf8, 0x00, 0x00, 0x7f, 0xfe, 0xff, 0xfc, 0x00, 0x00, 0x07, 0xfe, 0xff, 0x03, 0xf0, 0x08, 0x00, 0x7f, 0xfe, 0xff, 0xfc, 0x00, 0x00, 0x07,
  0xfe, 0xff, 0x03, 0xf2, 0x3f, 0xfc, 0x7f, 0xfe, 0xff, 0x00, 0x40, 0xfd, 0x00, 0x00, 0x07, 0xfc, 0xff, 0x00, 0xfe, 0xfd, 0xff, 0xfc, 0x00, 0x00,
  0x07, 0xfe, 0xff, 0x00, 0xef, 0xfb, 0xff, 0xfc, 0x00, 0x00, 0x03, 0xf8, 0xff, 0x00, 0xfe, 0xfc, 0x00, 0x00, 0x03, 0xf8, 0xff, 0x00, 0xfc, 0xfc,
  0x00, 0x00, 0x03, 0xfe, 0xff, 0x06, 0xef, 0xff, 0xff, 0xcf, 0xff, 0xff, 0xfc, 0xfc, 0x00, 0x00, 0x01, 0xfb, 0xff, 0x03, 0xdf, 0xff, 0xff, 0xfc,
  0xfb, 0x00, 0xfe, 0xff, 0x06, 0xa7, 0xff, 0xff, 0x87, 0xff, 0xff, 0xf4, 0xfc, 0x00, 0x0a, 0x02, 0x7f, 0xff, 0xff, 0x27, 0xff, 0xff, 0x07, 0xff,
  0xff, 0xf0, 0xfb, 0x00, 0x09, 0x3f, 0xff, 0xfe, 0x03, 0xff, 0xfe, 0x00, 0xff, 0xff, 0xc0, 0xfb, 0x00, 0x09, 0x1f, 0xff, 0xfc, 0x03, 0xff, 0xff,
  0x00, 0xff, 0xff, 0x40, 0xfb, 0x00, 0x08, 0x02, 0xff, 0xe0, 0x00, 0x7f, 0xf8, 0x00, 0x07, 0xe0, 0xf9, 0x00, 0x07, 0x22, 0x20, 0x02, 0x7f, 0xe0,
  0x00, 0x04, 0x44, 0xf9, 0x00, 0x01, 0x02, 0x20, 0x81, 0x00, 0x97, 0x00, 0xfe, 0x00, 0x08, 0x01, 0xff, 0xff, 0xf0, 0x00, 0x00, 0x7f, 0xff, 0xf8,
  0xfa, 0x00, 0x08, 0x03, 0xff, 0xff, 0xf0, 0x00, 0x00, 0x7f, 0xff, 0xfc, 0xf9, 0x00, 0x07, 0xff, 0xff, 0xf0, 0x00, 0x00, 0x7f, 0xff, 0xf8, 0xf9,
  0x00, 0x07, 0xff, 0xff, 0xe0, 0x00, 0x00, 0x7f, 0xff, 0xfc, 0xf9, 0x00, 0x07, 0xff, 0xff, 0xc0, 0x00, 0x00, 0x3f, 0xff, 0xf4, 0xfa, 0x00, 0x08,
  0x02, 0x7f, 0xef, 0xc0, 0x00, 0x00, 0x41, 0x5d, 0xf4, 0xf9, 0x00, 0x02, 0xef, 0xe8, 0x80, 0xfe, 0x00, 0x01, 0x5d, 0xd4, 0xf9, 0x00, 0x07, 0xff,
  0xfe, 0x80, 0x00, 0x00, 0x13, 0xff, 0xf4, 0xfa, 0x00, 0x09, 0x01, 0xff, 0xfe, 0x80, 0x00, 0x00, 0x07, 0xff, 0xfc, 0x40, 0xfb, 0x00, 0x09, 0x2f,
  0xff, 0xff, 0xc0, 0x00, 0x00, 0x5f, 0xff, 0xff, 0xc0, 0xfb, 0x00, 0x09, 0x2f, 0xff, 0xff, 0xc0, 0x00, 0x00, 0x1f, 0xff, 0xff, 0xc0, 0xfb, 0x00,
  0x09, 0x0f, 0xff, 0xff, 0xe0, 0x00, 0x00, 0x7f, 0xff, 0xff, 0xd0, 0xfb, 0x00, 0x09, 0x3f, 0xff, 0xff, 0xe0, 0x00, 0x00, 0x3f, 0xff, 0xff, 0xe4,
  0xfb, 0x00, 0x09, 0x3f, 0xff, 0xff, 0xf0, 0x00, 0x00, 0x7f, 0xff, 0xff, 0xf4, 0xfb, 0x00, 0x05, 0x7f, 0xff, 0xff, 0xf0, 0x00, 0x00, 0xfe, 0xff,
  0x00, 0xf8, 0xfb, 0x00, 0xfe, 0xff, 0x02, 0xf8, 0x00, 0x01, 0xfe, 0xff, 0x00, 0xfc, 0xfb, 0x00, 0xfe, 0xff, 0x02, 0xf8, 0x00, 0x00, 0xfe, 0xff,
  0x00, 0xfc, 0xfc, 0x00, 0x00, 0x03, 0xfe, 0xff, 0x02, 0xfc, 0x00, 0x00, 0xfe, 0xff, 0x00, 0xfc, 0xfc, 0x00, 0x00, 0x01, 0xfe, 0xff, 0x02, 0xfc,
  0x00, 0x00, 0xfe, 0xff, 0x00, 0xfd, 0xfc, 0x00, 0x00, 0x03, 0xfe, 0xff, 0x02, 0xfc, 0x00, 0x01, 0xfe, 0xff, 0x00, 0xfe, 0xfc, 0x00, 0x00, 0x03,
  0xfe, 0xff, 0x02, 0xf8, 0x00, 0x00, 0xfe, 0xff, 0x00, 0xfe, 0xfc, 0x00, 0x00, 0x03, 0xfe, 0xff, 0x02, 0xfc, 0x00, 0x00, 0xfe, 0xff, 0x00, 0xfe,
  0xfc, 0x00, 0x00, 0x07, 0xfe, 0xff, 0x02, 0xf8, 0x00, 0x00, 0xfd, 0xff, 0xfc, 0x00, 0x00, 0x0f, 0xfe, 0xff, 0x02, 0xf8, 0x00, 0x01, 0xfd, 0xff,
  0xfc, 0x00, 0x00, 0x07, 0xfe, 0xff, 0x02, 0xf8, 0x00, 0x00, 0xfd, 0xff, 0xfc, 0x00, 0x00, 0x0f, 0xfe, 0xff, 0x03, 0xf8, 0x00, 0x00, 0x7f, 0xfe,
  0xff, 0xfc, 0x00, 0x00, 0x07, 0xfe, 0xff, 0x02, 0xf8, 0x00, 0x00, 0xfd, 0xff, 0xfc, 0x00, 0x00, 0x0f, 0xfe, 0xff, 0x03, 0xf8, 0x00, 0x00, 0x7f,
  0xfe, 0xff, 0x00, 0x40, 0xfd, 0x00, 0x00, 0x07, 0xfe, 0xff, 0x03, 0xfa, 0x00, 0x00, 0x7f, 0xfe, 0xff, 0x00, 0x40, 0xfd, 0x00, 0x00, 0x0f, 0xfe,
  0xff, 0x02, 0xf8, 0x00, 0x00, 0xfd, 0xff, 0x00, 0xc0, 0xfd, 0x00, 0x00, 0x07, 0xfe, 0xff, 0x02, 0xf8, 0x00, 0x00, 0xfd, 0xff, 0x00, 0xc0, 0xfd,
  0x00, 0x00, 0x0f, 0xfe, 0xff, 0x03, 0xf8, 0x00, 0x00, 0x7f, 0xfe, 0xff, 0x00, 0x40, 0xfd, 0x00, 0x00, 0x07, 0xfe, 0xff, 0x03, 0xf0, 0x00, 0x00,
  0x7f, 0xfe, 0xff, 0x00, 0xc0, 0xfd, 0x00, 0x00, 0x07, 0xfe, 0xff, 0x03, 0xf8, 0x00, 0x00, 0x7f, 0xfe, 0xff, 0xfc, 0x00, 0x00, 0x07, 0xfe, 0xff,
  0x02, 0xe8, 0x00, 0x00, 0xfd, 0xff, 0xfc, 0x00, 0x00, 0x0f, 0xfe, 0xff, 0x03, 0xf8, 0x08, 0x00, 0x3f, 0xfe, 0xff, 0xfc, 0x00, 0x00, 0x07, 0xfe,
  0xff, 0x03, 0xf8, 0x3f, 0xe0, 0x7f, 0xfe, 0xff, 0x00, 0x40, 0xfd, 0x00, 0x00, 0x07, 0xfe, 0xff, 0x02, 0xfe, 0xff, 0xfc, 0xfd, 0xff, 0xfc, 0x00,
  0x00, 0x07, 0xfe, 0xff, 0x00, 0xef, 0xfb, 0xff, 0xfc, 0x00, 0x00, 0x03, 0xfb, 0xff, 0x03, 0xbf, 0xff, 0xff, 0xfe, 0xfc, 0x00, 0x00, 0x01, 0xfb,
  0xff, 0x03, 0xdf, 0xff, 0xff, 0xfc, 0xfc, 0x00, 0x00, 0x01, 0xfe, 0xff, 0x06, 0xef, 0xff, 0xff, 0xcf, 0xff, 0xff, 0xfc, 0xfc, 0x00, 0x00, 0x01,
  0xfe, 0xff, 0x06, 0xef, 0xff, 0xff, 0x8f, 0xff, 0xff, 0xfc, 0xfb, 0x00, 0xfe, 0xff, 0x06, 0xa7, 0xff, 0xff, 0x07, 0xff, 0xff, 0xf0, 0xfb, 0x00,
  0x09, 0x7f, 0xff, 0xff, 0x07, 0xff, 0xfe, 0x03, 0xff, 0xff, 0xd0, 0xfb, 0x00, 0x09, 0x3f, 0xff, 0xfe, 0x03, 0xff, 0xfe, 0x00, 0xff, 0xff, 0xc0,
  0xfb, 0x00, 0x09, 0x07, 0xff, 0xf8, 0x03, 0xff, 0xfc, 0x00, 0x7f, 0xff, 0x40, 0xfb, 0x00, 0x08, 0x01, 0xff, 0xe0, 0x00, 0xff, 0xf8, 0x00, 0x27,
  0xe4, 0xf9, 0x00, 0x07, 0x66, 0x20, 0x02, 0x2f, 0xe0, 0x00, 0x00, 0x44, 0xf6, 0x00, 0x00, 0x08, 0x81, 0x00, 0x99, 0x00, 0xfe, 0x00, 0x08, 0x03,
  0xff, 0xff, 0xf8, 0x00, 0x00, 0xff, 0xff, 0xfc, 0xfa, 0x00, 0x08, 0x03, 0xff, 0xff, 0xf8, 0x00, 0x00, 0x7f, 0xff, 0xfc, 0xfa, 0x00, 0x08, 0x02,
  0xff, 0xff, 0xf8, 0x00, 0x00, 0xff, 0xff, 0xf8, 0xf9, 0x00, 0x07, 0xff, 0xff, 0xe0, 0x00, 0x00, 0x7f, 0xff, 0xfc, 0xf9, 0x00, 0x07, 0xff, 0xff,
  0xe0, 0x00, 0x00, 0x3f, 0xff, 0xf4, 0xfa, 0x00, 0x08, 0x02, 0xff, 0xef, 0x80, 0x00, 0x00, 0x45, 0xdd, 0xd4, 0xf9, 0x00, 0x07, 0xef, 0xee, 0x80,
  0x00, 0x00, 0x01, 0xdf, 0xd4, 0xf9, 0x00, 0x07, 0xff, 0xfe, 0x80, 0x00, 0x00, 0x15, 0xff, 0xfc, 0xfa, 0x00, 0x09, 0x03, 0xff, 0xfe, 0x80, 0x00,
  0x00, 0x07, 0xff, 0xfc, 0x40, 0xfb, 0x00, 0x09, 0x2b, 0xff, 0xff, 0xc0, 0x00, 0x00, 0x5f, 0xff, 0xff, 0xc0, 0xfb, 0x00, 0x09, 0x2f, 0xff, 0xff,
  0xc0, 0x00, 0x00, 0x1f, 0xff, 0xff, 0xc0, 0xfb, 0x00, 0x09, 0x0f, 0xff, 0xff, 0xe0, 0x00, 0x00, 0x7f, 0xff, 0xff, 0xd0, 0xfb, 0x00, 0x09, 0x3f,
  0xff, 0xff, 0xe0, 0x00, 0x00, 0x3f, 0xff, 0xff, 0xf4, 0xfb, 0x00, 0x09, 0x3f, 0xff, 0xff, 0xf0, 0x00, 0x00, 0x7f, 0xff, 0xff, 0xf4, 0xfb, 0x00,
  0x05, 0x7f, 0xff, 0xff, 0xf0, 0x00, 0x00, 0xfe, 0xff, 0x00, 0xfc, 0xfb, 0x00, 0xfe, 0xff, 0x02, 0xf8, 0x00, 0x01, 0xfe, 0xff, 0x00, 0xfc, 0xfc,
  0x00, 0x00, 0x01, 0xfe, 0xff, 0x02, 0xf8, 0x00, 0x00, 0xfe, 0xff, 0x00, 0xfc, 0xfc, 0x00, 0x00, 0x03, 0xfe, 0xff, 0x02, 0xf8, 0x00, 0x00, 0xfe,
  0xff, 0x00, 0xfc, 0xfc, 0x00, 0x00, 0x03, 0xfe, 0xff, 0x02, 0xfc, 0x00, 0x00, 0xfd, 0xff, 0xfc, 0x00, 0x00, 0x03, 0xfe, 0xff, 0x02, 0xf8, 0x00,
  0x01, 0xfd, 0xff, 0xfc, 0x00, 0x00, 0x03, 0xfe, 0xff, 0x02, 0xf8, 0x00, 0x00, 0xfd, 0xff, 0xfc, 0x00, 0x00, 0x03, 0xfe, 0xff, 0x02, 0xfc, 0x00,
  0x00, 0xfd, 0xff, 0xfc, 0x00, 0x00, 0x07, 0xfe, 0xff, 0x02, 0xf8, 0x00, 0x00, 0xfd, 0xff, 0xfc, 0x00, 0x00, 0x0f, 0xfe, 0xff, 0x02, 0xf8, 0x00,
  0x01, 0xfd, 0xff, 0xfc, 0x00, 0x00, 0x07, 0xfe, 0xff, 0x02, 0xf8, 0x00, 0x00, 0xfd, 0xff, 0x00, 0x40, 0xfd, 0x00, 0x00, 0x07, 0xfe, 0xff, 0x03,
  0xf8, 0x00, 0x00, 0x7f, 0xfe, 0xff, 0xfc, 0x00, 0x00, 0x07, 0xfe, 0xff, 0x02, 0xf8, 0x00, 0x00, 0xfd, 0xff, 0xfc, 0x00, 0x00, 0x0f, 0xfe, 0xff,
  0x03, 0xf8, 0x00, 0x00, 0x7f, 0xfe, 0xff, 0xfc, 0x00, 0x00, 0x07, 0xfe, 0xff, 0x03, 0xfa, 0x00, 0x00, 0x7f, 0xfe, 0xff, 0x00, 0x40, 0xfd, 0x00,
  0x00, 0x07, 0xfe, 0xff, 0x03, 0xf8, 0x00, 0x00, 0x7f, 0xfe, 0xff, 0x00, 0x80, 0xfd, 0x00, 0x00, 0x07, 0xfe, 0xff, 0x02, 0xf0, 0x00, 0x00, 0xfd,
  0xff, 0xfc, 0x00, 0x00, 0x0f, 0xfe, 0xff, 0x03, 0xf0, 0x00, 0x00, 0x3f, 0xfe, 0xff, 0x00, 0x40, 0xfd, 0x00, 0x00, 0x07, 0xfe, 0xff, 0x03, 0xf0,
  0x00, 0x00, 0x3f, 0xfe, 0xff, 0x00, 0x40, 0xfd, 0x00, 0x00, 0x07, 0xfe, 0xff, 0x03, 0xe0, 0x00, 0x00, 0x7f, 0xfe, 0xff, 0x00, 0x80, 0xfd, 0x00,
  0x00, 0x07, 0xfe, 0xff, 0x02, 0xe0, 0x00, 0x00, 0xfd, 0xff, 0xfc, 0x00, 0x00, 0x07, 0xfe, 0xff, 0x03, 0xf0, 0x08, 0x00, 0x3f, 0xfe, 0xff, 0xfc,
  0x00, 0x00, 0x07, 0xfe, 0xff, 0x03, 0xf0, 0x0e, 0xe0, 0x3f, 0xfe, 0xff, 0x00, 0x40, 0xfd, 0x00, 0x00, 0x07, 0xfe, 0xff, 0x02, 0xe6, 0xff, 0xfc,
  0xfd, 0xff, 0xfc, 0x00, 0x00, 0x07, 0xfe, 0xff, 0x03, 0xef, 0xff, 0xff, 0xbf, 0xfe, 0xff, 0xfc, 0x00, 0x00, 0x03, 0xfb, 0xff, 0x03, 0xbf, 0xff,
  0xff, 0xfe, 0xfc, 0x00, 0x00, 0x01, 0xfb, 0xff, 0x04, 0xdf, 0xff, 0xff, 0xfc, 0x40, 0xfd, 0x00, 0x00, 0x01, 0xfe, 0xff, 0x06, 0xef, 0xff, 0xff,
  0x8f, 0xff, 0xff, 0xfc, 0xfc, 0x00, 0x00, 0x01, 0xfe, 0xff, 0x06, 0xef, 0xff, 0xff, 0x8f, 0xff, 0xff, 0xfc, 0xfb, 0x00, 0xfe, 0xff, 0x06, 0xa7,
  0xff, 0xff, 0x07, 0xff, 0xff, 0xf8, 0xfb, 0x00, 0x09, 0x7f, 0xff, 0xff, 0x07, 0xff, 0xfe, 0x03, 0xff, 0xff, 0xd0, 0xfb, 0x00, 0x09, 0x3f, 0xff,
  0xfe, 0x03, 0xff, 0xfe, 0x00, 0xff, 0xff, 0xc0, 0xfb, 0x00, 0x09, 0x07, 0xff, 0xf8, 0x00, 0xff, 0xfc, 0x00, 0x7f, 0xff, 0x40, 0xfb, 0x00, 0x08,
  0x01, 0xff, 0xe0, 0x00, 0x7f, 0xf8, 0x00, 0x06, 0xe0, 0xfa, 0x00, 0x07, 0x01, 0x66, 0x20, 0x02, 0x2e, 0xc0, 0x00, 0x04, 0xf5, 0x00, 0x00, 0x08,
  0xf2, 0x00, 0x00, 0x08, 0x81, 0x00, 0xa9, 0x00, 0xfe, 0x00, 0x08, 0x02, 0xff, 0xff, 0xf0, 0x00, 0x00, 0x7f, 0xff, 0xfc, 0xfa, 0x00, 0x08, 0x03,
  0xff, 0xff, 0xf0, 0x00, 0x04, 0x7f, 0xff, 0xfc, 0xfa, 0x00, 0x08, 0x02, 0xff, 0xff, 0xe0, 0x00, 0x00, 0x3f, 0xff, 0xf8, 0xf9, 0x00, 0x07, 0xff,
  0xff, 0xf0, 0x00, 0x00, 0x7f, 0xff, 0xf0, 0xfa, 0x00, 0x08, 0x02, 0xff, 0xff, 0x60, 0x00, 0x00, 0x1f, 0xff, 0xe0, 0xfa, 0x00, 0x02, 0x02, 0xff,
  0xef, 0xfe, 0x00, 0x02, 0x45, 0xdf, 0xd4, 0xfa, 0x00, 0x02, 0x02, 0xee, 0xee, 0xfe, 0x00, 0x02, 0x01, 0xdf, 0xdc, 0xfa, 0x00, 0x02, 0x02, 0xff,
  0xfe, 0xfe, 0x00, 0x02, 0x05, 0xff, 0xfc, 0xfa, 0x00, 0x02, 0x03, 0xff, 0xff, 0xfe, 0x00, 0x03, 0x07, 0xff, 0xff, 0x40, 0xfb, 0x00, 0x09, 0x23,
  0xff, 0xff, 0xc0, 0x00, 0x00, 0x5f, 0xff, 0xff, 0xc0, 0xfb, 0x00, 0x09, 0x2f, 0xff, 0xff, 0xe0, 0x00, 0x00, 0x1f, 0xff, 0xff, 0xc0, 0xfb, 0x00,
  0x09, 0x2f, 0xff, 0xff, 0xe0, 0x00, 0x00, 0x7f, 0xff, 0xff, 0xd0, 0xfb, 0x00, 0x09, 0x3f, 0xff, 0xff, 0xf0, 0x00, 0x00, 0x7f, 0xff, 0xff, 0xf4,
  0xfb, 0x00, 0x09, 0x3f, 0xff, 0xff, 0xf0, 0x00, 0x00, 0x7f, 0xff, 0xff, 0xfc, 0xfb, 0x00, 0x05, 0x7f, 0xff, 0xff, 0xf8, 0x00, 0x00, 0xfe, 0xff,
  0x00, 0xf8, 0xfb, 0x00, 0xfe, 0xff, 0x02, 0xf8, 0x00, 0x01, 0xfe, 0xff, 0x00, 0xfc, 0xfc, 0x00, 0x00, 0x01, 0xfe, 0xff, 0x02, 0xf8, 0x00, 0x00,
  0xfe, 0xff, 0x00, 0xfc, 0xfc, 0x00, 0x00, 0x03, 0xfe, 0xff, 0x02, 0xf8, 0x00, 0x00, 0xfe, 0xff, 0x00, 0xfc, 0xfc, 0x00, 0x00, 0x07, 0xfe, 0xff,
  0x02, 0xfc, 0x00, 0x00, 0xfd, 0xff, 0xfc, 0x00, 0x00, 0x03, 0xfe, 0xff, 0x02, 0xf8, 0x00, 0x01, 0xfd, 0xff, 0xfc, 0x00, 0x00, 0x03, 0xfe, 0xff,
  0x02, 0xf8, 0x00, 0x00, 0xfd, 0xff, 0xfc, 0x00, 0x00, 0x03, 0xfe, 0xff, 0x02, 0xfc, 0x00, 0x01, 0xfd, 0xff, 0xfc, 0x00, 0x00, 0x07, 0xfe, 0xff,
  0x02, 0xfc, 0x00, 0x00, 0xfd, 0xff, 0xfc, 0x00, 0x00, 0x0f, 0xfe, 0xff, 0x02, 0xf8, 0x00, 0x01, 0xfd, 0xff, 0xfc, 0x00, 0x00, 0x07, 0xfe, 0xff,
  0x02, 0xf8, 0x00, 0x00, 0xfd, 0xff, 0x00, 0x40, 0xfd, 0x00, 0x00, 0x0f, 0xfe, 0xff, 0x03, 0xf8, 0x00, 0x00, 0x7f, 0xfe, 0xff, 0x00, 0x80, 0xfd,
  0x00, 0x00, 0x07, 0xfe, 0xff, 0x02, 0xf8, 0x00, 0x00, 0xfd, 0xff, 0x00, 0x80, 0xfd, 0x00, 0x00, 0x0f, 0xfe, 0xff, 0x03, 0xf8, 0x00, 0x00, 0x7f,
  0xfe, 0xff, 0x00, 0x40, 0xfd, 0x00, 0x00, 0x07, 0xfe, 0xff, 0x03, 0xfa, 0x00, 0x00, 0x7f, 0xfe, 0xff, 0x00, 0xc0, 0xfd, 0x00, 0x00, 0x0f, 0xfe,
  0xff, 0x03, 0xf8, 0x00, 0x00, 0x7f, 0xfe, 0xff, 0x00, 0x80, 0xfd, 0x00, 0x00, 0x07, 0xfe, 0xff, 0x02, 0xf8, 0x00, 0x00, 0xfd, 0xff, 0x00, 0xc0,
  0xfd, 0x00, 0x00, 0x0f, 0xfe, 0xff, 0x03, 0xf8, 0x00, 0x00, 0x7f, 0xfe, 0xff, 0x00, 0xc0, 0xfd, 0x00, 0x00, 0x07, 0xfe, 0xff, 0x03, 0xf8, 0x00,
  0x00, 0x7f, 0xfe, 0xff, 0x00, 0xc0, 0xfd, 0x00, 0x00, 0x0f, 0xfe, 0xff, 0x02, 0xf8, 0x00, 0x00, 0xfd, 0xff, 0x00, 0x80, 0xfd, 0x00, 0x00, 0x07,
  0xfe, 0xff, 0x02, 0xf8, 0x00, 0x01, 0xfd, 0xff, 0x00, 0xc0, 0xfd, 0x00, 0x00, 0x07, 0xfe, 0xff, 0x03, 0xf8, 0x0a, 0x00, 0x7f, 0xfe, 0xff, 0xfc,
  0x00, 0x00, 0x07, 0xfe, 0xff, 0x03, 0xfa, 0x0e, 0xe4, 0x7f, 0xfe, 0xff, 0x00, 0x40, 0xfd, 0x00, 0x00, 0x07, 0xfe, 0xff, 0x00, 0xea, 0xfb, 0xff,
  0x00, 0x80, 0xfd, 0x00, 0x00, 0x07, 0xf7, 0xff, 0xfc, 0x00, 0x00, 0x03, 0xf8, 0xff, 0x00, 0xfe, 0xfc, 0x00, 0x00, 0x03, 0xf8, 0xff, 0x01, 0xfc,
  0x40, 0xfd, 0x00, 0x00, 0x03, 0xfe, 0xff, 0x00, 0xef, 0xfc, 0xff, 0x00, 0xfc, 0xfc, 0x00, 0x00, 0x01, 0xfe, 0xff, 0x06, 0xef, 0xff, 0xff, 0x9f,
  0xff, 0xff, 0xfc, 0xfc, 0x00, 0x00, 0x01, 0xfe, 0xff, 0x06, 0xa7, 0xff, 0xff, 0x0f, 0xff, 0xff, 0xfc, 0xfc, 0x00, 0x0a, 0x01, 0x7f, 0xff, 0xff,
  0xa7, 0xff, 0xff, 0x07, 0xff, 0xff, 0xf4, 0xfb, 0x00, 0x09, 0x7f, 0xff, 0xfe, 0x07, 0xff, 0xfe, 0x03, 0xff, 0xff, 0xd0, 0xfb, 0x00, 0x09, 0x0f,
  0xff, 0xfe, 0x01, 0xff, 0xfc, 0x01, 0xff, 0xff, 0x40, 0xfb, 0x00, 0x09, 0x03, 0xff, 0xe0, 0x00, 0x7f, 0xf0, 0x00, 0x2f, 0xfe, 0x40, 0xfb, 0x00,
  0x09, 0x01, 0x7f, 0x20, 0x02, 0x2e, 0xe0, 0x00, 0x04, 0x44, 0x44, 0xf7, 0x00, 0x00, 0x08, 0xf2, 0x00, 0x00, 0x08, 0x81, 0x00, 0xa9, 0x00, 0xfd,
  0x00, 0x07, 0xff, 0xff, 0xf0, 0x00, 0x00, 0x7f, 0xff, 0xfc, 0xfa, 0x00, 0x08, 0x02, 0xff, 0xff, 0xf0, 0x00, 0x00, 0x7f, 0xff, 0xfc, 0xfa, 0x00,
  0x08, 0x02, 0xff, 0xff, 0xe8, 0x00, 0x00, 0x3f, 0xff, 0xfc, 0xf9, 0x00, 0x07, 0xff, 0xff, 0xf0, 0x00, 0x00, 0x3f, 0xff, 0xfc, 0xf9, 0x00, 0x07,
  0xff, 0xff, 0xe0, 0x00, 0x00, 0x1f, 0xff, 0xf4, 0xfa, 0x00, 0x08, 0x02, 0x3f, 0xee, 0xc0, 0x00, 0x00, 0x45, 0x7f, 0xd4, 0xfa, 0x00, 0x08, 0x02,
  0xef, 0xfe, 0x80, 0x00, 0x00, 0x05, 0xff, 0xd4, 0xf9, 0x00, 0x07, 0xff, 0xff, 0x80, 0x00, 0x00, 0x17, 0xff, 0xfc, 0xfa, 0x00, 0x09, 0x03, 0xff,
  0xff, 0x80, 0x00, 0x00, 0x07, 0xff, 0xfd, 0x40, 0xfb, 0x00, 0x09, 0x23, 0xff, 0xff, 0xe0, 0x00, 0x00, 0x5f, 0xff, 0xff, 0xc0, 0xfb, 0x00, 0x09,
  0x2f, 0xff, 0xff, 0xe0, 0x00, 0x00, 0x1f, 0xff, 0xff, 0xc0, 0xfb, 0x00, 0x09, 0x3f, 0xff, 0xff, 0xe0, 0x00, 0x00, 0x5f, 0xff, 0xff, 0xd0, 0xfb,
  0x00, 0x09, 0x3f, 0xff, 0xff, 0xe0, 0x00, 0x00, 0x3f, 0xff, 0xff, 0xf4, 0xfb, 0x00, 0x09, 0x3f, 0xff, 0xff, 0xf0, 0x00, 0x00, 0x7f, 0xff, 0xff,
  0xf4, 0xfb, 0x00, 0x05, 0x7f, 0xff, 0xff, 0xf8, 0x00, 0x00, 0xfe, 0xff, 0x00, 0xfc, 0xfb, 0x00, 0xfe, 0xff, 0x06, 0xf8, 0x00, 0x01, 0x7f, 0xff,
  0xff, 0xfc, 0xfb, 0x00, 0xfe, 0xff, 0x02, 0xf8, 0x00, 0x00, 0xfe, 0xff, 0x00, 0xfc, 0xfc, 0x00, 0x00, 0x02, 0xfe, 0xff, 0x02, 0xfc, 0x00, 0x00,
  0xfe, 0xff, 0x00, 0xfc, 0xfc, 0x00, 0x00, 0x03, 0xfe, 0xff, 0x02, 0xf8, 0x00, 0x00, 0xfd, 0xff, 0xfc, 0x00, 0x00, 0x03, 0xfe, 0xff, 0x02, 0xf8,
  0x00, 0x01, 0xfd, 0xff, 0xfc, 0x00, 0x00, 0x03, 0xfe, 0xff, 0x02, 0xfc, 0x00, 0x00, 0xfd, 0xff, 0xfc, 0x00, 0x00, 0x03, 0xfe, 0xff, 0x02, 0xfc,
  0x00, 0x01, 0xfd, 0xff, 0xfc, 0x00, 0x00, 0x07, 0xfe, 0xff, 0x02, 0xf8, 0x00, 0x00, 0xfd, 0xff, 0xfc, 0x00, 0x00, 0x0f, 0xfe, 0xff, 0x02, 0xf8,
  0x00, 0x01, 0xfd, 0xff, 0xfc, 0x00, 0x00, 0x07, 0xfe, 0xff, 0x03, 0xf8, 0x00, 0x00, 0x7f, 0xfe, 0xff, 0x00, 0x40, 0xfd, 0x00, 0x00, 0x0f, 0xfe,
  0xff, 0x03, 0xfc, 0x00, 0x00, 0x7f, 0xfe, 0xff, 0x00, 0x40, 0xfd, 0x00, 0x00, 0x07, 0xfe, 0xff, 0x02, 0xf8, 0x00, 0x00, 0xfd, 0xff, 0xfc, 0x00,
  0x00, 0x0f, 0xfe, 0xff, 0x03, 0xf8, 0x00, 0x00, 0x7f, 0xfe, 0xff, 0xfc, 0x00, 0x00, 0x07, 0xfe, 0xff, 0x03, 0xfa, 0x00, 0x00, 0x3f, 0xfe, 0xff,
  0x00, 0xc0, 0xfd, 0x00, 0x00, 0x0f, 0xfe, 0xff, 0x03, 0xf8, 0x00, 0x00, 0x7f, 0xfe, 0xff, 0x00, 0xc0, 0xfd, 0x00, 0x00, 0x07, 0xfe, 0xff, 0x02,
  0xf8, 0x00, 0x00, 0xfd, 0xff, 0x00, 0xc0, 0xfd, 0x00, 0x00, 0x0f, 0xfe, 0xff, 0x03, 0xf8, 0x00, 0x00, 0x7f, 0xfe, 0xff, 0x00, 0x40, 0xfd, 0x00,
  0x00, 0x07, 0xfe, 0xff, 0x03, 0xf8, 0x00, 0x00, 0x7f, 0xfe, 0xff, 0x00, 0xc0, 0xfd, 0x00, 0x00, 0x07, 0xfe, 0xff, 0x03, 0xf8, 0x00, 0x00, 0x3f,
  0xfe, 0xff, 0x00, 0xc0, 0xfd, 0x00, 0x00, 0x07, 0xfe, 0xff, 0x03, 0xf8, 0x00, 0x00, 0x7f, 0xfe, 0xff, 0x00, 0x80, 0xfd, 0x00, 0x00, 0x07, 0xfe,
  0xff, 0x03, 0xf8, 0x08, 0x00, 0x7f, 0xfe, 0xff, 0x00, 0x80, 0xfd, 0x00, 0x00, 0x07, 0xfe, 0xff, 0x03, 0xe2, 0x0f, 0xee, 0x3f, 0xfe, 0xff, 0x00,
  0xc0, 0xfd, 0x00, 0x00, 0x07, 0xfe, 0xff, 0x01, 0xe2, 0xef, 0xfc, 0xff, 0xfc, 0x00, 0x00, 0x07, 0xfe, 0xff, 0x00, 0xfb, 0xfb, 0xff, 0xfc, 0x00,
  0x00, 0x03, 0xf8, 0xff, 0x00, 0xfe, 0xfc, 0x00, 0x00, 0x03, 0xfe, 0xff, 0x00, 0xef, 0xfc, 0xff, 0x01, 0xfe, 0x40, 0xfd, 0x00, 0x00, 0x03, 0xfe,
  0xff, 0x06, 0xef, 0xff, 0xff, 0xcf, 0xff, 0xff, 0xfc, 0xfc, 0x00, 0x00, 0x01, 0xfe, 0xff, 0x06, 0xef, 0xff, 0xff, 0x8f, 0xff, 0xff, 0xfc, 0xfc,
  0x00, 0x00, 0x02, 0xfe, 0xff, 0x06, 0xa7, 0xff, 0xff, 0x87, 0xff, 0xff, 0xf4, 0xfb, 0x00, 0x09, 0x3f, 0xff, 0xff, 0x23, 0xff, 0xff, 0xc7, 0xff,
  0xff, 0xf4, 0xfb, 0x00, 0x09, 0x3f, 0xff, 0xfe, 0x03, 0xff, 0xfe, 0x00, 0xff, 0xff, 0xc0, 0xfb, 0x00, 0x09, 0x0f, 0xff, 0xf8, 0x02, 0xff, 0xfc,
  0x00, 0x7f, 0xff, 0x40, 0xfb, 0x00, 0x09, 0x02, 0xff, 0xe0, 0x02, 0x3f, 0xf8, 0x00, 0x17, 0xfc, 0x40, 0xfa, 0x00, 0x07, 0x22, 0x20, 0x02, 0x2e,
  0xc0, 0x00, 0x04, 0x44, 0xf6, 0x00, 0x01, 0x08, 0x80, 0x81, 0x00, 0x9a, 0x00, 0xfd, 0x00, 0x07, 0xff, 0xff, 0xf0, 0x00, 0x00, 0x7f, 0xff, 0xfc,
  0xfa, 0x00, 0x08, 0x02, 0xff, 0xff, 0xe0, 0x00, 0x00, 0x7f, 0xff, 0xfc, 0xfa, 0x00, 0x08, 0x02, 0xff, 0xff, 0xe0, 0x00, 0x00, 0x3f, 0xff, 0xf8,
  0xf9, 0x00, 0x07, 0xff, 0xff, 0xf0, 0x00, 0x00, 0x1f, 0xff, 0xf8, 0xf9, 0x00, 0x07, 0xff, 0xff, 0x80, 0x00, 0x00, 0x1f, 0xff, 0xf4, 0xfa, 0x00,
  0x08, 0x02, 0x3f, 0xee, 0x40, 0x00, 0x00, 0x47, 0xff, 0xcc, 0xfa, 0x00, 0x08, 0x02, 0x6f, 0xfe, 0x80, 0x00, 0x00, 0x01, 0xff, 0xd0, 0xf9, 0x00,
  0x07, 0xff, 0xff, 0x80, 0x00, 0x00, 0x03, 0xff, 0xf8, 0xfa, 0x00, 0x09, 0x03, 0xff, 0xff, 0x80, 0x00, 0x00, 0x07, 0xff, 0xff, 0x40, 0xfb, 0x00,
  0x09, 0x07, 0xff, 0xff, 0xc0, 0x00, 0x00, 0x4f, 0xff, 0xff, 0xc0, 0xfb, 0x00, 0x09, 0x0f, 0xff, 0xff, 0xc0, 0x00, 0x00, 0x1f, 0xff, 0xff, 0xd0,
  0xfb, 0x00, 0x09, 0x1f, 0xff, 0xff, 0xe0, 0x00, 0x00, 0x1f, 0xff, 0xff, 0xf0, 0xfb, 0x00, 0x09, 0x3f, 0xff, 0xff, 0xe0, 0x00, 0x00, 0x7f, 0xff,
  0xff, 0xf4, 0xfc, 0x00, 0x0a, 0x02, 0x7f, 0xff, 0xff, 0xf8, 0x00, 0x00, 0x7f, 0xff, 0xff, 0xfc, 0xfb, 0x00, 0x05, 0x7f, 0xff, 0xff, 0xf8, 0x00,
  0x00, 0xfe, 0xff, 0x00, 0xfc, 0xfb, 0x00, 0xfe, 0xff, 0x02, 0xf8, 0x00, 0x01, 0xfe, 0xff, 0x00, 0xfc, 0xfb, 0x00, 0xfe, 0xff, 0x02, 0xf8, 0x00,
  0x00, 0xfe, 0xff, 0x00, 0xfc, 0xfc, 0x00, 0x00, 0x03, 0xfe, 0xff, 0x06, 0xfe, 0x00, 0x00, 0x7f, 0xff, 0xff, 0xfc, 0xfc, 0x00, 0x00, 0x03, 0xfe,
  0xff, 0x02, 0xf8, 0x00, 0x00, 0xfd, 0xff, 0xfc, 0x00, 0x00, 0x03, 0xfe, 0xff, 0x02, 0xf8, 0x00, 0x01, 0xfd, 0xff, 0xfc, 0x00, 0x00, 0x03, 0xfe,
  0xff, 0x03, 0xf8, 0x00, 0x00, 0x7f, 0xfe, 0xff, 0x00, 0x40, 0xfd, 0x00, 0x00, 0x03, 0xfe, 0xff, 0x03, 0xfe, 0x00, 0x00, 0x7f, 0xfe, 0xff, 0xfc,
  0x00, 0x00, 0x07, 0xfe, 0xff, 0x02, 0xf8, 0x00, 0x00, 0xfd, 0xff, 0xfc, 0x00, 0x00, 0x0f, 0xfe, 0xff, 0x02, 0xf8, 0x00, 0x01, 0xfd, 0xff, 0xfc,
  0x00, 0x00, 0x07, 0xfe, 0xff, 0x03, 0xf8, 0x00, 0x00, 0x7f, 0xfe, 0xff, 0x00, 0x40, 0xfd, 0x00, 0x00, 0x07, 0xfe, 0xff, 0x03, 0xfc, 0x00, 0x00,
  0x7f, 0xfe, 0xff, 0x00, 0x40, 0xfd, 0x00, 0x00, 0x07, 0xfe, 0xff, 0x02, 0xf8, 0x00, 0x00, 0xfd, 0xff, 0x00, 0x80, 0xfd, 0x00, 0x00, 0x0f, 0xfe,
  0xff, 0x02, 0xf8, 0x00, 0x00, 0xfd, 0xff, 0x00, 0xc0, 0xfd, 0x00, 0x00, 0x0f, 0xfe, 0xff, 0x03, 0xf8, 0x00, 0x00, 0x7f, 0xfe, 0xff, 0x00, 0xc0,
  0xfd, 0x00, 0x00, 0x0f, 0xfe, 0xff, 0x03, 0xf8, 0x00, 0x00, 0x7f, 0xfe, 0xff, 0x00, 0xc0, 0xfd, 0x00, 0x00, 0x0f, 0xfe, 0xff, 0x02, 0xf8, 0x00,
  0x00, 0xfd, 0xff, 0x00, 0x80, 0xfd, 0x00, 0x00, 0x0f, 0xfe, 0xff, 0x03, 0xf8, 0x00, 0x00, 0x7f, 0xfe, 0xff, 0x00, 0xc0, 0xfd, 0x00, 0x00, 0x07,
  0xfe, 0xff, 0x03, 0xfa, 0x00, 0x00, 0x7f, 0xfe, 0xff, 0x00, 0xc0, 0xfd, 0x00, 0x00, 0x0f, 0xfe, 0xff, 0x03, 0xf8, 0x00, 0x00, 0x7f, 0xfe, 0xff,
  0x00, 0xc0, 0xfd, 0x00, 0x00, 0x07, 0xfe, 0xff, 0x03, 0xf8, 0x00, 0x00, 0x7f, 0xfe, 0xff, 0x00, 0x80, 0xfd, 0x00, 0x00, 0x0f, 0xfe, 0xff, 0x03,
  0xf8, 0x00, 0x00, 0x7f, 0xfe, 0xff, 0x00, 0xc0, 0xfd, 0x00, 0x00, 0x07, 0xfe, 0xff, 0x03, 0xe2, 0x7f, 0xee, 0x7f, 0xfe, 0xff, 0x00, 0xc0, 0xfd,
  0x00, 0x00, 0x07, 0xfe, 0xff, 0x02, 0xfe, 0xff, 0xfe, 0xfd, 0xff, 0xfc, 0x00, 0x00, 0x07, 0xf7, 0xff, 0xfc, 0x00, 0x00, 0x03, 0xf7, 0xff, 0xfc,
  0x00, 0x00, 0x03, 0xfe, 0xff, 0x00, 0xef, 0xfc, 0xff, 0x00, 0xfe, 0xfc, 0x00, 0x00, 0x03, 0xfe, 0xff, 0x06, 0xef, 0xff, 0xff, 0xef, 0xff, 0xff,
  0xfc, 0xfc, 0x00, 0x00, 0x01, 0xfe, 0xff, 0x06, 0xef, 0xff, 0xff, 0xdf, 0xff, 0xff, 0xfc, 0xfc, 0x00, 0x00, 0x03, 0xfe, 0xff, 0x06, 0xaf, 0xff,
  0xff, 0x8f, 0xff, 0xff, 0xfc, 0xfb, 0x00, 0x09, 0x7f, 0xff, 0xff, 0x27, 0xff, 0xff, 0x47, 0xff, 0xff, 0xf4, 0xfb, 0x00, 0x09, 0x3f, 0xff, 0xfe,
  0x03, 0xff, 0xfe, 0x01, 0xff, 0xff, 0xf0, 0xfb, 0x00, 0x09, 0x0f, 0xff, 0xfc, 0x00, 0xff, 0xfc, 0x01, 0xff, 0xff, 0xc0, 0xfb, 0x00, 0x09, 0x07,
  0xff, 0xf8, 0x00, 0x3f, 0xfa, 0x00, 0x5f, 0xfd, 0x40, 0xfb, 0x00, 0x09, 0x02, 0x36, 0x62, 0x02, 0x7f, 0xe0, 0x04, 0x44, 0x44, 0x40, 0xfa, 0x00,
  0x04, 0x22, 0x00, 0x00, 0x2a, 0x80, 0x81, 0x00, 0x9a, 0x00, 0xfe, 0x00, 0x08, 0x01, 0xff, 0xff, 0xf8, 0x00, 0x01, 0xff, 0xff, 0xfc, 0xfa, 0x00,
  0x08, 0x03, 0xff, 0xff, 0xfc, 0x00, 0x04, 0x7f, 0xff, 0xfc, 0xfa, 0x00, 0x08, 0x03, 0xff, 0xff, 0xf8, 0x00, 0x00, 0x7f, 0xff, 0xfc, 0xfa, 0x00,
  0x08, 0x01, 0xff, 0xff, 0xf8, 0x00, 0x00, 0x7f, 0xff, 0xfe, 0xfa, 0x00, 0x08, 0x01, 0xff, 0xff, 0xe0, 0x00, 0x00, 0x1f, 0xff, 0xfc, 0xfa, 0x00,
  0x08, 0x03, 0xff, 0xff, 0xe0, 0x00, 0x00, 0x4f, 0xff, 0xfc, 0xfa, 0x00, 0x08, 0x03, 0xff, 0xff, 0xe0, 0x00, 0x00, 0x07, 0xff, 0xfd, 0xfa, 0x00,
  0x08, 0x03, 0xff, 0xff, 0xc0, 0x00, 0x00, 0x1f, 0xff, 0xff, 0xfa, 0x00, 0x09, 0x07, 0xff, 0xff, 0xc0, 0x00, 0x00, 0x0f, 0xff, 0xff, 0xc0, 0xfb,
  0x00, 0x09, 0x3f, 0xff, 0xff, 0xe0, 0x00, 0x00, 0x1f, 0xff, 0xff, 0xc0, 0xfb, 0x00, 0x09, 0x3f, 0xff, 0xff, 0xe0, 0x00, 0x00, 0x7f, 0xff, 0xff,
  0xd0, 0xfb, 0x00, 0x09, 0x3f, 0xff, 0xff, 0xf0, 0x00, 0x00, 0x7f, 0xff, 0xff, 0xf0, 0xfb, 0x00, 0x09, 0x7f, 0xff, 0xff, 0xf8, 0x00, 0x00, 0x7f,
  0xff, 0xff, 0xf4, 0xfc, 0x00, 0x00, 0x02, 0xfe, 0xff, 0x06, 0xf8, 0x00, 0x00, 0x7f, 0xff, 0xff, 0xfc, 0xfb, 0x00, 0xfe, 0xff, 0x02, 0xf8, 0x00,
  0x00, 0xfe, 0xff, 0x00, 0xfc, 0xfb, 0x00, 0xfe, 0xff, 0x02, 0xf8, 0x00, 0x01, 0xfe, 0xff, 0x00, 0xfe, 0xfc, 0x00, 0x00, 0x03, 0xfe, 0xff, 0x02,
  0xfc, 0x00, 0x00, 0xfe, 0xff, 0x00, 0xfe, 0xfc, 0x00, 0x00, 0x03, 0xfe, 0xff, 0x02, 0xfe, 0x00, 0x00, 0xfd, 0xff, 0xfc, 0x00, 0x00, 0x03, 0xfe,
  0xff, 0x02, 0xfc, 0x00, 0x01, 0xfd, 0xff, 0xfc, 0x00, 0x00, 0x03, 0xfe, 0xff, 0x02, 0xfc, 0x00, 0x01, 0xfd, 0xff, 0xfc, 0x00, 0x00, 0x07, 0xfe,
  0xff, 0x02, 0xfe, 0x00, 0x01, 0xfd, 0xff, 0x00, 0xc0, 0xfd, 0x00, 0x00, 0x27, 0xfe, 0xff, 0x02, 0xfe, 0x00, 0x01, 0xfd, 0xff, 0x00, 0xc0, 0xfd,
  0x00, 0x00, 0x07, 0xfe, 0xff, 0x02, 0xf8, 0x00, 0x00, 0xfd, 0xff, 0x00, 0x80, 0xfd, 0x00, 0x00, 0x0f, 0xfe, 0xff, 0x02, 0xf8, 0x00, 0x01, 0xfd,
  0xff, 0x00, 0x80, 0xfd, 0x00, 0x00, 0x0f, 0xfe, 0xff, 0x03, 0xfe, 0x00, 0x00, 0x7f, 0xfe, 0xff, 0x00, 0xc0, 0xfd, 0x00, 0x00, 0x0f, 0xfe, 0xff,
  0x03, 0xfe, 0x00, 0x04, 0x7f, 0xfe, 0xff, 0x00, 0xc0, 0xfd, 0x00, 0x00, 0x0f, 0xfe, 0xff, 0x02, 0xf8, 0x00, 0x01, 0xfd, 0xff, 0x00, 0x80, 0xfd,
  0x00, 0x00, 0x0f, 0xfe, 0xff, 0x02, 0xf8, 0x00, 0x01, 0xfd, 0xff, 0x00, 0xc0, 0xfd, 0x00, 0x00, 0x0f, 0xfe, 0xff, 0x03, 0xfc, 0x00, 0x00, 0x7f,
  0xfe, 0xff, 0x00, 0xc0, 0xfd, 0x00, 0x00, 0x0f, 0xfe, 0xff, 0x03, 0xfc, 0x00, 0x00, 0x7f, 0xfe, 0xff, 0x00, 0xc0, 0xfd, 0x00, 0x00, 0x0f, 0xfe,
  0xff, 0x02, 0xf8, 0x00, 0x00, 0xfd, 0xff, 0x00, 0xc0, 0xfd, 0x00, 0x00, 0x0f, 0xfe, 0xff, 0x02, 0xf8, 0x00, 0x00, 0xfd, 0xff, 0x00, 0xc0, 0xfd,
  0x00, 0x00, 0x07, 0xfe, 0xff, 0x03, 0xfe, 0x00, 0x00, 0x7f, 0xfe, 0xff, 0x00, 0xc0, 0xfd, 0x00, 0x00, 0x1f, 0xfe, 0xff, 0x03, 0xfe, 0x00, 0x00,
  0x7f, 0xfe, 0xff, 0x00, 0xc0, 0xfd, 0x00, 0x00, 0x0f, 0xfe, 0xff, 0x02, 0xf8, 0x00, 0x00, 0xfd, 0xff, 0x00, 0x80, 0xfd, 0x00, 0x00, 0x0f, 0xfe,
  0xff, 0x02, 0xf8, 0x00, 0xc0, 0xfd, 0xff, 0x00, 0xc0, 0xfd, 0x00, 0x00, 0x07, 0xfe, 0xff, 0x02, 0xfe, 0x6f, 0xfe, 0xfd, 0xff, 0x00, 0xc0, 0xfd,
  0x00, 0x00, 0x0f, 0xf7, 0xff, 0x00, 0xc0, 0xfd, 0x00, 0x00, 0x07, 0xf7, 0xff, 0x00, 0x80, 0xfd, 0x00, 0x00, 0x0f, 0xf7, 0xff, 0xfc, 0x00, 0x00,
  0x03, 0xf7, 0xff, 0xfc, 0x00, 0x00, 0x03, 0xf7, 0xff, 0xfc, 0x00, 0x00, 0x03, 0xfb, 0xff, 0x03, 0xdf, 0xff, 0xff, 0xfe, 0xfc, 0x00, 0x00, 0x03,
  0xfe, 0xff, 0x06, 0xef, 0xff, 0xff, 0xcf, 0xff, 0xff, 0xfc, 0xfc, 0x00, 0x00, 0x01, 0xfe, 0xff, 0x06, 0xe7, 0xff, 0xff, 0xe7, 0xff, 0xff, 0xfc,
  0xfb, 0x00, 0x09, 0x7f, 0xff, 0xff, 0xa3, 0xff, 0xff, 0x01, 0xff, 0xff, 0xf0, 0xfb, 0x00, 0x09, 0x7f, 0xff, 0xff, 0x03, 0xff, 0xff, 0x01, 0xff,
  0xff, 0xd0, 0xfb, 0x00, 0x09, 0x0f, 0xff, 0xfa, 0x02, 0x7f, 0xf8, 0x00, 0x5f, 0xff, 0x40, 0xfb, 0x00, 0x09, 0x03, 0xff, 0xe2, 0x02, 0x7f, 0xe4,
  0x04, 0x47, 0x66, 0x40, 0xfb, 0x00, 0x05, 0x02, 0x22, 0x20, 0x00, 0x0a, 0x80, 0x81, 0x00, 0x9a, 0x00, 0xfe, 0x00, 0x08, 0x03, 0xff, 0xff, 0xf8,
  0x00, 0x01, 0xff, 0xff, 0xfc, 0xfa, 0x00, 0x08, 0x03, 0xff, 0xff, 0xfc, 0x00, 0x04, 0x7f, 0xff, 0xfc, 0xfa, 0x00, 0x08, 0x03, 0xff, 0xff, 0xf0,
  0x00, 0x00, 0x3f, 0xff, 0xfc, 0xfa, 0x00, 0x08, 0x03, 0xff, 0xff, 0xf8, 0x00, 0x00, 0x7f, 0xff, 0xfc, 0xfa, 0x00, 0x09, 0x03, 0xff, 0xff, 0xe0,
  0x00, 0x00, 0x1f, 0xff, 0xfc, 0x40, 0xfb, 0x00, 0x09, 0x03, 0xff, 0xff, 0xe0, 0x00, 0x00, 0x4f, 0xff, 0xfc, 0x40, 0xfb, 0x00, 0x08, 0x02, 0xff,
  0xff, 0xa0, 0x00, 0x00, 0x0f, 0xff, 0xfd, 0xfa, 0x00, 0x08, 0x03, 0xff, 0xff, 0xc0, 0x00, 0x00, 0x1f, 0xff, 0xff, 0xfa, 0x00, 0x09, 0x07, 0xff,
  0xff, 0xe0, 0x00, 0x00, 0x1f, 0xff, 0xff, 0xc0, 0xfb, 0x00, 0x09, 0x3f, 0xff, 0xff, 0xe0, 0x00, 0x00, 0x7f, 0xff, 0xff, 0xc0, 0xfb, 0x00, 0x09,
  0x3f, 0xff, 0xff, 0xe0, 0x00, 0x00, 0x3f, 0xff, 0xff, 0xd0, 0xfb, 0x00, 0x09, 0x3f, 0xff, 0xff, 0xf0, 0x00, 0x00, 0x7f, 0xff, 0xff, 0xf0, 0xfb,
  0x00, 0x09, 0x7f, 0xff, 0xff, 0xf8, 0x00, 0x00, 0x7f, 0xff, 0xff, 0xf4, 0xfc, 0x00, 0x00, 0x02, 0xfe, 0xff, 0x06, 0xf8, 0x00, 0x00, 0x7f, 0xff,
  0xff, 0xfc, 0xfc, 0x00, 0x00, 0x03, 0xfe, 0xff, 0x02, 0xf8, 0x00, 0x01, 0xfe, 0xff, 0x00, 0xfc, 0xfc, 0x00, 0x00, 0x01, 0xfe, 0xff, 0x02, 0xf8,
  0x00, 0x01, 0xfe, 0xff, 0x00, 0xfe, 0xfc, 0x00, 0x00, 0x03, 0xfe, 0xff, 0x02, 0xfc, 0x00, 0x00, 0xfd, 0xff, 0xfc, 0x00, 0x00, 0x03, 0xfe, 0xff,
  0x02, 0xfe, 0x00, 0x00, 0xfd, 0xff, 0xfc, 0x00, 0x00, 0x03, 0xfe, 0xff, 0x02, 0xfc, 0x00, 0x01, 0xfd, 0xff, 0xfc, 0x00, 0x00, 0x0f, 0xfe, 0xff,
  0x02, 0xfc, 0x00, 0x01, 0xfd, 0xff, 0xfc, 0x00, 0x00, 0x07, 0xfe, 0xff, 0x02, 0xfe, 0x00, 0x01, 0xfd, 0xff, 0x00, 0x40, 0xfd, 0x00, 0x00, 0x17,
  0xfe, 0xff, 0x02, 0xfe, 0x00, 0x01, 0xfd, 0xff, 0x00, 0xc0, 0xfd, 0x00, 0x00, 0x07, 0xfe, 0xff, 0x02, 0xfc, 0x00, 0x01, 0xfd, 0xff, 0x00, 0xc0,
  0xfd, 0x00, 0x00, 0x0f, 0xfe, 0xff, 0x02, 0xfc, 0x00, 0x01, 0xfd, 0xff, 0x00, 0xc0, 0xfd, 0x00, 0x00, 0x0f, 0xfe, 0xff, 0x02, 0xfe, 0x00, 0x00,
  0xfd, 0xff, 0x00, 0xc0, 0xfd, 0x00, 0x00, 0x3f, 0xfe, 0xff, 0x03, 0xfe, 0x00, 0x04, 0x7f, 0xfe, 0xff, 0x00, 0xc0, 0xfd, 0x00, 0x00, 0x0f, 0xfe,
  0xff, 0x02, 0xfc, 0x00, 0x01, 0xfd, 0xff, 0x00, 0xc0, 0xfd, 0x00, 0x00, 0x0f, 0xfe, 0xff, 0x02, 0xfc, 0x00, 0x01, 0xfd, 0xff, 0x00, 0xc0, 0xfd,
  0x00, 0x00, 0x1f, 0xfe, 0xff, 0x02, 0xfc, 0x00, 0x00, 0xfd, 0xff, 0x00, 0xc0, 0xfd, 0x00, 0x00, 0x3f, 0xfe, 0xff, 0x02, 0xfc, 0x00, 0x00, 0xfd,
  0xff, 0x00, 0xc0, 0xfd, 0x00, 0x00, 0x1f, 0xfe, 0xff, 0x02, 0xf8, 0x00, 0x01, 0xfd, 0xff, 0x00, 0xc0, 0xfd, 0x00, 0x00, 0x0f, 0xfe, 0xff, 0x02,
  0xf8, 0x00, 0x01, 0xfd, 0xff, 0x00, 0xc0, 0xfd, 0x00, 0x00, 0x1f, 0xfe, 0xff, 0x02, 0xfe, 0x00, 0x00, 0xfd, 0xff, 0x00, 0xc0, 0xfd, 0x00, 0x00,
  0x3f, 0xfe, 0xff, 0x02, 0xfe, 0x00, 0x00, 0xfd, 0xff, 0x00, 0xc0, 0xfd, 0x00, 0x00, 0x0f, 0xfe, 0xff, 0x02, 0xfe, 0x00, 0x81, 0xfd, 0xff, 0x00,
  0xc0, 0xfd, 0x00, 0x00, 0x0f, 0xfe, 0xff, 0x02, 0xfe, 0x0f, 0xc1, 0xfd, 0xff, 0x00, 0xc0, 0xfd, 0x00, 0x00, 0x0f, 0xfe, 0xff, 0x01, 0xfe, 0x7f,
  0xfc, 0xff, 0x00, 0xc0, 0xfd, 0x00, 0x00, 0x0f, 0xf7, 0xff, 0x00, 0x80, 0xfd, 0x00, 0x00, 0x07, 0xf7, 0xff, 0x00, 0x80, 0xfd, 0x00, 0x00, 0x0f,
  0xf7, 0xff, 0xfc, 0x00, 0x00, 0x07, 0xf7, 0xff, 0xfc, 0x00, 0x00, 0x03, 0xf7, 0xff, 0xfc, 0x00, 0x00, 0x03, 0xf7, 0xff, 0xfc, 0x00, 0x00, 0x03,
  0xfb, 0xff, 0x03, 0xcf, 0xff, 0xff, 0xfc, 0xfc, 0x00, 0x00, 0x03, 0xfb, 0xff, 0x03, 0xe7, 0xff, 0xff, 0xfc, 0xfc, 0x00, 0x00, 0x02, 0xfe, 0xff,
  0x06, 0xa7, 0xff, 0xff, 0x01, 0xff, 0xff, 0xf0, 0xfb, 0x00, 0x09, 0x7f, 0xff, 0xff, 0x9b, 0xff, 0xff, 0x81, 0xff, 0xff, 0xf0, 0xfb, 0x00, 0x09,
  0x3f, 0xff, 0xfe, 0x00, 0x7f, 0xfc, 0x00, 0xff, 0xff, 0x48, 0xfb, 0x00, 0x09, 0x03, 0xff, 0xf0, 0x02, 0xff, 0xfe, 0x04, 0x7f, 0x66, 0x40, 0xfb,
  0x00, 0x05, 0x02, 0x3a, 0x20, 0x00, 0x0a, 0x80, 0xf3, 0x00, 0x00, 0x19, 0x81, 0x00, 0xa9, 0x00, 0xfe, 0x00, 0x08, 0x03, 0xff, 0xff, 0xf8, 0x00,
  0x01, 0xff, 0xff, 0xfc, 0xfa, 0x00, 0x08, 0x03, 0xff, 0xff, 0xf4, 0x00, 0x04, 0x7f, 0xff, 0xfc, 0xfa, 0x00, 0x08, 0x03, 0xff, 0xff, 0xf0, 0x00,
  0x00, 0x7f, 0xff, 0xfc, 0xfa, 0x00, 0x08, 0x03, 0xff, 0xff, 0xf8, 0x00, 0x00, 0x7f, 0xff, 0xfc, 0xfa, 0x00, 0x09, 0x03, 0xff, 0xff, 0xe0, 0x00,
  0x00, 0x5f, 0xff, 0xfc, 0x40, 0xfb, 0x00, 0x09, 0x03, 0xff, 0xff, 0xe0, 0x00, 0x00, 0x5f, 0xff, 0xfc, 0x40, 0xfb, 0x00, 0x08, 0x03, 0xff, 0xff,
  0xe0, 0x00, 0x00, 0x5f, 0xff, 0xfd, 0xfa, 0x00, 0x08, 0x03, 0xff, 0xff, 0xc0, 0x00, 0x00, 0x1f, 0xff, 0xff, 0xfa, 0x00, 0x09, 0x0f, 0xff, 0xff,
  0xc0, 0x00, 0x00, 0x1f, 0xff, 0xff, 0x40, 0xfb, 0x00, 0x09, 0x3f, 0xff, 0xff, 0xe0, 0x00, 0x00, 0x7f, 0xff, 0xff, 0xc0, 0xfb, 0x00, 0x09, 0x3f,
  0xff, 0xff, 0xe0, 0x00, 0x00, 0x3f, 0xff, 0xff, 0xc0, 0xfb, 0x00, 0x09, 0x3f, 0xff, 0xff, 0xf0, 0x00, 0x00, 0x7f, 0xff, 0xff, 0xf0, 0xfb, 0x00,
  0x05, 0x7f, 0xff, 0xff, 0xf8, 0x00, 0x00, 0xfe, 0xff, 0x00, 0xfc, 0xfc, 0x00, 0x00, 0x02, 0xfe, 0xff, 0x02, 0xfc, 0x00, 0x00, 0xfe, 0xff, 0x00,
  0xfc, 0xfb, 0x00, 0xfe, 0xff, 0x02, 0xf8, 0x00, 0x00, 0xfe, 0xff, 0x00, 0xfc, 0xfc, 0x00, 0x00, 0x01, 0xfe, 0xff, 0x02, 0xfc, 0x00, 0x01, 0xfe,
  0xff, 0x00, 0xfe, 0xfc, 0x00, 0x00, 0x03, 0xfe, 0xff, 0x02, 0xfc, 0x00, 0x01, 0xfd, 0xff, 0xfc, 0x00, 0x00, 0x03, 0xfe, 0xff, 0x02, 0xfe, 0x00,
  0x03, 0xfd, 0xff, 0xfc, 0x00, 0x00, 0x03, 0xfe, 0xff, 0x02, 0xfc, 0x00, 0x01, 0xfd, 0xff, 0xfc, 0x00, 0x00, 0x0f, 0xfe, 0xff, 0x02, 0xfc, 0x00,
  0x01, 0xfd, 0xff, 0xfc, 0x00, 0x00, 0x0f, 0xfe, 0xff, 0x02, 0xfe, 0x00, 0x01, 0xfd, 0xff, 0x00, 0xc0, 0xfd, 0x00, 0x00, 0x07, 0xfe, 0xff, 0x02,
  0xfe, 0x00, 0x05, 0xfd, 0xff, 0x00, 0xc0, 0xfd, 0x00, 0x00, 0x07, 0xfe, 0xff, 0x02, 0xfc, 0x00, 0x01, 0xfd, 0xff, 0x00, 0xc0, 0xfd, 0x00, 0x00,
  0x0f, 0xfe, 0xff, 0x02, 0xf8, 0x00, 0x01, 0xfd, 0xff, 0x00, 0x80, 0xfd, 0x00, 0x00, 0x0f, 0xfe, 0xff, 0x02, 0xfe, 0x00, 0x00, 0xfd, 0xff, 0x00,
  0xc0, 0xfd, 0x00, 0x00, 0x2f, 0xfe, 0xff, 0x02, 0xfe, 0x00, 0x04, 0xfd, 0xff, 0x00, 0xc0, 0xfd, 0x00, 0x00, 0x0f, 0xfe, 0xff, 0x02, 0xf8, 0x00,
  0x01, 0xfd, 0xff, 0x00, 0xc0, 0xfd, 0x00, 0x00, 0x0f, 0xfe, 0xff, 0x02, 0xf8, 0x00, 0x01, 0xfd, 0xff, 0x00, 0xc0, 0xfd, 0x00, 0x00, 0x0f, 0xfe,
  0xff, 0x02, 0xfe, 0x00, 0x00, 0xfd, 0xff, 0x00, 0xc0, 0xfd, 0x00, 0x00, 0x3f, 0xfe, 0xff, 0x02, 0xf8, 0x00, 0x00, 0xfd, 0xff, 0x00, 0xc0, 0xfd,
  0x00, 0x00, 0x0f, 0xfe, 0xff, 0x02, 0xf8, 0x00, 0x01, 0xfd, 0xff, 0x00, 0xc0, 0xfd, 0x00, 0x00, 0x0f, 0xfe, 0xff, 0x02, 0xf8, 0x00, 0x00, 0xfd,
  0xff, 0x00, 0xc0, 0xfd, 0x00, 0x00, 0x0f, 0xfe, 0xff, 0x02, 0xfa, 0x00, 0x00, 0xfd, 0xff, 0x00, 0xc0, 0xfd, 0x00, 0x00, 0x3f, 0xfe, 0xff, 0x02,
  0xfc, 0x00, 0x00, 0xfd, 0xff, 0x00, 0xc0, 0xfd, 0x00, 0x00, 0x0f, 0xfe, 0xff, 0x02, 0xf8, 0x00, 0x00, 0xfd, 0xff, 0x00, 0xc0, 0xfd, 0x00, 0x00,
  0x0f, 0xfe, 0xff, 0x02, 0xf8, 0x80, 0x09, 0xfd, 0xff, 0x00, 0xc0, 0xfd, 0x00, 0x00, 0x0f, 0xfe, 0xff, 0x02, 0xfe, 0xff, 0xfe, 0xfd, 0xff, 0x00,
  0xc0, 0xfd, 0x00, 0x00, 0x0f, 0xf7, 0xff, 0x00, 0x40, 0xfd, 0x00, 0x00, 0x07, 0xf7, 0xff, 0x00, 0x80, 0xfd, 0x00, 0x00, 0x0f, 0xf7, 0xff, 0xfc,
  0x00, 0x00, 0x07, 0xf7, 0xff, 0xfc, 0x00, 0x00, 0x03, 0xf7, 0xff, 0xfc, 0x00, 0x00, 0x07, 0xfb, 0xff, 0x00, 0xdf, 0xfe, 0xff, 0xfc, 0x00, 0x00,
  0x03, 0xfb, 0xff, 0x03, 0x8f, 0xff, 0xff, 0xfc, 0xfc, 0x00, 0x00, 0x03, 0xfe, 0xff, 0x06, 0xef, 0xff, 0xff, 0xc7, 0xff, 0xff, 0xfc, 0xfc, 0x00,
  0x00, 0x02, 0xfe, 0xff, 0x06, 0xa7, 0xff, 0xff, 0x07, 0xff, 0xff, 0xf0, 0xfb, 0x00, 0x09, 0x7f, 0xff, 0xfe, 0x1b, 0xff, 0xff, 0x85, 0xff, 0xff,
  0xf0, 0xfb, 0x00, 0x09, 0x0f, 0xff, 0xfe, 0x02, 0x7f, 0xfc, 0x00, 0xff, 0xfc, 0x40, 0xfb, 0x00, 0x09, 0x03, 0xff, 0xf2, 0x02, 0x7f, 0xf6, 0x00,
  0x7f, 0x64, 0x40, 0xfb, 0x00, 0x05, 0x02, 0x2a, 0x20, 0x00, 0x0a, 0xa0, 0xf3, 0x00, 0x00, 0x18, 0x81, 0x00, 0xa9, 0x00, 0xfe, 0x00, 0x08, 0x03,
  0xff, 0xff, 0xf8, 0x00, 0x01, 0xff, 0xff, 0xfc, 0xfa, 0x00, 0x08, 0x03, 0xff, 0xff, 0xfc, 0x00, 0x04, 0x7f, 0xff, 0xfc, 0xfa, 0x00, 0x08, 0x03,
  0xff, 0xff, 0xf8, 0x00, 0x00, 0x7f, 0xff, 0xfc, 0xfa, 0x00, 0x08, 0x03, 0xff, 0xff, 0xf8, 0x00, 0x00, 0xff, 0xff, 0xfc, 0xfa, 0x00, 0x09, 0x03,
  0xff, 0xff, 0xe0, 0x00, 0x00, 0x5f, 0xff, 0xfc, 0x40, 0xfb, 0x00, 0x09, 0x03, 0xff, 0xff, 0xe4, 0x00, 0x00, 0x7f, 0xff, 0xfc, 0x40, 0xfb, 0x00,
  0x08, 0x03, 0xff, 0xff, 0xe0, 0x00, 0x00, 0x1f, 0xff, 0xfd, 0xfa, 0x00, 0x08, 0x0f, 0xff, 0xff, 0xe0, 0x00, 0x00, 0x1f, 0xff, 0xff, 0xfa, 0x00,
  0x09, 0x0f, 0xff, 0xff, 0xc0, 0x00, 0x00, 0x1f, 0xff, 0xff, 0xc4, 0xfb, 0x00, 0x09, 0x3f, 0xff, 0xff, 0xe0, 0x00, 0x00, 0x7f, 0xff, 0xff, 0xc4,
  0xfb, 0x00, 0x09, 0x3f, 0xff, 0xff, 0xe0, 0x00, 0x00, 0x7f, 0xff, 0xff, 0xf0, 0xfb, 0x00, 0x09, 0xbf, 0xff, 0xff, 0xf8, 0x00, 0x01, 0x7f, 0xff,
  0xff, 0xf0, 0xfb, 0x00, 0xfe, 0xff, 0x02, 0xf8, 0x00, 0x00, 0xfe, 0xff, 0x00, 0xfc, 0xfc, 0x00, 0x00, 0x02, 0xfe, 0xff, 0x02, 0xfe, 0x00, 0x01,
  0xfe, 0xff, 0x00, 0xfc, 0xfc, 0x00, 0x00, 0x02, 0xfe, 0xff, 0x02, 0xfc, 0x00, 0x00, 0xfe, 0xff, 0x00, 0xfd, 0xfc, 0x00, 0x00, 0x03, 0xfe, 0xff,
  0x02, 0xfc, 0x00, 0x01, 0xfd, 0xff, 0xfc, 0x00, 0x00, 0x03, 0xfe, 0xff, 0x02, 0xfc, 0x00, 0x00, 0xfd, 0xff, 0xfc, 0x00, 0x00, 0x03, 0xfe, 0xff,
  0x02, 0xfe, 0x00, 0x03, 0xfd, 0xff, 0xfc, 0x00, 0x00, 0x03, 0xfe, 0xff, 0x02, 0xfc, 0x00, 0x01, 0xfd, 0xff, 0xfc, 0x00, 0x00, 0x0f, 0xfe, 0xff,
  0x02, 0xfe, 0x00, 0x01, 0xfd, 0xff, 0xfc, 0x00, 0x00, 0x0f, 0xfe, 0xff, 0x02, 0xfe, 0x00, 0x01, 0xfd, 0xff, 0x00, 0xc0, 0xfd, 0x00, 0x00, 0x0f,
  0xfe, 0xff, 0x02, 0xfe, 0x00, 0x07, 0xfd, 0xff, 0x00, 0xc0, 0xfd, 0x00, 0x00, 0x07, 0xfe, 0xff, 0x02, 0xfc, 0x00, 0x01, 0xfd, 0xff, 0x00, 0xc0,
  0xfd, 0x00, 0x00, 0x0f, 0xfe, 0xff, 0x02, 0xfc, 0x00, 0x01, 0xfd, 0xff, 0x00, 0xc0, 0xfd, 0x00, 0x00, 0x0f, 0xfe, 0xff, 0x02, 0xfc, 0x00, 0x01,
  0xfd, 0xff, 0x00, 0xc0, 0xfd, 0x00, 0x00, 0x3f, 0xfe, 0xff, 0x02, 0xfe, 0x00, 0x05, 0xfd, 0xff, 0x00, 0xc0, 0xfd, 0x00, 0x00, 0x0f, 0xfe, 0xff,
  0x02, 0xfe, 0x00, 0x01, 0xfd, 0xff, 0x00, 0xf0, 0xfd, 0x00, 0x00, 0x3f, 0xfe, 0xff, 0x02, 0xfe, 0x00, 0x01, 0xfd, 0xff, 0x00, 0xc0, 0xfd, 0x00,
  0x00, 0x1f, 0xfe, 0xff, 0x02, 0xfe, 0x00, 0x01, 0xfd, 0xff, 0x00, 0xc0, 0xfd, 0x00, 0x00, 0x3f, 0xfe, 0xff, 0x02, 0xfe, 0x00, 0x01, 0xfd, 0xff,
  0x00, 0xc0, 0xfd, 0x00, 0x00, 0x3f, 0xfe, 0xff, 0x02, 0xfe, 0x00, 0x01, 0xfd, 0xff, 0x00, 0xf0, 0xfd, 0x00, 0x00, 0x3f, 0xfe, 0xff, 0x02, 0xfc,
  0x00, 0x01, 0xfd, 0xff, 0x00, 0xc0, 0xfd, 0x00, 0x00, 0x1f, 0xfe, 0xff, 0x02, 0xfe, 0x00, 0x01, 0xfd, 0xff, 0x00, 0xc0, 0xfd, 0x00, 0x00, 0x3f,
  0xfe, 0xff, 0x02, 0xfe, 0x00, 0x00, 0xfd, 0xff, 0x00, 0xc0, 0xfd, 0x00, 0x00, 0x1f, 0xfe, 0xff, 0x02, 0xfe, 0x8a, 0x8f, 0xfd, 0xff, 0x00, 0xf0,
  0xfd, 0x00, 0x00, 0x0f, 0xfe, 0xff, 0x01, 0xfe, 0xbf, 0xfc, 0xff, 0x00, 0xc0, 0xfd, 0x00, 0x00, 0x0f, 0xf7, 0xff, 0x00, 0xc0, 0xfd, 0x00, 0x00,
  0x0f, 0xf7, 0xff, 0x00, 0xc0, 0xfd, 0x00, 0x00, 0x0f, 0xf7, 0xff, 0x00, 0xc0, 0xfd, 0x00, 0x00, 0x0f, 0xf7, 0xff, 0xfc, 0x00, 0x00, 0x07, 0xf7,
  0xff, 0x00, 0x40, 0xfd, 0x00, 0x00, 0x0f, 0xf7, 0xff, 0xfc, 0x00, 0x00, 0x07, 0xf7, 0xff, 0xfc, 0x00, 0x00, 0x03, 0xf8, 0xff, 0x00, 0xfc, 0xfc,
  0x00, 0x00, 0x03, 0xf8, 0xff, 0x00, 0xfc, 0xfc, 0x00, 0x00, 0x03, 0xfe, 0xff, 0x06, 0xaf, 0xff, 0xff, 0x0f, 0xff, 0xff, 0xf0, 0xfb, 0x00, 0x09,
  0x7f, 0xff, 0xfe, 0x9f, 0xff, 0xff, 0x87, 0xff, 0xff, 0xf0, 0xfb, 0x00, 0x09, 0x0f, 0xff, 0xfe, 0x83, 0xff, 0xfc, 0x00, 0xff, 0xff, 0xc0, 0xfb,
  0x00, 0x09, 0x03, 0xff, 0xf0, 0x03, 0xff, 0xfe, 0x00, 0x7f, 0x54, 0x44, 0xfb, 0x00, 0x05, 0x02, 0x02, 0x20, 0x00, 0x1f, 0xa8, 0xf6, 0x00, 0x04,
  0x08, 0x00, 0x00, 0x1d, 0x80, 0xf6, 0x00, 0x00, 0x0a, 0x81, 0x00, 0xb6, 0x00, 0xfe, 0x00, 0x08, 0x03, 0xff, 0xff, 0xfc, 0x00, 0x01, 0xff, 0xff,
  0xfc, 0xfa, 0x00, 0x09, 0x03, 0xff, 0xff, 0xfc, 0x00, 0x01, 0xff, 0xff, 0xfc, 0x40, 0xfb, 0x00, 0x08, 0x03, 0xff, 0xff, 0xf8, 0x00, 0x01, 0xff,
  0xff, 0xfc, 0xfa, 0x00, 0x05, 0x0b, 0xff, 0xff, 0xf8, 0x00, 0x01, 0xfe, 0xff, 0xfa, 0x00, 0x09, 0x0b, 0xff, 0xff, 0xe8, 0x00, 0x00, 0x7f, 0xff,
  0xfc, 0x40, 0xfb, 0x00, 0x09, 0x03, 0xff, 0xff, 0xe0, 0x00, 0x00, 0x7f, 0xff, 0xfc, 0x40, 0xfb, 0x00, 0x09, 0x03, 0xff, 0xff, 0xe0, 0x00, 0x00,
  0x1f, 0xff, 0xfd, 0x40, 0xfb, 0x00, 0x09, 0x0b, 0xff, 0xff, 0xf0, 0x00, 0x00, 0x1f, 0xff, 0xff, 0xc0, 0xfb, 0x00, 0x09, 0x0f, 0xff, 0xff, 0xe0,
  0x00, 0x00, 0x5f, 0xff, 0xff, 0xc4, 0xfb, 0x00, 0x09, 0x3f, 0xff, 0xff, 0xe0, 0x00, 0x00, 0x7f, 0xff, 0xff, 0xc4, 0xfb, 0x00, 0x09, 0x3f, 0xff,
  0xff, 0xe0, 0x00, 0x00, 0x7f, 0xff, 0xff, 0xf4, 0xfb, 0x00, 0xfe, 0xff, 0x02, 0xf8, 0x00, 0x01, 0xfe, 0xff, 0x00, 0xf8, 0xfb, 0x00, 0xfe, 0xff,
  0x02, 0xf8, 0x00, 0x01, 0xfe, 0xff, 0x01, 0xfc, 0x40, 0xfd, 0x00, 0x00, 0x02, 0xfe, 0xff, 0x02, 0xfe, 0x00, 0x01, 0xfe, 0xff, 0x00, 0xfc, 0xfc,
  0x00, 0x00, 0x03, 0xfe, 0xff, 0x02, 0xfe, 0x00, 0x00, 0xfe, 0xff, 0x00, 0xfd, 0xfc, 0x00, 0x00, 0x03, 0xfe, 0xff, 0x02, 0xfe, 0x00, 0x01, 0xfd,
  0xff, 0xfc, 0x00, 0x00, 0x03, 0xfe, 0xff, 0x02, 0xfe, 0x00, 0x00, 0xfd, 0xff, 0x00, 0x40, 0xfd, 0x00, 0x00, 0x03, 0xfe, 0xff, 0x02, 0xfe, 0x00,
  0x01, 0xfd, 0xff, 0xfc, 0x00, 0x00, 0x07, 0xfe, 0xff, 0x02, 0xfe, 0x00, 0x03, 0xfd, 0xff, 0xfc, 0x00, 0x00, 0x0f, 0xfe, 0xff, 0x02, 0xfe, 0x00,
  0x03, 0xfd, 0xff, 0xfc, 0x00, 0x00, 0x0f, 0xfe, 0xff, 0x02, 0xfe, 0x00, 0x03, 0xfd, 0xff, 0x00, 0xc0, 0xfd, 0x00, 0x00, 0x0f, 0xfe, 0xff, 0x02,
  0xfe, 0x00, 0x07, 0xfd, 0xff, 0x00, 0xc0, 0xfd, 0x00, 0x00, 0x0f, 0xfe, 0xff, 0x02, 0xfe, 0x00, 0x03, 0xfd, 0xff, 0x00, 0xc0, 0xfd, 0x00, 0x00,
  0x0f, 0xfe, 0xff, 0x02, 0xfe, 0x00, 0x03, 0xfd, 0xff, 0x00, 0xc0, 0xfd, 0x00, 0x00, 0x0f, 0xfe, 0xff, 0x02, 0xfc, 0x00, 0x00, 0xfd, 0xff, 0x00,
  0xc0, 0xfd, 0x00, 0x00, 0x2f, 0xfe, 0xff, 0x02, 0xfe, 0x00, 0x00, 0xfd, 0xff, 0x00, 0xc0, 0xfd, 0x00, 0x00, 0x1f, 0xfe, 0xff, 0x02, 0xfe, 0x00,
  0x00, 0xfd, 0xff, 0x00, 0xf0, 0xfd, 0x00, 0x00, 0x3f, 0xfe, 0xff, 0x02, 0xfe, 0x00, 0x01, 0xfd, 0xff, 0x00, 0xc0, 0xfd, 0x00, 0x00, 0x1f, 0xfe,
  0xff, 0x02, 0xfe, 0x00, 0x00, 0xfd, 0xff, 0x00, 0xc0, 0xfd, 0x00, 0x00, 0x3f, 0xfe, 0xff, 0x02, 0xfe, 0x00, 0x00, 0xfd, 0xff, 0x00, 0xc0, 0xfd,
  0x00, 0x00, 0x1f, 0xfe, 0xff, 0x02, 0xfc, 0x00, 0x01, 0xfd, 0xff, 0x00, 0xf0, 0xfd, 0x00, 0x00, 0x3f, 0xfe, 0xff, 0x02, 0xfc, 0x00, 0x01, 0xfd,
  0xff, 0x00, 0xc0, 0xfd, 0x00, 0x00, 0x1f, 0xfe, 0xff, 0x02, 0xfe, 0x00, 0x01, 0xfd, 0xff, 0x00, 0xc0, 0xfd, 0x00, 0x00, 0x3f, 0xfe, 0xff, 0x02,
  0xfe, 0x00, 0x00, 0xfd, 0xff, 0x00, 0xc0, 0xfd, 0x00, 0x00, 0x1f, 0xfe, 0xff, 0x02, 0xfe, 0xba, 0x89, 0xfd, 0xff, 0x00, 0xf0, 0xfd, 0x00, 0x00,
  0x0f, 0xfe, 0xff, 0x02, 0xfe, 0xff, 0xfc, 0xfd, 0xff, 0x00, 0xc0, 0xfd, 0x00, 0x00, 0x1f, 0xfe, 0xff, 0x02, 0xfe, 0xff, 0xfe, 0xfd, 0xff, 0x00,
  0xc0, 0xfd, 0x00, 0x00, 0x0f, 0xf7, 0xff, 0x00, 0x80, 0xfd, 0x00, 0x00, 0x0f, 0xf7, 0xff, 0x00, 0xc0, 0xfd, 0x00, 0x00, 0x0f, 0xf7, 0xff, 0xfc,
  0x00, 0x00, 0x07, 0xf7, 0xff, 0x00, 0x40, 0xfd, 0x00, 0x00, 0x0f, 0xf7, 0xff, 0xfc, 0x00, 0x00, 0x07, 0xf7, 0xff, 0xfc, 0x00, 0x00, 0x03, 0xf8,
  0xff, 0x00, 0xfc, 0xfc, 0x00, 0x00, 0x03, 0xf8, 0xff, 0x00, 0xfc, 0xfc, 0x00, 0x00, 0x02, 0xfe, 0xff, 0x06, 0xef, 0xff, 0xff, 0x0f, 0xff, 0xff,
  0xf0, 0xfb, 0x00, 0x00, 0x7f, 0xfc, 0xff, 0x03, 0x87, 0xff, 0xff, 0xd0, 0xfb, 0x00, 0x09, 0x0f, 0xff, 0xfe, 0x03, 0xff, 0xfc, 0x02, 0xff, 0xff,
  0xc0, 0xfb, 0x00, 0x09, 0x0b, 0xff, 0xf2, 0x03, 0xff, 0xfe, 0x00, 0x7f, 0x5d, 0xc4, 0xfb, 0x00, 0x08, 0x02, 0xa6, 0x00, 0x00, 0xbf, 0xc8, 0x00,
  0x00, 0x08, 0xf9, 0x00, 0x06, 0x07, 0x80, 0x00, 0x9d, 0x90, 0x00, 0x01, 0xf8, 0x00, 0x00, 0x02, 0x81, 0x00, 0xb6, 0x00, 0xfe, 0x00, 0x09, 0x03,
  0xff, 0xff, 0xfc, 0x00, 0x00, 0xff, 0xff, 0xfc, 0x40, 0xfb, 0x00, 0x09, 0x03, 0xff, 0xff, 0xf8, 0x00, 0x00, 0xff, 0xff, 0xfc, 0x40, 0xfb, 0x00,
  0x08, 0x03, 0xff, 0xff, 0xf8, 0x00, 0x00, 0xff, 0xff, 0xfc, 0xfa, 0x00, 0x08, 0x03, 0xff, 0xff, 0xf0, 0x00, 0x01, 0x7f, 0xff, 0xfd, 0xfa, 0x00,
  0x09, 0x0b, 0xff, 0xff, 0xe0, 0x00, 0x00, 0x3f, 0xff, 0xfc, 0x40, 0xfb, 0x00, 0x09, 0x23, 0xff, 0xff, 0xc0, 0x00, 0x00, 0x5f, 0xff, 0xfc, 0x40,
  0xfb, 0x00, 0x09, 0x02, 0xff, 0xff, 0xc0, 0x00, 0x00, 0x0f, 0xff, 0xfd, 0x40, 0xfb, 0x00, 0x09, 0x0b, 0xff, 0xff, 0xc0, 0x00, 0x00, 0x1f, 0xff,
  0xff, 0x40, 0xfb, 0x00, 0x09, 0x0f, 0xff, 0xff, 0xc0, 0x00, 0x00, 0x5f, 0xff, 0xff, 0x44, 0xfb, 0x00, 0x09, 0x3f, 0xff, 0xff, 0xe0, 0x00, 0x00,
  0x7f, 0xff, 0xff, 0xd0, 0xfb, 0x00, 0x09, 0x3f, 0xff, 0xff, 0xe0, 0x00, 0x00, 0x7f, 0xff, 0xff, 0xd0, 0xfb, 0x00, 0x05, 0x3f, 0xff, 0xff, 0xf0,
  0x00, 0x01, 0xfe, 0xff, 0x00, 0xf0, 0xfb, 0x00, 0xfe, 0xff, 0x02, 0xf8, 0x00, 0x00, 0xfe, 0xff, 0x00, 0xf4, 0xfc, 0x00, 0x00, 0x02, 0xfe, 0xff,
  0x02, 0xfc, 0x00, 0x01, 0xfe, 0xff, 0x00, 0xfc, 0xfc, 0x00, 0x00, 0x03, 0xfe, 0xff, 0x02, 0xfc, 0x00, 0x00, 0xfe, 0xff, 0x00, 0xfd, 0xfc, 0x00,
  0x00, 0x03, 0xfe, 0xff, 0x02, 0xfc, 0x00, 0x01, 0xfd, 0xff, 0xfc, 0x00, 0x00, 0x03, 0xfe, 0xff, 0x02, 0xfc, 0x00, 0x00, 0xfd, 0xff, 0x00, 0x40,
  0xfd, 0x00, 0x00, 0x03, 0xfe, 0xff, 0x02, 0xfe, 0x00, 0x01, 0xfd, 0xff, 0x00, 0x40, 0xfd, 0x00, 0x00, 0x07, 0xfe, 0xff, 0x02, 0xfc, 0x00, 0x01,
  0xfd, 0xff, 0xfc, 0x00, 0x00, 0x0f, 0xfe, 0xff, 0x02, 0xfe, 0x00, 0x03, 0xfd, 0xff, 0xfc, 0x00, 0x00, 0x07, 0xfe, 0xff, 0x02, 0xfe, 0x00, 0x03,
  0xfd, 0xff, 0x00, 0x40, 0xfd, 0x00, 0x00, 0x0f, 0xfe, 0xff, 0x02, 0xfe, 0x00, 0x07, 0xfd, 0xff, 0x00, 0xc0, 0xfd, 0x00, 0x00, 0x07, 0xfe, 0xff,
  0x02, 0xfc, 0x00, 0x01, 0xfd, 0xff, 0x00, 0xc0, 0xfd, 0x00, 0x00, 0x0f, 0xfe, 0xff, 0x02, 0xfe, 0x00, 0x03, 0xfd, 0xff, 0x00, 0xc0, 0xfd, 0x00,
  0x00, 0x1f, 0xfe, 0xff, 0x02, 0xfc, 0x00, 0x03, 0xfd, 0xff, 0x00, 0xc0, 0xfd, 0x00, 0x00, 0x3f, 0xfe, 0xff, 0x02, 0xfe, 0x00, 0x01, 0xfd, 0xff,
  0x00, 0xc0, 0xfd, 0x00, 0x00, 0x1f, 0xfe, 0xff, 0x02, 0xfe, 0x00, 0x00, 0xfd, 0xff, 0x00, 0xf0, 0xfd, 0x00, 0x00, 0x3f, 0xfe, 0xff, 0x02, 0xfe,
  0x00, 0x01, 0xfd, 0xff, 0x00, 0xc0, 0xfd, 0x00, 0x00, 0x1f, 0xfe, 0xff, 0x02, 0xfe, 0x00, 0x00, 0xfd, 0xff, 0x00, 0xc0, 0xfd, 0x00, 0x00, 0x3f,
  0xfe, 0xff, 0x02, 0xfe, 0x00, 0x00, 0xfd, 0xff, 0x00, 0xc0, 0xfd, 0x00, 0x00, 0x1f, 0xfe, 0xff, 0x02, 0xfe, 0x00, 0x01, 0xfd, 0xff, 0x00, 0xf0,
  0xfd, 0x00, 0x00, 0x1f, 0xfe, 0xff, 0x02, 0xfc, 0x00, 0x00, 0xfd, 0xff, 0x00, 0xc0, 0xfd, 0x00, 0x00, 0x1f, 0xfe, 0xff, 0x02, 0xfa, 0x00, 0x01,
  0xfd, 0xff, 0x00, 0xc0, 0xfd, 0x00, 0x00, 0x3f, 0xfe, 0xff, 0x02, 0xfe, 0x20, 0x00, 0xfd, 0xff, 0x00, 0xc0, 0xfd, 0x00, 0x00, 0x1f, 0xfe, 0xff,
  0x02, 0xfe, 0xaa, 0x83, 0xfd, 0xff, 0x00, 0xf0, 0xfd, 0x00, 0x00, 0x1f, 0xfe, 0xff, 0x02, 0xfe, 0xff, 0xf3, 0xfd, 0xff, 0x00, 0xc0, 0xfd, 0x00,
  0x00, 0x1f, 0xfe, 0xff, 0x00, 0xfe, 0xfb, 0xff, 0x00, 0xc0, 0xfd, 0x00, 0x00, 0x0f, 0xf7, 0xff, 0x00, 0xc0, 0xfd, 0x00, 0x00, 0x07, 0xf7, 0xff,
  0x00, 0xc0, 0xfd, 0x00, 0x00, 0x0f, 0xf7, 0xff, 0xfc, 0x00, 0x00, 0x07, 0xf7, 0xff, 0x00, 0x40, 0xfd, 0x00, 0x00, 0x07, 0xf7, 0xff, 0xfc, 0x00,
  0x00, 0x07, 0xf7, 0xff, 0xfc, 0x00, 0x00, 0x03, 0xf8, 0xff, 0x00, 0xfc, 0xfc, 0x00, 0x00, 0x03, 0xfb, 0xff, 0x04, 0xcf, 0xff, 0xff, 0xfc, 0x40,
  0xfd, 0x00, 0x0a, 0x02, 0x7f, 0xff, 0xff, 0xef, 0xff, 0xff, 0x8f, 0xff, 0xff, 0xfc, 0xfb, 0x00, 0x09, 0x3f, 0xff, 0xff, 0x9f, 0xff, 0xff, 0x07,
  0xff, 0xff, 0xd4, 0xfb, 0x00, 0x09, 0x0f, 0xff, 0xfa, 0x03, 0xff, 0xfc, 0x00, 0xff, 0xff, 0xc4, 0xfb, 0x00, 0x09, 0x03, 0xff, 0xfa, 0x00, 0xff,
  0xfc, 0x00, 0x5f, 0xdd, 0x44, 0xfb, 0x00, 0x08, 0x02, 0x66, 0x00, 0x00, 0x8f, 0xc8, 0x00, 0x0c, 0x88, 0xf9, 0x00, 0x04, 0x06, 0x00, 0x00, 0x88,
  0x80, 0xf6, 0x00, 0x00, 0x02, 0xf2, 0x00, 0x00, 0x20, 0x81, 0x00, 0xc6, 0x00, 0xfe, 0x00, 0x09, 0x03, 0xff, 0xff, 0xf0, 0x00, 0x01, 0xff, 0xff,
  0xfc, 0x40, 0xfb, 0x00, 0x09, 0x03, 0xff, 0xff, 0xf8, 0x00, 0x01, 0xff, 0xff, 0xfc, 0x40, 0xfb, 0x00, 0x08, 0x03, 0xff, 0xff, 0xf8, 0x00, 0x00,
  0xff, 0xff, 0xfd, 0xfa, 0x00, 0x08, 0x03, 0xff, 0xff, 0xf8, 0x00, 0x01, 0x7f, 0xff, 0xfd, 0xfa, 0x00, 0x09, 0x03, 0xff, 0xff, 0xe0, 0x00, 0x00,
  0x3f, 0xff, 0xfc, 0x40, 0xfb, 0x00, 0x09, 0x23, 0xff, 0xff, 0xc0, 0x00, 0x04, 0x5f, 0xff, 0xfd, 0x40, 0xfb, 0x00, 0x08, 0x02, 0xff, 0xff, 0xc0,
  0x00, 0x00, 0x0f, 0xff, 0xfc, 0xfa, 0x00, 0x08, 0x0a, 0xff, 0xff, 0xc0, 0x00, 0x00, 0x1f, 0xff, 0xff, 0xfa, 0x00, 0x09, 0x0f, 0xff, 0xff, 0xc0,
  0x00, 0x00, 0x0f, 0xff, 0xff, 0x40, 0xfb, 0x00, 0x09, 0x2f, 0xff, 0xff, 0xc0, 0x00, 0x00, 0x1f, 0xff, 0xff, 0xd0, 0xfb, 0x00, 0x09, 0x3f, 0xff,
  0xff, 0xe0, 0x00, 0x00, 0x3f, 0xff, 0xff, 0xd0, 0xfb, 0x00, 0x05, 0x7f, 0xff, 0xff, 0xf0, 0x00, 0x01, 0xfe, 0xff, 0x00, 0xf0, 0xfb, 0x00, 0xfe,
  0xff, 0x02, 0xf0, 0x00, 0x00, 0xfe, 0xff, 0x00, 0xf4, 0xfb, 0x00, 0x05, 0x7f, 0xff, 0xff, 0xf8, 0x00, 0x00, 0xfe, 0xff, 0x00, 0xfc, 0xfb, 0x00,
  0xfe, 0xff, 0x02, 0xfc, 0x00, 0x00, 0xfe, 0xff, 0x00, 0xfd, 0xfb, 0x00, 0xfe, 0xff, 0x02, 0xfc, 0x00, 0x01, 0xfd, 0xff, 0xfc, 0x00, 0x00, 0x01,
  0xfe, 0xff, 0x02, 0xfc, 0x00, 0x02, 0xfd, 0xff, 0x00, 0x40, 0xfd, 0x00, 0x00, 0x03, 0xfe, 0xff, 0x02, 0xfc, 0x00, 0x01, 0xfd, 0xff, 0xfc, 0x00,
  0x00, 0x07, 0xfe, 0xff, 0x02, 0xfc, 0x00, 0x00, 0xfd, 0xff, 0xfc, 0x00, 0x00, 0x07, 0xfe, 0xff, 0x02, 0xfc, 0x00, 0x01, 0xfd, 0xff, 0xfc, 0x00,
  0x00, 0x07, 0xfe, 0xff, 0x02, 0xfe, 0x00, 0x03, 0xfd, 0xff, 0x00, 0x40, 0xfd, 0x00, 0x00, 0x07, 0xfe, 0xff, 0x02, 0xfe, 0x00, 0x00, 0xfd, 0xff,
  0x00, 0xc0, 0xfd, 0x00, 0x00, 0x07, 0xfe, 0xff, 0x02, 0xfc, 0x00, 0x00, 0xfd, 0xff, 0x00, 0xc0, 0xfd, 0x00, 0x00, 0x0f, 0xfe, 0xff, 0x02, 0xfc,
  0x00, 0x01, 0xfd, 0xff, 0x00, 0x80, 0xfd, 0x00, 0x00, 0x1f, 0xfe, 0xff, 0x02, 0xfc, 0x00, 0x02, 0xfd, 0xff, 0x00, 0xc0, 0xfd, 0x00, 0x00, 0x1f,
  0xfe, 0xff, 0x02, 0xfc, 0x00, 0x00, 0xfd, 0xff, 0x00, 0xc0, 0xfd, 0x00, 0x00, 0x1f, 0xfe, 0xff, 0x02, 0xfc, 0x00, 0x00, 0xfd, 0xff, 0x00, 0xc0,
  0xfd, 0x00, 0x00, 0x1f, 0xfe, 0xff, 0x02, 0xfc, 0x00, 0x00, 0xfd, 0xff, 0x00, 0xc0, 0xfd, 0x00, 0x00, 0x1f, 0xfe, 0xff, 0x02, 0xfe, 0x00, 0x00,
  0xfd, 0xff, 0x00, 0xc0, 0xfd, 0x00, 0x00, 0x1f, 0xfe, 0xff, 0x02, 0xfe, 0x00, 0x00, 0xfd, 0xff, 0x00, 0xd0, 0xfd, 0x00, 0x00, 0x1f, 0xfe, 0xff,
  0x02, 0xfc, 0x00, 0x00, 0xfd, 0xff, 0x00, 0xf0, 0xfd, 0x00, 0x00, 0x1f, 0xfe, 0xff, 0x02, 0xf8, 0x00, 0x00, 0xfd, 0xff, 0x00, 0xc0, 0xfd, 0x00,
  0x00, 0x1f, 0xfe, 0xff, 0x02, 0xfa, 0x20, 0x00, 0xfd, 0xff, 0x00, 0xc0, 0xfd, 0x00, 0x00, 0x0f, 0xfe, 0xff, 0x02, 0xfc, 0x20, 0x00, 0xfd, 0xff,
  0x00, 0xc0, 0xfd, 0x00, 0x00, 0x1f, 0xfe, 0xff, 0x02, 0xfe, 0xa8, 0x00, 0xfd, 0xff, 0x00, 0xc0, 0xfd, 0x00, 0x00, 0x1f, 0xfe, 0xff, 0x02, 0xfc,
  0xba, 0x03, 0xfd, 0xff, 0x00, 0x80, 0xfd, 0x00, 0x00, 0x0f, 0xfe, 0xff, 0x01, 0xfe, 0x7f, 0xfc, 0xff, 0x00, 0xc0, 0xfd, 0x00, 0x00, 0x07, 0xf7,
  0xff, 0x00, 0x80, 0xfd, 0x00, 0x00, 0x07, 0xf7, 0xff, 0x00, 0xc0, 0xfd, 0x00, 0x00, 0x07, 0xf7, 0xff, 0xfc, 0x00, 0x00, 0x07, 0xf7, 0xff, 0x00,
  0x40, 0xfd, 0x00, 0x00, 0x07, 0xf8, 0xff, 0x00, 0xfe, 0xfc, 0x00, 0x00, 0x03, 0xf8, 0xff, 0x00, 0xfd, 0xfc, 0x00, 0x00, 0x01, 0xf8, 0xff, 0x00,
  0xf8, 0xfc, 0x00, 0x00, 0x01, 0xfe, 0xff, 0x07, 0xef, 0xff, 0xff, 0xcf, 0xff, 0xff, 0xf4, 0x40, 0xfc, 0x00, 0x09, 0x7f, 0xff, 0xff, 0xc7, 0xff,
  0xfe, 0x8f, 0xff, 0xff, 0xec, 0xfb, 0x00, 0x09, 0x3f, 0xff, 0xfe, 0x83, 0xff, 0xfe, 0x03, 0xff, 0xff, 0xd4, 0xfb, 0x00, 0x09, 0x0f, 0xff, 0xf2,
  0x03, 0xff, 0xfc, 0x02, 0xff, 0xff, 0xc4, 0xfb, 0x00, 0x09, 0x03, 0xff, 0xe0, 0x02, 0xff, 0xfc, 0x00, 0x5f, 0xdd, 0x44, 0xfa, 0x00, 0x07, 0x66,
  0x00, 0x00, 0x0e, 0xc8, 0x00, 0x0c, 0x88, 0xf9, 0x00, 0x00, 0x06, 0xf2, 0x00, 0x00, 0x02, 0xf2, 0x00, 0x00, 0x22, 0x81, 0x00, 0xc6, 0x00, 0xfe,
  0x00, 0x08, 0x03, 0xff, 0xff, 0xf0, 0x00, 0x00, 0xff, 0xff, 0xfc, 0xfa, 0x00, 0x09, 0x03, 0xff, 0xff, 0xf0, 0x00, 0x00, 0x7f, 0xff, 0xfc, 0x40,
  0xfb, 0x00, 0x08, 0x02, 0xff, 0xff, 0xe8, 0x00, 0x00, 0xff, 0xff, 0xfd, 0xfa, 0x00, 0x08, 0x02, 0xff, 0xff, 0xe0, 0x00, 0x01, 0x7f, 0xff, 0xfd,
  0xfa, 0x00, 0x09, 0x03, 0xff, 0xff, 0xc0, 0x00, 0x00, 0x3f, 0xff, 0xfc, 0x40, 0xfb, 0x00, 0x09, 0x02, 0xff, 0xff, 0xc2, 0x00, 0x04, 0x4f, 0xff,
  0xfd, 0x40, 0xfb, 0x00, 0x08, 0x02, 0xff, 0xff, 0xc0, 0x00, 0x00, 0x0f, 0xff, 0xfd, 0xfa, 0x00, 0x09, 0x0a, 0xff, 0xff, 0xc0, 0x00, 0x00, 0x1f,
  0xff, 0xff, 0x40, 0xfb, 0x00, 0x09, 0x0f, 0xff, 0xff, 0xc0, 0x00, 0x00, 0x4f, 0xff, 0xff, 0x44, 0xfb, 0x00, 0x09, 0x2f, 0xff, 0xff, 0xe0, 0x00,
  0x00, 0x1f, 0xff, 0xff, 0xd0, 0xfb, 0x00, 0x09, 0x3f, 0xff, 0xff, 0xe0, 0x00, 0x00, 0x3f, 0xff, 0xff, 0xd0, 0xfb, 0x00, 0x05, 0xbf, 0xff, 0xff,
  0xf0, 0x00, 0x01, 0xfe, 0xff, 0x00, 0xf4, 0xfb, 0x00, 0x05, 0x7f, 0xff, 0xff, 0xf0, 0x00, 0x00, 0xfe, 0xff, 0x00, 0xf4, 0xfb, 0x00, 0xfe, 0xff,
  0x02, 0xf8, 0x00, 0x00, 0xfe, 0xff, 0x00, 0xfc, 0xfb, 0x00, 0xfe, 0xff, 0x02, 0xfc, 0x00, 0x00, 0xfe, 0xff, 0x00, 0xfd, 0xfc, 0x00, 0x00, 0x02,
  0xfe, 0xff, 0x02, 0xfc, 0x00, 0x01, 0xfd, 0xff, 0xfc, 0x00, 0x00, 0x01, 0xfe, 0xff, 0x02, 0xfc, 0x00, 0x00, 0xfd, 0xff, 0x00, 0x40, 0xfd, 0x00,
  0x00, 0x03, 0xfe, 0xff, 0x02, 0xfc, 0x00, 0x01, 0xfd, 0xff, 0xfc, 0x00, 0x00, 0x07, 0xfe, 0xff, 0x02, 0xfc, 0x00, 0x00, 0xfd, 0xff, 0xfc, 0x00,
  0x00, 0x07, 0xfe, 0xff, 0x02, 0xfc, 0x00, 0x01, 0xfd, 0xff, 0xfc, 0x00, 0x00, 0x07, 0xfe, 0xff, 0x02, 0xfc, 0x00, 0x03, 0xfd, 0xff, 0x00, 0x40,
  0xfd, 0x00, 0x00, 0x07, 0xfe, 0xff, 0x02, 0xfc, 0x00, 0x00, 0xfd, 0xff, 0x00, 0x80, 0xfd, 0x00, 0x00, 0x07, 0xfe, 0xff, 0x02, 0xfc, 0x00, 0x00,
  0xfd, 0xff, 0x00, 0x80, 0xfd, 0x00, 0x00, 0x0f, 0xfe, 0xff, 0x02, 0xfc, 0x00, 0x01, 0xfd, 0xff, 0x00, 0x80, 0xfd, 0x00, 0x00, 0x1f, 0xfe, 0xff,
  0x02, 0xfc, 0x00, 0x02, 0xfd, 0xff, 0x00, 0xc0, 0xfd, 0x00, 0x00, 0x3f, 0xfe, 0xff, 0x02, 0xfc, 0x00, 0x00, 0xfd, 0xff, 0x00, 0xc0, 0xfd, 0x00,
  0x00, 0x1f, 0xfe, 0xff, 0x02, 0xfc, 0x00, 0x00, 0xfd, 0xff, 0x00, 0xc0, 0xfd, 0x00, 0x00, 0x1f, 0xfe, 0xff, 0x02, 0xfc, 0x00, 0x00, 0xfd, 0xff,
  0x00, 0xc0, 0xfd, 0x00, 0x00, 0x1f, 0xfe, 0xff, 0x02, 0xfe, 0x00, 0x00, 0xfd, 0xff, 0x00, 0xc4, 0xfd, 0x00, 0x00, 0x3f, 0xfe, 0xff, 0x02, 0xfe,
  0x00, 0x00, 0xfd, 0xff, 0x00, 0xc0, 0xfd, 0x00, 0x00, 0x1f, 0xfe, 0xff, 0x02, 0xfe, 0x00, 0x00, 0xfd, 0xff, 0x00, 0xc0, 0xfd, 0x00, 0x00, 0x1f,
  0xfe, 0xff, 0x02, 0xf8, 0x00, 0x00, 0xfd, 0xff, 0x00, 0xc0, 0xfd, 0x00, 0x00, 0x1f, 0xfe, 0xff, 0x02, 0xfe, 0x20, 0x00, 0xfd, 0xff, 0x00, 0xc0,
  0xfd, 0x00, 0x00, 0x0f, 0xfe, 0xff, 0x02, 0xfc, 0x20, 0x00, 0xfd, 0xff, 0x00, 0xc0, 0xfd, 0x00, 0x00, 0x1f, 0xfe, 0xff, 0x02, 0xfe, 0xa8, 0x00,
  0xfd, 0xff, 0x00, 0xc0, 0xfd, 0x00, 0x00, 0x0f, 0xfe, 0xff, 0x02, 0xfe, 0xbe, 0xa3, 0xfd, 0xff, 0x00, 0x80, 0xfd, 0x00, 0x00, 0x1f, 0xfe, 0xff,
  0x02, 0xfe, 0xbf, 0xfe, 0xfd, 0xff, 0x00, 0xc0, 0xfd, 0x00, 0x00, 0x07, 0xf7, 0xff, 0x00, 0xc0, 0xfd, 0x00, 0x00, 0x07, 0xf7, 0xff, 0x00, 0x40,
  0xfd, 0x00, 0x00, 0x07, 0xf7, 0xff, 0xfc, 0x00, 0x00, 0x07, 0xf7, 0xff, 0x00, 0x40, 0xfd, 0x00, 0x00, 0x07, 0xf7, 0xff, 0xfc, 0x00, 0x00, 0x07,
  0xf7, 0xff, 0xfc, 0x00, 0x00, 0x01, 0xf8, 0xff, 0x00, 0xfc, 0xfc, 0x00, 0x00, 0x01, 0xfe, 0xff, 0x07, 0xef, 0xff, 0xff, 0xdf, 0xff, 0xff, 0xf4,
  0x40, 0xfc, 0x00, 0x09, 0x7f, 0xff, 0xff, 0xc7, 0xff, 0xfe, 0x8f, 0xff, 0xff, 0xec, 0xfb, 0x00, 0x09, 0x3f, 0xff, 0xfe, 0xab, 0xff, 0xfe, 0x03,
  0xff, 0xff, 0xd4, 0xfb, 0x00, 0x09, 0x0f, 0xff, 0xf2, 0x03, 0xff, 0xfc, 0x00, 0xff, 0xff, 0xc4, 0xfb, 0x00, 0x09, 0x03, 0xff, 0xe0, 0x00, 0xef,
  0xec, 0x00, 0x5d, 0xdd, 0x44, 0xfa, 0x00, 0x07, 0x66, 0x00, 0x00, 0xee, 0xc0, 0x00, 0x0c, 0x88, 0xf9, 0x00, 0x04, 0x02, 0x00, 0x00, 0x88, 0x80,
  0xf6, 0x00, 0x03, 0x02, 0x00, 0x00, 0x02, 0xf5, 0x00, 0x00, 0x02, 0x81, 0x00, 0xc6, 0x00, 0xfe, 0x00, 0x09, 0x03, 0xff, 0xff, 0xf0, 0x00, 0x00,
  0xff, 0xff, 0xfc, 0x40, 0xfb, 0x00, 0x09, 0x03, 0xff, 0xff, 0xf8, 0x00, 0x00, 0x7f, 0xff, 0xfc, 0x40, 0xfb, 0x00, 0x08, 0x02, 0xff, 0xff, 0xf8,
  0x00, 0x00, 0xff, 0xff, 0xfd, 0xfa, 0x00, 0x08, 0x02, 0xff, 0xff, 0xe8, 0x00, 0x01, 0x7f, 0xff, 0xfd, 0xfa, 0x00, 0x08, 0x03, 0xff, 0xff, 0xe0,
  0x00, 0x00, 0x3f, 0xff, 0xfc, 0xfa, 0x00, 0x09, 0x03, 0xff, 0xff, 0xe0, 0x00, 0x04, 0x4f, 0xff, 0xfd, 0x40, 0xfb, 0x00, 0x09, 0x06, 0xff, 0xff,
  0xe0, 0x00, 0x00, 0x0f, 0xff, 0xfd, 0x40, 0xfb, 0x00, 0x09, 0x0f, 0xff, 0xff, 0xe0, 0x00, 0x00, 0x1f, 0xff, 0xff, 0x40, 0xfb, 0x00, 0x09, 0x0f,
  0xff, 0xff, 0xe0, 0x00, 0x00, 0x0f, 0xff, 0xff, 0x40, 0xfb, 0x00, 0x09, 0x2f, 0xff, 0xff, 0xe0, 0x00, 0x00, 0x1f, 0xff, 0xff, 0xd0, 0xfb, 0x00,
  0x09, 0x3f, 0xff, 0xff, 0xe0, 0x00, 0x00, 0xbf, 0xff, 0xff, 0xf0, 0xfb, 0x00, 0x05, 0xbf, 0xff, 0xff, 0xf0, 0x00, 0x01, 0xfe, 0xff, 0x00, 0xf4,
  0xfb, 0x00, 0x05, 0x7f, 0xff, 0xff, 0xf8, 0x00, 0x00, 0xfe, 0xff, 0x00, 0xfc, 0xfc, 0x00, 0x00, 0x02, 0xfe, 0xff, 0x02, 0xfc, 0x00, 0x01, 0xfe,
  0xff, 0x00, 0xfc, 0xfb, 0x00, 0xfe, 0xff, 0x02, 0xfc, 0x00, 0x00, 0xfe, 0xff, 0x00, 0xfd, 0xfc, 0x00, 0x00, 0x0a, 0xfe, 0xff, 0x02, 0xfc, 0x00,
  0x01, 0xfd, 0xff, 0xfc, 0x00, 0x00, 0x01, 0xfe, 0xff, 0x02, 0xfc, 0x00, 0x01, 0xfd, 0xff, 0x00, 0x40, 0xfd, 0x00, 0x00, 0x03, 0xfe, 0xff, 0x02,
  0xfc, 0x00, 0x01, 0xfd, 0xff, 0xfc, 0x00, 0x00, 0x07, 0xfe, 0xff, 0x02, 0xfc, 0x00, 0x00, 0xfd, 0xff, 0x00, 0x40, 0xfd, 0x00, 0x00, 0x07, 0xfe,
  0xff, 0x02, 0xfc, 0x00, 0x01, 0xfd, 0xff, 0x00, 0x40, 0xfd, 0x00, 0x00, 0x07, 0xfe, 0xff, 0x02, 0xfc, 0x00, 0x03, 0xfd, 0xff, 0x00, 0x40, 0xfd,
  0x00, 0x00, 0x0f, 0xfe, 0xff, 0x02, 0xfc, 0x00, 0x01, 0xfd, 0xff, 0x00, 0xc0, 0xfd, 0x00, 0x00, 0x07, 0xfe, 0xff, 0x02, 0xfc, 0x00, 0x00, 0xfd,
  0xff, 0x00, 0xc0, 0xfd, 0x00, 0x00, 0x0f, 0xfe, 0xff, 0x02, 0xfc, 0x00, 0x01, 0xfd, 0xff, 0x00, 0xc0, 0xfd, 0x00, 0x00, 0x1f, 0xfe, 0xff, 0x02,
  0xfc, 0x00, 0x02, 0xfd, 0xff, 0x00, 0xc4, 0xfd, 0x00, 0x00, 0x1f, 0xfe, 0xff, 0x02, 0xfc, 0x00, 0x00, 0xfd, 0xff, 0x00, 0xc0, 0xfd, 0x00, 0x00,
  0x1f, 0xfe, 0xff, 0x02, 0xfc, 0x80, 0x00, 0xfd, 0xff, 0x00, 0xc0, 0xfd, 0x00, 0x00, 0x0f, 0xfe, 0xff, 0x03, 0xfc, 0x00, 0x00, 0x7f, 0xfe, 0xff,
  0x00, 0xc0, 0xfd, 0x00, 0x00, 0x1f, 0xfe, 0xff, 0x02, 0xfe, 0x00, 0x00, 0xfd, 0xff, 0x00, 0xc0, 0xfd, 0x00, 0x00, 0x1f, 0xfe, 0xff, 0x02, 0xfc,
  0x00, 0x00, 0xfd, 0xff, 0x00, 0xd0, 0xfd, 0x00, 0x00, 0x1f, 0xfe, 0xff, 0x02, 0xfe, 0x00, 0x00, 0xfd, 0xff, 0x00, 0xd0, 0xfd, 0x00, 0x00, 0x1f,
  0xfe, 0xff, 0x02, 0xf8, 0x00, 0x00, 0xfd, 0xff, 0x00, 0xc0, 0xfd, 0x00, 0x00, 0x1f, 0xfe, 0xff, 0x02, 0xfa, 0x20, 0x00, 0xfd, 0xff, 0x00, 0xc0,
  0xfd, 0x00, 0x00, 0x0f, 0xfe, 0xff, 0x02, 0xfc, 0x20, 0x00, 0xfd, 0xff, 0x00, 0xc0, 0xfd, 0x00, 0x00, 0x1f, 0xfe, 0xff, 0x02, 0xfe, 0xa8, 0x81,
  0xfd, 0xff, 0x00, 0xc0, 0xfd, 0x00, 0x00, 0x0f, 0xfe, 0xff, 0x02, 0xfe, 0xbe, 0xa3, 0xfd, 0xff, 0x00, 0x80, 0xfd, 0x00, 0x00, 0x0f, 0xfe, 0xff,
  0x00, 0xfe, 0xfb, 0xff, 0x00, 0xc0, 0xfd, 0x00, 0x00, 0x07, 0xf7, 0xff, 0x00, 0xc0, 0xfd, 0x00, 0x00, 0x07, 0xf7, 0xff, 0x00, 0xc0, 0xfd, 0x00,
  0x00, 0x07, 0xf7, 0xff, 0xfc, 0x00, 0x00, 0x07, 0xf7, 0xff, 0x00, 0x40, 0xfd, 0x00, 0x00, 0x07, 0xf8, 0xff, 0x00, 0xfe, 0xfc, 0x00, 0x00, 0x07,
  0xf7, 0xff, 0xfc, 0x00, 0x00, 0x01, 0xfe, 0xff, 0x00, 0xf7, 0xfc, 0xff, 0x00, 0xfe, 0xfc, 0x00, 0x00, 0x01, 0xfe, 0xff, 0x07, 0xef, 0xff, 0xff,
  0xdf, 0xff, 0xff, 0xfc, 0x40, 0xfc, 0x00, 0x09, 0x7f, 0xff, 0xff, 0xc7, 0xff, 0xff, 0xcf, 0xff, 0xff, 0xec, 0xfb, 0x00, 0x09, 0x3f, 0xff, 0xff,
  0xa3, 0xff, 0xff, 0x03, 0xff, 0xff, 0xd4, 0xfb, 0x00, 0x09, 0x0f, 0xff, 0xfa, 0x03, 0xff, 0xfc, 0x22, 0xff, 0xff, 0xc0, 0xfb, 0x00, 0x09, 0x06,
  0xff, 0xe2, 0x22, 0xff, 0xec, 0x00, 0x5f, 0xfd, 0x44, 0xfa, 0x00, 0x07, 0x66, 0x60, 0x00, 0xac, 0xc0, 0x00, 0x08, 0x8c, 0xf9, 0x00, 0x07, 0x06,
  0x80, 0x00, 0x82, 0x80, 0x00, 0x00, 0x04, 0xf9, 0x00, 0x00, 0x02, 0xf2, 0x00, 0x04, 0x22, 0x00, 0x00, 0x20, 0x20, 0x81, 0x00, 0xca, 0x00, 0xfe,
  0x00, 0x08, 0x02, 0xff, 0xff, 0xf8, 0x00, 0x00, 0x7f, 0xff, 0xfc, 0xfa, 0x00, 0x08, 0x02, 0xff, 0xff, 0xf8, 0x00, 0x00, 0x7f, 0xff, 0xfc, 0xfa,
  0x00, 0x08, 0x02, 0xff, 0xff, 0xf8, 0x00, 0x00, 0x3f, 0xff, 0xfd, 0xfa, 0x00, 0x08, 0x02, 0xff, 0xff, 0xf8, 0x00, 0x01, 0x7f, 0xff, 0xfd, 0xfa,
  0x00, 0x08, 0x02, 0xff, 0xff, 0xe0, 0x00, 0x00, 0x1f, 0xff, 0xfc, 0xfa, 0x00, 0x09, 0x02, 0xff, 0xff, 0xe2, 0x00, 0x04, 0x0f, 0xff, 0xfd, 0x40,
  0xfb, 0x00, 0x08, 0x02, 0xff, 0xff, 0xe0, 0x00, 0x00, 0x0f, 0xff, 0xfd, 0xfa, 0x00, 0x09, 0x0b, 0xff, 0xff, 0xe0, 0x00, 0x00, 0x1f, 0xff, 0xff,
  0x40, 0xfb, 0x00, 0x09, 0x0f, 0xff, 0xff, 0xe0, 0x00, 0x00, 0x0f, 0xff, 0xff, 0x40, 0xfb, 0x00, 0x09, 0x2f, 0xff, 0xff, 0xe0, 0x00, 0x00, 0x1f,
  0xff, 0xff, 0xc4, 0xfb, 0x00, 0x09, 0x3f, 0xff, 0xff, 0xe8, 0x00, 0x00, 0x3f, 0xff, 0xff, 0xf0, 0xfb, 0x00, 0x09, 0xbf, 0xff, 0xff, 0xf8, 0x00,
  0x01, 0x7f, 0xff, 0xff, 0xf4, 0xfb, 0x00, 0xfe, 0xff, 0x02, 0xf8, 0x00, 0x00, 0xfe, 0xff, 0x00, 0xfc, 0xfc, 0x00, 0x00, 0x02, 0xfe, 0xff, 0x02,
  0xfc, 0x00, 0x00, 0xfe, 0xff, 0x00, 0xfc, 0xfc, 0x00, 0x00, 0x02, 0xfe, 0xff, 0x02, 0xfc, 0x00, 0x00, 0xfe, 0xff, 0x00, 0xfd, 0xfc, 0x00, 0x00,
  0x0a, 0xfe, 0xff, 0x02, 0xfc, 0x00, 0x01, 0xfd, 0xff, 0xfc, 0x00, 0x00, 0x03, 0xfe, 0xff, 0x02, 0xf8, 0x00, 0x00, 0xfd, 0xff, 0x00, 0x40, 0xfd,
  0x00, 0x00, 0x03, 0xfe, 0xff, 0x02, 0xfc, 0x00, 0x01, 0xfd, 0xff, 0x00, 0x40, 0xfd, 0x00, 0x00, 0x07, 0xfe, 0xff, 0x02, 0xfc, 0x00, 0x00, 0xfd,
  0xff, 0xfc, 0x00, 0x00, 0x0f, 0xfe, 0xff, 0x02, 0xfc, 0x00, 0x01, 0xfd, 0xff, 0xfc, 0x00, 0x00, 0x07, 0xfe, 0xff, 0x02, 0xfc, 0x00, 0x02, 0xfd,
  0xff, 0x00, 0x40, 0xfd, 0x00, 0x00, 0x0f, 0xfe, 0xff, 0x02, 0xfc, 0x00, 0x01, 0xfd, 0xff, 0x00, 0xc0, 0xfd, 0x00, 0x00, 0x07, 0xfe, 0xff, 0x02,
  0xfc, 0x00, 0x00, 0xfd, 0xff, 0x00, 0xc0, 0xfd, 0x00, 0x00, 0x0f, 0xfd, 0xff, 0x01, 0x00, 0x01, 0xfd, 0xff, 0x00, 0xc0, 0xfd, 0x00, 0x00, 0x0f,
  0xfe, 0xff, 0x02, 0xfe, 0x00, 0x03, 0xfd, 0xff, 0x00, 0xc0, 0xfd, 0x00, 0x00, 0x0f, 0xfe, 0xff, 0x02, 0xfe, 0x00, 0x00, 0xfd, 0xff, 0x00, 0xc0,
  0xfd, 0x00, 0x00, 0x0f, 0xfe, 0xff, 0x02, 0xfe, 0x80, 0x00, 0xfd, 0xff, 0x00, 0xf0, 0xfd, 0x00, 0x00, 0x2f, 0xfe, 0xff, 0x02, 0xfe, 0x00, 0x00,
  0xfd, 0xff, 0x00, 0xc0, 0xfd, 0x00, 0x00, 0x1f, 0xfe, 0xff, 0x02, 0xfe, 0x00, 0x00, 0xfd, 0xff, 0x00, 0xc4, 0xfd, 0x00, 0x00, 0x3f, 0xfe, 0xff,
  0x02, 0xfe, 0x00, 0x00, 0xfd, 0xff, 0x00, 0xc0, 0xfd, 0x00, 0x00, 0x1f, 0xfe, 0xff, 0x02, 0xfe, 0x00, 0x00, 0xfd, 0xff, 0x00, 0xd0, 0xfd, 0x00,
  0x00, 0x3f, 0xfe, 0xff, 0x02, 0xfe, 0x00, 0x00, 0xfd, 0xff, 0x00, 0xc0, 0xfd, 0x00, 0x00, 0x1f, 0xfe, 0xff, 0x02, 0xfe, 0x20, 0x00, 0xfd, 0xff,
  0x00, 0xc4, 0xfd, 0x00, 0x00, 0x3f, 0xfe, 0xff, 0x02, 0xfe, 0x20, 0x00, 0xfd, 0xff, 0x00, 0xc0, 0xfd, 0x00, 0x00, 0x1f, 0xfe, 0xff, 0x02, 0xfe,
  0xaa, 0x80, 0xfd, 0xff, 0x00, 0xc0, 0xfd, 0x00, 0x00, 0x0f, 0xfe, 0xff, 0x02, 0xfa, 0xaf, 0x82, 0xfd, 0xff, 0x00, 0xc0, 0xfd, 0x00, 0x00, 0x0f,
  0xfe, 0xff, 0x00, 0xfe, 0xfb, 0xff, 0x00, 0xc0, 0xfd, 0x00, 0x00, 0x0f, 0xf7, 0xff, 0x00, 0xc0, 0xfd, 0x00, 0x00, 0x07, 0xf7, 0xff, 0x00, 0xc0,
  0xfd, 0x00, 0x00, 0x07, 0xf7, 0xff, 0x00, 0x40, 0xfd, 0x00, 0x00, 0x07, 0xf7, 0xff, 0x00, 0x40, 0xfd, 0x00, 0x00, 0x07, 0xf7, 0xff, 0xfc, 0x00,
  0x00, 0x07, 0xf7, 0xff, 0xfc, 0x00, 0x00, 0x01, 0xf8, 0xff, 0x00, 0xfc, 0xfb, 0x00, 0xf8, 0xff, 0x01, 0xfc, 0x40, 0xfd, 0x00, 0x0a, 0x02, 0x7f,
  0xff, 0xff, 0x8f, 0xff, 0xff, 0x8f, 0xff, 0xff, 0xf0, 0xfb, 0x00, 0x09, 0x7f, 0xff, 0xfe, 0x8b, 0xff, 0xff, 0x8f, 0xff, 0xff, 0xd0, 0xfb, 0x00,
  0x09, 0x3f, 0xff, 0xfe, 0x03, 0xff, 0xfe, 0x02, 0xff, 0xff, 0xc0, 0xfb, 0x00, 0x09, 0x03, 0xff, 0xfa, 0x22, 0x7f, 0xfe, 0x00, 0x7f, 0xfd, 0x44,
  0xfb, 0x00, 0x08, 0x02, 0xae, 0x20, 0x00, 0x2e, 0x88, 0x00, 0x00, 0x88, 0xf9, 0x00, 0x07, 0x06, 0x00, 0x00, 0x08, 0x88, 0x00, 0x01, 0x10, 0xe9,
  0x00, 0x04, 0x20, 0x00, 0x00, 0x20, 0x20, 0x81, 0x00, 0xca, 0x00, 0xfd, 0x00, 0x07, 0xff, 0xff, 0xfa, 0x00, 0x00, 0x7f, 0xff, 0xfc, 0xfa, 0x00,
  0x08, 0x02, 0xff, 0xff, 0xf2, 0x00, 0x00, 0x7f, 0xff, 0xfc, 0xfa, 0x00, 0x08, 0x02, 0xff, 0xff, 0xf8, 0x00, 0x00, 0x3f, 0xff, 0xfc, 0xfa, 0x00,
  0x08, 0x02, 0xff, 0xff, 0xf8, 0x00, 0x00, 0x3f, 0xff, 0xfc, 0xfa, 0x00, 0x09, 0x02, 0xff, 0xff, 0xe0, 0x00, 0x00, 0x0f, 0xff, 0xfc, 0x40, 0xfb,
  0x00, 0x09, 0x02, 0xff, 0xff, 0xe2, 0x00, 0x00, 0x4f, 0xff, 0xfc, 0x40, 0xfb, 0x00, 0x08, 0x02, 0xff, 0xff, 0xe0, 0x00, 0x00, 0x0f, 0xff, 0xfd,
  0xfa, 0x00, 0x08, 0x0b, 0xff, 0xff, 0xe0, 0x00, 0x00, 0x1f, 0xff, 0xff, 0xfa, 0x00, 0x09, 0x0f, 0xff, 0xff, 0xe0, 0x00, 0x00, 0x0f, 0xff, 0xff,
  0xc0, 0xfb, 0x00, 0x09, 0x2f, 0xff, 0xff, 0xe0, 0x00, 0x00, 0x1f, 0xff, 0xff, 0xc4, 0xfb, 0x00, 0x09, 0x3f, 0xff, 0xff, 0xe8, 0x00, 0x00, 0x3f,
  0xff, 0xff, 0xf0, 0xfb, 0x00, 0x09, 0xbf, 0xff, 0xff, 0xf8, 0x00, 0x01, 0x7f, 0xff, 0xff, 0xf0, 0xfb, 0x00, 0xfe, 0xff, 0x06, 0xf8, 0x00, 0x00,
  0x7f, 0xff, 0xff, 0xfc, 0xfc, 0x00, 0x00, 0x02, 0xfe, 0xff, 0x02, 0xfe, 0x00, 0x00, 0xfe, 0xff, 0x00, 0xfc, 0xfc, 0x00, 0x00, 0x02, 0xfe, 0xff,
  0x02, 0xfe, 0x00, 0x00, 0xfe, 0xff, 0x00, 0xfd, 0xfc, 0x00, 0x00, 0x02, 0xfe, 0xff, 0x02, 0xfc, 0x00, 0x01, 0xfd, 0xff, 0xfc, 0x00, 0x00, 0x03,
  0xfe, 0xff, 0x02, 0xf8, 0x00, 0x00, 0xfe, 0xff, 0x01, 0xfe, 0x40, 0xfd, 0x00, 0x00, 0x03, 0xfe, 0xff, 0x02, 0xfc, 0x00, 0x01, 0xfd, 0xff, 0x00,
  0x40, 0xfd, 0x00, 0x00, 0x03, 0xfe, 0xff, 0x02, 0xfc, 0x00, 0x00, 0xfd, 0xff, 0xfc, 0x00, 0x00, 0x0b, 0xfe, 0xff, 0x02, 0xfe, 0x00, 0x01, 0xfd,
  0xff, 0xfc, 0x00, 0x00, 0x03, 0xfe, 0xff, 0x02, 0xfe, 0x00, 0x03, 0xfd, 0xff, 0x00, 0xc0, 0xfd, 0x00, 0x00, 0x0f, 0xfe, 0xff, 0x02, 0xfe, 0x00,
  0x01, 0xfd, 0xff, 0x00, 0xc0, 0xfd, 0x00, 0x00, 0x07, 0xfe, 0xff, 0x02, 0xfc, 0x00, 0x00, 0xfd, 0xff, 0x00, 0xc0, 0xfd, 0x00, 0x00, 0x0f, 0xfe,
  0xff, 0x02, 0xfc, 0x00, 0x01, 0xfd, 0xff, 0x00, 0xc0, 0xfd, 0x00, 0x00, 0x07, 0xfe, 0xff, 0x02, 0xfc, 0x00, 0x00, 0xfd, 0xff, 0x00, 0xc0, 0xfd,
  0x00, 0x00, 0x2f, 0xfe, 0xff, 0x02, 0xfe, 0x00, 0x00, 0xfd, 0xff, 0x00, 0xc0, 0xfd, 0x00, 0x00, 0x0f, 0xfe, 0xff, 0x02, 0xfe, 0x00, 0x00, 0xfd,
  0xff, 0x00, 0xc0, 0xfd, 0x00, 0x00, 0x0f, 0xfe, 0xff, 0x02, 0xfe, 0x00, 0x00, 0xfd, 0xff, 0x00, 0xc0, 0xfd, 0x00, 0x00, 0x0f, 0xfe, 0xff, 0x02,
  0xfe, 0x00, 0x00, 0xfd, 0xff, 0x00, 0xc0, 0xfd, 0x00, 0x00, 0x2f, 0xfe, 0xff, 0x02, 0xfe, 0x00, 0x00, 0xfd, 0xff, 0x00, 0xc0, 0xfd, 0x00, 0x00,
  0x0f, 0xfe, 0xff, 0x02, 0xfe, 0x00, 0x00, 0xfd, 0xff, 0x00, 0xc0, 0xfd, 0x00, 0x00, 0x2f, 0xfe, 0xff, 0x02, 0xf8, 0x00, 0x00, 0xfd, 0xff, 0x00,
  0xc0, 0xfd, 0x00, 0x00, 0x0f, 0xfe, 0xff, 0x03, 0xfa, 0x20, 0x00, 0x7f, 0xfe, 0xff, 0x00, 0xc4, 0xfd, 0x00, 0x00, 0x2f, 0xfe, 0xff, 0x02, 0xfe,
  0x00, 0x00, 0xfd, 0xff, 0x00, 0xc0, 0xfd, 0x00, 0x00, 0x0f, 0xfe, 0xff, 0x02, 0xfe, 0x8a, 0x80, 0xfd, 0xff, 0x00, 0xc0, 0xfd, 0x00, 0x00, 0x0f,
  0xfe, 0xff, 0x02, 0xfe, 0x8e, 0x80, 0xfd, 0xff, 0x00, 0xc0, 0xfd, 0x00, 0x00, 0x0f, 0xfe, 0xff, 0x02, 0xfe, 0xff, 0xee, 0xfd, 0xff, 0x00, 0xc0,
  0xfd, 0x00, 0x00, 0x0f, 0xf7, 0xff, 0x00, 0xc0, 0xfd, 0x00, 0x00, 0x07, 0xf7, 0xff, 0x00, 0xc0, 0xfd, 0x00, 0x00, 0x0f, 0xf7, 0xff, 0x00, 0xc0,
  0xfd, 0x00, 0x00, 0x03, 0xf7, 0xff, 0x00, 0xc0, 0xfd, 0x00, 0x00, 0x03, 0xf7, 0xff, 0xfc, 0x00, 0x00, 0x03, 0xf7, 0xff, 0xfc, 0x00, 0x00, 0x03,
  0xf8, 0xff, 0x00, 0xfc, 0xfc, 0x00, 0x00, 0x02, 0xfe, 0xff, 0x00, 0xef, 0xfc, 0xff, 0x01, 0xf4, 0x40, 0xfd, 0x00, 0x0a, 0x02, 0x7f, 0xff, 0xff,
  0x0f, 0xff, 0xff, 0x8f, 0xff, 0xff, 0xf0, 0xfb, 0x00, 0x09, 0x3f, 0xff, 0xfe, 0x8b, 0xff, 0xff, 0x8b, 0xff, 0xff, 0xd0, 0xfb, 0x00, 0x09, 0x0f,
  0xff, 0xfa, 0x02, 0xff, 0xff, 0x82, 0x3f, 0xff, 0xc0, 0xfb, 0x00, 0x09, 0x02, 0xff, 0xe2, 0x02, 0x7f, 0xee, 0x00, 0x5f, 0xfc, 0x44, 0xfb, 0x00,
  0x08, 0x02, 0x2a, 0x20, 0x00, 0x2e, 0x88, 0x00, 0x00, 0x98, 0xf9, 0x00, 0x07, 0x08, 0x00, 0x00, 0x08, 0x88, 0x00, 0x00, 0x10, 0xe9, 0x00, 0x03,
  0x20, 0x00, 0x00, 0x22, 0x81, 0x00, 0xc9, 0x00, 0xfe, 0x00, 0x08, 0x01, 0xff, 0xff, 0xf8, 0x00, 0x00, 0x7f, 0xff, 0xfc, 0xfa, 0x00, 0x08, 0x03,
  0xff, 0xff, 0xf4, 0x00, 0x00, 0x7f, 0xff, 0xfc, 0xfa, 0x00, 0x08, 0x03, 0xff, 0xff, 0xea, 0x00, 0x00, 0x3f, 0xff, 0xfc, 0xfa, 0x00, 0x08, 0x02,
  0xff, 0xff, 0xf8, 0x00, 0x00, 0x1f, 0xff, 0xfe, 0xfa, 0x00, 0x09, 0x03, 0xff, 0xff, 0xe0, 0x00, 0x00, 0x0f, 0xff, 0xfc, 0x40, 0xfb, 0x00, 0x09,
  0x23, 0xff, 0xff, 0xe0, 0x00, 0x00, 0x4f, 0xff, 0xfe, 0x40, 0xfb, 0x00, 0x08, 0x07, 0xff, 0xff, 0xe0, 0x00, 0x00, 0x0f, 0xff, 0xff, 0xfa, 0x00,
  0x09, 0x0f, 0xff, 0xff, 0xe0, 0x00, 0x00, 0x1f, 0xff, 0xff, 0x80, 0xfb, 0x00, 0x09, 0x0f, 0xff, 0xff, 0xe0, 0x00, 0x00, 0x1f, 0xff, 0xff, 0xc0,
  0xfb, 0x00, 0x09, 0x3f, 0xff, 0xff, 0xe0, 0x00, 0x04, 0x7f, 0xff, 0xff, 0xc0, 0xfb, 0x00, 0x09, 0x3f, 0xff, 0xff, 0xf8, 0x00, 0x00, 0x3f, 0xff,
  0xff, 0xf0, 0xfb, 0x00, 0xfe, 0xff, 0x06, 0xf8, 0x00, 0x00, 0x7f, 0xff, 0xff, 0xf8, 0xfb, 0x00, 0xfe, 0xff, 0x06, 0xf8, 0x00, 0x00, 0x7f, 0xff,
  0xff, 0xfc, 0xfc, 0x00, 0x00, 0x02, 0xfe, 0xff, 0x06, 0xfe, 0x00, 0x00, 0x7f, 0xff, 0xff, 0xfc, 0xfc, 0x00, 0x00, 0x02, 0xfe, 0xff, 0x02, 0xf8,
  0x00, 0x00, 0xfd, 0xff, 0xfc, 0x00, 0x00, 0x03, 0xfe, 0xff, 0x02, 0xfc, 0x00, 0x01, 0xfd, 0xff, 0xfc, 0x00, 0x00, 0x03, 0xfe, 0xff, 0x02, 0xfc,
  0x00, 0x00, 0xfd, 0xff, 0xfc, 0x00, 0x00, 0x23, 0xfe, 0xff, 0x02, 0xfe, 0x00, 0x01, 0xfd, 0xff, 0xfc, 0x00, 0x00, 0x03, 0xfe, 0xff, 0x02, 0xfc,
  0x00, 0x01, 0xfd, 0xff, 0x00, 0x80, 0xfd, 0x00, 0x00, 0x0b, 0xfe, 0xff, 0x02, 0xfe, 0x00, 0x01, 0xfd, 0xff, 0x00, 0x80, 0xfd, 0x00, 0x00, 0x0f,
  0xfe, 0xff, 0x02, 0xfe, 0x00, 0x01, 0xfd, 0xff, 0x00, 0xc0, 0xfd, 0x00, 0x00, 0x2f, 0xfe, 0xff, 0x02, 0xfe, 0x00, 0x01, 0xfd, 0xff, 0x00, 0xc0,
  0xfd, 0x00, 0x00, 0x07, 0xfe, 0xff, 0x02, 0xfc, 0x00, 0x00, 0xfd, 0xff, 0x00, 0xe0, 0xfd, 0x00, 0x00, 0x0f, 0xfe, 0xff, 0x02, 0xfe, 0x00, 0x01,
  0xfd, 0xff, 0x00, 0xc0, 0xfd, 0x00, 0x00, 0x0f, 0xfe, 0xff, 0x02, 0xfe, 0x00, 0x01, 0xfd, 0xff, 0x00, 0xc4, 0xfd, 0x00, 0x00, 0x3f, 0xfe, 0xff,
  0x02, 0xfe, 0x00, 0x01, 0xfd, 0xff, 0x00, 0xe0, 0xfd, 0x00, 0x00, 0x0f, 0xfe, 0xff, 0x02, 0xfe, 0x00, 0x01, 0xfd, 0xff, 0x00, 0xf0, 0xfd, 0x00,
  0x00, 0x1f, 0xfe, 0xff, 0x02, 0xfc, 0x00, 0x01, 0xfd, 0xff, 0x00, 0xf0, 0xfd, 0x00, 0x00, 0x3f, 0xfe, 0xff, 0x02, 0xfe, 0x00, 0x01, 0xfd, 0xff,
  0x00, 0xe0, 0xfd, 0x00, 0x00, 0x3f, 0xfe, 0xff, 0x02, 0xfe, 0x00, 0x00, 0xfd, 0xff, 0x00, 0xe0, 0xfd, 0x00, 0x00, 0x3f, 0xfe, 0xff, 0x02, 0xfe,
  0x00, 0x00, 0xfd, 0xff, 0x00, 0xe0, 0xfd, 0x00, 0x00, 0x3f, 0xfe, 0xff, 0x02, 0xfc, 0x00, 0x01, 0xfd, 0xff, 0x00, 0xe0, 0xfd, 0x00, 0x00, 0x2f,
  0xfe, 0xff, 0x02, 0xfe, 0x00, 0x00, 0xfd, 0xff, 0x00, 0xe0, 0xfd, 0x00, 0x00, 0x3f, 0xfe, 0xff, 0x02, 0xfe, 0x00, 0x02, 0xfd, 0xff, 0x00, 0xe0,
  0xfd, 0x00, 0x00, 0x0f, 0xfe, 0xff, 0x02, 0xfe, 0x8a, 0x83, 0xfd, 0xff, 0x00, 0xf0, 0xfd, 0x00, 0x00, 0x0f, 0xfe, 0xff, 0x02, 0xfe, 0xff, 0xdb,
  0xfd, 0xff, 0x00, 0xf0, 0xfd, 0x00, 0x00, 0x0f, 0xf7, 0xff, 0x00, 0xe0, 0xfd, 0x00, 0x00, 0x2f, 0xf7, 0xff, 0x00, 0xc0, 0xfd, 0x00, 0x00, 0x0f,
  0xf7, 0xff, 0x00, 0xc0, 0xfd, 0x00, 0x00, 0x0f, 0xf7, 0xff, 0x00, 0xc0, 0xfd, 0x00, 0x00, 0x07, 0xf7, 0xff, 0x00, 0xc0, 0xfd, 0x00, 0x00, 0x03,
  0xf7, 0xff, 0x00, 0x80, 0xfd, 0x00, 0x00, 0x03, 0xf7, 0xff, 0x00, 0x80, 0xfd, 0x00, 0x00, 0x03, 0xf8, 0xff, 0x00, 0xfe, 0xfc, 0x00, 0x00, 0x03,
  0xf8, 0xff, 0x01, 0xfc, 0x40, 0xfd, 0x00, 0x00, 0x03, 0xfe, 0xff, 0x06, 0xaf, 0xff, 0xff, 0xbf, 0xff, 0xff, 0xf0, 0xfb, 0x00, 0x09, 0x7f, 0xff,
  0xff, 0x8b, 0xff, 0xff, 0x9f, 0xff, 0xff, 0xf0, 0xfb, 0x00, 0x09, 0x7f, 0xff, 0xfe, 0x83, 0xff, 0xfe, 0x8a, 0xff, 0xff, 0xc0, 0xfb, 0x00, 0x09,
  0x13, 0xff, 0xfa, 0x02, 0x7f, 0xfe, 0x40, 0x7f, 0xfe, 0x44, 0xfb, 0x00, 0x08, 0x23, 0xaa, 0xa2, 0x02, 0x3e, 0x88, 0x00, 0x00, 0x98, 0xf9, 0x00,
  0x07, 0x08, 0x00, 0x00, 0x0a, 0x88, 0x00, 0x01, 0x10, 0xf9, 0x00, 0x00, 0x08, 0xfe, 0x00, 0x00, 0x88, 0xf5, 0x00, 0x03, 0x20, 0x00, 0x00, 0x20,
  0x81, 0x00, 0xca, 0x00, 0xfe, 0x00, 0x08, 0x03, 0xff, 0xff, 0xf8, 0x00, 0x00, 0xff, 0xff, 0xfc, 0xfa, 0x00, 0x08, 0x03, 0xff, 0xff, 0xfc, 0x00,
  0x00, 0x7f, 0xff, 0xfe, 0xfa, 0x00, 0x08, 0x07, 0xff, 0xff, 0xfa, 0x00, 0x00, 0x3f, 0xff, 0xfe, 0xfa, 0x00, 0x08, 0x03, 0xff, 0xff, 0xf8, 0x00,
  0x01, 0x3f, 0xff, 0xfe, 0xfa, 0x00, 0x08, 0x03, 0xff, 0xff, 0xe8, 0x00, 0x00, 0x7f, 0xff, 0xfe, 0xfa, 0x00, 0x08, 0x27, 0xff, 0xff, 0xe0, 0x00,
  0x00, 0x7f, 0xff, 0xfe, 0xfa, 0x00, 0x09, 0x07, 0xff, 0xff, 0xe0, 0x00, 0x00, 0x0f, 0xff, 0xff, 0x80, 0xfb, 0x00, 0x09, 0x0f, 0xff, 0xff, 0xe0,
  0x00, 0x00, 0x1f, 0xff, 0xff, 0x80, 0xfb, 0x00, 0x09, 0x0f, 0xff, 0xff, 0xe0, 0x00, 0x00, 0x5f, 0xff, 0xff, 0xc0, 0xfb, 0x00, 0x09, 0x3f, 0xff,
  0xff, 0xf0, 0x00, 0x00, 0x7f, 0xff, 0xff, 0xf4, 0xfb, 0x00, 0x09, 0x3f, 0xff, 0xff, 0xf0, 0x00, 0x00, 0x3f, 0xff, 0xff, 0xf0, 0xfb, 0x00, 0xfe,
  0xff, 0x02, 0xf8, 0x00, 0x00, 0xfe, 0xff, 0x00, 0xf8, 0xfb, 0x00, 0xfe, 0xff, 0x02, 0xfe, 0x00, 0x00, 0xfe, 0xff, 0x00, 0xfc, 0xfc, 0x00, 0x00,
  0x02, 0xfe, 0xff, 0x02, 0xfe, 0x00, 0x00, 0xfe, 0xff, 0x00, 0xfc, 0xfc, 0x00, 0x00, 0x03, 0xfe, 0xff, 0x02, 0xfe, 0x00, 0x01, 0xfd, 0xff, 0xfc,
  0x00, 0x00, 0x03, 0xfe, 0xff, 0x02, 0xfe, 0x00, 0x01, 0xfd, 0xff, 0xfc, 0x00, 0x00, 0x03, 0xfe, 0xff, 0x02, 0xfe, 0x00, 0x03, 0xfd, 0xff, 0xfc,
  0x00, 0x00, 0x23, 0xfe, 0xff, 0x02, 0xfe, 0x00, 0x07, 0xfd, 0xff, 0x00, 0x80, 0xfd, 0x00, 0x00, 0x27, 0xfe, 0xff, 0x02, 0xfe, 0x00, 0x03, 0xfd,
  0xff, 0x00, 0xc0, 0xfd, 0x00, 0x00, 0x0f, 0xfe, 0xff, 0x02, 0xfe, 0x00, 0x01, 0xfd, 0xff, 0x00, 0xc0, 0xfd, 0x00, 0x00, 0x0f, 0xfe, 0xff, 0x02,
  0xfe, 0x00, 0x01, 0xfd, 0xff, 0x00, 0xc0, 0xfd, 0x00, 0x00, 0x2f, 0xfe, 0xff, 0x02, 0xfe, 0x00, 0x07, 0xfd, 0xff, 0x00, 0xc0, 0xfd, 0x00, 0x00,
  0x0f, 0xfe, 0xff, 0x02, 0xfc, 0x00, 0x01, 0xfd, 0xff, 0x00, 0xc0, 0xfd, 0x00, 0x00, 0x0f, 0xfe, 0xff, 0x02, 0xfe, 0x00, 0x01, 0xfd, 0xff, 0x00,
  0xe0, 0xfd, 0x00, 0x00, 0x0f, 0xfe, 0xff, 0x02, 0xfe, 0x00, 0x03, 0xfd, 0xff, 0x00, 0xe0, 0xfd, 0x00, 0x00, 0x2f, 0xfe, 0xff, 0x02, 0xfe, 0x00,
  0x03, 0xfd, 0xff, 0x00, 0xe0, 0xfd, 0x00, 0x00, 0x1f, 0xfe, 0xff, 0x02, 0xfe, 0x00, 0x01, 0xfd, 0xff, 0x00, 0xe0, 0xfd, 0x00, 0x00, 0x3f, 0xfe,
  0xff, 0x02, 0xfe, 0x00, 0x01, 0xfd, 0xff, 0x00, 0xc0, 0xfd, 0x00, 0x00, 0x1f, 0xfe, 0xff, 0x02, 0xfe, 0x00, 0x01, 0xfd, 0xff, 0x00, 0xe4, 0xfd,
  0x00, 0x00, 0x3f, 0xfe, 0xff, 0x02, 0xfe, 0x00, 0x01, 0xfd, 0xff, 0x00, 0xe0, 0xfd, 0x00, 0x00, 0x3f, 0xfe, 0xff, 0x02, 0xfe, 0x00, 0x01, 0xfd,
  0xff, 0x00, 0xe0, 0xfd, 0x00, 0x00, 0x2f, 0xfe, 0xff, 0x02, 0xfe, 0x00, 0x01, 0xfd, 0xff, 0x00, 0xc0, 0xfd, 0x00, 0x00, 0x2f, 0xfe, 0xff, 0x02,
  0xfe, 0x00, 0x03, 0xfd, 0xff, 0x00, 0xe4, 0xfd, 0x00, 0x00, 0x2f, 0xfe, 0xff, 0x02, 0xfe, 0x00, 0x03, 0xfd, 0xff, 0x00, 0xe0, 0xfd, 0x00, 0x00,
  0x2f, 0xfd, 0xff, 0x01, 0xaa, 0x9b, 0xfd, 0xff, 0x00, 0xf0, 0xfd, 0x00, 0x00, 0x3f, 0xf7, 0xff, 0x00, 0xf0, 0xfd, 0x00, 0x00, 0x3f, 0xf7, 0xff,
  0x00, 0xe0, 0xfd, 0x00, 0x00, 0x2f, 0xf7, 0xff, 0x00, 0xc0, 0xfd, 0x00, 0x00, 0x0f, 0xf7, 0xff, 0x00, 0xc0, 0xfd, 0x00, 0x00, 0x0f, 0xf7, 0xff,
  0x00, 0xc0, 0xfd, 0x00, 0x00, 0x07, 0xf7, 0xff, 0x00, 0xc0, 0xfd, 0x00, 0x00, 0x27, 0xf7, 0xff, 0xfc, 0x00, 0x00, 0x07, 0xf7, 0xff, 0xfc, 0x00,
  0x00, 0x0b, 0xf8, 0xff, 0x00, 0xfe, 0xfc, 0x00, 0x00, 0x03, 0xf8, 0xff, 0x01, 0xfc, 0x40, 0xfd, 0x00, 0x00, 0x03, 0xf8, 0xff, 0x00, 0xf8, 0xfb,
  0x00, 0x09, 0x7f, 0xff, 0xff, 0x8f, 0xff, 0xff, 0x9f, 0xff, 0xff, 0xf8, 0xfb, 0x00, 0x09, 0x7f, 0xff, 0xfe, 0x83, 0xff, 0xff, 0x8a, 0xff, 0xff,
  0xc0, 0xfb, 0x00, 0x09, 0x1f, 0xff, 0xfe, 0x02, 0xff, 0xfe, 0x64, 0x7f, 0xff, 0xc4, 0xfb, 0x00, 0x08, 0x22, 0xef, 0xea, 0x02, 0x3f, 0xe8, 0x00,
  0x00, 0xf8, 0xf9, 0x00, 0x07, 0x8e, 0x80, 0x00, 0x1f, 0xe8, 0x00, 0x11, 0xd8, 0xf9, 0x00, 0x07, 0x8e, 0x00, 0x00, 0x0a, 0xa8, 0x00, 0x00, 0x80,
  0xf9, 0x00, 0x07, 0x22, 0x20, 0x02, 0x22, 0x20, 0x00, 0x00, 0x40, 0x81, 0x00, 0xcd, 0x00, 0xfe, 0x00, 0x08, 0x01, 0xff, 0xff, 0xf8, 0x00, 0x00,
  0xff, 0xff, 0xfc, 0xfa, 0x00, 0x08, 0x03, 0xff, 0xff, 0xf0, 0x00, 0x00, 0x7f, 0xff, 0xfe, 0xfa, 0x00, 0x08, 0x03, 0xff, 0xff, 0xe2, 0x00, 0x00,
  0x3f, 0xff, 0xfe, 0xfa, 0x00, 0x08, 0x03, 0xff, 0xff, 0xf8, 0x00, 0x01, 0x7f, 0xff, 0xff, 0xfa, 0x00, 0x08, 0x03, 0xff, 0xff, 0xe8, 0x00, 0x00,
  0x3f, 0xff, 0xfe, 0xfa, 0x00, 0x08, 0x03, 0xff, 0xff, 0xe0, 0x00, 0x00, 0x7f, 0xff, 0xff, 0xfa, 0x00, 0x09, 0x07, 0xff, 0xff, 0xe0, 0x00, 0x00,
  0x3f, 0xff, 0xff, 0x80, 0xfb, 0x00, 0x09, 0x0f, 0xff, 0xff, 0xe0, 0x00, 0x00, 0x3f, 0xff, 0xff, 0xc0, 0xfb, 0x00, 0x09, 0x0f, 0xff, 0xff, 0xe0,
  0x00, 0x00, 0x7f, 0xff, 0xff, 0xc4, 0xfb, 0x00, 0x09, 0x3f, 0xff, 0xff, 0xf0, 0x00, 0x00, 0x7f, 0xff, 0xff, 0xf4, 0xfb, 0x00, 0x09, 0x7f, 0xff,
  0xff, 0xf8, 0x00, 0x00, 0x7f, 0xff, 0xff, 0xf0, 0xfb, 0x00, 0xfe, 0xff, 0x02, 0xf8, 0x00, 0x01, 0xfe, 0xff, 0x00, 0xf8, 0xfb, 0x00, 0xfe, 0xff,
  0x02, 0xfc, 0x00, 0x00, 0xfe, 0xff, 0x00, 0xfc, 0xfc, 0x00, 0x00, 0x03, 0xfe, 0xff, 0x02, 0xfe, 0x00, 0x01, 0xfe, 0xff, 0x00, 0xfc, 0xfc, 0x00,
  0x00, 0x03, 0xfe, 0xff, 0x02, 0xfe, 0x00, 0x01, 0xfd, 0xff, 0xfc, 0x00, 0x00, 0x03, 0xfe, 0xff, 0x02, 0xfe, 0x00, 0x01, 0xfd, 0xff, 0xfc, 0x00,
  0x00, 0x07, 0xfe, 0xff, 0x02, 0xfe, 0x00, 0x03, 0xfd, 0xff, 0xfc, 0x00, 0x00, 0x23, 0xfe, 0xff, 0x02, 0xfe, 0x00, 0x07, 0xfd, 0xff, 0x00, 0xc0,
  0xfd, 0x00, 0x00, 0x27, 0xfe, 0xff, 0x02, 0xfc, 0x00, 0x03, 0xfd, 0xff, 0x00, 0x80, 0xfd, 0x00, 0x00, 0x0f, 0xfe, 0xff, 0x02, 0xfe, 0x00, 0x03,
  0xfd, 0xff, 0x00, 0xc0, 0xfd, 0x00, 0x00, 0x0f, 0xfe, 0xff, 0x02, 0xfe, 0x00, 0x03, 0xfd, 0xff, 0x00, 0xc0, 0xfd, 0x00, 0x00, 0x2f, 0xfe, 0xff,
  0x02, 0xfe, 0x00, 0x07, 0xfd, 0xff, 0x00, 0xc0, 0xfd, 0x00, 0x00, 0x3f, 0xfe, 0xff, 0x02, 0xfe, 0x00, 0x01, 0xfd, 0xff, 0x00, 0xe0, 0xfd, 0x00,
  0x00, 0x3f, 0xfe, 0xff, 0x02, 0xfe, 0x00, 0x03, 0xfd, 0xff, 0x00, 0xe0, 0xfd, 0x00, 0x00, 0x3f, 0xfe, 0xff, 0x02, 0xfe, 0x00, 0x03, 0xfd, 0xff,
  0x00, 0xe0, 0xfd, 0x00, 0x00, 0x3f, 0xfe, 0xff, 0x02, 0xfe, 0x00, 0x07, 0xfd, 0xff, 0x00, 0xe0, 0xfd, 0x00, 0x00, 0x3f, 0xfe, 0xff, 0x02, 0xfe,
  0x00, 0x01, 0xfd, 0xff, 0x00, 0xf0, 0xfd, 0x00, 0x00, 0x3f, 0xfe, 0xff, 0x02, 0xfe, 0x00, 0x01, 0xfd, 0xff, 0x00, 0xf0, 0xfd, 0x00, 0x00, 0x3f,
  0xfe, 0xff, 0x02, 0xfe, 0x00, 0x05, 0xfd, 0xff, 0x00, 0xfc, 0xfd, 0x00, 0x00, 0x3f, 0xfe, 0xff, 0x02, 0xfe, 0x00, 0x03, 0xfd, 0xff, 0x00, 0xf0,
  0xfd, 0x00, 0x00, 0x3f, 0xfe, 0xff, 0x02, 0xfe, 0x00, 0x01, 0xfd, 0xff, 0x00, 0xf0, 0xfd, 0x00, 0x00, 0x3f, 0xfe, 0xff, 0x02, 0xfe, 0x00, 0x01,
  0xfd, 0xff, 0x00, 0xe0, 0xfd, 0x00, 0x00, 0x3f, 0xfe, 0xff, 0x02, 0xfe, 0x00, 0x07, 0xfd, 0xff, 0x00, 0xe4, 0xfd, 0x00, 0x00, 0x3f, 0xfd, 0xff,
  0x01, 0x00, 0x07, 0xfd, 0xff, 0x00, 0xe0, 0xfd, 0x00, 0x00, 0x3f, 0xfd, 0xff, 0x01, 0xaa, 0x8b, 0xfd, 0xff, 0x00, 0xf0, 0xfd, 0x00, 0x00, 0x3f,
  0xf7, 0xff, 0x00, 0xf0, 0xfd, 0x00, 0x00, 0x3f, 0xf7, 0xff, 0x00, 0xe4, 0xfd, 0x00, 0x00, 0x2f, 0xf7, 0xff, 0x00, 0xc0, 0xfd, 0x00, 0x00, 0x0f,
  0xf7, 0xff, 0x00, 0xc0, 0xfd, 0x00, 0x00, 0x0f, 0xf7, 0xff, 0x00, 0xc0, 0xfd, 0x00, 0x00, 0x07, 0xf7, 0xff, 0x00, 0x40, 0xfd, 0x00, 0x00, 0x2f,
  0xf7, 0xff, 0xfc, 0x00, 0x00, 0x07, 0xf7, 0xff, 0x00, 0x80, 0xfd, 0x00, 0x00, 0x0b, 0xf8, 0xff, 0x00, 0xfe, 0xfc, 0x00, 0x00, 0x03, 0xf8, 0xff,
  0x01, 0xfc, 0x40, 0xfd, 0x00, 0x00, 0x03, 0xf8, 0xff, 0x00, 0xf0, 0xfb, 0x00, 0xfe, 0xff, 0x06, 0xef, 0xff, 0xff, 0xdf, 0xff, 0xff, 0xf0, 0xfb,
  0x00, 0x09, 0xff, 0xff, 0xfe, 0x23, 0xff, 0xff, 0x2b, 0xff, 0xff, 0xc0, 0xfb, 0x00, 0x09, 0x3f, 0xff, 0xfa, 0x23, 0x7f, 0xfe, 0x00, 0x7f, 0xff,
  0xc4, 0xfb, 0x00, 0x08, 0x2b, 0xfb, 0xe2, 0x02, 0x3f, 0xf8, 0x00, 0x0f, 0xf8, 0xf9, 0x00, 0x07, 0x8e, 0x80, 0x00, 0x1f, 0xd8, 0x00, 0x11, 0xd8,
  0xf9, 0x00, 0x07, 0x08, 0x00, 0x00, 0x0a, 0x88, 0x00, 0x00, 0x88, 0xf9, 0x00, 0x07, 0x22, 0x20, 0x00, 0x20, 0x20, 0x00, 0x00, 0x40, 0x81, 0x00,
  0xcd, 0x00, 0xfe, 0x00, 0x08, 0x03, 0xff, 0xff, 0xf8, 0x00, 0x00, 0xff, 0xff, 0xfc, 0xfa, 0x00, 0x08, 0x03, 0xff, 0xff, 0xfc, 0x00, 0x00, 0x7f,
  0xff, 0xfe, 0xfa, 0x00, 0x08, 0x03, 0xff, 0xff, 0xf8, 0x00, 0x00, 0x7f, 0xff, 0xfc, 0xfa, 0x00, 0x08, 0x03, 0xff, 0xff, 0xf8, 0x00, 0x01, 0x7f,
  0xff, 0xff, 0xfa, 0x00, 0x08, 0x03, 0xff, 0xff, 0xe0, 0x00, 0x00, 0x7f, 0xff, 0xfe, 0xfa, 0x00, 0x09, 0x07, 0xff, 0xff, 0xe0, 0x00, 0x00, 0x7f,
  0xff, 0xff, 0x40, 0xfb, 0x00, 0x08, 0x07, 0xff, 0xff, 0xe0, 0x00, 0x00, 0x1f, 0xff, 0xff, 0xfa, 0x00, 0x09, 0x0f, 0xff, 0xff, 0xe0, 0x00, 0x00,
  0x3f, 0xff, 0xff, 0xc0, 0xfb, 0x00, 0x09, 0x0f, 0xff, 0xff, 0xe0, 0x00, 0x00, 0x7f, 0xff, 0xff, 0xc4, 0xfb, 0x00, 0x09, 0x7f, 0xff, 0xff, 0xf0,
  0x00, 0x00, 0x7f, 0xff, 0xff, 0xf4, 0xfb, 0x00, 0x05, 0x7f, 0xff, 0xff, 0xf8, 0x00, 0x00, 0xfe, 0xff, 0x00, 0xf0, 0xfb, 0x00, 0xfe, 0xff, 0x02,
  0xf8, 0x00, 0x01, 0xfe, 0xff, 0x00, 0xf8, 0xfb, 0x00, 0xfe, 0xff, 0x02, 0xfe, 0x00, 0x00, 0xfe, 0xff, 0x00, 0xfc, 0xfc, 0x00, 0x00, 0x03, 0xfe,
  0xff, 0x02, 0xfe, 0x00, 0x01, 0xfe, 0xff, 0x00, 0xfc, 0xfc, 0x00, 0x00, 0x03, 0xfe, 0xff, 0x02, 0xfe, 0x00, 0x01, 0xfe, 0xff, 0x00, 0xfd, 0xfc,
  0x00, 0x00, 0x03, 0xfe, 0xff, 0x02, 0xfe, 0x00, 0x01, 0xfd, 0xff, 0xfc, 0x00, 0x00, 0x07, 0xfe, 0xff, 0x02, 0xfe, 0x00, 0x03, 0xfd, 0xff, 0xfc,
  0x00, 0x00, 0x2f, 0xfe, 0xff, 0x02, 0xfe, 0x00, 0x07, 0xfd, 0xff, 0x00, 0xc0, 0xfd, 0x00, 0x00, 0x0f, 0xfe, 0xff, 0x02, 0xfc, 0x00, 0x03, 0xfd,
  0xff, 0x00, 0x80, 0xfd, 0x00, 0x00, 0x0f, 0xfe, 0xff, 0x02, 0xfe, 0x00, 0x03, 0xfd, 0xff, 0x00, 0xc0, 0xfd, 0x00, 0x00, 0x0f, 0xfe, 0xff, 0x02,
  0xfe, 0x00, 0x03, 0xfd, 0xff, 0x00, 0xc0, 0xfd, 0x00, 0x00, 0x2f, 0xfe, 0xff, 0x02, 0xfe, 0x00, 0x07, 0xfd, 0xff, 0x00, 0xc0, 0xfd, 0x00, 0x00,
  0x0f, 0xfe, 0xff, 0x02, 0xfc, 0x00, 0x01, 0xfd, 0xff, 0x00, 0xc0, 0xfd, 0x00, 0x00, 0x0f, 0xfe, 0xff, 0x02, 0xfe, 0x00, 0x01, 0xfd, 0xff, 0x00,
  0xc0, 0xfd, 0x00, 0x00, 0x0f, 0xfe, 0xff, 0x02, 0xfe, 0x00, 0x03, 0xfd, 0xff, 0x00, 0xc4, 0xfd, 0x00, 0x00, 0x0f, 0xfe, 0xff, 0x02, 0xfe, 0x00,
  0x07, 0xfd, 0xff, 0x00, 0xe0, 0xfd, 0x00, 0x00, 0x0f, 0xfe, 0xff, 0x02, 0xfe, 0x00, 0x01, 0xfd, 0xff, 0x00, 0xe0, 0xfd, 0x00, 0x00, 0x0f, 0xfe,
  0xff, 0x02, 0xfe, 0x00, 0x01, 0xfd, 0xff, 0x00, 0xc0, 0xfd, 0x00, 0x00, 0x1f, 0xfe, 0xff, 0x02, 0xfe, 0x00, 0x01, 0xfd, 0xff, 0x00, 0xe4, 0xfd,
  0x00, 0x00, 0x3f, 0xfe, 0xff, 0x02, 0xfe, 0x00, 0x03, 0xfd, 0xff, 0x00, 0xf0, 0xfd, 0x00, 0x00, 0x3f, 0xfe, 0xff, 0x02, 0xfe, 0x00, 0x01, 0xfd,
  0xff, 0x00, 0xe0, 0xfd, 0x00, 0x00, 0x3f, 0xfe, 0xff, 0x02, 0xfe, 0x00, 0x01, 0xfd, 0xff, 0x00, 0xe0, 0xfd, 0x00, 0x00, 0x3f, 0xfe, 0xff, 0x02,
  0xfe, 0x00, 0x03, 0xfd, 0xff, 0x00, 0xe4, 0xfd, 0x00, 0x00, 0x3f, 0xfe, 0xff, 0x02, 0xfe, 0x00, 0x03, 0xfd, 0xff, 0x00, 0xf0, 0xfd, 0x00, 0x00,
  0x3f, 0xfd, 0xff, 0x01, 0xaa, 0x8b, 0xfd, 0xff, 0x00, 0xf0, 0xfd, 0x00, 0x00, 0x2f, 0xf7, 0xff, 0x00, 0xd0, 0xfd, 0x00, 0x00, 0x3f, 0xf7, 0xff,
  0x00, 0xc0, 0xfd, 0x00, 0x00, 0x2f, 0xf7, 0xff, 0x00, 0xc0, 0xfd, 0x00, 0x00, 0x0f, 0xf7, 0xff, 0x00, 0xc0, 0xfd, 0x00, 0x00, 0x0f, 0xf7, 0xff,
  0x00, 0xc0, 0xfd, 0x00, 0x00, 0x07, 0xf7, 0xff, 0x00, 0x40, 0xfd, 0x00, 0x00, 0x07, 0xf7, 0xff, 0xfc, 0x00, 0x00, 0x07, 0xf7, 0xff, 0xfc, 0x00,
  0x00, 0x0b, 0xf8, 0xff, 0x00, 0xfc, 0xfc, 0x00, 0x00, 0x03, 0xf8, 0xff, 0x01, 0xfc, 0x40, 0xfd, 0x00, 0x00, 0x23, 0xf8, 0xff, 0x00, 0xf0, 0xfb,
  0x00, 0xfe, 0xff, 0x06, 0xef, 0xff, 0xff, 0xdf, 0xff, 0xff, 0xf0, 0xfb, 0x00, 0x09, 0x7f, 0xff, 0xfe, 0x22, 0xff, 0xfe, 0x2b, 0xff, 0xff, 0xc0,
  0xfb, 0x00, 0x09, 0x3b, 0xff, 0xfa, 0x22, 0x7f, 0xfe, 0x04, 0x7f, 0xfe, 0x44, 0xfb, 0x00, 0x08, 0x0b, 0xff, 0xe2, 0x02, 0x3f, 0xf8, 0x00, 0x0f,
  0xfc, 0xfa, 0x00, 0x08, 0x08, 0xcf, 0x80, 0x00, 0x1f, 0xd8, 0x00, 0x15, 0xf8, 0xf9, 0x00, 0x07, 0x0e, 0x00, 0x00, 0x0a, 0xa8, 0x00, 0x00, 0x80,
  0xf9, 0x00, 0x07, 0x22, 0x20, 0x00, 0x22, 0x20, 0x00, 0x00, 0x40, 0xf6, 0x00, 0x00, 0x02, 0x81, 0x00, 0xd9, 0x00, 0xfe, 0x00, 0x08, 0x01, 0xff,
  0xff, 0xf8, 0x00, 0x00, 0xff, 0xff, 0xfc, 0xfa, 0x00, 0x09, 0x03, 0xff, 0xff, 0xf8, 0x00, 0x00, 0x7f, 0xff, 0xfc, 0x40, 0xfb, 0x00, 0x08, 0x03,
  0xff, 0xff, 0xf8, 0x00, 0x00, 0xff, 0xff, 0xfc, 0xfa, 0x00, 0x08, 0x03, 0xff, 0xff, 0xf8, 0x00, 0x01, 0x7f, 0xff, 0xff, 0xfa, 0x00, 0x08, 0x03,
  0xff, 0xff, 0xe0, 0x00, 0x00, 0x7f, 0xff, 0xfd, 0xfa, 0x00, 0x09, 0x03, 0xff, 0xff, 0xe0, 0x00, 0x00, 0x7f, 0xff, 0xff, 0x40, 0xfb, 0x00, 0x09,
  0x07, 0xff, 0xff, 0xe0, 0x00, 0x00, 0x3f, 0xff, 0xff, 0x40, 0xfb, 0x00, 0x09, 0x0f, 0xff, 0xff, 0xf8, 0x00, 0x01, 0x3f, 0xff, 0xff, 0xc0, 0xfb,
  0x00, 0x09, 0x2f, 0xff, 0xff, 0xf0, 0x00, 0x00, 0x7f, 0xff, 0xff, 0xc4, 0xfc, 0x00, 0x0a, 0x02, 0x3f, 0xff, 0xff, 0xf8, 0x00, 0x00, 0x7f, 0xff,
  0xff, 0xf4, 0xfc, 0x00, 0x06, 0x02, 0x7f, 0xff, 0xff, 0xf8, 0x00, 0x00, 0xfe, 0xff, 0x00, 0xf4, 0xfc, 0x00, 0x00, 0x02, 0xfe, 0xff, 0x02, 0xf8,
  0x00, 0x01, 0xfe, 0xff, 0x00, 0xfc, 0xfb, 0x00, 0xfe, 0xff, 0x02, 0xf8, 0x00, 0x00, 0xfe, 0xff, 0x01, 0xfc, 0x40, 0xfd, 0x00, 0x00, 0x23, 0xfe,
  0xff, 0x02, 0xfe, 0x00, 0x01, 0xfe, 0xff, 0x00, 0xfc, 0xfc, 0x00, 0x00, 0x03, 0xfe, 0xff, 0x02, 0xfe, 0x00, 0x01, 0xfd, 0xff, 0xfc, 0x00, 0x00,
  0x03, 0xfe, 0xff, 0x02, 0xfe, 0x00, 0x01, 0xfd, 0xff, 0xfc, 0x00, 0x00, 0x0f, 0xfe, 0xff, 0x02, 0xfe, 0x00, 0x03, 0xfd, 0xff, 0xfc, 0x00, 0x00,
  0x2f, 0xfe, 0xff, 0x02, 0xfe, 0x00, 0x07, 0xfd, 0xff, 0x00, 0xc0, 0xfd, 0x00, 0x00, 0x0f, 0xfe, 0xff, 0x02, 0xfe, 0x00, 0x03, 0xfd, 0xff, 0x00,
  0xc0, 0xfd, 0x00, 0x00, 0x0f, 0xfe, 0xff, 0x02, 0xfe, 0x00, 0x07, 0xfd, 0xff, 0x00, 0xc0, 0xfd, 0x00, 0x00, 0x0f, 0xfe, 0xff, 0x02, 0xfe, 0x00,
  0x03, 0xfd, 0xff, 0x00, 0xc0, 0xfd, 0x00, 0x00, 0x2f, 0xfe, 0xff, 0x02, 0xfe, 0x00, 0x07, 0xfd, 0xff, 0x00, 0xc0, 0xfd, 0x00, 0x00, 0x3f, 0xfe,
  0xff, 0x02, 0xfe, 0x00, 0x03, 0xfd, 0xff, 0x00, 0xd0, 0xfd, 0x00, 0x00, 0x3f, 0xfe, 0xff, 0x02, 0xfe, 0x00, 0x07, 0xfd, 0xff, 0x00, 0xc0, 0xfd,
  0x00, 0x00, 0x3f, 0xfe, 0xff, 0x02, 0xfe, 0x00, 0x03, 0xfd, 0xff, 0x00, 0xe4, 0xfd, 0x00, 0x00, 0x3f, 0xfe, 0xff, 0x02, 0xfe, 0x00, 0x07, 0xfd,
  0xff, 0x00, 0xe0, 0xfd, 0x00, 0x00, 0x1f, 0xfe, 0xff, 0x02, 0xfe, 0x00, 0x03, 0xfd, 0xff, 0x00, 0xf0, 0xfd, 0x00, 0x00, 0x3f, 0xfe, 0xff, 0x02,
  0xfe, 0x00, 0x03, 0xfd, 0xff, 0x00, 0xf0, 0xfd, 0x00, 0x00, 0x3f, 0xfe, 0xff, 0x02, 0xfe, 0x00, 0x03, 0xfd, 0xff, 0x00, 0xf4, 0xfd, 0x00, 0x00,
  0x3f, 0xfe, 0xff, 0x02, 0xfe, 0x00, 0x07, 0xfd, 0xff, 0x00, 0xf4, 0xfd, 0x00, 0x00, 0x3f, 0xfe, 0xff, 0x02, 0xfe, 0x00, 0x03, 0xfd, 0xff, 0x00,
  0xf0, 0xfd, 0x00, 0x00, 0x3f, 0xfe, 0xff, 0x02, 0xfe, 0x00, 0x03, 0xfd, 0xff, 0x00, 0xf0, 0xfd, 0x00, 0x00, 0x3f, 0xfe, 0xff, 0x02, 0xfe, 0x22,
  0x07, 0xfd, 0xff, 0x00, 0xf4, 0xfd, 0x00, 0x00, 0x3f, 0xfe, 0xff, 0x02, 0xfe, 0x20, 0x07, 0xfd, 0xff, 0x00, 0xf0, 0xfd, 0x00, 0x00, 0x1f, 0xfd,
  0xff, 0x01, 0xaa, 0x8f, 0xfd, 0xff, 0x00, 0xf0, 0xfd, 0x00, 0x00, 0x3f, 0xf7, 0xff, 0x00, 0xc0, 0xfd, 0x00, 0x00, 0x1f, 0xf7, 0xff, 0x00, 0xc4,
  0xfd, 0x00, 0x00, 0x2f, 0xf7, 0xff, 0x00, 0xc0, 0xfd, 0x00, 0x00, 0x0f, 0xf7, 0xff, 0x00, 0xd0, 0xfd, 0x00, 0x00, 0x0f, 0xf7, 0xff, 0x00, 0xd0,
  0xfd, 0x00, 0x00, 0x07, 0xf7, 0xff, 0x00, 0xc0, 0xfd, 0x00, 0x00, 0x0f, 0xf7, 0xff, 0xfc, 0x00, 0x00, 0x07, 0xf7, 0xff, 0xfc, 0x00, 0x00, 0x0f,
  0xf8, 0xff, 0x00, 0xfe, 0xfc, 0x00, 0x00, 0x03, 0xf8, 0xff, 0x01, 0xfc, 0x40, 0xfd, 0x00, 0x00, 0x23, 0xf8, 0xff, 0x00, 0xfc, 0xfb, 0x00, 0x03,
  0xff, 0xff, 0xfe, 0xef, 0xfc, 0xff, 0x00, 0xf4, 0xfb, 0x00, 0x09, 0x7f, 0xff, 0xfe, 0x23, 0xff, 0xfe, 0x23, 0xff, 0xff, 0xc0, 0xfb, 0x00, 0x09,
  0x3f, 0xff, 0xfa, 0x23, 0xff, 0xfe, 0x05, 0x7f, 0xff, 0x44, 0xfb, 0x00, 0x08, 0x2b, 0xff, 0xe2, 0x02, 0xaf, 0xf8, 0x00, 0x0f, 0xfc, 0xfa, 0x00,
  0x08, 0x01, 0xfe, 0x88, 0x00, 0x8f, 0x98, 0x00, 0x0d, 0xf8, 0xf9, 0x00, 0x04, 0x6e, 0x00, 0x00, 0x02, 0xa0, 0xf6, 0x00, 0x04, 0x02, 0x20, 0x00,
  0x00, 0x20, 0xf3, 0x00, 0x00, 0x02, 0x81, 0x00, 0xd9, 0x00, 0xfe, 0x00, 0x09, 0x03, 0xff, 0xff, 0xf8, 0x00, 0x01, 0xff, 0xff, 0xfc, 0x40, 0xfb,
  0x00, 0x09, 0x03, 0xff, 0xff, 0xfc, 0x00, 0x01, 0xff, 0xff, 0xfe, 0x40, 0xfb, 0x00, 0x08, 0x07, 0xff, 0xff, 0xfc, 0x00, 0x00, 0xff, 0xff, 0xfd,
  0xfa, 0x00, 0x08, 0x03, 0xff, 0xff, 0xfc, 0x00, 0x01, 0x7f, 0xff, 0xff, 0xfa, 0x00, 0x08, 0x03, 0xff, 0xff, 0xf0, 0x00, 0x00, 0x7f, 0xff, 0xfd,
  0xfa, 0x00, 0x09, 0x07, 0xff, 0xff, 0xe0, 0x00, 0x00, 0x7f, 0xff, 0xff, 0x40, 0xfb, 0x00, 0x09, 0x0f, 0xff, 0xff, 0xe0, 0x00, 0x00, 0x3f, 0xff,
  0xff, 0xd0, 0xfb, 0x00, 0x09, 0x2f, 0xff, 0xff, 0xf8, 0x00, 0x01, 0x7f, 0xff, 0xff, 0xc0, 0xfb, 0x00, 0x09, 0x3f, 0xff, 0xff, 0xf8, 0x00, 0x00,
  0x7f, 0xff, 0xff, 0xd4, 0xfc, 0x00, 0x0a, 0x02, 0x3f, 0xff, 0xff, 0xfc, 0x00, 0x04, 0x7f, 0xff, 0xff, 0xfc, 0xfc, 0x00, 0x06, 0x02, 0x7f, 0xff,
  0xff, 0xfc, 0x00, 0x00, 0xfe, 0xff, 0x00, 0xfc, 0xfc, 0x00, 0x00, 0x02, 0xfe, 0xff, 0x02, 0xfc, 0x00, 0x01, 0xfe, 0xff, 0x00, 0xfc, 0xfc, 0x00,
  0x00, 0x02, 0xfe, 0xff, 0x02, 0xf8, 0x00, 0x00, 0xfe, 0xff, 0x01, 0xfc, 0x40, 0xfd, 0x00, 0x00, 0x23, 0xfe, 0xff, 0x02, 0xfe, 0x00, 0x01, 0xfe,
  0xff, 0x01, 0xfe, 0x40, 0xfd, 0x00, 0x00, 0x23, 0xfe, 0xff, 0x02, 0xfe, 0x00, 0x01, 0xfd, 0xff, 0xfc, 0x00, 0x00, 0x0b, 0xfe, 0xff, 0x02, 0xfe,
  0x00, 0x03, 0xfd, 0xff, 0xfc, 0x00, 0x00, 0x0f, 0xfe, 0xff, 0x02, 0xfe, 0x00, 0x03, 0xfd, 0xff, 0x00, 0x40, 0xfd, 0x00, 0x00, 0x2f, 0xfe, 0xff,
  0x02, 0xfe, 0x00, 0x07, 0xfd, 0xff, 0x00, 0xc0, 0xfd, 0x00, 0x00, 0x0f, 0xfe, 0xff, 0x02, 0xfe, 0x00, 0x03, 0xfd, 0xff, 0x00, 0xc0, 0xfd, 0x00,
  0x00, 0x0f, 0xfe, 0xff, 0x02, 0xfe, 0x00, 0x07, 0xfd, 0xff, 0x00, 0xc0, 0xfd, 0x00, 0x00, 0x1f, 0xfe, 0xff, 0x02, 0xfe, 0x00, 0x03, 0xfd, 0xff,
  0x00, 0xc4, 0xfd, 0x00, 0x00, 0x3f, 0xfe, 0xff, 0x02, 0xfe, 0x00, 0x07, 0xfd, 0xff, 0x00, 0xc4, 0xfd, 0x00, 0x00, 0x1f, 0xfe, 0xff, 0x02, 0xfe,
  0x00, 0x03, 0xfd, 0xff, 0x00, 0xd0, 0xfd, 0x00, 0x00, 0x3f, 0xfe, 0xff, 0x02, 0xfe, 0x00, 0x03, 0xfd, 0xff, 0x00, 0xd0, 0xfd, 0x00, 0x00, 0x3f,
  0xfe, 0xff, 0x02, 0xfe, 0x00, 0x03, 0xfd, 0xff, 0x00, 0xc4, 0xfd, 0x00, 0x00, 0x3f, 0xfe, 0xff, 0x02, 0xfe, 0x00, 0x07, 0xfd, 0xff, 0x00, 0xf0,
  0xfd, 0x00, 0x00, 0x1f, 0xfe, 0xff, 0x02, 0xfe, 0x00, 0x03, 0xfd, 0xff, 0x00, 0xf0, 0xfd, 0x00, 0x00, 0x3f, 0xfe, 0xff, 0x02, 0xfe, 0x00, 0x01,
  0xfd, 0xff, 0x00, 0xf0, 0xfd, 0x00, 0x00, 0x1f, 0xfe, 0xff, 0x02, 0xfe, 0x00, 0x03, 0xfd, 0xff, 0x00, 0xf4, 0xfd, 0x00, 0x00, 0x3f, 0xfe, 0xff,
  0x02, 0xfe, 0x00, 0x03, 0xfd, 0xff, 0x00, 0xf0, 0xfd, 0x00, 0x00, 0x3f, 0xfe, 0xff, 0x02, 0xfe, 0x00, 0x03, 0xfd, 0xff, 0x00, 0xf0, 0xfd, 0x00,
  0x00, 0x3f, 0xfe, 0xff, 0x02, 0xfe, 0x00, 0x03, 0xfd, 0xff, 0x00, 0xf0, 0xfd, 0x00, 0x00, 0x3f, 0xfe, 0xff, 0x02, 0xfe, 0x20, 0x07, 0xfd, 0xff,
  0x00, 0xf4, 0xfd, 0x00, 0x00, 0x3f, 0xfe, 0xff, 0x02, 0xfe, 0x20, 0x07, 0xfd, 0xff, 0x00, 0xf0, 0xfd, 0x00, 0x00, 0x3f, 0xfd, 0xff, 0x01, 0xaa,
  0x9f, 0xfd, 0xff, 0x00, 0xf0, 0xfd, 0x00, 0x00, 0x3f, 0xf7, 0xff, 0x00, 0xc0, 0xfd, 0x00, 0x00, 0x1f, 0xf7, 0xff, 0x00, 0xc4, 0xfd, 0x00, 0x00,
  0x2f, 0xf7, 0xff, 0x00, 0xc0, 0xfd, 0x00, 0x00, 0x0f, 0xf7, 0xff, 0x00, 0xd0, 0xfd, 0x00, 0x00, 0x0f, 0xf7, 0xff, 0x00, 0xc0, 0xfd, 0x00, 0x00,
  0x0f, 0xf7, 0xff, 0x00, 0xc4, 0xfd, 0x00, 0x00, 0x0f, 0xf7, 0xff, 0x00, 0x80, 0xfd, 0x00, 0x00, 0x0f, 0xf7, 0xff, 0xfc, 0x00, 0x00, 0x0f, 0xf8,
  0xff, 0x00, 0xfe, 0xfc, 0x00, 0x00, 0x03, 0xf8, 0xff, 0x01, 0xfc, 0x40, 0xfd, 0x00, 0x00, 0x23, 0xfe, 0xff, 0x00, 0xef, 0xfc, 0xff, 0x00, 0xfc,
  0xfb, 0x00, 0xfe, 0xff, 0x00, 0xef, 0xfc, 0xff, 0x00, 0xf4, 0xfb, 0x00, 0x09, 0x3f, 0xff, 0xfe, 0xa3, 0xff, 0xfe, 0x23, 0xff, 0xff, 0xe0, 0xfb,
  0x00, 0x09, 0x3f, 0xff, 0xfa, 0x23, 0xff, 0xfe, 0x05, 0xff, 0xff, 0x44, 0xfb, 0x00, 0x08, 0x2f, 0xff, 0xea, 0x02, 0xff, 0xfe, 0x00, 0x0f, 0xff,
  0xfa, 0x00, 0x08, 0x03, 0xff, 0xc8, 0x00, 0xdf, 0xfc, 0x00, 0x1f, 0xfd, 0xf9, 0x00, 0x04, 0xae, 0x80, 0x00, 0x2a, 0x22, 0xf7, 0x00, 0x09, 0x02,
  0x02, 0x20, 0x02, 0x20, 0x20, 0x00, 0x04, 0x40, 0x40, 0xfa, 0x00, 0x00, 0x02, 0x81, 0x00, 0xd6, 0x00, 0xfe, 0x00, 0x09, 0x03, 0xff, 0xff, 0xf8,
  0x00, 0x00, 0xff, 0xff, 0xfd, 0x40, 0xfb, 0x00, 0x09, 0x23, 0xff, 0xff, 0xf8, 0x00, 0x00, 0xff, 0xff, 0xfd, 0x40, 0xfb, 0x00, 0x08, 0x07, 0xff,
  0xff, 0xe0, 0x00, 0x00, 0xff, 0xff, 0xfd, 0xfa, 0x00, 0x08, 0x0b, 0xff, 0xff, 0xf0, 0x00, 0x01, 0x7f, 0xff, 0xfd, 0xfa, 0x00, 0x08, 0x03, 0xff,
  0xff, 0xf0, 0x00, 0x00, 0x3f, 0xff, 0xfd, 0xfa, 0x00, 0x09, 0x03, 0xff, 0xff, 0xf0, 0x00, 0x00, 0x7f, 0xff, 0xff, 0x40, 0xfb, 0x00, 0x09, 0x0f,
  0xff, 0xff, 0xc0, 0x00, 0x00, 0x1f, 0xff, 0xff, 0x50, 0xfb, 0x00, 0x09, 0xaf, 0xff, 0xff, 0xf0, 0x00, 0x01, 0x7f, 0xff, 0xff, 0xc0, 0xfb, 0x00,
  0x09, 0x3f, 0xff, 0xff, 0xe0, 0x00, 0x00, 0x3f, 0xff, 0xff, 0xd4, 0xfc, 0x00, 0x0a, 0x02, 0xbf, 0xff, 0xff, 0xf8, 0x00, 0x00, 0x7f, 0xff, 0xff,
  0xfc, 0xfc, 0x00, 0x00, 0x02, 0xfe, 0xff, 0x02, 0xfc, 0x00, 0x00, 0xfe, 0xff, 0x00, 0xfd, 0xfc, 0x00, 0x00, 0x02, 0xfe, 0xff, 0x02, 0xf8, 0x00,
  0x01, 0xfe, 0xff, 0x00, 0xfd, 0xfc, 0x00, 0x00, 0x03, 0xfe, 0xff, 0x02, 0xf8, 0x00, 0x00, 0xfe, 0xff, 0x01, 0xfd, 0x40, 0xfd, 0x00, 0x00, 0x03,
  0xfe, 0xff, 0x02, 0xfc, 0x00, 0x01, 0xfd, 0xff, 0x00, 0x40, 0xfd, 0x00, 0x00, 0x07, 0xfe, 0xff, 0x02, 0xfe, 0x00, 0x01, 0xfd, 0xff, 0xfc, 0x00,
  0x00, 0x0b, 0xfe, 0xff, 0x02, 0xfe, 0x00, 0x01, 0xfd, 0xff, 0xfc, 0x00, 0x00, 0x03, 0xfe, 0xff, 0x02, 0xfe, 0x00, 0x03, 0xfd, 0xff, 0x00, 0x40,
  0xfd, 0x00, 0x00, 0x2f, 0xfe, 0xff, 0x02, 0xfe, 0x00, 0x03, 0xfd, 0xff, 0x00, 0xc0, 0xfd, 0x00, 0x00, 0x0f, 0xfe, 0xff, 0x02, 0xfc, 0x00, 0x03,
  0xfd, 0xff, 0x00, 0xc0, 0xfd, 0x00, 0x00, 0x0f, 0xfe, 0xff, 0x02, 0xfe, 0x00, 0x03, 0xfd, 0xff, 0x00, 0xc0, 0xfd, 0x00, 0x00, 0x3f, 0xfe, 0xff,
  0x02, 0xfe, 0x00, 0x03, 0xfd, 0xff, 0x00, 0xc0, 0xfd, 0x00, 0x00, 0x3f, 0xfe, 0xff, 0x02, 0xfe, 0x00, 0x07, 0xfd, 0xff, 0x00, 0xc0, 0xfd, 0x00,
  0x00, 0x0f, 0xfe, 0xff, 0x02, 0xfe, 0x00, 0x03, 0xfd, 0xff, 0x00, 0xd0, 0xfd, 0x00, 0x00, 0x3f, 0xfe, 0xff, 0x02, 0xfe, 0x00, 0x0f, 0xfd, 0xff,
  0x00, 0xd0, 0xfd, 0x00, 0x00, 0x3f, 0xfe, 0xff, 0x02, 0xfe, 0x00, 0x07, 0xfd, 0xff, 0x00, 0xd4, 0xfd, 0x00, 0x00, 0x3f, 0xfe, 0xff, 0x02, 0xfe,
  0x00, 0x07, 0xfd, 0xff, 0x00, 0xd0, 0xfd, 0x00, 0x00, 0x3f, 0xfe, 0xff, 0x02, 0xfe, 0x80, 0x03, 0xfd, 0xff, 0x00, 0xf0, 0xfd, 0x00, 0x00, 0x3f,
  0xfd, 0xff, 0x01, 0x00, 0x03, 0xfd, 0xff, 0x00, 0xf0, 0xfd, 0x00, 0x00, 0x3f, 0xfe, 0xff, 0x02, 0xfe, 0x20, 0x03, 0xfd, 0xff, 0x00, 0xf4, 0xfd,
  0x00, 0x00, 0x3f, 0xfe, 0xff, 0x02, 0xfe, 0x00, 0x01, 0xfd, 0xff, 0x00, 0xf0, 0xfd, 0x00, 0x00, 0x7f, 0xfe, 0xff, 0x02, 0xfe, 0x00, 0x0b, 0xfd,
  0xff, 0x00, 0xf0, 0xfd, 0x00, 0x00, 0x3f, 0xfe, 0xff, 0x02, 0xfe, 0x00, 0x0b, 0xfd, 0xff, 0x00, 0xf0, 0xfd, 0x00, 0x00, 0x3f, 0xfe, 0xff, 0x02,
  0xfe, 0x20, 0x03, 0xfd, 0xff, 0x00, 0xf4, 0xfd, 0x00, 0x00, 0x3f, 0xfe, 0xff, 0x02, 0xfe, 0x8c, 0x0f, 0xfd, 0xff, 0x00, 0xf0, 0xfd, 0x00, 0x00,
  0x3f, 0xfd, 0xff, 0x01, 0xae, 0xaf, 0xfd, 0xff, 0x00, 0xf0, 0xfd, 0x00, 0x00, 0x3f, 0xf7, 0xff, 0x00, 0xe0, 0xfd, 0x00, 0x00, 0x1f, 0xf7, 0xff,
  0x00, 0xc4, 0xfd, 0x00, 0x00, 0x2f, 0xf7, 0xff, 0x00, 0xc0, 0xfd, 0x00, 0x00, 0x0f, 0xf7, 0xff, 0x00, 0xd0, 0xfd, 0x00, 0x00, 0x0f, 0xf7, 0xff,
  0x00, 0xc0, 0xfd, 0x00, 0x00, 0x1f, 0xf7, 0xff, 0x00, 0xc4, 0xfd, 0x00, 0x00, 0x0f, 0xf7, 0xff, 0x00, 0xc0, 0xfd, 0x00, 0x00, 0x07, 0xf7, 0xff,
  0x00, 0x50, 0xfd, 0x00, 0x00, 0x03, 0xf8, 0xff, 0x00, 0xfe, 0xfc, 0x00, 0x00, 0x03, 0xf8, 0xff, 0x01, 0xfe, 0x40, 0xfd, 0x00, 0x00, 0x23, 0xfe,
  0xff, 0x06, 0xcf, 0xff, 0xff, 0xcf, 0xff, 0xff, 0xfc, 0xfb, 0x00, 0x09, 0x7f, 0xff, 0xff, 0xcf, 0xff, 0xff, 0xcf, 0xff, 0xff, 0xf5, 0xfb, 0x00,
  0x09, 0x3f, 0xff, 0xff, 0x83, 0xff, 0xff, 0x23, 0xff, 0xff, 0xe0, 0xfb, 0x00, 0x09, 0x1f, 0xff, 0xfe, 0x23, 0xff, 0xfe, 0x00, 0xff, 0xff, 0xc4,
  0xfb, 0x00, 0x08, 0x0e, 0xfe, 0xe0, 0x02, 0xef, 0xec, 0x00, 0x0c, 0xcc, 0xfa, 0x00, 0x09, 0x06, 0xee, 0xe0, 0x00, 0x8b, 0xc8, 0x00, 0x0d, 0x55,
  0x10, 0xfa, 0x00, 0x00, 0xa0, 0xfe, 0x00, 0x00, 0x02, 0xf5, 0x00, 0x00, 0x20, 0xfc, 0x00, 0x01, 0x40, 0x40, 0xf7, 0x00, 0x00, 0x02, 0x81, 0x00,
  0xd9, 0x00, 0xfe, 0x00, 0x09, 0x03, 0xff, 0xff, 0xf8, 0x00, 0x00, 0xff, 0xff, 0xfc, 0x40, 0xfb, 0x00, 0x09, 0x23, 0xff, 0xff, 0xf8, 0x00, 0x01,
  0xff, 0xff, 0xfc, 0x40, 0xfb, 0x00, 0x08, 0x03, 0xff, 0xff, 0xe0, 0x00, 0x00, 0xff, 0xff, 0xfd, 0xfa, 0x00, 0x08, 0x0b, 0xff, 0xff, 0xf0, 0x00,
  0x00, 0x7f, 0xff, 0xfd, 0xfa, 0x00, 0x08, 0x03, 0xff, 0xff, 0xf0, 0x00, 0x00, 0x3f, 0xff, 0xfd, 0xfa, 0x00, 0x09, 0x03, 0xff, 0xff, 0xf0, 0x00,
  0x00, 0x5f, 0xff, 0xff, 0x40, 0xfb, 0x00, 0x09, 0x0f, 0xff, 0xff, 0xc0, 0x00, 0x00, 0x0f, 0xff, 0xff, 0x50, 0xfb, 0x00, 0x09, 0x2f, 0xff, 0xff,
  0xf0, 0x00, 0x01, 0x5f, 0xff, 0xff, 0xd0, 0xfb, 0x00, 0x09, 0x3f, 0xff, 0xff, 0xe0, 0x00, 0x00, 0x3f, 0xff, 0xff, 0xd4, 0xfc, 0x00, 0x0a, 0x02,
  0x3f, 0xff, 0xff, 0xf8, 0x00, 0x04, 0x7f, 0xff, 0xff, 0xdc, 0xfc, 0x00, 0x06, 0x02, 0x7f, 0xff, 0xff, 0xf8, 0x00, 0x00, 0xfe, 0xff, 0x00, 0xf9,
  0xfc, 0x00, 0x00, 0x02, 0xfe, 0xff, 0x02, 0xf8, 0x00, 0x01, 0xfe, 0xff, 0x00, 0xfd, 0xfc, 0x00, 0x00, 0x03, 0xfe, 0xff, 0x02, 0xf8, 0x00, 0x00,
  0xfe, 0xff, 0x01, 0xfd, 0x40, 0xfd, 0x00, 0x00, 0x03, 0xfe, 0xff, 0x02, 0xfc, 0x00, 0x01, 0xfe, 0xff, 0x00, 0xfd, 0xfc, 0x00, 0x00, 0x07, 0xfe,
  0xff, 0x02, 0xfc, 0x00, 0x01, 0xfe, 0xff, 0x00, 0xfd, 0xfc, 0x00, 0x00, 0x0f, 0xfe, 0xff, 0x02, 0xfc, 0x00, 0x01, 0xfd, 0xff, 0x00, 0x40, 0xfd,
  0x00, 0x00, 0x03, 0xfe, 0xff, 0x02, 0xfc, 0x00, 0x03, 0xfd, 0xff, 0x00, 0x40, 0xfd, 0x00, 0x00, 0x2f, 0xfe, 0xff, 0x02, 0xfc, 0x00, 0x03, 0xfd,
  0xff, 0x00, 0x80, 0xfd, 0x00, 0x00, 0x07, 0xfe, 0xff, 0x02, 0xfc, 0x00, 0x01, 0xfd, 0xff, 0x00, 0xc0, 0xfd, 0x00, 0x00, 0x0f, 0xfe, 0xff, 0x02,
  0xfe, 0x00, 0x03, 0xfd, 0xff, 0x00, 0xc0, 0xfd, 0x00, 0x00, 0x1f, 0xfe, 0xff, 0x02, 0xfe, 0x00, 0x03, 0xfd, 0xff, 0x00, 0xc0, 0xfd, 0x00, 0x00,
  0x3f, 0xfe, 0xff, 0x02, 0xfe, 0x00, 0x07, 0xfd, 0xff, 0x00, 0xc0, 0xfd, 0x00, 0x00, 0x0f, 0xfe, 0xff, 0x02, 0xfe, 0x00, 0x03, 0xfd, 0xff, 0x00,
  0xd0, 0xfd, 0x00, 0x00, 0x0f, 0xfe, 0xff, 0x02, 0xfe, 0x00, 0x03, 0xfd, 0xff, 0x00, 0xd0, 0xfd, 0x00, 0x00, 0x1f, 0xfe, 0xff, 0x02, 0xfc, 0x00,
  0x03, 0xfd, 0xff, 0x00, 0xd4, 0xfd, 0x00, 0x00, 0x1f, 0xfe, 0xff, 0x02, 0xfe, 0x00, 0x01, 0xfd, 0xff, 0x00, 0xd0, 0xfd, 0x00, 0x00, 0x1f, 0xfe,
  0xff, 0x02, 0xfe, 0x00, 0x01, 0xfd, 0xff, 0x00, 0xd0, 0xfd, 0x00, 0x00, 0x1f, 0xfe, 0xff, 0x02, 0xfc, 0x00, 0x01, 0xfd, 0xff, 0x00, 0xf0, 0xfd,
  0x00, 0x00, 0x1f, 0xfe, 0xff, 0x02, 0xfe, 0x00, 0x03, 0xfd, 0xff, 0x00, 0xf4, 0xfd, 0x00, 0x00, 0x3f, 0xfe, 0xff, 0x02, 0xfe, 0x00, 0x01, 0xfd,
  0xff, 0x00, 0xd0, 0xfd, 0x00, 0x00, 0x7f, 0xfe, 0xff, 0x02, 0xfe, 0x00, 0x03, 0xfd, 0xff, 0x00, 0xf0, 0xfd, 0x00, 0x00, 0x3f, 0xfe, 0xff, 0x02,
  0xfe, 0x00, 0x03, 0xfd, 0xff, 0x00, 0xf0, 0xfd, 0x00, 0x00, 0x1f, 0xfe, 0xff, 0x02, 0xfe, 0x00, 0x03, 0xfd, 0xff, 0x00, 0xd4, 0xfd, 0x00, 0x00,
  0x3f, 0xfe, 0xff, 0x02, 0xfe, 0x88, 0x0f, 0xfd, 0xff, 0x00, 0xc0, 0xfd, 0x00, 0x00, 0x1f, 0xfe, 0xff, 0x02, 0xfe, 0x88, 0x8f, 0xfd, 0xff, 0x00,
  0xc0, 0xfd, 0x00, 0x00, 0x3f, 0xf7, 0xff, 0x00, 0xf0, 0xfd, 0x00, 0x00, 0x1f, 0xf7, 0xff, 0x00, 0xd4, 0xfd, 0x00, 0x00, 0x3f, 0xf7, 0xff, 0x00,
  0xd0, 0xfd, 0x00, 0x00, 0x1f, 0xf7, 0xff, 0x00, 0xd0, 0xfd, 0x00, 0x00, 0x1f, 0xf7, 0xff, 0x00, 0xc0, 0xfd, 0x00, 0x00, 0x1f, 0xf7, 0xff, 0x00,
  0xc4, 0xfd, 0x00, 0x00, 0x07, 0xf7, 0xff, 0x00, 0x80, 0xfd, 0x00, 0x00, 0x07, 0xf7, 0xff, 0xfc, 0x00, 0x00, 0x03, 0xf8, 0xff, 0x00, 0xfe, 0xfc,
  0x00, 0x00, 0x03, 0xf8, 0xff, 0x00, 0xfc, 0xfc, 0x00, 0x00, 0x22, 0xfe, 0xff, 0x00, 0xcf, 0xfc, 0xff, 0x00, 0xfc, 0xfb, 0x00, 0x09, 0x7f, 0xff,
  0xff, 0x8f, 0xff, 0xff, 0xcf, 0xff, 0xff, 0xf4, 0xfb, 0x00, 0x09, 0x3f, 0xff, 0xfe, 0x03, 0xff, 0xfe, 0x01, 0xff, 0xff, 0xe0, 0xfb, 0x00, 0x09,
  0x1f, 0xff, 0xfe, 0x23, 0xff, 0xfc, 0x00, 0xff, 0xff, 0xc0, 0xfb, 0x00, 0x09, 0x27, 0xfe, 0xe4, 0x02, 0xef, 0xec, 0x00, 0x0f, 0xfd, 0x10, 0xfb,
  0x00, 0x09, 0x06, 0xee, 0xc8, 0x08, 0x8f, 0xc8, 0x00, 0x0d, 0x75, 0x10, 0xfa, 0x00, 0x00, 0xa0, 0xfe, 0x00, 0x01, 0x02, 0x20, 0xf8, 0x00, 0x09,
  0x22, 0x22, 0x20, 0x00, 0x20, 0x02, 0x00, 0x00, 0x44, 0x40, 0xf7, 0x00, 0x00, 0x02, 0x81, 0x00, 0xd9, 0x00, 0xfe, 0x00, 0x09, 0x03, 0xff, 0xff,
  0xf0, 0x00, 0x00, 0xff, 0xff, 0xfd, 0x40, 0xfb, 0x00, 0x09, 0x23, 0xff, 0xff, 0xf0, 0x00, 0x00, 0x7f, 0xff, 0xfd, 0x40, 0xfa, 0x00, 0x07, 0xff,
  0xff, 0xe0, 0x00, 0x00, 0xff, 0xff, 0xfd, 0xfa, 0x00, 0x08, 0x0b, 0xff, 0xff, 0xf0, 0x00, 0x00, 0x7f, 0xff, 0xfd, 0xfa, 0x00, 0x09, 0x03, 0xff,
  0xff, 0xf0, 0x00, 0x00, 0x3f, 0xff, 0xfd, 0x40, 0xfb, 0x00, 0x09, 0x03, 0xff, 0xff, 0xf0, 0x00, 0x04, 0x1f, 0xff, 0xfd, 0x40, 0xfb, 0x00, 0x09,
  0x0f, 0xff, 0xff, 0xc0, 0x00, 0x00, 0x0f, 0xff, 0xfd, 0xc0, 0xfb, 0x00, 0x09, 0x0f, 0xff, 0xff, 0xf0, 0x00, 0x01, 0x5f, 0xff, 0xff, 0xc0, 0xfb,
  0x00, 0x09, 0x3f, 0xff, 0xff, 0xf0, 0x00, 0x00, 0x3f, 0xff, 0xff, 0xd0, 0xfb, 0x00, 0x09, 0x3f, 0xff, 0xff, 0xf0, 0x00, 0x04, 0x7f, 0xff, 0xff,
  0xf4, 0xfc, 0x00, 0x06, 0x02, 0x7f, 0xff, 0xff, 0xe0, 0x00, 0x00, 0xfe, 0xff, 0x00, 0xf5, 0xfc, 0x00, 0x00, 0x02, 0xfe, 0xff, 0x02, 0xf8, 0x00,
  0x01, 0xfe, 0xff, 0x00, 0xfd, 0xfc, 0x00, 0x00, 0x02, 0xfe, 0xff, 0x02, 0xf0, 0x00, 0x00, 0xfe, 0xff, 0x01, 0xfd, 0x40, 0xfd, 0x00, 0x00, 0x03,
  0xfe, 0xff, 0x02, 0xfc, 0x00, 0x01, 0xfe, 0xff, 0x00, 0xfd, 0xfc, 0x00, 0x00, 0x07, 0xfe, 0xff, 0x02, 0xfc, 0x00, 0x00, 0xfe, 0xff, 0x00, 0xfd,
  0xfc, 0x00, 0x00, 0x0f, 0xfe, 0xff, 0x02, 0xfc, 0x00, 0x01, 0xfd, 0xff, 0x00, 0x40, 0xfd, 0x00, 0x00, 0x07, 0xfe, 0xff, 0x02, 0xfc, 0x00, 0x03,
  0xfd, 0xff, 0x00, 0x40, 0xfd, 0x00, 0x00, 0x2f, 0xfe, 0xff, 0x02, 0xfc, 0x00, 0x03, 0xfd, 0xff, 0x00, 0xc0, 0xfd, 0x00, 0x00, 0x07, 0xfe, 0xff,
  0x02, 0xfc, 0x00, 0x03, 0xfd, 0xff, 0x00, 0xc0, 0xfd, 0x00, 0x00, 0x0f, 0xfe, 0xff, 0x02, 0xfe, 0x00, 0x03, 0xfd, 0xff, 0x00, 0xc0, 0xfd, 0x00,
  0x00, 0x1f, 0xfe, 0xff, 0x02, 0xfe, 0x20, 0x03, 0xfd, 0xff, 0x00, 0xc4, 0xfd, 0x00, 0x00, 0x2f, 0xfe, 0xff, 0x02, 0xfe, 0x00, 0x07, 0xfd, 0xff,
  0x00, 0xc0, 0xfd, 0x00, 0x00, 0x2f, 0xfe, 0xff, 0x02, 0xfe, 0x00, 0x03, 0xfd, 0xff, 0x00, 0xd0, 0xfd, 0x00, 0x00, 0x3f, 0xfe, 0xff, 0x02, 0xfe,
  0x00, 0x03, 0xfd, 0xff, 0x00, 0xc0, 0xfd, 0x00, 0x00, 0x1f, 0xfe, 0xff, 0x02, 0xfc, 0x00, 0x03, 0xfd, 0xff, 0x00, 0xc4, 0xfd, 0x00, 0x00, 0x3f,
  0xfe, 0xff, 0x02, 0xfe, 0x00, 0x01, 0xfd, 0xff, 0x00, 0xd0, 0xfd, 0x00, 0x00, 0x1f, 0xfe, 0xff, 0x02, 0xfe, 0x80, 0x01, 0xfd, 0xff, 0x00, 0xf0,
  0xfd, 0x00, 0x00, 0x3f, 0xfe, 0xff, 0x02, 0xfe, 0x00, 0x03, 0xfd, 0xff, 0x00, 0xf0, 0xfd, 0x00, 0x00, 0x3f, 0xfe, 0xff, 0x02, 0xfe, 0x00, 0x03,
  0xfd, 0xff, 0x00, 0xf4, 0xfd, 0x00, 0x00, 0x3f, 0xfe, 0xff, 0x02, 0xfe, 0x00, 0x00, 0xfd, 0xff, 0x00, 0xf0, 0xfd, 0x00, 0x00, 0x7f, 0xfe, 0xff,
  0x02, 0xfe, 0x80, 0x01, 0xfd, 0xff, 0x00, 0xf0, 0xfd, 0x00, 0x00, 0x3f, 0xfe, 0xff, 0x02, 0xfe, 0x00, 0x03, 0xfd, 0xff, 0x00, 0xf0, 0xfd, 0x00,
  0x00, 0x1f, 0xfe, 0xff, 0x02, 0xfc, 0x00, 0x03, 0xfd, 0xff, 0x00, 0xf4, 0xfd, 0x00, 0x00, 0x3f, 0xfe, 0xff, 0x02, 0xfc, 0x80, 0x0d, 0xfd, 0xff,
  0x00, 0xd0, 0xfd, 0x00, 0x00, 0x1f, 0xfe, 0xff, 0x02, 0xfe, 0xaa, 0x8f, 0xfd, 0xff, 0x00, 0xf0, 0xfd, 0x00, 0x00, 0x3f, 0xf7, 0xff, 0x00, 0xf0,
  0xfd, 0x00, 0x00, 0x1f, 0xf7, 0xff, 0x00, 0xd4, 0xfd, 0x00, 0x00, 0x2f, 0xf7, 0xff, 0x00, 0xd0, 0xfd, 0x00, 0x00, 0x1f, 0xf7, 0xff, 0x00, 0xd0,
  0xfd, 0x00, 0x00, 0x0f, 0xf7, 0xff, 0x00, 0xc0, 0xfd, 0x00, 0x00, 0x1f, 0xf7, 0xff, 0x00, 0xc4, 0xfd, 0x00, 0x00, 0x07, 0xf7, 0xff, 0x00, 0x80,
  0xfd, 0x00, 0x00, 0x07, 0xf7, 0xff, 0x00, 0x10, 0xfd, 0x00, 0x00, 0x03, 0xf8, 0xff, 0x00, 0xfe, 0xfc, 0x00, 0x00, 0x01, 0xf8, 0xff, 0x01, 0xfc,
  0x40, 0xfd, 0x00, 0x00, 0x22, 0xfe, 0xff, 0x00, 0xcf, 0xfc, 0xff, 0x00, 0xf8, 0xfb, 0x00, 0x09, 0x7f, 0xff, 0xff, 0x8f, 0xff, 0xff, 0x1f, 0xff,
  0xff, 0xf0, 0xfb, 0x00, 0x09, 0x1f, 0xff, 0xfe, 0x03, 0xff, 0xfe, 0x23, 0xff, 0xff, 0xe0, 0xfb, 0x00, 0x09, 0x17, 0xff, 0xfe, 0x02, 0xff, 0xfe,
  0x00, 0xdf, 0xff, 0xc4, 0xfb, 0x00, 0x09, 0x06, 0xfe, 0x64, 0x00, 0xff, 0xc8, 0x00, 0x8c, 0xfd, 0x10, 0xfb, 0x00, 0x09, 0x04, 0x74, 0xc8, 0x00,
  0x8f, 0x88, 0x00, 0x08, 0x35, 0x10, 0xfa, 0x00, 0x00, 0x20, 0xfe, 0x00, 0x00, 0x02, 0xf7, 0x00, 0x08, 0x22, 0x22, 0x20, 0x02, 0x20, 0x02, 0x00,
  0x00, 0x44, 0xfa, 0x00, 0x00, 0x20, 0x81, 0x00, 0xd5, 0x00, 0xfe, 0x00, 0x09, 0x03, 0xff, 0xff, 0xf8, 0x00, 0x00, 0xff, 0xff, 0xfd, 0x40, 0xfb,
  0x00, 0x09, 0x23, 0xff, 0xff, 0xf8, 0x00, 0x00, 0xff, 0xff, 0xfd, 0x40, 0xfa, 0x00, 0x07, 0xff, 0xff, 0xf8, 0x00, 0x00, 0xff, 0xff, 0xfd, 0xfa,
  0x00, 0x08, 0x0a, 0xff, 0xff, 0xf8, 0x00, 0x00, 0x7f, 0xff, 0xfd, 0xfa, 0x00, 0x08, 0x03, 0xff, 0xff, 0xf0, 0x00, 0x00, 0x3f, 0xff, 0xff, 0xfa,
  0x00, 0x09, 0x0b, 0xff, 0xff, 0xf0, 0x00, 0x04, 0x1f, 0xff, 0xff, 0xc0, 0xfb, 0x00, 0x09, 0x0f, 0xff, 0xff, 0xe0, 0x00, 0x00, 0x0f, 0xff, 0xff,
  0xc0, 0xfb, 0x00, 0x09, 0x2f, 0xff, 0xff, 0xf0, 0x00, 0x01, 0x5f, 0xff, 0xff, 0xd0, 0xfb, 0x00, 0x09, 0x3f, 0xff, 0xff, 0xf8, 0x00, 0x00, 0x3f,
  0xff, 0xff, 0xd0, 0xfc, 0x00, 0x0a, 0x02, 0x3f, 0xff, 0xff, 0xf0, 0x00, 0x04, 0x7f, 0xff, 0xff, 0xf4, 0xfc, 0x00, 0x06, 0x02, 0x7f, 0xff, 0xff,
  0xf8, 0x00, 0x00, 0xfe, 0xff, 0x00, 0xf5, 0xfc, 0x00, 0x00, 0x02, 0xfe, 0xff, 0x02, 0xf8, 0x00, 0x01, 0xfe, 0xff, 0x00, 0xfd, 0xfc, 0x00, 0x00,
  0x02, 0xfe, 0xff, 0x02, 0xf8, 0x00, 0x00, 0xfe, 0xff, 0x01, 0xfd, 0x40, 0xfd, 0x00, 0x00, 0x02, 0xfe, 0xff, 0x02, 0xfc, 0x00, 0x01, 0xfe, 0xff,
  0x00, 0xfd, 0xfc, 0x00, 0x00, 0x03, 0xfe, 0xff, 0x02, 0xfc, 0x00, 0x00, 0xfe, 0xff, 0x00, 0xfd, 0xfc, 0x00, 0x00, 0x0b, 0xfe, 0xff, 0x02, 0xfc,
  0x00, 0x01, 0xfd, 0xff, 0x00, 0x40, 0xfd, 0x00, 0x00, 0x03, 0xfe, 0xff, 0x02, 0xfc, 0x00, 0x03, 0xfd, 0xff, 0x00, 0x40, 0xfd, 0x00, 0x00, 0x2f,
  0xfe, 0xff, 0x02, 0xfc, 0x00, 0x03, 0xfd, 0xff, 0x00, 0xc0, 0xfd, 0x00, 0x00, 0x0f, 0xfe, 0xff, 0x02, 0xfc, 0x00, 0x03, 0xfd, 0xff, 0x00, 0xc0,
  0xfd, 0x00, 0x00, 0x0f, 0xfe, 0xff, 0x02, 0xfe, 0x00, 0x03, 0xfd, 0xff, 0x00, 0xc0, 0xfd, 0x00, 0x00, 0x1f, 0xfe, 0xff, 0x02, 0xfc, 0x20, 0x03,
  0xfd, 0xff, 0x00, 0xc4, 0xfd, 0x00, 0x00, 0x2f, 0xfe, 0xff, 0x02, 0xfe, 0x00, 0x03, 0xfd, 0xff, 0x00, 0xc0, 0xfd, 0x00, 0x00, 0x0f, 0xfe, 0xff,
  0x02, 0xfe, 0x00, 0x03, 0xfd, 0xff, 0x00, 0xd0, 0xfd, 0x00, 0x00, 0x0f, 0xfe, 0xff, 0x02, 0xfe, 0x00, 0x03, 0xfd, 0xff, 0x00, 0xc0, 0xfd, 0x00,
  0x00, 0x1f, 0xfe, 0xff, 0x02, 0xfc, 0x00, 0x03, 0xfd, 0xff, 0x00, 0xc4, 0xfd, 0x00, 0x00, 0x1f, 0xfe, 0xff, 0x02, 0xfe, 0x00, 0x01, 0xfd, 0xff,
  0x00, 0xd0, 0xfd, 0x00, 0x00, 0x1f, 0xfe, 0xff, 0x02, 0xfc, 0x80, 0x01, 0xfd, 0xff, 0x00, 0xf0, 0xfd, 0x00, 0x00, 0x1f, 0xfe, 0xff, 0x02, 0xfe,
  0x00, 0x03, 0xfd, 0xff, 0x00, 0xf0, 0xfd, 0x00, 0x00, 0x1f, 0xfe, 0xff, 0x02, 0xfe, 0x00, 0x03, 0xfd, 0xff, 0x00, 0xf4, 0xfd, 0x00, 0x00, 0x3f,
  0xfe, 0xff, 0x02, 0xfe, 0x00, 0x00, 0xfd, 0xff, 0x00, 0xf0, 0xfd, 0x00, 0x00, 0x7f, 0xfe, 0xff, 0x02, 0xfe, 0x00, 0x02, 0xfd, 0xff, 0x00, 0xf0,
  0xfd, 0x00, 0x00, 0x3f, 0xfe, 0xff, 0x02, 0xfe, 0x80, 0x03, 0xfd, 0xff, 0x00, 0xf0, 0xfd, 0x00, 0x00, 0x1f, 0xfe, 0xff, 0x02, 0xfc, 0x20, 0x03,
  0xfd, 0xff, 0x00, 0xf4, 0xfd, 0x00, 0x00, 0x3f, 0xfe, 0xff, 0x02, 0xfc, 0x80, 0x0f, 0xfd, 0xff, 0x00, 0xd0, 0xfd, 0x00, 0x00, 0x1f, 0xfe, 0xff,
  0x02, 0xfe, 0xaa, 0x8f, 0xfd, 0xff, 0x00, 0xd0, 0xfd, 0x00, 0x00, 0x3f, 0xf7, 0xff, 0x00, 0xe0, 0xfd, 0x00, 0x00, 0x1f, 0xf7, 0xff, 0x00, 0xd4,
  0xfd, 0x00, 0x00, 0x2f, 0xf7, 0xff, 0x00, 0xd0, 0xfd, 0x00, 0x00, 0x07, 0xf7, 0xff, 0x00, 0xd0, 0xfd, 0x00, 0x00, 0x0f, 0xf7, 0xff, 0x00, 0xc0,
  0xfd, 0x00, 0x00, 0x17, 0xf7, 0xff, 0x00, 0xc4, 0xfd, 0x00, 0x00, 0x07, 0xf7, 0xff, 0x00, 0x80, 0xfd, 0x00, 0x00, 0x07, 0xf7, 0xff, 0x00, 0x10,
  0xfd, 0x00, 0x00, 0x03, 0xf8, 0xff, 0x00, 0xfe, 0xfc, 0x00, 0x00, 0x01, 0xf8, 0xff, 0x01, 0xfc, 0x40, 0xfd, 0x00, 0x00, 0x22, 0xfe, 0xff, 0x00,
  0xcf, 0xfc, 0xff, 0x00, 0xf8, 0xfb, 0x00, 0x09, 0x7f, 0xff, 0xff, 0x8f, 0xff, 0xff, 0xbf, 0xff, 0xff, 0xf4, 0xfb, 0x00, 0x09, 0x3f, 0xff, 0xff,
  0x83, 0xff, 0xff, 0x2b, 0xff, 0xff, 0xe0, 0xfb, 0x00, 0x09, 0x1f, 0xff, 0xfe, 0x03, 0xff, 0xff, 0x09, 0xff, 0xff, 0xc4, 0xfb, 0x00, 0x09, 0x2f,
  0xff, 0xe6, 0x02, 0xff, 0xe8, 0x00, 0x8f, 0xfd, 0x10, 0xfb, 0x00, 0x09, 0x06, 0xfe, 0xc8, 0x08, 0x8f, 0xc0, 0x00, 0x0d, 0xf5, 0x10, 0xfa, 0x00,
  0x04, 0xa0, 0x00, 0x00, 0x2a, 0x02, 0xf7, 0x00, 0xfe, 0x22, 0x05, 0x02, 0x22, 0x22, 0x00, 0x00, 0x44, 0xfa, 0x00, 0x00, 0x22, 0x81, 0x00, 0xd5,
  0x00, 0xfe, 0x00, 0x09, 0x02, 0xff, 0xff, 0xf8, 0x00, 0x00, 0x7f, 0xff, 0xfc, 0x40, 0xfb, 0x00, 0x09, 0x02, 0xff, 0xff, 0xf8, 0x00, 0x00, 0x7f,
  0xff, 0xfc, 0x40, 0xfb, 0x00, 0x08, 0x02, 0xff, 0xff, 0xf8, 0x00, 0x00, 0x3f, 0xff, 0xfd, 0xfa, 0x00, 0x08, 0x03, 0xff, 0xff, 0xf8, 0x00, 0x01,
  0x7f, 0xff, 0xff, 0xfa, 0x00, 0x09, 0x03, 0xff, 0xff, 0xe0, 0x00, 0x00, 0x3f, 0xff, 0xff, 0x40, 0xfb, 0x00, 0x09, 0x03, 0xff, 0xff, 0xe0, 0x00,
  0x04, 0x1f, 0xff, 0xff, 0xc0, 0xfb, 0x00, 0x09, 0x07, 0xff, 0xff, 0xe0, 0x00, 0x00, 0x0f, 0xff, 0xff, 0x50, 0xfb, 0x00, 0x09, 0x2f, 0xff, 0xff,
  0xf8, 0x00, 0x01, 0x5f, 0xff, 0xff, 0x50, 0xfb, 0x00, 0x09, 0x2f, 0xff, 0xff, 0xf8, 0x00, 0x00, 0x3f, 0xff, 0xff, 0xd4, 0xfb, 0x00, 0x09, 0x2f,
  0xff, 0xff, 0xe8, 0x00, 0x00, 0x7f, 0xff, 0xff, 0xd4, 0xfc, 0x00, 0x0a, 0x02, 0x7f, 0xff, 0xff, 0xe8, 0x00, 0x00, 0x3f, 0xff, 0xff, 0xfd, 0xfc,
  0x00, 0x00, 0x02, 0xfe, 0xff, 0x06, 0xf8, 0x00, 0x01, 0x7f, 0xff, 0xff, 0xfd, 0xfb, 0x00, 0xfe, 0xff, 0x02, 0xf8, 0x00, 0x00, 0xfe, 0xff, 0x01,
  0xfc, 0x40, 0xfd, 0x00, 0x00, 0x02, 0xfe, 0xff, 0x02, 0xfc, 0x00, 0x01, 0xfe, 0xff, 0x00, 0xfc, 0xfc, 0x00, 0x00, 0x02, 0xfe, 0xff, 0x02, 0xfc,
  0x00, 0x00, 0xfe, 0xff, 0x00, 0xfd, 0xfc, 0x00, 0x00, 0x0b, 0xfe, 0xff, 0x02, 0xfc, 0x00, 0x01, 0xfd, 0xff, 0x00, 0x40, 0xfd, 0x00, 0x00, 0x03,
  0xfe, 0xff, 0x02, 0xfc, 0x00, 0x00, 0xfd, 0xff, 0x00, 0x40, 0xfd, 0x00, 0x00, 0x2b, 0xfe, 0xff, 0x02, 0xfc, 0x00, 0x01, 0xfd, 0xff, 0x00, 0xc0,
  0xfd, 0x00, 0x00, 0x0f, 0xfe, 0xff, 0x02, 0xfc, 0x00, 0x01, 0xfd, 0xff, 0x00, 0xc0, 0xfd, 0x00, 0x00, 0x0f, 0xfe, 0xff, 0x02, 0xfe, 0x00, 0x03,
  0xfd, 0xff, 0x00, 0xc0, 0xfd, 0x00, 0x00, 0x0f, 0xfe, 0xff, 0x02, 0xfe, 0x20, 0x03, 0xfd, 0xff, 0x00, 0xc4, 0xfd, 0x00, 0x00, 0x2f, 0xfe, 0xff,
  0x02, 0xfe, 0x00, 0x05, 0xfd, 0xff, 0x00, 0xc0, 0xfd, 0x00, 0x00, 0x0f, 0xfe, 0xff, 0x02, 0xfe, 0x00, 0x01, 0xfd, 0xff, 0x00, 0xd0, 0xfd, 0x00,
  0x00, 0x3f, 0xfd, 0xff, 0x01, 0x80, 0x07, 0xfd, 0xff, 0x00, 0xd0, 0xfd, 0x00, 0x00, 0x1f, 0xfe, 0xff, 0x02, 0xfe, 0x00, 0x03, 0xfd, 0xff, 0x00,
  0xd4, 0xfd, 0x00, 0x00, 0x1f, 0xfe, 0xff, 0x02, 0xfe, 0x00, 0x01, 0xfd, 0xff, 0x00, 0xf0, 0xfd, 0x00, 0x00, 0x1f, 0xfe, 0xff, 0x02, 0xfe, 0x80,
  0x01, 0xfd, 0xff, 0x00, 0xf0, 0xfd, 0x00, 0x00, 0x3f, 0xfe, 0xff, 0x02, 0xfe, 0x00, 0x03, 0xfd, 0xff, 0x00, 0xf0, 0xfd, 0x00, 0x00, 0x1f, 0xfe,
  0xff, 0x02, 0xfe, 0x20, 0x01, 0xfd, 0xff, 0x00, 0xf4, 0xfd, 0x00, 0x00, 0x3f, 0xfe, 0xff, 0x02, 0xfe, 0x00, 0x01, 0xfd, 0xff, 0x00, 0xf0, 0xfd,
  0x00, 0x00, 0x3f, 0xfe, 0xff, 0x02, 0xfe, 0x00, 0x03, 0xfd, 0xff, 0x00, 0xf0, 0xfd, 0x00, 0x00, 0x3f, 0xfe, 0xff, 0x02, 0xfe, 0x00, 0x03, 0xfd,
  0xff, 0x00, 0xf0, 0xfd, 0x00, 0x00, 0x1f, 0xfe, 0xff, 0x02, 0xfe, 0x22, 0x03, 0xfd, 0xff, 0x00, 0xf4, 0xfd, 0x00, 0x00, 0x3f, 0xfe, 0xff, 0x02,
  0xfe, 0x20, 0x07, 0xfd, 0xff, 0x00, 0xf0, 0xfd, 0x00, 0x00, 0x1f, 0xfe, 0xff, 0x02, 0xfe, 0xaa, 0x8f, 0xfd, 0xff, 0x00, 0xf0, 0xfd, 0x00, 0x00,
  0x3f, 0xf7, 0xff, 0x00, 0xd4, 0xfd, 0x00, 0x00, 0x1f, 0xf7, 0xff, 0x00, 0xc4, 0xfd, 0x00, 0x00, 0x2f, 0xf7, 0xff, 0x00, 0xc0, 0xfd, 0x00, 0x00,
  0x0f, 0xf7, 0xff, 0x00, 0xd0, 0xfd, 0x00, 0x00, 0x0f, 0xf7, 0xff, 0x00, 0xc0, 0xfd, 0x00, 0x00, 0x07, 0xf7, 0xff, 0x00, 0x44, 0xfd, 0x00, 0x00,
  0x07, 0xf7, 0xff, 0x00, 0x40, 0xfd, 0x00, 0x00, 0x07, 0xf7, 0xff, 0x00, 0x10, 0xfd, 0x00, 0x00, 0x03, 0xf8, 0xff, 0x00, 0xfe, 0xfc, 0x00, 0x00,
  0x03, 0xf8, 0xff, 0x01, 0xfc, 0x40, 0xfd, 0x00, 0x00, 0x22, 0xf8, 0xff, 0x00, 0xfc, 0xfb, 0x00, 0x03, 0x7f, 0xff, 0xff, 0x8f, 0xfc, 0xff, 0x00,
  0xd4, 0xfb, 0x00, 0x09, 0x3f, 0xff, 0xff, 0x83, 0xff, 0xfe, 0x23, 0xff, 0xff, 0xc0, 0xfb, 0x00, 0x09, 0x3f, 0xff, 0xfe, 0x22, 0xff, 0xfe, 0x40,
  0x7f, 0xff, 0xc4, 0xfb, 0x00, 0x08, 0x26, 0xee, 0x2a, 0x00, 0xbe, 0xc8, 0x00, 0x08, 0xfd, 0xf9, 0x00, 0x07, 0xce, 0x88, 0x00, 0x8f, 0x80, 0x00,
  0x01, 0x75, 0xf6, 0x00, 0x00, 0x20, 0xf6, 0x00, 0x08, 0x02, 0x22, 0x20, 0x00, 0x20, 0x22, 0x00, 0x00, 0x44, 0xfa, 0x00, 0x00, 0x02, 0x81, 0x00,
  0xd5, 0x00, 0xfe, 0x00, 0x08, 0x03, 0xff, 0xff, 0xf8, 0x00, 0x00, 0x7f, 0xff, 0xfc, 0xfa, 0x00, 0x08, 0x03, 0xff, 0xff, 0xf8, 0x00, 0x00, 0x7f,
  0xff, 0xfc, 0xfa, 0x00, 0x08, 0x02, 0xff, 0xff, 0xf8, 0x00, 0x00, 0x3f, 0xff, 0xff, 0xfa, 0x00, 0x08, 0x03, 0xff, 0xff, 0xf8, 0x00, 0x00, 0x7f,
  0xff, 0xff, 0xfa, 0x00, 0x09, 0x0b, 0xff, 0xff, 0xe0, 0x00, 0x00, 0x3f, 0xff, 0xff, 0x40, 0xfb, 0x00, 0x09, 0x03, 0xff, 0xff, 0xe0, 0x00, 0x04,
  0x5f, 0xff, 0xff, 0x40, 0xfb, 0x00, 0x09, 0x07, 0xff, 0xff, 0xe0, 0x00, 0x00, 0x1f, 0xff, 0xff, 0xd0, 0xfb, 0x00, 0x09, 0x0f, 0xff, 0xff, 0xf0,
  0x00, 0x01, 0x5f, 0xff, 0xff, 0xd0, 0xfb, 0x00, 0x09, 0x3f, 0xff, 0xff, 0xf8, 0x00, 0x00, 0x7f, 0xff, 0xff, 0xd4, 0xfc, 0x00, 0x0a, 0x02, 0x3f,
  0xff, 0xff, 0xf0, 0x00, 0x04, 0x7f, 0xff, 0xff, 0xf4, 0xfb, 0x00, 0x09, 0x7f, 0xff, 0xff, 0xf8, 0x00, 0x00, 0x7f, 0xff, 0xff, 0xfc, 0xfb, 0x00,
  0xfe, 0xff, 0x06, 0xf8, 0x00, 0x01, 0x7f, 0xff, 0xff, 0xfc, 0xfb, 0x00, 0xfe, 0xff, 0x02, 0xfc, 0x00, 0x00, 0xfe, 0xff, 0x01, 0xfc, 0x40, 0xfd,
  0x00, 0x00, 0x22, 0xfe, 0xff, 0x02, 0xfc, 0x00, 0x01, 0xfe, 0xff, 0x00, 0xfc, 0xfc, 0x00, 0x00, 0x02, 0xfe, 0xff, 0x02, 0xfc, 0x00, 0x00, 0xfe,
  0xff, 0x00, 0xfd, 0xfc, 0x00, 0x00, 0x0b, 0xfe, 0xff, 0x02, 0xfc, 0x00, 0x01, 0xfd, 0xff, 0xfc, 0x00, 0x00, 0x0b, 0xfe, 0xff, 0x02, 0xfc, 0x00,
  0x03, 0xfd, 0xff, 0x00, 0x40, 0xfd, 0x00, 0x00, 0x23, 0xfe, 0xff, 0x02, 0xfc, 0x00, 0x01, 0xfd, 0xff, 0x00, 0xc0, 0xfd, 0x00, 0x00, 0x07, 0xfe,
  0xff, 0x02, 0xfc, 0x00, 0x01, 0xfd, 0xff, 0x00, 0x80, 0xfd, 0x00, 0x00, 0x0f, 0xfe, 0xff, 0x02, 0xfe, 0x00, 0x03, 0xfd, 0xff, 0x00, 0x80, 0xfd,
  0x00, 0x00, 0x0f, 0xfe, 0xff, 0x02, 0xfe, 0x20, 0x03, 0xfd, 0xff, 0x00, 0xc0, 0xfd, 0x00, 0x00, 0x2f, 0xfe, 0xff, 0x02, 0xfe, 0x00, 0x05, 0xfd,
  0xff, 0x00, 0xc0, 0xfd, 0x00, 0x00, 0x0f, 0xfe, 0xff, 0x02, 0xfe, 0x00, 0x01, 0xfd, 0xff, 0x00, 0xd0, 0xfd, 0x00, 0x00, 0x0f, 0xfe, 0xff, 0x02,
  0xfe, 0x80, 0x01, 0xfd, 0xff, 0x00, 0xd0, 0xfd, 0x00, 0x00, 0x0f, 0xfe, 0xff, 0x02, 0xfe, 0x00, 0x01, 0xfd, 0xff, 0x00, 0xc4, 0xfd, 0x00, 0x00,
  0x0f, 0xfe, 0xff, 0x02, 0xfe, 0x00, 0x01, 0xfd, 0xff, 0x00, 0xc0, 0xfd, 0x00, 0x00, 0x0f, 0xfe, 0xff, 0x02, 0xfe, 0x00, 0x01, 0xfd, 0xff, 0x00,
  0xf0, 0xfd, 0x00, 0x00, 0x0f, 0xfe, 0xff, 0x02, 0xfe, 0x00, 0x01, 0xfd, 0xff, 0x00, 0xf0, 0xfd, 0x00, 0x00, 0x1f, 0xfe, 0xff, 0x02, 0xfe, 0x20,
  0x01, 0xfd, 0xff, 0x00, 0xe4, 0xfd, 0x00, 0x00, 0x3f, 0xfe, 0xff, 0x02, 0xfe, 0x00, 0x01, 0xfd, 0xff, 0x00, 0xf0, 0xfd, 0x00, 0x00, 0x3f, 0xfe,
  0xff, 0x02, 0xfe, 0x00, 0x03, 0xfd, 0xff, 0x00, 0xf0, 0xfd, 0x00, 0x00, 0x3f, 0xfe, 0xff, 0x02, 0xfe, 0x80, 0x01, 0xfd, 0xff, 0x00, 0xf0, 0xfd,
  0x00, 0x00, 0x3f, 0xfe, 0xff, 0x02, 0xfe, 0x20, 0x03, 0xfd, 0xff, 0x00, 0xe4, 0xfd, 0x00, 0x00, 0x2f, 0xfe, 0xff, 0x02, 0xfe, 0x20, 0x03, 0xfd,
  0xff, 0x00, 0xe0, 0xfd, 0x00, 0x00, 0x0f, 0xfe, 0xff, 0x02, 0xfe, 0xaa, 0x8b, 0xfd, 0xff, 0x00, 0xf0, 0xfd, 0x00, 0x00, 0x2f, 0xf7, 0xff, 0x00,
  0xf4, 0xfd, 0x00, 0x00, 0x2f, 0xf7, 0xff, 0x00, 0xc4, 0xfd, 0x00, 0x00, 0x2f, 0xf7, 0xff, 0x00, 0xc0, 0xfd, 0x00, 0x00, 0x0f, 0xf7, 0xff, 0x00,
  0xd0, 0xfd, 0x00, 0x00, 0x0f, 0xf7, 0xff, 0x00, 0xc0, 0xfd, 0x00, 0x00, 0x07, 0xf7, 0xff, 0x00, 0x44, 0xfd, 0x00, 0x00, 0x07, 0xf7, 0xff, 0xfc,
  0x00, 0x00, 0x07, 0xf7, 0xff, 0xfc, 0x00, 0x00, 0x03, 0xf8, 0xff, 0x01, 0xfc, 0x40, 0xfd, 0x00, 0x00, 0x03, 0xf8, 0xff, 0x01, 0xfc, 0x40, 0xfd,
  0x00, 0x00, 0x23, 0xf8, 0xff, 0x00, 0xf0, 0xfb, 0x00, 0xfe, 0xff, 0x02, 0xef, 0xff, 0xfe, 0xfe, 0xff, 0x00, 0xf4, 0xfb, 0x00, 0x09, 0x7f, 0xff,
  0xfe, 0x82, 0xff, 0xff, 0x2f, 0xff, 0xff, 0xc0, 0xfb, 0x00, 0x09, 0x3f, 0xff, 0xfe, 0x22, 0x7f, 0xfe, 0x44, 0x7f, 0xff, 0xc4, 0xfb, 0x00, 0x08,
  0x2b, 0xff, 0xea, 0x02, 0x3f, 0xe8, 0x00, 0x0b, 0xfd, 0xfa, 0x00, 0x08, 0x08, 0x8f, 0x88, 0x00, 0x9f, 0xc8, 0x00, 0x09, 0xfd, 0xf9, 0x00, 0x07,
  0x8e, 0x08, 0x00, 0x0a, 0x80, 0x00, 0x00, 0x40, 0xfa, 0x00, 0x08, 0x02, 0x22, 0x20, 0x00, 0x22, 0x20, 0x00, 0x04, 0x40, 0xf6, 0x00, 0x00, 0x02,
  0x81, 0x00, 0xd9, 0x00, 0xfe, 0x00, 0x08, 0x03, 0xff, 0xff, 0xf8, 0x00, 0x00, 0x7f, 0xff, 0xfc, 0xfa, 0x00, 0x08, 0x03, 0xff, 0xff, 0xfc, 0x00,
  0x00, 0x7f, 0xff, 0xfc, 0xfa, 0x00, 0x08, 0x03, 0xff, 0xff, 0xf8, 0x00, 0x00, 0x3f, 0xff, 0xff, 0xfa, 0x00, 0x08, 0x03, 0xff, 0xff, 0xf8, 0x00,
  0x01, 0x7f, 0xff, 0xff, 0xfa, 0x00, 0x09, 0x03, 0xff, 0xff, 0xe8, 0x00, 0x00, 0x3f, 0xff, 0xfe, 0xc0, 0xfb, 0x00, 0x09, 0x03, 0xff, 0xff, 0xe4,
  0x00, 0x04, 0x7f, 0xff, 0xff, 0xc0, 0xfb, 0x00, 0x09, 0x07, 0xff, 0xff, 0xe0, 0x00, 0x00, 0x5f, 0xff, 0xff, 0xc0, 0xfb, 0x00, 0x09, 0x0b, 0xff,
  0xff, 0xf8, 0x00, 0x01, 0x7f, 0xff, 0xff, 0xc0, 0xfb, 0x00, 0x09, 0x0f, 0xff, 0xff, 0xf8, 0x00, 0x00, 0x7f, 0xff, 0xff, 0xc4, 0xfc, 0x00, 0x0a,
  0x02, 0x3f, 0xff, 0xff, 0xf8, 0x00, 0x04, 0x7f, 0xff, 0xff, 0xf4, 0xfc, 0x00, 0x0a, 0x02, 0x7f, 0xff, 0xff, 0xf8, 0x00, 0x00, 0x7f, 0xff, 0xff,
  0xf4, 0xfb, 0x00, 0xfe, 0xff, 0x02, 0xf8, 0x00, 0x01, 0xfe, 0xff, 0x00, 0xfc, 0xfb, 0x00, 0xfe, 0xff, 0x02, 0xfe, 0x00, 0x00, 0xfe, 0xff, 0x01,
  0xfc, 0x40, 0xfd, 0x00, 0x00, 0x23, 0xfe, 0xff, 0x02, 0xfe, 0x00, 0x05, 0xfe, 0xff, 0x01, 0xfe, 0x40, 0xfd, 0x00, 0x00, 0x03, 0xfe, 0xff, 0x02,
  0xfe, 0x00, 0x01, 0xfd, 0xff, 0xfc, 0x00, 0x00, 0x0b, 0xfe, 0xff, 0x02, 0xfe, 0x00, 0x01, 0xfd, 0xff, 0xfc, 0x00, 0x00, 0x0b, 0xfe, 0xff, 0x02,
  0xfe, 0x00, 0x03, 0xfd, 0xff, 0x00, 0xc0, 0xfd, 0x00, 0x00, 0x27, 0xfe, 0xff, 0x02, 0xfe, 0x00, 0x07, 0xfd, 0xff, 0x00, 0xc0, 0xfd, 0x00, 0x00,
  0x27, 0xfe, 0xff, 0x02, 0xfe, 0x00, 0x03, 0xfd, 0xff, 0x00, 0xc0, 0xfd, 0x00, 0x00, 0x0f, 0xfe, 0xff, 0x02, 0xfe, 0x00, 0x0f, 0xfd, 0xff, 0x00,
  0xc0, 0xfd, 0x00, 0x00, 0x0f, 0xfe, 0xff, 0x02, 0xfe, 0x20, 0x03, 0xfd, 0xff, 0x00, 0xc4, 0xfd, 0x00, 0x00, 0x3f, 0xfe, 0xff, 0x02, 0xfe, 0x20,
  0x07, 0xfd, 0xff, 0x00, 0xc4, 0xfd, 0x00, 0x00, 0x3f, 0xfe, 0xff, 0x02, 0xfe, 0x00, 0x03, 0xfd, 0xff, 0x00, 0xe0, 0xfd, 0x00, 0x00, 0x3f, 0xfd,
  0xff, 0x01, 0x80, 0x07, 0xfd, 0xff, 0x00, 0xe0, 0xfd, 0x00, 0x00, 0x3f, 0xfe, 0xff, 0x02, 0xfe, 0x00, 0x07, 0xfd, 0xff, 0x00, 0xe0, 0xfd, 0x00,
  0x00, 0x3f, 0xfe, 0xff, 0x02, 0xfe, 0x00, 0x07, 0xfd, 0xff, 0x00, 0xf0, 0xfd, 0x00, 0x00, 0x3f, 0xfe, 0xff, 0x02, 0xfe, 0x00, 0x0f, 0xfd, 0xff,
  0x00, 0xf0, 0xfd, 0x00, 0x00, 0x3f, 0xfe, 0xff, 0x02, 0xfe, 0x00, 0x07, 0xfd, 0xff, 0x00, 0xf0, 0xfd, 0x00, 0x00, 0x3f, 0xfe, 0xff, 0x02, 0xfe,
  0x00, 0x07, 0xfd, 0xff, 0x00, 0xfc, 0xfd, 0x00, 0x00, 0x3f, 0xfe, 0xff, 0x02, 0xfe, 0x00, 0x03, 0xfd, 0xff, 0x00, 0xf4, 0xfd, 0x00, 0x00, 0x3f,
  0xfe, 0xff, 0x02, 0xfe, 0x80, 0x03, 0xfd, 0xff, 0x00, 0xf0, 0xfd, 0x00, 0x00, 0x3f, 0xfd, 0xff, 0x01, 0x80, 0x03, 0xfd, 0xff, 0x00, 0xf0, 0xfd,
  0x00, 0x00, 0x3f, 0xfe, 0xff, 0x02, 0xfe, 0x22, 0x07, 0xfd, 0xff, 0x00, 0xec, 0xfd, 0x00, 0x00, 0x3f, 0xfd, 0xff, 0x01, 0x64, 0x27, 0xfd, 0xff,
  0x00, 0xf4, 0xfd, 0x00, 0x00, 0x3f, 0xfc, 0xff, 0x00, 0xbf, 0xfd, 0xff, 0x00, 0xf0, 0xfd, 0x00, 0x00, 0x3f, 0xf7, 0xff, 0x00, 0xf4, 0xfd, 0x00,
  0x00, 0x3f, 0xf7, 0xff, 0x00, 0xe4, 0xfd, 0x00, 0x00, 0x2f, 0xf7, 0xff, 0x00, 0xc0, 0xfd, 0x00, 0x00, 0x0f, 0xf7, 0xff, 0x00, 0xc0, 0xfd, 0x00,
  0x00, 0x0f, 0xf7, 0xff, 0x00, 0xc0, 0xfd, 0x00, 0x00, 0x0f, 0xf7, 0xff, 0x00, 0xc4, 0xfd, 0x00, 0x00, 0x0f, 0xf7, 0xff, 0x00, 0x80, 0xfd, 0x00,
  0x00, 0x07, 0xf7, 0xff, 0x00, 0x80, 0xfd, 0x00, 0x00, 0x0f, 0xf8, 0xff, 0x00, 0xfe, 0xfc, 0x00, 0x00, 0x03, 0xf8, 0xff, 0x01, 0xfc, 0x40, 0xfd,
  0x00, 0x00, 0x23, 0xf8, 0xff, 0x00, 0xf8, 0xfb, 0x00, 0xfe, 0xff, 0x00, 0xef, 0xfc, 0xff, 0x00, 0xf0, 0xfb, 0x00, 0x09, 0xff, 0xff, 0xfe, 0x83,
  0xff, 0xff, 0x2f, 0xff, 0xff, 0xc0, 0xfb, 0x00, 0x09, 0x3f, 0xff, 0xfe, 0x22, 0xff, 0xfe, 0x46, 0xff, 0xff, 0xc4, 0xfb, 0x00, 0x08, 0x2b, 0xff,
  0xfa, 0x02, 0x7f, 0xf8, 0x02, 0x1f, 0xfe, 0xfa, 0x00, 0x08, 0x02, 0xaf, 0x88, 0x00, 0x1f, 0xc8, 0x80, 0x0f, 0xfc, 0xfa, 0x00, 0x08, 0x08, 0x8e,
  0x88, 0x00, 0x2a, 0x88, 0x00, 0x00, 0x80, 0xfa, 0x00, 0x08, 0x22, 0x22, 0x20, 0x02, 0x22, 0x20, 0x00, 0x04, 0x44, 0xf6, 0x00, 0x00, 0x02, 0x81,
  0x00, 0xd9, 0x00, 0xfe, 0x00, 0x08, 0x03, 0xff, 0xff, 0xf8, 0x00, 0x01, 0xff, 0xff, 0xfd, 0xfa, 0x00, 0x08, 0x03, 0xff, 0xff, 0xf4, 0x00, 0x00,
  0x7f, 0xff, 0xff, 0xfa, 0x00, 0x08, 0x03, 0xff, 0xff, 0xf0, 0x00, 0x00, 0x7f, 0xff, 0xff, 0xfa, 0x00, 0x05, 0x0b, 0xff, 0xff, 0xf8, 0x00, 0x01,
  0xfe, 0xff, 0x00, 0x80, 0xfb, 0x00, 0x09, 0x0b, 0xff, 0xff, 0xe8, 0x00, 0x00, 0x7f, 0xff, 0xff, 0xc0, 0xfb, 0x00, 0x09, 0x0f, 0xff, 0xff, 0xe0,
  0x00, 0x04, 0x7f, 0xff, 0xff, 0xc0, 0xfb, 0x00, 0x09, 0x0f, 0xff, 0xff, 0xe0, 0x00, 0x00, 0x7f, 0xff, 0xff, 0xc0, 0xfb, 0x00, 0x09, 0x0f, 0xff,
  0xff, 0xf0, 0x00, 0x01, 0x7f, 0xff, 0xff, 0xc0, 0xfb, 0x00, 0x05, 0x1f, 0xff, 0xff, 0xf8, 0x00, 0x00, 0xfe, 0xff, 0x00, 0xd4, 0xfc, 0x00, 0x0a,
  0x02, 0x7f, 0xff, 0xff, 0xf0, 0x00, 0x05, 0x7f, 0xff, 0xff, 0xfc, 0xfc, 0x00, 0x06, 0x02, 0x7f, 0xff, 0xff, 0xf8, 0x00, 0x00, 0xfe, 0xff, 0x00,
  0xfc, 0xfb, 0x00, 0xfe, 0xff, 0x02, 0xfc, 0x00, 0x01, 0xfe, 0xff, 0x00, 0xfc, 0xfc, 0x00, 0x00, 0x01, 0xfe, 0xff, 0x02, 0xfe, 0x00, 0x01, 0xfe,
  0xff, 0x01, 0xfc, 0x40, 0xfd, 0x00, 0x00, 0x23, 0xfe, 0xff, 0x02, 0xfe, 0x00, 0x05, 0xfe, 0xff, 0x01, 0xfe, 0x40, 0xfd, 0x00, 0x00, 0x23, 0xfe,
  0xff, 0x02, 0xfe, 0x00, 0x03, 0xfd, 0xff, 0xfc, 0x00, 0x00, 0x0b, 0xfe, 0xff, 0x02, 0xfe, 0x00, 0x07, 0xfd, 0xff, 0x00, 0x80, 0xfd, 0x00, 0x00,
  0x0b, 0xfe, 0xff, 0x02, 0xfe, 0x00, 0x03, 0xfd, 0xff, 0x00, 0xc0, 0xfd, 0x00, 0x00, 0x2f, 0xfe, 0xff, 0x02, 0xfe, 0x00, 0x07, 0xfd, 0xff, 0x00,
  0xc0, 0xfd, 0x00, 0x00, 0x2f, 0xfe, 0xff, 0x02, 0xfe, 0x00, 0x03, 0xfd, 0xff, 0x00, 0xd0, 0xfd, 0x00, 0x00, 0x0f, 0xfe, 0xff, 0x02, 0xfe, 0x00,
  0x07, 0xfd, 0xff, 0x00, 0xc0, 0xfd, 0x00, 0x00, 0x0f, 0xfe, 0xff, 0x02, 0xfe, 0x20, 0x03, 0xfd, 0xff, 0x00, 0xc4, 0xfd, 0x00, 0x00, 0x3f, 0xfe,
  0xff, 0x02, 0xfe, 0x00, 0x05, 0xfd, 0xff, 0x00, 0xe4, 0xfd, 0x00, 0x00, 0x3f, 0xfd, 0xff, 0x01, 0x00, 0x03, 0xfd, 0xff, 0x00, 0xd0, 0xfd, 0x00,
  0x00, 0x3f, 0xfd, 0xff, 0x01, 0x80, 0x07, 0xfd, 0xff, 0x00, 0xe0, 0xfd, 0x00, 0x00, 0x3f, 0xfe, 0xff, 0x02, 0xfe, 0x00, 0x07, 0xfd, 0xff, 0x00,
  0xc4, 0xfd, 0x00, 0x00, 0x3f, 0xfe, 0xff, 0x02, 0xfe, 0x00, 0x07, 0xfd, 0xff, 0x00, 0xe4, 0xfd, 0x00, 0x00, 0x1f, 0xfe, 0xff, 0x02, 0xfe, 0x00,
  0x07, 0xfd, 0xff, 0x00, 0xf0, 0xfd, 0x00, 0x00, 0x3f, 0xfe, 0xff, 0x02, 0xfe, 0x00, 0x07, 0xfd, 0xff, 0x00, 0xf0, 0xfd, 0x00, 0x00, 0x3f, 0xfe,
  0xff, 0x02, 0xfe, 0x00, 0x03, 0xfd, 0xff, 0x00, 0xf0, 0xfd, 0x00, 0x00, 0x3f, 0xfe, 0xff, 0x02, 0xfe, 0x00, 0x03, 0xfd, 0xff, 0x00, 0xf0, 0xfd,
  0x00, 0x00, 0x1f, 0xfe, 0xff, 0x02, 0xfe, 0x80, 0x03, 0xfd, 0xff, 0x00, 0xf0, 0xfd, 0x00, 0x00, 0x3f, 0xfd, 0xff, 0x01, 0x80, 0x03, 0xfd, 0xff,
  0x00, 0xf0, 0xfd, 0x00, 0x00, 0x3f, 0xfe, 0xff, 0x02, 0xfe, 0x22, 0x23, 0xfd, 0xff, 0x00, 0xfc, 0xfd, 0x00, 0x00, 0x3f, 0xfe, 0xff, 0x02, 0xfe,
  0xa2, 0x27, 0xfd, 0xff, 0x00, 0xf0, 0xfd, 0x00, 0x00, 0x3f, 0xfd, 0xff, 0x01, 0xaa, 0xbf, 0xfd, 0xff, 0x00, 0xf0, 0xfd, 0x00, 0x00, 0x3f, 0xf7,
  0xff, 0x00, 0xf0, 0xfd, 0x00, 0x00, 0x2f, 0xf7, 0xff, 0x00, 0xe0, 0xfd, 0x00, 0x00, 0x2f, 0xf7, 0xff, 0x00, 0xe0, 0xfd, 0x00, 0x00, 0x0f, 0xf7,
  0xff, 0x00, 0xe0, 0xfd, 0x00, 0x00, 0x2f, 0xf7, 0xff, 0x00, 0xc0, 0xfd, 0x00, 0x00, 0x0f, 0xf7, 0xff, 0x00, 0xe4, 0xfd, 0x00, 0x00, 0x0f, 0xf7,
  0xff, 0x00, 0x80, 0xfd, 0x00, 0x00, 0x07, 0xf7, 0xff, 0x00, 0x80, 0xfd, 0x00, 0x00, 0x0b, 0xf8, 0xff, 0x00, 0xfe, 0xfc, 0x00, 0x00, 0x03, 0xf8,
  0xff, 0x01, 0xfc, 0x40, 0xfd, 0x00, 0x00, 0x23, 0xf8, 0xff, 0x00, 0xfc, 0xfb, 0x00, 0xf8, 0xff, 0x00, 0xf8, 0xfb, 0x00, 0xfe, 0xff, 0x06, 0xef,
  0xff, 0xff, 0xef, 0xff, 0xff, 0xf0, 0xfb, 0x00, 0x09, 0x3f, 0xff, 0xfe, 0x23, 0xff, 0xff, 0x66, 0xff, 0xff, 0xe4, 0xfb, 0x00, 0x08, 0x3f, 0xff,
  0xfa, 0x22, 0xff, 0xf8, 0x02, 0x1f, 0xff, 0xfa, 0x00, 0x08, 0x0a, 0xff, 0xf8, 0x00, 0xdf, 0xf8, 0x00, 0x1f, 0xff, 0xfa, 0x00, 0x08, 0x0a, 0xae,
  0x88, 0x00, 0x2a, 0xaa, 0x00, 0x00, 0xc4, 0xfa, 0x00, 0x08, 0x22, 0x22, 0x20, 0x22, 0x60, 0x62, 0x00, 0x04, 0x44, 0xfa, 0x00, 0x00, 0x02, 0xfe,
  0x00, 0x00, 0x22, 0x81, 0x00, 0xd9, 0x00, 0xfe, 0x00, 0x08, 0x03, 0xff, 0xff, 0xf8, 0x00, 0x00, 0xff, 0xff, 0xfd, 0xfa, 0x00, 0x09, 0x03, 0xff,
  0xff, 0xf8, 0x00, 0x04, 0x7f, 0xff, 0xff, 0x40, 0xfb, 0x00, 0x05, 0x03, 0xff, 0xff, 0xf8, 0x00, 0x00, 0xfe, 0xff, 0xfa, 0x00, 0x05, 0x0b, 0xff,
  0xff, 0xf8, 0x00, 0x01, 0xfe, 0xff, 0xfa, 0x00, 0x09, 0x0b, 0xff, 0xff, 0xe8, 0x00, 0x00, 0x7f, 0xff, 0xff, 0x40, 0xfb, 0x00, 0x09, 0x0f, 0xff,
  0xff, 0xe0, 0x00, 0x04, 0x7f, 0xff, 0xff, 0xc0, 0xfb, 0x00, 0x09, 0x0f, 0xff, 0xff, 0xf0, 0x00, 0x00, 0x7f, 0xff, 0xff, 0xc0, 0xfb, 0x00, 0x09,
  0x3f, 0xff, 0xff, 0xf8, 0x00, 0x01, 0x7f, 0xff, 0xff, 0xc0, 0xfb, 0x00, 0x09, 0x3f, 0xff, 0xff, 0xf8, 0x00, 0x00, 0x7f, 0xff, 0xff, 0xc4, 0xfc,
  0x00, 0x0a, 0x02, 0x3f, 0xff, 0xff, 0xf0, 0x00, 0x05, 0x7f, 0xff, 0xff, 0xfc, 0xfc, 0x00, 0x06, 0x02, 0x7f, 0xff, 0xff, 0xf8, 0x00, 0x00, 0xfe,
  0xff, 0x00, 0xfc, 0xfc, 0x00, 0x00, 0x02, 0xfe, 0xff, 0x02, 0xf8, 0x00, 0x01, 0xfe, 0xff, 0x00, 0xfc, 0xfc, 0x00, 0x00, 0x03, 0xfe, 0xff, 0x02,
  0xfe, 0x00, 0x01, 0xfe, 0xff, 0x01, 0xfc, 0x40, 0xfd, 0x00, 0x00, 0x23, 0xfe, 0xff, 0x02, 0xfe, 0x00, 0x01, 0xfe, 0xff, 0x00, 0xfe, 0xfc, 0x00,
  0x00, 0x03, 0xfe, 0xff, 0x02, 0xfe, 0x00, 0x03, 0xfd, 0xff, 0xfc, 0x00, 0x00, 0x0b, 0xfe, 0xff, 0x02, 0xfe, 0x00, 0x03, 0xfd, 0xff, 0xfc, 0x00,
  0x00, 0x0f, 0xfe, 0xff, 0x02, 0xfe, 0x00, 0x03, 0xfd, 0xff, 0x00, 0xc0, 0xfd, 0x00, 0x00, 0x2f, 0xfe, 0xff, 0x02, 0xfe, 0x00, 0x07, 0xfd, 0xff,
  0x00, 0xc0, 0xfd, 0x00, 0x00, 0x2f, 0xfd, 0xff, 0x01, 0x80, 0x03, 0xfd, 0xff, 0x00, 0xd0, 0xfd, 0x00, 0x00, 0x0f, 0xfd, 0xff, 0x01, 0x80, 0x07,
  0xfd, 0xff, 0x00, 0xc0, 0xfd, 0x00, 0x00, 0x1f, 0xfe, 0xff, 0x02, 0xfe, 0x20, 0x03, 0xfd, 0xff, 0x00, 0xc0, 0xfd, 0x00, 0x00, 0x3f, 0xfe, 0xff,
  0x02, 0xfe, 0x00, 0x07, 0xfd, 0xff, 0x00, 0xe0, 0xfd, 0x00, 0x00, 0x2f, 0xfd, 0xff, 0x01, 0x80, 0x03, 0xfd, 0xff, 0x00, 0xf0, 0xfd, 0x00, 0x00,
  0x3f, 0xfd, 0xff, 0x01, 0x80, 0x07, 0xfd, 0xff, 0x00, 0xf0, 0xfd, 0x00, 0x00, 0x3f, 0xfe, 0xff, 0x02, 0xfe, 0x00, 0x07, 0xfd, 0xff, 0x00, 0xf4,
  0xfd, 0x00, 0x00, 0x3f, 0xfe, 0xff, 0x02, 0xfe, 0x00, 0x07, 0xfd, 0xff, 0x00, 0xf4, 0xfd, 0x00, 0x00, 0x1f, 0xfd, 0xff, 0x01, 0x80, 0x07, 0xfd,
  0xff, 0x00, 0xf0, 0xfd, 0x00, 0x00, 0x7f, 0xfe, 0xff, 0x02, 0xfe, 0x80, 0x07, 0xfd, 0xff, 0x00, 0xf0, 0xfd, 0x00, 0x00, 0x7f, 0xfe, 0xff, 0x02,
  0xfe, 0x00, 0x03, 0xfd, 0xff, 0x00, 0xe4, 0xfd, 0x00, 0x00, 0x3f, 0xfe, 0xff, 0x02, 0xfe, 0x00, 0x03, 0xfd, 0xff, 0x00, 0xf0, 0xfd, 0x00, 0x00,
  0x7f, 0xfd, 0xff, 0x01, 0x80, 0x03, 0xfd, 0xff, 0x00, 0xf0, 0xfd, 0x00, 0x00, 0x3f, 0xfd, 0xff, 0x01, 0x80, 0x07, 0xfd, 0xff, 0x00, 0xf0, 0xfd,
  0x00, 0x00, 0x7f, 0xfe, 0xff, 0x02, 0xfe, 0x22, 0x27, 0xfd, 0xff, 0x00, 0xfc, 0xfd, 0x00, 0x00, 0x3f, 0xfe, 0xff, 0x02, 0xfe, 0xe0, 0x2f, 0xfd,
  0xff, 0x00, 0xf0, 0xfd, 0x00, 0x00, 0x1f, 0xfd, 0xff, 0x01, 0xea, 0xaf, 0xfd, 0xff, 0x00, 0xf0, 0xfd, 0x00, 0x00, 0xbf, 0xf7, 0xff, 0x00, 0xf0,
  0xfd, 0x00, 0x00, 0x3f, 0xf7, 0xff, 0x00, 0xe4, 0xfd, 0x00, 0x00, 0x3f, 0xf7, 0xff, 0x00, 0xe0, 0xfd, 0x00, 0x00, 0x0f, 0xf7, 0xff, 0x00, 0xd0,
  0xfd, 0x00, 0x00, 0x2f, 0xf7, 0xff, 0x00, 0xc0, 0xfd, 0x00, 0x00, 0x1f, 0xf7, 0xff, 0x00, 0xc4, 0xfd, 0x00, 0x00, 0x2f, 0xf7, 0xff, 0xfc, 0x00,
  0x00, 0x07, 0xf7, 0xff, 0x00, 0x80, 0xfd, 0x00, 0x00, 0x0f, 0xf8, 0xff, 0x00, 0xfe, 0xfc, 0x00, 0x00, 0x03, 0xf8, 0xff, 0x01, 0xfc, 0x40, 0xfd,
  0x00, 0x00, 0x23, 0xf8, 0xff, 0x00, 0xf8, 0xfb, 0x00, 0xfe, 0xff, 0x00, 0xef, 0xfc, 0xff, 0x00, 0xf0, 0xfb, 0x00, 0x09, 0xff, 0xff, 0xfe, 0xa7,
  0xff, 0xff, 0xef, 0xff, 0xff, 0xc0, 0xfb, 0x00, 0x09, 0x3f, 0xff, 0xfe, 0x23, 0xff, 0xfe, 0x66, 0x7f, 0xff, 0x44, 0xfc, 0x00, 0x09, 0x02, 0x2f,
  0xff, 0xfa, 0x22, 0xbf, 0xf8, 0x00, 0x1f, 0xff, 0xfa, 0x00, 0x08, 0x03, 0xff, 0xf8, 0x00, 0x9f, 0xd8, 0x00, 0x1f, 0xff, 0xfa, 0x00, 0x08, 0x0a,
  0xae, 0xc8, 0x00, 0x0a, 0x88, 0x00, 0x00, 0x80, 0xfa, 0x00, 0x08, 0x22, 0x22, 0x20, 0x02, 0x20, 0x20, 0x00, 0x04, 0x44, 0xfa, 0x00, 0x04, 0x02,
  0x00, 0x20, 0x00, 0x20, 0x81, 0x00, 0xd9, 0x00,
};
