// angry.gif: 75 frames, 15 fps, 128x64 1-bit
// Each frame: 1024 bytes (16 per row, MSB = left pixel), PackBits-compressed.
#pragma once

#define ANIM_ANGRY_FRAMES 75
#define ANIM_ANGRY_FPS 15

const uint8_t anim_angry[] PROGMEM = {
  0x81, 0x00, 0x81, 0x00, 0xaf, 0x00, 0x01, 0x03, 0x9c, 0xfe, 0x00, 0x02, 0x0f, 0xff, 0xff, 0xf9, 0x00, 0x07, 0x07, 0xff, 0xf8, 0x00, 0x00, 0x1f,
  0xff, 0xff, 0xf9, 0x00, 0x08, 0x07, 0xff, 0xf8, 0x00, 0x00, 0x3f, 0xff, 0xff, 0x80, 0xfa, 0x00, 0x08, 0x0f, 0xff, 0xfc, 0x00, 0x00, 0x3f, 0xff,
  0xff, 0x80, 0xfa, 0x00, 0x08, 0x0f, 0xff, 0xfc, 0x00, 0x00, 0x3f, 0xff, 0xff, 0x80, 0xfa, 0x00, 0x08, 0x0f, 0xff, 0xfc, 0x00, 0x00, 0x3f, 0xff,
  0xff, 0x80, 0xfa, 0x00, 0x08, 0x0f, 0xff, 0xfc, 0x00, 0x00, 0x3f, 0xff, 0xff, 0x80, 0xfa, 0x00, 0x08, 0x0f, 0xff, 0xfc, 0x00, 0x00, 0x3f, 0xff,
  0xff, 0x80, 0xfa, 0x00, 0x08, 0x0f, 0xff, 0xfc, 0x00, 0x00, 0x3f, 0xff, 0xff, 0x80, 0xfa, 0x00, 0x08, 0x0f, 0xff, 0xfc, 0x00, 0x00, 0x3f, 0xff,
  0xff, 0x80, 0xfa, 0x00, 0x07, 0x07, 0xff, 0xfc, 0x00, 0x00, 0x3f, 0xff, 0xff, 0xf9, 0x00, 0x07, 0x07, 0xff, 0xfc, 0x00, 0x00, 0x3f, 0xff, 0xff,
  0xf9, 0x00, 0x07, 0x07, 0xff, 0xfc, 0x00, 0x00, 0x1f, 0xff, 0xff, 0xf9, 0x00, 0x07, 0x07, 0xff, 0xfc, 0x00, 0x00, 0x1f, 0xff, 0xff, 0xf9, 0x00,
  0x07, 0x03, 0xff, 0xfc, 0x00, 0x00, 0x1f, 0xff, 0xff, 0xf9, 0x00, 0x07, 0x03, 0xff, 0xfc, 0x00, 0x00, 0x1f, 0xff, 0xfe, 0xf9, 0x00, 0x07, 0x03,
  0xff, 0xfc, 0x00, 0x00, 0x1f, 0xff, 0xfe, 0xf9, 0x00, 0x07, 0x01, 0xff, 0xfc, 0x00, 0x00, 0x0f, 0xff, 0xfe, 0xf9, 0x00, 0x07, 0x01, 0xff, 0xfc,
  0x00, 0x1f, 0xc7, 0xff, 0xfc, 0xf8, 0x00, 0x06, 0xff, 0xfc, 0x01, 0xff, 0xc7, 0xff, 0xf8, 0xf8, 0x00, 0x06, 0x7f, 0xf8, 0x1f, 0xff, 0xc3, 0xff,
  0xf0, 0xf8, 0x00, 0x06, 0x3f, 0xf0, 0xff, 0xff, 0xc0, 0xff, 0xc0, 0xf6, 0x00, 0x02, 0xff, 0xff, 0x80, 0xf4, 0x00, 0x01, 0xff, 0xfe, 0xf3, 0x00,
  0x01, 0x7f, 0xf0, 0x81, 0x00, 0x81, 0x00, 0xd8, 0x00, 0x81, 0x00, 0x81, 0x00, 0x81, 0x00, 0x81, 0x00, 0x99, 0x00, 0x03, 0x1f, 0x01, 0xff, 0x80,
  0xfa, 0x00, 0x08, 0x7f, 0xff, 0xe0, 0x00, 0x00, 0x3f, 0xff, 0xff, 0xc0, 0xfa, 0x00, 0x08, 0x7f, 0xff, 0xf0, 0x00, 0x00, 0x3f, 0xff, 0xff, 0xc0,
  0xfa, 0x00, 0x08, 0x7f, 0xff, 0xf0, 0x00, 0x00, 0x3f, 0xff, 0xff, 0x80, 0xfa, 0x00, 0x07, 0x3f, 0xff, 0xe0, 0x00, 0x00, 0x0f, 0xff, 0xfe, 0xf9,
  0x00, 0x07, 0x03, 0xfe, 0x03, 0x83, 0xff, 0x01, 0xff, 0xf8, 0xf7, 0x00, 0x03, 0x07, 0xff, 0xff, 0x80, 0xf5, 0x00, 0x02, 0x07, 0xff, 0xff, 0xf4,
  0x00, 0x02, 0x03, 0xff, 0xfc, 0xf3, 0x00, 0x01, 0x3f, 0xc0, 0x81, 0x00, 0x81, 0x00, 0xf9, 0x00, 0x81, 0x00, 0x81, 0x00, 0x81, 0x00, 0x81, 0x00,
  0xfe, 0x00, 0x02, 0x7f, 0xff, 0xf0, 0xfe, 0x00, 0x02, 0xff, 0xff, 0xe0, 0xfa, 0x00, 0x08, 0x7f, 0xff, 0xf8, 0x00, 0x00, 0x01, 0xff, 0xff, 0xe0,
  0xfa, 0x00, 0x08, 0x7f, 0xff, 0xf8, 0x00, 0x00, 0x01, 0xff, 0xff, 0xe0, 0xfa, 0x00, 0x08, 0x7f, 0xff, 0xf8, 0x00, 0x00, 0x01, 0xff, 0xff, 0xe0,
  0xfa, 0x00, 0x08, 0x7f, 0xff, 0xf8, 0x00, 0x00, 0x01, 0xff, 0xff, 0xe0, 0xfa, 0x00, 0x08, 0x7f, 0xff, 0xf0, 0x00, 0x00, 0x01, 0xff, 0xff, 0xc0,
  0xfa, 0x00, 0x08, 0x3f, 0xff, 0xf0, 0x00, 0x00, 0x01, 0xff, 0xff, 0xc0, 0xfa, 0x00, 0x08, 0x3f, 0xff, 0xe0, 0x00, 0x00, 0x01, 0xff, 0xff, 0xc0,
  0xfa, 0x00, 0x08, 0x1f, 0xff, 0xe0, 0x70, 0x07, 0xe0, 0xff, 0xff, 0x80, 0xfa, 0x00, 0x07, 0x0f, 0xff, 0xc0, 0xff, 0xff, 0xe0, 0x7f, 0xfe, 0xf8,
  0x00, 0x06, 0xfe, 0x00, 0xff, 0xff, 0xe0, 0x03, 0xe0, 0xf6, 0x00, 0x02, 0x7f, 0xff, 0xc0, 0xf4, 0x00, 0x02, 0x3f, 0xff, 0x80, 0xf4, 0x00, 0x01,
  0x0f, 0xfc, 0x81, 0x00, 0x81, 0x00, 0xd9, 0x00, 0x81, 0x00, 0xdd, 0x00, 0x00, 0x3f, 0xfc, 0x00, 0x01, 0xff, 0xc0, 0xfa, 0x00, 0x02, 0x03, 0xff,
  0xc0, 0xfe, 0x00, 0x02, 0x03, 0xff, 0xe0, 0xfa, 0x00, 0x02, 0x0f, 0xff, 0xe0, 0xfe, 0x00, 0x02, 0x0f, 0xff, 0xf0, 0xfa, 0x00, 0x02, 0x1f, 0xff,
  0xf0, 0xfe, 0x00, 0x02, 0x0f, 0xff, 0xf8, 0xfa, 0x00, 0x02, 0x1f, 0xff, 0xf0, 0xfe, 0x00, 0x02, 0x1f, 0xff, 0xf8, 0xfa, 0x00, 0x02, 0x3f, 0xff,
  0xf8, 0xfe, 0x00, 0x02, 0x1f, 0xff, 0xf8, 0xfa, 0x00, 0x02, 0x3f, 0xff, 0xf8, 0xfe, 0x00, 0x02, 0x3f, 0xff, 0xfc, 0xfa, 0x00, 0x02, 0x7f, 0xff,
  0xf8, 0xfe, 0x00, 0x02, 0x3f, 0xff, 0xfc, 0xfa, 0x00, 0x02, 0x7f, 0xff, 0xf8, 0xfe, 0x00, 0x02, 0x3f, 0xff, 0xfc, 0xfa, 0x00, 0x02, 0x7f, 0xff,
  0xf8, 0xfe, 0x00, 0x02, 0x3f, 0xff, 0xfc, 0xfa, 0x00, 0x02, 0x7f, 0xff, 0xf8, 0xfe, 0x00, 0x02, 0x3f, 0xff, 0xfc, 0xfa, 0x00, 0x02, 0x7f, 0xff,
  0xf8, 0xfe, 0x00, 0x02, 0x3f, 0xff, 0xfc, 0xfa, 0x00, 0x02, 0x7f, 0xff, 0xf8, 0xfe, 0x00, 0x02, 0x3f, 0xff, 0xfc, 0xfa, 0x00, 0x02, 0x7f, 0xff,
  0xf8, 0xfe, 0x00, 0x02, 0x3f, 0xff, 0xfc, 0xfa, 0x00, 0x02, 0x7f, 0xff, 0xf8, 0xfe, 0x00, 0x02, 0x3f, 0xff, 0xfc, 0xfa, 0x00, 0x02, 0xff, 0xff,
  0xf8, 0xfe, 0x00, 0x02, 0x7f, 0xff, 0xfc, 0xfa, 0x00, 0x02, 0xff, 0xff, 0xf8, 0xfe, 0x00, 0x02, 0x7f, 0xff, 0xfc, 0xfa, 0x00, 0x02, 0xff, 0xff,
  0xf8, 0xfe, 0x00, 0x02, 0x7f, 0xff, 0xfc, 0xfa, 0x00, 0x02, 0xff, 0xff, 0xf8, 0xfe, 0x00, 0x02, 0x7f, 0xff, 0xf8, 0xfa, 0x00, 0x02, 0xff, 0xff,
  0xf8, 0xfe, 0x00, 0x02, 0x7f, 0xff, 0xf8, 0xfa, 0x00, 0x02, 0x7f, 0xff, 0xf8, 0xfe, 0x00, 0x02, 0x7f, 0xff, 0xf8, 0xfa, 0x00, 0x02, 0x7f, 0xff,
  0xf8, 0xfe, 0x00, 0x02, 0x7f, 0xff, 0xf8, 0xfa, 0x00, 0x02, 0x7f, 0xff, 0xf8, 0xfe, 0x00, 0x02, 0x7f, 0xff, 0xf8, 0xfa, 0x00, 0x02, 0x7f, 0xff,
  0xf8, 0xfe, 0x00, 0x02, 0x7f, 0xff, 0xf0, 0xfa, 0x00, 0x02, 0x7f, 0xff, 0xf8, 0xfe, 0x00, 0x02, 0x7f, 0xff, 0xf0, 0xfa, 0x00, 0x02, 0x7f, 0xff,
  0xf0, 0xfe, 0x00, 0x02, 0x7f, 0xff, 0xf0, 0xfa, 0x00, 0x08, 0x7f, 0xff, 0xf0, 0x06, 0x00, 0x00, 0x7f, 0xff, 0xe0, 0xfa, 0x00, 0x08, 0x3f, 0xff,
  0xf0, 0x0f, 0x81, 0xf8, 0x7f, 0xff, 0xe0, 0xfa, 0x00, 0x08, 0x3f, 0xff, 0xf0, 0x1f, 0xff, 0xf8, 0x7f, 0xff, 0xc0, 0xfa, 0x00, 0x08, 0x1f, 0xff,
  0xe0, 0x1f, 0xff, 0xf8, 0x3f, 0xff, 0xc0, 0xfa, 0x00, 0x08, 0x0f, 0xff, 0xe0, 0x1f, 0xff, 0xf8, 0x3f, 0xff, 0x80, 0xfa, 0x00, 0x07, 0x03, 0xff,
  0x80, 0x0f, 0xff, 0xf0, 0x0f, 0xff, 0xf8, 0x00, 0x06, 0x3c, 0x00, 0x07, 0xff, 0xe0, 0x01, 0xfc, 0xf6, 0x00, 0x02, 0x07, 0xff, 0xc0, 0xf3, 0x00,
  0x01, 0xff, 0x80, 0xf3, 0x00, 0x00, 0x1c, 0x81, 0x00, 0x81, 0x00, 0xd9, 0x00, 0x81, 0x00, 0xad, 0x00, 0x01, 0xff, 0xe0, 0xfd, 0x00, 0x01, 0x7f,
  0xf8, 0xfa, 0x00, 0x02, 0x01, 0xff, 0xf8, 0xfe, 0x00, 0x02, 0x01, 0xff, 0xfc, 0xfa, 0x00, 0x02, 0x07, 0xff, 0xfc, 0xfe, 0x00, 0x02, 0x03, 0xff,
  0xfe, 0xfa, 0x00, 0x02, 0x07, 0xff, 0xfe, 0xfe, 0x00, 0x02, 0x03, 0xff, 0xff, 0xfa, 0x00, 0x02, 0x0f, 0xff, 0xfe, 0xfe, 0x00, 0x03, 0x07, 0xff,
  0xff, 0x80, 0xfb, 0x00, 0x02, 0x0f, 0xff, 0xfe, 0xfe, 0x00, 0x03, 0x07, 0xff, 0xff, 0x80, 0xfb, 0x00, 0x02, 0x1f, 0xff, 0xff, 0xfe, 0x00, 0x03,
  0x07, 0xff, 0xff, 0x80, 0xfb, 0x00, 0x02, 0x1f, 0xff, 0xff, 0xfe, 0x00, 0x03, 0x07, 0xff, 0xff, 0xc0, 0xfb, 0x00, 0x02, 0x1f, 0xff, 0xff, 0xfe,
  0x00, 0x03, 0x07, 0xff, 0xff, 0xc0, 0xfb, 0x00, 0x02, 0x1f, 0xff, 0xff, 0xfe, 0x00, 0x03, 0x07, 0xff, 0xff, 0xc0, 0xfb, 0x00, 0x02, 0x1f, 0xff,
  0xff, 0xfe, 0x00, 0x03, 0x07, 0xff, 0xff, 0xc0, 0xfb, 0x00, 0x02, 0x1f, 0xff, 0xff, 0xfe, 0x00, 0x03, 0x07, 0xff, 0xff, 0xc0, 0xfb, 0x00, 0x02,
  0x1f, 0xff, 0xff, 0xfe, 0x00, 0x03, 0x07, 0xff, 0xff, 0xc0, 0xfb, 0x00, 0x02, 0x1f, 0xff, 0xff, 0xfe, 0x00, 0x03, 0x07, 0xff, 0xff, 0xc0, 0xfb,
  0x00, 0x02, 0x1f, 0xff, 0xff, 0xfe, 0x00, 0x03, 0x07, 0xff, 0xff, 0xc0, 0xfb, 0x00, 0x02, 0x1f, 0xff, 0xff, 0xfe, 0x00, 0x03, 0x07, 0xff, 0xff,
  0xc0, 0xfb, 0x00, 0x02, 0x1f, 0xff, 0xff, 0xfe, 0x00, 0x03, 0x07, 0xff, 0xff, 0xc0, 0xfb, 0x00, 0x02, 0x1f, 0xff, 0xff, 0xfe, 0x00, 0x03, 0x07,
  0xff, 0xff, 0xc0, 0xfb, 0x00, 0x02, 0x1f, 0xff, 0xff, 0xfe, 0x00, 0x03, 0x07, 0xff, 0xff, 0xc0, 0xfb, 0x00, 0x02, 0x1f, 0xff, 0xff, 0xfe, 0x00,
  0x03, 0x07, 0xff, 0xff, 0xc0, 0xfb, 0x00, 0x02, 0x1f, 0xff, 0xff, 0xfe, 0x00, 0x03, 0x07, 0xff, 0xff, 0x80, 0xfb, 0x00, 0x02, 0x0f, 0xff, 0xff,
  0xfe, 0x00, 0x03, 0x07, 0xff, 0xff, 0x80, 0xfb, 0x00, 0x02, 0x0f, 0xff, 0xff, 0xfe, 0x00, 0x03, 0x07, 0xff, 0xff, 0x80, 0xfb, 0x00, 0x02, 0x0f,
  0xff, 0xfe, 0xfe, 0x00, 0x02, 0x07, 0xff, 0xff, 0xfa, 0x00, 0x08, 0x07, 0xff, 0xfe, 0x03, 0x80, 0x0e, 0x03, 0xff, 0xff, 0xfa, 0x00, 0x08, 0x07,
  0xff, 0xfe, 0x07, 0xe0, 0x3f, 0x03, 0xff, 0xfe, 0xfa, 0x00, 0x08, 0x03, 0xff, 0xfe, 0x07, 0xff, 0xff, 0x01, 0xff, 0xfe, 0xfa, 0x00, 0x08, 0x01,
  0xff, 0xfc, 0x07, 0xff, 0xff, 0x00, 0xff, 0xf8, 0xf9, 0x00, 0x07, 0x7f, 0xf0, 0x07, 0xff, 0xfe, 0x00, 0x7f, 0xe0, 0xf9, 0x00, 0x04, 0x02, 0x00,
  0x03, 0xff, 0xfc, 0xf4, 0x00, 0x02, 0x01, 0xff, 0xfc, 0xf3, 0x00, 0x01, 0x3f, 0xe0, 0x81, 0x00, 0x81, 0x00, 0xca, 0x00, 0x81, 0x00, 0xad, 0x00,
  0x01, 0xff, 0xe0, 0xfd, 0x00, 0x01, 0x7f, 0xf8, 0xfa, 0x00, 0x02, 0x01, 0xff, 0xf8, 0xfe, 0x00, 0x02, 0x01, 0xff, 0xfe, 0xfa, 0x00, 0x02, 0x07,
  0xff, 0xfc, 0xfe, 0x00, 0x02, 0x03, 0xff, 0xfe, 0xfa, 0x00, 0x02, 0x07, 0xff, 0xfe, 0xfe, 0x00, 0x02, 0x03, 0xff, 0xff, 0xfa, 0x00, 0x02, 0x0f,
  0xff, 0xfe, 0xfe, 0x00, 0x03, 0x07, 0xff, 0xff, 0x80, 0xfb, 0x00, 0x02, 0x0f, 0xff, 0xfe, 0xfe, 0x00, 0x03, 0x07, 0xff, 0xff, 0x80, 0xfb, 0x00,
  0x02, 0x1f, 0xff, 0xff, 0xfe, 0x00, 0x03, 0x07, 0xff, 0xff, 0x80, 0xfb, 0x00, 0x02, 0x1f, 0xff, 0xff, 0xfe, 0x00, 0x03, 0x07, 0xff, 0xff, 0xc0,
  0xfb, 0x00, 0x02, 0x1f, 0xff, 0xff, 0xfe, 0x00, 0x03, 0x07, 0xff, 0xff, 0xc0, 0xfb, 0x00, 0x02, 0x1f, 0xff, 0xff, 0xfe, 0x00, 0x03, 0x07, 0xff,
  0xff, 0xc0, 0xfb, 0x00, 0x02, 0x1f, 0xff, 0xff, 0xfe, 0x00, 0x03, 0x07, 0xff, 0xff, 0xc0, 0xfb, 0x00, 0x02, 0x1f, 0xff, 0xff, 0xfe, 0x00, 0x03,
  0x07, 0xff, 0xff, 0xc0, 0xfb, 0x00, 0x02, 0x1f, 0xff, 0xff, 0xfe, 0x00, 0x03, 0x07, 0xff, 0xff, 0xc0, 0xfb, 0x00, 0x02, 0x1f, 0xff, 0xff, 0xfe,
  0x00, 0x03, 0x07, 0xff, 0xff, 0xc0, 0xfb, 0x00, 0x02, 0x1f, 0xff, 0xff, 0xfe, 0x00, 0x03, 0x07, 0xff, 0xff, 0xc0, 0xfb, 0x00, 0x02, 0x1f, 0xff,
  0xff, 0xfe, 0x00, 0x03, 0x07, 0xff, 0xff, 0xc0, 0xfb, 0x00, 0x02, 0x1f, 0xff, 0xff, 0xfe, 0x00, 0x03, 0x07, 0xff, 0xff, 0xc0, 0xfb, 0x00, 0x02,
  0x1f, 0xff, 0xff, 0xfe, 0x00, 0x03, 0x07, 0xff, 0xff, 0xc0, 0xfb, 0x00, 0x02, 0x1f, 0xff, 0xff, 0xfe, 0x00, 0x03, 0x07, 0xff, 0xff, 0xc0, 0xfb,
  0x00, 0x02, 0x1f, 0xff, 0xff, 0xfe, 0x00, 0x03, 0x07, 0xff, 0xff, 0xc0, 0xfb, 0x00, 0x02, 0x1f, 0xff, 0xff, 0xfe, 0x00, 0x03, 0x07, 0xff, 0xff,
  0x80, 0xfb, 0x00, 0x02, 0x0f, 0xff, 0xff, 0xfe, 0x00, 0x03, 0x07, 0xff, 0xff, 0x80, 0xfb, 0x00, 0x02, 0x0f, 0xff, 0xff, 0xfe, 0x00, 0x03, 0x07,
  0xff, 0xff, 0x80, 0xfb, 0x00, 0x02, 0x0f, 0xff, 0xfe, 0xfe, 0x00, 0x02, 0x07, 0xff, 0xff, 0xfa, 0x00, 0x08, 0x07, 0xff, 0xfe, 0x03, 0x80, 0x0e,
  0x03, 0xff, 0xff, 0xfa, 0x00, 0x08, 0x07, 0xff, 0xfe, 0x07, 0xe0, 0x3f, 0x03, 0xff, 0xfe, 0xfa, 0x00, 0x08, 0x03, 0xff, 0xfe, 0x07, 0xff, 0xff,
  0x01, 0xff, 0xfe, 0xfa, 0x00, 0x08, 0x01, 0xff, 0xfc, 0x07, 0xff, 0xff, 0x00, 0xff, 0xf8, 0xf9, 0x00, 0x07, 0x7f, 0xf0, 0x07, 0xff, 0xfe, 0x00,
  0x7f, 0xe0, 0xf9, 0x00, 0x04, 0x02, 0x00, 0x03, 0xff, 0xfe, 0xf4, 0x00, 0x02, 0x01, 0xff, 0xfc, 0xf3, 0x00, 0x01, 0x3f, 0xe0, 0x81, 0x00, 0x81,
  0x00, 0xca, 0x00, 0x81, 0x00, 0xed, 0x00, 0x01, 0x1f, 0xe0, 0xfd, 0x00, 0x01, 0x3f, 0xf8, 0xf9, 0x00, 0x01, 0xff, 0xf8, 0xfd, 0x00, 0x01, 0xff,
  0xfe, 0xfa, 0x00, 0x02, 0x03, 0xff, 0xfc, 0xfe, 0x00, 0x02, 0x01, 0xff, 0xff, 0xfa, 0x00, 0x02, 0x03, 0xff, 0xfe, 0xfe, 0x00, 0x03, 0x01, 0xff,
  0xff, 0x80, 0xfb, 0x00, 0x02, 0x07, 0xff, 0xff, 0xfe, 0x00, 0x03, 0x03, 0xff, 0xff, 0x80, 0xfb, 0x00, 0x02, 0x07, 0xff, 0xff, 0xfe, 0x00, 0x03,
  0x03, 0xff, 0xff, 0xc0, 0xfb, 0x00, 0x02, 0x0f, 0xff, 0xff, 0xfe, 0x00, 0x03, 0x03, 0xff, 0xff, 0xc0, 0xfb, 0x00, 0x02, 0x0f, 0xff, 0xff, 0xfe,
  0x00, 0x03, 0x03, 0xff, 0xff, 0xc0, 0xfb, 0x00, 0x09, 0x0f, 0xff, 0xff, 0x80, 0x00, 0x00, 0x03, 0xff, 0xff, 0xc0, 0xfb, 0x00, 0x02, 0x0f, 0xff,
  0xff, 0xfe, 0x00, 0x03, 0x03, 0xff, 0xff, 0xe0, 0xfb, 0x00, 0x09, 0x0f, 0xff, 0xff, 0x80, 0x00, 0x00, 0x03, 0xff, 0xff, 0xe0, 0xfb, 0x00, 0x09,
  0x1f, 0xff, 0xff, 0x80, 0x00, 0x00, 0x03, 0xff, 0xff, 0xe0, 0xfb, 0x00, 0x02, 0x1f, 0xff, 0xff, 0xfe, 0x00, 0x03, 0x03, 0xff, 0xff, 0xe0, 0xfb,
  0x00, 0x02, 0x1f, 0xff, 0xff, 0xfe, 0x00, 0x03, 0x03, 0xff, 0xff, 0xe0, 0xfb, 0x00, 0x02, 0x1f, 0xff, 0xff, 0xfe, 0x00, 0x03, 0x03, 0xff, 0xff,
  0xe0, 0xfb, 0x00, 0x02, 0x1f, 0xff, 0xff, 0xfe, 0x00, 0x03, 0x03, 0xff, 0xff, 0xe0, 0xfb, 0x00, 0x02, 0x0f, 0xff, 0xff, 0xfe, 0x00, 0x03, 0x03,
  0xff, 0xff, 0xe0, 0xfb, 0x00, 0x02, 0x0f, 0xff, 0xff, 0xfe, 0x00, 0x03, 0x03, 0xff, 0xff, 0xe0, 0xfb, 0x00, 0x02, 0x0f, 0xff, 0xff, 0xfe, 0x00,
  0x03, 0x03, 0xff, 0xff, 0xc0, 0xfb, 0x00, 0x02, 0x0f, 0xff, 0xff, 0xfe, 0x00, 0x03, 0x03, 0xff, 0xff, 0xc0, 0xfb, 0x00, 0x02, 0x0f, 0xff, 0xff,
  0xfe, 0x00, 0x03, 0x03, 0xff, 0xff, 0xc0, 0xfb, 0x00, 0x02, 0x0f, 0xff, 0xff, 0xfe, 0x00, 0x03, 0x03, 0xff, 0xff, 0xc0, 0xfb, 0x00, 0x02, 0x0f,
  0xff, 0xff, 0xfe, 0x00, 0x03, 0x03, 0xff, 0xff, 0xc0, 0xfb, 0x00, 0x02, 0x07, 0xff, 0xff, 0xfe, 0x00, 0x03, 0x03, 0xff, 0xff, 0x80, 0xfb, 0x00,
  0x09, 0x07, 0xff, 0xff, 0x01, 0xc0, 0x06, 0x03, 0xff, 0xff, 0x80, 0xfb, 0x00, 0x08, 0x03, 0xff, 0xff, 0x03, 0xe0, 0x1f, 0x01, 0xff, 0xff, 0xfa,
  0x00, 0x08, 0x03, 0xff, 0xff, 0x03, 0xfc, 0x3f, 0x81, 0xff, 0xff, 0xfa, 0x00, 0x08, 0x01, 0xff, 0xfe, 0x03, 0xff, 0xff, 0x80, 0xff, 0xfe, 0xf9,
  0x00, 0x07, 0xff, 0xf8, 0x03, 0xff, 0xff, 0x00, 0x3f, 0xf8, 0xf9, 0x00, 0x04, 0x3f, 0xe0, 0x01, 0xff, 0xff, 0xf3, 0x00, 0x01, 0xff, 0xfe, 0xf3,
  0x00, 0x01, 0x3f, 0xf8, 0xf3, 0x00, 0x00, 0x02, 0x81, 0x00, 0x81, 0x00, 0x99, 0x00, 0x81, 0x00, 0xed, 0x00, 0x01, 0x1f, 0xe0, 0xfd, 0x00, 0x01,
  0x3f, 0xf8, 0xf9, 0x00, 0x01, 0xff, 0xf8, 0xfd, 0x00, 0x01, 0xff, 0xfe, 0xfa, 0x00, 0x02, 0x03, 0xff, 0xfc, 0xfe, 0x00, 0x02, 0x01, 0xff, 0xff,
  0xfa, 0x00, 0x02, 0x03, 0xff, 0xfe, 0xfe, 0x00, 0x03, 0x01, 0xff, 0xff, 0x80, 0xfb, 0x00, 0x02, 0x07, 0xff, 0xff, 0xfe, 0x00, 0x03, 0x03, 0xff,
  0xff, 0x80, 0xfb, 0x00, 0x02, 0x07, 0xff, 0xff, 0xfe, 0x00, 0x03, 0x03, 0xff, 0xff, 0xc0, 0xfb, 0x00, 0x02, 0x0f, 0xff, 0xff, 0xfe, 0x00, 0x03,
  0x03, 0xff, 0xff, 0xc0, 0xfb, 0x00, 0x02, 0x0f, 0xff, 0xff, 0xfe, 0x00, 0x03, 0x03, 0xff, 0xff, 0xc0, 0xfb, 0x00, 0x09, 0x0f, 0xff, 0xff, 0x80,
  0x00, 0x00, 0x03, 0xff, 0xff, 0xc0, 0xfb, 0x00, 0x09, 0x0f, 0xff, 0xff, 0x80, 0x00, 0x00, 0x03, 0xff, 0xff, 0xe0, 0xfb, 0x00, 0x09, 0x0f, 0xff,
  0xff, 0x80, 0x00, 0x00, 0x03, 0xff, 0xff, 0xe0, 0xfb, 0x00, 0x09, 0x1f, 0xff, 0xff, 0x80, 0x00, 0x00, 0x03, 0xff, 0xff, 0xe0, 0xfb, 0x00, 0x02,
  0x1f, 0xff, 0xff, 0xfe, 0x00, 0x03, 0x03, 0xff, 0xff, 0xe0, 0xfb, 0x00, 0x02, 0x1f, 0xff, 0xff, 0xfe, 0x00, 0x03, 0x03, 0xff, 0xff, 0xe0, 0xfb,
  0x00, 0x02, 0x1f, 0xff, 0xff, 0xfe, 0x00, 0x03, 0x03, 0xff, 0xff, 0xe0, 0xfb, 0x00, 0x02, 0x1f, 0xff, 0xff, 0xfe, 0x00, 0x03, 0x03, 0xff, 0xff,
  0xe0, 0xfb, 0x00, 0x02, 0x0f, 0xff, 0xff, 0xfe, 0x00, 0x03, 0x03, 0xff, 0xff, 0xe0, 0xfb, 0x00, 0x02, 0x0f, 0xff, 0xff, 0xfe, 0x00, 0x03, 0x03,
  0xff, 0xff, 0xe0, 0xfb, 0x00, 0x02, 0x0f, 0xff, 0xff, 0xfe, 0x00, 0x03, 0x03, 0xff, 0xff, 0xc0, 0xfb, 0x00, 0x02, 0x0f, 0xff, 0xff, 0xfe, 0x00,
  0x03, 0x03, 0xff, 0xff, 0xc0, 0xfb, 0x00, 0x02, 0x0f, 0xff, 0xff, 0xfe, 0x00, 0x03, 0x03, 0xff, 0xff, 0xc0, 0xfb, 0x00, 0x02, 0x0f, 0xff, 0xff,
  0xfe, 0x00, 0x03, 0x03, 0xff, 0xff, 0xc0, 0xfb, 0x00, 0x02, 0x0f, 0xff, 0xff, 0xfe, 0x00, 0x03, 0x03, 0xff, 0xff, 0xc0, 0xfb, 0x00, 0x02, 0x07,
  0xff, 0xff, 0xfe, 0x00, 0x03, 0x03, 0xff, 0xff, 0x80, 0xfb, 0x00, 0x09, 0x07, 0xff, 0xff, 0x01, 0xc0, 0x06, 0x03, 0xff, 0xff, 0x80, 0xfb, 0x00,
  0x08, 0x03, 0xff, 0xff, 0x03, 0xe0, 0x1f, 0x01, 0xff, 0xff, 0xfa, 0x00, 0x08, 0x03, 0xff, 0xff, 0x03, 0xff, 0xff, 0x81, 0xff, 0xff, 0xfa, 0x00,
  0x08, 0x01, 0xff, 0xfe, 0x03, 0xff, 0xff, 0x80, 0xff, 0xfe, 0xf9, 0x00, 0x07, 0xff, 0xf8, 0x03, 0xff, 0xff, 0x00, 0x3f, 0xf8, 0xf9, 0x00, 0x04,
  0x3f, 0xf0, 0x01, 0xff, 0xff, 0xf3, 0x00, 0x01, 0xff, 0xfe, 0xf3, 0x00, 0x01, 0x3f, 0xf8, 0xf3, 0x00, 0x00, 0x02, 0x81, 0x00, 0x81, 0x00, 0x99,
  0x00, 0x81, 0x00, 0xed, 0x00, 0x01, 0x3f, 0xe0, 0xfd, 0x00, 0x01, 0x3f, 0xf8, 0xf9, 0x00, 0x01, 0xff, 0xf8, 0xfd, 0x00, 0x01, 0xff, 0xfe, 0xfa,
  0x00, 0x02, 0x03, 0xff, 0xfc, 0xfe, 0x00, 0x02, 0x01, 0xff, 0xff, 0xfa, 0x00, 0x02, 0x03, 0xff, 0xfe, 0xfe, 0x00, 0x03, 0x01, 0xff, 0xff, 0x80,
  0xfb, 0x00, 0x02, 0x07, 0xff, 0xff, 0xfe, 0x00, 0x03, 0x03, 0xff, 0xff, 0x80, 0xfb, 0x00, 0x02, 0x07, 0xff, 0xff, 0xfe, 0x00, 0x03, 0x03, 0xff,
  0xff, 0xc0, 0xfb, 0x00, 0x02, 0x0f, 0xff, 0xff, 0xfe, 0x00, 0x03, 0x07, 0xff, 0xff, 0xc0, 0xfb, 0x00, 0x02, 0x0f, 0xff, 0xff, 0xfe, 0x00, 0x03,
  0x03, 0xff, 0xff, 0xc0, 0xfb, 0x00, 0x02, 0x0f, 0xff, 0xff, 0xfe, 0x00, 0x03, 0x07, 0xff, 0xff, 0xc0, 0xfb, 0x00, 0x02, 0x0f, 0xff, 0xff, 0xfe,
  0x00, 0x03, 0x03, 0xff, 0xff, 0xe0, 0xfb, 0x00, 0x09, 0x0f, 0xff, 0xff, 0x80, 0x00, 0x00, 0x03, 0xff, 0xff, 0xe0, 0xfb, 0x00, 0x02, 0x1f, 0xff,
  0xff, 0xfe, 0x00, 0x03, 0x03, 0xff, 0xff, 0xe0, 0xfb, 0x00, 0x02, 0x1f, 0xff, 0xff, 0xfe, 0x00, 0x03, 0x03, 0xff, 0xff, 0xe0, 0xfb, 0x00, 0x02,
  0x1f, 0xff, 0xff, 0xfe, 0x00, 0x03, 0x03, 0xff, 0xff, 0xe0, 0xfb, 0x00, 0x02, 0x1f, 0xff, 0xff, 0xfe, 0x00, 0x03, 0x03, 0xff, 0xff, 0xe0, 0xfb,
  0x00, 0x02, 0x1f, 0xff, 0xff, 0xfe, 0x00, 0x03, 0x03, 0xff, 0xff, 0xe0, 0xfb, 0x00, 0x02, 0x0f, 0xff, 0xff, 0xfe, 0x00, 0x03, 0x03, 0xff, 0xff,
  0xe0, 0xfb, 0x00, 0x02, 0x0f, 0xff, 0xff, 0xfe, 0x00, 0x03, 0x03, 0xff, 0xff, 0xe0, 0xfb, 0x00, 0x02, 0x0f, 0xff, 0xff, 0xfe, 0x00, 0x03, 0x03,
  0xff, 0xff, 0xc0, 0xfb, 0x00, 0x02, 0x0f, 0xff, 0xff, 0xfe, 0x00, 0x03, 0x03, 0xff, 0xff, 0xc0, 0xfb, 0x00, 0x02, 0x0f, 0xff, 0xff, 0xfe, 0x00,
  0x03, 0x03, 0xff, 0xff, 0xc0, 0xfb, 0x00, 0x02, 0x0f, 0xff, 0xff, 0xfe, 0x00, 0x03, 0x03, 0xff, 0xff, 0xc0, 0xfb, 0x00, 0x02, 0x0f, 0xff, 0xff,
  0xfe, 0x00, 0x03, 0x03, 0xff, 0xff, 0xc0, 0xfb, 0x00, 0x02, 0x07, 0xff, 0xff, 0xfe, 0x00, 0x03, 0x03, 0xff, 0xff, 0x80, 0xfb, 0x00, 0x09, 0x07,
  0xff, 0xff, 0x01, 0x80, 0x06, 0x03, 0xff, 0xff, 0x80, 0xfb, 0x00, 0x08, 0x03, 0xff, 0xff, 0x03, 0xe0, 0x1f, 0x01, 0xff, 0xff, 0xfa, 0x00, 0x08,
  0x03, 0xff, 0xff, 0x03, 0xfc, 0x7f, 0x81, 0xff, 0xff, 0xfa, 0x00, 0x08, 0x01, 0xff, 0xfe, 0x03, 0xff, 0xff, 0x80, 0xff, 0xfe, 0xf9, 0x00, 0x07,
  0xff, 0xf8, 0x03, 0xff, 0xff, 0x00, 0x3f, 0xf8, 0xf9, 0x00, 0x04, 0x3f, 0xe0, 0x01, 0xff, 0xff, 0xf3, 0x00, 0x01, 0xff, 0xfe, 0xf3, 0x00, 0x01,
  0x3f, 0xf8, 0xf3, 0x00, 0x00, 0x02, 0x81, 0x00, 0x81, 0x00, 0x99, 0x00, 0x81, 0x00, 0xed, 0x00, 0x01, 0x3f, 0xe0, 0xfd, 0x00, 0x01, 0x3f, 0xf8,
  0xf9, 0x00, 0x01, 0xff, 0xf8, 0xfd, 0x00, 0x01, 0xff, 0xfe, 0xfa, 0x00, 0x02, 0x03, 0xff, 0xfc, 0xfe, 0x00, 0x02, 0x01, 0xff, 0xff, 0xfa, 0x00,
  0x02, 0x03, 0xff, 0xfe, 0xfe, 0x00, 0x03, 0x01, 0xff, 0xff, 0x80, 0xfb, 0x00, 0x02, 0x07, 0xff, 0xff, 0xfe, 0x00, 0x03, 0x03, 0xff, 0xff, 0x80,
  0xfb, 0x00, 0x02, 0x07, 0xff, 0xff, 0xfe, 0x00, 0x03, 0x03, 0xff, 0xff, 0xc0, 0xfb, 0x00, 0x02, 0x0f, 0xff, 0xff, 0xfe, 0x00, 0x03, 0x03, 0xff,
  0xff, 0xc0, 0xfb, 0x00, 0x02, 0x0f, 0xff, 0xff, 0xfe, 0x00, 0x03, 0x03, 0xff, 0xff, 0xc0, 0xfb, 0x00, 0x02, 0x0f, 0xff, 0xff, 0xfe, 0x00, 0x03,
  0x03, 0xff, 0xff, 0xc0, 0xfb, 0x00, 0x02, 0x0f, 0xff, 0xff, 0xfe, 0x00, 0x03, 0x03, 0xff, 0xff, 0xe0, 0xfb, 0x00, 0x09, 0x0f, 0xff, 0xff, 0x80,
  0x00, 0x00, 0x03, 0xff, 0xff, 0xe0, 0xfb, 0x00, 0x02, 0x1f, 0xff, 0xff, 0xfe, 0x00, 0x03, 0x03, 0xff, 0xff, 0xe0, 0xfb, 0x00, 0x02, 0x1f, 0xff,
  0xff, 0xfe, 0x00, 0x03, 0x03, 0xff, 0xff, 0xe0, 0xfb, 0x00, 0x02, 0x1f, 0xff, 0xff, 0xfe, 0x00, 0x03, 0x03, 0xff, 0xff, 0xe0, 0xfb, 0x00, 0x02,
  0x1f, 0xff, 0xff, 0xfe, 0x00, 0x03, 0x03, 0xff, 0xff, 0xe0, 0xfb, 0x00, 0x02, 0x1f, 0xff, 0xff, 0xfe, 0x00, 0x03, 0x03, 0xff, 0xff, 0xe0, 0xfb,
  0x00, 0x02, 0x0f, 0xff, 0xff, 0xfe, 0x00, 0x03, 0x03, 0xff, 0xff, 0xe0, 0xfb, 0x00, 0x02, 0x0f, 0xff, 0xff, 0xfe, 0x00, 0x03, 0x03, 0xff, 0xff,
  0xe0, 0xfb, 0x00, 0x02, 0x0f, 0xff, 0xff, 0xfe, 0x00, 0x03, 0x03, 0xff, 0xff, 0xc0, 0xfb, 0x00, 0x02, 0x0f, 0xff, 0xff, 0xfe, 0x00, 0x03, 0x03,
  0xff, 0xff, 0xc0, 0xfb, 0x00, 0x02, 0x0f, 0xff, 0xff, 0xfe, 0x00, 0x03, 0x03, 0xff, 0xff, 0xc0, 0xfb, 0x00, 0x02, 0x0f, 0xff, 0xff, 0xfe, 0x00,
  0x03, 0x03, 0xff, 0xff, 0xc0, 0xfb, 0x00, 0x02, 0x0f, 0xff, 0xff, 0xfe, 0x00, 0x03, 0x03, 0xff, 0xff, 0xc0, 0xfb, 0x00, 0x02, 0x07, 0xff, 0xff,
  0xfe, 0x00, 0x03, 0x03, 0xff, 0xff, 0x80, 0xfb, 0x00, 0x09, 0x07, 0xff, 0xff, 0x01, 0xc0, 0x0e, 0x03, 0xff, 0xff, 0x80, 0xfb, 0x00, 0x08, 0x03,
  0xff, 0xff, 0x03, 0xe0, 0x1f, 0x01, 0xff, 0xff, 0xfa, 0x00, 0x08, 0x03, 0xff, 0xff, 0x03, 0xff, 0xff, 0x81, 0xff, 0xff, 0xfa, 0x00, 0x08, 0x01,
  0xff, 0xfe, 0x03, 0xff, 0xff, 0x80, 0xff, 0xfe, 0xf9, 0x00, 0x07, 0xff, 0xf8, 0x03, 0xff, 0xff, 0x00, 0x3f, 0xf8, 0xf9, 0x00, 0x04, 0x3f, 0xe0,
  0x01, 0xff, 0xff, 0xf3, 0x00, 0x01, 0xff, 0xfe, 0xf3, 0x00, 0x01, 0x3f, 0xf8, 0xf3, 0x00, 0x00, 0x02, 0x81, 0x00, 0x81, 0x00, 0x99, 0x00, 0x81,
  0x00, 0xf6, 0x00, 0x00, 0x40, 0xf9, 0x00, 0x01, 0x7f, 0xf0, 0xfd, 0x00, 0x01, 0x7f, 0xfc, 0xfa, 0x00, 0x02, 0x01, 0xff, 0xfc, 0xfd, 0x00, 0x01,
  0xff, 0xfe, 0xfa, 0x00, 0x02, 0x03, 0xff, 0xfe, 0xfe, 0x00, 0x02, 0x01, 0xff, 0xff, 0xfa, 0x00, 0x02, 0x07, 0xff, 0xff, 0xfe, 0x00, 0x03, 0x03,
  0xff, 0xff, 0x80, 0xfb, 0x00, 0x02, 0x07, 0xff, 0xff, 0xfe, 0x00, 0x03, 0x03, 0xff, 0xff, 0xc0, 0xfb, 0x00, 0x02, 0x0f, 0xff, 0xff, 0xfe, 0x00,
  0x03, 0x03, 0xff, 0xff, 0xc0, 0xfb, 0x00, 0x02, 0x0f, 0xff, 0xff, 0xfe, 0x00, 0x03, 0x07, 0xff, 0xff, 0xc0, 0xfb, 0x00, 0x02, 0x0f, 0xff, 0xff,
  0xfe, 0x00, 0x03, 0x07, 0xff, 0xff, 0xe0, 0xfb, 0x00, 0x09, 0x0f, 0xff, 0xff, 0x80, 0x00, 0x00, 0x07, 0xff, 0xff, 0xe0, 0xfb, 0x00, 0x09, 0x1f,
  0xff, 0xff, 0x80, 0x00, 0x00, 0x07, 0xff, 0xff, 0xe0, 0xfb, 0x00, 0x09, 0x1f, 0xff, 0xff, 0x80, 0x00, 0x00, 0x03, 0xff, 0xff, 0xe0, 0xfb, 0x00,
  0x02, 0x1f, 0xff, 0xff, 0xfe, 0x00, 0x03, 0x03, 0xff, 0xff, 0xe0, 0xfb, 0x00, 0x02, 0x1f, 0xff, 0xff, 0xfe, 0x00, 0x03, 0x03, 0xff, 0xff, 0xe0,
  0xfb, 0x00, 0x02, 0x1f, 0xff, 0xff, 0xfe, 0x00, 0x03, 0x03, 0xff, 0xff, 0xe0, 0xfb, 0x00, 0x02, 0x1f, 0xff, 0xff, 0xfe, 0x00, 0x03, 0x03, 0xff,
  0xff, 0xe0, 0xfb, 0x00, 0x02, 0x1f, 0xff, 0xff, 0xfe, 0x00, 0x03, 0x03, 0xff, 0xff, 0xe0, 0xfb, 0x00, 0x02, 0x1f, 0xff, 0xff, 0xfe, 0x00, 0x03,
  0x03, 0xff, 0xff, 0xe0, 0xfb, 0x00, 0x02, 0x1f, 0xff, 0xff, 0xfe, 0x00, 0x03, 0x03, 0xff, 0xff, 0xe0, 0xfb, 0x00, 0x02, 0x0f, 0xff, 0xff, 0xfe,
  0x00, 0x03, 0x03, 0xff, 0xff, 0xc0, 0xfb, 0x00, 0x02, 0x0f, 0xff, 0xff, 0xfe, 0x00, 0x03, 0x03, 0xff, 0xff, 0xc0, 0xfb, 0x00, 0x02, 0x0f, 0xff,
  0xff, 0xfe, 0x00, 0x03, 0x03, 0xff, 0xff, 0xc0, 0xfb, 0x00, 0x02, 0x0f, 0xff, 0xff, 0xfe, 0x00, 0x03, 0x03, 0xff, 0xff, 0xc0, 0xfb, 0x00, 0x02,
  0x0f, 0xff, 0xff, 0xfe, 0x00, 0x03, 0x03, 0xff, 0xff, 0xc0, 0xfb, 0x00, 0x02, 0x07, 0xff, 0xff, 0xfe, 0x00, 0x03, 0x03, 0xff, 0xff, 0x80, 0xfb,
  0x00, 0x09, 0x07, 0xff, 0xff, 0x01, 0xc0, 0x0f, 0x01, 0xff, 0xff, 0x80, 0xfb, 0x00, 0x08, 0x03, 0xff, 0xff, 0x03, 0xf0, 0x3f, 0x01, 0xff, 0xff,
  0xfa, 0x00, 0x08, 0x03, 0xff, 0xfe, 0x03, 0xff, 0xff, 0x80, 0xff, 0xfe, 0xfa, 0x00, 0x08, 0x01, 0xff, 0xfc, 0x03, 0xff, 0xff, 0x00, 0x7f, 0xfc,
  0xf9, 0x00, 0x07, 0x7f, 0xf8, 0x03, 0xff, 0xff, 0x00, 0x3f, 0xf0, 0xf9, 0x00, 0x04, 0x01, 0x00, 0x01, 0xff, 0xfe, 0xf3, 0x00, 0x01, 0xff, 0xfc,
  0xf3, 0x00, 0x01, 0x3f, 0xf0, 0x81, 0x00, 0x81, 0x00, 0x8a, 0x00, 0x81, 0x00, 0xf7, 0x00, 0x01, 0x01, 0xc0, 0xf9, 0x00, 0x01, 0x7f, 0xf0, 0xfd,
  0x00, 0x01, 0x7f, 0xfc, 0xfa, 0x00, 0x02, 0x01, 0xff, 0xfc, 0xfd, 0x00, 0x01, 0xff, 0xff, 0xfa, 0x00, 0x02, 0x03, 0xff, 0xfe, 0xfe, 0x00, 0x03,
  0x01, 0xff, 0xff, 0x80, 0xfb, 0x00, 0x02, 0x07, 0xff, 0xff, 0xfe, 0x00, 0x03, 0x03, 0xff, 0xff, 0x80, 0xfb, 0x00, 0x02, 0x07, 0xff, 0xff, 0xfe,
  0x00, 0x03, 0x03, 0xff, 0xff, 0xc0, 0xfb, 0x00, 0x02, 0x0f, 0xff, 0xff, 0xfe, 0x00, 0x03, 0x03, 0xff, 0xff, 0xc0, 0xfb, 0x00, 0x02, 0x0f, 0xff,
  0xff, 0xfe, 0x00, 0x03, 0x07, 0xff, 0xff, 0xc0, 0xfb, 0x00, 0x02, 0x0f, 0xff, 0xff, 0xfe, 0x00, 0x03, 0x07, 0xff, 0xff, 0xe0, 0xfb, 0x00, 0x09,
  0x0f, 0xff, 0xff, 0x80, 0x00, 0x00, 0x07, 0xff, 0xff, 0xe0, 0xfb, 0x00, 0x09, 0x1f, 0xff, 0xff, 0x80, 0x00, 0x00, 0x07, 0xff, 0xff, 0xe0, 0xfb,
  0x00, 0x09, 0x1f, 0xff, 0xff, 0x80, 0x00, 0x00, 0x07, 0xff, 0xff, 0xe0, 0xfb, 0x00, 0x02, 0x1f, 0xff, 0xff, 0xfe, 0x00, 0x03, 0x03, 0xff, 0xff,
  0xe0, 0xfb, 0x00, 0x02, 0x1f, 0xff, 0xff, 0xfe, 0x00, 0x03, 0x03, 0xff, 0xff, 0xe0, 0xfb, 0x00, 0x02, 0x1f, 0xff, 0xff, 0xfe, 0x00, 0x03, 0x03,
  0xff, 0xff, 0xe0, 0xfb, 0x00, 0x02, 0x1f, 0xff, 0xff, 0xfe, 0x00, 0x03, 0x03, 0xff, 0xff, 0xe0, 0xfb, 0x00, 0x02, 0x1f, 0xff, 0xff, 0xfe, 0x00,
  0x03, 0x03, 0xff, 0xff, 0xe0, 0xfb, 0x00, 0x02, 0x1f, 0xff, 0xff, 0xfe, 0x00, 0x03, 0x03, 0xff, 0xff, 0xe0, 0xfb, 0x00, 0x02, 0x1f, 0xff, 0xff,
  0xfe, 0x00, 0x03, 0x03, 0xff, 0xff, 0xe0, 0xfb, 0x00, 0x02, 0x0f, 0xff, 0xff, 0xfe, 0x00, 0x03, 0x03, 0xff, 0xff, 0xc0, 0xfb, 0x00, 0x02, 0x0f,
  0xff, 0xff, 0xfe, 0x00, 0x03, 0x03, 0xff, 0xff, 0xc0, 0xfb, 0x00, 0x02, 0x0f, 0xff, 0xff, 0xfe, 0x00, 0x03, 0x03, 0xff, 0xff, 0xc0, 0xfb, 0x00,
  0x02, 0x0f, 0xff, 0xff, 0xfe, 0x00, 0x03, 0x03, 0xff, 0xff, 0xc0, 0xfb, 0x00, 0x02, 0x0f, 0xff, 0xff, 0xfe, 0x00, 0x03, 0x03, 0xff, 0xff, 0xc0,
  0xfb, 0x00, 0x09, 0x07, 0xff, 0xff, 0x00, 0x00, 0x06, 0x03, 0xff, 0xff, 0x80, 0xfb, 0x00, 0x09, 0x07, 0xff, 0xff, 0x03, 0xe0, 0x0f, 0x03, 0xff,
  0xff, 0x80, 0xfb, 0x00, 0x08, 0x03, 0xff, 0xff, 0x03, 0xf8, 0x3f, 0x81, 0xff, 0xff, 0xfa, 0x00, 0x08, 0x03, 0xff, 0xff, 0x03, 0xff, 0xff, 0x81,
  0xff, 0xff, 0xfa, 0x00, 0x08, 0x01, 0xff, 0xff, 0x03, 0xff, 0xff, 0x01, 0xff, 0xfe, 0xf9, 0x00, 0x07, 0xff, 0xfe, 0x03, 0xff, 0xff, 0x00, 0xff,
  0xfc, 0xf6, 0x00, 0x04, 0xff, 0xff, 0x00, 0xff, 0xf8, 0xf6, 0x00, 0x01, 0x7f, 0xf8, 0xf3, 0x00, 0x01, 0x0f, 0xc0, 0x81, 0x00, 0x81, 0x00, 0x8a,
  0x00, 0x81, 0x00, 0xdd, 0x00, 0x01, 0x1f, 0x80, 0xfd, 0x00, 0x01, 0x1f, 0xf8, 0xf9, 0x00, 0x01, 0x7f, 0xf8, 0xfd, 0x00, 0x01, 0x7f, 0xfe, 0xfa,
  0x00, 0x02, 0x01, 0xff, 0xfc, 0xfe, 0x00, 0x02, 0x01, 0xff, 0xff, 0xfa, 0x00, 0x02, 0x03, 0xff, 0xfe, 0xfe, 0x00, 0x02, 0x01, 0xff, 0xff, 0xfa,
  0x00, 0x02, 0x07, 0xff, 0xfe, 0xfe, 0x00, 0x03, 0x03, 0xff, 0xff, 0x80, 0xfb, 0x00, 0x02, 0x07, 0xff, 0xff, 0xfe, 0x00, 0x03, 0x03, 0xff, 0xff,
  0x80, 0xfb, 0x00, 0x02, 0x07, 0xff, 0xff, 0xfe, 0x00, 0x03, 0x03, 0xff, 0xff, 0xc0, 0xfb, 0x00, 0x02, 0x0f, 0xff, 0xff, 0xfe, 0x00, 0x03, 0x03,
  0xff, 0xff, 0xc0, 0xfb, 0x00, 0x02, 0x0f, 0xff, 0xff, 0xfe, 0x00, 0x03, 0x03, 0xff, 0xff, 0xc0, 0xfb, 0x00, 0x02, 0x0f, 0xff, 0xff, 0xfe, 0x00,
  0x03, 0x03, 0xff, 0xff, 0xc0, 0xfb, 0x00, 0x02, 0x0f, 0xff, 0xff, 0xfe, 0x00, 0x03, 0x03, 0xff, 0xff, 0xe0, 0xfb, 0x00, 0x02, 0x0f, 0xff, 0xff,
  0xfe, 0x00, 0x03, 0x03, 0xff, 0xff, 0xe0, 0xfb, 0x00, 0x02, 0x0f, 0xff, 0xff, 0xfe, 0x00, 0x03, 0x03, 0xff, 0xff, 0xe0, 0xfb, 0x00, 0x02, 0x0f,
  0xff, 0xff, 0xfe, 0x00, 0x03, 0x03, 0xff, 0xff, 0xe0, 0xfb, 0x00, 0x02, 0x1f, 0xff, 0xff, 0xfe, 0x00, 0x03, 0x03, 0xff, 0xff, 0xe0, 0xfb, 0x00,
  0x09, 0x0f, 0xff, 0xff, 0x80, 0x00, 0x00, 0x03, 0xff, 0xff, 0xe0, 0xfb, 0x00, 0x02, 0x0f, 0xff, 0xff, 0xfe, 0x00, 0x03, 0x03, 0xff, 0xff, 0xe0,
  0xfb, 0x00, 0x09, 0x0f, 0xff, 0xff, 0x80, 0x00, 0x00, 0x03, 0xff, 0xff, 0xc0, 0xfb, 0x00, 0x09, 0x0f, 0xff, 0xff, 0x80, 0x00, 0x00, 0x03, 0xff,
  0xff, 0xc0, 0xfb, 0x00, 0x09, 0x0f, 0xff, 0xff, 0x80, 0x00, 0x00, 0x03, 0xff, 0xff, 0xc0, 0xfb, 0x00, 0x02, 0x0f, 0xff, 0xff, 0xfe, 0x00, 0x03,
  0x03, 0xff, 0xff, 0xc0, 0xfb, 0x00, 0x02, 0x0f, 0xff, 0xff, 0xfe, 0x00, 0x03, 0x03, 0xff, 0xff, 0xc0, 0xfb, 0x00, 0x02, 0x07, 0xff, 0xff, 0xfe,
  0x00, 0x03, 0x03, 0xff, 0xff, 0x80, 0xfb, 0x00, 0x02, 0x07, 0xff, 0xff, 0xfe, 0x00, 0x03, 0x03, 0xff, 0xff, 0x80, 0xfb, 0x00, 0x09, 0x07, 0xff,
  0xff, 0x00, 0x80, 0x06, 0x03, 0xff, 0xff, 0x80, 0xfb, 0x00, 0x08, 0x03, 0xff, 0xff, 0x03, 0xe0, 0x1f, 0x03, 0xff, 0xff, 0xfa, 0x00, 0x08, 0x03,
  0xff, 0xff, 0x03, 0xff, 0xff, 0x03, 0xff, 0xff, 0xfa, 0x00, 0x08, 0x03, 0xff, 0xff, 0x03, 0xff, 0xff, 0x01, 0xff, 0xfe, 0xfa, 0x00, 0x08, 0x01,
  0xff, 0xfe, 0x03, 0xff, 0xff, 0x00, 0xff, 0xfc, 0xf9, 0x00, 0x07, 0x7f, 0xfc, 0x01, 0xff, 0xff, 0x00, 0x7f, 0xf0, 0xf9, 0x00, 0x04, 0x07, 0x80,
  0x00, 0xff, 0xfe, 0xf3, 0x00, 0x01, 0x3f, 0xf8, 0xf3, 0x00, 0x01, 0x0f, 0xe0, 0x81, 0x00, 0x81, 0x00, 0xaa, 0x00, 0x81, 0x00, 0xad, 0x00, 0x01,
  0x0f, 0xc0, 0xfd, 0x00, 0x01, 0x3f, 0xf8, 0xf9, 0x00, 0x01, 0xff, 0xf8, 0xfd, 0x00, 0x01, 0x7f, 0xfe, 0xfa, 0x00, 0x02, 0x01, 0xff, 0xfc, 0xfd,
  0x00, 0x01, 0xff, 0xfe, 0xfa, 0x00, 0x02, 0x03, 0xff, 0xfe, 0xfe, 0x00, 0x02, 0x01, 0xff, 0xff, 0xfa, 0x00, 0x02, 0x03, 0xff, 0xfe, 0xfe, 0x00,
  0x03, 0x01, 0xff, 0xff, 0x80, 0xfb, 0x00, 0x02, 0x07, 0xff, 0xfe, 0xfe, 0x00, 0x03, 0x03, 0xff, 0xff, 0x80, 0xfb, 0x00, 0x02, 0x0f, 0xff, 0xff,
  0xfe, 0x00, 0x03, 0x03, 0xff, 0xff, 0xc0, 0xfb, 0x00, 0x02, 0x0f, 0xff, 0xff, 0xfe, 0x00, 0x03, 0x03, 0xff, 0xff, 0xc0, 0xfb, 0x00, 0x02, 0x0f,
  0xff, 0xff, 0xfe, 0x00, 0x03, 0x03, 0xff, 0xff, 0xc0, 0xfb, 0x00, 0x02, 0x0f, 0xff, 0xff, 0xfe, 0x00, 0x03, 0x03, 0xff, 0xff, 0xc0, 0xfb, 0x00,
  0x02, 0x0f, 0xff, 0xff, 0xfe, 0x00, 0x03, 0x03, 0xff, 0xff, 0xc0, 0xfb, 0x00, 0x02, 0x0f, 0xff, 0xff, 0xfe, 0x00, 0x03, 0x03, 0xff, 0xff, 0xe0,
  0xfb, 0x00, 0x02, 0x0f, 0xff, 0xff, 0xfe, 0x00, 0x03, 0x03, 0xff, 0xff, 0xe0, 0xfb, 0x00, 0x02, 0x0f, 0xff, 0xff, 0xfe, 0x00, 0x03, 0x03, 0xff,
  0xff, 0xe0, 0xfb, 0x00, 0x02, 0x0f, 0xff, 0xff, 0xfe, 0x00, 0x03, 0x03, 0xff, 0xff, 0xe0, 0xfb, 0x00, 0x02, 0x0f, 0xff, 0xff, 0xfe, 0x00, 0x03,
  0x03, 0xff, 0xff, 0xe0, 0xfb, 0x00, 0x02, 0x0f, 0xff, 0xff, 0xfe, 0x00, 0x03, 0x03, 0xff, 0xff, 0xe0, 0xfb, 0x00, 0x02, 0x0f, 0xff, 0xff, 0xfe,
  0x00, 0x03, 0x03, 0xff, 0xff, 0xc0, 0xfb, 0x00, 0x02, 0x0f, 0xff, 0xff, 0xfe, 0x00, 0x03, 0x03, 0xff, 0xff, 0xc0, 0xfb, 0x00, 0x09, 0x0f, 0xff,
  0xff, 0x80, 0x00, 0x00, 0x03, 0xff, 0xff, 0xc0, 0xfb, 0x00, 0x09, 0x0f, 0xff, 0xff, 0x80, 0x00, 0x00, 0x03, 0xff, 0xff, 0xc0, 0xfb, 0x00, 0x09,
  0x0f, 0xff, 0xff, 0x80, 0x00, 0x00, 0x07, 0xff, 0xff, 0xc0, 0xfb, 0x00, 0x09, 0x0f, 0xff, 0xff, 0x80, 0x00, 0x00, 0x07, 0xff, 0xff, 0xc0, 0xfb,
  0x00, 0x09, 0x07, 0xff, 0xff, 0x80, 0x80, 0x06, 0x07, 0xff, 0xff, 0x80, 0xfb, 0x00, 0x09, 0x07, 0xff, 0xff, 0x83, 0xf0, 0x3f, 0x07, 0xff, 0xff,
  0x80, 0xfb, 0x00, 0x09, 0x07, 0xff, 0xff, 0x83, 0xff, 0xff, 0x87, 0xff, 0xff, 0x80, 0xfb, 0x00, 0x09, 0x07, 0xff, 0xff, 0x83, 0xff, 0xff, 0x87,
  0xff, 0xff, 0x80, 0xfb, 0x00, 0x09, 0x07, 0xff, 0xff, 0x83, 0xff, 0xff, 0x87, 0xff, 0xff, 0x80, 0xfb, 0x00, 0x09, 0x03, 0xff, 0xff, 0x83, 0xff,
  0xff, 0x87, 0xff, 0xff, 0x80, 0xfb, 0x00, 0x08, 0x03, 0xff, 0xff, 0x83, 0xff, 0xff, 0x87, 0xff, 0xff, 0xfa, 0x00, 0x08, 0x03, 0xff, 0xff, 0x83,
  0xff, 0xff, 0x83, 0xff, 0xff, 0xfa, 0x00, 0x08, 0x01, 0xff, 0xff, 0x83, 0xff, 0xff, 0x03, 0xff, 0xfe, 0xf9, 0x00, 0x07, 0xff, 0xff, 0x83, 0xff,
  0xff, 0x03, 0xff, 0xf0, 0xf9, 0x00, 0x07, 0x0f, 0xff, 0x01, 0xff, 0xff, 0x00, 0x7f, 0x80, 0xf7, 0x00, 0x02, 0x01, 0xff, 0xff, 0xf4, 0x00, 0x02,
  0x01, 0xff, 0xfe, 0xf3, 0x00, 0x01, 0x7f, 0xfc, 0xf3, 0x00, 0x01, 0x1f, 0xf0, 0x81, 0x00, 0xaa, 0x00, 0x81, 0x00, 0x81, 0x00, 0x81, 0x00, 0x81,
  0x00, 0x9d, 0x00, 0x00, 0x40, 0xfc, 0x00, 0x02, 0x03, 0xff, 0x80, 0xfb, 0x00, 0x02, 0x07, 0xff, 0xf0, 0xfe, 0x00, 0x03, 0x01, 0xff, 0xff, 0xc0,
  0xfb, 0x00, 0x09, 0x0f, 0xff, 0xff, 0x80, 0x00, 0x00, 0x03, 0xff, 0xff, 0xc0, 0xfb, 0x00, 0x09, 0x0f, 0xff, 0xff, 0x80, 0x00, 0x00, 0x07, 0xff,
  0xff, 0xc0, 0xfb, 0x00, 0x09, 0x0f, 0xff, 0xff, 0xc0, 0x00, 0x00, 0x07, 0xff, 0xff, 0xc0, 0xfb, 0x00, 0x09, 0x07, 0xff, 0xff, 0xc0, 0x00, 0x00,
  0x07, 0xff, 0xff, 0xc0, 0xfb, 0x00, 0x09, 0x07, 0xff, 0xff, 0xc0, 0x00, 0x00, 0x0f, 0xff, 0xff, 0x80, 0xfb, 0x00, 0x08, 0x03, 0xff, 0xff, 0xc0,
  0x00, 0x00, 0x07, 0xff, 0xff, 0xfa, 0x00, 0x08, 0x01, 0xff, 0xff, 0xc0, 0x00, 0x02, 0x07, 0xff, 0xfc, 0xf9, 0x00, 0x07, 0x3f, 0xff, 0x83, 0xc0,
  0x0f, 0x03, 0xff, 0xf0, 0xf8, 0x00, 0x04, 0x60, 0x03, 0xff, 0xff, 0x80, 0xf5, 0x00, 0x02, 0x01, 0xff, 0xff, 0xf3, 0x00, 0x01, 0xff, 0xfe, 0xf3,
  0x00, 0x01, 0x3f, 0xf8, 0xf3, 0x00, 0x01, 0x03, 0x80, 0x81, 0x00, 0xca, 0x00, 0x81, 0x00, 0x81, 0x00, 0x81, 0x00, 0x81, 0x00, 0xbd, 0x00, 0x00,
  0x60, 0xfc, 0x00, 0x01, 0x01, 0xff, 0xfa, 0x00, 0x02, 0x03, 0xff, 0xfc, 0xfd, 0x00, 0x02, 0xff, 0xff, 0x80, 0xfb, 0x00, 0x02, 0x07, 0xff, 0xff,
  0xfe, 0x00, 0x03, 0x03, 0xff, 0xff, 0x80, 0xfb, 0x00, 0x09, 0x07, 0xff, 0xff, 0x80, 0x00, 0x00, 0x03, 0xff, 0xff, 0xc0, 0xfb, 0x00, 0x09, 0x07,
  0xff, 0xff, 0x80, 0x00, 0x00, 0x07, 0xff, 0xff, 0xc0, 0xfb, 0x00, 0x09, 0x0f, 0xff, 0xff, 0xc0, 0x00, 0x00, 0x07, 0xff, 0xff, 0xc0, 0xfb, 0x00,
  0x09, 0x07, 0xff, 0xff, 0xc0, 0x00, 0x00, 0x07, 0xff, 0xff, 0xc0, 0xfb, 0x00, 0x09, 0x07, 0xff, 0xff, 0xc0, 0x00, 0x00, 0x07, 0xff, 0xff, 0x80,
  0xfb, 0x00, 0x09, 0x07, 0xff, 0xff, 0xc0, 0x00, 0x02, 0x07, 0xff, 0xff, 0x80, 0xfb, 0x00, 0x08, 0x03, 0xff, 0xff, 0xc1, 0xe0, 0x0f, 0x07, 0xff,
  0xff, 0xfa, 0x00, 0x08, 0x01, 0xff, 0xff, 0xc3, 0xf8, 0x3f, 0x07, 0xff, 0xfc, 0xf9, 0x00, 0x07, 0x3f, 0xff, 0x83, 0xff, 0xff, 0x01, 0xff, 0xe0,
  0xf8, 0x00, 0x03, 0x60, 0x03, 0xff, 0xff, 0xf4, 0x00, 0x02, 0x01, 0xff, 0xff, 0xf3, 0x00, 0x01, 0xff, 0xfe, 0xf3, 0x00, 0x01, 0x3f, 0xf8, 0xf3,
  0x00, 0x00, 0x03, 0x81, 0x00, 0xc9, 0x00, 0x81, 0x00, 0x81, 0x00, 0x81, 0x00, 0x81, 0x00, 0xc6, 0x00, 0x00, 0x0e, 0xfa, 0x00, 0x01, 0x03, 0xff,
  0xfc, 0x00, 0x01, 0x0f, 0xff, 0xfa, 0x00, 0x02, 0x07, 0xff, 0xfe, 0xfe, 0x00, 0x03, 0x01, 0xff, 0xff, 0x80, 0xfb, 0x00, 0x02, 0x07, 0xff, 0xff,
  0xfe, 0x00, 0x03, 0x03, 0xff, 0xff, 0x80, 0xfb, 0x00, 0x09, 0x07, 0xff, 0xff, 0x80, 0x00, 0x00, 0x07, 0xff, 0xff, 0x80, 0xfb, 0x00, 0x09, 0x07,
  0xff, 0xff, 0x80, 0x00, 0x00, 0x07, 0xff, 0xff, 0x80, 0xfb, 0x00, 0x09, 0x07, 0xff, 0xff, 0xc0, 0x00, 0x00, 0x07, 0xff, 0xff, 0x80, 0xfb, 0x00,
  0x09, 0x07, 0xff, 0xff, 0xc0, 0x00, 0x00, 0x07, 0xff, 0xff, 0x80, 0xfb, 0x00, 0x08, 0x03, 0xff, 0xff, 0xc0, 0x00, 0x00, 0x07, 0xff, 0xff, 0xfa,
  0x00, 0x08, 0x01, 0xff, 0xff, 0xc1, 0x80, 0x06, 0x07, 0xff, 0xfe, 0xf9, 0x00, 0x07, 0x7f, 0xff, 0x83, 0xf0, 0x1f, 0x03, 0xff, 0xf8, 0xf9, 0x00,
  0x07, 0x07, 0xff, 0x03, 0xff, 0xff, 0x01, 0xff, 0x80, 0xf7, 0x00, 0x02, 0x01, 0xff, 0xff, 0xf4, 0x00, 0x02, 0x01, 0xff, 0xfe, 0xf3, 0x00, 0x01,
  0x7f, 0xf8, 0xf3, 0x00, 0x01, 0x0f, 0xc0, 0x81, 0x00, 0xaa, 0x00, 0x81, 0x00, 0x81, 0x00, 0x81, 0x00, 0x81, 0x00, 0xc6, 0x00, 0x00, 0x0e, 0xfa,
  0x00, 0x01, 0x03, 0xff, 0xfc, 0x00, 0x01, 0x7f, 0xff, 0xfa, 0x00, 0x02, 0x07, 0xff, 0xfe, 0xfe, 0x00, 0x03, 0x01, 0xff, 0xff, 0x80, 0xfb, 0x00,
  0x02, 0x07, 0xff, 0xff, 0xfe, 0x00, 0x03, 0x03, 0xff, 0xff, 0x80, 0xfb, 0x00, 0x09, 0x07, 0xff, 0xff, 0x80, 0x00, 0x00, 0x07, 0xff, 0xff, 0x80,
  0xfb, 0x00, 0x09, 0x07, 0xff, 0xff, 0x80, 0x00, 0x00, 0x07, 0xff, 0xff, 0x80, 0xfb, 0x00, 0x09, 0x07, 0xff, 0xff, 0xc0, 0x00, 0x00, 0x07, 0xff,
  0xff, 0x80, 0xfb, 0x00, 0x09, 0x07, 0xff, 0xff, 0xc0, 0x00, 0x00, 0x07, 0xff, 0xff, 0x80, 0xfb, 0x00, 0x08, 0x03, 0xff, 0xff, 0xc0, 0x00, 0x00,
  0x07, 0xff, 0xff, 0xfa, 0x00, 0x08, 0x01, 0xff, 0xff, 0xc1, 0x80, 0x06, 0x07, 0xff, 0xfe, 0xf9, 0x00, 0x07, 0x7f, 0xff, 0x83, 0xf0, 0x1f, 0x03,
  0xff, 0xf8, 0xf9, 0x00, 0x07, 0x07, 0xff, 0x03, 0xff, 0xff, 0x01, 0xff, 0x80, 0xf7, 0x00, 0x02, 0x01, 0xff, 0xff, 0xf4, 0x00, 0x02, 0x01, 0xff,
  0xfe, 0xf3, 0x00, 0x01, 0x7f, 0xf8, 0xf3, 0x00, 0x01, 0x0f, 0xc0, 0x81, 0x00, 0xaa, 0x00, 0x81, 0x00, 0x81, 0x00, 0x81, 0x00, 0x81, 0x00, 0xc6,
  0x00, 0x00, 0x0e, 0xfa, 0x00, 0x01, 0x03, 0xff, 0xfc, 0x00, 0x01, 0x7f, 0xff, 0xfa, 0x00, 0x02, 0x07, 0xff, 0xfe, 0xfe, 0x00, 0x03, 0x01, 0xff,
  0xff, 0x80, 0xfb, 0x00, 0x02, 0x07, 0xff, 0xff, 0xfe, 0x00, 0x03, 0x03, 0xff, 0xff, 0x80, 0xfb, 0x00, 0x09, 0x07, 0xff, 0xff, 0x80, 0x00, 0x00,
  0x07, 0xff, 0xff, 0x80, 0xfb, 0x00, 0x09, 0x07, 0xff, 0xff, 0x80, 0x00, 0x00, 0x07, 0xff, 0xff, 0x80, 0xfb, 0x00, 0x09, 0x07, 0xff, 0xff, 0xc0,
  0x00, 0x00, 0x07, 0xff, 0xff, 0x80, 0xfb, 0x00, 0x09, 0x07, 0xff, 0xff, 0xc0, 0x00, 0x00, 0x07, 0xff, 0xff, 0x80, 0xfb, 0x00, 0x08, 0x03, 0xff,
  0xff, 0xc0, 0x00, 0x00, 0x07, 0xff, 0xff, 0xfa, 0x00, 0x08, 0x01, 0xff, 0xff, 0xc1, 0x80, 0x06, 0x07, 0xff, 0xfe, 0xf9, 0x00, 0x07, 0x7f, 0xff,
  0x83, 0xf0, 0x1f, 0x03, 0xff, 0xf8, 0xf9, 0x00, 0x07, 0x07, 0xff, 0x03, 0xff, 0xff, 0x01, 0xff, 0x80, 0xf7, 0x00, 0x02, 0x01, 0xff, 0xff, 0xf4,
  0x00, 0x02, 0x01, 0xff, 0xfe, 0xf3, 0x00, 0x01, 0x7f, 0xf8, 0xf3, 0x00, 0x01, 0x0f, 0xc0, 0x81, 0x00, 0xaa, 0x00, 0x81, 0x00, 0x81, 0x00, 0x81,
  0x00, 0x81, 0x00, 0xc6, 0x00, 0x00, 0x0e, 0xfa, 0x00, 0x01, 0x03, 0xff, 0xfc, 0x00, 0x01, 0x7f, 0xff, 0xfa, 0x00, 0x02, 0x07, 0xff, 0xfe, 0xfe,
  0x00, 0x03, 0x01, 0xff, 0xff, 0x80, 0xfb, 0x00, 0x02, 0x07, 0xff, 0xff, 0xfe, 0x00, 0x03, 0x03, 0xff, 0xff, 0x80, 0xfb, 0x00, 0x09, 0x07, 0xff,
  0xff, 0x80, 0x00, 0x00, 0x07, 0xff, 0xff, 0x80, 0xfb, 0x00, 0x09, 0x07, 0xff, 0xff, 0x80, 0x00, 0x00, 0x07, 0xff, 0xff, 0x80, 0xfb, 0x00, 0x09,
  0x07, 0xff, 0xff, 0xc0, 0x00, 0x00, 0x07, 0xff, 0xff, 0x80, 0xfb, 0x00, 0x09, 0x07, 0xff, 0xff, 0xc0, 0x00, 0x00, 0x07, 0xff, 0xff, 0x80, 0xfb,
  0x00, 0x08, 0x03, 0xff, 0xff, 0xc0, 0x00, 0x00, 0x07, 0xff, 0xff, 0xfa, 0x00, 0x08, 0x01, 0xff, 0xff, 0xc1, 0x80, 0x06, 0x07, 0xff, 0xfe, 0xf9,
  0x00, 0x07, 0x7f, 0xff, 0x83, 0xf0, 0x1f, 0x03, 0xff, 0xf8, 0xf9, 0x00, 0x07, 0x07, 0xff, 0x03, 0xff, 0xff, 0x01, 0xff, 0x80, 0xf7, 0x00, 0x02,
  0x01, 0xff, 0xff, 0xf4, 0x00, 0x02, 0x01, 0xff, 0xfe, 0xf3, 0x00, 0x01, 0x7f, 0xf8, 0xf3, 0x00, 0x01, 0x0f, 0xc0, 0x81, 0x00, 0xaa, 0x00, 0x81,
  0x00, 0x81, 0x00, 0x81, 0x00, 0x81, 0x00, 0xc6, 0x00, 0x00, 0x0e, 0xfa, 0x00, 0x01, 0x03, 0xff, 0xfc, 0x00, 0x01, 0x7f, 0xff, 0xfa, 0x00, 0x02,
  0x07, 0xff, 0xfe, 0xfe, 0x00, 0x03, 0x01, 0xff, 0xff, 0x80, 0xfb, 0x00, 0x02, 0x07, 0xff, 0xff, 0xfe, 0x00, 0x03, 0x03, 0xff, 0xff, 0x80, 0xfb,
  0x00, 0x09, 0x07, 0xff, 0xff, 0x80, 0x00, 0x00, 0x07, 0xff, 0xff, 0x80, 0xfb, 0x00, 0x09, 0x07, 0xff, 0xff, 0x80, 0x00, 0x00, 0x07, 0xff, 0xff,
  0x80, 0xfb, 0x00, 0x09, 0x07, 0xff, 0xff, 0xc0, 0x00, 0x00, 0x07, 0xff, 0xff, 0x80, 0xfb, 0x00, 0x09, 0x07, 0xff, 0xff, 0xc0, 0x00, 0x00, 0x07,
  0xff, 0xff, 0x80, 0xfb, 0x00, 0x08, 0x03, 0xff, 0xff, 0xc0, 0x00, 0x00, 0x07, 0xff, 0xff, 0xfa, 0x00, 0x08, 0x01, 0xff, 0xff, 0xc1, 0x80, 0x06,
  0x07, 0xff, 0xfe, 0xf9, 0x00, 0x07, 0x7f, 0xff, 0x83, 0xf0, 0x1f, 0x03, 0xff, 0xf8, 0xf9, 0x00, 0x07, 0x07, 0xff, 0x03, 0xff, 0xff, 0x01, 0xff,
  0x80, 0xf7, 0x00, 0x02, 0x01, 0xff, 0xfe, 0xf4, 0x00, 0x02, 0x01, 0xff, 0xfe, 0xf3, 0x00, 0x01, 0x7f, 0xf8, 0xf3, 0x00, 0x01, 0x0f, 0xc0, 0x81,
  0x00, 0xaa, 0x00, 0x81, 0x00, 0x81, 0x00, 0x81, 0x00, 0x81, 0x00, 0xc6, 0x00, 0x00, 0x0e, 0xfa, 0x00, 0x01, 0x03, 0xff, 0xfc, 0x00, 0x01, 0x7f,
  0xff, 0xfa, 0x00, 0x02, 0x07, 0xff, 0xfe, 0xfe, 0x00, 0x03, 0x01, 0xff, 0xff, 0x80, 0xfb, 0x00, 0x02, 0x07, 0xff, 0xff, 0xfe, 0x00, 0x03, 0x03,
  0xff, 0xff, 0x80, 0xfb, 0x00, 0x09, 0x07, 0xff, 0xff, 0x80, 0x00, 0x00, 0x07, 0xff, 0xff, 0x80, 0xfb, 0x00, 0x09, 0x07, 0xff, 0xff, 0x80, 0x00,
  0x00, 0x07, 0xff, 0xff, 0x80, 0xfb, 0x00, 0x09, 0x07, 0xff, 0xff, 0xc0, 0x00, 0x00, 0x07, 0xff, 0xff, 0x80, 0xfb, 0x00, 0x09, 0x07, 0xff, 0xff,
  0xc0, 0x00, 0x00, 0x07, 0xff, 0xff, 0x80, 0xfb, 0x00, 0x08, 0x03, 0xff, 0xff, 0xc0, 0x00, 0x00, 0x07, 0xff, 0xff, 0xfa, 0x00, 0x08, 0x01, 0xff,
  0xff, 0xc1, 0x80, 0x06, 0x07, 0xff, 0xfe, 0xf9, 0x00, 0x07, 0x7f, 0xff, 0x83, 0xf0, 0x1f, 0x03, 0xff, 0xf8, 0xf9, 0x00, 0x07, 0x07, 0xff, 0x03,
  0xff, 0xff, 0x01, 0xff, 0x80, 0xf7, 0x00, 0x02, 0x01, 0xff, 0xfe, 0xf4, 0x00, 0x02, 0x01, 0xff, 0xfe, 0xf3, 0x00, 0x01, 0x7f, 0xf8, 0xf3, 0x00,
  0x01, 0x0f, 0xc0, 0x81, 0x00, 0xaa, 0x00, 0x81, 0x00, 0x81, 0x00, 0x81, 0x00, 0x81, 0x00, 0xc6, 0x00, 0x00, 0x0e, 0xfa, 0x00, 0x01, 0x03, 0xff,
  0xfc, 0x00, 0x01, 0x7f, 0xff, 0xfa, 0x00, 0x02, 0x07, 0xff, 0xfe, 0xfe, 0x00, 0x03, 0x01, 0xff, 0xff, 0x80, 0xfb, 0x00, 0x02, 0x07, 0xff, 0xff,
  0xfe, 0x00, 0x03, 0x03, 0xff, 0xff, 0x80, 0xfb, 0x00, 0x09, 0x07, 0xff, 0xff, 0x80, 0x00, 0x00, 0x07, 0xff, 0xff, 0x80, 0xfb, 0x00, 0x09, 0x07,
  0xff, 0xff, 0x80, 0x00, 0x00, 0x07, 0xff, 0xff, 0x80, 0xfb, 0x00, 0x09, 0x07, 0xff, 0xff, 0xc0, 0x00, 0x00, 0x07, 0xff, 0xff, 0x80, 0xfb, 0x00,
  0x08, 0x07, 0xff, 0xff, 0xc0, 0x00, 0x00, 0x07, 0xff, 0xff, 0xfa, 0x00, 0x08, 0x03, 0xff, 0xff, 0xc0, 0x00, 0x00, 0x07, 0xff, 0xff, 0xfa, 0x00,
  0x08, 0x01, 0xff, 0xff, 0xc1, 0x80, 0x06, 0x07, 0xff, 0xfe, 0xf9, 0x00, 0x07, 0x7f, 0xff, 0x83, 0xf0, 0x1f, 0x03, 0xff, 0xf8, 0xf9, 0x00, 0x07,
  0x07, 0xff, 0x03, 0xfd, 0xff, 0x01, 0xff, 0x80, 0xf7, 0x00, 0x02, 0x01, 0xff, 0xfe, 0xf4, 0x00, 0x02, 0x01, 0xff, 0xfe, 0xf3, 0x00, 0x01, 0x7f,
  0xf8, 0xf3, 0x00, 0x01, 0x0f, 0xc0, 0x81, 0x00, 0xaa, 0x00, 0x81, 0x00, 0x81, 0x00, 0x81, 0x00, 0x81, 0x00, 0xc6, 0x00, 0x00, 0x0e, 0xfa, 0x00,
  0x01, 0x03, 0xff, 0xfc, 0x00, 0x01, 0x7f, 0xff, 0xfa, 0x00, 0x02, 0x07, 0xff, 0xfe, 0xfe, 0x00, 0x03, 0x01, 0xff, 0xff, 0x80, 0xfb, 0x00, 0x02,
  0x07, 0xff, 0xff, 0xfe, 0x00, 0x03, 0x03, 0xff, 0xff, 0x80, 0xfb, 0x00, 0x09, 0x07, 0xff, 0xff, 0x80, 0x00, 0x00, 0x07, 0xff, 0xff, 0x80, 0xfb,
  0x00, 0x09, 0x07, 0xff, 0xff, 0x80, 0x00, 0x00, 0x07, 0xff, 0xff, 0x80, 0xfb, 0x00, 0x09, 0x07, 0xff, 0xff, 0xc0, 0x00, 0x00, 0x07, 0xff, 0xff,
  0x80, 0xfb, 0x00, 0x08, 0x07, 0xff, 0xff, 0xc0, 0x00, 0x00, 0x07, 0xff, 0xff, 0xfa, 0x00, 0x08, 0x03, 0xff, 0xff, 0xc0, 0x00, 0x00, 0x07, 0xff,
  0xff, 0xfa, 0x00, 0x08, 0x01, 0xff, 0xff, 0xc1, 0x80, 0x06, 0x07, 0xff, 0xfe, 0xf9, 0x00, 0x07, 0x7f, 0xff, 0x83, 0xf0, 0x1f, 0x03, 0xff, 0xf8,
  0xf9, 0x00, 0x07, 0x07, 0xff, 0x03, 0xfd, 0xff, 0x01, 0xff, 0x80, 0xf7, 0x00, 0x02, 0x01, 0xff, 0xfe, 0xf4, 0x00, 0x02, 0x01, 0xff, 0xfe, 0xf3,
  0x00, 0x01, 0x7f, 0xf8, 0xf3, 0x00, 0x01, 0x0f, 0xc0, 0x81, 0x00, 0xaa, 0x00, 0x81, 0x00, 0x81, 0x00, 0x81, 0x00, 0x81, 0x00, 0xc6, 0x00, 0x00,
  0x0e, 0xfa, 0x00, 0x01, 0x03, 0xff, 0xfc, 0x00, 0x01, 0x7f, 0xff, 0xfa, 0x00, 0x02, 0x07, 0xff, 0xfe, 0xfe, 0x00, 0x03, 0x01, 0xff, 0xff, 0x80,
  0xfb, 0x00, 0x02, 0x07, 0xff, 0xff, 0xfe, 0x00, 0x03, 0x03, 0xff, 0xff, 0x80, 0xfb, 0x00, 0x09, 0x07, 0xff, 0xff, 0x80, 0x00, 0x00, 0x07, 0xff,
  0xff, 0x80, 0xfb, 0x00, 0x09, 0x07, 0xff, 0xff, 0x80, 0x00, 0x00, 0x07, 0xff, 0xff, 0x80, 0xfb, 0x00, 0x09, 0x07, 0xff, 0xff, 0xc0, 0x00, 0x00,
  0x07, 0xff, 0xff, 0x80, 0xfb, 0x00, 0x08, 0x07, 0xff, 0xff, 0xc0, 0x00, 0x00, 0x07, 0xff, 0xff, 0xfa, 0x00, 0x08, 0x03, 0xff, 0xff, 0xc0, 0x00,
  0x00, 0x07, 0xff, 0xff, 0xfa, 0x00, 0x08, 0x01, 0xff, 0xff, 0xc1, 0x80, 0x06, 0x07, 0xff, 0xfe, 0xf9, 0x00, 0x07, 0x7f, 0xff, 0x83, 0xe0, 0x1f,
  0x03, 0xff, 0xf8, 0xf9, 0x00, 0x07, 0x07, 0xff, 0x03, 0xfd, 0xff, 0x01, 0xff, 0x80, 0xf7, 0x00, 0x02, 0x01, 0xff, 0xfe, 0xf4, 0x00, 0x02, 0x01,
  0xff, 0xfe, 0xf3, 0x00, 0x01, 0x7f, 0xf8, 0xf3, 0x00, 0x01, 0x0f, 0xc0, 0x81, 0x00, 0xaa, 0x00, 0x81, 0x00, 0x81, 0x00, 0x81, 0x00, 0x81, 0x00,
  0xbe, 0x00, 0x01, 0x01, 0xf0, 0xfc, 0x00, 0x01, 0x03, 0xff, 0xfa, 0x00, 0x02, 0x03, 0xff, 0xfc, 0xfd, 0x00, 0x02, 0xff, 0xff, 0x80, 0xfb, 0x00,
  0x02, 0x07, 0xff, 0xff, 0xfe, 0x00, 0x03, 0x03, 0xff, 0xff, 0x80, 0xfb, 0x00, 0x09, 0x07, 0xff, 0xff, 0x80, 0x00, 0x00, 0x07, 0xff, 0xff, 0x80,
  0xfb, 0x00, 0x09, 0x07, 0xff, 0xff, 0x80, 0x00, 0x00, 0x07, 0xff, 0xff, 0x80, 0xfb, 0x00, 0x09, 0x07, 0xff, 0xff, 0xc0, 0x00, 0x00, 0x07, 0xff,
  0xff, 0x80, 0xfb, 0x00, 0x09, 0x07, 0xff, 0xff, 0xc0, 0x00, 0x00, 0x07, 0xff, 0xff, 0x80, 0xfb, 0x00, 0x08, 0x03, 0xff, 0xff, 0xc0, 0x00, 0x00,
  0x07, 0xff, 0xff, 0xfa, 0x00, 0x08, 0x01, 0xff, 0xff, 0xc1, 0x80, 0x06, 0x07, 0xff, 0xfe, 0xf9, 0x00, 0x07, 0x7f, 0xff, 0x83, 0xe0, 0x1f, 0x03,
  0xff, 0xf8, 0xf9, 0x00, 0x07, 0x0f, 0xff, 0x03, 0xfd, 0xff, 0x01, 0xff, 0xc0, 0xf7, 0x00, 0x02, 0x01, 0xff, 0xfe, 0xf4, 0x00, 0x02, 0x01, 0xff,
  0xfe, 0xf3, 0x00, 0x01, 0x7f, 0xf8, 0xf3, 0x00, 0x01, 0x0f, 0xc0, 0x81, 0x00, 0xaa, 0x00, 0x81, 0x00, 0x81, 0x00, 0x81, 0x00, 0x81, 0x00, 0xa6,
  0x00, 0x00, 0x0f, 0xfa, 0x00, 0x01, 0x03, 0xf8, 0xfc, 0x00, 0x02, 0x0f, 0xff, 0x80, 0xfb, 0x00, 0x02, 0x07, 0xff, 0xff, 0xfe, 0x00, 0x03, 0x03,
  0xff, 0xff, 0x80, 0xfb, 0x00, 0x09, 0x07, 0xff, 0xff, 0x80, 0x00, 0x00, 0x07, 0xff, 0xff, 0x80, 0xfb, 0x00, 0x09, 0x07, 0xff, 0xff, 0xc0, 0x00,
  0x00, 0x07, 0xff, 0xff, 0x80, 0xfb, 0x00, 0x09, 0x03, 0xff, 0xff, 0xc0, 0x00, 0x00, 0x07, 0xff, 0xff, 0x80, 0xfb, 0x00, 0x08, 0x03, 0xff, 0xff,
  0xc0, 0x00, 0x00, 0x07, 0xff, 0xff, 0xfa, 0x00, 0x08, 0x01, 0xff, 0xff, 0xc0, 0x80, 0x06, 0x07, 0xff, 0xfe, 0xf9, 0x00, 0x07, 0xff, 0xff, 0x83,
  0xe0, 0x1f, 0x03, 0xff, 0xf8, 0xf9, 0x00, 0x07, 0x1f, 0xff, 0x03, 0xfd, 0xff, 0x01, 0xff, 0xc0, 0xf7, 0x00, 0x02, 0x01, 0xff, 0xfe, 0xf4, 0x00,
  0x02, 0x01, 0xff, 0xfe, 0xf3, 0x00, 0x01, 0x7f, 0xf8, 0xf3, 0x00, 0x01, 0x0f, 0xc0, 0x81, 0x00, 0xaa, 0x00, 0x81, 0x00, 0x81, 0x00, 0x81, 0x00,
  0x81, 0x00, 0x81, 0x00, 0xd6, 0x00, 0x01, 0x03, 0x80, 0xfb, 0x00, 0x01, 0x07, 0x80, 0xfb, 0x00, 0x01, 0x1f, 0x80, 0xfb, 0x00, 0x09, 0x07, 0xff,
  0x00, 0x00, 0x80, 0x06, 0x00, 0x1f, 0xff, 0x80, 0xfb, 0x00, 0x08, 0x03, 0xff, 0xff, 0xc3, 0xe0, 0x1f, 0x0f, 0xff, 0xfc, 0xf9, 0x00, 0x07, 0xff,
  0xff, 0xc3, 0xfd, 0xff, 0x07, 0xff, 0xf0, 0xf9, 0x00, 0x06, 0x07, 0xff, 0x81, 0xff, 0xfe, 0x03, 0xfe, 0xf6, 0x00, 0x02, 0x01, 0xff, 0xfe, 0xf3,
  0x00, 0x01, 0x7f, 0xf8, 0xf3, 0x00, 0x01, 0x0f, 0xc0, 0x81, 0x00, 0xaa, 0x00, 0x81, 0x00, 0x81, 0x00, 0x81, 0x00, 0x81, 0x00, 0x81, 0x00, 0xe6,
  0x00, 0x01, 0x07, 0x80, 0xfb, 0x00, 0x01, 0x03, 0xe0, 0xfb, 0x00, 0x01, 0x7f, 0x80, 0xfb, 0x00, 0x02, 0x03, 0xff, 0xf1, 0xfe, 0x00, 0x02, 0x03,
  0xff, 0xff, 0xfa, 0x00, 0x08, 0x03, 0xff, 0xff, 0xc1, 0x80, 0x06, 0x07, 0xff, 0xfe, 0xf9, 0x00, 0x07, 0xff, 0xff, 0xc3, 0xe0, 0x1f, 0x07, 0xff,
  0xf8, 0xf9, 0x00, 0x07, 0x3f, 0xff, 0x83, 0xfd, 0xff, 0x03, 0xff, 0xc0, 0xf8, 0x00, 0x03, 0xfc, 0x01, 0xff, 0xfe, 0xf3, 0x00, 0x01, 0xff, 0xfe,
  0xf3, 0x00, 0x01, 0x7f, 0xf8, 0xf3, 0x00, 0x01, 0x0f, 0xc0, 0x81, 0x00, 0xaa, 0x00, 0x81, 0x00, 0x81, 0x00, 0x81, 0x00, 0x81, 0x00, 0xbe, 0x00,
  0x01, 0x01, 0xfe, 0xfc, 0x00, 0x01, 0x0f, 0xff, 0xfa, 0x00, 0x02, 0x03, 0xff, 0xfe, 0xfe, 0x00, 0x03, 0x01, 0xff, 0xff, 0x80, 0xfb, 0x00, 0x02,
  0x07, 0xff, 0xff, 0xfe, 0x00, 0x03, 0x03, 0xff, 0xff, 0x80, 0xfb, 0x00, 0x09, 0x07, 0xff, 0xff, 0x80, 0x00, 0x00, 0x07, 0xff, 0xff, 0x80, 0xfb,
  0x00, 0x09, 0x07, 0xff, 0xff, 0x80, 0x00, 0x00, 0x07, 0xff, 0xff, 0x80, 0xfb, 0x00, 0x09, 0x07, 0xff, 0xff, 0x80, 0x00, 0x00, 0x07, 0xff, 0xff,
  0x80, 0xfb, 0x00, 0x09, 0x07, 0xff, 0xff, 0xc0, 0x00, 0x00, 0x07, 0xff, 0xff, 0x80, 0xfb, 0x00, 0x08, 0x03, 0xff, 0xff, 0x80, 0x00, 0x00, 0x07,
  0xff, 0xff, 0xfa, 0x00, 0x08, 0x03, 0xff, 0xff, 0xc0, 0x80, 0x06, 0x07, 0xff, 0xfe, 0xf9, 0x00, 0x07, 0xff, 0xff, 0x83, 0xe0, 0x1f, 0x07, 0xff,
  0xf8, 0xf9, 0x00, 0x07, 0x1f, 0xff, 0x83, 0xfd, 0xff, 0x03, 0xff, 0xc0, 0xf8, 0x00, 0x03, 0x78, 0x01, 0xff, 0xfe, 0xf3, 0x00, 0x01, 0xff, 0xfe,
  0xf3, 0x00, 0x01, 0x7f, 0xf8, 0xf3, 0x00, 0x01, 0x0f, 0xc0, 0x81, 0x00, 0xaa, 0x00, 0x81, 0x00, 0x81, 0x00, 0x81, 0x00, 0x81, 0x00, 0xbe, 0x00,
  0x01, 0x03, 0xfe, 0xfc, 0x00, 0x01, 0x0f, 0xff, 0xfa, 0x00, 0x02, 0x03, 0xff, 0xfe, 0xfe, 0x00, 0x03, 0x01, 0xff, 0xff, 0x80, 0xfb, 0x00, 0x02,
  0x07, 0xff, 0xff, 0xfe, 0x00, 0x03, 0x03, 0xff, 0xff, 0x80, 0xfb, 0x00, 0x09, 0x07, 0xff, 0xff, 0x80, 0x00, 0x00, 0x07, 0xff, 0xff, 0x80, 0xfb,
  0x00, 0x09, 0x07, 0xff, 0xff, 0x80, 0x00, 0x00, 0x07, 0xff, 0xff, 0x80, 0xfb, 0x00, 0x09, 0x07, 0xff, 0xff, 0x80, 0x00, 0x00, 0x07, 0xff, 0xff,
  0x80, 0xfb, 0x00, 0x09, 0x07, 0xff, 0xff, 0xc0, 0x00, 0x00, 0x07, 0xff, 0xff, 0x80, 0xfb, 0x00, 0x08, 0x03, 0xff, 0xff, 0xc0, 0x00, 0x00, 0x07,
  0xff, 0xff, 0xfa, 0x00, 0x08, 0x01, 0xff, 0xff, 0xc0, 0x80, 0x06, 0x07, 0xff, 0xfe, 0xf9, 0x00, 0x07, 0xff, 0xff, 0x83, 0xe0, 0x1f, 0x03, 0xff,
  0xf8, 0xf9, 0x00, 0x07, 0x3f, 0xff, 0x03, 0xff, 0xff, 0x01, 0xff, 0xc0, 0xf8, 0x00, 0x03, 0x60, 0x01, 0xff, 0xff, 0xf4, 0x00, 0x02, 0x01, 0xff,
  0xfe, 0xf3, 0x00, 0x01, 0x7f, 0xfc, 0xf3, 0x00, 0x01, 0x0f, 0xe0, 0x81, 0x00, 0xaa, 0x00, 0x81, 0x00, 0x81, 0x00, 0x81, 0x00, 0x81, 0x00, 0xbe,
  0x00, 0x01, 0x03, 0xfe, 0xfc, 0x00, 0x01, 0x0f, 0xff, 0xfa, 0x00, 0x02, 0x07, 0xff, 0xfe, 0xfe, 0x00, 0x03, 0x01, 0xff, 0xff, 0x80, 0xfb, 0x00,
  0x02, 0x07, 0xff, 0xff, 0xfe, 0x00, 0x03, 0x03, 0xff, 0xff, 0x80, 0xfb, 0x00, 0x09, 0x07, 0xff, 0xff, 0x80, 0x00, 0x00, 0x07, 0xff, 0xff, 0x80,
  0xfb, 0x00, 0x09, 0x07, 0xff, 0xff, 0x80, 0x00, 0x00, 0x07, 0xff, 0xff, 0x80, 0xfb, 0x00, 0x09, 0x07, 0xff, 0xff, 0x80, 0x00, 0x00, 0x07, 0xff,
  0xff, 0x80, 0xfb, 0x00, 0x09, 0x07, 0xff, 0xff, 0xc0, 0x00, 0x00, 0x07, 0xff, 0xff, 0x80, 0xfb, 0x00, 0x08, 0x03, 0xff, 0xff, 0xc0, 0x00, 0x00,
  0x07, 0xff, 0xff, 0xfa, 0x00, 0x08, 0x03, 0xff, 0xff, 0xc0, 0x80, 0x02, 0x07, 0xff, 0xfe, 0xfa, 0x00, 0x08, 0x01, 0xff, 0xff, 0x83, 0xe0, 0x1f,
  0x07, 0xff, 0xfc, 0xf9, 0x00, 0x07, 0x3f, 0xff, 0x03, 0xfc, 0xff, 0x03, 0xff, 0xe0, 0xf9, 0x00, 0x04, 0x03, 0xfe, 0x03, 0xff, 0xff, 0xf4, 0x00,
  0x02, 0x01, 0xff, 0xfe, 0xf3, 0x00, 0x01, 0x7f, 0xfc, 0xf3, 0x00, 0x01, 0x1f, 0xf0, 0x81, 0x00, 0xaa, 0x00, 0x81, 0x00, 0x81, 0x00, 0x81, 0x00,
  0x81, 0x00, 0xc6, 0x00, 0x00, 0x0c, 0xfa, 0x00, 0x01, 0x03, 0xfe, 0xfc, 0x00, 0x01, 0x0f, 0xff, 0xfa, 0x00, 0x02, 0x07, 0xff, 0xfe, 0xfe, 0x00,
  0x03, 0x01, 0xff, 0xff, 0x80, 0xfb, 0x00, 0x02, 0x07, 0xff, 0xff, 0xfe, 0x00, 0x03, 0x03, 0xff, 0xff, 0x80, 0xfb, 0x00, 0x09, 0x07, 0xff, 0xff,
  0x80, 0x00, 0x00, 0x07, 0xff, 0xff, 0xc0, 0xfb, 0x00, 0x09, 0x07, 0xff, 0xff, 0x80, 0x00, 0x00, 0x07, 0xff, 0xff, 0x80, 0xfb, 0x00, 0x09, 0x07,
  0xff, 0xff, 0x80, 0x00, 0x00, 0x07, 0xff, 0xff, 0x80, 0xfb, 0x00, 0x09, 0x07, 0xff, 0xff, 0xc0, 0x00, 0x00, 0x07, 0xff, 0xff, 0x80, 0xfb, 0x00,
  0x08, 0x07, 0xff, 0xff, 0xc0, 0x00, 0x00, 0x07, 0xff, 0xff, 0xfa, 0x00, 0x08, 0x03, 0xff, 0xff, 0xc0, 0x00, 0x02, 0x07, 0xff, 0xfe, 0xfa, 0x00,
  0x08, 0x01, 0xff, 0xff, 0x83, 0xe0, 0x1f, 0x07, 0xff, 0xfc, 0xf9, 0x00, 0x07, 0x7f, 0xff, 0x03, 0xff, 0xff, 0x03, 0xff, 0xe0, 0xf9, 0x00, 0x04,
  0x07, 0xfe, 0x03, 0xff, 0xff, 0xf4, 0x00, 0x02, 0x01, 0xff, 0xfe, 0xf3, 0x00, 0x01, 0xff, 0xfc, 0xf3, 0x00, 0x01, 0x3f, 0xf0, 0xf3, 0x00, 0x00,
  0x07, 0x81, 0x00, 0xb9, 0x00, 0x81, 0x00, 0x81, 0x00, 0x81, 0x00, 0x81, 0x00, 0xbe, 0x00, 0x01, 0x03, 0xfa, 0xfc, 0x00, 0x01, 0x07, 0xff, 0xfa,
  0x00, 0x02, 0x03, 0xff, 0xfc, 0xfe, 0x00, 0x03, 0x01, 0xff, 0xff, 0x80, 0xfb, 0x00, 0x02, 0x07, 0xff, 0xff, 0xfe, 0x00, 0x03, 0x03, 0xff, 0xff,
  0x80, 0xfb, 0x00, 0x09, 0x07, 0xff, 0xff, 0x80, 0x00, 0x00, 0x07, 0xff, 0xff, 0x80, 0xfb, 0x00, 0x09, 0x07, 0xff, 0xff, 0x80, 0x00, 0x00, 0x07,
  0xff, 0xff, 0x80, 0xfb, 0x00, 0x09, 0x07, 0xff, 0xff, 0x80, 0x00, 0x00, 0x07, 0xff, 0xff, 0x80, 0xfb, 0x00, 0x09, 0x07, 0xff, 0xff, 0xc0, 0x00,
  0x00, 0x07, 0xff, 0xff, 0x80, 0xfb, 0x00, 0x08, 0x03, 0xff, 0xff, 0xc0, 0x00, 0x00, 0x07, 0xff, 0xff, 0xfa, 0x00, 0x08, 0x03, 0xff, 0xff, 0xc0,
  0x00, 0x02, 0x07, 0xff, 0xfe, 0xfa, 0x00, 0x08, 0x01, 0xff, 0xff, 0x83, 0xe0, 0x1f, 0x07, 0xff, 0xfc, 0xf9, 0x00, 0x07, 0x7f, 0xff, 0x03, 0xf8,
  0x7f, 0x03, 0xff, 0xc0, 0xf9, 0x00, 0x04, 0x03, 0xfe, 0x03, 0xff, 0xff, 0xf4, 0x00, 0x02, 0x01, 0xff, 0xfe, 0xf3, 0x00, 0x01, 0x7f, 0xfc, 0xf3,
  0x00, 0x01, 0x1f, 0xf0, 0x81, 0x00, 0xaa, 0x00, 0x81, 0x00, 0x81, 0x00, 0x81, 0x00, 0x81, 0x00, 0xbe, 0x00, 0x01, 0x01, 0xf8, 0xfc, 0x00, 0x01,
  0x07, 0xff, 0xfa, 0x00, 0x02, 0x03, 0xff, 0xfc, 0xfe, 0x00, 0x03, 0x01, 0xff, 0xff, 0x80, 0xfb, 0x00, 0x02, 0x07, 0xff, 0xff, 0xfe, 0x00, 0x03,
  0x03, 0xff, 0xff, 0x80, 0xfb, 0x00, 0x09, 0x07, 0xff, 0xff, 0x80, 0x00, 0x00, 0x07, 0xff, 0xff, 0x80, 0xfb, 0x00, 0x09, 0x07, 0xff, 0xff, 0x80,
  0x00, 0x00, 0x07, 0xff, 0xff, 0x80, 0xfb, 0x00, 0x09, 0x07, 0xff, 0xff, 0x80, 0x00, 0x00, 0x07, 0xff, 0xff, 0x80, 0xfb, 0x00, 0x09, 0x07, 0xff,
  0xff, 0xc0, 0x00, 0x00, 0x07, 0xff, 0xff, 0x80, 0xfb, 0x00, 0x08, 0x03, 0xff, 0xff, 0xc0, 0x00, 0x00, 0x07, 0xff, 0xff, 0xfa, 0x00, 0x08, 0x03,
  0xff, 0xff, 0xc0, 0x00, 0x02, 0x07, 0xff, 0xfe, 0xf9, 0x00, 0x07, 0xff, 0xff, 0x83, 0xe0, 0x1f, 0x07, 0xff, 0xfc, 0xf9, 0x00, 0x07, 0x3f, 0xff,
  0x03, 0xf9, 0x7f, 0x03, 0xff, 0xc0, 0xf9, 0x00, 0x04, 0x03, 0xfc, 0x01, 0xff, 0xff, 0xf4, 0x00, 0x02, 0x01, 0xff, 0xfe, 0xf3, 0x00, 0x01, 0x7f,
  0xfc, 0xf3, 0x00, 0x01, 0x1f, 0xe0, 0x81, 0x00, 0xaa, 0x00, 0x81, 0x00, 0x81, 0x00, 0x81, 0x00, 0x81, 0x00, 0xbe, 0x00, 0x01, 0x01, 0xfa, 0xfc,
  0x00, 0x01, 0x07, 0xff, 0xfa, 0x00, 0x02, 0x03, 0xff, 0xfe, 0xfe, 0x00, 0x03, 0x01, 0xff, 0xff, 0x80, 0xfb, 0x00, 0x02, 0x07, 0xff, 0xff, 0xfe,
  0x00, 0x03, 0x03, 0xff, 0xff, 0x80, 0xfb, 0x00, 0x09, 0x07, 0xff, 0xff, 0x80, 0x00, 0x00, 0x07, 0xff, 0xff, 0x80, 0xfb, 0x00, 0x09, 0x07, 0xff,
  0xff, 0x80, 0x00, 0x00, 0x07, 0xff, 0xff, 0x80, 0xfb, 0x00, 0x09, 0x07, 0xff, 0xff, 0x80, 0x00, 0x00, 0x07, 0xff, 0xff, 0x80, 0xfb, 0x00, 0x09,
  0x07, 0xff, 0xff, 0xc0, 0x00, 0x00, 0x07, 0xff, 0xff, 0x80, 0xfb, 0x00, 0x08, 0x03, 0xff, 0xff, 0xc0, 0x00, 0x00, 0x07, 0xff, 0xff, 0xfa, 0x00,
  0x08, 0x03, 0xff, 0xff, 0xc0, 0x00, 0x02, 0x07, 0xff, 0xfe, 0xf9, 0x00, 0x07, 0xff, 0xff, 0x83, 0xe0, 0x1f, 0x03, 0xff, 0xf8, 0xf9, 0x00, 0x07,
  0x3f, 0xff, 0x03, 0xf8, 0x7f, 0x01, 0xff, 0xc0, 0xf8, 0x00, 0x03, 0xf8, 0x01, 0xff, 0xff, 0xf4, 0x00, 0x02, 0x01, 0xff, 0xfe, 0xf3, 0x00, 0x01,
  0x7f, 0xfc, 0xf3, 0x00, 0x01, 0x1f, 0xc0, 0x81, 0x00, 0xaa, 0x00, 0x81, 0x00, 0x81, 0x00, 0x81, 0x00, 0x81, 0x00, 0xbe, 0x00, 0x01, 0x01, 0xfa,
  0xfc, 0x00, 0x01, 0x07, 0xff, 0xfa, 0x00, 0x02, 0x03, 0xff, 0xfe, 0xfe, 0x00, 0x03, 0x01, 0xff, 0xff, 0x80, 0xfb, 0x00, 0x02, 0x07, 0xff, 0xff,
  0xfe, 0x00, 0x03, 0x03, 0xff, 0xff, 0x80, 0xfb, 0x00, 0x09, 0x07, 0xff, 0xff, 0x80, 0x00, 0x00, 0x07, 0xff, 0xff, 0x80, 0xfb, 0x00, 0x09, 0x07,
  0xff, 0xff, 0x80, 0x00, 0x00, 0x07, 0xff, 0xff, 0x80, 0xfb, 0x00, 0x09, 0x07, 0xff, 0xff, 0x80, 0x00, 0x00, 0x07, 0xff, 0xff, 0x80, 0xfb, 0x00,
  0x09, 0x07, 0xff, 0xff, 0xc0, 0x00, 0x00, 0x07, 0xff, 0xff, 0x80, 0xfb, 0x00, 0x08, 0x03, 0xff, 0xff, 0xc0, 0x00, 0x00, 0x07, 0xff, 0xff, 0xfa,
  0x00, 0x08, 0x03, 0xff, 0xff, 0xc0, 0x00, 0x02, 0x07, 0xff, 0xfe, 0xf9, 0x00, 0x07, 0xff, 0xff, 0x83, 0xe0, 0x1f, 0x03, 0xff, 0xf8, 0xf9, 0x00,
  0x07, 0x3f, 0xff, 0x03, 0xfc, 0x7f, 0x03, 0xff, 0xc0, 0xf9, 0x00, 0x04, 0x01, 0xf8, 0x01, 0xff, 0xff, 0xf4, 0x00, 0x02, 0x01, 0xff, 0xfe, 0xf3,
  0x00, 0x01, 0x7f, 0xfc, 0xf3, 0x00, 0x01, 0x1f, 0xc0, 0x81, 0x00, 0xaa, 0x00, 0x81, 0x00, 0x81, 0x00, 0x81, 0x00, 0x81, 0x00, 0xbe, 0x00, 0x01,
  0x01, 0xfa, 0xfc, 0x00, 0x01, 0x07, 0xff, 0xfa, 0x00, 0x02, 0x03, 0xff, 0xfe, 0xfe, 0x00, 0x03, 0x01, 0xff, 0xff, 0x80, 0xfb, 0x00, 0x02, 0x07,
  0xff, 0xff, 0xfe, 0x00, 0x03, 0x03, 0xff, 0xff, 0x80, 0xfb, 0x00, 0x09, 0x07, 0xff, 0xff, 0x80, 0x00, 0x00, 0x07, 0xff, 0xff, 0x80, 0xfb, 0x00,
  0x09, 0x07, 0xff, 0xff, 0x80, 0x00, 0x00, 0x07, 0xff, 0xff, 0x80, 0xfb, 0x00, 0x09, 0x07, 0xff, 0xff, 0x80, 0x00, 0x00, 0x07, 0xff, 0xff, 0x80,
  0xfb, 0x00, 0x09, 0x07, 0xff, 0xff, 0xc0, 0x00, 0x00, 0x07, 0xff, 0xff, 0x80, 0xfb, 0x00, 0x08, 0x03, 0xff, 0xff, 0xc0, 0x00, 0x00, 0x07, 0xff,
  0xff, 0xfa, 0x00, 0x08, 0x03, 0xff, 0xff, 0xc0, 0x00, 0x02, 0x07, 0xff, 0xfe, 0xf9, 0x00, 0x07, 0xff, 0xff, 0x83, 0xe0, 0x1f, 0x03, 0xff, 0xf8,
  0xf9, 0x00, 0x07, 0x3f, 0xff, 0x03, 0xf8, 0x7f, 0x01, 0xff, 0xc0, 0xf9, 0x00, 0x04, 0x01, 0xf8, 0x01, 0xff, 0xfe, 0xf4, 0x00, 0x02, 0x01, 0xff,
  0xfe, 0xf3, 0x00, 0x01, 0x7f, 0xf8, 0xf3, 0x00, 0x01, 0x1f, 0xc0, 0x81, 0x00, 0xaa, 0x00, 0x81, 0x00, 0x81, 0x00, 0x81, 0x00, 0x81, 0x00, 0xbe,
  0x00, 0x01, 0x01, 0xfa, 0xfc, 0x00, 0x01, 0x07, 0xff, 0xfa, 0x00, 0x02, 0x03, 0xff, 0xfe, 0xfe, 0x00, 0x03, 0x01, 0xff, 0xff, 0x80, 0xfb, 0x00,
  0x02, 0x07, 0xff, 0xff, 0xfe, 0x00, 0x03, 0x03, 0xff, 0xff, 0x80, 0xfb, 0x00, 0x09, 0x07, 0xff, 0xff, 0x80, 0x00, 0x00, 0x07, 0xff, 0xff, 0x80,
  0xfb, 0x00, 0x09, 0x07, 0xff, 0xff, 0x80, 0x00, 0x00, 0x07, 0xff, 0xff, 0x80, 0xfb, 0x00, 0x09, 0x07, 0xff, 0xff, 0x80, 0x00, 0x00, 0x07, 0xff,
  0xff, 0x80, 0xfb, 0x00, 0x09, 0x07, 0xff, 0xff, 0xc0, 0x00, 0x00, 0x07, 0xff, 0xff, 0x80, 0xfb, 0x00, 0x08, 0x03, 0xff, 0xff, 0xc0, 0x00, 0x00,
  0x07, 0xff, 0xff, 0xfa, 0x00, 0x08, 0x03, 0xff, 0xff, 0xc0, 0x00, 0x06, 0x07, 0xff, 0xfe, 0xf9, 0x00, 0x07, 0xff, 0xff, 0x83, 0xe0, 0x1f, 0x03,
  0xff, 0xf8, 0xf9, 0x00, 0x07, 0x3f, 0xff, 0x03, 0xfd, 0xff, 0x03, 0xff, 0x80, 0xf9, 0x00, 0x04, 0x01, 0xf8, 0x03, 0xff, 0xfe, 0xf4, 0x00, 0x02,
  0x01, 0xff, 0xfe, 0xf3, 0x00, 0x01, 0x7f, 0xf8, 0xf3, 0x00, 0x01, 0x1f, 0xc0, 0x81, 0x00, 0xaa, 0x00, 0x81, 0x00, 0x81, 0x00, 0x81, 0x00, 0x81,
  0x00, 0x96, 0x00, 0x00, 0x04, 0xfa, 0x00, 0x01, 0x01, 0xf8, 0xfc, 0x00, 0x01, 0x0f, 0xff, 0xfa, 0x00, 0x02, 0x07, 0xff, 0xff, 0xfe, 0x00, 0x03,
  0x03, 0xff, 0xff, 0x80, 0xfb, 0x00, 0x09, 0x07, 0xff, 0xff, 0x80, 0x00, 0x00, 0x07, 0xff, 0xff, 0x80, 0xfb, 0x00, 0x09, 0x07, 0xff, 0xff, 0x80,
  0x00, 0x00, 0x07, 0xff, 0xff, 0x80, 0xfb, 0x00, 0x09, 0x07, 0xff, 0xff, 0x80, 0x00, 0x00, 0x07, 0xff, 0xff, 0x80, 0xfb, 0x00, 0x08, 0x07, 0xff,
  0xff, 0xc0, 0x00, 0x00, 0x07, 0xff, 0xff, 0xfa, 0x00, 0x08, 0x03, 0xff, 0xff, 0xc0, 0x00, 0x00, 0x07, 0xff, 0xfe, 0xfa, 0x00, 0x08, 0x01, 0xff,
  0xff, 0x83, 0xc0, 0x0e, 0x07, 0xff, 0xfc, 0xf9, 0x00, 0x07, 0x7f, 0xff, 0x83, 0xf0, 0x3f, 0x03, 0xff, 0xf0, 0xf9, 0x00, 0x04, 0x01, 0xf0, 0x03,
  0xff, 0xff, 0xf4, 0x00, 0x02, 0x01, 0xff, 0xfe, 0xf3, 0x00, 0x01, 0xff, 0xfc, 0xf3, 0x00, 0x01, 0x3f, 0xf0, 0xf3, 0x00, 0x01, 0x03, 0x80, 0x81,
  0x00, 0xca, 0x00, 0x81, 0x00, 0x81, 0x00, 0x81, 0x00, 0x81, 0x00, 0xce, 0x00, 0x01, 0x03, 0xfe, 0xfc, 0x00, 0x02, 0x0b, 0xff, 0x80, 0xfb, 0x00,
  0x02, 0x07, 0xff, 0xfc, 0xfe, 0x00, 0x03, 0x01, 0xff, 0xff, 0xc0, 0xfb, 0x00, 0x02, 0x0f, 0xff, 0xff, 0xfe, 0x00, 0x03, 0x03, 0xff, 0xff, 0xc0,
  0xfb, 0x00, 0x02, 0x0f, 0xff, 0xff, 0xfe, 0x00, 0x03, 0x03, 0xff, 0xff, 0xc0, 0xfb, 0x00, 0x09, 0x0f, 0xff, 0xff, 0x80, 0x00, 0x00, 0x07, 0xff,
  0xff, 0xc0, 0xfb, 0x00, 0x09, 0x0f, 0xff, 0xff, 0x80, 0x00, 0x00, 0x07, 0xff, 0xff, 0xc0, 0xfb, 0x00, 0x09, 0x0f, 0xff, 0xff, 0x80, 0x00, 0x00,
  0x07, 0xff, 0xff, 0x80, 0xfb, 0x00, 0x09, 0x07, 0xff, 0xff, 0x80, 0x00, 0x00, 0x07, 0xff, 0xff, 0x80, 0xfb, 0x00, 0x09, 0x07, 0xff, 0xff, 0x80,
  0x00, 0x00, 0x07, 0xff, 0xff, 0x80, 0xfb, 0x00, 0x08, 0x03, 0xff, 0xff, 0x83, 0xf0, 0x1f, 0x07, 0xff, 0xff, 0xf9, 0x00, 0x07, 0xff, 0xff, 0x03,
  0xff, 0xff, 0x03, 0xff, 0xf8, 0xf9, 0x00, 0x07, 0x3f, 0xfe, 0x03, 0xff, 0xff, 0x00, 0xff, 0x80, 0xf8, 0x00, 0x03, 0x70, 0x01, 0xff, 0xfe, 0xf3,
  0x00, 0x01, 0xff, 0xfc, 0xf3, 0x00, 0x01, 0x3f, 0xf0, 0xf3, 0x00, 0x01, 0x03, 0x80, 0x81, 0x00, 0xaa, 0x00, 0x81, 0x00, 0xdd, 0x00, 0x01, 0x1f,
  0xe0, 0xfd, 0x00, 0x01, 0x3f, 0xf8, 0xf9, 0x00, 0x01, 0xff, 0xf8, 0xfd, 0x00, 0x01, 0xff, 0xfe, 0xfa, 0x00, 0x02, 0x03, 0xff, 0xfc, 0xfe, 0x00,
  0x02, 0x01, 0xff, 0xff, 0xfa, 0x00, 0x02, 0x03, 0xff, 0xfe, 0xfe, 0x00, 0x02, 0x03, 0xff, 0xff, 0xfa, 0x00, 0x02, 0x07, 0xff, 0xfe, 0xfe, 0x00,
  0x03, 0x03, 0xff, 0xff, 0x80, 0xfb, 0x00, 0x02, 0x0f, 0xff, 0xff, 0xfe, 0x00, 0x03, 0x03, 0xff, 0xff, 0x80, 0xfb, 0x00, 0x02, 0x0f, 0xff, 0xff,
  0xfe, 0x00, 0x03, 0x03, 0xff, 0xff, 0xc0, 0xfb, 0x00, 0x02, 0x0f, 0xff, 0xff, 0xfe, 0x00, 0x03, 0x03, 0xff, 0xff, 0xc0, 0xfb, 0x00, 0x02, 0x0f,
  0xff, 0xff, 0xfe, 0x00, 0x03, 0x03, 0xff, 0xff, 0xc0, 0xfb, 0x00, 0x02, 0x1f, 0xff, 0xff, 0xfe, 0x00, 0x03, 0x03, 0xff, 0xff, 0xc0, 0xfb, 0x00,
  0x02, 0x1f, 0xff, 0xff, 0xfe, 0x00, 0x03, 0x03, 0xff, 0xff, 0xc0, 0xfb, 0x00, 0x02, 0x1f, 0xff, 0xff, 0xfe, 0x00, 0x03, 0x03, 0xff, 0xff, 0xe0,
  0xfb, 0x00, 0x02, 0x1f, 0xff, 0xff, 0xfe, 0x00, 0x03, 0x03, 0xff, 0xff, 0xe0, 0xfb, 0x00, 0x02, 0x1f, 0xff, 0xff, 0xfe, 0x00, 0x03, 0x03, 0xff,
  0xff, 0xe0, 0xfb, 0x00, 0x02, 0x1f, 0xff, 0xff, 0xfe, 0x00, 0x03, 0x03, 0xff, 0xff, 0xe0, 0xfb, 0x00, 0x02, 0x1f, 0xff, 0xff, 0xfe, 0x00, 0x03,
  0x03, 0xff, 0xff, 0xe0, 0xfb, 0x00, 0x02, 0x1f, 0xff, 0xff, 0xfe, 0x00, 0x03, 0x03, 0xff, 0xff, 0xe0, 0xfb, 0x00, 0x02, 0x1f, 0xff, 0xff, 0xfe,
  0x00, 0x03, 0x03, 0xff, 0xff, 0xe0, 0xfb, 0x00, 0x02, 0x1f, 0xff, 0xff, 0xfe, 0x00, 0x03, 0x03, 0xff, 0xff, 0xc0, 0xfb, 0x00, 0x02, 0x0f, 0xff,
  0xff, 0xfe, 0x00, 0x03, 0x03, 0xff, 0xff, 0xc0, 0xfb, 0x00, 0x02, 0x0f, 0xff, 0xff, 0xfe, 0x00, 0x03, 0x03, 0xff, 0xff, 0xc0, 0xfb, 0x00, 0x02,
  0x0f, 0xff, 0xff, 0xfe, 0x00, 0x03, 0x03, 0xff, 0xff, 0xc0, 0xfb, 0x00, 0x02, 0x0f, 0xff, 0xff, 0xfe, 0x00, 0x03, 0x03, 0xff, 0xff, 0xc0, 0xfb,
  0x00, 0x02, 0x0f, 0xff, 0xff, 0xfe, 0x00, 0x03, 0x03, 0xff, 0xff, 0xc0, 0xfb, 0x00, 0x09, 0x0f, 0xff, 0xff, 0x01, 0x80, 0x0e, 0x03, 0xff, 0xff,
  0x80, 0xfb, 0x00, 0x09, 0x0f, 0xff, 0xff, 0x03, 0xe0, 0x3f, 0x03, 0xff, 0xff, 0x80, 0xfb, 0x00, 0x09, 0x07, 0xff, 0xff, 0x03, 0xff, 0xff, 0x03,
  0xff, 0xff, 0x80, 0xfb, 0x00, 0x08, 0x07, 0xff, 0xff, 0x03, 0xff, 0xff, 0x01, 0xff, 0xff, 0xfa, 0x00, 0x08, 0x03, 0xff, 0xfe, 0x03, 0xff, 0xff,
  0x01, 0xff, 0xfe, 0xfa, 0x00, 0x08, 0x01, 0xff, 0xfc, 0x03, 0xff, 0xff, 0x00, 0xff, 0xfc, 0xf9, 0x00, 0x07, 0x7f, 0xf8, 0x03, 0xff, 0xfe, 0x00,
  0x3f, 0xe0, 0xf7, 0x00, 0x02, 0x01, 0xff, 0xfe, 0xf3, 0x00, 0x01, 0xff, 0xf8, 0xf3, 0x00, 0x01, 0x3f, 0xf0, 0x81, 0x00, 0x81, 0x00, 0xba, 0x00,
  0x81, 0x00, 0xed, 0x00, 0x00, 0x07, 0xfc, 0x00, 0x01, 0x3f, 0xf8, 0xf9, 0x00, 0x01, 0xff, 0xf0, 0xfd, 0x00, 0x01, 0xff, 0xfe, 0xfa, 0x00, 0x02,
  0x03, 0xff, 0xfc, 0xfe, 0x00, 0x02, 0x01, 0xff, 0xff, 0xfa, 0x00, 0x02, 0x07, 0xff, 0xfe, 0xfe, 0x00, 0x02, 0x03, 0xff, 0xff, 0xfa, 0x00, 0x02,
  0x07, 0xff, 0xff, 0xfe, 0x00, 0x03, 0x03, 0xff, 0xff, 0x80, 0xfb, 0x00, 0x02, 0x0f, 0xff, 0xff, 0xfe, 0x00, 0x03, 0x03, 0xff, 0xff, 0x80, 0xfb,
  0x00, 0x02, 0x0f, 0xff, 0xff, 0xfe, 0x00, 0x03, 0x07, 0xff, 0xff, 0xc0, 0xfb, 0x00, 0x02, 0x0f, 0xff, 0xff, 0xfe, 0x00, 0x03, 0x07, 0xff, 0xff,
  0xc0, 0xfb, 0x00, 0x02, 0x0f, 0xff, 0xff, 0xfe, 0x00, 0x03, 0x07, 0xff, 0xff, 0xc0, 0xfb, 0x00, 0x02, 0x1f, 0xff, 0xff, 0xfe, 0x00, 0x03, 0x07,
  0xff, 0xff, 0xc0, 0xfb, 0x00, 0x02, 0x1f, 0xff, 0xff, 0xfe, 0x00, 0x03, 0x07, 0xff, 0xff, 0xc0, 0xfb, 0x00, 0x02, 0x1f, 0xff, 0xff, 0xfe, 0x00,
  0x03, 0x07, 0xff, 0xff, 0xe0, 0xfb, 0x00, 0x02, 0x1f, 0xff, 0xff, 0xfe, 0x00, 0x03, 0x03, 0xff, 0xff, 0xe0, 0xfb, 0x00, 0x02, 0x1f, 0xff, 0xff,
  0xfe, 0x00, 0x03, 0x03, 0xff, 0xff, 0xe0, 0xfb, 0x00, 0x02, 0x1f, 0xff, 0xff, 0xfe, 0x00, 0x03, 0x03, 0xff, 0xff, 0xe0, 0xfb, 0x00, 0x02, 0x1f,
  0xff, 0xff, 0xfe, 0x00, 0x03, 0x03, 0xff, 0xff, 0xc0, 0xfb, 0x00, 0x02, 0x1f, 0xff, 0xff, 0xfe, 0x00, 0x03, 0x03, 0xff, 0xff, 0xc0, 0xfb, 0x00,
  0x02, 0x0f, 0xff, 0xff, 0xfe, 0x00, 0x03, 0x03, 0xff, 0xff, 0xc0, 0xfb, 0x00, 0x02, 0x0f, 0xff, 0xff, 0xfe, 0x00, 0x03, 0x03, 0xff, 0xff, 0xc0,
  0xfb, 0x00, 0x02, 0x0f, 0xff, 0xff, 0xfe, 0x00, 0x03, 0x03, 0xff, 0xff, 0xc0, 0xfb, 0x00, 0x02, 0x0f, 0xff, 0xff, 0xfe, 0x00, 0x03, 0x03, 0xff,
  0xff, 0xc0, 0xfb, 0x00, 0x02, 0x0f, 0xff, 0xff, 0xfe, 0x00, 0x03, 0x03, 0xff, 0xff, 0xc0, 0xfb, 0x00, 0x02, 0x0f, 0xff, 0xff, 0xfe, 0x00, 0x03,
  0x03, 0xff, 0xff, 0x80, 0xfb, 0x00, 0x02, 0x0f, 0xff, 0xff, 0xfe, 0x00, 0x03, 0x03, 0xff, 0xff, 0x80, 0xfb, 0x00, 0x09, 0x07, 0xff, 0xff, 0x00,
  0x00, 0x02, 0x03, 0xff, 0xff, 0x80, 0xfb, 0x00, 0x08, 0x07, 0xff, 0xff, 0x03, 0xe0, 0x1f, 0x03, 0xff, 0xff, 0xfa, 0x00, 0x08, 0x03, 0xff, 0xfe,
  0x07, 0xf8, 0x3f, 0x01, 0xff, 0xfe, 0xfa, 0x00, 0x08, 0x03, 0xff, 0xfe, 0x07, 0xff, 0xff, 0x00, 0xff, 0xfc, 0xf9, 0x00, 0x07, 0xff, 0xf8, 0x03,
  0xff, 0xff, 0x00, 0x7f, 0xf8, 0xf9, 0x00, 0x04, 0x3f, 0xe0, 0x03, 0xff, 0xff, 0xf4, 0x00, 0x02, 0x01, 0xff, 0xfc, 0xf3, 0x00, 0x01, 0x7f, 0xf8,
  0xf3, 0x00, 0x00, 0x07, 0x81, 0x00, 0x81, 0x00, 0x99, 0x00, 0x81, 0x00, 0xed, 0x00, 0x00, 0x07, 0xfc, 0x00, 0x01, 0x3f, 0xf8, 0xf9, 0x00, 0x01,
  0xff, 0xf0, 0xfd, 0x00, 0x01, 0xff, 0xfe, 0xfa, 0x00, 0x02, 0x03, 0xff, 0xfc, 0xfe, 0x00, 0x02, 0x01, 0xff, 0xff, 0xfa, 0x00, 0x02, 0x07, 0xff,
  0xfe, 0xfe, 0x00, 0x02, 0x03, 0xff, 0xff, 0xfa, 0x00, 0x02, 0x07, 0xff, 0xff, 0xfe, 0x00, 0x03, 0x03, 0xff, 0xff, 0x80, 0xfb, 0x00, 0x02, 0x0f,
  0xff, 0xff, 0xfe, 0x00, 0x03, 0x07, 0xff, 0xff, 0x80, 0xfb, 0x00, 0x02, 0x0f, 0xff, 0xff, 0xfe, 0x00, 0x03, 0x07, 0xff, 0xff, 0xc0, 0xfb, 0x00,
  0x02, 0x0f, 0xff, 0xff, 0xfe, 0x00, 0x03, 0x07, 0xff, 0xff, 0xc0, 0xfb, 0x00, 0x02, 0x1f, 0xff, 0xff, 0xfe, 0x00, 0x03, 0x07, 0xff, 0xff, 0xc0,
  0xfb, 0x00, 0x02, 0x1f, 0xff, 0xff, 0xfe, 0x00, 0x03, 0x07, 0xff, 0xff, 0xe0, 0xfb, 0x00, 0x02, 0x1f, 0xff, 0xff, 0xfe, 0x00, 0x03, 0x07, 0xff,
  0xff, 0xe0, 0xfb, 0x00, 0x02, 0x1f, 0xff, 0xff, 0xfe, 0x00, 0x03, 0x07, 0xff, 0xff, 0xe0, 0xfb, 0x00, 0x02, 0x1f, 0xff, 0xff, 0xfe, 0x00, 0x03,
  0x07, 0xff, 0xff, 0xe0, 0xfb, 0x00, 0x02, 0x1f, 0xff, 0xff, 0xfe, 0x00, 0x03, 0x03, 0xff, 0xff, 0xe0, 0xfb, 0x00, 0x02, 0x1f, 0xff, 0xff, 0xfe,
  0x00, 0x03, 0x03, 0xff, 0xff, 0xe0, 0xfb, 0x00, 0x02, 0x1f, 0xff, 0xff, 0xfe, 0x00, 0x03, 0x03, 0xff, 0xff, 0xc0, 0xfb, 0x00, 0x02, 0x1f, 0xff,
  0xff, 0xfe, 0x00, 0x03, 0x03, 0xff, 0xff, 0xc0, 0xfb, 0x00, 0x02, 0x1f, 0xff, 0xff, 0xfe, 0x00, 0x03, 0x03, 0xff, 0xff, 0xc0, 0xfb, 0x00, 0x02,
  0x0f, 0xff, 0xff, 0xfe, 0x00, 0x03, 0x03, 0xff, 0xff, 0xc0, 0xfb, 0x00, 0x02, 0x0f, 0xff, 0xff, 0xfe, 0x00, 0x03, 0x03, 0xff, 0xff, 0xc0, 0xfb,
  0x00, 0x02, 0x0f, 0xff, 0xff, 0xfe, 0x00, 0x03, 0x03, 0xff, 0xff, 0xc0, 0xfb, 0x00, 0x02, 0x0f, 0xff, 0xff, 0xfe, 0x00, 0x03, 0x03, 0xff, 0xff,
  0xc0, 0xfb, 0x00, 0x02, 0x0f, 0xff, 0xff, 0xfe, 0x00, 0x03, 0x03, 0xff, 0xff, 0x80, 0xfb, 0x00, 0x02, 0x0f, 0xff, 0xff, 0xfe, 0x00, 0x03, 0x03,
  0xff, 0xff, 0x80, 0xfb, 0x00, 0x09, 0x07, 0xff, 0xff, 0x00, 0x00, 0x06, 0x03, 0xff, 0xff, 0x80, 0xfb, 0x00, 0x08, 0x07, 0xff, 0xff, 0x03, 0xe0,
  0x1f, 0x03, 0xff, 0xff, 0xfa, 0x00, 0x08, 0x03, 0xff, 0xfe, 0x07, 0xf8, 0x7f, 0x03, 0xff, 0xfe, 0xfa, 0x00, 0x08, 0x03, 0xff, 0xfe, 0x07, 0xff,
  0xff, 0x00, 0xff, 0xfc, 0xf9, 0x00, 0x07, 0xff, 0xf8, 0x03, 0xff, 0xff, 0x00, 0x7f, 0xf8, 0xf9, 0x00, 0x04, 0x3f, 0xe0, 0x03, 0xff, 0xff, 0xf4,
  0x00, 0x02, 0x01, 0xff, 0xfc, 0xf3, 0x00, 0x01, 0x7f, 0xf8, 0xf3, 0x00, 0x00, 0x07, 0x81, 0x00, 0x81, 0x00, 0x99, 0x00, 0x81, 0x00, 0xed, 0x00,
  0x00, 0x03, 0xfc, 0x00, 0x01, 0x3f, 0xf8, 0xf9, 0x00, 0x01, 0xff, 0xf0, 0xfd, 0x00, 0x01, 0xff, 0xfe, 0xfa, 0x00, 0x02, 0x03, 0xff, 0xfc, 0xfe,
  0x00, 0x02, 0x01, 0xff, 0xff, 0xfa, 0x00, 0x02, 0x03, 0xff, 0xfe, 0xfe, 0x00, 0x02, 0x03, 0xff, 0xff, 0xfa, 0x00, 0x02, 0x07, 0xff, 0xff, 0xfe,
  0x00, 0x03, 0x03, 0xff, 0xff, 0x80, 0xfb, 0x00, 0x02, 0x0f, 0xff, 0xff, 0xfe, 0x00, 0x03, 0x07, 0xff, 0xff, 0x80, 0xfb, 0x00, 0x02, 0x0f, 0xff,
  0xff, 0xfe, 0x00, 0x03, 0x07, 0xff, 0xff, 0xc0, 0xfb, 0x00, 0x02, 0x0f, 0xff, 0xff, 0xfe, 0x00, 0x03, 0x07, 0xff, 0xff, 0xc0, 0xfb, 0x00, 0x02,
  0x1f, 0xff, 0xff, 0xfe, 0x00, 0x03, 0x07, 0xff, 0xff, 0xc0, 0xfb, 0x00, 0x02, 0x1f, 0xff, 0xff, 0xfe, 0x00, 0x03, 0x07, 0xff, 0xff, 0xc0, 0xfb,
  0x00, 0x02, 0x1f, 0xff, 0xff, 0xfe, 0x00, 0x03, 0x07, 0xff, 0xff, 0xe0, 0xfb, 0x00, 0x02, 0x1f, 0xff, 0xff, 0xfe, 0x00, 0x03, 0x07, 0xff, 0xff,
  0xe0, 0xfb, 0x00, 0x02, 0x1f, 0xff, 0xff, 0xfe, 0x00, 0x03, 0x03, 0xff, 0xff, 0xe0, 0xfb, 0x00, 0x02, 0x1f, 0xff, 0xff, 0xfe, 0x00, 0x03, 0x03,
  0xff, 0xff, 0xe0, 0xfb, 0x00, 0x02, 0x1f, 0xff, 0xff, 0xfe, 0x00, 0x03, 0x03, 0xff, 0xff, 0xe0, 0xfb, 0x00, 0x02, 0x1f, 0xff, 0xff, 0xfe, 0x00,
  0x03, 0x03, 0xff, 0xff, 0xc0, 0xfb, 0x00, 0x02, 0x1f, 0xff, 0xff, 0xfe, 0x00, 0x03, 0x03, 0xff, 0xff, 0xc0, 0xfb, 0x00, 0x02, 0x0f, 0xff, 0xff,
  0xfe, 0x00, 0x03, 0x03, 0xff, 0xff, 0xc0, 0xfb, 0x00, 0x02, 0x0f, 0xff, 0xff, 0xfe, 0x00, 0x03, 0x03, 0xff, 0xff, 0xc0, 0xfb, 0x00, 0x02, 0x0f,
  0xff, 0xff, 0xfe, 0x00, 0x03, 0x03, 0xff, 0xff, 0xc0, 0xfb, 0x00, 0x02, 0x0f, 0xff, 0xff, 0xfe, 0x00, 0x03, 0x03, 0xff, 0xff, 0xc0, 0xfb, 0x00,
  0x02, 0x0f, 0xff, 0xff, 0xfe, 0x00, 0x03, 0x03, 0xff, 0xff, 0xc0, 0xfb, 0x00, 0x02, 0x0f, 0xff, 0xff, 0xfe, 0x00, 0x03, 0x03, 0xff, 0xff, 0x80,
  0xfb, 0x00, 0x02, 0x0f, 0xff, 0xff, 0xfe, 0x00, 0x03, 0x03, 0xff, 0xff, 0x80, 0xfb, 0x00, 0x09, 0x07, 0xff, 0xff, 0x00, 0x00, 0x06, 0x03, 0xff,
  0xff, 0x80, 0xfb, 0x00, 0x08, 0x07, 0xff, 0xff, 0x03, 0xe0, 0x1f, 0x03, 0xff, 0xff, 0xfa, 0x00, 0x08, 0x03, 0xff, 0xfe, 0x07, 0xf8, 0x7f, 0x01,
  0xff, 0xfe, 0xfa, 0x00, 0x08, 0x03, 0xff, 0xfe, 0x07, 0xff, 0xff, 0x00, 0xff, 0xfc, 0xf9, 0x00, 0x07, 0xff, 0xf8, 0x03, 0xff, 0xff, 0x00, 0x7f,
  0xf8, 0xf9, 0x00, 0x04, 0x3f, 0xe0, 0x03, 0xff, 0xfe, 0xf4, 0x00, 0x02, 0x01, 0xff, 0xfc, 0xf3, 0x00, 0x01, 0x7f, 0xf8, 0xf3, 0x00, 0x00, 0x07,
  0x81, 0x00, 0x81, 0x00, 0x99, 0x00, 0x81, 0x00, 0xed, 0x00, 0x00, 0x03, 0xfc, 0x00, 0x01, 0x3f, 0xf8, 0xf9, 0x00, 0x01, 0xff, 0xf0, 0xfd, 0x00,
  0x01, 0xff, 0xfe, 0xfa, 0x00, 0x02, 0x03, 0xff, 0xfc, 0xfe, 0x00, 0x02, 0x01, 0xff, 0xff, 0xfa, 0x00, 0x02, 0x03, 0xff, 0xfe, 0xfe, 0x00, 0x02,
  0x03, 0xff, 0xff, 0xfa, 0x00, 0x02, 0x07, 0xff, 0xff, 0xfe, 0x00, 0x03, 0x03, 0xff, 0xff, 0x80, 0xfb, 0x00, 0x02, 0x0f, 0xff, 0xff, 0xfe, 0x00,
  0x03, 0x07, 0xff, 0xff, 0x80, 0xfb, 0x00, 0x02, 0x0f, 0xff, 0xff, 0xfe, 0x00, 0x03, 0x07, 0xff, 0xff, 0xc0, 0xfb, 0x00, 0x02, 0x0f, 0xff, 0xff,
  0xfe, 0x00, 0x03, 0x07, 0xff, 0xff, 0xc0, 0xfb, 0x00, 0x02, 0x1f, 0xff, 0xff, 0xfe, 0x00, 0x03, 0x07, 0xff, 0xff, 0xc0, 0xfb, 0x00, 0x02, 0x1f,
  0xff, 0xff, 0xfe, 0x00, 0x03, 0x07, 0xff, 0xff, 0xe0, 0xfb, 0x00, 0x02, 0x1f, 0xff, 0xff, 0xfe, 0x00, 0x03, 0x07, 0xff, 0xff, 0xe0, 0xfb, 0x00,
  0x02, 0x1f, 0xff, 0xff, 0xfe, 0x00, 0x03, 0x07, 0xff, 0xff, 0xe0, 0xfb, 0x00, 0x02, 0x1f, 0xff, 0xff, 0xfe, 0x00, 0x03, 0x03, 0xff, 0xff, 0xe0,
  0xfb, 0x00, 0x02, 0x1f, 0xff, 0xff, 0xfe, 0x00, 0x03, 0x03, 0xff, 0xff, 0xe0, 0xfb, 0x00, 0x02, 0x1f, 0xff, 0xff, 0xfe, 0x00, 0x03, 0x03, 0xff,
  0xff, 0xe0, 0xfb, 0x00, 0x02, 0x1f, 0xff, 0xff, 0xfe, 0x00, 0x03, 0x03, 0xff, 0xff, 0xc0, 0xfb, 0x00, 0x02, 0x1f, 0xff, 0xff, 0xfe, 0x00, 0x03,
  0x03, 0xff, 0xff, 0xc0, 0xfb, 0x00, 0x02, 0x0f, 0xff, 0xff, 0xfe, 0x00, 0x03, 0x03, 0xff, 0xff, 0xc0, 0xfb, 0x00, 0x02, 0x0f, 0xff, 0xff, 0xfe,
  0x00, 0x03, 0x03, 0xff, 0xff, 0xc0, 0xfb, 0x00, 0x02, 0x0f, 0xff, 0xff, 0xfe, 0x00, 0x03, 0x03, 0xff, 0xff, 0xc0, 0xfb, 0x00, 0x02, 0x0f, 0xff,
  0xff, 0xfe, 0x00, 0x03, 0x03, 0xff, 0xff, 0xc0, 0xfb, 0x00, 0x02, 0x0f, 0xff, 0xff, 0xfe, 0x00, 0x03, 0x03, 0xff, 0xff, 0xc0, 0xfb, 0x00, 0x02,
  0x0f, 0xff, 0xff, 0xfe, 0x00, 0x03, 0x03, 0xff, 0xff, 0x80, 0xfb, 0x00, 0x02, 0x0f, 0xff, 0xff, 0xfe, 0x00, 0x03, 0x03, 0xff, 0xff, 0x80, 0xfb,
  0x00, 0x09, 0x07, 0xff, 0xff, 0x00, 0x00, 0x06, 0x03, 0xff, 0xff, 0x80, 0xfb, 0x00, 0x08, 0x07, 0xff, 0xff, 0x03, 0xe0, 0x1f, 0x03, 0xff, 0xff,
  0xfa, 0x00, 0x08, 0x03, 0xff, 0xfe, 0x07, 0xf8, 0x7f, 0x01, 0xff, 0xff, 0xfa, 0x00, 0x08, 0x03, 0xff, 0xfe, 0x07, 0xff, 0xff, 0x00, 0xff, 0xfc,
  0xf9, 0x00, 0x07, 0xff, 0xf8, 0x03, 0xff, 0xff, 0x00, 0x7f, 0xf8, 0xf9, 0x00, 0x04, 0x3f, 0xe0, 0x03, 0xff, 0xff, 0xf4, 0x00, 0x02, 0x01, 0xff,
  0xfc, 0xf3, 0x00, 0x01, 0x7f, 0xf8, 0xf3, 0x00, 0x00, 0x07, 0x81, 0x00, 0x81, 0x00, 0x99, 0x00, 0x81, 0x00, 0xed, 0x00, 0x00, 0x02, 0xfc, 0x00,
  0x01, 0x3f, 0xf8, 0xf9, 0x00, 0x01, 0xff, 0xf0, 0xfd, 0x00, 0x01, 0xff, 0xfc, 0xfa, 0x00, 0x02, 0x03, 0xff, 0xfc, 0xfe, 0x00, 0x02, 0x01, 0xff,
  0xff, 0xfa, 0x00, 0x02, 0x07, 0xff, 0xfe, 0xfe, 0x00, 0x02, 0x03, 0xff, 0xff, 0xfa, 0x00, 0x02, 0x07, 0xff, 0xff, 0xfe, 0x00, 0x03, 0x03, 0xff,
  0xff, 0x80, 0xfb, 0x00, 0x02, 0x0f, 0xff, 0xff, 0xfe, 0x00, 0x03, 0x03, 0xff, 0xff, 0x80, 0xfb, 0x00, 0x02, 0x0f, 0xff, 0xff, 0xfe, 0x00, 0x03,
  0x07, 0xff, 0xff, 0xc0, 0xfb, 0x00, 0x02, 0x0f, 0xff, 0xff, 0xfe, 0x00, 0x03, 0x07, 0xff, 0xff, 0xc0, 0xfb, 0x00, 0x02, 0x0f, 0xff, 0xff, 0xfe,
  0x00, 0x03, 0x07, 0xff, 0xff, 0xc0, 0xfb, 0x00, 0x02, 0x1f, 0xff, 0xff, 0xfe, 0x00, 0x03, 0x07, 0xff, 0xff, 0xe0, 0xfb, 0x00, 0x02, 0x1f, 0xff,
  0xff, 0xfe, 0x00, 0x03, 0x07, 0xff, 0xff, 0xc0, 0xfb, 0x00, 0x02, 0x1f, 0xff, 0xff, 0xfe, 0x00, 0x03, 0x07, 0xff, 0xff, 0xe0, 0xfb, 0x00, 0x02,
  0x1f, 0xff, 0xff, 0xfe, 0x00, 0x03, 0x03, 0xff, 0xff, 0xe0, 0xfb, 0x00, 0x02, 0x1f, 0xff, 0xff, 0xfe, 0x00, 0x03, 0x03, 0xff, 0xff, 0xe0, 0xfb,
  0x00, 0x02, 0x1f, 0xff, 0xff, 0xfe, 0x00, 0x03, 0x03, 0xff, 0xff, 0xe0, 0xfb, 0x00, 0x02, 0x1f, 0xff, 0xff, 0xfe, 0x00, 0x03, 0x03, 0xff, 0xff,
  0xc0, 0xfb, 0x00, 0x02, 0x1f, 0xff, 0xff, 0xfe, 0x00, 0x03, 0x03, 0xff, 0xff, 0xc0, 0xfb, 0x00, 0x02, 0x0f, 0xff, 0xff, 0xfe, 0x00, 0x03, 0x03,
  0xff, 0xff, 0xc0, 0xfb, 0x00, 0x02, 0x0f, 0xff, 0xff, 0xfe, 0x00, 0x03, 0x03, 0xff, 0xff, 0xc0, 0xfb, 0x00, 0x02, 0x0f, 0xff, 0xff, 0xfe, 0x00,
  0x03, 0x03, 0xff, 0xff, 0xc0, 0xfb, 0x00, 0x02, 0x0f, 0xff, 0xff, 0xfe, 0x00, 0x03, 0x03, 0xff, 0xff, 0xc0, 0xfb, 0x00, 0x02, 0x0f, 0xff, 0xff,
  0xfe, 0x00, 0x03, 0x03, 0xff, 0xff, 0xc0, 0xfb, 0x00, 0x02, 0x0f, 0xff, 0xff, 0xfe, 0x00, 0x03, 0x03, 0xff, 0xff, 0x80, 0xfb, 0x00, 0x02, 0x0f,
  0xff, 0xff, 0xfe, 0x00, 0x03, 0x03, 0xff, 0xff, 0x80, 0xfb, 0x00, 0x09, 0x07, 0xff, 0xff, 0x00, 0x00, 0x06, 0x03, 0xff, 0xff, 0x80, 0xfb, 0x00,
  0x08, 0x07, 0xff, 0xff, 0x03, 0xe0, 0x1f, 0x03, 0xff, 0xff, 0xfa, 0x00, 0x08, 0x03, 0xff, 0xfe, 0x03, 0xf8, 0x7f, 0x01, 0xff, 0xff, 0xfa, 0x00,
  0x08, 0x03, 0xff, 0xfe, 0x03, 0xff, 0xff, 0x00, 0xff, 0xfe, 0xf9, 0x00, 0x07, 0xff, 0xf8, 0x03, 0xff, 0xff, 0x00, 0x7f, 0xf8, 0xf9, 0x00, 0x04,
  0x7f, 0xe0, 0x03, 0xff, 0xff, 0xf4, 0x00, 0x02, 0x01, 0xff, 0xfc, 0xf3, 0x00, 0x01, 0x7f, 0xf8, 0xf3, 0x00, 0x00, 0x07, 0x81, 0x00, 0x81, 0x00,
  0x99, 0x00, 0x81, 0x00, 0xed, 0x00, 0x00, 0x02, 0xfc, 0x00, 0x01, 0x3f, 0xf8, 0xf9, 0x00, 0x01, 0xff, 0xf0, 0xfd, 0x00, 0x01, 0xff, 0xfc, 0xfa,
  0x00, 0x02, 0x03, 0xff, 0xfc, 0xfe, 0x00, 0x02, 0x01, 0xff, 0xff, 0xfa, 0x00, 0x02, 0x07, 0xff, 0xfe, 0xfe, 0x00, 0x02, 0x03, 0xff, 0xff, 0xfa,
  0x00, 0x02, 0x07, 0xff, 0xff, 0xfe, 0x00, 0x03, 0x03, 0xff, 0xff, 0x80, 0xfb, 0x00, 0x02, 0x0f, 0xff, 0xff, 0xfe, 0x00, 0x03, 0x03, 0xff, 0xff,
  0x80, 0xfb, 0x00, 0x02, 0x0f, 0xff, 0xff, 0xfe, 0x00, 0x03, 0x07, 0xff, 0xff, 0xc0, 0xfb, 0x00, 0x02, 0x0f, 0xff, 0xff, 0xfe, 0x00, 0x03, 0x07,
  0xff, 0xff, 0xc0, 0xfb, 0x00, 0x02, 0x1f, 0xff, 0xff, 0xfe, 0x00, 0x03, 0x07, 0xff, 0xff, 0xc0, 0xfb, 0x00, 0x02, 0x1f, 0xff, 0xff, 0xfe, 0x00,
  0x03, 0x07, 0xff, 0xff, 0xe0, 0xfb, 0x00, 0x02, 0x1f, 0xff, 0xff, 0xfe, 0x00, 0x03, 0x07, 0xff, 0xff, 0xe0, 0xfb, 0x00, 0x02, 0x1f, 0xff, 0xff,
  0xfe, 0x00, 0x03, 0x07, 0xff, 0xff, 0xe0, 0xfb, 0x00, 0x02, 0x1f, 0xff, 0xff, 0xfe, 0x00, 0x03, 0x07, 0xff, 0xff, 0xe0, 0xfb, 0x00, 0x02, 0x1f,
  0xff, 0xff, 0xfe, 0x00, 0x03, 0x03, 0xff, 0xff, 0xe0, 0xfb, 0x00, 0x02, 0x1f, 0xff, 0xff, 0xfe, 0x00, 0x03, 0x03, 0xff, 0xff, 0xe0, 0xfb, 0x00,
  0x02, 0x1f, 0xff, 0xff, 0xfe, 0x00, 0x03, 0x03, 0xff, 0xff, 0xe0, 0xfb, 0x00, 0x02, 0x1f, 0xff, 0xff, 0xfe, 0x00, 0x03, 0x03, 0xff, 0xff, 0xe0,
  0xfb, 0x00, 0x02, 0x0f, 0xff, 0xff, 0xfe, 0x00, 0x03, 0x03, 0xff, 0xff, 0xc0, 0xfb, 0x00, 0x02, 0x0f, 0xff, 0xff, 0xfe, 0x00, 0x03, 0x03, 0xff,
  0xff, 0xc0, 0xfb, 0x00, 0x02, 0x0f, 0xff, 0xff, 0xfe, 0x00, 0x03, 0x03, 0xff, 0xff, 0xc0, 0xfb, 0x00, 0x02, 0x0f, 0xff, 0xff, 0xfe, 0x00, 0x03,
  0x03, 0xff, 0xff, 0xc0, 0xfb, 0x00, 0x02, 0x0f, 0xff, 0xff, 0xfe, 0x00, 0x03, 0x03, 0xff, 0xff, 0xc0, 0xfb, 0x00, 0x02, 0x0f, 0xff, 0xff, 0xfe,
  0x00, 0x03, 0x03, 0xff, 0xff, 0x80, 0xfb, 0x00, 0x02, 0x0f, 0xff, 0xff, 0xfe, 0x00, 0x03, 0x03, 0xff, 0xff, 0x80, 0xfb, 0x00, 0x09, 0x07, 0xff,
  0xff, 0x00, 0x00, 0x06, 0x03, 0xff, 0xff, 0x80, 0xfb, 0x00, 0x08, 0x07, 0xff, 0xff, 0x03, 0xe0, 0x1f, 0x03, 0xff, 0xff, 0xfa, 0x00, 0x08, 0x03,
  0xff, 0xfe, 0x07, 0xf8, 0x3f, 0x01, 0xff, 0xff, 0xfa, 0x00, 0x08, 0x03, 0xff, 0xfe, 0x07, 0xff, 0xff, 0x00, 0xff, 0xfe, 0xf9, 0x00, 0x07, 0xff,
  0xf8, 0x07, 0xff, 0xff, 0x00, 0x7f, 0xf8, 0xf9, 0x00, 0x04, 0x3f, 0xf0, 0x03, 0xff, 0xff, 0xf4, 0x00, 0x02, 0x01, 0xff, 0xfc, 0xf3, 0x00, 0x01,
  0x7f, 0xf8, 0xf3, 0x00, 0x00, 0x07, 0x81, 0x00, 0x81, 0x00, 0x99, 0x00, 0x81, 0x00, 0xe7, 0x00, 0x01, 0x3f, 0xf8, 0xf9, 0x00, 0x01, 0xff, 0xf0,
  0xfd, 0x00, 0x01, 0xff, 0xfc, 0xfa, 0x00, 0x02, 0x03, 0xff, 0xfc, 0xfe, 0x00, 0x02, 0x01, 0xff, 0xfe, 0xfa, 0x00, 0x02, 0x07, 0xff, 0xfe, 0xfe,
  0x00, 0x02, 0x03, 0xff, 0xff, 0xfa, 0x00, 0x02, 0x07, 0xff, 0xff, 0xfe, 0x00, 0x03, 0x03, 0xff, 0xff, 0x80, 0xfb, 0x00, 0x02, 0x0f, 0xff, 0xff,
  0xfe, 0x00, 0x03, 0x03, 0xff, 0xff, 0x80, 0xfb, 0x00, 0x02, 0x0f, 0xff, 0xff, 0xfe, 0x00, 0x03, 0x07, 0xff, 0xff, 0xc0, 0xfb, 0x00, 0x02, 0x0f,
  0xff, 0xff, 0xfe, 0x00, 0x03, 0x07, 0xff, 0xff, 0xc0, 0xfb, 0x00, 0x02, 0x1f, 0xff, 0xff, 0xfe, 0x00, 0x03, 0x07, 0xff, 0xff, 0xc0, 0xfb, 0x00,
  0x02, 0x1f, 0xff, 0xff, 0xfe, 0x00, 0x03, 0x07, 0xff, 0xff, 0xc0, 0xfb, 0x00, 0x02, 0x1f, 0xff, 0xff, 0xfe, 0x00, 0x03, 0x07, 0xff, 0xff, 0xc0,
  0xfb, 0x00, 0x02, 0x1f, 0xff, 0xff, 0xfe, 0x00, 0x03, 0x07, 0xff, 0xff, 0xe0, 0xfb, 0x00, 0x02, 0x1f, 0xff, 0xff, 0xfe, 0x00, 0x03, 0x03, 0xff,
  0xff, 0xe0, 0xfb, 0x00, 0x02, 0x1f, 0xff, 0xff, 0xfe, 0x00, 0x03, 0x03, 0xff, 0xff, 0xe0, 0xfb, 0x00, 0x02, 0x1f, 0xff, 0xff, 0xfe, 0x00, 0x03,
  0x03, 0xff, 0xff, 0xe0, 0xfb, 0x00, 0x02, 0x1f, 0xff, 0xff, 0xfe, 0x00, 0x03, 0x03, 0xff, 0xff, 0xe0, 0xfb, 0x00, 0x02, 0x1f, 0xff, 0xff, 0xfe,
  0x00, 0x03, 0x03, 0xff, 0xff, 0xc0, 0xfb, 0x00, 0x02, 0x1f, 0xff, 0xff, 0xfe, 0x00, 0x03, 0x03, 0xff, 0xff, 0xc0, 0xfb, 0x00, 0x02, 0x0f, 0xff,
  0xff, 0xfe, 0x00, 0x03, 0x03, 0xff, 0xff, 0xc0, 0xfb, 0x00, 0x02, 0x0f, 0xff, 0xff, 0xfe, 0x00, 0x03, 0x03, 0xff, 0xff, 0xc0, 0xfb, 0x00, 0x02,
  0x0f, 0xff, 0xff, 0xfe, 0x00, 0x03, 0x03, 0xff, 0xff, 0xc0, 0xfb, 0x00, 0x02, 0x0f, 0xff, 0xff, 0xfe, 0x00, 0x03, 0x03, 0xff, 0xff, 0xc0, 0xfb,
  0x00, 0x02, 0x0f, 0xff, 0xff, 0xfe, 0x00, 0x03, 0x03, 0xff, 0xff, 0x80, 0xfb, 0x00, 0x02, 0x0f, 0xff, 0xff, 0xfe, 0x00, 0x03, 0x03, 0xff, 0xff,
  0x80, 0xfb, 0x00, 0x02, 0x07, 0xff, 0xff, 0xfe, 0x00, 0x03, 0x03, 0xff, 0xff, 0x80, 0xfb, 0x00, 0x08, 0x07, 0xff, 0xff, 0x03, 0xc0, 0x1f, 0x03,
  0xff, 0xff, 0xfa, 0x00, 0x08, 0x03, 0xff, 0xfe, 0x07, 0xf0, 0x3f, 0x01, 0xff, 0xff, 0xfa, 0x00, 0x08, 0x03, 0xff, 0xfe, 0x07, 0xff, 0xff, 0x00,
  0xff, 0xfe, 0xf9, 0x00, 0x07, 0xff, 0xf8, 0x03, 0xff, 0xff, 0x00, 0x7f, 0xf8, 0xf9, 0x00, 0x04, 0x7f, 0xf0, 0x03, 0xff, 0xff, 0xf4, 0x00, 0x02,
  0x01, 0xff, 0xfc, 0xf3, 0x00, 0x01, 0x7f, 0xf8, 0xf3, 0x00, 0x00, 0x07, 0x81, 0x00, 0x81, 0x00, 0x99, 0x00, 0x81, 0x00, 0xe7, 0x00, 0x01, 0x3f,
  0xf8, 0xf9, 0x00, 0x01, 0xff, 0xf0, 0xfd, 0x00, 0x01, 0xff, 0xfc, 0xfa, 0x00, 0x02, 0x03, 0xff, 0xfc, 0xfe, 0x00, 0x02, 0x01, 0xff, 0xff, 0xfa,
  0x00, 0x02, 0x07, 0xff, 0xfe, 0xfe, 0x00, 0x02, 0x03, 0xff, 0xff, 0xfa, 0x00, 0x02, 0x07, 0xff, 0xff, 0xfe, 0x00, 0x03, 0x03, 0xff, 0xff, 0x80,
  0xfb, 0x00, 0x02, 0x0f, 0xff, 0xff, 0xfe, 0x00, 0x03, 0x07, 0xff, 0xff, 0x80, 0xfb, 0x00, 0x02, 0x0f, 0xff, 0xff, 0xfe, 0x00, 0x03, 0x07, 0xff,
  0xff, 0xc0, 0xfb, 0x00, 0x02, 0x0f, 0xff, 0xff, 0xfe, 0x00, 0x03, 0x07, 0xff, 0xff, 0xc0, 0xfb, 0x00, 0x02, 0x1f, 0xff, 0xff, 0xfe, 0x00, 0x03,
  0x07, 0xff, 0xff, 0xc0, 0xfb, 0x00, 0x02, 0x1f, 0xff, 0xff, 0xfe, 0x00, 0x03, 0x07, 0xff, 0xff, 0xe0, 0xfb, 0x00, 0x02, 0x1f, 0xff, 0xff, 0xfe,
  0x00, 0x03, 0x07, 0xff, 0xff, 0xe0, 0xfb, 0x00, 0x02, 0x1f, 0xff, 0xff, 0xfe, 0x00, 0x03, 0x07, 0xff, 0xff, 0xe0, 0xfb, 0x00, 0x02, 0x1f, 0xff,
  0xff, 0xfe, 0x00, 0x03, 0x07, 0xff, 0xff, 0xe0, 0xfb, 0x00, 0x02, 0x1f, 0xff, 0xff, 0xfe, 0x00, 0x03, 0x03, 0xff, 0xff, 0xe0, 0xfb, 0x00, 0x02,
  0x1f, 0xff, 0xff, 0xfe, 0x00, 0x03, 0x03, 0xff, 0xff, 0xe0, 0xfb, 0x00, 0x02, 0x1f, 0xff, 0xff, 0xfe, 0x00, 0x03, 0x03, 0xff, 0xff, 0xe0, 0xfb,
  0x00, 0x02, 0x1f, 0xff, 0xff, 0xfe, 0x00, 0x03, 0x03, 0xff, 0xff, 0xc0, 0xfb, 0x00, 0x02, 0x1f, 0xff, 0xff, 0xfe, 0x00, 0x03, 0x03, 0xff, 0xff,
  0xc0, 0xfb, 0x00, 0x02, 0x0f, 0xff, 0xff, 0xfe, 0x00, 0x03, 0x03, 0xff, 0xff, 0xc0, 0xfb, 0x00, 0x02, 0x0f, 0xff, 0xff, 0xfe, 0x00, 0x03, 0x03,
  0xff, 0xff, 0xc0, 0xfb, 0x00, 0x02, 0x0f, 0xff, 0xff, 0xfe, 0x00, 0x03, 0x03, 0xff, 0xff, 0xc0, 0xfb, 0x00, 0x02, 0x0f, 0xff, 0xff, 0xfe, 0x00,
  0x03, 0x03, 0xff, 0xff, 0xc0, 0xfb, 0x00, 0x02, 0x0f, 0xff, 0xff, 0xfe, 0x00, 0x03, 0x03, 0xff, 0xff, 0x80, 0xfb, 0x00, 0x02, 0x0f, 0xff, 0xff,
  0xfe, 0x00, 0x03, 0x03, 0xff, 0xff, 0x80, 0xfb, 0x00, 0x02, 0x07, 0xff, 0xff, 0xfe, 0x00, 0x03, 0x03, 0xff, 0xff, 0x80, 0xfb, 0x00, 0x08, 0x07,
  0xff, 0xff, 0x03, 0xc0, 0x1f, 0x03, 0xff, 0xff, 0xfa, 0x00, 0x08, 0x03, 0xff, 0xfe, 0x07, 0xf0, 0x3f, 0x01, 0xff, 0xff, 0xfa, 0x00, 0x08, 0x03,
  0xff, 0xfe, 0x07, 0xff, 0xff, 0x00, 0xff, 0xfe, 0xf9, 0x00, 0x07, 0xff, 0xfc, 0x03, 0xff, 0xff, 0x00, 0x7f, 0xf8, 0xf9, 0x00, 0x04, 0x7f, 0xf0,
  0x03, 0xff, 0xff, 0xf4, 0x00, 0x02, 0x01, 0xff, 0xfc, 0xf3, 0x00, 0x01, 0x7f, 0xf8, 0xf3, 0x00, 0x01, 0x07, 0x80, 0x81, 0x00, 0x81, 0x00, 0x9a,
  0x00, 0x81, 0x00, 0xe7, 0x00, 0x01, 0x3f, 0xf0, 0xf9, 0x00, 0x01, 0x7f, 0xf0, 0xfd, 0x00, 0x01, 0xff, 0xfc, 0xfa, 0x00, 0x02, 0x03, 0xff, 0xfc,
  0xfe, 0x00, 0x02, 0x01, 0xff, 0xfe, 0xfa, 0x00, 0x02, 0x07, 0xff, 0xfe, 0xfe, 0x00, 0x02, 0x03, 0xff, 0xff, 0xfa, 0x00, 0x02, 0x07, 0xff, 0xff,
  0xfe, 0x00, 0x03, 0x03, 0xff, 0xff, 0x80, 0xfb, 0x00, 0x02, 0x0f, 0xff, 0xff, 0xfe, 0x00, 0x03, 0x03, 0xff, 0xff, 0x80, 0xfb, 0x00, 0x02, 0x0f,
  0xff, 0xff, 0xfe, 0x00, 0x03, 0x07, 0xff, 0xff, 0xc0, 0xfb, 0x00, 0x02, 0x0f, 0xff, 0xff, 0xfe, 0x00, 0x03, 0x07, 0xff, 0xff, 0xc0, 0xfb, 0x00,
  0x02, 0x1f, 0xff, 0xff, 0xfe, 0x00, 0x03, 0x07, 0xff, 0xff, 0xc0, 0xfb, 0x00, 0x02, 0x1f, 0xff, 0xff, 0xfe, 0x00, 0x03, 0x07, 0xff, 0xff, 0xc0,
  0xfb, 0x00, 0x02, 0x1f, 0xff, 0xff, 0xfe, 0x00, 0x03, 0x07, 0xff, 0xff, 0xc0, 0xfb, 0x00, 0x02, 0x1f, 0xff, 0xff, 0xfe, 0x00, 0x03, 0x07, 0xff,
  0xff, 0xe0, 0xfb, 0x00, 0x02, 0x1f, 0xff, 0xff, 0xfe, 0x00, 0x03, 0x03, 0xff, 0xff, 0xe0, 0xfb, 0x00, 0x02, 0x1f, 0xff, 0xff, 0xfe, 0x00, 0x03,
  0x03, 0xff, 0xff, 0xe0, 0xfb, 0x00, 0x02, 0x1f, 0xff, 0xff, 0xfe, 0x00, 0x03, 0x03, 0xff, 0xff, 0xe0, 0xfb, 0x00, 0x02, 0x1f, 0xff, 0xff, 0xfe,
  0x00, 0x03, 0x03, 0xff, 0xff, 0xe0, 0xfb, 0x00, 0x02, 0x1f, 0xff, 0xff, 0xfe, 0x00, 0x03, 0x03, 0xff, 0xff, 0xc0, 0xfb, 0x00, 0x02, 0x1f, 0xff,
  0xff, 0xfe, 0x00, 0x03, 0x03, 0xff, 0xff, 0xc0, 0xfb, 0x00, 0x02, 0x0f, 0xff, 0xff, 0xfe, 0x00, 0x03, 0x03, 0xff, 0xff, 0xc0, 0xfb, 0x00, 0x02,
  0x0f, 0xff, 0xff, 0xfe, 0x00, 0x03, 0x03, 0xff, 0xff, 0xc0, 0xfb, 0x00, 0x02, 0x0f, 0xff, 0xff, 0xfe, 0x00, 0x03, 0x03, 0xff, 0xff, 0xc0, 0xfb,
  0x00, 0x02, 0x0f, 0xff, 0xff, 0xfe, 0x00, 0x03, 0x03, 0xff, 0xff, 0xc0, 0xfb, 0x00, 0x02, 0x0f, 0xff, 0xff, 0xfe, 0x00, 0x03, 0x03, 0xff, 0xff,
  0x80, 0xfb, 0x00, 0x02, 0x0f, 0xff, 0xff, 0xfe, 0x00, 0x03, 0x03, 0xff, 0xff, 0x80, 0xfb, 0x00, 0x02, 0x07, 0xff, 0xff, 0xfe, 0x00, 0x03, 0x03,
  0xff, 0xff, 0x80, 0xfb, 0x00, 0x08, 0x07, 0xff, 0xff, 0x03, 0xc0, 0x1f, 0x03, 0xff, 0xff, 0xfa, 0x00, 0x08, 0x03, 0xff, 0xfe, 0x07, 0xf0, 0x3f,
  0x01, 0xff, 0xff, 0xfa, 0x00, 0x08, 0x03, 0xff, 0xfe, 0x07, 0xff, 0xff, 0x00, 0xff, 0xfe, 0xf9, 0x00, 0x07, 0xff, 0xfc, 0x03, 0xff, 0xff, 0x00,
  0x7f, 0xf8, 0xf9, 0x00, 0x04, 0x7f, 0xf0, 0x03, 0xff, 0xff, 0xf4, 0x00, 0x02, 0x01, 0xff, 0xfe, 0xf3, 0x00, 0x01, 0x7f, 0xf8, 0xf3, 0x00, 0x01,
  0x07, 0x80, 0x81, 0x00, 0x81, 0x00, 0x9a, 0x00, 0x81, 0x00, 0xd7, 0x00, 0x01, 0x1f, 0xe0, 0xf9, 0x00, 0x01, 0xff, 0xe0, 0xfd, 0x00, 0x01, 0xff,
  0xf8, 0xfa, 0x00, 0x02, 0x07, 0xff, 0xf8, 0xfe, 0x00, 0x02, 0x03, 0xff, 0xfe, 0xfa, 0x00, 0x02, 0x07, 0xff, 0xfc, 0xfe, 0x00, 0x02, 0x07, 0xff,
  0xfe, 0xfa, 0x00, 0x02, 0x0f, 0xff, 0xfe, 0xfe, 0x00, 0x02, 0x07, 0xff, 0xff, 0xfa, 0x00, 0x02, 0x0f, 0xff, 0xfe, 0xfe, 0x00, 0x02, 0x07, 0xff,
  0xff, 0xfa, 0x00, 0x02, 0x1f, 0xff, 0xfe, 0xfe, 0x00, 0x03, 0x0f, 0xff, 0xff, 0x80, 0xfb, 0x00, 0x02, 0x1f, 0xff, 0xfe, 0xfe, 0x00, 0x03, 0x0f,
  0xff, 0xff, 0x80, 0xfb, 0x00, 0x02, 0x1f, 0xff, 0xfe, 0xfe, 0x00, 0x03, 0x0f, 0xff, 0xff, 0x80, 0xfb, 0x00, 0x02, 0x3f, 0xff, 0xfe, 0xfe, 0x00,
  0x03, 0x0f, 0xff, 0xff, 0x80, 0xfb, 0x00, 0x02, 0x3f, 0xff, 0xfe, 0xfe, 0x00, 0x03, 0x0f, 0xff, 0xff, 0xc0, 0xfb, 0x00, 0x02, 0x3f, 0xff, 0xfe,
  0xfe, 0x00, 0x03, 0x0f, 0xff, 0xff, 0xc0, 0xfb, 0x00, 0x02, 0x3f, 0xff, 0xfe, 0xfe, 0x00, 0x03, 0x07, 0xff, 0xff, 0xc0, 0xfb, 0x00, 0x02, 0x3f,
  0xff, 0xfe, 0xfe, 0x00, 0x03, 0x07, 0xff, 0xff, 0xc0, 0xfb, 0x00, 0x02, 0x3f, 0xff, 0xfe, 0xfe, 0x00, 0x03, 0x07, 0xff, 0xff, 0xc0, 0xfb, 0x00,
  0x02, 0x3f, 0xff, 0xfe, 0xfe, 0x00, 0x03, 0x07, 0xff, 0xff, 0xc0, 0xfb, 0x00, 0x02, 0x3f, 0xff, 0xfe, 0xfe, 0x00, 0x03, 0x07, 0xff, 0xff, 0xc0,
  0xfb, 0x00, 0x02, 0x3f, 0xff, 0xfe, 0xfe, 0x00, 0x03, 0x07, 0xff, 0xff, 0xc0, 0xfb, 0x00, 0x02, 0x1f, 0xff, 0xfe, 0xfe, 0x00, 0x03, 0x07, 0xff,
  0xff, 0x80, 0xfb, 0x00, 0x02, 0x1f, 0xff, 0xfe, 0xfe, 0x00, 0x03, 0x07, 0xff, 0xff, 0x80, 0xfb, 0x00, 0x02, 0x1f, 0xff, 0xfe, 0xfe, 0x00, 0x03,
  0x07, 0xff, 0xff, 0x80, 0xfb, 0x00, 0x02, 0x1f, 0xff, 0xfe, 0xfe, 0x00, 0x03, 0x07, 0xff, 0xff, 0x80, 0xfb, 0x00, 0x02, 0x1f, 0xff, 0xfe, 0xfe,
  0x00, 0x02, 0x07, 0xff, 0xff, 0xfa, 0x00, 0x02, 0x0f, 0xff, 0xfe, 0xfe, 0x00, 0x02, 0x07, 0xff, 0xff, 0xfa, 0x00, 0x02, 0x0f, 0xff, 0xfe, 0xfe,
  0x00, 0x02, 0x07, 0xff, 0xff, 0xfa, 0x00, 0x08, 0x0f, 0xff, 0xfe, 0x07, 0x80, 0x3e, 0x07, 0xff, 0xfe, 0xfa, 0x00, 0x08, 0x07, 0xff, 0xfc, 0x0f,
  0xf0, 0x7e, 0x03, 0xff, 0xfe, 0xfa, 0x00, 0x08, 0x03, 0xff, 0xfc, 0x07, 0xff, 0xfe, 0x01, 0xff, 0xf8, 0xfa, 0x00, 0x08, 0x01, 0xff, 0xf0, 0x07,
  0xff, 0xfe, 0x00, 0xff, 0xf0, 0xf9, 0x00, 0x04, 0xff, 0xe0, 0x07, 0xff, 0xfe, 0xf4, 0x00, 0x02, 0x03, 0xff, 0xfc, 0xf3, 0x00, 0x01, 0xff, 0xf0,
  0xf3, 0x00, 0x00, 0x0f, 0x81, 0x00, 0x81, 0x00, 0xa9, 0x00, 0x81, 0x00, 0xd7, 0x00, 0x01, 0x3f, 0xe0, 0xf9, 0x00, 0x01, 0xff, 0xe0, 0xfd, 0x00,
  0x01, 0xff, 0xf8, 0xfa, 0x00, 0x02, 0x07, 0xff, 0xf8, 0xfe, 0x00, 0x02, 0x03, 0xff, 0xfe, 0xfa, 0x00, 0x02, 0x07, 0xff, 0xfc, 0xfe, 0x00, 0x02,
  0x07, 0xff, 0xfe, 0xfa, 0x00, 0x02, 0x0f, 0xff, 0xfe, 0xfe, 0x00, 0x02, 0x07, 0xff, 0xff, 0xfa, 0x00, 0x02, 0x1f, 0xff, 0xfe, 0xfe, 0x00, 0x02,
  0x07, 0xff, 0xff, 0xfa, 0x00, 0x02, 0x1f, 0xff, 0xfe, 0xfe, 0x00, 0x03, 0x0f, 0xff, 0xff, 0x80, 0xfb, 0x00, 0x02, 0x1f, 0xff, 0xfe, 0xfe, 0x00,
  0x03, 0x0f, 0xff, 0xff, 0x80, 0xfb, 0x00, 0x02, 0x1f, 0xff, 0xfe, 0xfe, 0x00, 0x03, 0x0f, 0xff, 0xff, 0x80, 0xfb, 0x00, 0x02, 0x3f, 0xff, 0xfe,
  0xfe, 0x00, 0x03, 0x0f, 0xff, 0xff, 0x80, 0xfb, 0x00, 0x02, 0x3f, 0xff, 0xfe, 0xfe, 0x00, 0x03, 0x0f, 0xff, 0xff, 0xc0, 0xfb, 0x00, 0x02, 0x3f,
  0xff, 0xfe, 0xfe, 0x00, 0x03, 0x0f, 0xff, 0xff, 0xc0, 0xfb, 0x00, 0x02, 0x3f, 0xff, 0xfe, 0xfe, 0x00, 0x03, 0x07, 0xff, 0xff, 0xc0, 0xfb, 0x00,
  0x02, 0x3f, 0xff, 0xfe, 0xfe, 0x00, 0x03, 0x07, 0xff, 0xff, 0xc0, 0xfb, 0x00, 0x02, 0x3f, 0xff, 0xfe, 0xfe, 0x00, 0x03, 0x07, 0xff, 0xff, 0xc0,
  0xfb, 0x00, 0x02, 0x3f, 0xff, 0xfe, 0xfe, 0x00, 0x03, 0x07, 0xff, 0xff, 0xc0, 0xfb, 0x00, 0x02, 0x3f, 0xff, 0xfe, 0xfe, 0x00, 0x03, 0x07, 0xff,
  0xff, 0xc0, 0xfb, 0x00, 0x02, 0x3f, 0xff, 0xfe, 0xfe, 0x00, 0x03, 0x07, 0xff, 0xff, 0x80, 0xfb, 0x00, 0x02, 0x1f, 0xff, 0xfe, 0xfe, 0x00, 0x03,
  0x07, 0xff, 0xff, 0x80, 0xfb, 0x00, 0x02, 0x1f, 0xff, 0xfe, 0xfe, 0x00, 0x03, 0x07, 0xff, 0xff, 0x80, 0xfb, 0x00, 0x02, 0x1f, 0xff, 0xfe, 0xfe,
  0x00, 0x03, 0x07, 0xff, 0xff, 0x80, 0xfb, 0x00, 0x02, 0x1f, 0xff, 0xfe, 0xfe, 0x00, 0x03, 0x07, 0xff, 0xff, 0x80, 0xfb, 0x00, 0x02, 0x1f, 0xff,
  0xfe, 0xfe, 0x00, 0x02, 0x07, 0xff, 0xff, 0xfa, 0x00, 0x02, 0x0f, 0xff, 0xfe, 0xfe, 0x00, 0x02, 0x07, 0xff, 0xff, 0xfa, 0x00, 0x02, 0x0f, 0xff,
  0xfe, 0xfe, 0x00, 0x02, 0x07, 0xff, 0xff, 0xfa, 0x00, 0x08, 0x0f, 0xff, 0xfe, 0x07, 0x80, 0x3e, 0x07, 0xff, 0xfe, 0xfa, 0x00, 0x08, 0x07, 0xff,
  0xfc, 0x0f, 0xf0, 0x7e, 0x03, 0xff, 0xfe, 0xfa, 0x00, 0x08, 0x03, 0xff, 0xfc, 0x07, 0xff, 0xfe, 0x01, 0xff, 0xf8, 0xfa, 0x00, 0x08, 0x01, 0xff,
  0xf0, 0x07, 0xff, 0xfe, 0x00, 0xff, 0xf0, 0xf9, 0x00, 0x04, 0xff, 0xe0, 0x07, 0xff, 0xfe, 0xf4, 0x00, 0x02, 0x03, 0xff, 0xfc, 0xf3, 0x00, 0x01,
  0xff, 0xf0, 0xf3, 0x00, 0x00, 0x0f, 0x81, 0x00, 0x81, 0x00, 0xa9, 0x00, 0x81, 0x00, 0xd7, 0x00, 0x01, 0x3f, 0xe0, 0xfa, 0x00, 0x02, 0x01, 0xff,
  0xe0, 0xfd, 0x00, 0x01, 0xff, 0xf8, 0xfa, 0x00, 0x02, 0x07, 0xff, 0xf8, 0xfe, 0x00, 0x02, 0x03, 0xff, 0xfe, 0xfa, 0x00, 0x02, 0x07, 0xff, 0xfc,
  0xfe, 0x00, 0x02, 0x07, 0xff, 0xfe, 0xfa, 0x00, 0x02, 0x0f, 0xff, 0xfc, 0xfe, 0x00, 0x02, 0x07, 0xff, 0xff, 0xfa, 0x00, 0x02, 0x1f, 0xff, 0xfe,
  0xfe, 0x00, 0x02, 0x07, 0xff, 0xff, 0xfa, 0x00, 0x02, 0x1f, 0xff, 0xfe, 0xfe, 0x00, 0x03, 0x0f, 0xff, 0xff, 0x80, 0xfb, 0x00, 0x02, 0x1f, 0xff,
  0xfe, 0xfe, 0x00, 0x03, 0x0f, 0xff, 0xff, 0x80, 0xfb, 0x00, 0x02, 0x1f, 0xff, 0xfe, 0xfe, 0x00, 0x03, 0x0f, 0xff, 0xff, 0x80, 0xfb, 0x00, 0x02,
  0x3f, 0xff, 0xfe, 0xfe, 0x00, 0x03, 0x0f, 0xff, 0xff, 0x80, 0xfb, 0x00, 0x02, 0x3f, 0xff, 0xfe, 0xfe, 0x00, 0x03, 0x0f, 0xff, 0xff, 0xc0, 0xfb,
  0x00, 0x02, 0x3f, 0xff, 0xfe, 0xfe, 0x00, 0x03, 0x0f, 0xff, 0xff, 0xc0, 0xfb, 0x00, 0x02, 0x3f, 0xff, 0xfe, 0xfe, 0x00, 0x03, 0x07, 0xff, 0xff,
  0xc0, 0xfb, 0x00, 0x02, 0x3f, 0xff, 0xfe, 0xfe, 0x00, 0x03, 0x07, 0xff, 0xff, 0xc0, 0xfb, 0x00, 0x02, 0x3f, 0xff, 0xfe, 0xfe, 0x00, 0x03, 0x07,
  0xff, 0xff, 0xc0, 0xfb, 0x00, 0x02, 0x3f, 0xff, 0xfe, 0xfe, 0x00, 0x03, 0x07, 0xff, 0xff, 0xc0, 0xfb, 0x00, 0x02, 0x3f, 0xff, 0xfe, 0xfe, 0x00,
  0x03, 0x07, 0xff, 0xff, 0xc0, 0xfb, 0x00, 0x02, 0x3f, 0xff, 0xfe, 0xfe, 0x00, 0x03, 0x07, 0xff, 0xff, 0x80, 0xfb, 0x00, 0x02, 0x3f, 0xff, 0xfe,
  0xfe, 0x00, 0x03, 0x07, 0xff, 0xff, 0x80, 0xfb, 0x00, 0x02, 0x1f, 0xff, 0xfe, 0xfe, 0x00, 0x03, 0x07, 0xff, 0xff, 0x80, 0xfb, 0x00, 0x02, 0x1f,
  0xff, 0xfe, 0xfe, 0x00, 0x03, 0x07, 0xff, 0xff, 0x80, 0xfb, 0x00, 0x02, 0x1f, 0xff, 0xfe, 0xfe, 0x00, 0x03, 0x07, 0xff, 0xff, 0x80, 0xfb, 0x00,
  0x02, 0x1f, 0xff, 0xfe, 0xfe, 0x00, 0x02, 0x07, 0xff, 0xff, 0xfa, 0x00, 0x02, 0x1f, 0xff, 0xfe, 0xfe, 0x00, 0x02, 0x07, 0xff, 0xff, 0xfa, 0x00,
  0x02, 0x0f, 0xff, 0xfe, 0xfe, 0x00, 0x02, 0x07, 0xff, 0xff, 0xfa, 0x00, 0x08, 0x0f, 0xff, 0xfe, 0x07, 0x80, 0x3e, 0x07, 0xff, 0xfe, 0xfa, 0x00,
  0x08, 0x07, 0xff, 0xfc, 0x0f, 0xf0, 0x7e, 0x03, 0xff, 0xfe, 0xfa, 0x00, 0x08, 0x03, 0xff, 0xfc, 0x0f, 0xff, 0xfe, 0x01, 0xff, 0xf8, 0xfa, 0x00,
  0x08, 0x01, 0xff, 0xf0, 0x0f, 0xff, 0xfe, 0x00, 0xff, 0xf0, 0xf9, 0x00, 0x04, 0xff, 0xe0, 0x07, 0xff, 0xfe, 0xf4, 0x00, 0x02, 0x03, 0xff, 0xfc,
  0xf3, 0x00, 0x01, 0xff, 0xf0, 0xf3, 0x00, 0x00, 0x0f, 0x81, 0x00, 0x81, 0x00, 0xa9, 0x00, 0x81, 0x00, 0xd7, 0x00, 0x01, 0x3f, 0xc0, 0xf9, 0x00,
  0x01, 0xff, 0xe0, 0xfd, 0x00, 0x01, 0xff, 0xf8, 0xfa, 0x00, 0x02, 0x07, 0xff, 0xf8, 0xfe, 0x00, 0x02, 0x03, 0xff, 0xfe, 0xfa, 0x00, 0x02, 0x07,
  0xff, 0xfc, 0xfe, 0x00, 0x02, 0x07, 0xff, 0xfe, 0xfa, 0x00, 0x02, 0x0f, 0xff, 0xfe, 0xfe, 0x00, 0x02, 0x07, 0xff, 0xff, 0xfa, 0x00, 0x02, 0x1f,
  0xff, 0xfe, 0xfe, 0x00, 0x02, 0x07, 0xff, 0xff, 0xfa, 0x00, 0x02, 0x1f, 0xff, 0xfe, 0xfe, 0x00, 0x03, 0x0f, 0xff, 0xff, 0x80, 0xfb, 0x00, 0x02,
  0x1f, 0xff, 0xfe, 0xfe, 0x00, 0x03, 0x0f, 0xff, 0xff, 0x80, 0xfb, 0x00, 0x02, 0x1f, 0xff, 0xfe, 0xfe, 0x00, 0x03, 0x0f, 0xff, 0xff, 0x80, 0xfb,
  0x00, 0x02, 0x3f, 0xff, 0xfe, 0xfe, 0x00, 0x03, 0x0f, 0xff, 0xff, 0x80, 0xfb, 0x00, 0x02, 0x3f, 0xff, 0xfe, 0xfe, 0x00, 0x03, 0x0f, 0xff, 0xff,
  0xc0, 0xfb, 0x00, 0x02, 0x3f, 0xff, 0xfe, 0xfe, 0x00, 0x03, 0x0f, 0xff, 0xff, 0xc0, 0xfb, 0x00, 0x02, 0x3f, 0xff, 0xfe, 0xfe, 0x00, 0x03, 0x07,
  0xff, 0xff, 0xc0, 0xfb, 0x00, 0x02, 0x3f, 0xff, 0xfe, 0xfe, 0x00, 0x03, 0x07, 0xff, 0xff, 0xc0, 0xfb, 0x00, 0x02, 0x3f, 0xff, 0xfe, 0xfe, 0x00,
  0x03, 0x07, 0xff, 0xff, 0xc0, 0xfb, 0x00, 0x02, 0x3f, 0xff, 0xfe, 0xfe, 0x00, 0x03, 0x07, 0xff, 0xff, 0xc0, 0xfb, 0x00, 0x02, 0x3f, 0xff, 0xfe,
  0xfe, 0x00, 0x03, 0x07, 0xff, 0xff, 0xc0, 0xfb, 0x00, 0x02, 0x3f, 0xff, 0xfe, 0xfe, 0x00, 0x03, 0x07, 0xff, 0xff, 0x80, 0xfb, 0x00, 0x02, 0x1f,
  0xff, 0xfe, 0xfe, 0x00, 0x03, 0x07, 0xff, 0xff, 0x80, 0xfb, 0x00, 0x02, 0x1f, 0xff, 0xfe, 0xfe, 0x00, 0x03, 0x07, 0xff, 0xff, 0x80, 0xfb, 0x00,
  0x02, 0x1f, 0xff, 0xfe, 0xfe, 0x00, 0x03, 0x07, 0xff, 0xff, 0x80, 0xfb, 0x00, 0x02, 0x1f, 0xff, 0xfe, 0xfe, 0x00, 0x03, 0x07, 0xff, 0xff, 0x80,
  0xfb, 0x00, 0x02, 0x1f, 0xff, 0xfe, 0xfe, 0x00, 0x02, 0x07, 0xff, 0xff, 0xfa, 0x00, 0x02, 0x0f, 0xff, 0xfe, 0xfe, 0x00, 0x02, 0x07, 0xff, 0xff,
  0xfa, 0x00, 0x02, 0x0f, 0xff, 0xfe, 0xfe, 0x00, 0x02, 0x07, 0xff, 0xff, 0xfa, 0x00, 0x08, 0x0f, 0xff, 0xfe, 0x07, 0x80, 0x3e, 0x07, 0xff, 0xfe,
  0xfa, 0x00, 0x08, 0x07, 0xff, 0xfc, 0x0f, 0xe0, 0x7e, 0x03, 0xff, 0xfe, 0xfa, 0x00, 0x08, 0x03, 0xff, 0xfc, 0x07, 0xff, 0xfe, 0x01, 0xff, 0xf8,
  0xfa, 0x00, 0x08, 0x01, 0xff, 0xf0, 0x07, 0xff, 0xfe, 0x00, 0xff, 0xf0, 0xf9, 0x00, 0x04, 0xff, 0xe0, 0x07, 0xff, 0xfe, 0xf4, 0x00, 0x02, 0x03,
  0xff, 0xfc, 0xf3, 0x00, 0x01, 0xff, 0xf0, 0xf3, 0x00, 0x00, 0x0f, 0x81, 0x00, 0x81, 0x00, 0xa9, 0x00, 0x81, 0x00, 0xd7, 0x00, 0x01, 0x3f, 0xc0,
  0xf9, 0x00, 0x01, 0xff, 0xe0, 0xfd, 0x00, 0x01, 0xff, 0xf8, 0xfa, 0x00, 0x02, 0x07, 0xff, 0xf8, 0xfe, 0x00, 0x02, 0x03, 0xff, 0xfc, 0xfa, 0x00,
  0x02, 0x07, 0xff, 0xfc, 0xfe, 0x00, 0x02, 0x07, 0xff, 0xfe, 0xfa, 0x00, 0x02, 0x0f, 0xff, 0xfc, 0xfe, 0x00, 0x02, 0x07, 0xff, 0xff, 0xfa, 0x00,
  0x02, 0x1f, 0xff, 0xfe, 0xfe, 0x00, 0x02, 0x07, 0xff, 0xff, 0xfa, 0x00, 0x02, 0x1f, 0xff, 0xfe, 0xfe, 0x00, 0x03, 0x0f, 0xff, 0xff, 0x80, 0xfb,
  0x00, 0x02, 0x1f, 0xff, 0xfe, 0xfe, 0x00, 0x03, 0x0f, 0xff, 0xff, 0x80, 0xfb, 0x00, 0x02, 0x1f, 0xff, 0xfe, 0xfe, 0x00, 0x03, 0x0f, 0xff, 0xff,
  0x80, 0xfb, 0x00, 0x02, 0x3f, 0xff, 0xfe, 0xfe, 0x00, 0x03, 0x0f, 0xff, 0xff, 0x80, 0xfb, 0x00, 0x02, 0x3f, 0xff, 0xfe, 0xfe, 0x00, 0x03, 0x0f,
  0xff, 0xff, 0xc0, 0xfb, 0x00, 0x02, 0x3f, 0xff, 0xfe, 0xfe, 0x00, 0x03, 0x0f, 0xff, 0xff, 0xc0, 0xfb, 0x00, 0x02, 0x3f, 0xff, 0xfe, 0xfe, 0x00,
  0x03, 0x07, 0xff, 0xff, 0xc0, 0xfb, 0x00, 0x02, 0x3f, 0xff, 0xfe, 0xfe, 0x00, 0x03, 0x07, 0xff, 0xff, 0xc0, 0xfb, 0x00, 0x02, 0x3f, 0xff, 0xfe,
  0xfe, 0x00, 0x03, 0x07, 0xff, 0xff, 0xc0, 0xfb, 0x00, 0x02, 0x3f, 0xff, 0xfe, 0xfe, 0x00, 0x03, 0x07, 0xff, 0xff, 0xc0, 0xfb, 0x00, 0x02, 0x3f,
  0xff, 0xfe, 0xfe, 0x00, 0x03, 0x07, 0xff, 0xff, 0xc0, 0xfb, 0x00, 0x02, 0x3f, 0xff, 0xfe, 0xfe, 0x00, 0x03, 0x07, 0xff, 0xff, 0xc0, 0xfb, 0x00,
  0x02, 0x3f, 0xff, 0xfe, 0xfe, 0x00, 0x03, 0x07, 0xff, 0xff, 0x80, 0xfb, 0x00, 0x02, 0x1f, 0xff, 0xfe, 0xfe, 0x00, 0x03, 0x07, 0xff, 0xff, 0x80,
  0xfb, 0x00, 0x02, 0x1f, 0xff, 0xfe, 0xfe, 0x00, 0x03, 0x07, 0xff, 0xff, 0x80, 0xfb, 0x00, 0x02, 0x1f, 0xff, 0xfe, 0xfe, 0x00, 0x03, 0x07, 0xff,
  0xff, 0x80, 0xfb, 0x00, 0x02, 0x1f, 0xff, 0xfe, 0xfe, 0x00, 0x02, 0x07, 0xff, 0xff, 0xfa, 0x00, 0x02, 0x0f, 0xff, 0xfe, 0xfe, 0x00, 0x02, 0x07,
  0xff, 0xff, 0xfa, 0x00, 0x02, 0x0f, 0xff, 0xfe, 0xfe, 0x00, 0x02, 0x07, 0xff, 0xff, 0xfa, 0x00, 0x08, 0x0f, 0xff, 0xfe, 0x07, 0x80, 0x3e, 0x07,
  0xff, 0xfe, 0xfa, 0x00, 0x08, 0x07, 0xff, 0xfc, 0x0f, 0xf0, 0x7e, 0x03, 0xff, 0xfe, 0xfa, 0x00, 0x08, 0x03, 0xff, 0xfc, 0x07, 0xff, 0xfe, 0x01,
  0xff, 0xf8, 0xfa, 0x00, 0x08, 0x01, 0xff, 0xf0, 0x07, 0xff, 0xfe, 0x00, 0xff, 0xf0, 0xf9, 0x00, 0x06, 0xff, 0xe0, 0x07, 0xff, 0xfe, 0x00, 0x08,
  0xf6, 0x00, 0x02, 0x03, 0xff, 0xfc, 0xf3, 0x00, 0x01, 0xff, 0xe0, 0xf3, 0x00, 0x00, 0x0f, 0x81, 0x00, 0x81, 0x00, 0xa9, 0x00, 0x81, 0x00, 0xd7,
  0x00, 0x01, 0x1f, 0xe0, 0xf9, 0x00, 0x01, 0xff, 0xe0, 0xfd, 0x00, 0x01, 0xff, 0xf8, 0xfa, 0x00, 0x02, 0x07, 0xff, 0xf8, 0xfe, 0x00, 0x02, 0x03,
  0xff, 0xfe, 0xfa, 0x00, 0x02, 0x07, 0xff, 0xfc, 0xfe, 0x00, 0x02, 0x03, 0xff, 0xfe, 0xfa, 0x00, 0x02, 0x0f, 0xff, 0xfe, 0xfe, 0x00, 0x02, 0x07,
  0xff, 0xff, 0xfa, 0x00, 0x02, 0x0f, 0xff, 0xfe, 0xfe, 0x00, 0x02, 0x07, 0xff, 0xff, 0xfa, 0x00, 0x02, 0x1f, 0xff, 0xfe, 0xfe, 0x00, 0x03, 0x0f,
  0xff, 0xff, 0x80, 0xfb, 0x00, 0x02, 0x1f, 0xff, 0xfe, 0xfe, 0x00, 0x03, 0x0f, 0xff, 0xff, 0x80, 0xfb, 0x00, 0x02, 0x1f, 0xff, 0xfe, 0xfe, 0x00,
  0x03, 0x0f, 0xff, 0xff, 0x80, 0xfb, 0x00, 0x02, 0x3f, 0xff, 0xfe, 0xfe, 0x00, 0x03, 0x0f, 0xff, 0xff, 0x80, 0xfb, 0x00, 0x02, 0x3f, 0xff, 0xfe,
  0xfe, 0x00, 0x03, 0x0f, 0xff, 0xff, 0xc0, 0xfb, 0x00, 0x02, 0x3f, 0xff, 0xfe, 0xfe, 0x00, 0x03, 0x0f, 0xff, 0xff, 0xc0, 0xfb, 0x00, 0x02, 0x3f,
  0xff, 0xfe, 0xfe, 0x00, 0x03, 0x07, 0xff, 0xff, 0xc0, 0xfb, 0x00, 0x02, 0x3f, 0xff, 0xfe, 0xfe, 0x00, 0x03, 0x07, 0xff, 0xff, 0xc0, 0xfb, 0x00,
  0x02, 0x3f, 0xff, 0xfe, 0xfe, 0x00, 0x03, 0x07, 0xff, 0xff, 0xc0, 0xfb, 0x00, 0x02, 0x3f, 0xff, 0xfe, 0xfe, 0x00, 0x03, 0x07, 0xff, 0xff, 0xc0,
  0xfb, 0x00, 0x02, 0x3f, 0xff, 0xfe, 0xfe, 0x00, 0x03, 0x07, 0xff, 0xff, 0xc0, 0xfb, 0x00, 0x02, 0x3f, 0xff, 0xfe, 0xfe, 0x00, 0x03, 0x07, 0xff,
  0xff, 0x80, 0xfb, 0x00, 0x02, 0x1f, 0xff, 0xfe, 0xfe, 0x00, 0x03, 0x07, 0xff, 0xff, 0x80, 0xfb, 0x00, 0x02, 0x1f, 0xff, 0xfe, 0xfe, 0x00, 0x03,
  0x07, 0xff, 0xff, 0x80, 0xfb, 0x00, 0x02, 0x1f, 0xff, 0xfe, 0xfe, 0x00, 0x03, 0x07, 0xff, 0xff, 0x80, 0xfb, 0x00, 0x02, 0x1f, 0xff, 0xfe, 0xfe,
  0x00, 0x03, 0x07, 0xff, 0xff, 0x80, 0xfb, 0x00, 0x02, 0x1f, 0xff, 0xfe, 0xfe, 0x00, 0x02, 0x07, 0xff, 0xff, 0xfa, 0x00, 0x02, 0x0f, 0xff, 0xfe,
  0xfe, 0x00, 0x02, 0x07, 0xff, 0xff, 0xfa, 0x00, 0x02, 0x0f, 0xff, 0xfe, 0xfe, 0x00, 0x02, 0x07, 0xff, 0xff, 0xfa, 0x00, 0x08, 0x0f, 0xff, 0xfe,
  0x07, 0x80, 0x3e, 0x07, 0xff, 0xfe, 0xfa, 0x00, 0x08, 0x07, 0xff, 0xfc, 0x0f, 0xf0, 0x7e, 0x03, 0xff, 0xfe, 0xfa, 0x00, 0x08, 0x03, 0xff, 0xfc,
  0x07, 0xff, 0xfe, 0x01, 0xff, 0xf8, 0xfa, 0x00, 0x08, 0x01, 0xff, 0xf0, 0x07, 0xff, 0xfe, 0x00, 0xff, 0xf0, 0xf9, 0x00, 0x04, 0xff, 0xe0, 0x07,
  0xff, 0xfe, 0xf4, 0x00, 0x02, 0x03, 0xff, 0xfc, 0xf3, 0x00, 0x01, 0xff, 0xf0, 0xf3, 0x00, 0x00, 0x0f, 0x81, 0x00, 0x81, 0x00, 0xa9, 0x00, 0x81,
  0x00, 0xd7, 0x00, 0x01, 0x1f, 0xc0, 0xf9, 0x00, 0x01, 0xff, 0xe0, 0xfd, 0x00, 0x01, 0xff, 0xf8, 0xfa, 0x00, 0x02, 0x07, 0xff, 0xf8, 0xfe, 0x00,
  0x02, 0x03, 0xff, 0xfe, 0xfa, 0x00, 0x02, 0x07, 0xff, 0xfc, 0xfe, 0x00, 0x02, 0x03, 0xff, 0xfe, 0xfa, 0x00, 0x02, 0x0f, 0xff, 0xfc, 0xfe, 0x00,
  0x02, 0x07, 0xff, 0xff, 0xfa, 0x00, 0x02, 0x0f, 0xff, 0xfe, 0xfe, 0x00, 0x02, 0x07, 0xff, 0xff, 0xfa, 0x00, 0x02, 0x1f, 0xff, 0xfe, 0xfe, 0x00,
  0x03, 0x0f, 0xff, 0xff, 0x80, 0xfb, 0x00, 0x02, 0x1f, 0xff, 0xfe, 0xfe, 0x00, 0x03, 0x0f, 0xff, 0xff, 0x80, 0xfb, 0x00, 0x02, 0x1f, 0xff, 0xfe,
  0xfe, 0x00, 0x03, 0x0f, 0xff, 0xff, 0x80, 0xfb, 0x00, 0x02, 0x3f, 0xff, 0xfe, 0xfe, 0x00, 0x03, 0x0f, 0xff, 0xff, 0x80, 0xfb, 0x00, 0x02, 0x3f,
  0xff, 0xfe, 0xfe, 0x00, 0x03, 0x0f, 0xff, 0xff, 0xc0, 0xfb, 0x00, 0x02, 0x3f, 0xff, 0xfe, 0xfe, 0x00, 0x03, 0x0f, 0xff, 0xff, 0xc0, 0xfb, 0x00,
  0x02, 0x3f, 0xff, 0xfe, 0xfe, 0x00, 0x03, 0x07, 0xff, 0xff, 0xc0, 0xfb, 0x00, 0x02, 0x3f, 0xff, 0xfe, 0xfe, 0x00, 0x03, 0x07, 0xff, 0xff, 0xc0,
  0xfb, 0x00, 0x02, 0x3f, 0xff, 0xfe, 0xfe, 0x00, 0x03, 0x07, 0xff, 0xff, 0xc0, 0xfb, 0x00, 0x02, 0x3f, 0xff, 0xfe, 0xfe, 0x00, 0x03, 0x07, 0xff,
  0xff, 0xc0, 0xfb, 0x00, 0x02, 0x3f, 0xff, 0xfe, 0xfe, 0x00, 0x03, 0x07, 0xff, 0xff, 0xc0, 0xfb, 0x00, 0x02, 0x3f, 0xff, 0xfe, 0xfe, 0x00, 0x03,
  0x07, 0xff, 0xff, 0xc0, 0xfb, 0x00, 0x02, 0x1f, 0xff, 0xfe, 0xfe, 0x00, 0x03, 0x07, 0xff, 0xff, 0x80, 0xfb, 0x00, 0x02, 0x1f, 0xff, 0xfe, 0xfe,
  0x00, 0x03, 0x07, 0xff, 0xff, 0x80, 0xfb, 0x00, 0x02, 0x1f, 0xff, 0xfe, 0xfe, 0x00, 0x03, 0x07, 0xff, 0xff, 0x80, 0xfb, 0x00, 0x02, 0x1f, 0xff,
  0xfe, 0xfe, 0x00, 0x03, 0x07, 0xff, 0xff, 0x80, 0xfb, 0x00, 0x02, 0x1f, 0xff, 0xfe, 0xfe, 0x00, 0x02, 0x07, 0xff, 0xff, 0xfa, 0x00, 0x02, 0x0f,
  0xff, 0xfe, 0xfe, 0x00, 0x02, 0x07, 0xff, 0xff, 0xfa, 0x00, 0x02, 0x0f, 0xff, 0xfe, 0xfe, 0x00, 0x02, 0x07, 0xff, 0xff, 0xfa, 0x00, 0x08, 0x0f,
  0xff, 0xfe, 0x07, 0x80, 0x3e, 0x07, 0xff, 0xfe, 0xfa, 0x00, 0x08, 0x07, 0xff, 0xfc, 0x0f, 0xe0, 0x7e, 0x03, 0xff, 0xfe, 0xfa, 0x00, 0x08, 0x03,
  0xff, 0xfc, 0x07, 0xff, 0xfe, 0x01, 0xff, 0xf8, 0xfa, 0x00, 0x08, 0x01, 0xff, 0xf0, 0x07, 0xff, 0xfe, 0x00, 0xff, 0xf0, 0xf9, 0x00, 0x07, 0xff,
  0xe0, 0x07, 0xff, 0xfe, 0x00, 0x0e, 0x80, 0xf7, 0x00, 0x02, 0x03, 0xff, 0xfc, 0xf3, 0x00, 0x01, 0xff, 0xf0, 0xf3, 0x00, 0x00, 0x3f, 0x81, 0x00,
  0x81, 0x00, 0xa9, 0x00, 0x81, 0x00, 0xd7, 0x00, 0x01, 0x1f, 0xc0, 0xf9, 0x00, 0x01, 0xff, 0xe0, 0xfd, 0x00, 0x01, 0xff, 0xf8, 0xfa, 0x00, 0x02,
  0x07, 0xff, 0xf8, 0xfe, 0x00, 0x02, 0x03, 0xff, 0xfe, 0xfa, 0x00, 0x02, 0x07, 0xff, 0xfc, 0xfe, 0x00, 0x02, 0x03, 0xff, 0xfe, 0xfa, 0x00, 0x02,
  0x0f, 0xff, 0xfe, 0xfe, 0x00, 0x02, 0x07, 0xff, 0xff, 0xfa, 0x00, 0x02, 0x0f, 0xff, 0xfe, 0xfe, 0x00, 0x02, 0x07, 0xff, 0xff, 0xfa, 0x00, 0x02,
  0x1f, 0xff, 0xfe, 0xfe, 0x00, 0x03, 0x0f, 0xff, 0xff, 0x80, 0xfb, 0x00, 0x02, 0x1f, 0xff, 0xfe, 0xfe, 0x00, 0x03, 0x0f, 0xff, 0xff, 0x80, 0xfb,
  0x00, 0x02, 0x1f, 0xff, 0xfe, 0xfe, 0x00, 0x03, 0x0f, 0xff, 0xff, 0x80, 0xfb, 0x00, 0x02, 0x3f, 0xff, 0xfe, 0xfe, 0x00, 0x03, 0x0f, 0xff, 0xff,
  0x80, 0xfb, 0x00, 0x02, 0x3f, 0xff, 0xfe, 0xfe, 0x00, 0x03, 0x0f, 0xff, 0xff, 0xc0, 0xfb, 0x00, 0x02, 0x3f, 0xff, 0xfe, 0xfe, 0x00, 0x03, 0x0f,
  0xff, 0xff, 0xc0, 0xfb, 0x00, 0x02, 0x3f, 0xff, 0xfe, 0xfe, 0x00, 0x03, 0x07, 0xff, 0xff, 0xc0, 0xfb, 0x00, 0x02, 0x3f, 0xff, 0xfe, 0xfe, 0x00,
  0x03, 0x07, 0xff, 0xff, 0xc0, 0xfb, 0x00, 0x02, 0x3f, 0xff, 0xfe, 0xfe, 0x00, 0x03, 0x07, 0xff, 0xff, 0xc0, 0xfb, 0x00, 0x02, 0x3f, 0xff, 0xfe,
  0xfe, 0x00, 0x03, 0x07, 0xff, 0xff, 0xc0, 0xfb, 0x00, 0x02, 0x3f, 0xff, 0xfe, 0xfe, 0x00, 0x03, 0x07, 0xff, 0xff, 0xc0, 0xfb, 0x00, 0x02, 0x3f,
  0xff, 0xfe, 0xfe, 0x00, 0x03, 0x07, 0xff, 0xff, 0xc0, 0xfb, 0x00, 0x02, 0x1f, 0xff, 0xfe, 0xfe, 0x00, 0x03, 0x07, 0xff, 0xff, 0x80, 0xfb, 0x00,
  0x02, 0x1f, 0xff, 0xfe, 0xfe, 0x00, 0x03, 0x07, 0xff, 0xff, 0x80, 0xfb, 0x00, 0x02, 0x1f, 0xff, 0xfe, 0xfe, 0x00, 0x03, 0x07, 0xff, 0xff, 0x80,
  0xfb, 0x00, 0x02, 0x1f, 0xff, 0xfe, 0xfe, 0x00, 0x03, 0x07, 0xff, 0xff, 0x80, 0xfb, 0x00, 0x02, 0x1f, 0xff, 0xfe, 0xfe, 0x00, 0x02, 0x07, 0xff,
  0xff, 0xfa, 0x00, 0x02, 0x0f, 0xff, 0xfe, 0xfe, 0x00, 0x02, 0x07, 0xff, 0xff, 0xfa, 0x00, 0x02, 0x0f, 0xff, 0xfe, 0xfe, 0x00, 0x02, 0x07, 0xff,
  0xff, 0xfa, 0x00, 0x08, 0x0f, 0xff, 0xfe, 0x07, 0x80, 0x1c, 0x07, 0xff, 0xfe, 0xfa, 0x00, 0x08, 0x07, 0xff, 0xfc, 0x07, 0xe0, 0x7e, 0x03, 0xff,
  0xfe, 0xfa, 0x00, 0x08, 0x03, 0xff, 0xfc, 0x07, 0xff, 0xfe, 0x01, 0xff, 0xf8, 0xfa, 0x00, 0x08, 0x01, 0xff, 0xf8, 0x07, 0xff, 0xfe, 0x00, 0xff,
  0xf0, 0xf9, 0x00, 0x07, 0xff, 0xe0, 0x07, 0xff, 0xfe, 0x00, 0x0f, 0x80, 0xf7, 0x00, 0x02, 0x03, 0xff, 0xfc, 0xf3, 0x00, 0x01, 0xff, 0xf0, 0xf3,
  0x00, 0x00, 0x3f, 0x81, 0x00, 0x81, 0x00, 0xa9, 0x00, 0x81, 0x00, 0xd7, 0x00, 0x01, 0x1f, 0xc0, 0xf9, 0x00, 0x01, 0xff, 0xe0, 0xfd, 0x00, 0x01,
  0xff, 0xf8, 0xfa, 0x00, 0x02, 0x07, 0xff, 0xf8, 0xfe, 0x00, 0x02, 0x03, 0xff, 0xfe, 0xfa, 0x00, 0x02, 0x07, 0xff, 0xfc, 0xfe, 0x00, 0x02, 0x03,
  0xff, 0xfe, 0xfa, 0x00, 0x02, 0x0f, 0xff, 0xfe, 0xfe, 0x00, 0x02, 0x07, 0xff, 0xff, 0xfa, 0x00, 0x02, 0x0f, 0xff, 0xfe, 0xfe, 0x00, 0x02, 0x07,
  0xff, 0xff, 0xfa, 0x00, 0x02, 0x1f, 0xff, 0xfe, 0xfe, 0x00, 0x03, 0x0f, 0xff, 0xff, 0x80, 0xfb, 0x00, 0x02, 0x1f, 0xff, 0xfe, 0xfe, 0x00, 0x03,
  0x0f, 0xff, 0xff, 0x80, 0xfb, 0x00, 0x02, 0x1f, 0xff, 0xfe, 0xfe, 0x00, 0x03, 0x0f, 0xff, 0xff, 0x80, 0xfb, 0x00, 0x02, 0x3f, 0xff, 0xfe, 0xfe,
  0x00, 0x03, 0x0f, 0xff, 0xff, 0x80, 0xfb, 0x00, 0x02, 0x3f, 0xff, 0xfe, 0xfe, 0x00, 0x03, 0x0f, 0xff, 0xff, 0xc0, 0xfb, 0x00, 0x02, 0x3f, 0xff,
  0xfe, 0xfe, 0x00, 0x03, 0x07, 0xff, 0xff, 0xc0, 0xfb, 0x00, 0x02, 0x3f, 0xff, 0xfe, 0xfe, 0x00, 0x03, 0x07, 0xff, 0xff, 0xc0, 0xfb, 0x00, 0x02,
  0x3f, 0xff, 0xfe, 0xfe, 0x00, 0x03, 0x07, 0xff, 0xff, 0xc0, 0xfb, 0x00, 0x02, 0x3f, 0xff, 0xfe, 0xfe, 0x00, 0x03, 0x07, 0xff, 0xff, 0xc0, 0xfb,
  0x00, 0x02, 0x3f, 0xff, 0xfe, 0xfe, 0x00, 0x03, 0x07, 0xff, 0xff, 0xc0, 0xfb, 0x00, 0x02, 0x3f, 0xff, 0xfe, 0xfe, 0x00, 0x03, 0x07, 0xff, 0xff,
  0xc0, 0xfb, 0x00, 0x02, 0x3f, 0xff, 0xfe, 0xfe, 0x00, 0x03, 0x07, 0xff, 0xff, 0xc0, 0xfb, 0x00, 0x02, 0x1f, 0xff, 0xfe, 0xfe, 0x00, 0x03, 0x07,
  0xff, 0xff, 0x80, 0xfb, 0x00, 0x02, 0x1f, 0xff, 0xfe, 0xfe, 0x00, 0x03, 0x07, 0xff, 0xff, 0x80, 0xfb, 0x00, 0x02, 0x1f, 0xff, 0xfe, 0xfe, 0x00,
  0x03, 0x07, 0xff, 0xff, 0x80, 0xfb, 0x00, 0x02, 0x1f, 0xff, 0xfe, 0xfe, 0x00, 0x03, 0x07, 0xff, 0xff, 0x80, 0xfb, 0x00, 0x02, 0x1f, 0xff, 0xfe,
  0xfe, 0x00, 0x02, 0x07, 0xff, 0xff, 0xfa, 0x00, 0x02, 0x0f, 0xff, 0xfe, 0xfe, 0x00, 0x02, 0x07, 0xff, 0xff, 0xfa, 0x00, 0x02, 0x0f, 0xff, 0xfe,
  0xfe, 0x00, 0x02, 0x07, 0xff, 0xff, 0xfa, 0x00, 0x08, 0x0f, 0xff, 0xfe, 0x07, 0x80, 0x1c, 0x07, 0xff, 0xfe, 0xfa, 0x00, 0x08, 0x07, 0xff, 0xfc,
  0x07, 0xe0, 0x7e, 0x03, 0xff, 0xfe, 0xfa, 0x00, 0x08, 0x03, 0xff, 0xfc, 0x07, 0xff, 0xfe, 0x01, 0xff, 0xfc, 0xfa, 0x00, 0x08, 0x01, 0xff, 0xf8,
  0x07, 0xff, 0xfe, 0x00, 0xff, 0xf0, 0xf9, 0x00, 0x07, 0xff, 0xe0, 0x07, 0xff, 0xfe, 0x00, 0x1f, 0x80, 0xf7, 0x00, 0x02, 0x03, 0xff, 0xfc, 0xf3,
  0x00, 0x01, 0xff, 0xf0, 0xf3, 0x00, 0x00, 0x3f, 0x81, 0x00, 0x81, 0x00, 0xa9, 0x00, 0x81, 0x00, 0xd7, 0x00, 0x01, 0x1f, 0x80, 0xf9, 0x00, 0x01,
  0xff, 0xe0, 0xfd, 0x00, 0x01, 0xff, 0xf8, 0xfa, 0x00, 0x02, 0x03, 0xff, 0xf8, 0xfe, 0x00, 0x02, 0x03, 0xff, 0xfe, 0xfa, 0x00, 0x02, 0x07, 0xff,
  0xfc, 0xfe, 0x00, 0x02, 0x03, 0xff, 0xfe, 0xfa, 0x00, 0x02, 0x0f, 0xff, 0xfe, 0xfe, 0x00, 0x02, 0x07, 0xff, 0xff, 0xfa, 0x00, 0x02, 0x0f, 0xff,
  0xfe, 0xfe, 0x00, 0x02, 0x07, 0xff, 0xff, 0xfa, 0x00, 0x02, 0x1f, 0xff, 0xfe, 0xfe, 0x00, 0x03, 0x0f, 0xff, 0xff, 0x80, 0xfb, 0x00, 0x02, 0x1f,
  0xff, 0xfe, 0xfe, 0x00, 0x03, 0x0f, 0xff, 0xff, 0x80, 0xfb, 0x00, 0x02, 0x1f, 0xff, 0xfe, 0xfe, 0x00, 0x03, 0x0f, 0xff, 0xff, 0x80, 0xfb, 0x00,
  0x02, 0x1f, 0xff, 0xfe, 0xfe, 0x00, 0x03, 0x07, 0xff, 0xff, 0x80, 0xfb, 0x00, 0x02, 0x3f, 0xff, 0xfe, 0xfe, 0x00, 0x03, 0x0f, 0xff, 0xff, 0xc0,
  0xfb, 0x00, 0x02, 0x3f, 0xff, 0xfe, 0xfe, 0x00, 0x03, 0x07, 0xff, 0xff, 0xc0, 0xfb, 0x00, 0x02, 0x3f, 0xff, 0xfe, 0xfe, 0x00, 0x03, 0x07, 0xff,
  0xff, 0xc0, 0xfb, 0x00, 0x02, 0x3f, 0xff, 0xfe, 0xfe, 0x00, 0x03, 0x07, 0xff, 0xff, 0xc0, 0xfb, 0x00, 0x02, 0x3f, 0xff, 0xfe, 0xfe, 0x00, 0x03,
  0x07, 0xff, 0xff, 0xc0, 0xfb, 0x00, 0x02, 0x3f, 0xff, 0xfe, 0xfe, 0x00, 0x03, 0x07, 0xff, 0xff, 0xc0, 0xfb, 0x00, 0x02, 0x3f, 0xff, 0xfe, 0xfe,
  0x00, 0x03, 0x07, 0xff, 0xff, 0xc0, 0xfb, 0x00, 0x02, 0x3f, 0xff, 0xfe, 0xfe, 0x00, 0x03, 0x07, 0xff, 0xff, 0xc0, 0xfb, 0x00, 0x02, 0x1f, 0xff,
  0xfe, 0xfe, 0x00, 0x03, 0x07, 0xff, 0xff, 0x80, 0xfb, 0x00, 0x02, 0x1f, 0xff, 0xfe, 0xfe, 0x00, 0x03, 0x07, 0xff, 0xff, 0x80, 0xfb, 0x00, 0x02,
  0x1f, 0xff, 0xfe, 0xfe, 0x00, 0x03, 0x07, 0xff, 0xff, 0x80, 0xfb, 0x00, 0x02, 0x1f, 0xff, 0xfe, 0xfe, 0x00, 0x03, 0x07, 0xff, 0xff, 0x80, 0xfb,
  0x00, 0x02, 0x1f, 0xff, 0xfe, 0xfe, 0x00, 0x02, 0x07, 0xff, 0xff, 0xfa, 0x00, 0x02, 0x0f, 0xff, 0xfe, 0xfe, 0x00, 0x02, 0x07, 0xff, 0xff, 0xfa,
  0x00, 0x02, 0x0f, 0xff, 0xfe, 0xfe, 0x00, 0x02, 0x07, 0xff, 0xff, 0xfa, 0x00, 0x08, 0x0f, 0xff, 0xfe, 0x07, 0x80, 0x1c, 0x07, 0xff, 0xfe, 0xfa,
  0x00, 0x08, 0x07, 0xff, 0xfc, 0x07, 0xe0, 0x7e, 0x03, 0xff, 0xfe, 0xfa, 0x00, 0x08, 0x03, 0xff, 0xfc, 0x07, 0xff, 0xfe, 0x01, 0xff, 0xfc, 0xfa,
  0x00, 0x08, 0x01, 0xff, 0xf8, 0x07, 0xff, 0xfe, 0x00, 0xff, 0xf0, 0xf9, 0x00, 0x07, 0xff, 0xe0, 0x07, 0xff, 0xfe, 0x00, 0x1f, 0x80, 0xf7, 0x00,
  0x02, 0x03, 0xff, 0xfc, 0xf4, 0x00, 0x02, 0x01, 0xff, 0xf0, 0xf3, 0x00, 0x01, 0x3f, 0x80, 0x81, 0x00, 0x81, 0x00, 0xaa, 0x00, 0x81, 0x00, 0xd7,
  0x00, 0x01, 0x1f, 0xc0, 0xf9, 0x00, 0x01, 0xff, 0xe0, 0xfd, 0x00, 0x01, 0xff, 0xf8, 0xfa, 0x00, 0x02, 0x03, 0xff, 0xf8, 0xfe, 0x00, 0x02, 0x03,
  0xff, 0xfc, 0xfa, 0x00, 0x02, 0x07, 0xff, 0xfc, 0xfe, 0x00, 0x02, 0x03, 0xff, 0xfe, 0xfa, 0x00, 0x02, 0x0f, 0xff, 0xfc, 0xfe, 0x00, 0x02, 0x07,
  0xff, 0xff, 0xfa, 0x00, 0x02, 0x0f, 0xff, 0xfe, 0xfe, 0x00, 0x02, 0x07, 0xff, 0xff, 0xfa, 0x00, 0x02, 0x1f, 0xff, 0xfe, 0xfe, 0x00, 0x03, 0x0f,
  0xff, 0xff, 0x80, 0xfb, 0x00, 0x02, 0x1f, 0xff, 0xfe, 0xfe, 0x00, 0x03, 0x0f, 0xff, 0xff, 0x80, 0xfb, 0x00, 0x02, 0x1f, 0xff, 0xfe, 0xfe, 0x00,
  0x03, 0x0f, 0xff, 0xff, 0x80, 0xfb, 0x00, 0x02, 0x1f, 0xff, 0xfe, 0xfe, 0x00, 0x03, 0x07, 0xff, 0xff, 0x80, 0xfb, 0x00, 0x02, 0x3f, 0xff, 0xfe,
  0xfe, 0x00, 0x03, 0x0f, 0xff, 0xff, 0xc0, 0xfb, 0x00, 0x02, 0x3f, 0xff, 0xfe, 0xfe, 0x00, 0x03, 0x07, 0xff, 0xff, 0xc0, 0xfb, 0x00, 0x02, 0x3f,
  0xff, 0xfe, 0xfe, 0x00, 0x03, 0x07, 0xff, 0xff, 0xc0, 0xfb, 0x00, 0x02, 0x3f, 0xff, 0xfe, 0xfe, 0x00, 0x03, 0x07, 0xff, 0xff, 0xc0, 0xfb, 0x00,
  0x02, 0x3f, 0xff, 0xfe, 0xfe, 0x00, 0x03, 0x07, 0xff, 0xff, 0xc0, 0xfb, 0x00, 0x02, 0x3f, 0xff, 0xfe, 0xfe, 0x00, 0x03, 0x07, 0xff, 0xff, 0xc0,
  0xfb, 0x00, 0x02, 0x3f, 0xff, 0xfe, 0xfe, 0x00, 0x03, 0x07, 0xff, 0xff, 0xc0, 0xfb, 0x00, 0x02, 0x3f, 0xff, 0xfe, 0xfe, 0x00, 0x03, 0x07, 0xff,
  0xff, 0xc0, 0xfb, 0x00, 0x02, 0x1f, 0xff, 0xfe, 0xfe, 0x00, 0x03, 0x07, 0xff, 0xff, 0x80, 0xfb, 0x00, 0x02, 0x1f, 0xff, 0xfe, 0xfe, 0x00, 0x03,
  0x07, 0xff, 0xff, 0x80, 0xfb, 0x00, 0x02, 0x1f, 0xff, 0xfe, 0xfe, 0x00, 0x03, 0x07, 0xff, 0xff, 0x80, 0xfb, 0x00, 0x02, 0x1f, 0xff, 0xfe, 0xfe,
  0x00, 0x03, 0x07, 0xff, 0xff, 0x80, 0xfb, 0x00, 0x02, 0x1f, 0xff, 0xfe, 0xfe, 0x00, 0x02, 0x07, 0xff, 0xff, 0xfa, 0x00, 0x02, 0x1f, 0xff, 0xfe,
  0xfe, 0x00, 0x02, 0x07, 0xff, 0xff, 0xfa, 0x00, 0x02, 0x0f, 0xff, 0xfe, 0xfe, 0x00, 0x02, 0x07, 0xff, 0xff, 0xfa, 0x00, 0x08, 0x0f, 0xff, 0xfe,
  0x07, 0x80, 0x1c, 0x07, 0xff, 0xfe, 0xfa, 0x00, 0x08, 0x07, 0xff, 0xfc, 0x07, 0xe0, 0x7e, 0x03, 0xff, 0xfe, 0xfa, 0x00, 0x08, 0x03, 0xff, 0xfc,
  0x07, 0xff, 0xfe, 0x01, 0xff, 0xfc, 0xfa, 0x00, 0x08, 0x01, 0xff, 0xf8, 0x07, 0xff, 0xfe, 0x00, 0xff, 0xf0, 0xf9, 0x00, 0x07, 0xff, 0xe0, 0x07,
  0xff, 0xfe, 0x00, 0x1f, 0x80, 0xf7, 0x00, 0x02, 0x03, 0xff, 0xfc, 0xf4, 0x00, 0x02, 0x01, 0xff, 0xf0, 0xf3, 0x00, 0x01, 0x3f, 0x80, 0x81, 0x00,
  0x81, 0x00, 0xaa, 0x00, 0x81, 0x00, 0xd7, 0x00, 0x01, 0x1f, 0xc0, 0xf9, 0x00, 0x01, 0xff, 0xe0, 0xfd, 0x00, 0x01, 0xff, 0xf8, 0xfa, 0x00, 0x02,
  0x03, 0xff, 0xf8, 0xfe, 0x00, 0x02, 0x03, 0xff, 0xfc, 0xfa, 0x00, 0x02, 0x07, 0xff, 0xfc, 0xfe, 0x00, 0x02, 0x03, 0xff, 0xfe, 0xfa, 0x00, 0x02,
  0x0f, 0xff, 0xfc, 0xfe, 0x00, 0x02, 0x07, 0xff, 0xff, 0xfa, 0x00, 0x02, 0x0f, 0xff, 0xfe, 0xfe, 0x00, 0x02, 0x07, 0xff, 0xff, 0xfa, 0x00, 0x02,
  0x1f, 0xff, 0xfe, 0xfe, 0x00, 0x03, 0x0f, 0xff, 0xff, 0x80, 0xfb, 0x00, 0x02, 0x1f, 0xff, 0xfe, 0xfe, 0x00, 0x03, 0x0f, 0xff, 0xff, 0x80, 0xfb,
  0x00, 0x02, 0x1f, 0xff, 0xfe, 0xfe, 0x00, 0x03, 0x0f, 0xff, 0xff, 0x80, 0xfb, 0x00, 0x02, 0x3f, 0xff, 0xfe, 0xfe, 0x00, 0x03, 0x0f, 0xff, 0xff,
  0x80, 0xfb, 0x00, 0x02, 0x3f, 0xff, 0xfe, 0xfe, 0x00, 0x03, 0x0f, 0xff, 0xff, 0xc0, 0xfb, 0x00, 0x02, 0x3f, 0xff, 0xfe, 0xfe, 0x00, 0x03, 0x07,
  0xff, 0xff, 0xc0, 0xfb, 0x00, 0x02, 0x3f, 0xff, 0xfe, 0xfe, 0x00, 0x03, 0x07, 0xff, 0xff, 0xc0, 0xfb, 0x00, 0x02, 0x3f, 0xff, 0xfe, 0xfe, 0x00,
  0x03, 0x07, 0xff, 0xff, 0xc0, 0xfb, 0x00, 0x02, 0x3f, 0xff, 0xfe, 0xfe, 0x00, 0x03, 0x07, 0xff, 0xff, 0xc0, 0xfb, 0x00, 0x02, 0x3f, 0xff, 0xfe,
  0xfe, 0x00, 0x03, 0x07, 0xff, 0xff, 0xc0, 0xfb, 0x00, 0x02, 0x3f, 0xff, 0xfe, 0xfe, 0x00, 0x03, 0x07, 0xff, 0xff, 0xc0, 0xfb, 0x00, 0x02, 0x3f,
  0xff, 0xfe, 0xfe, 0x00, 0x03, 0x07, 0xff, 0xff, 0xc0, 0xfb, 0x00, 0x02, 0x1f, 0xff, 0xfe, 0xfe, 0x00, 0x03, 0x07, 0xff, 0xff, 0x80, 0xfb, 0x00,
  0x02, 0x1f, 0xff, 0xfe, 0xfe, 0x00, 0x03, 0x07, 0xff, 0xff, 0x80, 0xfb, 0x00, 0x02, 0x1f, 0xff, 0xfe, 0xfe, 0x00, 0x03, 0x07, 0xff, 0xff, 0x80,
  0xfb, 0x00, 0x02, 0x1f, 0xff, 0xfe, 0xfe, 0x00, 0x03, 0x07, 0xff, 0xff, 0x80, 0xfb, 0x00, 0x02, 0x1f, 0xff, 0xfe, 0xfe, 0x00, 0x02, 0x07, 0xff,
  0xff, 0xfa, 0x00, 0x02, 0x1f, 0xff, 0xfe, 0xfe, 0x00, 0x02, 0x07, 0xff, 0xff, 0xfa, 0x00, 0x02, 0x0f, 0xff, 0xfe, 0xfe, 0x00, 0x02, 0x07, 0xff,
  0xff, 0xfa, 0x00, 0x08, 0x0f, 0xff, 0xfe, 0x07, 0x80, 0x1c, 0x07, 0xff, 0xfe, 0xfa, 0x00, 0x08, 0x07, 0xff, 0xfc, 0x07, 0xe0, 0x7e, 0x03, 0xff,
  0xfe, 0xfa, 0x00, 0x08, 0x03, 0xff, 0xfc, 0x07, 0xff, 0xfe, 0x01, 0xff, 0xfc, 0xfa, 0x00, 0x08, 0x01, 0xff, 0xf8, 0x07, 0xff, 0xfe, 0x00, 0xff,
  0xf0, 0xf9, 0x00, 0x07, 0xff, 0xe0, 0x07, 0xff, 0xfe, 0x00, 0x1f, 0x80, 0xf7, 0x00, 0x02, 0x03, 0xff, 0xfc, 0xf4, 0x00, 0x02, 0x01, 0xff, 0xf0,
  0xf3, 0x00, 0x00, 0x3f, 0x81, 0x00, 0x81, 0x00, 0xa9, 0x00, 0x81, 0x00, 0xd7, 0x00, 0x01, 0x1f, 0xc0, 0xf9, 0x00, 0x01, 0xff, 0xe0, 0xfd, 0x00,
  0x01, 0xff, 0xf8, 0xfa, 0x00, 0x02, 0x03, 0xff, 0xf8, 0xfe, 0x00, 0x02, 0x03, 0xff, 0xfc, 0xfa, 0x00, 0x02, 0x07, 0xff, 0xfc, 0xfe, 0x00, 0x02,
  0x03, 0xff, 0xfe, 0xfa, 0x00, 0x02, 0x0f, 0xff, 0xfc, 0xfe, 0x00, 0x02, 0x07, 0xff, 0xff, 0xfa, 0x00, 0x02, 0x0f, 0xff, 0xfe, 0xfe, 0x00, 0x02,
  0x07, 0xff, 0xff, 0xfa, 0x00, 0x02, 0x1f, 0xff, 0xfe, 0xfe, 0x00, 0x03, 0x0f, 0xff, 0xff, 0x80, 0xfb, 0x00, 0x02, 0x1f, 0xff, 0xfe, 0xfe, 0x00,
  0x03, 0x0f, 0xff, 0xff, 0x80, 0xfb, 0x00, 0x02, 0x1f, 0xff, 0xfe, 0xfe, 0x00, 0x03, 0x0f, 0xff, 0xff, 0x80, 0xfb, 0x00, 0x02, 0x3f, 0xff, 0xfe,
  0xfe, 0x00, 0x03, 0x07, 0xff, 0xff, 0x80, 0xfb, 0x00, 0x02, 0x3f, 0xff, 0xfe, 0xfe, 0x00, 0x03, 0x0f, 0xff, 0xff, 0xc0, 0xfb, 0x00, 0x02, 0x3f,
  0xff, 0xfe, 0xfe, 0x00, 0x03, 0x07, 0xff, 0xff, 0xc0, 0xfb, 0x00, 0x02, 0x3f, 0xff, 0xfe, 0xfe, 0x00, 0x03, 0x07, 0xff, 0xff, 0xc0, 0xfb, 0x00,
  0x02, 0x3f, 0xff, 0xfe, 0xfe, 0x00, 0x03, 0x07, 0xff, 0xff, 0xc0, 0xfb, 0x00, 0x02, 0x3f, 0xff, 0xfe, 0xfe, 0x00, 0x03, 0x07, 0xff, 0xff, 0xc0,
  0xfb, 0x00, 0x02, 0x3f, 0xff, 0xfe, 0xfe, 0x00, 0x03, 0x07, 0xff, 0xff, 0xc0, 0xfb, 0x00, 0x02, 0x3f, 0xff, 0xfe, 0xfe, 0x00, 0x03, 0x07, 0xff,
  0xff, 0xc0, 0xfb, 0x00, 0x02, 0x3f, 0xff, 0xfe, 0xfe, 0x00, 0x03, 0x07, 0xff, 0xff, 0xc0, 0xfb, 0x00, 0x02, 0x1f, 0xff, 0xfe, 0xfe, 0x00, 0x03,
  0x07, 0xff, 0xff, 0x80, 0xfb, 0x00, 0x02, 0x1f, 0xff, 0xfe, 0xfe, 0x00, 0x03, 0x07, 0xff, 0xff, 0x80, 0xfb, 0x00, 0x02, 0x1f, 0xff, 0xfe, 0xfe,
  0x00, 0x03, 0x07, 0xff, 0xff, 0x80, 0xfb, 0x00, 0x02, 0x1f, 0xff, 0xfe, 0xfe, 0x00, 0x03, 0x07, 0xff, 0xff, 0x80, 0xfb, 0x00, 0x02, 0x1f, 0xff,
  0xfe, 0xfe, 0x00, 0x02, 0x07, 0xff, 0xff, 0xfa, 0x00, 0x02, 0x1f, 0xff, 0xfe, 0xfe, 0x00, 0x02, 0x07, 0xff, 0xff, 0xfa, 0x00, 0x02, 0x0f, 0xff,
  0xfe, 0xfe, 0x00, 0x02, 0x07, 0xff, 0xff, 0xfa, 0x00, 0x08, 0x0f, 0xff, 0xfe, 0x07, 0x80, 0x1c, 0x07, 0xff, 0xfe, 0xfa, 0x00, 0x08, 0x07, 0xff,
  0xfc, 0x07, 0xe0, 0x7e, 0x03, 0xff, 0xfe, 0xfa, 0x00, 0x08, 0x03, 0xff, 0xfc, 0x07, 0xff, 0xfe, 0x01, 0xff, 0xfc, 0xfa, 0x00, 0x08, 0x01, 0xff,
  0xf8, 0x07, 0xff, 0xfe, 0x00, 0xff, 0xf0, 0xf9, 0x00, 0x07, 0xff, 0xe0, 0x07, 0xff, 0xfe, 0x00, 0x1f, 0x80, 0xf7, 0x00, 0x02, 0x03, 0xff, 0xfc,
  0xf3, 0x00, 0x01, 0xff, 0xf0, 0xf3, 0x00, 0x00, 0x3f, 0x81, 0x00, 0x81, 0x00, 0xa9, 0x00, 0x81, 0x00, 0xd7, 0x00, 0x01, 0x1f, 0xc0, 0xf9, 0x00,
  0x01, 0xff, 0xe0, 0xfd, 0x00, 0x01, 0xff, 0xf8, 0xfa, 0x00, 0x02, 0x07, 0xff, 0xf8, 0xfe, 0x00, 0x02, 0x03, 0xff, 0xfc, 0xfa, 0x00, 0x02, 0x07,
  0xff, 0xfc, 0xfe, 0x00, 0x02, 0x03, 0xff, 0xfe, 0xfa, 0x00, 0x02, 0x0f, 0xff, 0xfe, 0xfe, 0x00, 0x02, 0x07, 0xff, 0xff, 0xfa, 0x00, 0x02, 0x0f,
  0xff, 0xfe, 0xfe, 0x00, 0x02, 0x07, 0xff, 0xff, 0xfa, 0x00, 0x02, 0x1f, 0xff, 0xfe, 0xfe, 0x00, 0x03, 0x0f, 0xff, 0xff, 0x80, 0xfb, 0x00, 0x02,
  0x1f, 0xff, 0xfe, 0xfe, 0x00, 0x03, 0x0f, 0xff, 0xff, 0x80, 0xfb, 0x00, 0x02, 0x1f, 0xff, 0xfe, 0xfe, 0x00, 0x03, 0x0f, 0xff, 0xff, 0x80, 0xfb,
  0x00, 0x02, 0x3f, 0xff, 0xfe, 0xfe, 0x00, 0x03, 0x0f, 0xff, 0xff, 0x80, 0xfb, 0x00, 0x02, 0x3f, 0xff, 0xfe, 0xfe, 0x00, 0x03, 0x0f, 0xff, 0xff,
  0xc0, 0xfb, 0x00, 0x02, 0x3f, 0xff, 0xfe, 0xfe, 0x00, 0x03, 0x07, 0xff, 0xff, 0xc0, 0xfb, 0x00, 0x02, 0x3f, 0xff, 0xfe, 0xfe, 0x00, 0x03, 0x07,
  0xff, 0xff, 0xc0, 0xfb, 0x00, 0x02, 0x3f, 0xff, 0xfe, 0xfe, 0x00, 0x03, 0x07, 0xff, 0xff, 0xc0, 0xfb, 0x00, 0x02, 0x3f, 0xff, 0xfe, 0xfe, 0x00,
  0x03, 0x07, 0xff, 0xff, 0xc0, 0xfb, 0x00, 0x02, 0x3f, 0xff, 0xfe, 0xfe, 0x00, 0x03, 0x07, 0xff, 0xff, 0xc0, 0xfb, 0x00, 0x02, 0x3f, 0xff, 0xfe,
  0xfe, 0x00, 0x03, 0x07, 0xff, 0xff, 0xc0, 0xfb, 0x00, 0x02, 0x3f, 0xff, 0xfe, 0xfe, 0x00, 0x03, 0x07, 0xff, 0xff, 0xc0, 0xfb, 0x00, 0x02, 0x1f,
  0xff, 0xfe, 0xfe, 0x00, 0x03, 0x07, 0xff, 0xff, 0x80, 0xfb, 0x00, 0x02, 0x1f, 0xff, 0xfe, 0xfe, 0x00, 0x03, 0x07, 0xff, 0xff, 0x80, 0xfb, 0x00,
  0x02, 0x1f, 0xff, 0xfe, 0xfe, 0x00, 0x03, 0x07, 0xff, 0xff, 0x80, 0xfb, 0x00, 0x02, 0x1f, 0xff, 0xfe, 0xfe, 0x00, 0x03, 0x07, 0xff, 0xff, 0x80,
  0xfb, 0x00, 0x02, 0x1f, 0xff, 0xfe, 0xfe, 0x00, 0x02, 0x07, 0xff, 0xff, 0xfa, 0x00, 0x02, 0x1f, 0xff, 0xfe, 0xfe, 0x00, 0x02, 0x07, 0xff, 0xff,
  0xfa, 0x00, 0x02, 0x0f, 0xff, 0xfe, 0xfe, 0x00, 0x02, 0x07, 0xff, 0xff, 0xfa, 0x00, 0x08, 0x0f, 0xff, 0xfe, 0x07, 0x80, 0x1c, 0x07, 0xff, 0xfe,
  0xfa, 0x00, 0x08, 0x07, 0xff, 0xfc, 0x07, 0xe0, 0x7e, 0x03, 0xff, 0xfe, 0xfa, 0x00, 0x08, 0x03, 0xff, 0xfc, 0x07, 0xff, 0xfe, 0x01, 0xff, 0xfc,
  0xfa, 0x00, 0x08, 0x01, 0xff, 0xf8, 0x07, 0xff, 0xfe, 0x00, 0xff, 0xf0, 0xf9, 0x00, 0x07, 0xff, 0xe0, 0x07, 0xff, 0xfe, 0x00, 0x0f, 0x80, 0xf7,
  0x00, 0x02, 0x03, 0xff, 0xfc, 0xf3, 0x00, 0x01, 0xff, 0xf0, 0xf3, 0x00, 0x00, 0x3f, 0x81, 0x00, 0x81, 0x00, 0xa9, 0x00, 0x81, 0x00, 0xd7, 0x00,
  0x01, 0x1f, 0xe0, 0xf9, 0x00, 0x01, 0xff, 0xe0, 0xfd, 0x00, 0x01, 0xff, 0xf8, 0xfa, 0x00, 0x02, 0x03, 0xff, 0xf8, 0xfe, 0x00, 0x02, 0x03, 0xff,
  0xfc, 0xfa, 0x00, 0x02, 0x07, 0xff, 0xfc, 0xfe, 0x00, 0x02, 0x03, 0xff, 0xfe, 0xfa, 0x00, 0x02, 0x0f, 0xff, 0xfe, 0xfe, 0x00, 0x02, 0x07, 0xff,
  0xff, 0xfa, 0x00, 0x02, 0x0f, 0xff, 0xfe, 0xfe, 0x00, 0x02, 0x07, 0xff, 0xff, 0xfa, 0x00, 0x02, 0x1f, 0xff, 0xfe, 0xfe, 0x00, 0x03, 0x0f, 0xff,
  0xff, 0x80, 0xfb, 0x00, 0x02, 0x1f, 0xff, 0xfe, 0xfe, 0x00, 0x03, 0x0f, 0xff, 0xff, 0x80, 0xfb, 0x00, 0x02, 0x1f, 0xff, 0xfe, 0xfe, 0x00, 0x03,
  0x0f, 0xff, 0xff, 0x80, 0xfb, 0x00, 0x02, 0x3f, 0xff, 0xfe, 0xfe, 0x00, 0x03, 0x0f, 0xff, 0xff, 0x80, 0xfb, 0x00, 0x02, 0x3f, 0xff, 0xfe, 0xfe,
  0x00, 0x03, 0x0f, 0xff, 0xff, 0xc0, 0xfb, 0x00, 0x02, 0x3f, 0xff, 0xfe, 0xfe, 0x00, 0x03, 0x07, 0xff, 0xff, 0xc0, 0xfb, 0x00, 0x02, 0x3f, 0xff,
  0xfe, 0xfe, 0x00, 0x03, 0x07, 0xff, 0xff, 0xc0, 0xfb, 0x00, 0x02, 0x3f, 0xff, 0xfe, 0xfe, 0x00, 0x03, 0x07, 0xff, 0xff, 0xc0, 0xfb, 0x00, 0x02,
  0x3f, 0xff, 0xfe, 0xfe, 0x00, 0x03, 0x07, 0xff, 0xff, 0xc0, 0xfb, 0x00, 0x02, 0x3f, 0xff, 0xfe, 0xfe, 0x00, 0x03, 0x07, 0xff, 0xff, 0xc0, 0xfb,
  0x00, 0x02, 0x3f, 0xff, 0xfe, 0xfe, 0x00, 0x03, 0x07, 0xff, 0xff, 0xc0, 0xfb, 0x00, 0x02, 0x3f, 0xff, 0xfe, 0xfe, 0x00, 0x03, 0x07, 0xff, 0xff,
  0xc0, 0xfb, 0x00, 0x02, 0x1f, 0xff, 0xfe, 0xfe, 0x00, 0x03, 0x07, 0xff, 0xff, 0x80, 0xfb, 0x00, 0x02, 0x1f, 0xff, 0xfe, 0xfe, 0x00, 0x03, 0x07,
  0xff, 0xff, 0x80, 0xfb, 0x00, 0x02, 0x1f, 0xff, 0xfe, 0xfe, 0x00, 0x03, 0x07, 0xff, 0xff, 0x80, 0xfb, 0x00, 0x02, 0x1f, 0xff, 0xfe, 0xfe, 0x00,
  0x03, 0x07, 0xff, 0xff, 0x80, 0xfb, 0x00, 0x02, 0x1f, 0xff, 0xfe, 0xfe, 0x00, 0x02, 0x07, 0xff, 0xff, 0xfa, 0x00, 0x02, 0x0f, 0xff, 0xfe, 0xfe,
  0x00, 0x02, 0x07, 0xff, 0xff, 0xfa, 0x00, 0x02, 0x0f, 0xff, 0xfe, 0xfe, 0x00, 0x02, 0x07, 0xff, 0xff, 0xfa, 0x00, 0x08, 0x0f, 0xff, 0xfe, 0x07,
  0x80, 0x1c, 0x07, 0xff, 0xfe, 0xfa, 0x00, 0x08, 0x07, 0xff, 0xfc, 0x07, 0xe0, 0x7e, 0x03, 0xff, 0xfe, 0xfa, 0x00, 0x08, 0x03, 0xff, 0xfc, 0x07,
  0xff, 0xfe, 0x01, 0xff, 0xfc, 0xfa, 0x00, 0x08, 0x01, 0xff, 0xf8, 0x07, 0xff, 0xfe, 0x00, 0xff, 0xf0, 0xf9, 0x00, 0x07, 0xff, 0xe0, 0x07, 0xff,
  0xfe, 0x00, 0x0f, 0x80, 0xf7, 0x00, 0x02, 0x03, 0xff, 0xfc, 0xf3, 0x00, 0x01, 0xff, 0xf0, 0xf3, 0x00, 0x00, 0x3f, 0x81, 0x00, 0x81, 0x00, 0xa9,
  0x00, 0x81, 0x00, 0xd7, 0x00, 0x01, 0x1f, 0xc0, 0xf9, 0x00, 0x01, 0xff, 0xe0, 0xfd, 0x00, 0x01, 0xff, 0xf8, 0xfa, 0x00, 0x02, 0x07, 0xff, 0xf8,
  0xfe, 0x00, 0x02, 0x03, 0xff, 0xfe, 0xfa, 0x00, 0x02, 0x07, 0xff, 0xfc, 0xfe, 0x00, 0x02, 0x03, 0xff, 0xfe, 0xfa, 0x00, 0x02, 0x0f, 0xff, 0xfc,
  0xfe, 0x00, 0x02, 0x07, 0xff, 0xff, 0xfa, 0x00, 0x02, 0x0f, 0xff, 0xfe, 0xfe, 0x00, 0x02, 0x07, 0xff, 0xff, 0xfa, 0x00, 0x02, 0x1f, 0xff, 0xfe,
  0xfe, 0x00, 0x03, 0x0f, 0xff, 0xff, 0x80, 0xfb, 0x00, 0x02, 0x1f, 0xff, 0xfe, 0xfe, 0x00, 0x03, 0x0f, 0xff, 0xff, 0x80, 0xfb, 0x00, 0x02, 0x1f,
  0xff, 0xfe, 0xfe, 0x00, 0x03, 0x0f, 0xff, 0xff, 0x80, 0xfb, 0x00, 0x02, 0x3f, 0xff, 0xfe, 0xfe, 0x00, 0x03, 0x0f, 0xff, 0xff, 0x80, 0xfb, 0x00,
  0x02, 0x3f, 0xff, 0xfe, 0xfe, 0x00, 0x03, 0x0f, 0xff, 0xff, 0xc0, 0xfb, 0x00, 0x02, 0x3f, 0xff, 0xfe, 0xfe, 0x00, 0x03, 0x07, 0xff, 0xff, 0xc0,
  0xfb, 0x00, 0x02, 0x3f, 0xff, 0xfe, 0xfe, 0x00, 0x03, 0x07, 0xff, 0xff, 0xc0, 0xfb, 0x00, 0x02, 0x3f, 0xff, 0xfe, 0xfe, 0x00, 0x03, 0x07, 0xff,
  0xff, 0xc0, 0xfb, 0x00, 0x02, 0x3f, 0xff, 0xfe, 0xfe, 0x00, 0x03, 0x07, 0xff, 0xff, 0xc0, 0xfb, 0x00, 0x02, 0x3f, 0xff, 0xfe, 0xfe, 0x00, 0x03,
  0x07, 0xff, 0xff, 0xc0, 0xfb, 0x00, 0x02, 0x3f, 0xff, 0xfe, 0xfe, 0x00, 0x03, 0x07, 0xff, 0xff, 0xc0, 0xfb, 0x00, 0x02, 0x3f, 0xff, 0xfe, 0xfe,
  0x00, 0x03, 0x07, 0xff, 0xff, 0xc0, 0xfb, 0x00, 0x02, 0x1f, 0xff, 0xfe, 0xfe, 0x00, 0x03, 0x07, 0xff, 0xff, 0x80, 0xfb, 0x00, 0x02, 0x1f, 0xff,
  0xfe, 0xfe, 0x00, 0x03, 0x07, 0xff, 0xff, 0x80, 0xfb, 0x00, 0x02, 0x1f, 0xff, 0xfe, 0xfe, 0x00, 0x03, 0x07, 0xff, 0xff, 0x80, 0xfb, 0x00, 0x02,
  0x1f, 0xff, 0xfe, 0xfe, 0x00, 0x03, 0x07, 0xff, 0xff, 0x80, 0xfb, 0x00, 0x02, 0x1f, 0xff, 0xfe, 0xfe, 0x00, 0x02, 0x07, 0xff, 0xff, 0xfa, 0x00,
  0x02, 0x0f, 0xff, 0xfe, 0xfe, 0x00, 0x02, 0x07, 0xff, 0xff, 0xfa, 0x00, 0x02, 0x0f, 0xff, 0xfe, 0xfe, 0x00, 0x02, 0x07, 0xff, 0xff, 0xfa, 0x00,
  0x08, 0x0f, 0xff, 0xfe, 0x07, 0x80, 0x1c, 0x07, 0xff, 0xfe, 0xfa, 0x00, 0x08, 0x07, 0xff, 0xfc, 0x07, 0xe0, 0x7e, 0x03, 0xff, 0xfe, 0xfa, 0x00,
  0x08, 0x03, 0xff, 0xfc, 0x07, 0xff, 0xfe, 0x01, 0xff, 0xfc, 0xfa, 0x00, 0x08, 0x01, 0xff, 0xf8, 0x07, 0xff, 0xfe, 0x00, 0xff, 0xf0, 0xf9, 0x00,
  0x07, 0xff, 0xe0, 0x07, 0xff, 0xfe, 0x00, 0x1f, 0x80, 0xf7, 0x00, 0x02, 0x03, 0xff, 0xfc, 0xf3, 0x00, 0x01, 0xff, 0xf0, 0xf3, 0x00, 0x00, 0x3f,
  0x81, 0x00, 0x81, 0x00, 0xa9, 0x00, 0x81, 0x00, 0xd7, 0x00, 0x01, 0x3f, 0xc0, 0xf9, 0x00, 0x01, 0xff, 0xe0, 0xfd, 0x00, 0x01, 0xff, 0xf8, 0xfa,
  0x00, 0x02, 0x07, 0xff, 0xf8, 0xfe, 0x00, 0x02, 0x03, 0xff, 0xfe, 0xfa, 0x00, 0x02, 0x07, 0xff, 0xfc, 0xfe, 0x00, 0x02, 0x03, 0xff, 0xfe, 0xfa,
  0x00, 0x02, 0x0f, 0xff, 0xfc, 0xfe, 0x00, 0x02, 0x07, 0xff, 0xff, 0xfa, 0x00, 0x02, 0x0f, 0xff, 0xfe, 0xfe, 0x00, 0x02, 0x07, 0xff, 0xff, 0xfa,
  0x00, 0x02, 0x1f, 0xff, 0xfe, 0xfe, 0x00, 0x03, 0x0f, 0xff, 0xff, 0x80, 0xfb, 0x00, 0x02, 0x1f, 0xff, 0xfe, 0xfe, 0x00, 0x03, 0x0f, 0xff, 0xff,
  0x80, 0xfb, 0x00, 0x02, 0x1f, 0xff, 0xfe, 0xfe, 0x00, 0x03, 0x0f, 0xff, 0xff, 0x80, 0xfb, 0x00, 0x02, 0x1f, 0xff, 0xfe, 0xfe, 0x00, 0x03, 0x0f,
  0xff, 0xff, 0x80, 0xfb, 0x00, 0x02, 0x3f, 0xff, 0xfe, 0xfe, 0x00, 0x03, 0x0f, 0xff, 0xff, 0xc0, 0xfb, 0x00, 0x02, 0x3f, 0xff, 0xfe, 0xfe, 0x00,
  0x03, 0x07, 0xff, 0xff, 0xc0, 0xfb, 0x00, 0x02, 0x3f, 0xff, 0xfe, 0xfe, 0x00, 0x03, 0x07, 0xff, 0xff, 0xc0, 0xfb, 0x00, 0x02, 0x3f, 0xff, 0xfe,
  0xfe, 0x00, 0x03, 0x07, 0xff, 0xff, 0xc0, 0xfb, 0x00, 0x02, 0x3f, 0xff, 0xfe, 0xfe, 0x00, 0x03, 0x07, 0xff, 0xff, 0xc0, 0xfb, 0x00, 0x02, 0x3f,
  0xff, 0xfe, 0xfe, 0x00, 0x03, 0x07, 0xff, 0xff, 0xc0, 0xfb, 0x00, 0x02, 0x3f, 0xff, 0xfe, 0xfe, 0x00, 0x03, 0x07, 0xff, 0xff, 0xc0, 0xfb, 0x00,
  0x02, 0x3f, 0xff, 0xfe, 0xfe, 0x00, 0x03, 0x07, 0xff, 0xff, 0x80, 0xfb, 0x00, 0x02, 0x1f, 0xff, 0xfe, 0xfe, 0x00, 0x03, 0x07, 0xff, 0xff, 0x80,
  0xfb, 0x00, 0x02, 0x1f, 0xff, 0xfe, 0xfe, 0x00, 0x03, 0x07, 0xff, 0xff, 0x80, 0xfb, 0x00, 0x02, 0x1f, 0xff, 0xfe, 0xfe, 0x00, 0x03, 0x07, 0xff,
  0xff, 0x80, 0xfb, 0x00, 0x02, 0x1f, 0xff, 0xfe, 0xfe, 0x00, 0x03, 0x07, 0xff, 0xff, 0x80, 0xfb, 0x00, 0x02, 0x1f, 0xff, 0xfe, 0xfe, 0x00, 0x02,
  0x07, 0xff, 0xff, 0xfa, 0x00, 0x02, 0x1f, 0xff, 0xfe, 0xfe, 0x00, 0x02, 0x07, 0xff, 0xff, 0xfa, 0x00, 0x02, 0x0f, 0xff, 0xfe, 0xfe, 0x00, 0x02,
  0x07, 0xff, 0xff, 0xfa, 0x00, 0x08, 0x0f, 0xff, 0xfe, 0x07, 0x80, 0x1c, 0x07, 0xff, 0xfe, 0xfa, 0x00, 0x08, 0x07, 0xff, 0xfc, 0x07, 0xe0, 0x7e,
  0x03, 0xff, 0xfe, 0xfa, 0x00, 0x08, 0x03, 0xff, 0xfc, 0x07, 0xff, 0xfe, 0x01, 0xff, 0xfc, 0xfa, 0x00, 0x08, 0x01, 0xff, 0xf8, 0x07, 0xff, 0xfe,
  0x00, 0xff, 0xf0, 0xf9, 0x00, 0x07, 0xff, 0xe0, 0x07, 0xff, 0xfe, 0x00, 0x1f, 0x80, 0xf7, 0x00, 0x02, 0x03, 0xff, 0xfc, 0xf3, 0x00, 0x01, 0xff,
  0xf0, 0xf3, 0x00, 0x00, 0x3f, 0x81, 0x00, 0x81, 0x00, 0xa9, 0x00, 0x81, 0x00, 0xd7, 0x00, 0x01, 0x1f, 0xc0, 0xf9, 0x00, 0x01, 0xff, 0xe0, 0xfd,
  0x00, 0x01, 0xff, 0xf8, 0xfa, 0x00, 0x02, 0x07, 0xff, 0xf8, 0xfe, 0x00, 0x02, 0x03, 0xff, 0xfe, 0xfa, 0x00, 0x02, 0x07, 0xff, 0xfc, 0xfe, 0x00,
  0x02, 0x03, 0xff, 0xfe, 0xfa, 0x00, 0x02, 0x0f, 0xff, 0xfc, 0xfe, 0x00, 0x02, 0x07, 0xff, 0xff, 0xfa, 0x00, 0x02, 0x1f, 0xff, 0xfe, 0xfe, 0x00,
  0x02, 0x07, 0xff, 0xff, 0xfa, 0x00, 0x02, 0x1f, 0xff, 0xfe, 0xfe, 0x00, 0x03, 0x0f, 0xff, 0xff, 0x80, 0xfb, 0x00, 0x02, 0x1f, 0xff, 0xfe, 0xfe,
  0x00, 0x03, 0x0f, 0xff, 0xff, 0x80, 0xfb, 0x00, 0x02, 0x3f, 0xff, 0xfe, 0xfe, 0x00, 0x03, 0x0f, 0xff, 0xff, 0x80, 0xfb, 0x00, 0x02, 0x3f, 0xff,
  0xfe, 0xfe, 0x00, 0x03, 0x0f, 0xff, 0xff, 0x80, 0xfb, 0x00, 0x02, 0x3f, 0xff, 0xfe, 0xfe, 0x00, 0x03, 0x0f, 0xff, 0xff, 0xc0, 0xfb, 0x00, 0x02,
  0x3f, 0xff, 0xfe, 0xfe, 0x00, 0x03, 0x0f, 0xff, 0xff, 0xc0, 0xfb, 0x00, 0x02, 0x3f, 0xff, 0xfe, 0xfe, 0x00, 0x03, 0x07, 0xff, 0xff, 0xc0, 0xfb,
  0x00, 0x02, 0x3f, 0xff, 0xfe, 0xfe, 0x00, 0x03, 0x07, 0xff, 0xff, 0xc0, 0xfb, 0x00, 0x02, 0x3f, 0xff, 0xfe, 0xfe, 0x00, 0x03, 0x07, 0xff, 0xff,
  0xc0, 0xfb, 0x00, 0x02, 0x3f, 0xff, 0xfe, 0xfe, 0x00, 0x03, 0x07, 0xff, 0xff, 0xc0, 0xfb, 0x00, 0x02, 0x3f, 0xff, 0xfe, 0xfe, 0x00, 0x03, 0x07,
  0xff, 0xff, 0xc0, 0xfb, 0x00, 0x02, 0x3f, 0xff, 0xfe, 0xfe, 0x00, 0x03, 0x07, 0xff, 0xff, 0x80, 0xfb, 0x00, 0x02, 0x1f, 0xff, 0xfe, 0xfe, 0x00,
  0x03, 0x07, 0xff, 0xff, 0x80, 0xfb, 0x00, 0x02, 0x1f, 0xff, 0xfe, 0xfe, 0x00, 0x03, 0x07, 0xff, 0xff, 0x80, 0xfb, 0x00, 0x02, 0x1f, 0xff, 0xfe,
  0xfe, 0x00, 0x03, 0x07, 0xff, 0xff, 0x80, 0xfb, 0x00, 0x02, 0x1f, 0xff, 0xfe, 0xfe, 0x00, 0x03, 0x07, 0xff, 0xff, 0x80, 0xfb, 0x00, 0x02, 0x1f,
  0xff, 0xfe, 0xfe, 0x00, 0x02, 0x07, 0xff, 0xff, 0xfa, 0x00, 0x02, 0x1f, 0xff, 0xfe, 0xfe, 0x00, 0x02, 0x07, 0xff, 0xff, 0xfa, 0x00, 0x02, 0x0f,
  0xff, 0xfe, 0xfe, 0x00, 0x02, 0x07, 0xff, 0xff, 0xfa, 0x00, 0x08, 0x0f, 0xff, 0xfe, 0x07, 0x80, 0x1c, 0x07, 0xff, 0xfe, 0xfa, 0x00, 0x08, 0x07,
  0xff, 0xfc, 0x0f, 0xe0, 0x7e, 0x03, 0xff, 0xfe, 0xfa, 0x00, 0x08, 0x03, 0xff, 0xfc, 0x0f, 0xff, 0xfe, 0x01, 0xff, 0xfc, 0xfa, 0x00, 0x08, 0x03,
  0xff, 0xf8, 0x07, 0xff, 0xfe, 0x00, 0xff, 0xf0, 0xf9, 0x00, 0x07, 0xff, 0xe0, 0x07, 0xff, 0xfe, 0x00, 0x1f, 0x80, 0xf7, 0x00, 0x02, 0x03, 0xff,
  0xfc, 0xf4, 0x00, 0x02, 0x01, 0xff, 0xf0, 0xf3, 0x00, 0x00, 0x3f, 0x81, 0x00, 0x81, 0x00, 0xa9, 0x00, 0x81, 0x00, 0xd7, 0x00, 0x01, 0x3f, 0xc0,
  0xf9, 0x00, 0x01, 0xff, 0xe0, 0xfd, 0x00, 0x01, 0xff, 0xf8, 0xfa, 0x00, 0x02, 0x07, 0xff, 0xf8, 0xfe, 0x00, 0x02, 0x03, 0xff, 0xfc, 0xfa, 0x00,
  0x02, 0x07, 0xff, 0xfc, 0xfe, 0x00, 0x02, 0x07, 0xff, 0xfe, 0xfa, 0x00, 0x02, 0x0f, 0xff, 0xfc, 0xfe, 0x00, 0x02, 0x07, 0xff, 0xff, 0xfa, 0x00,
  0x02, 0x1f, 0xff, 0xfe, 0xfe, 0x00, 0x02, 0x07, 0xff, 0xff, 0xfa, 0x00, 0x02, 0x1f, 0xff, 0xfe, 0xfe, 0x00, 0x03, 0x0f, 0xff, 0xff, 0x80, 0xfb,
  0x00, 0x02, 0x1f, 0xff, 0xfe, 0xfe, 0x00, 0x03, 0x0f, 0xff, 0xff, 0x80, 0xfb, 0x00, 0x02, 0x3f, 0xff, 0xfe, 0xfe, 0x00, 0x03, 0x0f, 0xff, 0xff,
  0x80, 0xfb, 0x00, 0x02, 0x3f, 0xff, 0xfe, 0xfe, 0x00, 0x03, 0x0f, 0xff, 0xff, 0x80, 0xfb, 0x00, 0x02, 0x3f, 0xff, 0xfe, 0xfe, 0x00, 0x03, 0x0f,
  0xff, 0xff, 0xc0, 0xfb, 0x00, 0x02, 0x3f, 0xff, 0xfe, 0xfe, 0x00, 0x03, 0x0f, 0xff, 0xff, 0xc0, 0xfb, 0x00, 0x02, 0x3f, 0xff, 0xfe, 0xfe, 0x00,
  0x03, 0x07, 0xff, 0xff, 0xc0, 0xfb, 0x00, 0x02, 0x3f, 0xff, 0xfe, 0xfe, 0x00, 0x03, 0x07, 0xff, 0xff, 0xc0, 0xfb, 0x00, 0x02, 0x3f, 0xff, 0xfe,
  0xfe, 0x00, 0x03, 0x07, 0xff, 0xff, 0xc0, 0xfb, 0x00, 0x02, 0x3f, 0xff, 0xfe, 0xfe, 0x00, 0x03, 0x07, 0xff, 0xff, 0xc0, 0xfb, 0x00, 0x02, 0x3f,
  0xff, 0xfe, 0xfe, 0x00, 0x03, 0x07, 0xff, 0xff, 0xc0, 0xfb, 0x00, 0x02, 0x3f, 0xff, 0xfe, 0xfe, 0x00, 0x03, 0x07, 0xff, 0xff, 0x80, 0xfb, 0x00,
  0x02, 0x3f, 0xff, 0xfe, 0xfe, 0x00, 0x03, 0x07, 0xff, 0xff, 0x80, 0xfb, 0x00, 0x02, 0x1f, 0xff, 0xfe, 0xfe, 0x00, 0x03, 0x07, 0xff, 0xff, 0x80,
  0xfb, 0x00, 0x02, 0x1f, 0xff, 0xfe, 0xfe, 0x00, 0x03, 0x07, 0xff, 0xff, 0x80, 0xfb, 0x00, 0x02, 0x1f, 0xff, 0xfe, 0xfe, 0x00, 0x03, 0x07, 0xff,
  0xff, 0x80, 0xfb, 0x00, 0x02, 0x1f, 0xff, 0xfe, 0xfe, 0x00, 0x02, 0x07, 0xff, 0xff, 0xfa, 0x00, 0x02, 0x1f, 0xff, 0xfe, 0xfe, 0x00, 0x02, 0x07,
  0xff, 0xff, 0xfa, 0x00, 0x02, 0x0f, 0xff, 0xfe, 0xfe, 0x00, 0x02, 0x07, 0xff, 0xff, 0xfa, 0x00, 0x08, 0x0f, 0xff, 0xfe, 0x07, 0x80, 0x3e, 0x07,
  0xff, 0xfe, 0xfa, 0x00, 0x08, 0x07, 0xff, 0xfc, 0x0f, 0xf0, 0x7e, 0x03, 0xff, 0xfe, 0xfa, 0x00, 0x08, 0x03, 0xff, 0xfc, 0x0f, 0xff, 0xfe, 0x01,
  0xff, 0xfc, 0xfa, 0x00, 0x08, 0x03, 0xff, 0xf8, 0x07, 0xff, 0xfe, 0x00, 0xff, 0xf0, 0xf9, 0x00, 0x07, 0xff, 0xe0, 0x07, 0xff, 0xfe, 0x00, 0x1f,
  0x80, 0xf7, 0x00, 0x02, 0x03, 0xff, 0xfc, 0xf4, 0x00, 0x02, 0x01, 0xff, 0xf0, 0xf3, 0x00, 0x00, 0x3f, 0x81, 0x00, 0x81, 0x00, 0xa9, 0x00, 0x81,
  0x00, 0xcd, 0x00, 0x01, 0xff, 0xc0, 0xfd, 0x00, 0x01, 0xff, 0xf8, 0xfa, 0x00, 0x02, 0x03, 0xff, 0xf0, 0xfe, 0x00, 0x02, 0x03, 0xff, 0xfc, 0xfa,
  0x00, 0x02, 0x07, 0xff, 0xfc, 0xfe, 0x00, 0x02, 0x07, 0xff, 0xfe, 0xfa, 0x00, 0x02, 0x0f, 0xff, 0xfc, 0xfe, 0x00, 0x02, 0x07, 0xff, 0xff, 0xfa,
  0x00, 0x02, 0x1f, 0xff, 0xfe, 0xfe, 0x00, 0x02, 0x0f, 0xff, 0xff, 0xfa, 0x00, 0x02, 0x1f, 0xff, 0xfe, 0xfe, 0x00, 0x03, 0x0f, 0xff, 0xff, 0x80,
  0xfb, 0x00, 0x02, 0x1f, 0xff, 0xfe, 0xfe, 0x00, 0x03, 0x1f, 0xff, 0xff, 0x80, 0xfb, 0x00, 0x02, 0x3f, 0xff, 0xfe, 0xfe, 0x00, 0x03, 0x1f, 0xff,
  0xff, 0x80, 0xfb, 0x00, 0x02, 0x3f, 0xff, 0xfe, 0xfe, 0x00, 0x03, 0x1f, 0xff, 0xff, 0x80, 0xfb, 0x00, 0x02, 0x3f, 0xff, 0xfe, 0xfe, 0x00, 0x03,
  0x1f, 0xff, 0xff, 0xc0, 0xfb, 0x00, 0x02, 0x3f, 0xff, 0xfe, 0xfe, 0x00, 0x03, 0x1f, 0xff, 0xff, 0xc0, 0xfb, 0x00, 0x02, 0x3f, 0xff, 0xfe, 0xfe,
  0x00, 0x03, 0x1f, 0xff, 0xff, 0xc0, 0xfb, 0x00, 0x02, 0x3f, 0xff, 0xfe, 0xfe, 0x00, 0x03, 0x1f, 0xff, 0xff, 0xc0, 0xfb, 0x00, 0x02, 0x3f, 0xff,
  0xfe, 0xfe, 0x00, 0x03, 0x1f, 0xff, 0xff, 0xc0, 0xfb, 0x00, 0x02, 0x3f, 0xff, 0xfe, 0xfe, 0x00, 0x03, 0x1f, 0xff, 0xff, 0xc0, 0xfb, 0x00, 0x02,
  0x3f, 0xff, 0xfe, 0xfe, 0x00, 0x03, 0x1f, 0xff, 0xff, 0xc0, 0xfb, 0x00, 0x02, 0x3f, 0xff, 0xfe, 0xfe, 0x00, 0x03, 0x1f, 0xff, 0xff, 0x80, 0xfb,
  0x00, 0x02, 0x3f, 0xff, 0xfe, 0xfe, 0x00, 0x03, 0x1f, 0xff, 0xff, 0x80, 0xfb, 0x00, 0x02, 0x3f, 0xff, 0xfe, 0xfe, 0x00, 0x03, 0x0f, 0xff, 0xff,
  0x80, 0xfb, 0x00, 0x02, 0x1f, 0xff, 0xfe, 0xfe, 0x00, 0x03, 0x0f, 0xff, 0xff, 0x80, 0xfb, 0x00, 0x02, 0x1f, 0xff, 0xfe, 0xfe, 0x00, 0x03, 0x0f,
  0xff, 0xff, 0x80, 0xfb, 0x00, 0x02, 0x1f, 0xff, 0xfe, 0xfe, 0x00, 0x02, 0x0f, 0xff, 0xff, 0xfa, 0x00, 0x08, 0x1f, 0xff, 0xfe, 0x1f, 0xff, 0xf0,
  0x0f, 0xff, 0xff, 0xfa, 0x00, 0x08, 0x0f, 0xff, 0xfe, 0x3f, 0xff, 0xf8, 0x07, 0xff, 0xff, 0xfa, 0x00, 0x08, 0x0f, 0xff, 0xfe, 0x3f, 0xff, 0xfc,
  0x07, 0xff, 0xfe, 0xfa, 0x00, 0x08, 0x07, 0xff, 0xfc, 0x3f, 0xff, 0xfe, 0x03, 0xff, 0xfc, 0xfa, 0x00, 0x08, 0x03, 0xff, 0xfc, 0x1f, 0xff, 0xfe,
  0x01, 0xff, 0xf8, 0xfa, 0x00, 0x08, 0x01, 0xff, 0xf0, 0x0f, 0xff, 0xfe, 0x00, 0xff, 0xf0, 0xf9, 0x00, 0x04, 0x7f, 0xc0, 0x07, 0xff, 0xfc, 0xf4,
  0x00, 0x02, 0x03, 0xff, 0xfc, 0xf3, 0x00, 0x01, 0xff, 0xf0, 0xf3, 0x00, 0x00, 0x0f, 0x81, 0x00, 0x81, 0x00, 0xa9, 0x00, 0x81, 0x00, 0xb8, 0x00,
  0x02, 0x01, 0xff, 0xe0, 0xfa, 0x00, 0x02, 0x03, 0xff, 0xe0, 0xfe, 0x00, 0x02, 0x07, 0xff, 0xfc, 0xfa, 0x00, 0x02, 0x0f, 0xff, 0xf8, 0xfe, 0x00,
  0x02, 0x0f, 0xff, 0xfe, 0xfa, 0x00, 0x02, 0x0f, 0xff, 0xfc, 0xfe, 0x00, 0x02, 0x0f, 0xff, 0xff, 0xfa, 0x00, 0x02, 0x1f, 0xff, 0xfc, 0xfe, 0x00,
  0x02, 0x1f, 0xff, 0xff, 0xfa, 0x00, 0x02, 0x3f, 0xff, 0xfe, 0xfe, 0x00, 0x03, 0x1f, 0xff, 0xff, 0x80, 0xfb, 0x00, 0x02, 0x3f, 0xff, 0xfe, 0xfe,
  0x00, 0x03, 0x1f, 0xff, 0xff, 0x80, 0xfb, 0x00, 0x02, 0x3f, 0xff, 0xfe, 0xfe, 0x00, 0x03, 0x1f, 0xff, 0xff, 0x80, 0xfb, 0x00, 0x02, 0x3f, 0xff,
  0xfe, 0xfe, 0x00, 0x03, 0x3f, 0xff, 0xff, 0xc0, 0xfb, 0x00, 0x02, 0x3f, 0xff, 0xfe, 0xfe, 0x00, 0x03, 0x3f, 0xff, 0xff, 0xc0, 0xfb, 0x00, 0x02,
  0x3f, 0xff, 0xfe, 0xfe, 0x00, 0x03, 0x1f, 0xff, 0xff, 0xc0, 0xfb, 0x00, 0x02, 0x3f, 0xff, 0xfe, 0xfe, 0x00, 0x03, 0x1f, 0xff, 0xff, 0xc0, 0xfb,
  0x00, 0x02, 0x3f, 0xff, 0xfe, 0xfe, 0x00, 0x03, 0x1f, 0xff, 0xff, 0xc0, 0xfb, 0x00, 0x02, 0x3f, 0xff, 0xfe, 0xfe, 0x00, 0x03, 0x1f, 0xff, 0xff,
  0xc0, 0xfb, 0x00, 0x02, 0x3f, 0xff, 0xfe, 0xfe, 0x00, 0x03, 0x1f, 0xff, 0xff, 0xc0, 0xfb, 0x00, 0x02, 0x3f, 0xff, 0xfe, 0xfe, 0x00, 0x03, 0x1f,
  0xff, 0xff, 0x80, 0xfb, 0x00, 0x02, 0x3f, 0xff, 0xfe, 0xfe, 0x00, 0x03, 0x1f, 0xff, 0xff, 0x80, 0xfb, 0x00, 0x02, 0x3f, 0xff, 0xfe, 0xfe, 0x00,
  0x03, 0x1f, 0xff, 0xff, 0x80, 0xfb, 0x00, 0x02, 0x3f, 0xff, 0xfe, 0xfe, 0x00, 0x03, 0x1f, 0xff, 0xff, 0x80, 0xfb, 0x00, 0x02, 0x3f, 0xff, 0xfe,
  0xfe, 0x00, 0x02, 0x1f, 0xff, 0xff, 0xfa, 0x00, 0x08, 0x1f, 0xff, 0xfe, 0x1f, 0xff, 0xf0, 0x0f, 0xff, 0xff, 0xfa, 0x00, 0x08, 0x1f, 0xff, 0xfe,
  0x3f, 0xff, 0xf8, 0x0f, 0xff, 0xfe, 0xfa, 0x00, 0x08, 0x0f, 0xff, 0xfc, 0x3f, 0xff, 0xf8, 0x0f, 0xff, 0xfe, 0xfa, 0x00, 0x08, 0x07, 0xff, 0xf8,
  0x3f, 0xff, 0xf8, 0x07, 0xff, 0xfc, 0xfa, 0x00, 0x08, 0x03, 0xff, 0xe0, 0x3f, 0xff, 0xf8, 0x03, 0xff, 0xf8, 0xf9, 0x00, 0x07, 0x7f, 0x00, 0x3f,
  0xff, 0xf8, 0x00, 0x3f, 0xc0, 0xf7, 0x00, 0x02, 0x0f, 0xff, 0xe0, 0xf4, 0x00, 0x02, 0x07, 0xff, 0x80, 0x81, 0x00, 0x81, 0x00, 0x81, 0x00, 0xfa,
  0x00, 0x81, 0x00, 0x97, 0x00, 0x00, 0x7f, 0xf3, 0x00, 0x02, 0x07, 0xff, 0xe0, 0xf9, 0x00, 0x00, 0x1e, 0xfd, 0x00, 0x02, 0x1f, 0xff, 0xf8, 0xfa,
  0x00, 0x02, 0x01, 0xff, 0xe0, 0xfe, 0x00, 0x02, 0x7f, 0xff, 0xfc, 0xfa, 0x00, 0x02, 0x07, 0xff, 0xf8, 0xfe, 0x00, 0x02, 0xff, 0xff, 0xfe, 0xfa,
  0x00, 0x05, 0x0f, 0xff, 0xfc, 0x00, 0x00, 0x01, 0xfe, 0xff, 0xfa, 0x00, 0x05, 0x1f, 0xff, 0xfe, 0x01, 0xf8, 0x03, 0xfe, 0xff, 0xfa, 0x00, 0x05,
  0x3f, 0xff, 0xff, 0x0f, 0xff, 0x03, 0xfe, 0xff, 0x00, 0x80, 0xfb, 0x00, 0x05, 0x3f, 0xff, 0xff, 0x1f, 0xff, 0xc3, 0xfe, 0xff, 0x00, 0x80, 0xfb,
  0x00, 0x05, 0x3f, 0xff, 0xff, 0x7f, 0xff, 0xc3, 0xfe, 0xff, 0x00, 0x80, 0xfb, 0x00, 0x00, 0x7f, 0xfd, 0xff, 0x00, 0xe0, 0xfe, 0xff, 0xfa, 0x00,
  0x08, 0x7f, 0xff, 0xfe, 0xff, 0xff, 0xf0, 0x03, 0xff, 0xfe, 0xfa, 0x00, 0x08, 0x3f, 0xff, 0xfe, 0xff, 0xff, 0xf0, 0x00, 0x01, 0xe0, 0xfa, 0x00,
  0x05, 0x1f, 0xff, 0xfc, 0xff, 0xff, 0xf0, 0xf7, 0x00, 0x05, 0x0f, 0x00, 0x00, 0xff, 0xff, 0xe0, 0xf4, 0x00, 0x02, 0x7c, 0x07, 0x40, 0xf4, 0x00,
  0x00, 0x10, 0x81, 0x00, 0x81, 0x00, 0x81, 0x00, 0x81, 0x00, 0xe8, 0x00, 0x81, 0x00, 0x9d, 0x00, 0x00, 0x3c, 0xfc, 0x00, 0x01, 0x7f, 0xf0, 0xfa,
  0x00, 0x02, 0x01, 0xff, 0xe0, 0xfe, 0x00, 0x02, 0x07, 0xff, 0xfe, 0xfa, 0x00, 0x02, 0x01, 0xff, 0xfc, 0xfe, 0x00, 0x02, 0x1f, 0xff, 0xff, 0xfa,
  0x00, 0x02, 0x01, 0xff, 0xff, 0xfe, 0x00, 0x02, 0x7f, 0xff, 0xff, 0xf9, 0x00, 0x04, 0x07, 0xff, 0x83, 0xfe, 0x01, 0xfe, 0xff, 0xf9, 0x00, 0x07,
  0x07, 0xff, 0xc7, 0xff, 0x01, 0xff, 0xff, 0xfe, 0xf9, 0x00, 0x07, 0x7f, 0xff, 0xcf, 0xff, 0x83, 0xff, 0xff, 0xfe, 0xfa, 0x00, 0x05, 0x01, 0xff,
  0xff, 0xdf, 0xff, 0xc3, 0xfe, 0xff, 0xfa, 0x00, 0x05, 0x03, 0xff, 0xff, 0x9f, 0xff, 0xe1, 0xfe, 0xff, 0xfa, 0x00, 0x08, 0x03, 0xff, 0xc0, 0x3f,
  0xff, 0xf0, 0x00, 0x03, 0xff, 0xfa, 0x00, 0x08, 0x03, 0xf0, 0x00, 0x3f, 0xff, 0xf0, 0x00, 0x00, 0x0e, 0xfa, 0x00, 0x05, 0x03, 0x00, 0x00, 0x3f,
  0xff, 0xf0, 0xf4, 0x00, 0x02, 0x3f, 0xff, 0xf0, 0xf4, 0x00, 0x02, 0x3f, 0xff, 0xf0, 0xf4, 0x00, 0x02, 0x3f, 0xc7, 0xf0, 0xf4, 0x00, 0x01, 0x1f,
  0x81, 0xf3, 0x00, 0x00, 0x06, 0x81, 0x00, 0x81, 0x00, 0x81, 0x00, 0x81, 0x00, 0xe8, 0x00, 0x81, 0x00, 0xa6, 0x00, 0x00, 0xc0, 0xf9, 0x00, 0x01,
  0xff, 0xc0, 0xfd, 0x00, 0x02, 0x7f, 0xff, 0x80, 0xfb, 0x00, 0x02, 0x01, 0xff, 0xfc, 0xfe, 0x00, 0x03, 0x03, 0xff, 0xff, 0xc0, 0xfb, 0x00, 0x02,
  0x01, 0xff, 0xff, 0xfe, 0x00, 0x03, 0x1f, 0xff, 0xff, 0xe0, 0xfb, 0x00, 0x09, 0x01, 0xff, 0xff, 0xc0, 0x7e, 0x00, 0x3f, 0xff, 0xff, 0xe0, 0xf9,
  0x00, 0x07, 0x3f, 0xe1, 0xff, 0x80, 0xff, 0xfc, 0x01, 0xc0, 0xfa, 0x00, 0x07, 0x01, 0xff, 0xf3, 0xff, 0xc1, 0xff, 0xff, 0xc0, 0xf9, 0x00, 0x07,
  0x1f, 0xff, 0xf7, 0xff, 0xe1, 0xff, 0xff, 0xfe, 0xf9, 0x00, 0x04, 0xff, 0xff, 0xef, 0xff, 0xf1, 0xfe, 0xff, 0x00, 0xc0, 0xfb, 0x00, 0x09, 0x01,
  0xff, 0xf8, 0x0f, 0xff, 0xf8, 0xf8, 0xff, 0xff, 0xe0, 0xfb, 0x00, 0x09, 0x01, 0xfe, 0x00, 0x1f, 0xff, 0xf8, 0x00, 0x00, 0x7f, 0xe0, 0xfb, 0x00,
  0x09, 0x01, 0xe0, 0x00, 0x1f, 0xff, 0xf8, 0x00, 0x00, 0x03, 0xc0, 0xfb, 0x00, 0x05, 0x01, 0x00, 0x00, 0x1f, 0xff, 0xfc, 0xf4, 0x00, 0x02, 0x1f,
  0xff, 0xfc, 0xf4, 0x00, 0x02, 0x1f, 0xff, 0xf8, 0xf4, 0x00, 0x02, 0x0f, 0xff, 0xf8, 0xf4, 0x00, 0x01, 0x07, 0xc0, 0xf3, 0x00, 0x01, 0x03, 0x80,
  0x81, 0x00, 0x81, 0x00, 0x81, 0x00, 0x81, 0x00, 0xe9, 0x00,
};
