// confused_2.gif: 76 frames, 15 fps, 128x64 1-bit
// Each frame: 1024 bytes (16 per row, MSB = left pixel), PackBits-compressed.
#pragma once

#define ANIM_CONFUSED_2_FRAMES 76
#define ANIM_CONFUSED_2_FPS 15

const uint8_t anim_confused_2[] PROGMEM = {
  0xf5, 0x00, 0x01, 0x07, 0xfc, 0xf3, 0x00, 0x01, 0x0f, 0xfc, 0xf3, 0x00, 0x01, 0x1f, 0xfc, 0xf3, 0x00, 0x01, 0x7f, 0xfc, 0xf4, 0x00, 0x02, 0x01,
  0xff, 0xfc, 0xf4, 0x00, 0x02, 0x03, 0xff, 0xfc, 0xf4, 0x00, 0x02, 0x07, 0xff, 0xfc, 0xf4, 0x00, 0x02, 0x1f, 0xff, 0xfc, 0xf4, 0x00, 0x02, 0x7f,
  0xff, 0xfc, 0xf4, 0x00, 0x02, 0xff, 0xff, 0xfc, 0xf5, 0x00, 0x03, 0x01, 0xff, 0xff, 0xfc, 0xf5, 0x00, 0x03, 0x03, 0xff, 0xff, 0xfc, 0xf5, 0x00,
  0x03, 0x0f, 0xff, 0xff, 0xfc, 0xf5, 0x00, 0x03, 0x3f, 0xff, 0xff, 0xfc, 0xf5, 0x00, 0xfe, 0xff, 0x00, 0xfc, 0xf6, 0x00, 0x00, 0x01, 0xfe, 0xff,
  0x00, 0xfc, 0xf6, 0x00, 0x00, 0x03, 0xfe, 0xff, 0x00, 0xfc, 0xf6, 0x00, 0x00, 0x03, 0xfe, 0xff, 0x00, 0xfc, 0xf6, 0x00, 0x00, 0x07, 0xfe, 0xff,
  0x00, 0xfc, 0xf6, 0x00, 0x00, 0x07, 0xfe, 0xff, 0x00, 0xfc, 0xf6, 0x00, 0x00, 0x07, 0xfe, 0xff, 0x00, 0xfc, 0xf6, 0x00, 0x00, 0x07, 0xfe, 0xff,
  0x00, 0xfc, 0xf6, 0x00, 0x00, 0x07, 0xfe, 0xff, 0x00, 0xfc, 0xf6, 0x00, 0x00, 0x07, 0xfe, 0xff, 0x00, 0xfc, 0xf6, 0x00, 0x00, 0x07, 0xfe, 0xff,
  0x00, 0xfc, 0xf6, 0x00, 0x00, 0x07, 0xfe, 0xff, 0x00, 0xfc, 0xf6, 0x00, 0x00, 0x07, 0xfe, 0xff, 0x00, 0xfc, 0xf6, 0x00, 0x00, 0x03, 0xfe, 0xff,
  0x00, 0xfc, 0xf6, 0x00, 0x00, 0x03, 0xfe, 0xff, 0x00, 0xfc, 0xf6, 0x00, 0x00, 0x03, 0xfe, 0xff, 0x00, 0xfc, 0xf6, 0x00, 0x00, 0x03, 0xfe, 0xff,
  0x00, 0xfc, 0xf6, 0x00, 0x00, 0x03, 0xfe, 0xff, 0x00, 0xfc, 0xf6, 0x00, 0x00, 0x03, 0xfe, 0xff, 0x00, 0xfc, 0xf6, 0x00, 0x00, 0x03, 0xfe, 0xff,
  0x00, 0xfc, 0xf6, 0x00, 0x00, 0x03, 0xfe, 0xff, 0x00, 0xfc, 0xf6, 0x00, 0x00, 0x03, 0xfe, 0xff, 0x00, 0xfc, 0xfc, 0x00, 0x00, 0x07, 0xfc, 0x00,
  0x00, 0x03, 0xfe, 0xff, 0x00, 0xfc, 0xfc, 0x00, 0x06, 0x1f, 0xff, 0xff, 0x03, 0x80, 0x0e, 0x03, 0xfe, 0xff, 0x00, 0xfc, 0xfc, 0x00, 0x06, 0x1f,
  0xff, 0xff, 0x87, 0xe0, 0x1f, 0x03, 0xfe, 0xff, 0x00, 0xfc, 0xfc, 0x00, 0x06, 0x1f, 0xff, 0xff, 0x87, 0xfd, 0xff, 0x01, 0xfe, 0xff, 0x00, 0xfc,
  0xfc, 0x00, 0x06, 0x1f, 0xff, 0xff, 0x87, 0xff, 0xff, 0x00, 0xfe, 0xff, 0x00, 0xfc, 0xfc, 0x00, 0x0a, 0x0f, 0xff, 0xff, 0x03, 0xff, 0xff, 0x00,
  0x3f, 0xff, 0xff, 0xfc, 0xfc, 0x00, 0x0a, 0x03, 0xff, 0xfc, 0x03, 0xff, 0xfe, 0x00, 0x07, 0xff, 0xff, 0xfc, 0xfb, 0x00, 0x09, 0xff, 0xf8, 0x01,
  0xff, 0xfc, 0x00, 0x01, 0xff, 0xff, 0xfc, 0xf8, 0x00, 0x06, 0x3f, 0xe0, 0x00, 0x00, 0xff, 0xff, 0xfc, 0xf4, 0x00, 0x02, 0x3f, 0xff, 0xfc, 0xf4,
  0x00, 0x02, 0x1f, 0xff, 0xfc, 0xf4, 0x00, 0x02, 0x03, 0xff, 0xfc, 0xf4, 0x00, 0x02, 0x01, 0xff, 0xfc, 0xf3, 0x00, 0x01, 0x3f, 0xfc, 0xf3, 0x00,
  0x01, 0x1f, 0xfc, 0xf3, 0x00, 0x01, 0x0f, 0xfc, 0xf3, 0x00, 0x01, 0x07, 0xfc, 0xf2, 0x00, 0x00, 0xfc, 0xf2, 0x00, 0x00, 0x7c, 0xf2, 0x00, 0x00,
  0x0c, 0xf2, 0x00, 0x00, 0x04, 0x8f, 0x00, 0xa4, 0x00, 0x00, 0x04, 0xf2, 0x00, 0x00, 0x14, 0xf2, 0x00, 0x00, 0x1c, 0xf3, 0x00, 0x01, 0x04, 0x7c,
  0xf3, 0x00, 0x01, 0x05, 0xfc, 0xf3, 0x00, 0x01, 0x17, 0xfc, 0xf3, 0x00, 0x01, 0x3f, 0xfc, 0xf4, 0x00, 0x02, 0x01, 0x7f, 0xfc, 0xfd, 0x00, 0xfe,
  0xff, 0x00, 0xe0, 0xfc, 0x00, 0x02, 0x07, 0xff, 0xfc, 0xfe, 0x00, 0x00, 0x01, 0xfe, 0xff, 0x00, 0xf8, 0xfc, 0x00, 0x02, 0x1f, 0xff, 0xfc, 0xfe,
  0x00, 0x00, 0x01, 0xfe, 0xff, 0x00, 0xfc, 0xfc, 0x00, 0x02, 0x3f, 0xff, 0xfc, 0xfe, 0x00, 0x00, 0x01, 0xfe, 0xff, 0x00, 0xfe, 0xfd, 0x00, 0x03,
  0x07, 0xff, 0xff, 0xfc, 0xfe, 0x00, 0x00, 0x01, 0xfe, 0xff, 0x00, 0xfe, 0xfd, 0x00, 0x03, 0x0f, 0xff, 0xff, 0xfc, 0xfe, 0x00, 0x00, 0x01, 0xfe,
  0xff, 0x00, 0xfe, 0xfd, 0x00, 0x03, 0x7f, 0xff, 0xff, 0xfc, 0xfe, 0x00, 0x00, 0x01, 0xfe, 0xff, 0x00, 0xfe, 0xfe, 0x00, 0x00, 0x03, 0xfe, 0xff,
  0x00, 0xfc, 0xfe, 0x00, 0x00, 0x01, 0xfe, 0xff, 0x00, 0xfe, 0xfe, 0x00, 0x00, 0x07, 0xfe, 0xff, 0x00, 0xfc, 0xfe, 0x00, 0x00, 0x01, 0xfe, 0xff,
  0x00, 0xfe, 0xfe, 0x00, 0x00, 0x07, 0xfe, 0xff, 0x00, 0xfc, 0xfe, 0x00, 0x00, 0x01, 0xfe, 0xff, 0x00, 0xfe, 0xfe, 0x00, 0x00, 0x07, 0xfe, 0xff,
  0x00, 0xfc, 0xfe, 0x00, 0x00, 0x01, 0xfe, 0xff, 0x00, 0xfe, 0xfe, 0x00, 0x00, 0x07, 0xfe, 0xff, 0x00, 0xfc, 0xfe, 0x00, 0x00, 0x01, 0xfe, 0xff,
  0x00, 0xfe, 0xfe, 0x00, 0x00, 0x03, 0xfe, 0xff, 0x00, 0xfc, 0xfe, 0x00, 0x00, 0x01, 0xfe, 0xff, 0x00, 0xfe, 0xfe, 0x00, 0x00, 0x03, 0xfe, 0xff,
  0x00, 0xfc, 0xfe, 0x00, 0x00, 0x01, 0xfe, 0xff, 0x00, 0xfe, 0xfe, 0x00, 0x00, 0x03, 0xfe, 0xff, 0x00, 0xfc, 0xfe, 0x00, 0x00, 0x01, 0xfe, 0xff,
  0x00, 0xfe, 0xfe, 0x00, 0x00, 0x03, 0xfe, 0xff, 0x00, 0xfc, 0xfe, 0x00, 0x00, 0x01, 0xfe, 0xff, 0x00, 0xfe, 0xfe, 0x00, 0x00, 0x03, 0xfe, 0xff,
  0x00, 0xfc, 0xfd, 0x00, 0xfe, 0xff, 0x00, 0xfe, 0xfe, 0x00, 0x00, 0x03, 0xfe, 0xff, 0x00, 0xfc, 0xfd, 0x00, 0xfe, 0xff, 0x00, 0xfe, 0xfe, 0x00,
  0x00, 0x03, 0xfe, 0xff, 0x00, 0xfc, 0xfd, 0x00, 0xfe, 0xff, 0x00, 0xfe, 0xfe, 0x00, 0x00, 0x03, 0xfe, 0xff, 0x00, 0xfc, 0xfd, 0x00, 0xfe, 0xff,
  0x00, 0xfe, 0xfe, 0x00, 0x00, 0x03, 0xfe, 0xff, 0x00, 0xfc, 0xfd, 0x00, 0xfd, 0xff, 0xfe, 0x00, 0x00, 0x03, 0xfe, 0xff, 0x00, 0xfc, 0xfd, 0x00,
  0xfd, 0xff, 0xfe, 0x00, 0x00, 0x03, 0xfe, 0xff, 0x00, 0xfc, 0xfe, 0x00, 0x00, 0x01, 0xfd, 0xff, 0x03, 0x80, 0x00, 0x00, 0x03, 0xfe, 0xff, 0x00,
  0xfc, 0xfe, 0x00, 0x00, 0x01, 0xfd, 0xff, 0x03, 0x80, 0x00, 0x00, 0x03, 0xfe, 0xff, 0x00, 0xfc, 0xfe, 0x00, 0x00, 0x01, 0xfd, 0xff, 0x03, 0x03,
  0x80, 0x0e, 0x03, 0xfe, 0xff, 0x00, 0xfc, 0xfe, 0x00, 0x00, 0x01, 0xfd, 0xff, 0x03, 0x07, 0xe0, 0x3f, 0x03, 0xfe, 0xff, 0x00, 0xfc, 0xfe, 0x00,
  0x00, 0x01, 0xfd, 0xff, 0x03, 0x07, 0xff, 0xff, 0x07, 0xfe, 0xff, 0x00, 0xfc, 0xfe, 0x00, 0x00, 0x01, 0xfe, 0xff, 0x04, 0xfe, 0x07, 0xff, 0xff,
  0x07, 0xfe, 0xff, 0x00, 0xfc, 0xfe, 0x00, 0x00, 0x01, 0xfe, 0xff, 0x04, 0xfc, 0x03, 0xff, 0xfe, 0x03, 0xfe, 0xff, 0x00, 0xfc, 0xfe, 0x00, 0x00,
  0x01, 0xfe, 0xff, 0x04, 0xf8, 0x01, 0xff, 0xfe, 0x00, 0xfe, 0xff, 0x00, 0xfc, 0xfe, 0x00, 0x00, 0x01, 0xfe, 0xff, 0x08, 0xc0, 0x00, 0xff, 0xfc,
  0x00, 0x01, 0xff, 0xff, 0xfc, 0xfe, 0x00, 0x00, 0x01, 0xfe, 0xff, 0x08, 0x00, 0x00, 0x3f, 0xe0, 0x00, 0x00, 0x7f, 0xff, 0xfc, 0xfe, 0x00, 0x03,
  0x01, 0xff, 0xff, 0xfe, 0xfb, 0x00, 0x02, 0x1f, 0xff, 0xfc, 0xfe, 0x00, 0x03, 0x01, 0xff, 0xff, 0xf8, 0xfb, 0x00, 0x02, 0x07, 0xff, 0xfc, 0xfe,
  0x00, 0x03, 0x01, 0xff, 0xff, 0xe0, 0xfb, 0x00, 0x02, 0x03, 0xff, 0xfc, 0xfe, 0x00, 0x03, 0x01, 0xff, 0xff, 0xe0, 0xfb, 0x00, 0x02, 0x01, 0xff,
  0xfc, 0xfe, 0x00, 0x02, 0x01, 0xff, 0xfe, 0xf9, 0x00, 0x01, 0x3f, 0xfc, 0xfe, 0x00, 0x02, 0x01, 0xff, 0xfe, 0xf9, 0x00, 0x01, 0x1f, 0xfc, 0xfd,
  0x00, 0x01, 0xff, 0xf8, 0xf9, 0x00, 0x01, 0x0f, 0xfc, 0xfd, 0x00, 0x01, 0xff, 0xf0, 0xf9, 0x00, 0x01, 0x05, 0xfc, 0xfd, 0x00, 0x01, 0xff, 0xc0,
  0xf8, 0x00, 0x00, 0xfc, 0xfd, 0x00, 0x01, 0xff, 0xc0, 0xf8, 0x00, 0x00, 0x5c, 0xfd, 0x00, 0x00, 0xfe, 0xf7, 0x00, 0x00, 0x0c, 0xfd, 0x00, 0x00,
  0xfe, 0xf7, 0x00, 0x00, 0x04, 0xfd, 0x00, 0x00, 0xf0, 0xf2, 0x00, 0x00, 0xe0, 0xf2, 0x00, 0x00, 0x80, 0xb4, 0x00, 0x03, 0x00, 0x01, 0xff, 0x80,
  0xf4, 0x00, 0x02, 0x01, 0xff, 0xe0, 0xf4, 0x00, 0x02, 0x01, 0xff, 0xf0, 0xf4, 0x00, 0x02, 0x01, 0xff, 0xf8, 0xf4, 0x00, 0x02, 0x01, 0xff, 0xfc,
  0xf4, 0x00, 0x03, 0x01, 0xff, 0xff, 0x80, 0xf5, 0x00, 0x03, 0x01, 0xff, 0xff, 0xc0, 0xf5, 0x00, 0x03, 0x01, 0xff, 0xff, 0xf0, 0xf5, 0x00, 0x03,
  0x01, 0xff, 0xff, 0xf8, 0xf5, 0x00, 0x03, 0x01, 0xff, 0xff, 0xfe, 0xf5, 0x00, 0x03, 0x01, 0xff, 0xff, 0xfe, 0xf5, 0x00, 0x00, 0x01, 0xfe, 0xff,
  0x00, 0x80, 0xf6, 0x00, 0x00, 0x01, 0xfe, 0xff, 0x00, 0xe0, 0xf6, 0x00, 0x00, 0x01, 0xfe, 0xff, 0x00, 0xf8, 0xf6, 0x00, 0x00, 0x01, 0xfe, 0xff,
  0x00, 0xfc, 0xf6, 0x00, 0x00, 0x01, 0xfe, 0xff, 0x00, 0xfe, 0xf6, 0x00, 0x00, 0x01, 0xfe, 0xff, 0x00, 0xfe, 0xf6, 0x00, 0x00, 0x01, 0xfd, 0xff,
  0xf6, 0x00, 0x00, 0x01, 0xfd, 0xff, 0xf6, 0x00, 0x00, 0x01, 0xfd, 0xff, 0xf6, 0x00, 0x00, 0x01, 0xfd, 0xff, 0xf6, 0x00, 0x00, 0x01, 0xfd, 0xff,
  0xf6, 0x00, 0x00, 0x01, 0xfd, 0xff, 0xf6, 0x00, 0x00, 0x01, 0xfd, 0xff, 0xf6, 0x00, 0x00, 0x01, 0xfd, 0xff, 0xf6, 0x00, 0x00, 0x01, 0xfd, 0xff,
  0xf6, 0x00, 0x00, 0x01, 0xfd, 0xff, 0xf6, 0x00, 0x00, 0x01, 0xfd, 0xff, 0xf6, 0x00, 0x00, 0x01, 0xfd, 0xff, 0xf6, 0x00, 0x00, 0x01, 0xfd, 0xff,
  0xf6, 0x00, 0x00, 0x01, 0xfd, 0xff, 0xf6, 0x00, 0x00, 0x01, 0xfd, 0xff, 0xf6, 0x00, 0x00, 0x01, 0xfd, 0xff, 0xf6, 0x00, 0x00, 0x01, 0xfd, 0xff,
  0xf6, 0x00, 0x00, 0x01, 0xfd, 0xff, 0xf6, 0x00, 0x00, 0x01, 0xfd, 0xff, 0xf6, 0x00, 0x00, 0x01, 0xfd, 0xff, 0xf6, 0x00, 0x00, 0x01, 0xfe, 0xff,
  0x07, 0xfe, 0x03, 0x80, 0x0e, 0x00, 0x00, 0x03, 0xc0, 0xfd, 0x00, 0x00, 0x01, 0xfe, 0xff, 0x07, 0xfe, 0x07, 0xe0, 0x3f, 0x07, 0x00, 0xff, 0xe0,
  0xfd, 0x00, 0x00, 0x01, 0xfe, 0xff, 0x07, 0xfe, 0x07, 0xff, 0xff, 0x0f, 0xff, 0xff, 0xe0, 0xfd, 0x00, 0x00, 0x01, 0xfe, 0xff, 0x07, 0xfc, 0x07,
  0xff, 0xff, 0x0f, 0xff, 0xff, 0xe0, 0xfd, 0x00, 0x00, 0x01, 0xfe, 0xff, 0x07, 0xf0, 0x03, 0xff, 0xfe, 0x07, 0xff, 0xff, 0xc0, 0xfd, 0x00, 0x00,
  0x01, 0xfe, 0xff, 0x06, 0x80, 0x01, 0xff, 0xfe, 0x03, 0xff, 0xfe, 0xfc, 0x00, 0x00, 0x01, 0xfe, 0xff, 0x06, 0x00, 0x00, 0xff, 0xfc, 0x00, 0x7f,
  0xf0, 0xfc, 0x00, 0x07, 0x01, 0xff, 0xff, 0xfc, 0x00, 0x00, 0x3f, 0xe0, 0xf9, 0x00, 0x03, 0x01, 0xff, 0xff, 0xf0, 0xf5, 0x00, 0x03, 0x01, 0xff,
  0xff, 0xc0, 0xf5, 0x00, 0x03, 0x01, 0xff, 0xff, 0xc0, 0xf5, 0x00, 0x02, 0x01, 0xff, 0xfe, 0xf4, 0x00, 0x02, 0x01, 0xff, 0xf8, 0xf4, 0x00, 0x02,
  0x01, 0xff, 0xf8, 0xf4, 0x00, 0x02, 0x01, 0xff, 0xf0, 0xf3, 0x00, 0x01, 0xff, 0x80, 0xf3, 0x00, 0x00, 0xff, 0xf2, 0x00, 0x00, 0xfc, 0xf2, 0x00,
  0x00, 0xe0, 0xf2, 0x00, 0x00, 0xe0, 0xf2, 0x00, 0x00, 0x40, 0x94, 0x00, 0x02, 0x00, 0x01, 0xfe, 0xf3, 0x00, 0x02, 0x01, 0xff, 0xc0, 0xf4, 0x00,
  0x02, 0x01, 0xff, 0xe0, 0xf4, 0x00, 0x02, 0x01, 0xff, 0xf0, 0xf4, 0x00, 0x02, 0x01, 0xff, 0xf8, 0xf4, 0x00, 0x02, 0x01, 0xff, 0xfe, 0xf4, 0x00,
  0x03, 0x01, 0xff, 0xff, 0x80, 0xf5, 0x00, 0x03, 0x01, 0xff, 0xff, 0xc0, 0xf5, 0x00, 0x03, 0x01, 0xff, 0xff, 0xe0, 0xf5, 0x00, 0x03, 0x01, 0xff,
  0xff, 0xf8, 0xf5, 0x00, 0x03, 0x01, 0xff, 0xff, 0xfe, 0xf5, 0x00, 0x00, 0x01, 0xfe, 0xff, 0xf5, 0x00, 0x00, 0x01, 0xfe, 0xff, 0x00, 0xc0, 0xf6,
  0x00, 0x00, 0x01, 0xfe, 0xff, 0x00, 0xf0, 0xf6, 0x00, 0x00, 0x01, 0xfe, 0xff, 0x00, 0xfc, 0xf6, 0x00, 0x00, 0x01, 0xfe, 0xff, 0x00, 0xfe, 0xf6,
  0x00, 0x00, 0x01, 0xfe, 0xff, 0x00, 0xfe, 0xf6, 0x00, 0x00, 0x01, 0xfd, 0xff, 0xf6, 0x00, 0x00, 0x01, 0xfd, 0xff, 0xf6, 0x00, 0x00, 0x01, 0xfd,
  0xff, 0xf6, 0x00, 0x00, 0x01, 0xfd, 0xff, 0xf6, 0x00, 0x00, 0x01, 0xfd, 0xff, 0xf6, 0x00, 0x00, 0x01, 0xfd, 0xff, 0xf6, 0x00, 0x00, 0x01, 0xfd,
  0xff, 0xf6, 0x00, 0x00, 0x01, 0xfd, 0xff, 0xf6, 0x00, 0x00, 0x01, 0xfd, 0xff, 0xf6, 0x00, 0x00, 0x01, 0xfd, 0xff, 0xf6, 0x00, 0x00, 0x01, 0xfd,
  0xff, 0xf6, 0x00, 0x00, 0x01, 0xfd, 0xff, 0xf6, 0x00, 0x00, 0x01, 0xfd, 0xff, 0xf6, 0x00, 0x00, 0x01, 0xfd, 0xff, 0xf6, 0x00, 0x00, 0x01, 0xfd,
  0xff, 0xf6, 0x00, 0x00, 0x01, 0xfd, 0xff, 0xf6, 0x00, 0x00, 0x01, 0xfd, 0xff, 0xf6, 0x00, 0x00, 0x01, 0xfd, 0xff, 0xf6, 0x00, 0x00, 0x01, 0xfd,
  0xff, 0xf6, 0x00, 0x00, 0x01, 0xfd, 0xff, 0xfc, 0x00, 0x01, 0x01, 0x80, 0xfd, 0x00, 0x00, 0x01, 0xfe, 0xff, 0x07, 0xfe, 0x03, 0x80, 0x0e, 0x07,
  0xc0, 0x7f, 0xc0, 0xfd, 0x00, 0x00, 0x01, 0xfe, 0xff, 0x07, 0xfe, 0x07, 0xe0, 0x3f, 0x07, 0xff, 0xff, 0xe0, 0xfd, 0x00, 0x00, 0x01, 0xfe, 0xff,
  0x07, 0xfe, 0x07, 0xff, 0xff, 0x07, 0xff, 0xff, 0xe0, 0xfd, 0x00, 0x00, 0x01, 0xfe, 0xff, 0x07, 0xfc, 0x07, 0xff, 0xff, 0x07, 0xff, 0xff, 0xc0,
  0xfd, 0x00, 0x00, 0x01, 0xfe, 0xff, 0x06, 0xf0, 0x03, 0xff, 0xfe, 0x03, 0xff, 0xff, 0xfc, 0x00, 0x00, 0x01, 0xfe, 0xff, 0x06, 0x80, 0x01, 0xff,
  0xfc, 0x00, 0xff, 0xfc, 0xfc, 0x00, 0x00, 0x01, 0xfe, 0xff, 0x06, 0x00, 0x00, 0xff, 0xf8, 0x00, 0x1f, 0xc0, 0xfc, 0x00, 0x07, 0x01, 0xff, 0xff,
  0xfc, 0x00, 0x00, 0x3f, 0xe0, 0xf9, 0x00, 0x03, 0x01, 0xff, 0xff, 0xf0, 0xf5, 0x00, 0x03, 0x01, 0xff, 0xff, 0xc0, 0xf5, 0x00, 0x03, 0x01, 0xff,
  0xff, 0x80, 0xf5, 0x00, 0x02, 0x01, 0xff, 0xfe, 0xf4, 0x00, 0x02, 0x01, 0xff, 0xf8, 0xf4, 0x00, 0x02, 0x01, 0xff, 0xf8, 0xf4, 0x00, 0x02, 0x01,
  0xff, 0xf0, 0xf3, 0x00, 0x01, 0xff, 0x80, 0xf3, 0x00, 0x00, 0xff, 0xf2, 0x00, 0x00, 0xf8, 0xf2, 0x00, 0x00, 0xe0, 0xf2, 0x00, 0x00, 0xe0, 0xf2,
  0x00, 0x00, 0x40, 0x94, 0x00, 0x02, 0x00, 0x01, 0xfe, 0xf3, 0x00, 0x02, 0x01, 0xff, 0xc0, 0xf4, 0x00, 0x02, 0x01, 0xff, 0xe0, 0xf4, 0x00, 0x02,
  0x01, 0xff, 0xf0, 0xf4, 0x00, 0x02, 0x01, 0xff, 0xf8, 0xf4, 0x00, 0x02, 0x01, 0xff, 0xfe, 0xf4, 0x00, 0x03, 0x01, 0xff, 0xff, 0x80, 0xf5, 0x00,
  0x03, 0x01, 0xff, 0xff, 0xc0, 0xf5, 0x00, 0x03, 0x01, 0xff, 0xff, 0xe0, 0xf5, 0x00, 0x03, 0x01, 0xff, 0xff, 0xf8, 0xf5, 0x00, 0x03, 0x01, 0xff,
  0xff, 0xfe, 0xf5, 0x00, 0x00, 0x01, 0xfe, 0xff, 0xf5, 0x00, 0x00, 0x01, 0xfe, 0xff, 0x00, 0xc0, 0xf6, 0x00, 0x00, 0x01, 0xfe, 0xff, 0x00, 0xf0,
  0xf6, 0x00, 0x00, 0x01, 0xfe, 0xff, 0x00, 0xf8, 0xf6, 0x00, 0x00, 0x01, 0xfe, 0xff, 0x00, 0xfc, 0xf6, 0x00, 0x00, 0x01, 0xfe, 0xff, 0x00, 0xfe,
  0xf6, 0x00, 0x00, 0x01, 0xfd, 0xff, 0xf6, 0x00, 0x00, 0x01, 0xfd, 0xff, 0xf6, 0x00, 0x00, 0x01, 0xfd, 0xff, 0xf6, 0x00, 0x00, 0x01, 0xfd, 0xff,
  0xf6, 0x00, 0x00, 0x01, 0xfd, 0xff, 0xf6, 0x00, 0x00, 0x01, 0xfd, 0xff, 0xf6, 0x00, 0x00, 0x01, 0xfd, 0xff, 0xf6, 0x00, 0x00, 0x01, 0xfd, 0xff,
  0xf6, 0x00, 0x00, 0x01, 0xfd, 0xff, 0xf6, 0x00, 0x00, 0x01, 0xfd, 0xff, 0xf6, 0x00, 0x00, 0x01, 0xfd, 0xff, 0xf6, 0x00, 0x00, 0x01, 0xfd, 0xff,
  0xf6, 0x00, 0x00, 0x01, 0xfd, 0xff, 0xf6, 0x00, 0x00, 0x01, 0xfd, 0xff, 0xf6, 0x00, 0x00, 0x01, 0xfd, 0xff, 0xf6, 0x00, 0x00, 0x01, 0xfd, 0xff,
  0xf6, 0x00, 0x00, 0x01, 0xfd, 0xff, 0xf6, 0x00, 0x00, 0x01, 0xfd, 0xff, 0xf6, 0x00, 0x00, 0x01, 0xfd, 0xff, 0xf6, 0x00, 0x00, 0x01, 0xfd, 0xff,
  0xfc, 0x00, 0x01, 0x01, 0x80, 0xfd, 0x00, 0x00, 0x01, 0xfe, 0xff, 0x07, 0xfe, 0x03, 0x80, 0x0e, 0x07, 0xc0, 0x7f, 0xc0, 0xfd, 0x00, 0x00, 0x01,
  0xfe, 0xff, 0x07, 0xfe, 0x07, 0xe0, 0x3f, 0x07, 0xff, 0xff, 0xe0, 0xfd, 0x00, 0x00, 0x01, 0xfe, 0xff, 0x07, 0xfe, 0x07, 0xff, 0xff, 0x07, 0xff,
  0xff, 0xe0, 0xfd, 0x00, 0x00, 0x01, 0xfe, 0xff, 0x07, 0xfc, 0x07, 0xff, 0xff, 0x07, 0xff, 0xff, 0xc0, 0xfd, 0x00, 0x00, 0x01, 0xfe, 0xff, 0x06,
  0xf0, 0x03, 0xff, 0xfe, 0x03, 0xff, 0xff, 0xfc, 0x00, 0x00, 0x01, 0xfe, 0xff, 0x06, 0x80, 0x01, 0xff, 0xfc, 0x01, 0xff, 0xfc, 0xfc, 0x00, 0x00,
  0x01, 0xfe, 0xff, 0x06, 0x00, 0x00, 0xff, 0xf8, 0x00, 0x1f, 0xc0, 0xfc, 0x00, 0x07, 0x01, 0xff, 0xff, 0xfc, 0x00, 0x00, 0x3f, 0xe0, 0xf9, 0x00,
  0x03, 0x01, 0xff, 0xff, 0xf0, 0xf5, 0x00, 0x03, 0x01, 0xff, 0xff, 0xe0, 0xf5, 0x00, 0x03, 0x01, 0xff, 0xff, 0xc0, 0xf5, 0x00, 0x02, 0x01, 0xff,
  0xfe, 0xf4, 0x00, 0x02, 0x01, 0xff, 0xf8, 0xf4, 0x00, 0x02, 0x01, 0xff, 0xf8, 0xf3, 0x00, 0x01, 0xff, 0xf0, 0xf3, 0x00, 0x01, 0xff, 0x80, 0xf3,
  0x00, 0x00, 0xff, 0xf2, 0x00, 0x00, 0xf8, 0xf2, 0x00, 0x00, 0xe0, 0xf2, 0x00, 0x00, 0xe0, 0xf2, 0x00, 0x00, 0x40, 0x94, 0x00, 0x02, 0x00, 0x01,
  0xfe, 0xf3, 0x00, 0x02, 0x01, 0xff, 0xc0, 0xf4, 0x00, 0x02, 0x01, 0xff, 0xe0, 0xf4, 0x00, 0x02, 0x01, 0xff, 0xf0, 0xf4, 0x00, 0x02, 0x01, 0xff,
  0xf8, 0xf4, 0x00, 0x02, 0x01, 0xff, 0xfe, 0xf4, 0x00, 0x03, 0x01, 0xff, 0xff, 0x80, 0xf5, 0x00, 0x03, 0x01, 0xff, 0xff, 0xc0, 0xf5, 0x00, 0x03,
  0x01, 0xff, 0xff, 0xe0, 0xf5, 0x00, 0x03, 0x01, 0xff, 0xff, 0xf8, 0xf5, 0x00, 0x03, 0x01, 0xff, 0xff, 0xfe, 0xf5, 0x00, 0x00, 0x01, 0xfe, 0xff,
  0xf5, 0x00, 0x00, 0x01, 0xfe, 0xff, 0x00, 0xc0, 0xf6, 0x00, 0x00, 0x01, 0xfe, 0xff, 0x00, 0xf0, 0xf6, 0x00, 0x00, 0x01, 0xfe, 0xff, 0x00, 0xfc,
  0xf6, 0x00, 0x00, 0x01, 0xfe, 0xff, 0x00, 0xfe, 0xf6, 0x00, 0x00, 0x01, 0xfe, 0xff, 0x00, 0xfe, 0xf6, 0x00, 0x00, 0x01, 0xfd, 0xff, 0xf6, 0x00,
  0x00, 0x01, 0xfd, 0xff, 0xf6, 0x00, 0x00, 0x01, 0xfd, 0xff, 0xf6, 0x00, 0x00, 0x01, 0xfd, 0xff, 0xf6, 0x00, 0x00, 0x01, 0xfd, 0xff, 0xf6, 0x00,
  0x00, 0x01, 0xfd, 0xff, 0xf6, 0x00, 0x00, 0x01, 0xfd, 0xff, 0xf6, 0x00, 0x00, 0x01, 0xfd, 0xff, 0xf6, 0x00, 0x00, 0x01, 0xfd, 0xff, 0xf6, 0x00,
  0x00, 0x01, 0xfd, 0xff, 0xf6, 0x00, 0x00, 0x01, 0xfd, 0xff, 0xf6, 0x00, 0x00, 0x01, 0xfd, 0xff, 0xf6, 0x00, 0x00, 0x01, 0xfd, 0xff, 0xf6, 0x00,
  0x00, 0x01, 0xfd, 0xff, 0xf6, 0x00, 0x00, 0x01, 0xfd, 0xff, 0xf6, 0x00, 0x00, 0x01, 0xfd, 0xff, 0xf6, 0x00, 0x00, 0x01, 0xfd, 0xff, 0xf6, 0x00,
  0x00, 0x01, 0xfd, 0xff, 0xf6, 0x00, 0x00, 0x01, 0xfd, 0xff, 0xf6, 0x00, 0x00, 0x01, 0xfd, 0xff, 0xfc, 0x00, 0x01, 0x01, 0xc0, 0xfd, 0x00, 0x00,
  0x01, 0xfe, 0xff, 0x07, 0xfe, 0x03, 0x80, 0x0e, 0x07, 0xc0, 0x7f, 0xc0, 0xfd, 0x00, 0x00, 0x01, 0xfe, 0xff, 0x07, 0xfe, 0x07, 0xe0, 0x3f, 0x07,
  0xff, 0xff, 0xe0, 0xfd, 0x00, 0x00, 0x01, 0xfe, 0xff, 0x07, 0xfe, 0x07, 0xff, 0xff, 0x07, 0xff, 0xff, 0xe0, 0xfd, 0x00, 0x00, 0x01, 0xfe, 0xff,
  0x07, 0xfc, 0x07, 0xff, 0xff, 0x07, 0xff, 0xff, 0xc0, 0xfd, 0x00, 0x00, 0x01, 0xfe, 0xff, 0x06, 0xf0, 0x03, 0xff, 0xfe, 0x03, 0xff, 0xff, 0xfc,
  0x00, 0x00, 0x01, 0xfe, 0xff, 0x06, 0x80, 0x01, 0xff, 0xfc, 0x00, 0xff, 0xfc, 0xfc, 0x00, 0x00, 0x01, 0xfe, 0xff, 0x06, 0x00, 0x00, 0xff, 0xf8,
  0x00, 0x1f, 0x80, 0xfc, 0x00, 0x07, 0x01, 0xff, 0xff, 0xfc, 0x00, 0x00, 0x3f, 0xe0, 0xf9, 0x00, 0x03, 0x01, 0xff, 0xff, 0xe0, 0xf5, 0x00, 0x03,
  0x01, 0xff, 0xff, 0xc0, 0xf5, 0x00, 0x03, 0x01, 0xff, 0xff, 0x80, 0xf5, 0x00, 0x02, 0x01, 0xff, 0xfe, 0xf4, 0x00, 0x02, 0x01, 0xff, 0xf8, 0xf4,
  0x00, 0x02, 0x01, 0xff, 0xf8, 0xf3, 0x00, 0x01, 0xff, 0xf0, 0xf3, 0x00, 0x01, 0xff, 0x80, 0xf3, 0x00, 0x00, 0xff, 0xf2, 0x00, 0x00, 0xf8, 0xf2,
  0x00, 0x00, 0xe0, 0xf2, 0x00, 0x00, 0xe0, 0xf2, 0x00, 0x00, 0x40, 0x94, 0x00, 0x02, 0x00, 0x01, 0xfe, 0xf3, 0x00, 0x02, 0x01, 0xff, 0xc0, 0xf4,
  0x00, 0x02, 0x01, 0xff, 0xe0, 0xf4, 0x00, 0x02, 0x01, 0xff, 0xf0, 0xf4, 0x00, 0x02, 0x01, 0xff, 0xf8, 0xf4, 0x00, 0x02, 0x01, 0xff, 0xfe, 0xf4,
  0x00, 0x03, 0x01, 0xff, 0xff, 0x80, 0xf5, 0x00, 0x03, 0x01, 0xff, 0xff, 0xc0, 0xf5, 0x00, 0x03, 0x01, 0xff, 0xff, 0xe0, 0xf5, 0x00, 0x03, 0x01,
  0xff, 0xff, 0xf8, 0xf5, 0x00, 0x03, 0x01, 0xff, 0xff, 0xfe, 0xf5, 0x00, 0x00, 0x01, 0xfe, 0xff, 0xf5, 0x00, 0x00, 0x01, 0xfe, 0xff, 0x00, 0x80,
  0xf6, 0x00, 0x00, 0x01, 0xfe, 0xff, 0x00, 0xf0, 0xf6, 0x00, 0x00, 0x01, 0xfe, 0xff, 0x00, 0xf8, 0xf6, 0x00, 0x00, 0x01, 0xfe, 0xff, 0x00, 0xfc,
  0xf6, 0x00, 0x00, 0x01, 0xfe, 0xff, 0x00, 0xfe, 0xf6, 0x00, 0x00, 0x01, 0xfd, 0xff, 0xf6, 0x00, 0x00, 0x01, 0xfd, 0xff, 0xf6, 0x00, 0x00, 0x01,
  0xfd, 0xff, 0xf6, 0x00, 0x00, 0x01, 0xfd, 0xff, 0xf6, 0x00, 0x00, 0x01, 0xfd, 0xff, 0xf6, 0x00, 0x00, 0x01, 0xfd, 0xff, 0xf6, 0x00, 0x00, 0x01,
  0xfd, 0xff, 0xf6, 0x00, 0x00, 0x01, 0xfd, 0xff, 0xf6, 0x00, 0x00, 0x01, 0xfd, 0xff, 0xf6, 0x00, 0x00, 0x01, 0xfd, 0xff, 0xf6, 0x00, 0x00, 0x01,
  0xfd, 0xff, 0xf6, 0x00, 0x00, 0x01, 0xfd, 0xff, 0xf6, 0x00, 0x00, 0x01, 0xfd, 0xff, 0xf6, 0x00, 0x00, 0x01, 0xfd, 0xff, 0xf6, 0x00, 0x00, 0x01,
  0xfd, 0xff, 0xf6, 0x00, 0x00, 0x01, 0xfd, 0xff, 0xf6, 0x00, 0x00, 0x01, 0xfd, 0xff, 0xf6, 0x00, 0x00, 0x01, 0xfd, 0xff, 0xf6, 0x00, 0x00, 0x01,
  0xfd, 0xff, 0xf6, 0x00, 0x00, 0x01, 0xfd, 0xff, 0xfc, 0x00, 0x01, 0x01, 0xc0, 0xfd, 0x00, 0x00, 0x01, 0xfe, 0xff, 0x07, 0xfe, 0x03, 0x80, 0x0e,
  0x07, 0xc0, 0x7f, 0xc0, 0xfd, 0x00, 0x00, 0x01, 0xfe, 0xff, 0x07, 0xfe, 0x07, 0xe0, 0x3f, 0x07, 0xff, 0xff, 0xe0, 0xfd, 0x00, 0x00, 0x01, 0xfe,
  0xff, 0x07, 0xfe, 0x07, 0xff, 0xff, 0x07, 0xff, 0xff, 0xe0, 0xfd, 0x00, 0x00, 0x01, 0xfe, 0xff, 0x07, 0xfc, 0x07, 0xff, 0xff, 0x07, 0xff, 0xff,
  0xc0, 0xfd, 0x00, 0x00, 0x01, 0xfe, 0xff, 0x06, 0xf0, 0x03, 0xff, 0xfe, 0x03, 0xff, 0xff, 0xfc, 0x00, 0x00, 0x01, 0xfe, 0xff, 0x06, 0x80, 0x01,
  0xff, 0xfc, 0x00, 0xff, 0xfc, 0xfc, 0x00, 0x00, 0x01, 0xfe, 0xff, 0x06, 0x00, 0x00, 0xff, 0xf8, 0x00, 0x1f, 0x80, 0xfc, 0x00, 0x07, 0x01, 0xff,
  0xff, 0xfc, 0x00, 0x00, 0x3f, 0xe0, 0xf9, 0x00, 0x03, 0x01, 0xff, 0xff, 0xe0, 0xf5, 0x00, 0x03, 0x01, 0xff, 0xff, 0xe0, 0xf5, 0x00, 0x03, 0x01,
  0xff, 0xff, 0xc0, 0xf5, 0x00, 0x02, 0x01, 0xff, 0xfe, 0xf4, 0x00, 0x02, 0x01, 0xff, 0xf8, 0xf4, 0x00, 0x02, 0x01, 0xff, 0xf8, 0xf4, 0x00, 0x02,
  0x01, 0xff, 0xf0, 0xf3, 0x00, 0x01, 0xff, 0x80, 0xf3, 0x00, 0x00, 0xff, 0xf2, 0x00, 0x00, 0xf8, 0xf2, 0x00, 0x00, 0xe0, 0xf2, 0x00, 0x00, 0xe0,
  0xf2, 0x00, 0x00, 0x40, 0x94, 0x00, 0x02, 0x00, 0x01, 0xfe, 0xf3, 0x00, 0x02, 0x01, 0xff, 0xc0, 0xf4, 0x00, 0x02, 0x01, 0xff, 0xe0, 0xf4, 0x00,
  0x02, 0x01, 0xff, 0xf0, 0xf4, 0x00, 0x02, 0x01, 0xff, 0xf8, 0xf4, 0x00, 0x02, 0x01, 0xff, 0xfe, 0xf4, 0x00, 0x03, 0x01, 0xff, 0xff, 0x80, 0xf5,
  0x00, 0x03, 0x01, 0xff, 0xff, 0xc0, 0xf5, 0x00, 0x03, 0x01, 0xff, 0xff, 0xe0, 0xf5, 0x00, 0x03, 0x01, 0xff, 0xff, 0xf8, 0xf5, 0x00, 0x03, 0x01,
  0xff, 0xff, 0xfe, 0xf5, 0x00, 0x00, 0x01, 0xfe, 0xff, 0xf5, 0x00, 0x00, 0x01, 0xfe, 0xff, 0x00, 0xc0, 0xf6, 0x00, 0x00, 0x01, 0xfe, 0xff, 0x00,
  0xf0, 0xf6, 0x00, 0x00, 0x01, 0xfe, 0xff, 0x00, 0xfc, 0xf6, 0x00, 0x00, 0x01, 0xfe, 0xff, 0x00, 0xfe, 0xf6, 0x00, 0x00, 0x01, 0xfe, 0xff, 0x00,
  0xfe, 0xf6, 0x00, 0x00, 0x01, 0xfd, 0xff, 0xf6, 0x00, 0x00, 0x01, 0xfd, 0xff, 0xf6, 0x00, 0x00, 0x01, 0xfd, 0xff, 0xf6, 0x00, 0x00, 0x01, 0xfd,
  0xff, 0xf6, 0x00, 0x00, 0x01, 0xfd, 0xff, 0xf6, 0x00, 0x00, 0x01, 0xfd, 0xff, 0xf6, 0x00, 0x00, 0x01, 0xfd, 0xff, 0xf6, 0x00, 0x00, 0x01, 0xfd,
  0xff, 0xf6, 0x00, 0x00, 0x01, 0xfd, 0xff, 0xf6, 0x00, 0x00, 0x01, 0xfd, 0xff, 0xf6, 0x00, 0x00, 0x01, 0xfd, 0xff, 0xf6, 0x00, 0x00, 0x01, 0xfd,
  0xff, 0xf6, 0x00, 0x00, 0x01, 0xfd, 0xff, 0xf6, 0x00, 0x00, 0x01, 0xfd, 0xff, 0xf6, 0x00, 0x00, 0x01, 0xfd, 0xff, 0xf6, 0x00, 0x00, 0x01, 0xfd,
  0xff, 0xf6, 0x00, 0x00, 0x01, 0xfd, 0xff, 0xf6, 0x00, 0x00, 0x01, 0xfd, 0xff, 0xf6, 0x00, 0x00, 0x01, 0xfd, 0xff, 0xf6, 0x00, 0x00, 0x01, 0xfd,
  0xff, 0xfc, 0x00, 0x01, 0x01, 0xc0, 0xfd, 0x00, 0x00, 0x01, 0xfe, 0xff, 0x07, 0xfe, 0x03, 0x80, 0x0e, 0x07, 0xc0, 0x7f, 0xc0, 0xfd, 0x00, 0x00,
  0x01, 0xfe, 0xff, 0x07, 0xfe, 0x07, 0xe0, 0x3f, 0x07, 0xff, 0xff, 0xe0, 0xfd, 0x00, 0x00, 0x01, 0xfe, 0xff, 0x07, 0xfe, 0x07, 0xff, 0xff, 0x07,
  0xff, 0xff, 0xe0, 0xfd, 0x00, 0x00, 0x01, 0xfe, 0xff, 0x07, 0xfc, 0x07, 0xff, 0xff, 0x07, 0xff, 0xff, 0xc0, 0xfd, 0x00, 0x00, 0x01, 0xfe, 0xff,
  0x06, 0xf0, 0x03, 0xff, 0xfe, 0x03, 0xff, 0xff, 0xfc, 0x00, 0x00, 0x01, 0xfe, 0xff, 0x06, 0x80, 0x01, 0xff, 0xfc, 0x00, 0xff, 0xfc, 0xfc, 0x00,
  0x00, 0x01, 0xfe, 0xff, 0x06, 0x00, 0x00, 0xff, 0xf8, 0x00, 0x1f, 0x80, 0xfc, 0x00, 0x07, 0x01, 0xff, 0xff, 0xfc, 0x00, 0x00, 0x3f, 0xe0, 0xf9,
  0x00, 0x03, 0x01, 0xff, 0xff, 0xe0, 0xf5, 0x00, 0x03, 0x01, 0xff, 0xff, 0xc0, 0xf5, 0x00, 0x03, 0x01, 0xff, 0xff, 0x80, 0xf5, 0x00, 0x02, 0x01,
  0xff, 0xfe, 0xf4, 0x00, 0x02, 0x01, 0xff, 0xf8, 0xf4, 0x00, 0x02, 0x01, 0xff, 0xf8, 0xf3, 0x00, 0x01, 0xff, 0xf0, 0xf3, 0x00, 0x01, 0xff, 0x80,
  0xf3, 0x00, 0x00, 0xff, 0xf2, 0x00, 0x00, 0xf8, 0xf2, 0x00, 0x00, 0xe0, 0xf2, 0x00, 0x00, 0xe0, 0xf2, 0x00, 0x00, 0x40, 0x94, 0x00, 0x02, 0x00,
  0x01, 0xfe, 0xf8, 0x00, 0x01, 0x0f, 0xfc, 0xfe, 0x00, 0x02, 0x01, 0xff, 0xc0, 0xf9, 0x00, 0x01, 0x3f, 0xfc, 0xfe, 0x00, 0x02, 0x01, 0xff, 0xe0,
  0xf9, 0x00, 0x01, 0x7f, 0xfc, 0xfe, 0x00, 0x02, 0x01, 0xff, 0xf0, 0xf9, 0x00, 0x01, 0xff, 0xfc, 0xfe, 0x00, 0x02, 0x01, 0xff, 0xf8, 0xfa, 0x00,
  0x02, 0x01, 0xff, 0xfc, 0xfe, 0x00, 0x02, 0x01, 0xff, 0xfe, 0xfa, 0x00, 0x02, 0x07, 0xff, 0xfc, 0xfe, 0x00, 0x03, 0x01, 0xff, 0xff, 0x80, 0xfb,
  0x00, 0x02, 0x0f, 0xff, 0xfc, 0xfe, 0x00, 0x03, 0x01, 0xff, 0xff, 0xc0, 0xfb, 0x00, 0x02, 0x1f, 0xff, 0xfc, 0xfe, 0x00, 0x03, 0x01, 0xff, 0xff,
  0xe0, 0xfb, 0x00, 0x02, 0x7f, 0xff, 0xfc, 0xfe, 0x00, 0x03, 0x01, 0xff, 0xff, 0xf8, 0xfb, 0x00, 0x02, 0xff, 0xff, 0xfc, 0xfe, 0x00, 0x03, 0x01,
  0xff, 0xff, 0xfe, 0xfc, 0x00, 0x03, 0x03, 0xff, 0xff, 0xfc, 0xfe, 0x00, 0x00, 0x01, 0xfe, 0xff, 0xfc, 0x00, 0x03, 0x07, 0xff, 0xff, 0xfc, 0xfe,
  0x00, 0x00, 0x01, 0xfe, 0xff, 0x00, 0x80, 0xfd, 0x00, 0x03, 0x1f, 0xff, 0xff, 0xfc, 0xfe, 0x00, 0x00, 0x01, 0xfe, 0xff, 0x00, 0xf0, 0xfd, 0x00,
  0x03, 0x7f, 0xff, 0xff, 0xfc, 0xfe, 0x00, 0x00, 0x01, 0xfe, 0xff, 0x00, 0xf8, 0xfe, 0x00, 0x00, 0x01, 0xfe, 0xff, 0x00, 0xfc, 0xfe, 0x00, 0x00,
  0x01, 0xfe, 0xff, 0x00, 0xfc, 0xfe, 0x00, 0x00, 0x01, 0xfe, 0xff, 0x00, 0xfc, 0xfe, 0x00, 0x00, 0x01, 0xfe, 0xff, 0x00, 0xfe, 0xfe, 0x00, 0x00,
  0x03, 0xfe, 0xff, 0x00, 0xfc, 0xfe, 0x00, 0x00, 0x01, 0xfd, 0xff, 0xfe, 0x00, 0x00, 0x03, 0xfe, 0xff, 0x00, 0xfc, 0xfe, 0x00, 0x00, 0x01, 0xfd,
  0xff, 0xfe, 0x00, 0x00, 0x03, 0xfe, 0xff, 0x00, 0xfc, 0xfe, 0x00, 0x00, 0x01, 0xfd, 0xff, 0xfe, 0x00, 0x00, 0x03, 0xfe, 0xff, 0x00, 0xfc, 0xfe,
  0x00, 0x00, 0x01, 0xfd, 0xff, 0xfe, 0x00, 0x00, 0x03, 0xfe, 0xff, 0x00, 0xfc, 0xfe, 0x00, 0x00, 0x01, 0xfd, 0xff, 0xfe, 0x00, 0x00, 0x03, 0xfe,
  0xff, 0x00, 0xfc, 0xfe, 0x00, 0x00, 0x01, 0xfd, 0xff, 0xfe, 0x00, 0x00, 0x03, 0xfe, 0xff, 0x00, 0xfc, 0xfe, 0x00, 0x00, 0x01, 0xfd, 0xff, 0xfe,
  0x00, 0x00, 0x03, 0xfe, 0xff, 0x00, 0xfc, 0xfe, 0x00, 0x00, 0x01, 0xfd, 0xff, 0xfe, 0x00, 0x00, 0x03, 0xfe, 0xff, 0x00, 0xfc, 0xfe, 0x00, 0x00,
  0x01, 0xfd, 0xff, 0xfe, 0x00, 0x00, 0x03, 0xfe, 0xff, 0x00, 0xfc, 0xfe, 0x00, 0x00, 0x01, 0xfd, 0xff, 0xfe, 0x00, 0x00, 0x03, 0xfe, 0xff, 0x00,
  0xfc, 0xfe, 0x00, 0x00, 0x01, 0xfd, 0xff, 0xfe, 0x00, 0x00, 0x03, 0xfe, 0xff, 0x00, 0xfc, 0xfe, 0x00, 0x00, 0x01, 0xfd, 0xff, 0xfe, 0x00, 0x00,
  0x03, 0xfe, 0xff, 0x00, 0xfc, 0xfe, 0x00, 0x00, 0x01, 0xfd, 0xff, 0xfe, 0x00, 0x00, 0x03, 0xfe, 0xff, 0x00, 0xfc, 0xfe, 0x00, 0x00, 0x01, 0xfd,
  0xff, 0xfe, 0x00, 0x00, 0x03, 0xfe, 0xff, 0x00, 0xfc, 0xfe, 0x00, 0x00, 0x01, 0xfd, 0xff, 0xfe, 0x00, 0x00, 0x03, 0xfe, 0xff, 0x00, 0xfc, 0xfe,
  0x00, 0x00, 0x01, 0xfd, 0xff, 0xfe, 0x00, 0x00, 0x03, 0xfe, 0xff, 0x00, 0xfc, 0xfe, 0x00, 0x00, 0x01, 0xfd, 0xff, 0xfe, 0x00, 0x00, 0x03, 0xfe,
  0xff, 0x00, 0xfc, 0xfe, 0x00, 0x00, 0x01, 0xfd, 0xff, 0xfe, 0x00, 0x00, 0x03, 0xfe, 0xff, 0x00, 0xfc, 0xfe, 0x00, 0x00, 0x01, 0xfd, 0xff, 0xfe,
  0x00, 0x00, 0x07, 0xfe, 0xff, 0x00, 0xfc, 0xfe, 0x00, 0x00, 0x01, 0xfd, 0xff, 0xfe, 0x00, 0x00, 0x07, 0xfe, 0xff, 0x00, 0xfc, 0xfe, 0x00, 0x00,
  0x01, 0xfe, 0xff, 0x04, 0xfe, 0x03, 0x80, 0x0e, 0x07, 0xfe, 0xff, 0x00, 0xfc, 0xfe, 0x00, 0x00, 0x01, 0xfe, 0xff, 0x04, 0xfe, 0x07, 0xe0, 0x3f,
  0x07, 0xfe, 0xff, 0x00, 0xfc, 0xfe, 0x00, 0x00, 0x01, 0xfe, 0xff, 0x04, 0xfe, 0x07, 0xff, 0xff, 0x07, 0xfe, 0xff, 0x00, 0xfc, 0xfe, 0x00, 0x00,
  0x01, 0xfe, 0xff, 0x04, 0xfc, 0x07, 0xff, 0xff, 0x03, 0xfe, 0xff, 0x00, 0xfc, 0xfe, 0x00, 0x00, 0x01, 0xfe, 0xff, 0x04, 0xf0, 0x03, 0xff, 0xfe,
  0x00, 0xfe, 0xff, 0x00, 0xfc, 0xfe, 0x00, 0x00, 0x01, 0xfe, 0xff, 0x08, 0x80, 0x01, 0xff, 0xfc, 0x00, 0x3f, 0xff, 0xff, 0xfc, 0xfe, 0x00, 0x00,
  0x01, 0xfe, 0xff, 0x08, 0x00, 0x00, 0xff, 0xf8, 0x00, 0x0f, 0xff, 0xff, 0xfc, 0xfe, 0x00, 0x0c, 0x01, 0xff, 0xff, 0xfc, 0x00, 0x00, 0x3f, 0xe0,
  0x00, 0x07, 0xff, 0xff, 0xfc, 0xfe, 0x00, 0x03, 0x01, 0xff, 0xff, 0xe0, 0xfc, 0x00, 0x03, 0x01, 0xff, 0xff, 0xfe, 0xfe, 0x00, 0x03, 0x01, 0xff,
  0xff, 0xc0, 0xfb, 0x00, 0x02, 0x7f, 0xff, 0xfc, 0xfe, 0x00, 0x03, 0x01, 0xff, 0xff, 0xc0, 0xfb, 0x00, 0x02, 0x3f, 0xff, 0xfc, 0xfe, 0x00, 0x02,
  0x01, 0xff, 0xfe, 0xfa, 0x00, 0x02, 0x07, 0xff, 0xfc, 0xfe, 0x00, 0x02, 0x01, 0xff, 0xfc, 0xfa, 0x00, 0x02, 0x07, 0xff, 0xfc, 0xfe, 0x00, 0x02,
  0x01, 0xff, 0xf0, 0xf9, 0x00, 0x01, 0x7f, 0xfc, 0xfe, 0x00, 0x02, 0x01, 0xff, 0xf0, 0xf9, 0x00, 0x01, 0x1f, 0xfc, 0xfd, 0x00, 0x01, 0xff, 0x80,
  0xf9, 0x00, 0x01, 0x07, 0xfc, 0xfd, 0x00, 0x00, 0xff, 0xf8, 0x00, 0x01, 0x01, 0xfc, 0xfd, 0x00, 0x00, 0xf8, 0xf7, 0x00, 0x00, 0xfc, 0xfd, 0x00,
  0x00, 0xe0, 0xf7, 0x00, 0x00, 0x7c, 0xfd, 0x00, 0x00, 0xe0, 0xf7, 0x00, 0x00, 0x4c, 0xfd, 0x00, 0x00, 0x40, 0xf7, 0x00, 0x00, 0x04, 0xf2, 0x00,
  0x00, 0x04, 0xaf, 0x00, 0x02, 0x00, 0x01, 0xfe, 0xf8, 0x00, 0x01, 0x1f, 0xfc, 0xfe, 0x00, 0x02, 0x01, 0xff, 0xc0, 0xf9, 0x00, 0x01, 0x7f, 0xfc,
  0xfe, 0x00, 0x02, 0x01, 0xff, 0xe0, 0xf9, 0x00, 0x01, 0x7f, 0xfc, 0xfe, 0x00, 0x02, 0x01, 0xff, 0xf0, 0xfa, 0x00, 0x02, 0x01, 0xff, 0xfc, 0xfe,
  0x00, 0x02, 0x01, 0xff, 0xf8, 0xfa, 0x00, 0x02, 0x07, 0xff, 0xfc, 0xfe, 0x00, 0x02, 0x01, 0xff, 0xfe, 0xfa, 0x00, 0x02, 0x0f, 0xff, 0xfc, 0xfe,
  0x00, 0x03, 0x01, 0xff, 0xff, 0x80, 0xfb, 0x00, 0x02, 0x1f, 0xff, 0xfc, 0xfe, 0x00, 0x03, 0x01, 0xff, 0xff, 0xc0, 0xfb, 0x00, 0x02, 0x3f, 0xff,
  0xfc, 0xfe, 0x00, 0x03, 0x01, 0xff, 0xff, 0xe0, 0xfb, 0x00, 0x02, 0x7f, 0xff, 0xfc, 0xfe, 0x00, 0x03, 0x01, 0xff, 0xff, 0xf8, 0xfc, 0x00, 0x03,
  0x01, 0xff, 0xff, 0xfc, 0xfe, 0x00, 0x03, 0x01, 0xff, 0xff, 0xfe, 0xfc, 0x00, 0x03, 0x07, 0xff, 0xff, 0xfc, 0xfe, 0x00, 0x00, 0x01, 0xfe, 0xff,
  0xfc, 0x00, 0x03, 0x0f, 0xff, 0xff, 0xfc, 0xfe, 0x00, 0x00, 0x01, 0xfe, 0xff, 0x00, 0x80, 0xfd, 0x00, 0x03, 0x7f, 0xff, 0xff, 0xfc, 0xfe, 0x00,
  0x00, 0x01, 0xfe, 0xff, 0x00, 0xf0, 0xfd, 0x00, 0xfe, 0xff, 0x00, 0xfc, 0xfe, 0x00, 0x00, 0x01, 0xfe, 0xff, 0x00, 0xf8, 0xfe, 0x00, 0x00, 0x01,
  0xfe, 0xff, 0x00, 0xfc, 0xfe, 0x00, 0x00, 0x01, 0xfe, 0xff, 0x00, 0xfc, 0xfe, 0x00, 0x00, 0x03, 0xfe, 0xff, 0x00, 0xfc, 0xfe, 0x00, 0x00, 0x01,
  0xfe, 0xff, 0x00, 0xfe, 0xfe, 0x00, 0x00, 0x03, 0xfe, 0xff, 0x00, 0xfc, 0xfe, 0x00, 0x00, 0x01, 0xfd, 0xff, 0xfe, 0x00, 0x00, 0x07, 0xfe, 0xff,
  0x00, 0xfc, 0xfe, 0x00, 0x00, 0x01, 0xfd, 0xff, 0xfe, 0x00, 0x00, 0x07, 0xfe, 0xff, 0x00, 0xfc, 0xfe, 0x00, 0x00, 0x01, 0xfd, 0xff, 0xfe, 0x00,
  0x00, 0x07, 0xfe, 0xff, 0x00, 0xfc, 0xfe, 0x00, 0x00, 0x01, 0xfd, 0xff, 0xfe, 0x00, 0x00, 0x07, 0xfe, 0xff, 0x00, 0xfc, 0xfe, 0x00, 0x00, 0x01,
  0xfd, 0xff, 0xfe, 0x00, 0x00, 0x07, 0xfe, 0xff, 0x00, 0xfc, 0xfe, 0x00, 0x00, 0x01, 0xfd, 0xff, 0xfe, 0x00, 0x00, 0x03, 0xfe, 0xff, 0x00, 0xfc,
  0xfe, 0x00, 0x00, 0x01, 0xfd, 0xff, 0xfe, 0x00, 0x00, 0x03, 0xfe, 0xff, 0x00, 0xfc, 0xfe, 0x00, 0x00, 0x01, 0xfd, 0xff, 0xfe, 0x00, 0x00, 0x03,
  0xfe, 0xff, 0x00, 0xfc, 0xfe, 0x00, 0x00, 0x01, 0xfd, 0xff, 0xfe, 0x00, 0x00, 0x03, 0xfe, 0xff, 0x00, 0xfc, 0xfe, 0x00, 0x00, 0x01, 0xfd, 0xff,
  0xfe, 0x00, 0x00, 0x03, 0xfe, 0xff, 0x00, 0xfc, 0xfe, 0x00, 0x00, 0x01, 0xfd, 0xff, 0xfe, 0x00, 0x00, 0x03, 0xfe, 0xff, 0x00, 0xfc, 0xfe, 0x00,
  0x00, 0x01, 0xfd, 0xff, 0xfe, 0x00, 0x00, 0x03, 0xfe, 0xff, 0x00, 0xfc, 0xfe, 0x00, 0x00, 0x01, 0xfd, 0xff, 0xfe, 0x00, 0x00, 0x03, 0xfe, 0xff,
  0x00, 0xfc, 0xfe, 0x00, 0x00, 0x01, 0xfd, 0xff, 0xfe, 0x00, 0x00, 0x03, 0xfe, 0xff, 0x00, 0xfc, 0xfe, 0x00, 0x00, 0x01, 0xfd, 0xff, 0xfe, 0x00,
  0x00, 0x03, 0xfe, 0xff, 0x00, 0xfc, 0xfe, 0x00, 0x00, 0x01, 0xfd, 0xff, 0xfe, 0x00, 0x00, 0x03, 0xfe, 0xff, 0x00, 0xfc, 0xfe, 0x00, 0x00, 0x01,
  0xfd, 0xff, 0xfe, 0x00, 0x00, 0x03, 0xfe, 0xff, 0x00, 0xfc, 0xfe, 0x00, 0x00, 0x01, 0xfd, 0xff, 0xfe, 0x00, 0x00, 0x03, 0xfe, 0xff, 0x00, 0xfc,
  0xfe, 0x00, 0x00, 0x01, 0xfd, 0xff, 0xfe, 0x00, 0x00, 0x03, 0xfe, 0xff, 0x00, 0xfc, 0xfe, 0x00, 0x00, 0x01, 0xfd, 0xff, 0xfe, 0x00, 0x00, 0x03,
  0xfe, 0xff, 0x00, 0xfc, 0xfe, 0x00, 0x00, 0x01, 0xfe, 0xff, 0x04, 0xfe, 0x03, 0x80, 0x0e, 0x03, 0xfe, 0xff, 0x00, 0xfc, 0xfe, 0x00, 0x00, 0x01,
  0xfe, 0xff, 0x04, 0xfe, 0x07, 0xe0, 0x3f, 0x03, 0xfe, 0xff, 0x00, 0xfc, 0xfe, 0x00, 0x00, 0x01, 0xfe, 0xff, 0x04, 0xfe, 0x07, 0xff, 0xff, 0x01,
  0xfe, 0xff, 0x00, 0xfc, 0xfe, 0x00, 0x00, 0x01, 0xfe, 0xff, 0x08, 0xfc, 0x07, 0xff, 0xff, 0x00, 0x7f, 0xff, 0xff, 0xfc, 0xfe, 0x00, 0x00, 0x01,
  0xfe, 0xff, 0x08, 0xf0, 0x03, 0xff, 0xfe, 0x00, 0x1f, 0xff, 0xff, 0xfc, 0xfe, 0x00, 0x00, 0x01, 0xfe, 0xff, 0x08, 0x80, 0x01, 0xff, 0xfc, 0x00,
  0x07, 0xff, 0xff, 0xfc, 0xfe, 0x00, 0x00, 0x01, 0xfe, 0xff, 0x08, 0x00, 0x00, 0xff, 0xf8, 0x00, 0x00, 0xff, 0xff, 0xfc, 0xfe, 0x00, 0x0c, 0x01,
  0xff, 0xff, 0xfc, 0x00, 0x00, 0x3f, 0xe0, 0x00, 0x00, 0x7f, 0xff, 0xfc, 0xfe, 0x00, 0x03, 0x01, 0xff, 0xff, 0xe0, 0xfb, 0x00, 0x02, 0x1f, 0xff,
  0xfe, 0xfe, 0x00, 0x03, 0x01, 0xff, 0xff, 0xc0, 0xfb, 0x00, 0x02, 0x07, 0xff, 0xfc, 0xfe, 0x00, 0x03, 0x01, 0xff, 0xff, 0xc0, 0xfb, 0x00, 0x02,
  0x03, 0xff, 0xfc, 0xfe, 0x00, 0x02, 0x01, 0xff, 0xfe, 0xfa, 0x00, 0x02, 0x01, 0x7f, 0xfc, 0xfd, 0x00, 0x01, 0xff, 0xf8, 0xf9, 0x00, 0x01, 0x3f,
  0xfc, 0xfd, 0x00, 0x01, 0xff, 0xf0, 0xf9, 0x00, 0x01, 0x1f, 0xfc, 0xfd, 0x00, 0x01, 0xff, 0xf0, 0xf9, 0x00, 0x01, 0x03, 0xfc, 0xfd, 0x00, 0x01,
  0xff, 0x80, 0xf9, 0x00, 0x01, 0x01, 0xfc, 0xfd, 0x00, 0x00, 0xff, 0xf7, 0x00, 0x00, 0xfc, 0xfd, 0x00, 0x00, 0xf8, 0xf7, 0x00, 0x00, 0x5c, 0xfd,
  0x00, 0x00, 0xe0, 0xf7, 0x00, 0x00, 0x0c, 0xfd, 0x00, 0x00, 0xe0, 0xf7, 0x00, 0x00, 0x04, 0xfd, 0x00, 0x00, 0x40, 0x94, 0x00, 0x02, 0x00, 0x01,
  0xfe, 0xf8, 0x00, 0x01, 0x07, 0xfc, 0xfe, 0x00, 0x02, 0x01, 0xfe, 0xc0, 0xf9, 0x00, 0x01, 0x0f, 0xfc, 0xfe, 0x00, 0x02, 0x01, 0xff, 0xe0, 0xf9,
  0x00, 0x01, 0x7f, 0xfc, 0xfe, 0x00, 0x02, 0x01, 0xff, 0xe0, 0xf9, 0x00, 0x01, 0x7f, 0xfc, 0xfe, 0x00, 0x02, 0x01, 0xff, 0xf8, 0xfa, 0x00, 0x02,
  0x01, 0xff, 0xfc, 0xfe, 0x00, 0x02, 0x01, 0xff, 0xfe, 0xfa, 0x00, 0x02, 0x07, 0xff, 0xfc, 0xfe, 0x00, 0x03, 0x01, 0xff, 0xff, 0x80, 0xfb, 0x00,
  0x02, 0x07, 0xff, 0xfc, 0xfe, 0x00, 0x03, 0x01, 0xff, 0xff, 0xc0, 0xfb, 0x00, 0x02, 0x1f, 0xff, 0xfc, 0xfe, 0x00, 0x03, 0x01, 0xff, 0xff, 0xe0,
  0xfb, 0x00, 0x02, 0x7f, 0xff, 0xfc, 0xfe, 0x00, 0x03, 0x01, 0xff, 0xff, 0xf8, 0xfb, 0x00, 0x02, 0xff, 0xff, 0xfc, 0xfe, 0x00, 0x03, 0x01, 0xff,
  0xff, 0xfe, 0xfc, 0x00, 0x03, 0x01, 0xff, 0xff, 0xfc, 0xfe, 0x00, 0x00, 0x01, 0xfe, 0xff, 0xfc, 0x00, 0x03, 0x03, 0xff, 0xff, 0xfc, 0xfe, 0x00,
  0x00, 0x01, 0xfe, 0xff, 0x00, 0x80, 0xfd, 0x00, 0x03, 0x0f, 0xff, 0xff, 0xfc, 0xfe, 0x00, 0x00, 0x01, 0xfe, 0xff, 0x00, 0xf0, 0xfd, 0x00, 0x03,
  0x7f, 0xff, 0xff, 0xfc, 0xfe, 0x00, 0x00, 0x01, 0xfe, 0xff, 0x00, 0xf8, 0xfe, 0x00, 0x00, 0x01, 0xfe, 0xff, 0x00, 0xfc, 0xfe, 0x00, 0x00, 0x01,
  0xfe, 0xff, 0x00, 0xfc, 0xfe, 0x00, 0x00, 0x01, 0xfe, 0xff, 0x00, 0xfc, 0xfe, 0x00, 0x00, 0x01, 0xfe, 0xff, 0x00, 0xfe, 0xfe, 0x00, 0x00, 0x03,
  0xfe, 0xff, 0x00, 0xfc, 0xfe, 0x00, 0x00, 0x01, 0xfd, 0xff, 0xfe, 0x00, 0x00, 0x03, 0xfe, 0xff, 0x00, 0xfc, 0xfe, 0x00, 0x00, 0x01, 0xfd, 0xff,
  0xfe, 0x00, 0x00, 0x07, 0xfe, 0xff, 0x00, 0xfc, 0xfe, 0x00, 0x00, 0x01, 0xfd, 0xff, 0xfe, 0x00, 0x00, 0x07, 0xfe, 0xff, 0x00, 0xfc, 0xfe, 0x00,
  0x00, 0x01, 0xfd, 0xff, 0xfe, 0x00, 0x00, 0x07, 0xfe, 0xff, 0x00, 0xfc, 0xfe, 0x00, 0x00, 0x01, 0xfd, 0xff, 0xfe, 0x00, 0x00, 0x07, 0xfe, 0xff,
  0x00, 0xfc, 0xfe, 0x00, 0x00, 0x01, 0xfd, 0xff, 0xfe, 0x00, 0x00, 0x07, 0xfe, 0xff, 0x00, 0xfc, 0xfe, 0x00, 0x00, 0x01, 0xfd, 0xff, 0xfe, 0x00,
  0x00, 0x07, 0xfe, 0xff, 0x00, 0xfc, 0xfe, 0x00, 0x00, 0x01, 0xfd, 0xff, 0xfe, 0x00, 0x00, 0x03, 0xfe, 0xff, 0x00, 0xfc, 0xfe, 0x00, 0x00, 0x01,
  0xfd, 0xff, 0xfe, 0x00, 0x00, 0x03, 0xfe, 0xff, 0x00, 0xfc, 0xfe, 0x00, 0x00, 0x01, 0xfd, 0xff, 0xfe, 0x00, 0x00, 0x03, 0xfe, 0xff, 0x00, 0xfc,
  0xfe, 0x00, 0x00, 0x01, 0xfd, 0xff, 0xfe, 0x00, 0x00, 0x03, 0xfe, 0xff, 0x00, 0xfc, 0xfe, 0x00, 0x00, 0x01, 0xfd, 0xff, 0xfe, 0x00, 0x00, 0x03,
  0xfe, 0xff, 0x00, 0xfc, 0xfe, 0x00, 0x00, 0x01, 0xfd, 0xff, 0xfe, 0x00, 0x00, 0x03, 0xfe, 0xff, 0x00, 0xfc, 0xfe, 0x00, 0x00, 0x01, 0xfd, 0xff,
  0xfe, 0x00, 0x00, 0x03, 0xfe, 0xff, 0x00, 0xfc, 0xfe, 0x00, 0x00, 0x01, 0xfd, 0xff, 0xfe, 0x00, 0x00, 0x03, 0xfe, 0xff, 0x00, 0xfc, 0xfe, 0x00,
  0x00, 0x01, 0xfd, 0xff, 0xfe, 0x00, 0x00, 0x03, 0xfe, 0xff, 0x00, 0xfc, 0xfe, 0x00, 0x00, 0x01, 0xfd, 0xff, 0xfe, 0x00, 0x00, 0x03, 0xfe, 0xff,
  0x00, 0xfc, 0xfe, 0x00, 0x00, 0x01, 0xfd, 0xff, 0xfe, 0x00, 0x00, 0x03, 0xfe, 0xff, 0x00, 0xfc, 0xfe, 0x00, 0x00, 0x01, 0xfd, 0xff, 0xfe, 0x00,
  0x00, 0x03, 0xfe, 0xff, 0x00, 0xfc, 0xfe, 0x00, 0x00, 0x01, 0xfd, 0xff, 0xfe, 0x00, 0x00, 0x03, 0xfe, 0xff, 0x00, 0xfc, 0xfe, 0x00, 0x00, 0x01,
  0xfe, 0xff, 0x04, 0xfe, 0x03, 0x80, 0x0e, 0x03, 0xfe, 0xff, 0x00, 0xfc, 0xfe, 0x00, 0x00, 0x01, 0xfe, 0xff, 0x04, 0xfe, 0x07, 0xe0, 0x3f, 0x03,
  0xfe, 0xff, 0x00, 0xfc, 0xfe, 0x00, 0x00, 0x01, 0xfe, 0xff, 0x04, 0xfe, 0x07, 0xff, 0xff, 0x01, 0xfe, 0xff, 0x00, 0xfc, 0xfe, 0x00, 0x00, 0x01,
  0xfe, 0xff, 0x04, 0xfc, 0x07, 0xff, 0xff, 0x00, 0xfe, 0xff, 0x00, 0xfc, 0xfe, 0x00, 0x00, 0x01, 0xfe, 0xff, 0x08, 0xf0, 0x03, 0xff, 0xff, 0x00,
  0x3f, 0xff, 0xff, 0xfe, 0xfe, 0x00, 0x00, 0x01, 0xfe, 0xff, 0x08, 0x80, 0x01, 0xff, 0xfe, 0x00, 0x07, 0xff, 0xff, 0xfc, 0xfe, 0x00, 0x00, 0x01,
  0xfe, 0xff, 0x08, 0x00, 0x00, 0xff, 0xfc, 0x00, 0x00, 0xff, 0xff, 0xfc, 0xfe, 0x00, 0x0c, 0x01, 0xff, 0xff, 0xfc, 0x00, 0x00, 0x3f, 0xe0, 0x00,
  0x00, 0x7f, 0xff, 0xfc, 0xfe, 0x00, 0x03, 0x01, 0xff, 0xff, 0xf0, 0xfb, 0x00, 0x02, 0x1f, 0xff, 0xfe, 0xfe, 0x00, 0x03, 0x01, 0xff, 0xff, 0xe0,
  0xfb, 0x00, 0x02, 0x07, 0xff, 0xfe, 0xfe, 0x00, 0x03, 0x01, 0xff, 0xff, 0xc0, 0xfb, 0x00, 0x02, 0x03, 0xff, 0xfc, 0xfe, 0x00, 0x02, 0x01, 0xff,
  0xfe, 0xfa, 0x00, 0x02, 0x01, 0xff, 0xfc, 0xfd, 0x00, 0x01, 0xff, 0xfc, 0xf9, 0x00, 0x01, 0x3f, 0xfc, 0xfd, 0x00, 0x01, 0xff, 0xf0, 0xf9, 0x00,
  0x01, 0x1f, 0xfc, 0xfd, 0x00, 0x01, 0xff, 0xf0, 0xf9, 0x00, 0x01, 0x0f, 0xfc, 0xfd, 0x00, 0x01, 0xff, 0x80, 0xf9, 0x00, 0x01, 0x05, 0xfc, 0xfd,
  0x00, 0x00, 0xff, 0xf7, 0x00, 0x00, 0xfc, 0xfd, 0x00, 0x00, 0xf8, 0xf7, 0x00, 0x00, 0x7c, 0xfd, 0x00, 0x00, 0xf0, 0xf7, 0x00, 0x00, 0x0c, 0xfd,
  0x00, 0x00, 0xf0, 0xf7, 0x00, 0x00, 0x04, 0xfd, 0x00, 0x00, 0x40, 0x94, 0x00, 0x02, 0x00, 0x01, 0xfe, 0xf8, 0x00, 0x01, 0x07, 0xfc, 0xfe, 0x00,
  0x02, 0x01, 0xfe, 0xc0, 0xf9, 0x00, 0x01, 0x0f, 0xfc, 0xfe, 0x00, 0x02, 0x01, 0xff, 0xe0, 0xf9, 0x00, 0x01, 0x5f, 0xfc, 0xfe, 0x00, 0x02, 0x01,
  0xff, 0xe0, 0xf9, 0x00, 0x01, 0x7f, 0xfc, 0xfe, 0x00, 0x02, 0x01, 0xff, 0xf8, 0xfa, 0x00, 0x02, 0x01, 0xff, 0xfc, 0xfe, 0x00, 0x02, 0x01, 0xff,
  0xfe, 0xfa, 0x00, 0x02, 0x07, 0xff, 0xfc, 0xfe, 0x00, 0x03, 0x01, 0xff, 0xff, 0x80, 0xfb, 0x00, 0x02, 0x07, 0xff, 0xfc, 0xfe, 0x00, 0x03, 0x01,
  0xff, 0xff, 0xc0, 0xfb, 0x00, 0x02, 0x1f, 0xff, 0xfc, 0xfe, 0x00, 0x03, 0x01, 0xff, 0xff, 0xe0, 0xfb, 0x00, 0x02, 0x7f, 0xff, 0xfc, 0xfe, 0x00,
  0x03, 0x01, 0xff, 0xff, 0xf8, 0xfb, 0x00, 0x02, 0xff, 0xff, 0xfc, 0xfe, 0x00, 0x03, 0x01, 0xff, 0xff, 0xfe, 0xfc, 0x00, 0x03, 0x01, 0xff, 0xff,
  0xfc, 0xfe, 0x00, 0x00, 0x01, 0xfe, 0xff, 0xfc, 0x00, 0x03, 0x03, 0xff, 0xff, 0xfc, 0xfe, 0x00, 0x00, 0x01, 0xfe, 0xff, 0x00, 0xc0, 0xfd, 0x00,
  0x03, 0x1f, 0xff, 0xff, 0xfc, 0xfe, 0x00, 0x00, 0x01, 0xfe, 0xff, 0x00, 0xf0, 0xfd, 0x00, 0x03, 0x7f, 0xff, 0xff, 0xfc, 0xfe, 0x00, 0x00, 0x01,
  0xfe, 0xff, 0x00, 0xf8, 0xfe, 0x00, 0x00, 0x01, 0xfe, 0xff, 0x00, 0xfc, 0xfe, 0x00, 0x00, 0x01, 0xfe, 0xff, 0x00, 0xfc, 0xfe, 0x00, 0x00, 0x03,
  0xfe, 0xff, 0x00, 0xfc, 0xfe, 0x00, 0x00, 0x01, 0xfe, 0xff, 0x00, 0xfe, 0xfe, 0x00, 0x00, 0x03, 0xfe, 0xff, 0x00, 0xfc, 0xfe, 0x00, 0x00, 0x01,
  0xfd, 0xff, 0xfe, 0x00, 0x00, 0x03, 0xfe, 0xff, 0x00, 0xfc, 0xfe, 0x00, 0x00, 0x01, 0xfd, 0xff, 0xfe, 0x00, 0x00, 0x07, 0xfe, 0xff, 0x00, 0xfc,
  0xfe, 0x00, 0x00, 0x01, 0xfd, 0xff, 0xfe, 0x00, 0x00, 0x07, 0xfe, 0xff, 0x00, 0xfc, 0xfe, 0x00, 0x00, 0x01, 0xfd, 0xff, 0xfe, 0x00, 0x00, 0x07,
  0xfe, 0xff, 0x00, 0xfc, 0xfe, 0x00, 0x00, 0x01, 0xfd, 0xff, 0xfe, 0x00, 0x00, 0x07, 0xfe, 0xff, 0x00, 0xfc, 0xfe, 0x00, 0x00, 0x01, 0xfd, 0xff,
  0xfe, 0x00, 0x00, 0x07, 0xfe, 0xff, 0x00, 0xfc, 0xfe, 0x00, 0x00, 0x01, 0xfd, 0xff, 0xfe, 0x00, 0x00, 0x07, 0xfe, 0xff, 0x00, 0xfc, 0xfe, 0x00,
  0x00, 0x01, 0xfd, 0xff, 0xfe, 0x00, 0x00, 0x03, 0xfe, 0xff, 0x00, 0xfc, 0xfe, 0x00, 0x00, 0x01, 0xfd, 0xff, 0xfe, 0x00, 0x00, 0x03, 0xfe, 0xff,
  0x00, 0xfc, 0xfe, 0x00, 0x00, 0x01, 0xfd, 0xff, 0xfe, 0x00, 0x00, 0x03, 0xfe, 0xff, 0x00, 0xfc, 0xfe, 0x00, 0x00, 0x01, 0xfd, 0xff, 0xfe, 0x00,
  0x00, 0x03, 0xfe, 0xff, 0x00, 0xfc, 0xfe, 0x00, 0x00, 0x01, 0xfd, 0xff, 0xfe, 0x00, 0x00, 0x03, 0xfe, 0xff, 0x00, 0xfc, 0xfe, 0x00, 0x00, 0x01,
  0xfd, 0xff, 0xfe, 0x00, 0x00, 0x03, 0xfe, 0xff, 0x00, 0xfc, 0xfe, 0x00, 0x00, 0x01, 0xfd, 0xff, 0xfe, 0x00, 0x00, 0x03, 0xfe, 0xff, 0x00, 0xfc,
  0xfe, 0x00, 0x00, 0x01, 0xfd, 0xff, 0xfe, 0x00, 0x00, 0x03, 0xfe, 0xff, 0x00, 0xfc, 0xfe, 0x00, 0x00, 0x01, 0xfd, 0xff, 0xfe, 0x00, 0x00, 0x03,
  0xfe, 0xff, 0x00, 0xfc, 0xfe, 0x00, 0x00, 0x01, 0xfd, 0xff, 0xfe, 0x00, 0x00, 0x03, 0xfe, 0xff, 0x00, 0xfc, 0xfe, 0x00, 0x00, 0x01, 0xfd, 0xff,
  0xfe, 0x00, 0x00, 0x03, 0xfe, 0xff, 0x00, 0xfc, 0xfe, 0x00, 0x00, 0x01, 0xfd, 0xff, 0xfe, 0x00, 0x00, 0x03, 0xfe, 0xff, 0x00, 0xfc, 0xfe, 0x00,
  0x00, 0x01, 0xfd, 0xff, 0xfe, 0x00, 0x00, 0x03, 0xfe, 0xff, 0x00, 0xfc, 0xfe, 0x00, 0x00, 0x01, 0xfe, 0xff, 0x04, 0xfe, 0x03, 0x80, 0x0e, 0x03,
  0xfe, 0xff, 0x00, 0xfc, 0xfe, 0x00, 0x00, 0x01, 0xfe, 0xff, 0x04, 0xfe, 0x07, 0xe0, 0x3f, 0x03, 0xfe, 0xff, 0x00, 0xfc, 0xfe, 0x00, 0x00, 0x01,
  0xfe, 0xff, 0x04, 0xfe, 0x07, 0xff, 0xff, 0x01, 0xfe, 0xff, 0x00, 0xfc, 0xfe, 0x00, 0x00, 0x01, 0xfe, 0xff, 0x04, 0xfc, 0x07, 0xff, 0xff, 0x00,
  0xfe, 0xff, 0x00, 0xfc, 0xfe, 0x00, 0x00, 0x01, 0xfe, 0xff, 0x08, 0xf0, 0x03, 0xff, 0xfe, 0x00, 0x1f, 0xff, 0xff, 0xfc, 0xfe, 0x00, 0x00, 0x01,
  0xfe, 0xff, 0x08, 0x80, 0x01, 0xff, 0xfc, 0x00, 0x07, 0xff, 0xff, 0xfc, 0xfe, 0x00, 0x00, 0x01, 0xfe, 0xff, 0x08, 0x00, 0x00, 0xff, 0xf8, 0x00,
  0x00, 0xff, 0xff, 0xfc, 0xfe, 0x00, 0x0c, 0x01, 0xff, 0xff, 0xfc, 0x00, 0x00, 0x3f, 0xe0, 0x00, 0x00, 0x7f, 0xff, 0xfc, 0xfe, 0x00, 0x03, 0x01,
  0xff, 0xff, 0xe0, 0xfb, 0x00, 0x02, 0x1f, 0xff, 0xfc, 0xfe, 0x00, 0x03, 0x01, 0xff, 0xff, 0xe0, 0xfb, 0x00, 0x02, 0x07, 0xff, 0xfc, 0xfe, 0x00,
  0x03, 0x01, 0xff, 0xff, 0xc0, 0xfb, 0x00, 0x02, 0x03, 0xff, 0xfc, 0xfe, 0x00, 0x02, 0x01, 0xff, 0xfe, 0xfa, 0x00, 0x02, 0x01, 0xff, 0xfc, 0xfd,
  0x00, 0x01, 0xff, 0xfc, 0xf9, 0x00, 0x01, 0x3f, 0xfc, 0xfd, 0x00, 0x01, 0xff, 0xf0, 0xf9, 0x00, 0x01, 0x1f, 0xfc, 0xfd, 0x00, 0x01, 0xff, 0xe0,
  0xf9, 0x00, 0x01, 0x0f, 0xfc, 0xfd, 0x00, 0x01, 0xff, 0x80, 0xf9, 0x00, 0x01, 0x05, 0xfc, 0xfd, 0x00, 0x00, 0xff, 0xf7, 0x00, 0x00, 0xfc, 0xfd,
  0x00, 0x00, 0xf8, 0xf7, 0x00, 0x00, 0x5c, 0xfd, 0x00, 0x00, 0xf0, 0xf7, 0x00, 0x00, 0x0c, 0xfd, 0x00, 0x00, 0xf0, 0xf7, 0x00, 0x00, 0x04, 0xfd,
  0x00, 0x00, 0x40, 0x94, 0x00, 0x02, 0x00, 0x01, 0xfe, 0xf8, 0x00, 0x01, 0x07, 0xfc, 0xfe, 0x00, 0x02, 0x01, 0xfe, 0xc0, 0xf9, 0x00, 0x01, 0x0f,
  0xfc, 0xfe, 0x00, 0x02, 0x01, 0xff, 0xe0, 0xf9, 0x00, 0x01, 0x5f, 0xfc, 0xfe, 0x00, 0x02, 0x01, 0xff, 0xe0, 0xf9, 0x00, 0x01, 0x7f, 0xfc, 0xfe,
  0x00, 0x02, 0x01, 0xff, 0xf8, 0xfa, 0x00, 0x02, 0x01, 0xff, 0xfc, 0xfe, 0x00, 0x02, 0x01, 0xff, 0xfe, 0xfa, 0x00, 0x02, 0x07, 0xff, 0xfc, 0xfe,
  0x00, 0x02, 0x01, 0xff, 0xff, 0xfa, 0x00, 0x02, 0x07, 0xff, 0xfc, 0xfe, 0x00, 0x03, 0x01, 0xff, 0xff, 0x80, 0xfb, 0x00, 0x02, 0x1f, 0xff, 0xfc,
  0xfe, 0x00, 0x03, 0x01, 0xff, 0xff, 0xe0, 0xfb, 0x00, 0x02, 0x7f, 0xff, 0xfc, 0xfe, 0x00, 0x03, 0x01, 0xff, 0xff, 0xf8, 0xfb, 0x00, 0x02, 0xff,
  0xff, 0xfc, 0xfe, 0x00, 0x03, 0x01, 0xff, 0xff, 0xfe, 0xfc, 0x00, 0x03, 0x01, 0xff, 0xff, 0xfc, 0xfe, 0x00, 0x00, 0x01, 0xfe, 0xff, 0xfc, 0x00,
  0x03, 0x03, 0xff, 0xff, 0xfc, 0xfe, 0x00, 0x00, 0x01, 0xfe, 0xff, 0x00, 0x80, 0xfd, 0x00, 0x03, 0x1f, 0xff, 0xff, 0xfc, 0xfe, 0x00, 0x00, 0x01,
  0xfe, 0xff, 0x00, 0xf0, 0xfd, 0x00, 0x03, 0x7f, 0xff, 0xff, 0xfc, 0xfe, 0x00, 0x00, 0x01, 0xfe, 0xff, 0x00, 0xf8, 0xfe, 0x00, 0x00, 0x01, 0xfe,
  0xff, 0x00, 0xfc, 0xfe, 0x00, 0x00, 0x01, 0xfe, 0xff, 0x00, 0xfc, 0xfe, 0x00, 0x00, 0x01, 0xfe, 0xff, 0x00, 0xfc, 0xfe, 0x00, 0x00, 0x01, 0xfe,
  0xff, 0x00, 0xfe, 0xfe, 0x00, 0x00, 0x03, 0xfe, 0xff, 0x00, 0xfc, 0xfe, 0x00, 0x00, 0x01, 0xfd, 0xff, 0xfe, 0x00, 0x00, 0x03, 0xfe, 0xff, 0x00,
  0xfc, 0xfe, 0x00, 0x00, 0x01, 0xfd, 0xff, 0xfe, 0x00, 0x00, 0x07, 0xfe, 0xff, 0x00, 0xfc, 0xfe, 0x00, 0x00, 0x01, 0xfd, 0xff, 0xfe, 0x00, 0x00,
  0x07, 0xfe, 0xff, 0x00, 0xfc, 0xfe, 0x00, 0x00, 0x01, 0xfd, 0xff, 0xfe, 0x00, 0x00, 0x07, 0xfe, 0xff, 0x00, 0xfc, 0xfe, 0x00, 0x00, 0x01, 0xfd,
  0xff, 0xfe, 0x00, 0x00, 0x07, 0xfe, 0xff, 0x00, 0xfc, 0xfe, 0x00, 0x00, 0x01, 0xfd, 0xff, 0xfe, 0x00, 0x00, 0x07, 0xfe, 0xff, 0x00, 0xfc, 0xfe,
  0x00, 0x00, 0x01, 0xfd, 0xff, 0xfe, 0x00, 0x00, 0x07, 0xfe, 0xff, 0x00, 0xfc, 0xfe, 0x00, 0x00, 0x01, 0xfd, 0xff, 0xfe, 0x00, 0x00, 0x03, 0xfe,
  0xff, 0x00, 0xfc, 0xfe, 0x00, 0x00, 0x01, 0xfd, 0xff, 0xfe, 0x00, 0x00, 0x03, 0xfe, 0xff, 0x00, 0xfc, 0xfe, 0x00, 0x00, 0x01, 0xfd, 0xff, 0xfe,
  0x00, 0x00, 0x03, 0xfe, 0xff, 0x00, 0xfc, 0xfe, 0x00, 0x00, 0x01, 0xfd, 0xff, 0xfe, 0x00, 0x00, 0x03, 0xfe, 0xff, 0x00, 0xfc, 0xfe, 0x00, 0x00,
  0x01, 0xfd, 0xff, 0xfe, 0x00, 0x00, 0x03, 0xfe, 0xff, 0x00, 0xfc, 0xfe, 0x00, 0x00, 0x01, 0xfd, 0xff, 0xfe, 0x00, 0x00, 0x03, 0xfe, 0xff, 0x00,
  0xfc, 0xfe, 0x00, 0x00, 0x01, 0xfd, 0xff, 0xfe, 0x00, 0x00, 0x03, 0xfe, 0xff, 0x00, 0xfc, 0xfe, 0x00, 0x00, 0x01, 0xfd, 0xff, 0xfe, 0x00, 0x00,
  0x03, 0xfe, 0xff, 0x00, 0xfc, 0xfe, 0x00, 0x00, 0x01, 0xfd, 0xff, 0xfe, 0x00, 0x00, 0x03, 0xfe, 0xff, 0x00, 0xfc, 0xfe, 0x00, 0x00, 0x01, 0xfd,
  0xff, 0xfe, 0x00, 0x00, 0x03, 0xfe, 0xff, 0x00, 0xfc, 0xfe, 0x00, 0x00, 0x01, 0xfd, 0xff, 0xfe, 0x00, 0x00, 0x03, 0xfe, 0xff, 0x00, 0xfc, 0xfe,
  0x00, 0x00, 0x01, 0xfd, 0xff, 0xfe, 0x00, 0x00, 0x03, 0xfe, 0xff, 0x00, 0xfc, 0xfe, 0x00, 0x00, 0x01, 0xfd, 0xff, 0xfe, 0x00, 0x00, 0x03, 0xfe,
  0xff, 0x00, 0xfc, 0xfe, 0x00, 0x00, 0x01, 0xfe, 0xff, 0x04, 0xfe, 0x03, 0x80, 0x0e, 0x03, 0xfe, 0xff, 0x00, 0xfc, 0xfe, 0x00, 0x00, 0x01, 0xfe,
  0xff, 0x04, 0xfe, 0x07, 0xe0, 0x3f, 0x03, 0xfe, 0xff, 0x00, 0xfc, 0xfe, 0x00, 0x00, 0x01, 0xfe, 0xff, 0x04, 0xfe, 0x07, 0xff, 0xff, 0x01, 0xfe,
  0xff, 0x00, 0xfc, 0xfe, 0x00, 0x00, 0x01, 0xfe, 0xff, 0x04, 0xfc, 0x07, 0xff, 0xff, 0x00, 0xfe, 0xff, 0x00, 0xfc, 0xfe, 0x00, 0x00, 0x01, 0xfe,
  0xff, 0x08, 0xf0, 0x03, 0xff, 0xff, 0x00, 0x1f, 0xff, 0xff, 0xfe, 0xfe, 0x00, 0x00, 0x01, 0xfe, 0xff, 0x08, 0x80, 0x01, 0xff, 0xfe, 0x00, 0x07,
  0xff, 0xff, 0xfc, 0xfe, 0x00, 0x00, 0x01, 0xfe, 0xff, 0x08, 0x00, 0x00, 0xff, 0xfc, 0x00, 0x00, 0xff, 0xff, 0xfe, 0xfe, 0x00, 0x0c, 0x01, 0xff,
  0xff, 0xfc, 0x00, 0x00, 0x3f, 0xe0, 0x00, 0x00, 0x7f, 0xff, 0xfe, 0xfe, 0x00, 0x03, 0x01, 0xff, 0xff, 0xf0, 0xfb, 0x00, 0x02, 0x1f, 0xff, 0xfe,
  0xfe, 0x00, 0x03, 0x01, 0xff, 0xff, 0xe0, 0xfb, 0x00, 0x02, 0x07, 0xff, 0xfe, 0xfe, 0x00, 0x03, 0x01, 0xff, 0xff, 0xc0, 0xfb, 0x00, 0x02, 0x03,
  0xff, 0xfe, 0xfd, 0x00, 0x01, 0xff, 0xfe, 0xfa, 0x00, 0x02, 0x01, 0xff, 0xfc, 0xfd, 0x00, 0x01, 0xff, 0xfc, 0xf9, 0x00, 0x01, 0x3f, 0xfc, 0xfd,
  0x00, 0x01, 0xff, 0xf0, 0xf9, 0x00, 0x01, 0x1f, 0xfc, 0xfd, 0x00, 0x01, 0xff, 0xe0, 0xf9, 0x00, 0x01, 0x0f, 0xfc, 0xfd, 0x00, 0x01, 0xff, 0x80,
  0xf9, 0x00, 0x01, 0x05, 0xfc, 0xfd, 0x00, 0x00, 0xff, 0xf7, 0x00, 0x00, 0xfc, 0xfd, 0x00, 0x00, 0xf8, 0xf7, 0x00, 0x00, 0x7c, 0xfd, 0x00, 0x00,
  0xf0, 0xf7, 0x00, 0x00, 0x0c, 0xfd, 0x00, 0x00, 0xf0, 0xf7, 0x00, 0x00, 0x04, 0xfd, 0x00, 0x00, 0x40, 0x94, 0x00, 0x02, 0x00, 0x01, 0xfe, 0xf8,
  0x00, 0x01, 0x07, 0xfc, 0xfe, 0x00, 0x02, 0x01, 0xff, 0xc0, 0xf9, 0x00, 0x01, 0x0f, 0xfc, 0xfe, 0x00, 0x02, 0x01, 0xff, 0xe0, 0xf9, 0x00, 0x01,
  0x1f, 0xfc, 0xfe, 0x00, 0x02, 0x01, 0xff, 0xe0, 0xf9, 0x00, 0x01, 0x7f, 0xfc, 0xfe, 0x00, 0x02, 0x01, 0xff, 0xf8, 0xfa, 0x00, 0x02, 0x01, 0xff,
  0xfc, 0xfe, 0x00, 0x02, 0x01, 0xff, 0xfe, 0xfa, 0x00, 0x02, 0x07, 0xff, 0xfc, 0xfe, 0x00, 0x03, 0x01, 0xff, 0xfe, 0x80, 0xfb, 0x00, 0x02, 0x07,
  0xff, 0xfc, 0xfe, 0x00, 0x03, 0x01, 0xff, 0xff, 0x80, 0xfb, 0x00, 0x02, 0x1f, 0xff, 0xfc, 0xfe, 0x00, 0x03, 0x01, 0xff, 0xff, 0xe0, 0xfb, 0x00,
  0x02, 0x7f, 0xff, 0xfc, 0xfe, 0x00, 0x03, 0x01, 0xff, 0xff, 0xf8, 0xfb, 0x00, 0x02, 0xff, 0xff, 0xfc, 0xfe, 0x00, 0x03, 0x01, 0xff, 0xff, 0xfe,
  0xfc, 0x00, 0x03, 0x01, 0xff, 0xff, 0xfc, 0xfe, 0x00, 0x00, 0x01, 0xfe, 0xff, 0xfc, 0x00, 0x03, 0x03, 0xff, 0xff, 0xfc, 0xfe, 0x00, 0x00, 0x01,
  0xfe, 0xff, 0x00, 0x80, 0xfd, 0x00, 0x03, 0x0f, 0xff, 0xff, 0xfc, 0xfe, 0x00, 0x00, 0x01, 0xfe, 0xff, 0x00, 0xe0, 0xfd, 0x00, 0x03, 0x7f, 0xff,
  0xff, 0xfc, 0xfe, 0x00, 0x00, 0x01, 0xfe, 0xff, 0x00, 0xf8, 0xfe, 0x00, 0x00, 0x01, 0xfe, 0xff, 0x00, 0xfc, 0xfe, 0x00, 0x00, 0x01, 0xfe, 0xff,
  0x00, 0xfc, 0xfe, 0x00, 0x00, 0x01, 0xfe, 0xff, 0x00, 0xfc, 0xfe, 0x00, 0x00, 0x01, 0xfe, 0xff, 0x00, 0xfe, 0xfe, 0x00, 0x00, 0x03, 0xfe, 0xff,
  0x00, 0xfc, 0xfe, 0x00, 0x00, 0x01, 0xfd, 0xff, 0xfe, 0x00, 0x00, 0x03, 0xfe, 0xff, 0x00, 0xfc, 0xfe, 0x00, 0x00, 0x01, 0xfd, 0xff, 0xfe, 0x00,
  0x00, 0x07, 0xfe, 0xff, 0x00, 0xfc, 0xfe, 0x00, 0x00, 0x01, 0xfd, 0xff, 0xfe, 0x00, 0x00, 0x07, 0xfe, 0xff, 0x00, 0xfc, 0xfe, 0x00, 0x00, 0x01,
  0xfd, 0xff, 0xfe, 0x00, 0x00, 0x07, 0xfe, 0xff, 0x00, 0xfc, 0xfe, 0x00, 0x00, 0x01, 0xfd, 0xff, 0xfe, 0x00, 0x00, 0x07, 0xfe, 0xff, 0x00, 0xfc,
  0xfe, 0x00, 0x00, 0x01, 0xfd, 0xff, 0xfe, 0x00, 0x00, 0x07, 0xfe, 0xff, 0x00, 0xfc, 0xfe, 0x00, 0x00, 0x01, 0xfd, 0xff, 0xfe, 0x00, 0x00, 0x03,
  0xfe, 0xff, 0x00, 0xfc, 0xfe, 0x00, 0x00, 0x01, 0xfd, 0xff, 0xfe, 0x00, 0x00, 0x03, 0xfe, 0xff, 0x00, 0xfc, 0xfe, 0x00, 0x00, 0x01, 0xfd, 0xff,
  0xfe, 0x00, 0x00, 0x03, 0xfe, 0xff, 0x00, 0xfc, 0xfe, 0x00, 0x00, 0x01, 0xfd, 0xff, 0xfe, 0x00, 0x00, 0x03, 0xfe, 0xff, 0x00, 0xfc, 0xfe, 0x00,
  0x00, 0x01, 0xfd, 0xff, 0xfe, 0x00, 0x00, 0x03, 0xfe, 0xff, 0x00, 0xfc, 0xfe, 0x00, 0x00, 0x01, 0xfd, 0xff, 0xfe, 0x00, 0x00, 0x03, 0xfe, 0xff,
  0x00, 0xfc, 0xfe, 0x00, 0x00, 0x01, 0xfd, 0xff, 0xfe, 0x00, 0x00, 0x03, 0xfe, 0xff, 0x00, 0xfc, 0xfe, 0x00, 0x00, 0x01, 0xfd, 0xff, 0xfe, 0x00,
  0x00, 0x03, 0xfe, 0xff, 0x00, 0xfc, 0xfe, 0x00, 0x00, 0x01, 0xfd, 0xff, 0xfe, 0x00, 0x00, 0x03, 0xfe, 0xff, 0x00, 0xfc, 0xfe, 0x00, 0x00, 0x01,
  0xfd, 0xff, 0xfe, 0x00, 0x00, 0x03, 0xfe, 0xff, 0x00, 0xfc, 0xfe, 0x00, 0x00, 0x01, 0xfd, 0xff, 0xfe, 0x00, 0x00, 0x03, 0xfe, 0xff, 0x00, 0xfc,
  0xfe, 0x00, 0x00, 0x01, 0xfd, 0xff, 0xfe, 0x00, 0x00, 0x03, 0xfe, 0xff, 0x00, 0xfc, 0xfe, 0x00, 0x00, 0x01, 0xfd, 0xff, 0xfe, 0x00, 0x00, 0x03,
  0xfe, 0xff, 0x00, 0xfc, 0xfe, 0x00, 0x00, 0x01, 0xfd, 0xff, 0xfe, 0x00, 0x00, 0x03, 0xfe, 0xff, 0x00, 0xfc, 0xfe, 0x00, 0x00, 0x01, 0xfe, 0xff,
  0x04, 0xfe, 0x03, 0x80, 0x0e, 0x03, 0xfe, 0xff, 0x00, 0xfc, 0xfe, 0x00, 0x00, 0x01, 0xfd, 0xff, 0x03, 0x03, 0xe0, 0x3f, 0x07, 0xfe, 0xff, 0x00,
  0xfc, 0xfe, 0x00, 0x00, 0x01, 0xfd, 0xff, 0x03, 0x07, 0xff, 0xff, 0x07, 0xfe, 0xff, 0x00, 0xfc, 0xfe, 0x00, 0x00, 0x01, 0xfd, 0xff, 0x03, 0x07,
  0xff, 0xff, 0x07, 0xfe, 0xff, 0x00, 0xfc, 0xfe, 0x00, 0x00, 0x01, 0xfe, 0xff, 0x04, 0xfe, 0x03, 0xff, 0xfe, 0x01, 0xfe, 0xff, 0x00, 0xfc, 0xfe,
  0x00, 0x00, 0x01, 0xfe, 0xff, 0x08, 0xfc, 0x01, 0xff, 0xfe, 0x00, 0x7f, 0xff, 0xff, 0xfc, 0xfe, 0x00, 0x00, 0x01, 0xfe, 0xff, 0x08, 0xe0, 0x00,
  0xff, 0xfc, 0x00, 0x01, 0xff, 0xff, 0xfc, 0xfe, 0x00, 0x0c, 0x01, 0xff, 0xff, 0xfc, 0x00, 0x00, 0x3f, 0xe0, 0x00, 0x00, 0x7f, 0xff, 0xfc, 0xfd,
  0x00, 0x02, 0xff, 0xff, 0xe0, 0xfb, 0x00, 0x02, 0x0f, 0xff, 0xfc, 0xfd, 0x00, 0x02, 0xff, 0xff, 0xc0, 0xfb, 0x00, 0x02, 0x07, 0xff, 0xfc, 0xfd,
  0x00, 0x02, 0xff, 0xfe, 0x80, 0xfb, 0x00, 0x02, 0x03, 0xff, 0xfc, 0xfd, 0x00, 0x01, 0xff, 0xfe, 0xfa, 0x00, 0x02, 0x01, 0xff, 0xfc, 0xfd, 0x00,
  0x01, 0xff, 0xf8, 0xf9, 0x00, 0x01, 0x3f, 0xfc, 0xfd, 0x00, 0x01, 0xff, 0xf0, 0xf9, 0x00, 0x01, 0x1f, 0xfc, 0xfd, 0x00, 0x01, 0xff, 0xe0, 0xf9,
  0x00, 0x01, 0x07, 0xfc, 0xfd, 0x00, 0x01, 0xff, 0x80, 0xf9, 0x00, 0x01, 0x05, 0xfc, 0xfd, 0x00, 0x00, 0xfd, 0xf7, 0x00, 0x00, 0xfc, 0xfd, 0x00,
  0x00, 0xf8, 0xf7, 0x00, 0x00, 0x5c, 0xfd, 0x00, 0x00, 0xf0, 0xf7, 0x00, 0x00, 0x0c, 0xfd, 0x00, 0x00, 0xe0, 0xf7, 0x00, 0x00, 0x04, 0x8f, 0x00,
  0x81, 0x00, 0x81, 0x00, 0x81, 0x00, 0x81, 0x00, 0xfe, 0x00, 0x01, 0x07, 0xf8, 0xfc, 0x00, 0x02, 0x03, 0xff, 0xc0, 0xfb, 0x00, 0x02, 0x1f, 0xff,
  0xf8, 0xfe, 0x00, 0x03, 0x01, 0xff, 0xff, 0xf7, 0xfb, 0x00, 0x02, 0x7f, 0xff, 0xfe, 0xfe, 0x00, 0x00, 0x03, 0xfe, 0xff, 0x00, 0xc0, 0xfd, 0x00,
  0x00, 0x3f, 0xfe, 0xff, 0xfe, 0x00, 0x00, 0x07, 0xfe, 0xff, 0x00, 0xfc, 0xfd, 0x00, 0xfd, 0xff, 0x03, 0x80, 0x00, 0x00, 0x07, 0xfe, 0xff, 0x00,
  0xfc, 0xfd, 0x00, 0xfd, 0xff, 0x03, 0x83, 0x80, 0x0e, 0x0f, 0xfe, 0xff, 0x00, 0xfc, 0xfe, 0x00, 0x00, 0x01, 0xfd, 0xff, 0x03, 0x87, 0xe0, 0x3f,
  0x07, 0xfe, 0xff, 0x00, 0xfc, 0xfe, 0x00, 0x00, 0x01, 0xfd, 0xff, 0x03, 0x87, 0xff, 0xff, 0x07, 0xfe, 0xff, 0x00, 0xfc, 0xfe, 0x00, 0x00, 0x01,
  0xfd, 0xff, 0x03, 0x07, 0xff, 0xff, 0x03, 0xfe, 0xff, 0x00, 0xfc, 0xfe, 0x00, 0x00, 0x01, 0xfe, 0xff, 0x04, 0xfe, 0x03, 0xff, 0xfe, 0x01, 0xfe,
  0xff, 0x00, 0xfc, 0xfe, 0x00, 0x00, 0x01, 0xfe, 0xff, 0x08, 0xf8, 0x01, 0xff, 0xfe, 0x00, 0x7f, 0xff, 0xff, 0xfc, 0xfe, 0x00, 0x00, 0x01, 0xfe,
  0xff, 0x08, 0xf0, 0x00, 0xff, 0xfc, 0x00, 0x1f, 0xff, 0xff, 0xfc, 0xfe, 0x00, 0x00, 0x01, 0xfe, 0xff, 0x08, 0xc0, 0x00, 0x3f, 0xe0, 0x00, 0x07,
  0xff, 0xff, 0xfc, 0xfe, 0x00, 0x00, 0x01, 0xfe, 0xff, 0xfc, 0x00, 0x03, 0x03, 0xff, 0xff, 0xfe, 0xfe, 0x00, 0x03, 0x01, 0xff, 0xff, 0xfe, 0xfc,
  0x00, 0x03, 0x01, 0xff, 0xff, 0xfe, 0xfe, 0x00, 0x03, 0x01, 0xff, 0xff, 0xfc, 0xfb, 0x00, 0x02, 0x3f, 0xff, 0xfe, 0xfe, 0x00, 0x03, 0x01, 0xff,
  0xff, 0xf0, 0xfb, 0x00, 0x02, 0x1f, 0xff, 0xfc, 0xfe, 0x00, 0x03, 0x01, 0xff, 0xff, 0x80, 0xfb, 0x00, 0x02, 0x0f, 0xff, 0xfe, 0xfd, 0x00, 0x02,
  0xff, 0xff, 0x80, 0xfb, 0x00, 0x02, 0x07, 0xff, 0xfe, 0xfd, 0x00, 0x01, 0xff, 0xfe, 0xf9, 0x00, 0x01, 0xff, 0xfc, 0xfd, 0x00, 0x01, 0xff, 0xfe,
  0xf9, 0x00, 0x01, 0x7f, 0xfc, 0xfd, 0x00, 0x01, 0xff, 0xf0, 0xf9, 0x00, 0x01, 0x3f, 0xfc, 0xfd, 0x00, 0x01, 0xff, 0xc0, 0xf9, 0x00, 0x01, 0x17,
  0xfc, 0xfd, 0x00, 0x01, 0xff, 0xc0, 0xf9, 0x00, 0x01, 0x03, 0xfc, 0xfd, 0x00, 0x01, 0xff, 0x80, 0xf9, 0x00, 0x01, 0x01, 0xfc, 0xfd, 0x00, 0x00,
  0xff, 0xf7, 0x00, 0x00, 0xfc, 0xfd, 0x00, 0x00, 0xfc, 0xf7, 0x00, 0x00, 0x5c, 0xfd, 0x00, 0x00, 0xe0, 0xb4, 0x00, 0x02, 0x00, 0x01, 0xfe, 0xf8,
  0x00, 0x01, 0x07, 0xfc, 0xfe, 0x00, 0x02, 0x01, 0xfe, 0x80, 0xf9, 0x00, 0x01, 0x0f, 0xfc, 0xfe, 0x00, 0x02, 0x01, 0xff, 0xe0, 0xf9, 0x00, 0x01,
  0x5f, 0xfc, 0xfe, 0x00, 0x02, 0x01, 0xff, 0xe0, 0xf9, 0x00, 0x01, 0x7f, 0xfc, 0xfe, 0x00, 0x02, 0x01, 0xff, 0xf8, 0xfa, 0x00, 0x02, 0x01, 0xff,
  0xfc, 0xfe, 0x00, 0x02, 0x01, 0xff, 0xfe, 0xfa, 0x00, 0x02, 0x07, 0xff, 0xfc, 0xfe, 0x00, 0x02, 0x01, 0xff, 0xfe, 0xfa, 0x00, 0x02, 0x07, 0xff,
  0xfc, 0xfe, 0x00, 0x03, 0x01, 0xff, 0xff, 0x80, 0xfb, 0x00, 0x02, 0x1f, 0xff, 0xfc, 0xfe, 0x00, 0x03, 0x01, 0xff, 0xff, 0xc0, 0xfb, 0x00, 0x02,
  0x7f, 0xff, 0xfc, 0xfe, 0x00, 0x03, 0x01, 0xff, 0xff, 0xf8, 0xfb, 0x00, 0x02, 0xff, 0xff, 0xfc, 0xfe, 0x00, 0x03, 0x01, 0xff, 0xff, 0xfe, 0xfc,
  0x00, 0x03, 0x01, 0xff, 0xff, 0xfc, 0xfe, 0x00, 0x00, 0x01, 0xfe, 0xff, 0xfc, 0x00, 0x03, 0x03, 0xff, 0xff, 0xfc, 0xfe, 0x00, 0x00, 0x01, 0xfe,
  0xff, 0x00, 0x80, 0xfd, 0x00, 0x03, 0x1f, 0xff, 0xff, 0xfc, 0xfe, 0x00, 0x00, 0x01, 0xfe, 0xff, 0x00, 0xf0, 0xfd, 0x00, 0x03, 0x7f, 0xff, 0xff,
  0xfc, 0xfe, 0x00, 0x00, 0x01, 0xfe, 0xff, 0x00, 0xf8, 0xfe, 0x00, 0x00, 0x01, 0xfe, 0xff, 0x00, 0xfc, 0xfe, 0x00, 0x00, 0x01, 0xfe, 0xff, 0x00,
  0xfc, 0xfe, 0x00, 0x00, 0x03, 0xfe, 0xff, 0x00, 0xfc, 0xfe, 0x00, 0x00, 0x01, 0xfe, 0xff, 0x00, 0xfe, 0xfe, 0x00, 0x00, 0x03, 0xfe, 0xff, 0x00,
  0xfc, 0xfe, 0x00, 0x00, 0x01, 0xfd, 0xff, 0xfe, 0x00, 0x00, 0x03, 0xfe, 0xff, 0x00, 0xfc, 0xfe, 0x00, 0x00, 0x01, 0xfd, 0xff, 0xfe, 0x00, 0x00,
  0x07, 0xfe, 0xff, 0x00, 0xfc, 0xfe, 0x00, 0x00, 0x01, 0xfd, 0xff, 0xfe, 0x00, 0x00, 0x07, 0xfe, 0xff, 0x00, 0xfc, 0xfe, 0x00, 0x00, 0x01, 0xfd,
  0xff, 0xfe, 0x00, 0x00, 0x07, 0xfe, 0xff, 0x00, 0xfc, 0xfe, 0x00, 0x00, 0x01, 0xfd, 0xff, 0xfe, 0x00, 0x00, 0x07, 0xfe, 0xff, 0x00, 0xfc, 0xfe,
  0x00, 0x00, 0x01, 0xfd, 0xff, 0xfe, 0x00, 0x00, 0x07, 0xfe, 0xff, 0x00, 0xfc, 0xfe, 0x00, 0x00, 0x01, 0xfd, 0xff, 0xfe, 0x00, 0x00, 0x07, 0xfe,
  0xff, 0x00, 0xfc, 0xfe, 0x00, 0x00, 0x01, 0xfd, 0xff, 0xfe, 0x00, 0x00, 0x03, 0xfe, 0xff, 0x00, 0xfc, 0xfe, 0x00, 0x00, 0x01, 0xfd, 0xff, 0xfe,
  0x00, 0x00, 0x03, 0xfe, 0xff, 0x00, 0xfc, 0xfe, 0x00, 0x00, 0x01, 0xfd, 0xff, 0xfe, 0x00, 0x00, 0x03, 0xfe, 0xff, 0x00, 0xfc, 0xfe, 0x00, 0x00,
  0x01, 0xfd, 0xff, 0xfe, 0x00, 0x00, 0x03, 0xfe, 0xff, 0x00, 0xfc, 0xfe, 0x00, 0x00, 0x01, 0xfd, 0xff, 0xfe, 0x00, 0x00, 0x03, 0xfe, 0xff, 0x00,
  0xfc, 0xfe, 0x00, 0x00, 0x01, 0xfd, 0xff, 0xfe, 0x00, 0x00, 0x03, 0xfe, 0xff, 0x00, 0xfc, 0xfe, 0x00, 0x00, 0x01, 0xfd, 0xff, 0xfe, 0x00, 0x00,
  0x03, 0xfe, 0xff, 0x00, 0xfc, 0xfe, 0x00, 0x00, 0x01, 0xfd, 0xff, 0xfe, 0x00, 0x00, 0x03, 0xfe, 0xff, 0x00, 0xfc, 0xfe, 0x00, 0x00, 0x01, 0xfd,
  0xff, 0xfe, 0x00, 0x00, 0x03, 0xfe, 0xff, 0x00, 0xfc, 0xfe, 0x00, 0x00, 0x01, 0xfd, 0xff, 0xfe, 0x00, 0x00, 0x03, 0xfe, 0xff, 0x00, 0xfc, 0xfe,
  0x00, 0x00, 0x01, 0xfd, 0xff, 0xfe, 0x00, 0x00, 0x03, 0xfe, 0xff, 0x00, 0xfc, 0xfe, 0x00, 0x00, 0x01, 0xfd, 0xff, 0xfe, 0x00, 0x00, 0x03, 0xfe,
  0xff, 0x00, 0xfc, 0xfe, 0x00, 0x00, 0x01, 0xfd, 0xff, 0xfe, 0x00, 0x00, 0x03, 0xfe, 0xff, 0x00, 0xfc, 0xfe, 0x00, 0x00, 0x01, 0xfd, 0xff, 0x03,
  0x03, 0x80, 0x0e, 0x03, 0xfe, 0xff, 0x00, 0xfc, 0xfe, 0x00, 0x00, 0x01, 0xfe, 0xff, 0x04, 0xfe, 0x03, 0xe0, 0x3f, 0x03, 0xfe, 0xff, 0x00, 0xfc,
  0xfe, 0x00, 0x00, 0x01, 0xfe, 0xff, 0x04, 0xfe, 0x07, 0xff, 0xff, 0x01, 0xfe, 0xff, 0x00, 0xfc, 0xfe, 0x00, 0x00, 0x01, 0xfe, 0xff, 0x04, 0xfc,
  0x07, 0xff, 0xff, 0x00, 0xfe, 0xff, 0x00, 0xfc, 0xfe, 0x00, 0x00, 0x01, 0xfe, 0xff, 0x08, 0xf0, 0x03, 0xff, 0xfe, 0x00, 0x1f, 0xff, 0xff, 0xfc,
  0xfe, 0x00, 0x00, 0x01, 0xfe, 0xff, 0x08, 0xc0, 0x01, 0xff, 0xfe, 0x00, 0x07, 0xff, 0xff, 0xfc, 0xfe, 0x00, 0x00, 0x01, 0xfe, 0xff, 0x08, 0x80,
  0x00, 0xff, 0xfc, 0x00, 0x01, 0xff, 0xff, 0xfc, 0xfe, 0x00, 0x0c, 0x01, 0xff, 0xff, 0xfc, 0x00, 0x00, 0x3f, 0xe0, 0x00, 0x00, 0x7f, 0xff, 0xfc,
  0xfe, 0x00, 0x03, 0x01, 0xff, 0xff, 0xf0, 0xfb, 0x00, 0x02, 0x1f, 0xff, 0xfc, 0xfe, 0x00, 0x03, 0x01, 0xff, 0xff, 0xc0, 0xfb, 0x00, 0x02, 0x0f,
  0xff, 0xfc, 0xfe, 0x00, 0x03, 0x01, 0xff, 0xff, 0x80, 0xfb, 0x00, 0x02, 0x03, 0xff, 0xfc, 0xfd, 0x00, 0x01, 0xff, 0xfe, 0xfa, 0x00, 0x02, 0x01,
  0xff, 0xfc, 0xfd, 0x00, 0x01, 0xff, 0xfc, 0xf9, 0x00, 0x01, 0x3f, 0xfc, 0xfd, 0x00, 0x01, 0xff, 0xf8, 0xf9, 0x00, 0x01, 0x1f, 0xfc, 0xfd, 0x00,
  0x01, 0xff, 0xf0, 0xf9, 0x00, 0x01, 0x0f, 0xfc, 0xfd, 0x00, 0x01, 0xff, 0x80, 0xf9, 0x00, 0x01, 0x05, 0xfc, 0xfd, 0x00, 0x00, 0xff, 0xf7, 0x00,
  0x00, 0xfc, 0xfd, 0x00, 0x00, 0xfc, 0xf7, 0x00, 0x00, 0x7c, 0xfd, 0x00, 0x00, 0xf0, 0xf7, 0x00, 0x00, 0x0c, 0xfd, 0x00, 0x00, 0xf0, 0xf7, 0x00,
  0x00, 0x04, 0xfd, 0x00, 0x00, 0x40, 0x94, 0x00, 0x02, 0x00, 0x01, 0xfe, 0xf8, 0x00, 0x01, 0x07, 0xfc, 0xfe, 0x00, 0x02, 0x01, 0xff, 0xc0, 0xf9,
  0x00, 0x01, 0x0f, 0xfc, 0xfe, 0x00, 0x02, 0x01, 0xff, 0xe0, 0xf9, 0x00, 0x01, 0x5f, 0xfc, 0xfe, 0x00, 0x02, 0x01, 0xff, 0xe0, 0xf9, 0x00, 0x01,
  0x7f, 0xfc, 0xfe, 0x00, 0x02, 0x01, 0xff, 0xf8, 0xfa, 0x00, 0x02, 0x01, 0xff, 0xfc, 0xfe, 0x00, 0x02, 0x01, 0xff, 0xfe, 0xfa, 0x00, 0x02, 0x07,
  0xff, 0xfc, 0xfe, 0x00, 0x02, 0x01, 0xff, 0xfe, 0xfa, 0x00, 0x02, 0x07, 0xff, 0xfc, 0xfe, 0x00, 0x03, 0x01, 0xff, 0xff, 0x80, 0xfb, 0x00, 0x02,
  0x1f, 0xff, 0xfc, 0xfe, 0x00, 0x03, 0x01, 0xff, 0xff, 0xc0, 0xfb, 0x00, 0x02, 0x7f, 0xff, 0xfc, 0xfe, 0x00, 0x03, 0x01, 0xff, 0xff, 0xf8, 0xfb,
  0x00, 0x02, 0xff, 0xff, 0xfc, 0xfe, 0x00, 0x03, 0x01, 0xff, 0xff, 0xfe, 0xfc, 0x00, 0x03, 0x01, 0xff, 0xff, 0xfc, 0xfe, 0x00, 0x00, 0x01, 0xfe,
  0xff, 0xfc, 0x00, 0x03, 0x03, 0xff, 0xff, 0xfc, 0xfe, 0x00, 0x00, 0x01, 0xfe, 0xff, 0x00, 0x80, 0xfd, 0x00, 0x03, 0x0f, 0xff, 0xff, 0xfc, 0xfe,
  0x00, 0x00, 0x01, 0xfe, 0xff, 0x00, 0xf0, 0xfd, 0x00, 0x03, 0x7f, 0xff, 0xff, 0xfc, 0xfe, 0x00, 0x00, 0x01, 0xfe, 0xff, 0x00, 0xf8, 0xfe, 0x00,
  0x00, 0x01, 0xfe, 0xff, 0x00, 0xfc, 0xfe, 0x00, 0x00, 0x01, 0xfe, 0xff, 0x00, 0xfc, 0xfe, 0x00, 0x00, 0x01, 0xfe, 0xff, 0x00, 0xfc, 0xfe, 0x00,
  0x00, 0x01, 0xfe, 0xff, 0x00, 0xfe, 0xfe, 0x00, 0x00, 0x03, 0xfe, 0xff, 0x00, 0xfc, 0xfe, 0x00, 0x00, 0x01, 0xfd, 0xff, 0xfe, 0x00, 0x00, 0x03,
  0xfe, 0xff, 0x00, 0xfc, 0xfe, 0x00, 0x00, 0x01, 0xfd, 0xff, 0xfe, 0x00, 0x00, 0x07, 0xfe, 0xff, 0x00, 0xfc, 0xfe, 0x00, 0x00, 0x01, 0xfd, 0xff,
  0xfe, 0x00, 0x00, 0x07, 0xfe, 0xff, 0x00, 0xfc, 0xfe, 0x00, 0x00, 0x01, 0xfd, 0xff, 0xfe, 0x00, 0x00, 0x07, 0xfe, 0xff, 0x00, 0xfc, 0xfe, 0x00,
  0x00, 0x01, 0xfd, 0xff, 0xfe, 0x00, 0x00, 0x07, 0xfe, 0xff, 0x00, 0xfc, 0xfe, 0x00, 0x00, 0x01, 0xfd, 0xff, 0xfe, 0x00, 0x00, 0x07, 0xfe, 0xff,
  0x00, 0xfc, 0xfe, 0x00, 0x00, 0x01, 0xfd, 0xff, 0xfe, 0x00, 0x00, 0x07, 0xfe, 0xff, 0x00, 0xfc, 0xfe, 0x00, 0x00, 0x01, 0xfd, 0xff, 0xfe, 0x00,
  0x00, 0x03, 0xfe, 0xff, 0x00, 0xfc, 0xfe, 0x00, 0x00, 0x01, 0xfd, 0xff, 0xfe, 0x00, 0x00, 0x03, 0xfe, 0xff, 0x00, 0xfc, 0xfe, 0x00, 0x00, 0x01,
  0xfd, 0xff, 0xfe, 0x00, 0x00, 0x03, 0xfe, 0xff, 0x00, 0xfc, 0xfe, 0x00, 0x00, 0x01, 0xfd, 0xff, 0xfe, 0x00, 0x00, 0x03, 0xfe, 0xff, 0x00, 0xfc,
  0xfe, 0x00, 0x00, 0x01, 0xfd, 0xff, 0xfe, 0x00, 0x00, 0x03, 0xfe, 0xff, 0x00, 0xfc, 0xfe, 0x00, 0x00, 0x01, 0xfd, 0xff, 0xfe, 0x00, 0x00, 0x03,
  0xfe, 0xff, 0x00, 0xfc, 0xfe, 0x00, 0x00, 0x01, 0xfd, 0xff, 0xfe, 0x00, 0x00, 0x03, 0xfe, 0xff, 0x00, 0xfc, 0xfe, 0x00, 0x00, 0x01, 0xfd, 0xff,
  0xfe, 0x00, 0x00, 0x03, 0xfe, 0xff, 0x00, 0xfc, 0xfe, 0x00, 0x00, 0x01, 0xfd, 0xff, 0xfe, 0x00, 0x00, 0x03, 0xfe, 0xff, 0x00, 0xfc, 0xfe, 0x00,
  0x00, 0x01, 0xfd, 0xff, 0xfe, 0x00, 0x00, 0x03, 0xfe, 0xff, 0x00, 0xfc, 0xfe, 0x00, 0x00, 0x01, 0xfd, 0xff, 0xfe, 0x00, 0x00, 0x03, 0xfe, 0xff,
  0x00, 0xfc, 0xfe, 0x00, 0x00, 0x01, 0xfd, 0xff, 0xfe, 0x00, 0x00, 0x03, 0xfe, 0xff, 0x00, 0xfc, 0xfe, 0x00, 0x00, 0x01, 0xfd, 0xff, 0xfe, 0x00,
  0x00, 0x03, 0xfe, 0xff, 0x00, 0xfc, 0xfe, 0x00, 0x00, 0x01, 0xfd, 0xff, 0x03, 0x03, 0x80, 0x0e, 0x03, 0xfe, 0xff, 0x00, 0xfc, 0xfe, 0x00, 0x00,
  0x01, 0xfe, 0xff, 0x04, 0xfe, 0x03, 0xe0, 0x3f, 0x03, 0xfe, 0xff, 0x00, 0xfc, 0xfe, 0x00, 0x00, 0x01, 0xfe, 0xff, 0x04, 0xfe, 0x07, 0xff, 0xff,
  0x01, 0xfe, 0xff, 0x00, 0xfc, 0xfe, 0x00, 0x00, 0x01, 0xfe, 0xff, 0x04, 0xfc, 0x07, 0xff, 0xff, 0x00, 0xfe, 0xff, 0x00, 0xfc, 0xfe, 0x00, 0x00,
  0x01, 0xfe, 0xff, 0x08, 0xf0, 0x03, 0xff, 0xfe, 0x00, 0x1f, 0xff, 0xff, 0xfc, 0xfe, 0x00, 0x00, 0x01, 0xfe, 0xff, 0x08, 0xc0, 0x01, 0xff, 0xfe,
  0x00, 0x07, 0xff, 0xff, 0xfc, 0xfe, 0x00, 0x00, 0x01, 0xfe, 0xff, 0x08, 0x80, 0x00, 0xff, 0xfc, 0x00, 0x01, 0xff, 0xff, 0xfc, 0xfe, 0x00, 0x0c,
  0x01, 0xff, 0xff, 0xfc, 0x00, 0x00, 0x3f, 0xe0, 0x00, 0x00, 0x7f, 0xff, 0xfc, 0xfe, 0x00, 0x03, 0x01, 0xff, 0xff, 0xf0, 0xfb, 0x00, 0x02, 0x1f,
  0xff, 0xfc, 0xfe, 0x00, 0x03, 0x01, 0xff, 0xff, 0xc0, 0xfb, 0x00, 0x02, 0x0f, 0xff, 0xfc, 0xfe, 0x00, 0x03, 0x01, 0xff, 0xff, 0x80, 0xfb, 0x00,
  0x02, 0x03, 0xff, 0xfc, 0xfd, 0x00, 0x01, 0xff, 0xfe, 0xfa, 0x00, 0x02, 0x01, 0xff, 0xfc, 0xfd, 0x00, 0x01, 0xff, 0xfc, 0xf9, 0x00, 0x01, 0x3f,
  0xfc, 0xfd, 0x00, 0x01, 0xff, 0xf0, 0xf9, 0x00, 0x01, 0x1f, 0xfc, 0xfd, 0x00, 0x01, 0xff, 0xf0, 0xf9, 0x00, 0x01, 0x0f, 0xfc, 0xfd, 0x00, 0x01,
  0xff, 0x80, 0xf9, 0x00, 0x01, 0x07, 0xfc, 0xfd, 0x00, 0x00, 0xff, 0xf7, 0x00, 0x00, 0xfc, 0xfd, 0x00, 0x00, 0xfc, 0xf7, 0x00, 0x00, 0x7c, 0xfd,
  0x00, 0x00, 0xf0, 0xf7, 0x00, 0x00, 0x0c, 0xfd, 0x00, 0x00, 0xf0, 0xf7, 0x00, 0x00, 0x04, 0xfd, 0x00, 0x00, 0x40, 0x94, 0x00, 0x81, 0x00, 0x81,
  0x00, 0x81, 0x00, 0x81, 0x00, 0xb5, 0x00, 0x00, 0x80, 0xfb, 0x00, 0x09, 0x0f, 0x00, 0x00, 0x03, 0x80, 0x0e, 0x03, 0x00, 0x3f, 0xc0, 0xfb, 0x00,
  0x09, 0x1f, 0xff, 0xff, 0x07, 0xe0, 0x1f, 0x07, 0xff, 0xff, 0xe0, 0xfb, 0x00, 0x09, 0x1f, 0xff, 0xff, 0x87, 0xfe, 0xff, 0x07, 0xff, 0xff, 0xe0,
  0xfb, 0x00, 0x09, 0x1f, 0xff, 0xff, 0x87, 0xff, 0xff, 0x07, 0xff, 0xff, 0xc0, 0xfb, 0x00, 0x09, 0x0f, 0xff, 0xff, 0x03, 0xff, 0xff, 0x03, 0xff,
  0xff, 0x80, 0xfb, 0x00, 0x08, 0x07, 0xff, 0xfe, 0x01, 0xff, 0xfe, 0x01, 0xff, 0xfe, 0xf9, 0x00, 0x07, 0xff, 0xf8, 0x00, 0xff, 0xfc, 0x00, 0x3f,
  0xf0, 0xf6, 0x00, 0x01, 0x3f, 0xe0, 0x81, 0x00, 0x81, 0x00, 0xca, 0x00, 0x81, 0x00, 0x81, 0x00, 0x81, 0x00, 0x81, 0x00, 0xfe, 0x00, 0x01, 0x07,
  0xe0, 0xfc, 0x00, 0x02, 0x0f, 0xff, 0xc0, 0xfb, 0x00, 0x02, 0x1f, 0xff, 0xf8, 0xfd, 0x00, 0x02, 0xff, 0xff, 0xf7, 0xfb, 0x00, 0x02, 0x7f, 0xff,
  0xfe, 0xfe, 0x00, 0x00, 0x03, 0xfe, 0xff, 0x00, 0xe0, 0xfd, 0x00, 0x00, 0x3f, 0xfe, 0xff, 0xfe, 0x00, 0x00, 0x07, 0xfe, 0xff, 0x00, 0xfc, 0xfd,
  0x00, 0xfd, 0xff, 0x03, 0x80, 0x00, 0x00, 0x07, 0xfe, 0xff, 0x00, 0xfc, 0xfd, 0x00, 0xfd, 0xff, 0x03, 0x83, 0x80, 0x0e, 0x0f, 0xfe, 0xff, 0x00,
  0xfc, 0xfe, 0x00, 0x00, 0x01, 0xfd, 0xff, 0x03, 0x87, 0xe0, 0x1f, 0x07, 0xfe, 0xff, 0x00, 0xfc, 0xfe, 0x00, 0x00, 0x01, 0xfd, 0xff, 0x03, 0x87,
  0xfc, 0xff, 0x07, 0xfe, 0xff, 0x00, 0xfc, 0xfe, 0x00, 0x00, 0x01, 0xfd, 0xff, 0x03, 0x07, 0xff, 0xff, 0x03, 0xfe, 0xff, 0x00, 0xfc, 0xfe, 0x00,
  0x00, 0x01, 0xfe, 0xff, 0x04, 0xfe, 0x03, 0xff, 0xff, 0x01, 0xfe, 0xff, 0x00, 0xfc, 0xfe, 0x00, 0x00, 0x01, 0xfe, 0xff, 0x08, 0xf8, 0x01, 0xff,
  0xfe, 0x00, 0x7f, 0xff, 0xff, 0xfc, 0xfe, 0x00, 0x00, 0x01, 0xfe, 0xff, 0x08, 0xe0, 0x00, 0xff, 0xfc, 0x00, 0x1f, 0xff, 0xff, 0xfc, 0xfe, 0x00,
  0x00, 0x01, 0xfe, 0xff, 0x08, 0x80, 0x00, 0x3f, 0xe0, 0x00, 0x07, 0xff, 0xff, 0xfc, 0xfe, 0x00, 0x00, 0x01, 0xfe, 0xff, 0xfc, 0x00, 0x03, 0x03,
  0xff, 0xff, 0xfc, 0xfe, 0x00, 0x03, 0x01, 0xff, 0xff, 0xfc, 0xfb, 0x00, 0x02, 0xff, 0xff, 0xfc, 0xfe, 0x00, 0x03, 0x01, 0xff, 0xff, 0xf8, 0xfb,
  0x00, 0x02, 0x3f, 0xff, 0xfc, 0xfe, 0x00, 0x03, 0x01, 0xff, 0xff, 0xf0, 0xfb, 0x00, 0x02, 0x1f, 0xff, 0xfc, 0xfe, 0x00, 0x03, 0x01, 0xff, 0xff,
  0xa0, 0xfb, 0x00, 0x02, 0x0f, 0xff, 0xfc, 0xfd, 0x00, 0x02, 0xff, 0xff, 0x80, 0xfb, 0x00, 0x02, 0x07, 0xff, 0xfc, 0xfd, 0x00, 0x01, 0xff, 0xfe,
  0xf9, 0x00, 0x01, 0xff, 0xfc, 0xfd, 0x00, 0x01, 0xff, 0xfe, 0xf9, 0x00, 0x01, 0x7f, 0xfc, 0xfd, 0x00, 0x01, 0xff, 0xf8, 0xf9, 0x00, 0x01, 0x3f,
  0xfc, 0xfd, 0x00, 0x01, 0xff, 0xc0, 0xf9, 0x00, 0x01, 0x1f, 0xfc, 0xfd, 0x00, 0x01, 0xff, 0xc0, 0xf9, 0x00, 0x01, 0x07, 0xfc, 0xfd, 0x00, 0x01,
  0xff, 0x80, 0xf9, 0x00, 0x01, 0x01, 0xfc, 0xfd, 0x00, 0x00, 0xff, 0xf7, 0x00, 0x00, 0xfc, 0xfd, 0x00, 0x00, 0xfc, 0xf7, 0x00, 0x00, 0x7c, 0xfd,
  0x00, 0x00, 0xf0, 0xf7, 0x00, 0x00, 0x08, 0xbf, 0x00, 0x02, 0x00, 0x01, 0xfe, 0xf8, 0x00, 0x01, 0x07, 0xfc, 0xfe, 0x00, 0x02, 0x01, 0xfe, 0x80,
  0xf9, 0x00, 0x01, 0x0f, 0xfc, 0xfe, 0x00, 0x02, 0x01, 0xff, 0xe0, 0xf9, 0x00, 0x01, 0x1f, 0xfc, 0xfe, 0x00, 0x02, 0x01, 0xff, 0xe0, 0xf9, 0x00,
  0x01, 0x7f, 0xfc, 0xfe, 0x00, 0x02, 0x01, 0xff, 0xf8, 0xfa, 0x00, 0x02, 0x01, 0xff, 0xfc, 0xfe, 0x00, 0x02, 0x01, 0xff, 0xfe, 0xfa, 0x00, 0x02,
  0x07, 0xff, 0xfc, 0xfe, 0x00, 0x02, 0x01, 0xff, 0xfe, 0xfa, 0x00, 0x02, 0x07, 0xff, 0xfc, 0xfe, 0x00, 0x03, 0x01, 0xff, 0xff, 0x80, 0xfb, 0x00,
  0x02, 0x1f, 0xff, 0xfc, 0xfe, 0x00, 0x03, 0x01, 0xff, 0xff, 0xc0, 0xfb, 0x00, 0x02, 0x7f, 0xff, 0xfc, 0xfe, 0x00, 0x03, 0x01, 0xff, 0xff, 0xf8,
  0xfb, 0x00, 0x02, 0xff, 0xff, 0xfc, 0xfe, 0x00, 0x03, 0x01, 0xff, 0xff, 0xfc, 0xfc, 0x00, 0x03, 0x01, 0xff, 0xff, 0xfc, 0xfe, 0x00, 0x00, 0x01,
  0xfe, 0xff, 0xfc, 0x00, 0x03, 0x03, 0xff, 0xff, 0xfc, 0xfe, 0x00, 0x00, 0x01, 0xfe, 0xff, 0x00, 0x80, 0xfd, 0x00, 0x03, 0x0f, 0xff, 0xff, 0xfc,
  0xfe, 0x00, 0x00, 0x01, 0xfe, 0xff, 0x00, 0xe0, 0xfd, 0x00, 0x03, 0x7f, 0xff, 0xff, 0xfc, 0xfe, 0x00, 0x00, 0x01, 0xfe, 0xff, 0x00, 0xf8, 0xfd,
  0x00, 0xfe, 0xff, 0x00, 0xfc, 0xfe, 0x00, 0x00, 0x01, 0xfe, 0xff, 0x00, 0xfc, 0xfe, 0x00, 0x00, 0x01, 0xfe, 0xff, 0x00, 0xfc, 0xfe, 0x00, 0x00,
  0x01, 0xfe, 0xff, 0x00, 0xfe, 0xfe, 0x00, 0x00, 0x03, 0xfe, 0xff, 0x00, 0xfc, 0xfe, 0x00, 0x00, 0x01, 0xfd, 0xff, 0xfe, 0x00, 0x00, 0x03, 0xfe,
  0xff, 0x00, 0xfc, 0xfe, 0x00, 0x00, 0x01, 0xfd, 0xff, 0xfe, 0x00, 0x00, 0x07, 0xfe, 0xff, 0x00, 0xfc, 0xfe, 0x00, 0x00, 0x01, 0xfd, 0xff, 0xfe,
  0x00, 0x00, 0x07, 0xfe, 0xff, 0x00, 0xfc, 0xfe, 0x00, 0x00, 0x01, 0xfd, 0xff, 0xfe, 0x00, 0x00, 0x07, 0xfe, 0xff, 0x00, 0xfc, 0xfe, 0x00, 0x00,
  0x01, 0xfd, 0xff, 0xfe, 0x00, 0x00, 0x07, 0xfe, 0xff, 0x00, 0xfc, 0xfe, 0x00, 0x00, 0x01, 0xfd, 0xff, 0xfe, 0x00, 0x00, 0x07, 0xfe, 0xff, 0x00,
  0xfc, 0xfe, 0x00, 0x00, 0x01, 0xfd, 0xff, 0xfe, 0x00, 0x00, 0x07, 0xfe, 0xff, 0x00, 0xfc, 0xfe, 0x00, 0x00, 0x01, 0xfd, 0xff, 0xfe, 0x00, 0x00,
  0x07, 0xfe, 0xff, 0x00, 0xfc, 0xfe, 0x00, 0x00, 0x01, 0xfd, 0xff, 0xfe, 0x00, 0x00, 0x07, 0xfe, 0xff, 0x00, 0xfc, 0xfe, 0x00, 0x00, 0x01, 0xfd,
  0xff, 0xfe, 0x00, 0x00, 0x07, 0xfe, 0xff, 0x00, 0xfc, 0xfe, 0x00, 0x00, 0x01, 0xfd, 0xff, 0xfe, 0x00, 0x00, 0x07, 0xfe, 0xff, 0x00, 0xfe, 0xfe,
  0x00, 0x00, 0x01, 0xfd, 0xff, 0xfe, 0x00, 0x00, 0x03, 0xfe, 0xff, 0x00, 0xfc, 0xfe, 0x00, 0x00, 0x01, 0xfd, 0xff, 0xfe, 0x00, 0x00, 0x03, 0xfe,
  0xff, 0x00, 0xfc, 0xfe, 0x00, 0x00, 0x01, 0xfd, 0xff, 0xfe, 0x00, 0x00, 0x03, 0xfe, 0xff, 0x00, 0xfc, 0xfe, 0x00, 0x00, 0x01, 0xfd, 0xff, 0xfe,
  0x00, 0x00, 0x03, 0xfe, 0xff, 0x00, 0xfc, 0xfe, 0x00, 0x00, 0x01, 0xfd, 0xff, 0xfe, 0x00, 0x00, 0x03, 0xfe, 0xff, 0x00, 0xfc, 0xfe, 0x00, 0x00,
  0x01, 0xfd, 0xff, 0xfe, 0x00, 0x00, 0x03, 0xfe, 0xff, 0x00, 0xfc, 0xfe, 0x00, 0x00, 0x01, 0xfd, 0xff, 0xfe, 0x00, 0x00, 0x03, 0xfe, 0xff, 0x00,
  0xfc, 0xfe, 0x00, 0x00, 0x01, 0xfd, 0xff, 0xfe, 0x00, 0x00, 0x03, 0xfe, 0xff, 0x00, 0xfc, 0xfe, 0x00, 0x00, 0x01, 0xfd, 0xff, 0xfe, 0x00, 0x00,
  0x03, 0xfe, 0xff, 0x00, 0xfc, 0xfe, 0x00, 0x00, 0x01, 0xfd, 0xff, 0x03, 0x03, 0x80, 0x0e, 0x03, 0xfe, 0xff, 0x00, 0xfc, 0xfe, 0x00, 0x00, 0x01,
  0xfe, 0xff, 0x04, 0xfe, 0x03, 0xe0, 0x1f, 0x03, 0xfe, 0xff, 0x00, 0xfc, 0xfe, 0x00, 0x00, 0x01, 0xfe, 0xff, 0x04, 0xfe, 0x07, 0xf8, 0xff, 0x01,
  0xfe, 0xff, 0x00, 0xfc, 0xfe, 0x00, 0x00, 0x01, 0xfe, 0xff, 0x04, 0xfc, 0x07, 0xff, 0xff, 0x00, 0xfe, 0xff, 0x00, 0xfc, 0xfe, 0x00, 0x00, 0x01,
  0xfe, 0xff, 0x08, 0xf0, 0x03, 0xff, 0xff, 0x00, 0x3f, 0xff, 0xff, 0xfc, 0xfe, 0x00, 0x00, 0x01, 0xfe, 0xff, 0x08, 0xc0, 0x01, 0xff, 0xfe, 0x00,
  0x07, 0xff, 0xff, 0xfc, 0xfe, 0x00, 0x00, 0x01, 0xfe, 0xff, 0x08, 0x80, 0x00, 0xff, 0xfc, 0x00, 0x01, 0xff, 0xff, 0xfc, 0xfe, 0x00, 0x0c, 0x01,
  0xff, 0xff, 0xfc, 0x00, 0x00, 0x3f, 0xe0, 0x00, 0x00, 0x7f, 0xff, 0xfc, 0xfe, 0x00, 0x03, 0x01, 0xff, 0xff, 0xf0, 0xfb, 0x00, 0x02, 0x1f, 0xff,
  0xfe, 0xfe, 0x00, 0x03, 0x01, 0xff, 0xff, 0xc0, 0xfb, 0x00, 0x02, 0x0f, 0xff, 0xfc, 0xfe, 0x00, 0x03, 0x01, 0xff, 0xff, 0x80, 0xfb, 0x00, 0x02,
  0x03, 0xff, 0xfc, 0xfd, 0x00, 0x01, 0xff, 0xfe, 0xfa, 0x00, 0x02, 0x01, 0xff, 0xfc, 0xfd, 0x00, 0x01, 0xff, 0xfe, 0xf9, 0x00, 0x01, 0x7f, 0xfc,
  0xfd, 0x00, 0x01, 0xff, 0xf8, 0xf9, 0x00, 0x01, 0x1f, 0xfc, 0xfd, 0x00, 0x01, 0xff, 0xf0, 0xf9, 0x00, 0x01, 0x0f, 0xfc, 0xfd, 0x00, 0x01, 0xff,
  0x80, 0xf9, 0x00, 0x01, 0x07, 0xfc, 0xfd, 0x00, 0x00, 0xff, 0xf7, 0x00, 0x00, 0xfc, 0xfd, 0x00, 0x00, 0xfc, 0xf7, 0x00, 0x00, 0x7c, 0xfd, 0x00,
  0x00, 0xf0, 0xf7, 0x00, 0x00, 0x0c, 0xfd, 0x00, 0x00, 0xf0, 0xf7, 0x00, 0x00, 0x04, 0xfd, 0x00, 0x00, 0x40, 0x94, 0x00, 0x02, 0x00, 0x01, 0xfe,
  0xf8, 0x00, 0x01, 0x07, 0xfc, 0xfe, 0x00, 0x02, 0x01, 0xff, 0xc0, 0xf9, 0x00, 0x01, 0x0f, 0xfc, 0xfe, 0x00, 0x02, 0x01, 0xff, 0xe0, 0xf9, 0x00,
  0x01, 0x5f, 0xfc, 0xfe, 0x00, 0x02, 0x01, 0xff, 0xe0, 0xf9, 0x00, 0x01, 0x7f, 0xfc, 0xfe, 0x00, 0x02, 0x01, 0xff, 0xf8, 0xfa, 0x00, 0x02, 0x01,
  0xff, 0xfc, 0xfe, 0x00, 0x02, 0x01, 0xff, 0xfe, 0xfa, 0x00, 0x02, 0x07, 0xff, 0xfc, 0xfe, 0x00, 0x02, 0x01, 0xff, 0xfe, 0xfa, 0x00, 0x02, 0x07,
  0xff, 0xfc, 0xfe, 0x00, 0x03, 0x01, 0xff, 0xff, 0x80, 0xfb, 0x00, 0x02, 0x1f, 0xff, 0xfc, 0xfe, 0x00, 0x03, 0x01, 0xff, 0xff, 0xc0, 0xfb, 0x00,
  0x02, 0x7f, 0xff, 0xfc, 0xfe, 0x00, 0x03, 0x01, 0xff, 0xff, 0xf8, 0xfb, 0x00, 0x02, 0xff, 0xff, 0xfc, 0xfe, 0x00, 0x03, 0x01, 0xff, 0xff, 0xfc,
  0xfc, 0x00, 0x03, 0x01, 0xff, 0xff, 0xfc, 0xfe, 0x00, 0x00, 0x01, 0xfe, 0xff, 0xfc, 0x00, 0x03, 0x03, 0xff, 0xff, 0xfc, 0xfe, 0x00, 0x00, 0x01,
  0xfe, 0xff, 0x00, 0x80, 0xfd, 0x00, 0x03, 0x0f, 0xff, 0xff, 0xfc, 0xfe, 0x00, 0x00, 0x01, 0xfe, 0xff, 0x00, 0xe0, 0xfd, 0x00, 0x03, 0x7f, 0xff,
  0xff, 0xfc, 0xfe, 0x00, 0x00, 0x01, 0xfe, 0xff, 0x00, 0xf8, 0xfe, 0x00, 0x00, 0x01, 0xfe, 0xff, 0x00, 0xfc, 0xfe, 0x00, 0x00, 0x01, 0xfe, 0xff,
  0x00, 0xfc, 0xfe, 0x00, 0x00, 0x01, 0xfe, 0xff, 0x00, 0xfc, 0xfe, 0x00, 0x00, 0x01, 0xfe, 0xff, 0x00, 0xfe, 0xfe, 0x00, 0x00, 0x03, 0xfe, 0xff,
  0x00, 0xfc, 0xfe, 0x00, 0x00, 0x01, 0xfd, 0xff, 0xfe, 0x00, 0x00, 0x03, 0xfe, 0xff, 0x00, 0xfc, 0xfe, 0x00, 0x00, 0x01, 0xfd, 0xff, 0xfe, 0x00,
  0x00, 0x07, 0xfe, 0xff, 0x00, 0xfc, 0xfe, 0x00, 0x00, 0x01, 0xfd, 0xff, 0xfe, 0x00, 0x00, 0x07, 0xfe, 0xff, 0x00, 0xfc, 0xfe, 0x00, 0x00, 0x01,
  0xfd, 0xff, 0xfe, 0x00, 0x00, 0x07, 0xfe, 0xff, 0x00, 0xfc, 0xfe, 0x00, 0x00, 0x01, 0xfd, 0xff, 0xfe, 0x00, 0x00, 0x07, 0xfe, 0xff, 0x00, 0xfc,
  0xfe, 0x00, 0x00, 0x01, 0xfd, 0xff, 0xfe, 0x00, 0x00, 0x07, 0xfe, 0xff, 0x00, 0xfc, 0xfe, 0x00, 0x00, 0x01, 0xfd, 0xff, 0xfe, 0x00, 0x00, 0x07,
  0xfe, 0xff, 0x00, 0xfc, 0xfe, 0x00, 0x00, 0x01, 0xfd, 0xff, 0xfe, 0x00, 0x00, 0x07, 0xfe, 0xff, 0x00, 0xfc, 0xfe, 0x00, 0x00, 0x01, 0xfd, 0xff,
  0xfe, 0x00, 0x00, 0x03, 0xfe, 0xff, 0x00, 0xfc, 0xfe, 0x00, 0x00, 0x01, 0xfd, 0xff, 0xfe, 0x00, 0x00, 0x03, 0xfe, 0xff, 0x00, 0xfc, 0xfe, 0x00,
  0x00, 0x01, 0xfd, 0xff, 0xfe, 0x00, 0x00, 0x03, 0xfe, 0xff, 0x00, 0xfe, 0xfe, 0x00, 0x00, 0x01, 0xfd, 0xff, 0xfe, 0x00, 0x00, 0x03, 0xfe, 0xff,
  0x00, 0xfc, 0xfe, 0x00, 0x00, 0x01, 0xfd, 0xff, 0xfe, 0x00, 0x00, 0x03, 0xfe, 0xff, 0x00, 0xfc, 0xfe, 0x00, 0x00, 0x01, 0xfd, 0xff, 0xfe, 0x00,
  0x00, 0x03, 0xfe, 0xff, 0x00, 0xfc, 0xfe, 0x00, 0x00, 0x01, 0xfd, 0xff, 0xfe, 0x00, 0x00, 0x03, 0xfe, 0xff, 0x00, 0xfc, 0xfe, 0x00, 0x00, 0x01,
  0xfd, 0xff, 0xfe, 0x00, 0x00, 0x03, 0xfe, 0xff, 0x00, 0xfc, 0xfe, 0x00, 0x00, 0x01, 0xfd, 0xff, 0xfe, 0x00, 0x00, 0x03, 0xfe, 0xff, 0x00, 0xfc,
  0xfe, 0x00, 0x00, 0x01, 0xfd, 0xff, 0xfe, 0x00, 0x00, 0x03, 0xfe, 0xff, 0x00, 0xfc, 0xfe, 0x00, 0x00, 0x01, 0xfd, 0xff, 0xfe, 0x00, 0x00, 0x03,
  0xfe, 0xff, 0x00, 0xfc, 0xfe, 0x00, 0x00, 0x01, 0xfd, 0xff, 0xfe, 0x00, 0x00, 0x03, 0xfe, 0xff, 0x00, 0xfc, 0xfe, 0x00, 0x00, 0x01, 0xfd, 0xff,
  0x03, 0x03, 0x80, 0x0e, 0x03, 0xfe, 0xff, 0x00, 0xfc, 0xfe, 0x00, 0x00, 0x01, 0xfe, 0xff, 0x04, 0xfe, 0x03, 0xe0, 0x1f, 0x03, 0xfe, 0xff, 0x00,
  0xfc, 0xfe, 0x00, 0x00, 0x01, 0xfe, 0xff, 0x04, 0xfe, 0x07, 0xf8, 0xff, 0x01, 0xfe, 0xff, 0x00, 0xfc, 0xfe, 0x00, 0x00, 0x01, 0xfe, 0xff, 0x04,
  0xfc, 0x07, 0xff, 0xff, 0x00, 0xfe, 0xff, 0x00, 0xfc, 0xfe, 0x00, 0x00, 0x01, 0xfe, 0xff, 0x08, 0xf0, 0x03, 0xff, 0xff, 0x00, 0x3f, 0xff, 0xff,
  0xfc, 0xfe, 0x00, 0x00, 0x01, 0xfe, 0xff, 0x08, 0xc0, 0x01, 0xff, 0xfe, 0x00, 0x07, 0xff, 0xff, 0xfc, 0xfe, 0x00, 0x00, 0x01, 0xfe, 0xff, 0x08,
  0x80, 0x00, 0xff, 0xfc, 0x00, 0x01, 0xff, 0xff, 0xfc, 0xfe, 0x00, 0x0c, 0x01, 0xff, 0xff, 0xfc, 0x00, 0x00, 0x3f, 0xe0, 0x00, 0x00, 0x7f, 0xff,
  0xfc, 0xfe, 0x00, 0x03, 0x01, 0xff, 0xff, 0xf0, 0xfb, 0x00, 0x02, 0x1f, 0xff, 0xfe, 0xfe, 0x00, 0x03, 0x01, 0xff, 0xff, 0xc0, 0xfb, 0x00, 0x02,
  0x0f, 0xff, 0xfc, 0xfe, 0x00, 0x03, 0x01, 0xff, 0xff, 0x80, 0xfb, 0x00, 0x02, 0x03, 0xff, 0xfc, 0xfd, 0x00, 0x01, 0xff, 0xfe, 0xfa, 0x00, 0x02,
  0x01, 0xff, 0xfc, 0xfd, 0x00, 0x01, 0xff, 0xfe, 0xf9, 0x00, 0x01, 0x7f, 0xfc, 0xfd, 0x00, 0x01, 0xff, 0xf8, 0xf9, 0x00, 0x01, 0x1f, 0xfc, 0xfd,
  0x00, 0x01, 0xff, 0xf0, 0xf9, 0x00, 0x01, 0x0f, 0xfc, 0xfd, 0x00, 0x01, 0xff, 0x80, 0xf9, 0x00, 0x01, 0x07, 0xfc, 0xfd, 0x00, 0x00, 0xff, 0xf7,
  0x00, 0x00, 0xfc, 0xfd, 0x00, 0x00, 0xfc, 0xf7, 0x00, 0x00, 0x7c, 0xfd, 0x00, 0x00, 0xf0, 0xf7, 0x00, 0x00, 0x0c, 0xfd, 0x00, 0x00, 0xf0, 0xf7,
  0x00, 0x00, 0x04, 0xfd, 0x00, 0x00, 0x40, 0x94, 0x00, 0x02, 0x00, 0x01, 0xfe, 0xf8, 0x00, 0x01, 0x07, 0xfc, 0xfe, 0x00, 0x02, 0x01, 0xfe, 0xc0,
  0xf9, 0x00, 0x01, 0x0f, 0xfc, 0xfe, 0x00, 0x02, 0x01, 0xff, 0xe0, 0xf9, 0x00, 0x01, 0x5f, 0xfc, 0xfe, 0x00, 0x02, 0x01, 0xff, 0xe0, 0xf9, 0x00,
  0x01, 0x7f, 0xfc, 0xfe, 0x00, 0x02, 0x01, 0xff, 0xf8, 0xfa, 0x00, 0x02, 0x01, 0xff, 0xfc, 0xfe, 0x00, 0x02, 0x01, 0xff, 0xfe, 0xfa, 0x00, 0x02,
  0x07, 0xff, 0xfc, 0xfe, 0x00, 0x02, 0x01, 0xff, 0xfe, 0xfa, 0x00, 0x02, 0x07, 0xff, 0xfc, 0xfe, 0x00, 0x03, 0x01, 0xff, 0xff, 0x80, 0xfb, 0x00,
  0x02, 0x1f, 0xff, 0xfc, 0xfe, 0x00, 0x03, 0x01, 0xff, 0xff, 0xc0, 0xfb, 0x00, 0x02, 0x7f, 0xff, 0xfc, 0xfe, 0x00, 0x03, 0x01, 0xff, 0xff, 0xf8,
  0xfb, 0x00, 0x02, 0xff, 0xff, 0xfc, 0xfe, 0x00, 0x03, 0x01, 0xff, 0xff, 0xfc, 0xfc, 0x00, 0x03, 0x01, 0xff, 0xff, 0xfc, 0xfe, 0x00, 0x00, 0x01,
  0xfe, 0xff, 0xfc, 0x00, 0x03, 0x03, 0xff, 0xff, 0xfc, 0xfe, 0x00, 0x00, 0x01, 0xfe, 0xff, 0x00, 0x80, 0xfd, 0x00, 0x03, 0x0f, 0xff, 0xff, 0xfc,
  0xfe, 0x00, 0x00, 0x01, 0xfe, 0xff, 0x00, 0xe0, 0xfd, 0x00, 0x03, 0x7f, 0xff, 0xff, 0xfc, 0xfe, 0x00, 0x00, 0x01, 0xfe, 0xff, 0x00, 0xf8, 0xfe,
  0x00, 0x00, 0x01, 0xfe, 0xff, 0x00, 0xfc, 0xfe, 0x00, 0x00, 0x01, 0xfe, 0xff, 0x00, 0xfc, 0xfe, 0x00, 0x00, 0x01, 0xfe, 0xff, 0x00, 0xfc, 0xfe,
  0x00, 0x00, 0x01, 0xfe, 0xff, 0x00, 0xfe, 0xfe, 0x00, 0x00, 0x03, 0xfe, 0xff, 0x00, 0xfc, 0xfe, 0x00, 0x00, 0x01, 0xfd, 0xff, 0xfe, 0x00, 0x00,
  0x03, 0xfe, 0xff, 0x00, 0xfc, 0xfe, 0x00, 0x00, 0x01, 0xfd, 0xff, 0xfe, 0x00, 0x00, 0x07, 0xfe, 0xff, 0x00, 0xfc, 0xfe, 0x00, 0x00, 0x01, 0xfd,
  0xff, 0xfe, 0x00, 0x00, 0x07, 0xfe, 0xff, 0x00, 0xfc, 0xfe, 0x00, 0x00, 0x01, 0xfd, 0xff, 0xfe, 0x00, 0x00, 0x07, 0xfe, 0xff, 0x00, 0xfc, 0xfe,
  0x00, 0x00, 0x01, 0xfd, 0xff, 0xfe, 0x00, 0x00, 0x07, 0xfe, 0xff, 0x00, 0xfc, 0xfe, 0x00, 0x00, 0x01, 0xfd, 0xff, 0xfe, 0x00, 0x00, 0x07, 0xfe,
  0xff, 0x00, 0xfc, 0xfe, 0x00, 0x00, 0x01, 0xfd, 0xff, 0xfe, 0x00, 0x00, 0x07, 0xfe, 0xff, 0x00, 0xfc, 0xfe, 0x00, 0x00, 0x01, 0xfd, 0xff, 0xfe,
  0x00, 0x00, 0x07, 0xfe, 0xff, 0x00, 0xfc, 0xfe, 0x00, 0x00, 0x01, 0xfd, 0xff, 0xfe, 0x00, 0x00, 0x03, 0xfe, 0xff, 0x00, 0xfc, 0xfe, 0x00, 0x00,
  0x01, 0xfd, 0xff, 0xfe, 0x00, 0x00, 0x03, 0xfe, 0xff, 0x00, 0xfc, 0xfe, 0x00, 0x00, 0x01, 0xfd, 0xff, 0xfe, 0x00, 0x00, 0x03, 0xfe, 0xff, 0x00,
  0xfe, 0xfe, 0x00, 0x00, 0x01, 0xfd, 0xff, 0xfe, 0x00, 0x00, 0x03, 0xfe, 0xff, 0x00, 0xfc, 0xfe, 0x00, 0x00, 0x01, 0xfd, 0xff, 0xfe, 0x00, 0x00,
  0x03, 0xfe, 0xff, 0x00, 0xfc, 0xfe, 0x00, 0x00, 0x01, 0xfd, 0xff, 0xfe, 0x00, 0x00, 0x03, 0xfe, 0xff, 0x00, 0xfc, 0xfe, 0x00, 0x00, 0x01, 0xfd,
  0xff, 0xfe, 0x00, 0x00, 0x03, 0xfe, 0xff, 0x00, 0xfc, 0xfe, 0x00, 0x00, 0x01, 0xfd, 0xff, 0xfe, 0x00, 0x00, 0x03, 0xfe, 0xff, 0x00, 0xfc, 0xfe,
  0x00, 0x00, 0x01, 0xfd, 0xff, 0xfe, 0x00, 0x00, 0x03, 0xfe, 0xff, 0x00, 0xfc, 0xfe, 0x00, 0x00, 0x01, 0xfd, 0xff, 0xfe, 0x00, 0x00, 0x03, 0xfe,
  0xff, 0x00, 0xfc, 0xfe, 0x00, 0x00, 0x01, 0xfd, 0xff, 0xfe, 0x00, 0x00, 0x03, 0xfe, 0xff, 0x00, 0xfc, 0xfe, 0x00, 0x00, 0x01, 0xfd, 0xff, 0xfe,
  0x00, 0x00, 0x03, 0xfe, 0xff, 0x00, 0xfc, 0xfe, 0x00, 0x00, 0x01, 0xfd, 0xff, 0x03, 0x03, 0x80, 0x0e, 0x03, 0xfe, 0xff, 0x00, 0xfc, 0xfe, 0x00,
  0x00, 0x01, 0xfe, 0xff, 0x04, 0xfe, 0x07, 0xe0, 0x1f, 0x03, 0xfe, 0xff, 0x00, 0xfc, 0xfe, 0x00, 0x00, 0x01, 0xfe, 0xff, 0x04, 0xfe, 0x07, 0xf8,
  0xff, 0x01, 0xfe, 0xff, 0x00, 0xfc, 0xfe, 0x00, 0x00, 0x01, 0xfe, 0xff, 0x04, 0xfc, 0x07, 0xff, 0xff, 0x00, 0xfe, 0xff, 0x00, 0xfc, 0xfe, 0x00,
  0x00, 0x01, 0xfe, 0xff, 0x08, 0xf0, 0x03, 0xff, 0xff, 0x00, 0x3f, 0xff, 0xff, 0xfc, 0xfe, 0x00, 0x00, 0x01, 0xfe, 0xff, 0x08, 0xc0, 0x01, 0xff,
  0xfe, 0x00, 0x07, 0xff, 0xff, 0xfc, 0xfe, 0x00, 0x00, 0x01, 0xfe, 0xff, 0x08, 0x80, 0x00, 0xff, 0xfc, 0x00, 0x01, 0xff, 0xff, 0xfc, 0xfe, 0x00,
  0x0c, 0x01, 0xff, 0xff, 0xfc, 0x00, 0x00, 0x3f, 0xe0, 0x00, 0x00, 0x7f, 0xff, 0xfc, 0xfe, 0x00, 0x03, 0x01, 0xff, 0xff, 0xf0, 0xfb, 0x00, 0x02,
  0x1f, 0xff, 0xfe, 0xfe, 0x00, 0x03, 0x01, 0xff, 0xff, 0xc0, 0xfb, 0x00, 0x02, 0x0f, 0xff, 0xfc, 0xfe, 0x00, 0x03, 0x01, 0xff, 0xff, 0x80, 0xfb,
  0x00, 0x02, 0x03, 0xff, 0xfc, 0xfd, 0x00, 0x01, 0xff, 0xfe, 0xfa, 0x00, 0x02, 0x01, 0xff, 0xfc, 0xfd, 0x00, 0x01, 0xff, 0xfe, 0xf9, 0x00, 0x01,
  0x7f, 0xfc, 0xfd, 0x00, 0x01, 0xff, 0xf8, 0xf9, 0x00, 0x01, 0x1f, 0xfc, 0xfd, 0x00, 0x01, 0xff, 0xf0, 0xf9, 0x00, 0x01, 0x0f, 0xfc, 0xfd, 0x00,
  0x01, 0xff, 0x80, 0xf9, 0x00, 0x01, 0x07, 0xfc, 0xfd, 0x00, 0x00, 0xff, 0xf7, 0x00, 0x00, 0xfc, 0xfd, 0x00, 0x00, 0xfc, 0xf7, 0x00, 0x00, 0x7c,
  0xfd, 0x00, 0x00, 0xf0, 0xf7, 0x00, 0x00, 0x0c, 0xfd, 0x00, 0x00, 0xf0, 0xf7, 0x00, 0x00, 0x04, 0xfd, 0x00, 0x00, 0x40, 0x94, 0x00, 0x02, 0x00,
  0x01, 0xfe, 0xf8, 0x00, 0x01, 0x07, 0xfc, 0xfe, 0x00, 0x02, 0x01, 0xff, 0xc0, 0xf9, 0x00, 0x01, 0x0f, 0xfc, 0xfe, 0x00, 0x02, 0x01, 0xff, 0xe0,
  0xf9, 0x00, 0x01, 0x5f, 0xfc, 0xfe, 0x00, 0x02, 0x01, 0xff, 0xe0, 0xf9, 0x00, 0x01, 0x7f, 0xfc, 0xfe, 0x00, 0x02, 0x01, 0xff, 0xf8, 0xfa, 0x00,
  0x02, 0x01, 0xff, 0xfc, 0xfe, 0x00, 0x02, 0x01, 0xff, 0xfe, 0xfa, 0x00, 0x02, 0x07, 0xff, 0xfc, 0xfe, 0x00, 0x02, 0x01, 0xff, 0xfe, 0xfa, 0x00,
  0x02, 0x07, 0xff, 0xfc, 0xfe, 0x00, 0x03, 0x01, 0xff, 0xff, 0x80, 0xfb, 0x00, 0x02, 0x1f, 0xff, 0xfc, 0xfe, 0x00, 0x03, 0x01, 0xff, 0xff, 0xc0,
  0xfb, 0x00, 0x02, 0x7f, 0xff, 0xfc, 0xfe, 0x00, 0x03, 0x01, 0xff, 0xff, 0xf8, 0xfb, 0x00, 0x02, 0xff, 0xff, 0xfc, 0xfe, 0x00, 0x03, 0x01, 0xff,
  0xff, 0xfc, 0xfc, 0x00, 0x03, 0x01, 0xff, 0xff, 0xfc, 0xfe, 0x00, 0x00, 0x01, 0xfe, 0xff, 0xfc, 0x00, 0x03, 0x03, 0xff, 0xff, 0xfc, 0xfe, 0x00,
  0x00, 0x01, 0xfe, 0xff, 0x00, 0x80, 0xfd, 0x00, 0x03, 0x0f, 0xff, 0xff, 0xfc, 0xfe, 0x00, 0x00, 0x01, 0xfe, 0xff, 0x00, 0xe0, 0xfd, 0x00, 0x03,
  0x7f, 0xff, 0xff, 0xfc, 0xfe, 0x00, 0x00, 0x01, 0xfe, 0xff, 0x00, 0xf8, 0xfe, 0x00, 0x00, 0x01, 0xfe, 0xff, 0x00, 0xfc, 0xfe, 0x00, 0x00, 0x01,
  0xfe, 0xff, 0x00, 0xfc, 0xfe, 0x00, 0x00, 0x01, 0xfe, 0xff, 0x00, 0xfc, 0xfe, 0x00, 0x00, 0x01, 0xfe, 0xff, 0x00, 0xfe, 0xfe, 0x00, 0x00, 0x03,
  0xfe, 0xff, 0x00, 0xfc, 0xfe, 0x00, 0x00, 0x01, 0xfd, 0xff, 0xfe, 0x00, 0x00, 0x03, 0xfe, 0xff, 0x00, 0xfc, 0xfe, 0x00, 0x00, 0x01, 0xfd, 0xff,
  0xfe, 0x00, 0x00, 0x07, 0xfe, 0xff, 0x00, 0xfc, 0xfe, 0x00, 0x00, 0x01, 0xfd, 0xff, 0xfe, 0x00, 0x00, 0x07, 0xfe, 0xff, 0x00, 0xfc, 0xfe, 0x00,
  0x00, 0x01, 0xfd, 0xff, 0xfe, 0x00, 0x00, 0x07, 0xfe, 0xff, 0x00, 0xfc, 0xfe, 0x00, 0x00, 0x01, 0xfd, 0xff, 0xfe, 0x00, 0x00, 0x07, 0xfe, 0xff,
  0x00, 0xfc, 0xfe, 0x00, 0x00, 0x01, 0xfd, 0xff, 0xfe, 0x00, 0x00, 0x07, 0xfe, 0xff, 0x00, 0xfc, 0xfe, 0x00, 0x00, 0x01, 0xfd, 0xff, 0xfe, 0x00,
  0x00, 0x07, 0xfe, 0xff, 0x00, 0xfc, 0xfe, 0x00, 0x00, 0x01, 0xfd, 0xff, 0xfe, 0x00, 0x00, 0x07, 0xfe, 0xff, 0x00, 0xfc, 0xfe, 0x00, 0x00, 0x01,
  0xfd, 0xff, 0xfe, 0x00, 0x00, 0x03, 0xfe, 0xff, 0x00, 0xfc, 0xfe, 0x00, 0x00, 0x01, 0xfd, 0xff, 0xfe, 0x00, 0x00, 0x03, 0xfe, 0xff, 0x00, 0xfc,
  0xfe, 0x00, 0x00, 0x01, 0xfd, 0xff, 0xfe, 0x00, 0x00, 0x03, 0xfe, 0xff, 0x00, 0xfe, 0xfe, 0x00, 0x00, 0x01, 0xfd, 0xff, 0xfe, 0x00, 0x00, 0x03,
  0xfe, 0xff, 0x00, 0xfc, 0xfe, 0x00, 0x00, 0x01, 0xfd, 0xff, 0xfe, 0x00, 0x00, 0x03, 0xfe, 0xff, 0x00, 0xfc, 0xfe, 0x00, 0x00, 0x01, 0xfd, 0xff,
  0xfe, 0x00, 0x00, 0x03, 0xfe, 0xff, 0x00, 0xfc, 0xfe, 0x00, 0x00, 0x01, 0xfd, 0xff, 0xfe, 0x00, 0x00, 0x03, 0xfe, 0xff, 0x00, 0xfc, 0xfe, 0x00,
  0x00, 0x01, 0xfd, 0xff, 0xfe, 0x00, 0x00, 0x03, 0xfe, 0xff, 0x00, 0xfc, 0xfe, 0x00, 0x00, 0x01, 0xfd, 0xff, 0xfe, 0x00, 0x00, 0x03, 0xfe, 0xff,
  0x00, 0xfc, 0xfe, 0x00, 0x00, 0x01, 0xfd, 0xff, 0xfe, 0x00, 0x00, 0x03, 0xfe, 0xff, 0x00, 0xfc, 0xfe, 0x00, 0x00, 0x01, 0xfd, 0xff, 0xfe, 0x00,
  0x00, 0x03, 0xfe, 0xff, 0x00, 0xfc, 0xfe, 0x00, 0x00, 0x01, 0xfd, 0xff, 0xfe, 0x00, 0x00, 0x03, 0xfe, 0xff, 0x00, 0xfc, 0xfe, 0x00, 0x00, 0x01,
  0xfd, 0xff, 0x03, 0x03, 0x80, 0x0e, 0x03, 0xfe, 0xff, 0x00, 0xfc, 0xfe, 0x00, 0x00, 0x01, 0xfe, 0xff, 0x04, 0xfe, 0x07, 0xe0, 0x1f, 0x03, 0xfe,
  0xff, 0x00, 0xfc, 0xfe, 0x00, 0x00, 0x01, 0xfe, 0xff, 0x04, 0xfe, 0x07, 0xfc, 0xff, 0x01, 0xfe, 0xff, 0x00, 0xfc, 0xfe, 0x00, 0x00, 0x01, 0xfe,
  0xff, 0x04, 0xfc, 0x07, 0xff, 0xff, 0x00, 0xfe, 0xff, 0x00, 0xfc, 0xfe, 0x00, 0x00, 0x01, 0xfe, 0xff, 0x08, 0xf0, 0x03, 0xff, 0xff, 0x00, 0x3f,
  0xff, 0xff, 0xfc, 0xfe, 0x00, 0x00, 0x01, 0xfe, 0xff, 0x08, 0xc0, 0x01, 0xff, 0xfe, 0x00, 0x07, 0xff, 0xff, 0xfc, 0xfe, 0x00, 0x00, 0x01, 0xfe,
  0xff, 0x08, 0x80, 0x00, 0xff, 0xfc, 0x00, 0x01, 0xff, 0xff, 0xfc, 0xfe, 0x00, 0x0c, 0x01, 0xff, 0xff, 0xfc, 0x00, 0x00, 0x3f, 0xe0, 0x00, 0x00,
  0x7f, 0xff, 0xfc, 0xfe, 0x00, 0x03, 0x01, 0xff, 0xff, 0xf0, 0xfb, 0x00, 0x02, 0x1f, 0xff, 0xfe, 0xfe, 0x00, 0x03, 0x01, 0xff, 0xff, 0xc0, 0xfb,
  0x00, 0x02, 0x0f, 0xff, 0xfc, 0xfe, 0x00, 0x03, 0x01, 0xff, 0xff, 0x80, 0xfb, 0x00, 0x02, 0x03, 0xff, 0xfc, 0xfd, 0x00, 0x01, 0xff, 0xfe, 0xfa,
  0x00, 0x02, 0x01, 0xff, 0xfc, 0xfd, 0x00, 0x01, 0xff, 0xfe, 0xf9, 0x00, 0x01, 0x7f, 0xfc, 0xfd, 0x00, 0x01, 0xff, 0xf8, 0xf9, 0x00, 0x01, 0x7f,
  0xfc, 0xfd, 0x00, 0x01, 0xff, 0xf0, 0xf9, 0x00, 0x01, 0x0f, 0xfc, 0xfd, 0x00, 0x01, 0xff, 0x80, 0xf9, 0x00, 0x01, 0x07, 0xfc, 0xfd, 0x00, 0x00,
  0xff, 0xf7, 0x00, 0x00, 0xfc, 0xfd, 0x00, 0x00, 0xfc, 0xf7, 0x00, 0x00, 0x7c, 0xfd, 0x00, 0x00, 0xf0, 0xf7, 0x00, 0x00, 0x0c, 0xfd, 0x00, 0x00,
  0xf0, 0xf7, 0x00, 0x00, 0x04, 0xfd, 0x00, 0x00, 0x40, 0x94, 0x00, 0x02, 0x00, 0x01, 0xfe, 0xf8, 0x00, 0x01, 0x07, 0xfc, 0xfe, 0x00, 0x02, 0x01,
  0xff, 0xc0, 0xf9, 0x00, 0x01, 0x0f, 0xfc, 0xfe, 0x00, 0x02, 0x01, 0xff, 0xe0, 0xf9, 0x00, 0x01, 0x1f, 0xfc, 0xfe, 0x00, 0x02, 0x01, 0xff, 0xe0,
  0xf9, 0x00, 0x01, 0x7f, 0xfc, 0xfe, 0x00, 0x02, 0x01, 0xff, 0xf8, 0xfa, 0x00, 0x02, 0x01, 0xff, 0xfc, 0xfe, 0x00, 0x02, 0x01, 0xff, 0xfe, 0xfa,
  0x00, 0x02, 0x07, 0xff, 0xfc, 0xfe, 0x00, 0x02, 0x01, 0xff, 0xfe, 0xfa, 0x00, 0x02, 0x07, 0xff, 0xfc, 0xfe, 0x00, 0x03, 0x01, 0xff, 0xff, 0x80,
  0xfb, 0x00, 0x02, 0x1f, 0xff, 0xfc, 0xfe, 0x00, 0x03, 0x01, 0xff, 0xff, 0xc0, 0xfb, 0x00, 0x02, 0x7f, 0xff, 0xfc, 0xfe, 0x00, 0x03, 0x01, 0xff,
  0xff, 0xf8, 0xfb, 0x00, 0x02, 0xff, 0xff, 0xfc, 0xfe, 0x00, 0x03, 0x01, 0xff, 0xff, 0xfc, 0xfc, 0x00, 0x03, 0x01, 0xff, 0xff, 0xfc, 0xfe, 0x00,
  0x00, 0x01, 0xfe, 0xff, 0xfc, 0x00, 0x03, 0x03, 0xff, 0xff, 0xfc, 0xfe, 0x00, 0x00, 0x01, 0xfe, 0xff, 0x00, 0x80, 0xfd, 0x00, 0x03, 0x0f, 0xff,
  0xff, 0xfc, 0xfe, 0x00, 0x00, 0x01, 0xfe, 0xff, 0x00, 0xe0, 0xfd, 0x00, 0x03, 0x7f, 0xff, 0xff, 0xfc, 0xfe, 0x00, 0x00, 0x01, 0xfe, 0xff, 0x00,
  0xf8, 0xfd, 0x00, 0xfe, 0xff, 0x00, 0xfc, 0xfe, 0x00, 0x00, 0x01, 0xfe, 0xff, 0x00, 0xfc, 0xfe, 0x00, 0x00, 0x01, 0xfe, 0xff, 0x00, 0xfc, 0xfe,
  0x00, 0x00, 0x01, 0xfe, 0xff, 0x00, 0xfe, 0xfe, 0x00, 0x00, 0x03, 0xfe, 0xff, 0x00, 0xfc, 0xfe, 0x00, 0x00, 0x01, 0xfd, 0xff, 0xfe, 0x00, 0x00,
  0x03, 0xfe, 0xff, 0x00, 0xfc, 0xfe, 0x00, 0x00, 0x01, 0xfd, 0xff, 0xfe, 0x00, 0x00, 0x07, 0xfe, 0xff, 0x00, 0xfc, 0xfe, 0x00, 0x00, 0x01, 0xfd,
  0xff, 0xfe, 0x00, 0x00, 0x07, 0xfe, 0xff, 0x00, 0xfc, 0xfe, 0x00, 0x00, 0x01, 0xfd, 0xff, 0xfe, 0x00, 0x00, 0x07, 0xfe, 0xff, 0x00, 0xfc, 0xfe,
  0x00, 0x00, 0x01, 0xfd, 0xff, 0xfe, 0x00, 0x00, 0x07, 0xfe, 0xff, 0x00, 0xfc, 0xfe, 0x00, 0x00, 0x01, 0xfd, 0xff, 0xfe, 0x00, 0x00, 0x07, 0xfe,
  0xff, 0x00, 0xfc, 0xfe, 0x00, 0x00, 0x01, 0xfd, 0xff, 0xfe, 0x00, 0x00, 0x07, 0xfe, 0xff, 0x00, 0xfc, 0xfe, 0x00, 0x00, 0x01, 0xfd, 0xff, 0xfe,
  0x00, 0x00, 0x07, 0xfe, 0xff, 0x00, 0xfc, 0xfe, 0x00, 0x00, 0x01, 0xfd, 0xff, 0xfe, 0x00, 0x00, 0x07, 0xfe, 0xff, 0x00, 0xfc, 0xfe, 0x00, 0x00,
  0x01, 0xfd, 0xff, 0xfe, 0x00, 0x00, 0x03, 0xfe, 0xff, 0x00, 0xfc, 0xfe, 0x00, 0x00, 0x01, 0xfd, 0xff, 0xfe, 0x00, 0x00, 0x03, 0xfe, 0xff, 0x00,
  0xfe, 0xfe, 0x00, 0x00, 0x01, 0xfd, 0xff, 0xfe, 0x00, 0x00, 0x03, 0xfe, 0xff, 0x00, 0xfc, 0xfe, 0x00, 0x00, 0x01, 0xfd, 0xff, 0xfe, 0x00, 0x00,
  0x03, 0xfe, 0xff, 0x00, 0xfc, 0xfe, 0x00, 0x00, 0x01, 0xfd, 0xff, 0xfe, 0x00, 0x00, 0x03, 0xfe, 0xff, 0x00, 0xfc, 0xfe, 0x00, 0x00, 0x01, 0xfd,
  0xff, 0xfe, 0x00, 0x00, 0x03, 0xfe, 0xff, 0x00, 0xfc, 0xfe, 0x00, 0x00, 0x01, 0xfd, 0xff, 0xfe, 0x00, 0x00, 0x03, 0xfe, 0xff, 0x00, 0xfc, 0xfe,
  0x00, 0x00, 0x01, 0xfd, 0xff, 0xfe, 0x00, 0x00, 0x03, 0xfe, 0xff, 0x00, 0xfc, 0xfe, 0x00, 0x00, 0x01, 0xfd, 0xff, 0xfe, 0x00, 0x00, 0x03, 0xfe,
  0xff, 0x00, 0xfc, 0xfe, 0x00, 0x00, 0x01, 0xfd, 0xff, 0xfe, 0x00, 0x00, 0x03, 0xfe, 0xff, 0x00, 0xfc, 0xfe, 0x00, 0x00, 0x01, 0xfd, 0xff, 0xfe,
  0x00, 0x00, 0x03, 0xfe, 0xff, 0x00, 0xfc, 0xfe, 0x00, 0x00, 0x01, 0xfd, 0xff, 0x03, 0x03, 0x80, 0x0e, 0x03, 0xfe, 0xff, 0x00, 0xfc, 0xfe, 0x00,
  0x00, 0x01, 0xfe, 0xff, 0x04, 0xfe, 0x07, 0xe0, 0x1f, 0x03, 0xfe, 0xff, 0x00, 0xfc, 0xfe, 0x00, 0x00, 0x01, 0xfe, 0xff, 0x04, 0xfe, 0x07, 0xf8,
  0xff, 0x01, 0xfe, 0xff, 0x00, 0xfc, 0xfe, 0x00, 0x00, 0x01, 0xfe, 0xff, 0x04, 0xfc, 0x07, 0xff, 0xff, 0x00, 0xfe, 0xff, 0x00, 0xfc, 0xfe, 0x00,
  0x00, 0x01, 0xfe, 0xff, 0x08, 0xf0, 0x03, 0xff, 0xff, 0x00, 0x3f, 0xff, 0xff, 0xfc, 0xfe, 0x00, 0x00, 0x01, 0xfe, 0xff, 0x08, 0xc0, 0x01, 0xff,
  0xfe, 0x00, 0x07, 0xff, 0xff, 0xfc, 0xfe, 0x00, 0x00, 0x01, 0xfe, 0xff, 0x08, 0x80, 0x00, 0xff, 0xfc, 0x00, 0x01, 0xff, 0xff, 0xfc, 0xfe, 0x00,
  0x0c, 0x01, 0xff, 0xff, 0xfc, 0x00, 0x00, 0x3f, 0xf0, 0x00, 0x00, 0x7f, 0xff, 0xfc, 0xfe, 0x00, 0x03, 0x01, 0xff, 0xff, 0xf0, 0xfb, 0x00, 0x02,
  0x1f, 0xff, 0xfe, 0xfe, 0x00, 0x03, 0x01, 0xff, 0xff, 0xc0, 0xfb, 0x00, 0x02, 0x1f, 0xff, 0xfc, 0xfe, 0x00, 0x03, 0x01, 0xff, 0xff, 0x80, 0xfb,
  0x00, 0x02, 0x03, 0xff, 0xfc, 0xfd, 0x00, 0x01, 0xff, 0xfe, 0xfa, 0x00, 0x02, 0x01, 0xff, 0xfc, 0xfd, 0x00, 0x01, 0xff, 0xfe, 0xf9, 0x00, 0x01,
  0x7f, 0xfc, 0xfd, 0x00, 0x01, 0xff, 0xf8, 0xf9, 0x00, 0x01, 0x5f, 0xfc, 0xfd, 0x00, 0x01, 0xff, 0xf0, 0xf9, 0x00, 0x01, 0x0f, 0xfc, 0xfd, 0x00,
  0x01, 0xff, 0x80, 0xf9, 0x00, 0x01, 0x07, 0xfc, 0xfd, 0x00, 0x00, 0xff, 0xf7, 0x00, 0x00, 0xfc, 0xfd, 0x00, 0x00, 0xfc, 0xf7, 0x00, 0x00, 0x7c,
  0xfd, 0x00, 0x00, 0xf0, 0xf7, 0x00, 0x00, 0x0c, 0xfd, 0x00, 0x00, 0xf0, 0xf7, 0x00, 0x00, 0x04, 0x8f, 0x00, 0x02, 0x00, 0x01, 0xfe, 0xf8, 0x00,
  0x01, 0x07, 0xfc, 0xfe, 0x00, 0x02, 0x01, 0xfe, 0xc0, 0xf9, 0x00, 0x01, 0x0f, 0xfc, 0xfe, 0x00, 0x02, 0x01, 0xff, 0xe0, 0xf9, 0x00, 0x01, 0x5f,
  0xfc, 0xfe, 0x00, 0x02, 0x01, 0xff, 0xe0, 0xf9, 0x00, 0x01, 0x7f, 0xfc, 0xfe, 0x00, 0x02, 0x01, 0xff, 0xf8, 0xfa, 0x00, 0x02, 0x01, 0xff, 0xfc,
  0xfe, 0x00, 0x02, 0x01, 0xff, 0xfe, 0xfa, 0x00, 0x02, 0x07, 0xff, 0xfc, 0xfe, 0x00, 0x02, 0x01, 0xff, 0xfe, 0xfa, 0x00, 0x02, 0x03, 0xff, 0xfc,
  0xfe, 0x00, 0x03, 0x01, 0xff, 0xff, 0x80, 0xfb, 0x00, 0x02, 0x1f, 0xff, 0xfc, 0xfe, 0x00, 0x03, 0x01, 0xff, 0xff, 0xc0, 0xfb, 0x00, 0x02, 0x7f,
  0xff, 0xfc, 0xfe, 0x00, 0x03, 0x01, 0xff, 0xff, 0xf8, 0xfb, 0x00, 0x02, 0xff, 0xff, 0xfc, 0xfe, 0x00, 0x03, 0x01, 0xff, 0xff, 0xfc, 0xfc, 0x00,
  0x03, 0x01, 0xff, 0xff, 0xfc, 0xfe, 0x00, 0x00, 0x01, 0xfe, 0xff, 0xfc, 0x00, 0x03, 0x03, 0xff, 0xff, 0xfc, 0xfe, 0x00, 0x00, 0x01, 0xfe, 0xff,
  0x00, 0x80, 0xfd, 0x00, 0x03, 0x0f, 0xff, 0xff, 0xfc, 0xfe, 0x00, 0x00, 0x01, 0xfe, 0xff, 0x00, 0xe0, 0xfd, 0x00, 0x03, 0x7f, 0xff, 0xff, 0xfc,
  0xfe, 0x00, 0x00, 0x01, 0xfe, 0xff, 0x00, 0xf8, 0xfd, 0x00, 0xfe, 0xff, 0x00, 0xfc, 0xfe, 0x00, 0x00, 0x01, 0xfe, 0xff, 0x00, 0xfc, 0xfe, 0x00,
  0x00, 0x01, 0xfe, 0xff, 0x00, 0xfc, 0xfe, 0x00, 0x00, 0x01, 0xfe, 0xff, 0x00, 0xfe, 0xfe, 0x00, 0x00, 0x03, 0xfe, 0xff, 0x00, 0xfc, 0xfe, 0x00,
  0x00, 0x01, 0xfe, 0xff, 0x00, 0xfe, 0xfe, 0x00, 0x00, 0x03, 0xfe, 0xff, 0x00, 0xfc, 0xfe, 0x00, 0x00, 0x01, 0xfd, 0xff, 0xfe, 0x00, 0x00, 0x07,
  0xfe, 0xff, 0x00, 0xfc, 0xfe, 0x00, 0x00, 0x01, 0xfd, 0xff, 0xfe, 0x00, 0x00, 0x07, 0xfe, 0xff, 0x00, 0xfc, 0xfe, 0x00, 0x00, 0x01, 0xfd, 0xff,
  0xfe, 0x00, 0x00, 0x07, 0xfe, 0xff, 0x00, 0xfc, 0xfe, 0x00, 0x00, 0x01, 0xfd, 0xff, 0xfe, 0x00, 0x00, 0x07, 0xfe, 0xff, 0x00, 0xfc, 0xfe, 0x00,
  0x00, 0x01, 0xfd, 0xff, 0xfe, 0x00, 0x00, 0x07, 0xfe, 0xff, 0x00, 0xfc, 0xfe, 0x00, 0x00, 0x01, 0xfd, 0xff, 0xfe, 0x00, 0x00, 0x07, 0xfe, 0xff,
  0x00, 0xfc, 0xfe, 0x00, 0x00, 0x01, 0xfd, 0xff, 0xfe, 0x00, 0x00, 0x07, 0xfe, 0xff, 0x00, 0xfc, 0xfe, 0x00, 0x00, 0x01, 0xfd, 0xff, 0xfe, 0x00,
  0x00, 0x07, 0xfe, 0xff, 0x00, 0xfc, 0xfe, 0x00, 0x00, 0x01, 0xfd, 0xff, 0xfe, 0x00, 0x00, 0x03, 0xfe, 0xff, 0x00, 0xfc, 0xfe, 0x00, 0x00, 0x01,
  0xfd, 0xff, 0xfe, 0x00, 0x00, 0x03, 0xfe, 0xff, 0x00, 0xfe, 0xfe, 0x00, 0x00, 0x01, 0xfd, 0xff, 0xfe, 0x00, 0x00, 0x03, 0xfe, 0xff, 0x00, 0xfc,
  0xfe, 0x00, 0x00, 0x01, 0xfd, 0xff, 0xfe, 0x00, 0x00, 0x03, 0xfe, 0xff, 0x00, 0xfc, 0xfe, 0x00, 0x00, 0x01, 0xfd, 0xff, 0xfe, 0x00, 0x00, 0x03,
  0xfe, 0xff, 0x00, 0xfc, 0xfe, 0x00, 0x00, 0x01, 0xfd, 0xff, 0xfe, 0x00, 0x00, 0x03, 0xfe, 0xff, 0x00, 0xfc, 0xfe, 0x00, 0x00, 0x01, 0xfd, 0xff,
  0xfe, 0x00, 0x00, 0x03, 0xfe, 0xff, 0x00, 0xfc, 0xfe, 0x00, 0x00, 0x01, 0xfd, 0xff, 0xfe, 0x00, 0x00, 0x03, 0xfe, 0xff, 0x00, 0xfc, 0xfe, 0x00,
  0x00, 0x01, 0xfd, 0xff, 0xfe, 0x00, 0x00, 0x03, 0xfe, 0xff, 0x00, 0xfc, 0xfe, 0x00, 0x00, 0x01, 0xfd, 0xff, 0xfe, 0x00, 0x00, 0x03, 0xfe, 0xff,
  0x00, 0xfc, 0xfe, 0x00, 0x00, 0x01, 0xfd, 0xff, 0xfe, 0x00, 0x00, 0x03, 0xfe, 0xff, 0x00, 0xfc, 0xfe, 0x00, 0x00, 0x01, 0xfd, 0xff, 0x03, 0x03,
  0x80, 0x0e, 0x03, 0xfe, 0xff, 0x00, 0xfc, 0xfe, 0x00, 0x00, 0x01, 0xfe, 0xff, 0x04, 0xfe, 0x03, 0xe0, 0x1f, 0x03, 0xfe, 0xff, 0x00, 0xfc, 0xfe,
  0x00, 0x00, 0x01, 0xfe, 0xff, 0x04, 0xfe, 0x07, 0xf8, 0x7f, 0x01, 0xfe, 0xff, 0x00, 0xfc, 0xfe, 0x00, 0x00, 0x01, 0xfe, 0xff, 0x04, 0xfc, 0x07,
  0xff, 0xff, 0x00, 0xfe, 0xff, 0x00, 0xfc, 0xfe, 0x00, 0x00, 0x01, 0xfe, 0xff, 0x08, 0xf0, 0x03, 0xff, 0xff, 0x00, 0x3f, 0xff, 0xff, 0xfc, 0xfe,
  0x00, 0x00, 0x01, 0xfe, 0xff, 0x08, 0xc0, 0x01, 0xff, 0xfe, 0x00, 0x07, 0xff, 0xff, 0xfc, 0xfe, 0x00, 0x00, 0x01, 0xfe, 0xff, 0x08, 0x80, 0x00,
  0xff, 0xfc, 0x00, 0x01, 0xff, 0xff, 0xfc, 0xfe, 0x00, 0x0c, 0x01, 0xff, 0xff, 0xfc, 0x00, 0x00, 0x3f, 0xf0, 0x00, 0x00, 0x7f, 0xff, 0xfc, 0xfe,
  0x00, 0x03, 0x01, 0xff, 0xff, 0xf0, 0xfb, 0x00, 0x02, 0x1f, 0xff, 0xfe, 0xfe, 0x00, 0x03, 0x01, 0xff, 0xff, 0xc0, 0xfb, 0x00, 0x02, 0x1f, 0xff,
  0xfc, 0xfe, 0x00, 0x03, 0x01, 0xff, 0xff, 0x80, 0xfb, 0x00, 0x02, 0x03, 0xff, 0xfc, 0xfd, 0x00, 0x01, 0xff, 0xfe, 0xfa, 0x00, 0x02, 0x01, 0xff,
  0xfc, 0xfd, 0x00, 0x01, 0xff, 0xfe, 0xf9, 0x00, 0x01, 0x7f, 0xfc, 0xfd, 0x00, 0x01, 0xff, 0xf8, 0xf9, 0x00, 0x01, 0x5f, 0xfc, 0xfd, 0x00, 0x01,
  0xff, 0xe0, 0xf9, 0x00, 0x01, 0x0f, 0xfc, 0xfd, 0x00, 0x01, 0xff, 0x80, 0xf9, 0x00, 0x01, 0x07, 0xfc, 0xfd, 0x00, 0x00, 0xff, 0xf7, 0x00, 0x00,
  0xfc, 0xfd, 0x00, 0x00, 0xfc, 0xf7, 0x00, 0x00, 0x7c, 0xfd, 0x00, 0x00, 0xf0, 0xf7, 0x00, 0x00, 0x0c, 0xfd, 0x00, 0x00, 0xf0, 0xf7, 0x00, 0x00,
  0x04, 0x8f, 0x00, 0x02, 0x00, 0x01, 0xfe, 0xf8, 0x00, 0x01, 0x07, 0xfc, 0xfe, 0x00, 0x02, 0x01, 0xfe, 0x80, 0xf9, 0x00, 0x01, 0x0f, 0xfc, 0xfe,
  0x00, 0x02, 0x01, 0xff, 0xe0, 0xf9, 0x00, 0x01, 0x5f, 0xfc, 0xfe, 0x00, 0x02, 0x01, 0xff, 0xe0, 0xf9, 0x00, 0x01, 0x7f, 0xfc, 0xfe, 0x00, 0x02,
  0x01, 0xff, 0xf8, 0xfa, 0x00, 0x02, 0x01, 0xff, 0xfc, 0xfe, 0x00, 0x02, 0x01, 0xff, 0xfa, 0xfa, 0x00, 0x02, 0x07, 0xff, 0xfc, 0xfe, 0x00, 0x02,
  0x01, 0xff, 0xfe, 0xfa, 0x00, 0x02, 0x07, 0xff, 0xfc, 0xfe, 0x00, 0x03, 0x01, 0xff, 0xff, 0x80, 0xfb, 0x00, 0x02, 0x1f, 0xff, 0xfc, 0xfe, 0x00,
  0x03, 0x01, 0xff, 0xff, 0xc0, 0xfb, 0x00, 0x02, 0x7f, 0xff, 0xfc, 0xfe, 0x00, 0x03, 0x01, 0xff, 0xff, 0xf0, 0xfb, 0x00, 0x02, 0xff, 0xff, 0xfc,
  0xfe, 0x00, 0x03, 0x01, 0xff, 0xff, 0xfc, 0xfc, 0x00, 0x03, 0x01, 0xff, 0xff, 0xfc, 0xfe, 0x00, 0x03, 0x01, 0xff, 0xff, 0xfe, 0xfc, 0x00, 0x03,
  0x03, 0xff, 0xff, 0xfc, 0xfe, 0x00, 0x00, 0x01, 0xfe, 0xff, 0x00, 0x80, 0xfd, 0x00, 0x03, 0x0f, 0xff, 0xff, 0xfc, 0xfe, 0x00, 0x00, 0x01, 0xfe,
  0xff, 0x00, 0xe0, 0xfd, 0x00, 0x03, 0x7f, 0xff, 0xff, 0xfc, 0xfe, 0x00, 0x00, 0x01, 0xfe, 0xff, 0x00, 0xf8, 0xfd, 0x00, 0xfe, 0xff, 0x00, 0xfc,
  0xfe, 0x00, 0x00, 0x01, 0xfe, 0xff, 0x00, 0xfc, 0xfe, 0x00, 0x00, 0x01, 0xfe, 0xff, 0x00, 0xfc, 0xfe, 0x00, 0x00, 0x01, 0xfe, 0xff, 0x00, 0xfe,
  0xfe, 0x00, 0x00, 0x03, 0xfe, 0xff, 0x00, 0xfc, 0xfe, 0x00, 0x00, 0x01, 0xfe, 0xff, 0x00, 0xfe, 0xfe, 0x00, 0x00, 0x03, 0xfe, 0xff, 0x00, 0xfc,
  0xfe, 0x00, 0x00, 0x01, 0xfd, 0xff, 0xfe, 0x00, 0x00, 0x07, 0xfe, 0xff, 0x00, 0xfc, 0xfe, 0x00, 0x00, 0x01, 0xfd, 0xff, 0xfe, 0x00, 0x00, 0x07,
  0xfe, 0xff, 0x00, 0xfc, 0xfe, 0x00, 0x00, 0x01, 0xfd, 0xff, 0xfe, 0x00, 0x00, 0x07, 0xfe, 0xff, 0x00, 0xfc, 0xfe, 0x00, 0x00, 0x01, 0xfd, 0xff,
  0xfe, 0x00, 0x00, 0x07, 0xfe, 0xff, 0x00, 0xfc, 0xfe, 0x00, 0x00, 0x01, 0xfd, 0xff, 0xfe, 0x00, 0x00, 0x07, 0xfe, 0xff, 0x00, 0xfc, 0xfe, 0x00,
  0x00, 0x01, 0xfd, 0xff, 0xfe, 0x00, 0x00, 0x07, 0xfe, 0xff, 0x00, 0xfc, 0xfe, 0x00, 0x00, 0x01, 0xfd, 0xff, 0xfe, 0x00, 0x00, 0x07, 0xfe, 0xff,
  0x00, 0xfc, 0xfe, 0x00, 0x00, 0x01, 0xfd, 0xff, 0xfe, 0x00, 0x00, 0x07, 0xfe, 0xff, 0x00, 0xfc, 0xfe, 0x00, 0x00, 0x01, 0xfd, 0xff, 0xfe, 0x00,
  0x00, 0x03, 0xfe, 0xff, 0x00, 0xfc, 0xfe, 0x00, 0x00, 0x01, 0xfd, 0xff, 0xfe, 0x00, 0x00, 0x03, 0xfe, 0xff, 0x00, 0xfc, 0xfe, 0x00, 0x00, 0x01,
  0xfd, 0xff, 0xfe, 0x00, 0x00, 0x03, 0xfe, 0xff, 0x00, 0xfc, 0xfe, 0x00, 0x00, 0x01, 0xfd, 0xff, 0xfe, 0x00, 0x00, 0x03, 0xfe, 0xff, 0x00, 0xfc,
  0xfe, 0x00, 0x00, 0x01, 0xfd, 0xff, 0xfe, 0x00, 0x00, 0x03, 0xfe, 0xff, 0x00, 0xfc, 0xfe, 0x00, 0x00, 0x01, 0xfd, 0xff, 0xfe, 0x00, 0x00, 0x03,
  0xfe, 0xff, 0x00, 0xfc, 0xfe, 0x00, 0x00, 0x01, 0xfd, 0xff, 0xfe, 0x00, 0x00, 0x03, 0xfe, 0xff, 0x00, 0xfc, 0xfe, 0x00, 0x00, 0x01, 0xfd, 0xff,
  0xfe, 0x00, 0x00, 0x03, 0xfe, 0xff, 0x00, 0xfc, 0xfe, 0x00, 0x00, 0x01, 0xfd, 0xff, 0xfe, 0x00, 0x00, 0x03, 0xfe, 0xff, 0x00, 0xfc, 0xfe, 0x00,
  0x00, 0x01, 0xfd, 0xff, 0xfe, 0x00, 0x00, 0x03, 0xfe, 0xff, 0x00, 0xfc, 0xfe, 0x00, 0x00, 0x01, 0xfd, 0xff, 0xfe, 0x00, 0x00, 0x03, 0xfe, 0xff,
  0x00, 0xfc, 0xfe, 0x00, 0x00, 0x01, 0xfd, 0xff, 0x03, 0x03, 0x80, 0x0e, 0x03, 0xfe, 0xff, 0x00, 0xfc, 0xfe, 0x00, 0x00, 0x01, 0xfe, 0xff, 0x04,
  0xfe, 0x03, 0xe0, 0x1f, 0x03, 0xfe, 0xff, 0x00, 0xfc, 0xfe, 0x00, 0x00, 0x01, 0xfe, 0xff, 0x04, 0xfe, 0x07, 0xf8, 0x7f, 0x01, 0xfe, 0xff, 0x00,
  0xfc, 0xfe, 0x00, 0x00, 0x01, 0xfe, 0xff, 0x04, 0xfc, 0x07, 0xff, 0xff, 0x00, 0xfe, 0xff, 0x00, 0xfc, 0xfe, 0x00, 0x00, 0x01, 0xfe, 0xff, 0x08,
  0xf0, 0x03, 0xff, 0xff, 0x00, 0x3f, 0xff, 0xff, 0xfc, 0xfe, 0x00, 0x00, 0x01, 0xfe, 0xff, 0x08, 0xc0, 0x03, 0xff, 0xfe, 0x00, 0x07, 0xff, 0xff,
  0xfc, 0xfe, 0x00, 0x00, 0x01, 0xfe, 0xff, 0x08, 0x80, 0x01, 0xff, 0xfc, 0x00, 0x01, 0xff, 0xff, 0xfc, 0xfe, 0x00, 0x0c, 0x01, 0xff, 0xff, 0xfe,
  0x00, 0x00, 0x3f, 0xf0, 0x00, 0x00, 0xff, 0xff, 0xfc, 0xfe, 0x00, 0x03, 0x01, 0xff, 0xff, 0xf0, 0xfb, 0x00, 0x02, 0x3f, 0xff, 0xfc, 0xfe, 0x00,
  0x03, 0x01, 0xff, 0xff, 0xc0, 0xfb, 0x00, 0x02, 0x1f, 0xff, 0xfc, 0xfe, 0x00, 0x03, 0x01, 0xff, 0xff, 0x80, 0xfb, 0x00, 0x02, 0x03, 0xff, 0xfc,
  0xfe, 0x00, 0x02, 0x01, 0xff, 0xfe, 0xfa, 0x00, 0x02, 0x01, 0xff, 0xfc, 0xfd, 0x00, 0x01, 0xff, 0xfe, 0xf9, 0x00, 0x01, 0x7f, 0xfc, 0xfd, 0x00,
  0x01, 0xff, 0xf0, 0xf9, 0x00, 0x01, 0x1f, 0xfc, 0xfd, 0x00, 0x01, 0xff, 0xe0, 0xf9, 0x00, 0x01, 0x0f, 0xfc, 0xfd, 0x00, 0x01, 0xff, 0x80, 0xf9,
  0x00, 0x01, 0x07, 0xfc, 0xfd, 0x00, 0x00, 0xff, 0xf7, 0x00, 0x00, 0xfc, 0xfd, 0x00, 0x00, 0xfc, 0xf7, 0x00, 0x00, 0x7c, 0xfd, 0x00, 0x00, 0xf0,
  0xf7, 0x00, 0x00, 0x0c, 0xfd, 0x00, 0x00, 0xf0, 0xf7, 0x00, 0x00, 0x04, 0xfd, 0x00, 0x00, 0xa0, 0x94, 0x00, 0x02, 0x00, 0x01, 0xfe, 0xf8, 0x00,
  0x01, 0x07, 0xfc, 0xfe, 0x00, 0x02, 0x01, 0xfe, 0xc0, 0xf9, 0x00, 0x01, 0x0f, 0xfc, 0xfe, 0x00, 0x02, 0x01, 0xff, 0xe0, 0xf9, 0x00, 0x01, 0x1f,
  0xfc, 0xfe, 0x00, 0x02, 0x01, 0xff, 0xe0, 0xf9, 0x00, 0x01, 0x7f, 0xfc, 0xfe, 0x00, 0x02, 0x01, 0xff, 0xf8, 0xf9, 0x00, 0x01, 0xff, 0xfc, 0xfe,
  0x00, 0x02, 0x01, 0xff, 0xfa, 0xfa, 0x00, 0x02, 0x07, 0xff, 0xfc, 0xfe, 0x00, 0x02, 0x01, 0xff, 0xfe, 0xfa, 0x00, 0x02, 0x07, 0xff, 0xfc, 0xfe,
  0x00, 0x03, 0x01, 0xff, 0xff, 0x80, 0xfb, 0x00, 0x02, 0x1f, 0xff, 0xfc, 0xfe, 0x00, 0x03, 0x01, 0xff, 0xff, 0xc0, 0xfb, 0x00, 0x02, 0x7f, 0xff,
  0xfc, 0xfe, 0x00, 0x03, 0x01, 0xff, 0xff, 0xf0, 0xfb, 0x00, 0x02, 0xff, 0xff, 0xfc, 0xfe, 0x00, 0x03, 0x01, 0xff, 0xff, 0xfc, 0xfc, 0x00, 0x03,
  0x01, 0xff, 0xff, 0xfc, 0xfe, 0x00, 0x03, 0x01, 0xff, 0xff, 0xfe, 0xfc, 0x00, 0x03, 0x03, 0xff, 0xff, 0xfc, 0xfe, 0x00, 0x00, 0x01, 0xfe, 0xff,
  0x00, 0x80, 0xfd, 0x00, 0x03, 0x0f, 0xff, 0xff, 0xfc, 0xfe, 0x00, 0x00, 0x01, 0xfe, 0xff, 0x00, 0xe0, 0xfd, 0x00, 0x03, 0x7f, 0xff, 0xff, 0xfc,
  0xfe, 0x00, 0x00, 0x01, 0xfe, 0xff, 0x00, 0xf8, 0xfd, 0x00, 0xfe, 0xff, 0x00, 0xfc, 0xfe, 0x00, 0x00, 0x01, 0xfe, 0xff, 0x00, 0xfc, 0xfe, 0x00,
  0x00, 0x01, 0xfe, 0xff, 0x00, 0xfc, 0xfe, 0x00, 0x00, 0x01, 0xfe, 0xff, 0x00, 0xfe, 0xfe, 0x00, 0x00, 0x03, 0xfe, 0xff, 0x00, 0xfc, 0xfe, 0x00,
  0x00, 0x01, 0xfe, 0xff, 0x00, 0xfe, 0xfe, 0x00, 0x00, 0x03, 0xfe, 0xff, 0x00, 0xfc, 0xfe, 0x00, 0x00, 0x01, 0xfd, 0xff, 0xfe, 0x00, 0x00, 0x07,
  0xfe, 0xff, 0x00, 0xfc, 0xfe, 0x00, 0x00, 0x01, 0xfd, 0xff, 0xfe, 0x00, 0x00, 0x07, 0xfe, 0xff, 0x00, 0xfc, 0xfe, 0x00, 0x00, 0x01, 0xfd, 0xff,
  0xfe, 0x00, 0x00, 0x07, 0xfe, 0xff, 0x00, 0xfc, 0xfe, 0x00, 0x00, 0x01, 0xfd, 0xff, 0xfe, 0x00, 0x00, 0x07, 0xfe, 0xff, 0x00, 0xfc, 0xfe, 0x00,
  0x00, 0x01, 0xfd, 0xff, 0xfe, 0x00, 0x00, 0x07, 0xfe, 0xff, 0x00, 0xfc, 0xfe, 0x00, 0x00, 0x01, 0xfd, 0xff, 0xfe, 0x00, 0x00, 0x07, 0xfe, 0xff,
  0x00, 0xfc, 0xfe, 0x00, 0x00, 0x01, 0xfd, 0xff, 0xfe, 0x00, 0x00, 0x07, 0xfe, 0xff, 0x00, 0xfc, 0xfe, 0x00, 0x00, 0x01, 0xfd, 0xff, 0xfe, 0x00,
  0x00, 0x07, 0xfe, 0xff, 0x00, 0xfc, 0xfe, 0x00, 0x00, 0x01, 0xfd, 0xff, 0xfe, 0x00, 0x00, 0x03, 0xfe, 0xff, 0x00, 0xfc, 0xfe, 0x00, 0x00, 0x01,
  0xfd, 0xff, 0xfe, 0x00, 0x00, 0x03, 0xfe, 0xff, 0x00, 0xfc, 0xfe, 0x00, 0x00, 0x01, 0xfd, 0xff, 0xfe, 0x00, 0x00, 0x03, 0xfe, 0xff, 0x00, 0xfc,
  0xfe, 0x00, 0x00, 0x01, 0xfd, 0xff, 0xfe, 0x00, 0x00, 0x03, 0xfe, 0xff, 0x00, 0xfc, 0xfe, 0x00, 0x00, 0x01, 0xfd, 0xff, 0xfe, 0x00, 0x00, 0x03,
  0xfe, 0xff, 0x00, 0xfc, 0xfe, 0x00, 0x00, 0x01, 0xfd, 0xff, 0xfe, 0x00, 0x00, 0x03, 0xfe, 0xff, 0x00, 0xfc, 0xfe, 0x00, 0x00, 0x01, 0xfd, 0xff,
  0xfe, 0x00, 0x00, 0x03, 0xfe, 0xff, 0x00, 0xfc, 0xfe, 0x00, 0x00, 0x01, 0xfd, 0xff, 0xfe, 0x00, 0x00, 0x03, 0xfe, 0xff, 0x00, 0xfc, 0xfe, 0x00,
  0x00, 0x01, 0xfd, 0xff, 0xfe, 0x00, 0x00, 0x03, 0xfe, 0xff, 0x00, 0xfc, 0xfe, 0x00, 0x00, 0x01, 0xfd, 0xff, 0xfe, 0x00, 0x00, 0x03, 0xfe, 0xff,
  0x00, 0xfc, 0xfe, 0x00, 0x00, 0x01, 0xfd, 0xff, 0xfe, 0x00, 0x00, 0x03, 0xfe, 0xff, 0x00, 0xfc, 0xfe, 0x00, 0x00, 0x01, 0xfd, 0xff, 0x03, 0x03,
  0x00, 0x0e, 0x03, 0xfe, 0xff, 0x00, 0xfc, 0xfe, 0x00, 0x00, 0x01, 0xfe, 0xff, 0x04, 0xfe, 0x03, 0xe0, 0x1f, 0x03, 0xfe, 0xff, 0x00, 0xfc, 0xfe,
  0x00, 0x00, 0x01, 0xfe, 0xff, 0x04, 0xfe, 0x07, 0xf8, 0x7f, 0x01, 0xfe, 0xff, 0x00, 0xfc, 0xfe, 0x00, 0x00, 0x01, 0xfe, 0xff, 0x04, 0xfc, 0x07,
  0xff, 0xff, 0x00, 0xfe, 0xff, 0x00, 0xfc, 0xfe, 0x00, 0x00, 0x01, 0xfe, 0xff, 0x08, 0xf0, 0x03, 0xff, 0xff, 0x00, 0x3f, 0xff, 0xff, 0xfc, 0xfe,
  0x00, 0x00, 0x01, 0xfe, 0xff, 0x08, 0xc0, 0x03, 0xff, 0xfe, 0x00, 0x07, 0xff, 0xff, 0xfc, 0xfe, 0x00, 0x00, 0x01, 0xfe, 0xff, 0x08, 0x80, 0x01,
  0xff, 0xfc, 0x00, 0x01, 0xff, 0xff, 0xfc, 0xfe, 0x00, 0x0c, 0x01, 0xff, 0xff, 0xfe, 0x00, 0x00, 0x3f, 0xf0, 0x00, 0x00, 0xff, 0xff, 0xfc, 0xfe,
  0x00, 0x03, 0x01, 0xff, 0xff, 0xf0, 0xfb, 0x00, 0x02, 0x3f, 0xff, 0xfc, 0xfe, 0x00, 0x03, 0x01, 0xff, 0xff, 0xc0, 0xfb, 0x00, 0x02, 0x1f, 0xff,
  0xfc, 0xfe, 0x00, 0x03, 0x01, 0xff, 0xff, 0x80, 0xfb, 0x00, 0x02, 0x03, 0xff, 0xfc, 0xfe, 0x00, 0x02, 0x01, 0xff, 0xfe, 0xfa, 0x00, 0x02, 0x01,
  0xff, 0xfc, 0xfd, 0x00, 0x01, 0xff, 0xfe, 0xf9, 0x00, 0x01, 0x7f, 0xfc, 0xfd, 0x00, 0x01, 0xff, 0xf8, 0xf9, 0x00, 0x01, 0x3f, 0xfc, 0xfe, 0x00,
  0x02, 0x01, 0xff, 0xe0, 0xf9, 0x00, 0x01, 0x0f, 0xfc, 0xfd, 0x00, 0x01, 0xff, 0x80, 0xf9, 0x00, 0x01, 0x07, 0xfc, 0xfd, 0x00, 0x00, 0xff, 0xf7,
  0x00, 0x00, 0xfc, 0xfd, 0x00, 0x00, 0xfd, 0xf7, 0x00, 0x00, 0x7c, 0xfd, 0x00, 0x00, 0xf8, 0xf7, 0x00, 0x00, 0x1c, 0xfd, 0x00, 0x00, 0xf0, 0xf7,
  0x00, 0x00, 0x04, 0xfd, 0x00, 0x00, 0xa0, 0x94, 0x00, 0x02, 0x00, 0x01, 0xf8, 0xf8, 0x00, 0x01, 0x3f, 0xfc, 0xfe, 0x00, 0x01, 0x01, 0xfa, 0xf8,
  0x00, 0x01, 0x7f, 0xfc, 0xfe, 0x00, 0x01, 0x01, 0xfe, 0xf9, 0x00, 0x02, 0x01, 0xff, 0xfc, 0xfe, 0x00, 0x02, 0x01, 0xfe, 0x80, 0xfa, 0x00, 0x02,
  0x03, 0xff, 0xfc, 0xfe, 0x00, 0x02, 0x01, 0xff, 0xc0, 0xfa, 0x00, 0x02, 0x07, 0xff, 0xfc, 0xfe, 0x00, 0x02, 0x01, 0xff, 0xf0, 0xfa, 0x00, 0x02,
  0x1f, 0xff, 0xfc, 0xfe, 0x00, 0x02, 0x01, 0xff, 0xf8, 0xfa, 0x00, 0x02, 0x3f, 0xff, 0xfc, 0xfe, 0x00, 0x02, 0x01, 0xff, 0xfe, 0xfa, 0x00, 0x02,
  0x7f, 0xff, 0xfc, 0xfe, 0x00, 0x02, 0x01, 0xff, 0xff, 0xfa, 0x00, 0x02, 0xff, 0xff, 0xfc, 0xfe, 0x00, 0x03, 0x01, 0xff, 0xff, 0xe0, 0xfc, 0x00,
  0x03, 0x03, 0xff, 0xff, 0xfc, 0xfe, 0x00, 0x03, 0x01, 0xff, 0xff, 0xf0, 0xfc, 0x00, 0x03, 0x07, 0xff, 0xff, 0xfc, 0xfe, 0x00, 0x03, 0x01, 0xff,
  0xff, 0xf8, 0xfc, 0x00, 0x03, 0x1f, 0xff, 0xff, 0xfc, 0xfe, 0x00, 0x03, 0x01, 0xff, 0xff, 0xfe, 0xfc, 0x00, 0x03, 0x3f, 0xff, 0xff, 0xfc, 0xfe,
  0x00, 0x00, 0x01, 0xfe, 0xff, 0x00, 0x80, 0xfd, 0x00, 0xfe, 0xff, 0x00, 0xfc, 0xfe, 0x00, 0x00, 0x01, 0xfe, 0xff, 0x00, 0xe0, 0xfe, 0x00, 0x00,
  0x03, 0xfe, 0xff, 0x00, 0xfc, 0xfe, 0x00, 0x00, 0x01, 0xfe, 0xff, 0x00, 0xf8, 0xfe, 0x00, 0x00, 0x07, 0xfe, 0xff, 0x00, 0xfc, 0xfe, 0x00, 0x00,
  0x01, 0xfe, 0xff, 0x00, 0xfc, 0xfe, 0x00, 0x00, 0x07, 0xfe, 0xff, 0x00, 0xfc, 0xfe, 0x00, 0x00, 0x01, 0xfe, 0xff, 0x00, 0xfc, 0xfe, 0x00, 0x00,
  0x07, 0xfe, 0xff, 0x00, 0xfc, 0xfe, 0x00, 0x00, 0x01, 0xfe, 0xff, 0x00, 0xfe, 0xfe, 0x00, 0x00, 0x0f, 0xfe, 0xff, 0x00, 0xfc, 0xfe, 0x00, 0x00,
  0x01, 0xfe, 0xff, 0x00, 0xfe, 0xfe, 0x00, 0x00, 0x0f, 0xfe, 0xff, 0x00, 0xfc, 0xfe, 0x00, 0x00, 0x01, 0xfe, 0xff, 0x00, 0xfe, 0xfe, 0x00, 0x00,
  0x0f, 0xfe, 0xff, 0x00, 0xfc, 0xfe, 0x00, 0x00, 0x01, 0xfe, 0xff, 0x00, 0xfe, 0xfe, 0x00, 0x00, 0x0f, 0xfe, 0xff, 0x00, 0xfc, 0xfe, 0x00, 0x00,
  0x01, 0xfe, 0xff, 0x00, 0xfe, 0xfe, 0x00, 0x00, 0x0f, 0xfe, 0xff, 0x00, 0xfc, 0xfe, 0x00, 0x00, 0x01, 0xfe, 0xff, 0x00, 0xfe, 0xfe, 0x00, 0x00,
  0x0f, 0xfe, 0xff, 0x00, 0xfc, 0xfe, 0x00, 0x00, 0x01, 0xfe, 0xff, 0x00, 0xfe, 0xfe, 0x00, 0x00, 0x0f, 0xfe, 0xff, 0x00, 0xfc, 0xfe, 0x00, 0x00,
  0x01, 0xfe, 0xff, 0x00, 0xfe, 0xfe, 0x00, 0x00, 0x07, 0xfe, 0xff, 0x00, 0xfc, 0xfe, 0x00, 0x00, 0x01, 0xfe, 0xff, 0x00, 0xfe, 0xfe, 0x00, 0x00,
  0x07, 0xfe, 0xff, 0x00, 0xfc, 0xfe, 0x00, 0x00, 0x01, 0xfe, 0xff, 0x00, 0xfe, 0xfe, 0x00, 0x00, 0x07, 0xfe, 0xff, 0x00, 0xfc, 0xfe, 0x00, 0x00,
  0x01, 0xfe, 0xff, 0x00, 0xfe, 0xfe, 0x00, 0x00, 0x07, 0xfe, 0xff, 0x00, 0xfc, 0xfe, 0x00, 0x00, 0x01, 0xfe, 0xff, 0x00, 0xfe, 0xfe, 0x00, 0x00,
  0x07, 0xfe, 0xff, 0x00, 0xfc, 0xfe, 0x00, 0x00, 0x01, 0xfe, 0xff, 0x00, 0xfe, 0xfe, 0x00, 0x00, 0x07, 0xfe, 0xff, 0x00, 0xfc, 0xfe, 0x00, 0x00,
  0x01, 0xfe, 0xff, 0x00, 0xfe, 0xfe, 0x00, 0x00, 0x07, 0xfe, 0xff, 0x00, 0xfc, 0xfe, 0x00, 0x00, 0x01, 0xfe, 0xff, 0x00, 0xfe, 0xfe, 0x00, 0x00,
  0x07, 0xfe, 0xff, 0x00, 0xfc, 0xfe, 0x00, 0x00, 0x01, 0xfe, 0xff, 0x00, 0xfe, 0xfe, 0x00, 0x00, 0x07, 0xfe, 0xff, 0x00, 0xfc, 0xfe, 0x00, 0x00,
  0x01, 0xfe, 0xff, 0x00, 0xfe, 0xfe, 0x00, 0x00, 0x07, 0xfe, 0xff, 0x00, 0xfc, 0xfe, 0x00, 0x00, 0x01, 0xfe, 0xff, 0x00, 0xfe, 0xfe, 0x00, 0x00,
  0x07, 0xfe, 0xff, 0x00, 0xfc, 0xfe, 0x00, 0x00, 0x01, 0xfe, 0xff, 0x00, 0xfe, 0xfe, 0x00, 0x00, 0x07, 0xfe, 0xff, 0x00, 0xfc, 0xfe, 0x00, 0x00,
  0x01, 0xfe, 0xff, 0x04, 0xfe, 0x03, 0x00, 0x0c, 0x07, 0xfe, 0xff, 0x00, 0xfc, 0xfe, 0x00, 0x00, 0x01, 0xfe, 0xff, 0x04, 0xfc, 0x07, 0xc0, 0x3e,
  0x03, 0xfe, 0xff, 0x00, 0xfc, 0xfe, 0x00, 0x00, 0x01, 0xfe, 0xff, 0x04, 0xfc, 0x07, 0xf1, 0xfe, 0x03, 0xfe, 0xff, 0x00, 0xfc, 0xfe, 0x00, 0x00,
  0x01, 0xfe, 0xff, 0x04, 0xfc, 0x07, 0xff, 0xfe, 0x01, 0xfe, 0xff, 0x00, 0xfc, 0xfe, 0x00, 0x00, 0x01, 0xfe, 0xff, 0x08, 0xf0, 0x07, 0xff, 0xfe,
  0x00, 0x7f, 0xff, 0xff, 0xfc, 0xfe, 0x00, 0x00, 0x01, 0xfe, 0xff, 0x08, 0xc0, 0x03, 0xff, 0xfc, 0x00, 0x0f, 0xff, 0xff, 0xfc, 0xfe, 0x00, 0x00,
  0x01, 0xfe, 0xff, 0x08, 0x00, 0x01, 0xff, 0xf8, 0x00, 0x03, 0xff, 0xff, 0xfc, 0xfe, 0x00, 0x0c, 0x01, 0xff, 0xff, 0xfc, 0x00, 0x00, 0x7f, 0xe0,
  0x00, 0x00, 0xff, 0xff, 0xfc, 0xfe, 0x00, 0x03, 0x01, 0xff, 0xff, 0xf0, 0xfb, 0x00, 0x02, 0x7f, 0xff, 0xfc, 0xfe, 0x00, 0x03, 0x01, 0xff, 0xff,
  0xc0, 0xfb, 0x00, 0x02, 0x1f, 0xff, 0xfc, 0xfe, 0x00, 0x03, 0x01, 0xff, 0xff, 0x80, 0xfb, 0x00, 0x02, 0x07, 0xff, 0xfc, 0xfe, 0x00, 0x02, 0x01,
  0xff, 0xfe, 0xfa, 0x00, 0x02, 0x03, 0xff, 0xfc, 0xfd, 0x00, 0x01, 0xff, 0xfe, 0xf9, 0x00, 0x01, 0xff, 0xfc, 0xfd, 0x00, 0x01, 0xff, 0xe0, 0xf9,
  0x00, 0x01, 0x3f, 0xfc, 0xfe, 0x00, 0x02, 0x01, 0xff, 0xc0, 0xf9, 0x00, 0x01, 0x0f, 0xfc, 0xfd, 0x00, 0x01, 0xff, 0x80, 0xf9, 0x00, 0x01, 0x07,
  0xfc, 0xfd, 0x00, 0x00, 0xff, 0xf7, 0x00, 0x00, 0xfc, 0xfd, 0x00, 0x00, 0xf8, 0xf7, 0x00, 0x00, 0x7c, 0xfd, 0x00, 0x00, 0xf8, 0xf7, 0x00, 0x00,
  0x5c, 0xfd, 0x00, 0x00, 0x80, 0xf7, 0x00, 0x00, 0x04, 0x8f, 0x00, 0x02, 0x00, 0x00, 0x80, 0xf9, 0x00, 0x02, 0x7f, 0xff, 0xfc, 0xfd, 0x00, 0x00,
  0x80, 0xf9, 0x00, 0x02, 0xff, 0xff, 0xfc, 0xfd, 0x00, 0x00, 0x80, 0xfa, 0x00, 0x03, 0x01, 0xff, 0xff, 0xfc, 0xfd, 0x00, 0x00, 0x80, 0xfa, 0x00,
  0x03, 0x03, 0xff, 0xff, 0xfc, 0xfe, 0x00, 0x01, 0x01, 0x80, 0xfa, 0x00, 0x03, 0x07, 0xff, 0xff, 0xfc, 0xfe, 0x00, 0x01, 0x01, 0xe0, 0xfa, 0x00,
  0x03, 0x07, 0xff, 0xff, 0xfc, 0xfe, 0x00, 0x01, 0x01, 0xf2, 0xfa, 0x00, 0x03, 0x1f, 0xff, 0xff, 0xfc, 0xfe, 0x00, 0x01, 0x01, 0xfe, 0xfa, 0x00,
  0x03, 0x3f, 0xff, 0xff, 0xfc, 0xfe, 0x00, 0x02, 0x01, 0xff, 0x80, 0xfb, 0x00, 0x03, 0x7f, 0xff, 0xff, 0xfc, 0xfe, 0x00, 0x02, 0x01, 0xff, 0xe0,
  0xfb, 0x00, 0xfe, 0xff, 0x00, 0xfc, 0xfe, 0x00, 0x02, 0x01, 0xff, 0xf0, 0xfc, 0x00, 0x00, 0x01, 0xfe, 0xff, 0x00, 0xfc, 0xfe, 0x00, 0x02, 0x01,
  0xff, 0xff, 0xfc, 0x00, 0x00, 0x03, 0xfe, 0xff, 0x00, 0xfc, 0xfe, 0x00, 0x03, 0x01, 0xff, 0xff, 0xf8, 0xfd, 0x00, 0x00, 0x07, 0xfe, 0xff, 0x00,
  0xfc, 0xfe, 0x00, 0x03, 0x01, 0xff, 0xff, 0xfe, 0xfd, 0x00, 0x00, 0x1f, 0xfe, 0xff, 0x00, 0xfc, 0xfe, 0x00, 0x00, 0x01, 0xfe, 0xff, 0x00, 0x80,
  0xfe, 0x00, 0x00, 0x3f, 0xfe, 0xff, 0x00, 0xfc, 0xfe, 0x00, 0x00, 0x01, 0xfe, 0xff, 0x00, 0xf0, 0xfe, 0x00, 0x00, 0x3f, 0xfe, 0xff, 0x00, 0xfc,
  0xfe, 0x00, 0x00, 0x01, 0xfe, 0xff, 0x00, 0xf8, 0xfe, 0x00, 0x00, 0x7f, 0xfe, 0xff, 0x00, 0xfc, 0xfe, 0x00, 0x00, 0x01, 0xfe, 0xff, 0x00, 0xfc,
  0xfe, 0x00, 0x00, 0x7f, 0xfe, 0xff, 0x00, 0xfc, 0xfe, 0x00, 0x00, 0x01, 0xfe, 0xff, 0x00, 0xfc, 0xfe, 0x00, 0x00, 0x7f, 0xfe, 0xff, 0x00, 0xfc,
  0xfe, 0x00, 0x00, 0x01, 0xfe, 0xff, 0x00, 0xfc, 0xfe, 0x00, 0x00, 0x7f, 0xfe, 0xff, 0x00, 0xfc, 0xfe, 0x00, 0x00, 0x01, 0xfe, 0xff, 0x00, 0xfc,
  0xfe, 0x00, 0x00, 0x7f, 0xfe, 0xff, 0x00, 0xfc, 0xfe, 0x00, 0x00, 0x01, 0xfe, 0xff, 0x00, 0xfe, 0xfe, 0x00, 0x00, 0x7f, 0xfe, 0xff, 0x00, 0xfc,
  0xfe, 0x00, 0x00, 0x01, 0xfe, 0xff, 0x00, 0xfc, 0xfe, 0x00, 0x00, 0x7f, 0xfe, 0xff, 0x00, 0xfc, 0xfe, 0x00, 0x00, 0x01, 0xfe, 0xff, 0x00, 0xfc,
  0xfe, 0x00, 0x00, 0x7f, 0xfe, 0xff, 0x00, 0xfc, 0xfe, 0x00, 0x00, 0x01, 0xfe, 0xff, 0x00, 0xfc, 0xfe, 0x00, 0x00, 0x3f, 0xfe, 0xff, 0x00, 0xfc,
  0xfe, 0x00, 0x00, 0x01, 0xfe, 0xff, 0x00, 0xfc, 0xfe, 0x00, 0x00, 0x7f, 0xfe, 0xff, 0x00, 0xfc, 0xfe, 0x00, 0x00, 0x01, 0xfe, 0xff, 0x00, 0xfc,
  0xfe, 0x00, 0x00, 0x3f, 0xfe, 0xff, 0x00, 0xfc, 0xfe, 0x00, 0x00, 0x01, 0xfe, 0xff, 0x00, 0xfc, 0xfe, 0x00, 0x00, 0x3f, 0xfe, 0xff, 0x00, 0xfc,
  0xfe, 0x00, 0x00, 0x01, 0xfe, 0xff, 0x00, 0xfc, 0xfe, 0x00, 0x00, 0x3f, 0xfe, 0xff, 0x00, 0xfc, 0xfe, 0x00, 0x00, 0x01, 0xfe, 0xff, 0x00, 0xfc,
  0xfe, 0x00, 0x00, 0x3f, 0xfe, 0xff, 0x00, 0xfc, 0xfe, 0x00, 0x00, 0x01, 0xfe, 0xff, 0x00, 0xfc, 0xfe, 0x00, 0x00, 0x3f, 0xfe, 0xff, 0x00, 0xfc,
  0xfe, 0x00, 0x00, 0x01, 0xfe, 0xff, 0x00, 0xfc, 0xfe, 0x00, 0x00, 0x3f, 0xfe, 0xff, 0x00, 0xfc, 0xfe, 0x00, 0x00, 0x01, 0xfe, 0xff, 0x00, 0xfc,
  0xfe, 0x00, 0x00, 0x3f, 0xfe, 0xff, 0x00, 0xfc, 0xfe, 0x00, 0x00, 0x01, 0xfe, 0xff, 0x00, 0xfc, 0xfe, 0x00, 0x00, 0x3f, 0xfe, 0xff, 0x00, 0xfc,
  0xfe, 0x00, 0x00, 0x01, 0xfe, 0xff, 0x00, 0xfc, 0xfe, 0x00, 0x00, 0x3f, 0xfe, 0xff, 0x00, 0xfc, 0xfe, 0x00, 0x00, 0x01, 0xfe, 0xff, 0x00, 0xfc,
  0xfe, 0x00, 0x00, 0x3f, 0xfe, 0xff, 0x00, 0xfc, 0xfe, 0x00, 0x00, 0x01, 0xfe, 0xff, 0x00, 0xfc, 0xfe, 0x00, 0x00, 0x1f, 0xfe, 0xff, 0x00, 0xfc,
  0xfe, 0x00, 0x00, 0x01, 0xfe, 0xff, 0x04, 0xfc, 0x00, 0x00, 0x78, 0x1f, 0xfe, 0xff, 0x00, 0xfc, 0xfe, 0x00, 0x00, 0x01, 0xfe, 0xff, 0x04, 0xfc,
  0x1f, 0x81, 0xfe, 0x0f, 0xfe, 0xff, 0x00, 0xfc, 0xfe, 0x00, 0x00, 0x01, 0xfe, 0xff, 0x04, 0xfc, 0x3f, 0xff, 0xfe, 0x07, 0xfe, 0xff, 0x00, 0xfc,
  0xfe, 0x00, 0x00, 0x01, 0xfe, 0xff, 0x04, 0xf8, 0x3f, 0xff, 0xfe, 0x01, 0xfe, 0xff, 0x00, 0xfc, 0xfe, 0x00, 0x00, 0x01, 0xfe, 0xff, 0x08, 0xe0,
  0x3f, 0xff, 0xfc, 0x00, 0x7f, 0xff, 0xff, 0xfc, 0xfe, 0x00, 0x00, 0x01, 0xfe, 0xff, 0x08, 0x80, 0x1f, 0xff, 0xf8, 0x00, 0x1f, 0xff, 0xff, 0xfc,
  0xfe, 0x00, 0x0c, 0x01, 0xff, 0xff, 0xfe, 0x00, 0x0f, 0xff, 0xf0, 0x00, 0x07, 0xff, 0xff, 0xfc, 0xfe, 0x00, 0x0c, 0x01, 0xff, 0xff, 0xf8, 0x00,
  0x03, 0xff, 0xc0, 0x00, 0x03, 0xff, 0xff, 0xfc, 0xfe, 0x00, 0x03, 0x01, 0xff, 0xff, 0xe0, 0xfb, 0x00, 0x02, 0xff, 0xff, 0xfc, 0xfe, 0x00, 0x03,
  0x01, 0xff, 0xff, 0xc0, 0xfb, 0x00, 0x02, 0x7f, 0xff, 0xfc, 0xfe, 0x00, 0x02, 0x01, 0xff, 0xfe, 0xfa, 0x00, 0x02, 0x3f, 0xff, 0xfc, 0xfe, 0x00,
  0x02, 0x01, 0xff, 0xfc, 0xfa, 0x00, 0x02, 0x07, 0xff, 0xfc, 0xfe, 0x00, 0x02, 0x01, 0xff, 0xf0, 0xfa, 0x00, 0x02, 0x03, 0xff, 0xfc, 0xfe, 0x00,
  0x02, 0x01, 0xff, 0xc0, 0xfa, 0x00, 0x02, 0x01, 0xff, 0xfc, 0xfe, 0x00, 0x02, 0x01, 0xff, 0x80, 0xf9, 0x00, 0x01, 0x7f, 0xfc, 0xfe, 0x00, 0x01,
  0x01, 0xff, 0xf8, 0x00, 0x01, 0x7f, 0xfc, 0xfd, 0x00, 0x00, 0xf8, 0xf8, 0x00, 0x01, 0x0f, 0xfc, 0xfd, 0x00, 0x00, 0xd0, 0xf8, 0x00, 0x01, 0x05,
  0xfc, 0xfd, 0x00, 0x00, 0x80, 0xf8, 0x00, 0x01, 0x01, 0xfc, 0xf3, 0x00, 0x01, 0x01, 0x7c, 0xf2, 0x00, 0x00, 0x1c, 0xf2, 0x00, 0x00, 0x1c, 0xaf,
  0x00, 0xf6, 0x00, 0x02, 0xff, 0xff, 0xfc, 0xf5, 0x00, 0x03, 0x03, 0xff, 0xff, 0xfc, 0xf5, 0x00, 0x03, 0x0f, 0xff, 0xff, 0xfc, 0xf5, 0x00, 0x03,
  0x1f, 0xff, 0xff, 0xfc, 0xfd, 0x00, 0x00, 0x80, 0xfa, 0x00, 0x03, 0x3f, 0xff, 0xff, 0xfc, 0xfe, 0x00, 0x01, 0x01, 0xe0, 0xfa, 0x00, 0x03, 0x7f,
  0xff, 0xff, 0xfc, 0xfe, 0x00, 0x01, 0x01, 0xf0, 0xfa, 0x00, 0x03, 0x7f, 0xff, 0xff, 0xfc, 0xfe, 0x00, 0x01, 0x01, 0xfe, 0xfa, 0x00, 0xfe, 0xff,
  0x00, 0xfc, 0xfe, 0x00, 0x02, 0x01, 0xff, 0x80, 0xfc, 0x00, 0x00, 0x01, 0xfe, 0xff, 0x00, 0xfc, 0xfe, 0x00, 0x02, 0x01, 0xff, 0xa0, 0xfc, 0x00,
  0x00, 0x03, 0xfe, 0xff, 0x00, 0xfc, 0xfe, 0x00, 0x02, 0x01, 0xff, 0xf0, 0xfc, 0x00, 0x00, 0x07, 0xfe, 0xff, 0x00, 0xfc, 0xfe, 0x00, 0x02, 0x01,
  0xff, 0xfa, 0xfc, 0x00, 0x00, 0x0f, 0xfe, 0xff, 0x00, 0xfc, 0xfe, 0x00, 0x02, 0x01, 0xff, 0xff, 0xfc, 0x00, 0x00, 0x3f, 0xfe, 0xff, 0x00, 0xfc,
  0xfe, 0x00, 0x03, 0x01, 0xff, 0xff, 0xe0, 0xfd, 0x00, 0x00, 0x7f, 0xfe, 0xff, 0x00, 0xfc, 0xfe, 0x00, 0x03, 0x01, 0xff, 0xff, 0xf8, 0xfd, 0x00,
  0xfd, 0xff, 0x00, 0xfc, 0xfe, 0x00, 0x00, 0x01, 0xfe, 0xff, 0xfe, 0x00, 0x00, 0x01, 0xfd, 0xff, 0x00, 0xfc, 0xfe, 0x00, 0x00, 0x01, 0xfe, 0xff,
  0x03, 0x80, 0x00, 0x00, 0x01, 0xfd, 0xff, 0x00, 0xfc, 0xfe, 0x00, 0x00, 0x01, 0xfe, 0xff, 0x03, 0xc0, 0x00, 0x00, 0x01, 0xfd, 0xff, 0x00, 0xfc,
  0xfe, 0x00, 0x00, 0x01, 0xfe, 0xff, 0x03, 0xe0, 0x00, 0x00, 0x01, 0xfd, 0xff, 0x00, 0xfc, 0xfe, 0x00, 0x00, 0x01, 0xfe, 0xff, 0x03, 0xe0, 0x00,
  0x00, 0x01, 0xfd, 0xff, 0x00, 0xfc, 0xfe, 0x00, 0x00, 0x01, 0xfe, 0xff, 0x03, 0xe0, 0x00, 0x00, 0x03, 0xfd, 0xff, 0x00, 0xfc, 0xfe, 0x00, 0x00,
  0x01, 0xfe, 0xff, 0x03, 0xf0, 0x00, 0x00, 0x01, 0xfd, 0xff, 0x00, 0xfc, 0xfe, 0x00, 0x00, 0x01, 0xfe, 0xff, 0x03, 0xf0, 0x00, 0x00, 0x01, 0xfd,
  0xff, 0x00, 0xfc, 0xfe, 0x00, 0x00, 0x01, 0xfe, 0xff, 0x03, 0xf0, 0x00, 0x00, 0x01, 0xfd, 0xff, 0x00, 0xfc, 0xfe, 0x00, 0x00, 0x01, 0xfe, 0xff,
  0x03, 0xf0, 0x00, 0x00, 0x01, 0xfd, 0xff, 0x00, 0xfc, 0xfe, 0x00, 0x00, 0x01, 0xfe, 0xff, 0x03, 0xf0, 0x00, 0x00, 0x01, 0xfd, 0xff, 0x00, 0xfc,
  0xfe, 0x00, 0x00, 0x01, 0xfe, 0xff, 0x03, 0xf0, 0x00, 0x00, 0x01, 0xfd, 0xff, 0x00, 0xfc, 0xfe, 0x00, 0x00, 0x01, 0xfe, 0xff, 0x03, 0xf0, 0x00,
  0x00, 0x01, 0xfd, 0xff, 0x00, 0xfc, 0xfe, 0x00, 0x00, 0x01, 0xfe, 0xff, 0x03, 0xf0, 0x00, 0x00, 0x01, 0xfd, 0xff, 0x00, 0xfc, 0xfe, 0x00, 0x00,
  0x01, 0xfe, 0xff, 0x03, 0xf0, 0x00, 0x00, 0x01, 0xfd, 0xff, 0x00, 0xfc, 0xfe, 0x00, 0x00, 0x01, 0xfe, 0xff, 0x03, 0xf0, 0x00, 0x00, 0x01, 0xfd,
  0xff, 0x00, 0xfc, 0xfe, 0x00, 0x00, 0x01, 0xfe, 0xff, 0x03, 0xf0, 0x00, 0x00, 0x01, 0xfd, 0xff, 0x00, 0xfc, 0xfe, 0x00, 0x00, 0x01, 0xfe, 0xff,
  0x00, 0xf0, 0xfe, 0x00, 0xfd, 0xff, 0x00, 0xfc, 0xfe, 0x00, 0x00, 0x01, 0xfe, 0xff, 0x00, 0xf0, 0xfe, 0x00, 0xfd, 0xff, 0x00, 0xfc, 0xfe, 0x00,
  0x00, 0x01, 0xfe, 0xff, 0x00, 0xf0, 0xfe, 0x00, 0xfd, 0xff, 0x00, 0xfc, 0xfe, 0x00, 0x00, 0x01, 0xfe, 0xff, 0x00, 0xf0, 0xfe, 0x00, 0xfd, 0xff,
  0x00, 0xfc, 0xfe, 0x00, 0x00, 0x01, 0xfe, 0xff, 0x00, 0xf0, 0xfe, 0x00, 0x00, 0x7f, 0xfe, 0xff, 0x00, 0xfc, 0xfe, 0x00, 0x00, 0x01, 0xfe, 0xff,
  0x04, 0xf0, 0x00, 0x01, 0xf0, 0x7f, 0xfe, 0xff, 0x00, 0xfc, 0xfe, 0x00, 0x00, 0x01, 0xfe, 0xff, 0x04, 0xf0, 0x3c, 0x03, 0xf0, 0x3f, 0xfe, 0xff,
  0x00, 0xfc, 0xfe, 0x00, 0x00, 0x01, 0xfe, 0xff, 0x04, 0xe0, 0x7f, 0x8f, 0xf0, 0x1f, 0xfe, 0xff, 0x00, 0xfc, 0xfe, 0x00, 0x00, 0x01, 0xfe, 0xff,
  0x04, 0xe0, 0xff, 0xff, 0xf0, 0x07, 0xfe, 0xff, 0x00, 0xfc, 0xfe, 0x00, 0x00, 0x01, 0xfe, 0xff, 0x04, 0xc0, 0xff, 0xff, 0xf0, 0x01, 0xfe, 0xff,
  0x00, 0xfe, 0xfe, 0x00, 0x00, 0x01, 0xfe, 0xff, 0x04, 0x80, 0x7f, 0xff, 0xe0, 0x00, 0xfe, 0xff, 0x00, 0xfc, 0xfe, 0x00, 0x0c, 0x01, 0xff, 0xff,
  0xfe, 0x00, 0x7f, 0xff, 0xc0, 0x00, 0x3f, 0xff, 0xff, 0xfc, 0xfe, 0x00, 0x0c, 0x01, 0xff, 0xff, 0xf0, 0x00, 0x1f, 0xff, 0x00, 0x00, 0x1f, 0xff,
  0xff, 0xfc, 0xfe, 0x00, 0x0c, 0x01, 0xff, 0xff, 0xe0, 0x00, 0x03, 0x80, 0x00, 0x00, 0x0f, 0xff, 0xff, 0xfc, 0xfe, 0x00, 0x03, 0x01, 0xff, 0xfe,
  0x80, 0xfc, 0x00, 0x03, 0x07, 0xff, 0xff, 0xfc, 0xfe, 0x00, 0x02, 0x01, 0xff, 0xfe, 0xfb, 0x00, 0x03, 0x01, 0xff, 0xff, 0xfc, 0xfe, 0x00, 0x02,
  0x01, 0xff, 0xf0, 0xfa, 0x00, 0x02, 0xff, 0xff, 0xfc, 0xfe, 0x00, 0x02, 0x01, 0xff, 0xe0, 0xfa, 0x00, 0x02, 0x7f, 0xff, 0xfc, 0xfe, 0x00, 0x01,
  0x01, 0xff, 0xf9, 0x00, 0x02, 0x3f, 0xff, 0xfc, 0xfe, 0x00, 0x01, 0x01, 0xfe, 0xf9, 0x00, 0x02, 0x0f, 0xff, 0xfc, 0xfd, 0x00, 0x00, 0xf8, 0xf9,
  0x00, 0x02, 0x05, 0xff, 0xfc, 0xfd, 0x00, 0x00, 0xf0, 0xf8, 0x00, 0x01, 0xff, 0xfc, 0xfd, 0x00, 0x00, 0x40, 0xf8, 0x00, 0x01, 0x3f, 0xfc, 0xf3,
  0x00, 0x01, 0x3f, 0xfc, 0xf3, 0x00, 0x01, 0x17, 0xfc, 0xf3, 0x00, 0x01, 0x07, 0xfc, 0xf2, 0x00, 0x00, 0x7c, 0xf2, 0x00, 0x00, 0x3c, 0xbf, 0x00,
  0xf7, 0x00, 0x03, 0x3f, 0xff, 0xff, 0xfc, 0xf5, 0x00, 0x03, 0x7f, 0xff, 0xff, 0xfc, 0xf5, 0x00, 0x03, 0x7f, 0xff, 0xff, 0xfc, 0xf5, 0x00, 0x03,
  0x7f, 0xff, 0xff, 0xfc, 0xf6, 0x00, 0x00, 0x01, 0xfe, 0xff, 0x00, 0xfc, 0xf6, 0x00, 0x00, 0x01, 0xfe, 0xff, 0x00, 0xfc, 0xf6, 0x00, 0x00, 0x03,
  0xfe, 0xff, 0x00, 0xfc, 0xf6, 0x00, 0x00, 0x07, 0xfe, 0xff, 0x00, 0xfc, 0xfe, 0x00, 0x01, 0x01, 0x80, 0xfb, 0x00, 0x00, 0x07, 0xfe, 0xff, 0x00,
  0xfc, 0xfe, 0x00, 0x01, 0x01, 0xa0, 0xfb, 0x00, 0x00, 0x0f, 0xfe, 0xff, 0x00, 0xfc, 0xfe, 0x00, 0x01, 0x01, 0xf8, 0xfb, 0x00, 0x00, 0x0f, 0xfe,
  0xff, 0x00, 0xfc, 0xfe, 0x00, 0x01, 0x01, 0xfe, 0xfb, 0x00, 0x00, 0x1f, 0xfe, 0xff, 0x00, 0xfc, 0xfe, 0x00, 0x02, 0x01, 0xff, 0xc0, 0xfc, 0x00,
  0x00, 0x7f, 0xfe, 0xff, 0x00, 0xfc, 0xfe, 0x00, 0x02, 0x01, 0xff, 0xf8, 0xfc, 0x00, 0xfd, 0xff, 0x00, 0xfc, 0xfe, 0x00, 0x02, 0x01, 0xff, 0xfe,
  0xfd, 0x00, 0x00, 0x01, 0xfd, 0xff, 0x00, 0xfc, 0xfe, 0x00, 0x03, 0x01, 0xff, 0xff, 0xc0, 0xfe, 0x00, 0x00, 0x01, 0xfd, 0xff, 0x00, 0xfc, 0xfe,
  0x00, 0x03, 0x01, 0xff, 0xff, 0xfc, 0xfe, 0x00, 0x00, 0x03, 0xfd, 0xff, 0x00, 0xfc, 0xfe, 0x00, 0x03, 0x01, 0xff, 0xff, 0xfe, 0xfe, 0x00, 0x00,
  0x03, 0xfd, 0xff, 0x00, 0xfc, 0xfe, 0x00, 0x00, 0x01, 0xfe, 0xff, 0xfe, 0x00, 0x00, 0x03, 0xfd, 0xff, 0x00, 0xfc, 0xfe, 0x00, 0x00, 0x01, 0xfe,
  0xff, 0xfe, 0x00, 0x00, 0x03, 0xfd, 0xff, 0x00, 0xfc, 0xfe, 0x00, 0x00, 0x01, 0xfe, 0xff, 0x03, 0x80, 0x00, 0x00, 0x03, 0xfd, 0xff, 0x00, 0xfc,
  0xfe, 0x00, 0x00, 0x01, 0xfe, 0xff, 0x03, 0x80, 0x00, 0x00, 0x03, 0xfd, 0xff, 0x00, 0xfc, 0xfe, 0x00, 0x00, 0x01, 0xfe, 0xff, 0x03, 0x80, 0x00,
  0x00, 0x01, 0xfd, 0xff, 0x00, 0xfc, 0xfe, 0x00, 0x00, 0x01, 0xfe, 0xff, 0x03, 0x80, 0x00, 0x00, 0x01, 0xfd, 0xff, 0x00, 0xfc, 0xfe, 0x00, 0x00,
  0x01, 0xfe, 0xff, 0x03, 0x80, 0x00, 0x00, 0x01, 0xfd, 0xff, 0x00, 0xfc, 0xfe, 0x00, 0x00, 0x01, 0xfe, 0xff, 0x03, 0x80, 0x00, 0x00, 0x01, 0xfd,
  0xff, 0x00, 0xfc, 0xfe, 0x00, 0x00, 0x01, 0xfe, 0xff, 0x03, 0x80, 0x00, 0x00, 0x01, 0xfd, 0xff, 0x00, 0xfc, 0xfe, 0x00, 0x00, 0x01, 0xfe, 0xff,
  0x03, 0x80, 0x00, 0x00, 0x01, 0xfd, 0xff, 0x00, 0xfc, 0xfe, 0x00, 0x00, 0x01, 0xfe, 0xff, 0x03, 0x80, 0x00, 0x00, 0x01, 0xfd, 0xff, 0x00, 0xfc,
  0xfe, 0x00, 0x00, 0x01, 0xfe, 0xff, 0x03, 0xc0, 0x00, 0x00, 0x01, 0xfd, 0xff, 0x00, 0xfc, 0xfe, 0x00, 0x00, 0x01, 0xfe, 0xff, 0x03, 0xc0, 0x00,
  0x00, 0x01, 0xfd, 0xff, 0x00, 0xfc, 0xfe, 0x00, 0x00, 0x01, 0xfe, 0xff, 0x03, 0xc0, 0x00, 0x00, 0x01, 0xfd, 0xff, 0x00, 0xfc, 0xfe, 0x00, 0x00,
  0x01, 0xfe, 0xff, 0x00, 0xc0, 0xfe, 0x00, 0xfd, 0xff, 0x00, 0xfc, 0xfe, 0x00, 0x00, 0x01, 0xfe, 0xff, 0x03, 0xc0, 0x00, 0x00, 0x01, 0xfd, 0xff,
  0x00, 0xfc, 0xfe, 0x00, 0x00, 0x01, 0xfe, 0xff, 0x00, 0xc0, 0xfe, 0x00, 0xfd, 0xff, 0x00, 0xfc, 0xfe, 0x00, 0x00, 0x01, 0xfe, 0xff, 0x00, 0xc0,
  0xfe, 0x00, 0xfd, 0xff, 0x00, 0xfc, 0xfe, 0x00, 0x00, 0x01, 0xfe, 0xff, 0x00, 0xc0, 0xfe, 0x00, 0xfd, 0xff, 0x00, 0xfc, 0xfe, 0x00, 0x00, 0x01,
  0xfe, 0xff, 0x04, 0xc0, 0x00, 0x01, 0xc0, 0x7f, 0xfe, 0xff, 0x00, 0xfc, 0xfe, 0x00, 0x00, 0x01, 0xfe, 0xff, 0x04, 0xc0, 0x60, 0x07, 0xc0, 0x7f,
  0xfe, 0xff, 0x00, 0xfc, 0xfe, 0x00, 0x00, 0x01, 0xfe, 0xff, 0x04, 0xc0, 0xfc, 0x0f, 0xc0, 0x3f, 0xfe, 0xff, 0x00, 0xfc, 0xfe, 0x00, 0x00, 0x01,
  0xfe, 0xff, 0x04, 0x80, 0xff, 0xff, 0xc0, 0x0f, 0xfe, 0xff, 0x00, 0xfc, 0xfe, 0x00, 0x00, 0x01, 0xfe, 0xff, 0x04, 0x80, 0xff, 0xff, 0xc0, 0x03,
  0xfe, 0xff, 0x00, 0xfc, 0xfe, 0x00, 0x00, 0x01, 0xfe, 0xff, 0x04, 0x00, 0xff, 0xff, 0x80, 0x01, 0xfe, 0xff, 0x00, 0xfc, 0xfe, 0x00, 0x0c, 0x01,
  0xff, 0xff, 0xfe, 0x00, 0x7f, 0xff, 0x00, 0x00, 0x7f, 0xff, 0xff, 0xfc, 0xfe, 0x00, 0x0c, 0x01, 0xff, 0xff, 0xf0, 0x00, 0x1f, 0xfc, 0x00, 0x00,
  0x3f, 0xff, 0xff, 0xfc, 0xfe, 0x00, 0x0c, 0x01, 0xff, 0xff, 0xc0, 0x00, 0x03, 0xe0, 0x00, 0x00, 0x1f, 0xff, 0xff, 0xfc, 0xfe, 0x00, 0x02, 0x01,
  0xff, 0xfe, 0xfb, 0x00, 0x03, 0x07, 0xff, 0xff, 0xfc, 0xfe, 0x00, 0x02, 0x01, 0xff, 0xf8, 0xfb, 0x00, 0x03, 0x03, 0xff, 0xff, 0xfc, 0xfe, 0x00,
  0x02, 0x01, 0xff, 0xf0, 0xfb, 0x00, 0x03, 0x03, 0xff, 0xff, 0xfc, 0xfe, 0x00, 0x02, 0x01, 0xff, 0xe0, 0xfa, 0x00, 0x02, 0xff, 0xff, 0xfc, 0xfe,
  0x00, 0x01, 0x01, 0xff, 0xf9, 0x00, 0x02, 0x7f, 0xff, 0xfc, 0xfe, 0x00, 0x01, 0x01, 0xfc, 0xf9, 0x00, 0x02, 0x3f, 0xff, 0xfc, 0xfd, 0x00, 0x00,
  0xf0, 0xf9, 0x00, 0x02, 0x0f, 0xff, 0xfc, 0xfd, 0x00, 0x00, 0xe0, 0xf9, 0x00, 0x02, 0x07, 0xff, 0xfc, 0xf4, 0x00, 0x02, 0x03, 0xff, 0xfc, 0xf4,
  0x00, 0x02, 0x01, 0xff, 0xfc, 0xf3, 0x00, 0x01, 0x7f, 0xfc, 0xf3, 0x00, 0x01, 0x0f, 0xfc, 0xf3, 0x00, 0x01, 0x17, 0xfc, 0xf3, 0x00, 0x01, 0x03,
  0xfc, 0xbf, 0x00, 0xf7, 0x00, 0x03, 0x7f, 0xff, 0xff, 0xfc, 0xf5, 0x00, 0x03, 0x7f, 0xff, 0xff, 0xfc, 0xf5, 0x00, 0xfe, 0xff, 0x00, 0xfc, 0xf6,
  0x00, 0x00, 0x01, 0xfe, 0xff, 0x00, 0xfc, 0xf6, 0x00, 0x00, 0x03, 0xfe, 0xff, 0x00, 0xfc, 0xf6, 0x00, 0x00, 0x07, 0xfe, 0xff, 0x00, 0xfc, 0xf6,
  0x00, 0x00, 0x0f, 0xfe, 0xff, 0x00, 0xfc, 0xf6, 0x00, 0x00, 0x1f, 0xfe, 0xff, 0x00, 0xfc, 0xf6, 0x00, 0x00, 0x1f, 0xfe, 0xff, 0x00, 0xfc, 0xfd,
  0x00, 0x00, 0x80, 0xfb, 0x00, 0x00, 0x1f, 0xfe, 0xff, 0x00, 0xfc, 0xfe, 0x00, 0x01, 0x01, 0xe0, 0xfb, 0x00, 0x00, 0x3f, 0xfe, 0xff, 0x00, 0xfc,
  0xfe, 0x00, 0x01, 0x01, 0xe8, 0xfb, 0x00, 0x00, 0x7f, 0xfe, 0xff, 0x00, 0xfc, 0xfe, 0x00, 0x01, 0x01, 0xfe, 0xfb, 0x00, 0xfd, 0xff, 0x00, 0xfc,
  0xfe, 0x00, 0x02, 0x01, 0xff, 0xe0, 0xfd, 0x00, 0x00, 0x01, 0xfd, 0xff, 0x00, 0xfc, 0xfe, 0x00, 0x02, 0x01, 0xff, 0xf0, 0xfd, 0x00, 0x00, 0x01,
  0xfd, 0xff, 0x00, 0xfc, 0xfe, 0x00, 0x02, 0x01, 0xff, 0xff, 0xfd, 0x00, 0x00, 0x03, 0xfd, 0xff, 0x00, 0xfc, 0xfe, 0x00, 0x03, 0x01, 0xff, 0xff,
  0xf0, 0xfe, 0x00, 0x00, 0x03, 0xfd, 0xff, 0x00, 0xfc, 0xfe, 0x00, 0x03, 0x01, 0xff, 0xff, 0xfc, 0xfe, 0x00, 0x00, 0x07, 0xfd, 0xff, 0x00, 0xfc,
  0xfe, 0x00, 0x03, 0x01, 0xff, 0xff, 0xfe, 0xfe, 0x00, 0x00, 0x07, 0xfd, 0xff, 0x00, 0xfc, 0xfe, 0x00, 0x00, 0x01, 0xfe, 0xff, 0xfe, 0x00, 0x00,
  0x07, 0xfd, 0xff, 0x00, 0xfc, 0xfe, 0x00, 0x00, 0x01, 0xfe, 0xff, 0xfe, 0x00, 0x00, 0x07, 0xfd, 0xff, 0x00, 0xfc, 0xfe, 0x00, 0x00, 0x01, 0xfe,
  0xff, 0xfe, 0x00, 0x00, 0x07, 0xfd, 0xff, 0x00, 0xfc, 0xfe, 0x00, 0x00, 0x01, 0xfe, 0xff, 0xfe, 0x00, 0x00, 0x07, 0xfd, 0xff, 0x00, 0xfc, 0xfe,
  0x00, 0x00, 0x01, 0xfe, 0xff, 0xfe, 0x00, 0x00, 0x03, 0xfd, 0xff, 0x00, 0xfc, 0xfe, 0x00, 0x00, 0x01, 0xfe, 0xff, 0x03, 0x80, 0x00, 0x00, 0x03,
  0xfd, 0xff, 0x00, 0xfc, 0xfe, 0x00, 0x00, 0x01, 0xfe, 0xff, 0x03, 0x80, 0x00, 0x00, 0x03, 0xfd, 0xff, 0x00, 0xfc, 0xfe, 0x00, 0x00, 0x01, 0xfe,
  0xff, 0x03, 0x80, 0x00, 0x00, 0x03, 0xfd, 0xff, 0x00, 0xfc, 0xfe, 0x00, 0x00, 0x01, 0xfe, 0xff, 0x03, 0x80, 0x00, 0x00, 0x03, 0xfd, 0xff, 0x00,
  0xfc, 0xfe, 0x00, 0x00, 0x01, 0xfe, 0xff, 0x03, 0x80, 0x00, 0x00, 0x03, 0xfd, 0xff, 0x00, 0xfc, 0xfe, 0x00, 0x00, 0x01, 0xfe, 0xff, 0x03, 0x80,
  0x00, 0x00, 0x03, 0xfd, 0xff, 0x00, 0xfc, 0xfe, 0x00, 0x00, 0x01, 0xfe, 0xff, 0x03, 0x80, 0x00, 0x00, 0x01, 0xfd, 0xff, 0x00, 0xfc, 0xfe, 0x00,
  0x00, 0x01, 0xfe, 0xff, 0x03, 0x80, 0x00, 0x00, 0x01, 0xfd, 0xff, 0x00, 0xfc, 0xfe, 0x00, 0x00, 0x01, 0xfe, 0xff, 0x03, 0x80, 0x00, 0x00, 0x01,
  0xfd, 0xff, 0x00, 0xfc, 0xfe, 0x00, 0x00, 0x01, 0xfe, 0xff, 0x03, 0x80, 0x00, 0x00, 0x01, 0xfd, 0xff, 0x00, 0xfc, 0xfe, 0x00, 0x00, 0x01, 0xfe,
  0xff, 0x03, 0x80, 0x00, 0x00, 0x01, 0xfd, 0xff, 0x00, 0xfc, 0xfe, 0x00, 0x00, 0x01, 0xfe, 0xff, 0x03, 0x80, 0x00, 0x00, 0x01, 0xfd, 0xff, 0x00,
  0xfc, 0xfe, 0x00, 0x00, 0x01, 0xfe, 0xff, 0x03, 0x80, 0x00, 0x00, 0x01, 0xfd, 0xff, 0x00, 0xfc, 0xfe, 0x00, 0x00, 0x01, 0xfe, 0xff, 0x03, 0x80,
  0x00, 0x03, 0x80, 0xfd, 0xff, 0x00, 0xfc, 0xfe, 0x00, 0x00, 0x01, 0xfe, 0xff, 0x03, 0x80, 0x40, 0x07, 0xc0, 0xfd, 0xff, 0x00, 0xfc, 0xfe, 0x00,
  0x00, 0x01, 0xfe, 0xff, 0x04, 0x80, 0xf8, 0x1f, 0xc0, 0x7f, 0xfe, 0xff, 0x00, 0xfc, 0xfe, 0x00, 0x00, 0x01, 0xfe, 0xff, 0x04, 0x81, 0xff, 0xff,
  0xc0, 0x0f, 0xfe, 0xff, 0x00, 0xfc, 0xfe, 0x00, 0x00, 0x01, 0xfe, 0xff, 0x04, 0x81, 0xff, 0xff, 0xc0, 0x07, 0xfe, 0xff, 0x00, 0xfe, 0xfe, 0x00,
  0x00, 0x01, 0xfe, 0xff, 0x04, 0x00, 0xff, 0xff, 0x80, 0x03, 0xfe, 0xff, 0x00, 0xfc, 0xfe, 0x00, 0x08, 0x01, 0xff, 0xff, 0xfe, 0x00, 0xff, 0xff,
  0x00, 0x01, 0xfe, 0xff, 0x00, 0xfc, 0xfe, 0x00, 0x08, 0x01, 0xff, 0xff, 0xf0, 0x00, 0x3f, 0xfc, 0x00, 0x00, 0xfe, 0xff, 0x00, 0xfc, 0xfe, 0x00,
  0x0c, 0x01, 0xff, 0xff, 0xc0, 0x00, 0x07, 0xe0, 0x00, 0x00, 0x1f, 0xff, 0xff, 0xfc, 0xfe, 0x00, 0x02, 0x01, 0xff, 0xff, 0xfb, 0x00, 0x03, 0x0f,
  0xff, 0xff, 0xfc, 0xfe, 0x00, 0x02, 0x01, 0xff, 0xfc, 0xfb, 0x00, 0x03, 0x07, 0xff, 0xff, 0xfc, 0xfe, 0x00, 0x02, 0x01, 0xff, 0xf0, 0xfb, 0x00,
  0x03, 0x03, 0xff, 0xff, 0xfc, 0xfe, 0x00, 0x02, 0x01, 0xff, 0xe0, 0xfa, 0x00, 0x02, 0xff, 0xff, 0xfc, 0xfd, 0x00, 0x00, 0xff, 0xf9, 0x00, 0x02,
  0x7f, 0xff, 0xfc, 0xfd, 0x00, 0x00, 0xfc, 0xf9, 0x00, 0x02, 0x3f, 0xff, 0xfc, 0xfd, 0x00, 0x00, 0xf0, 0xf9, 0x00, 0x02, 0x1f, 0xff, 0xfc, 0xfd,
  0x00, 0x00, 0xe0, 0xf9, 0x00, 0x02, 0x0f, 0xff, 0xfc, 0xf4, 0x00, 0x02, 0x07, 0xff, 0xfc, 0xf4, 0x00, 0x02, 0x01, 0xff, 0xfc, 0xf3, 0x00, 0x01,
  0x7f, 0xfc, 0xf3, 0x00, 0x01, 0x3f, 0xfc, 0xf3, 0x00, 0x01, 0x1f, 0xfc, 0xf3, 0x00, 0x01, 0x0f, 0xfc, 0xbf, 0x00, 0xf7, 0x00, 0xfe, 0xff, 0x00,
  0xfc, 0xf5, 0x00, 0xfe, 0xff, 0x00, 0xfc, 0xf6, 0x00, 0x00, 0x01, 0xfe, 0xff, 0x00, 0xfc, 0xf6, 0x00, 0x00, 0x01, 0xfe, 0xff, 0x00, 0xfc, 0xf6,
  0x00, 0x00, 0x03, 0xfe, 0xff, 0x00, 0xfc, 0xf6, 0x00, 0x00, 0x07, 0xfe, 0xff, 0x00, 0xfc, 0xf6, 0x00, 0x00, 0x0f, 0xfe, 0xff, 0x00, 0xfc, 0xf6,
  0x00, 0x00, 0x1f, 0xfe, 0xff, 0x00, 0xfc, 0xf6, 0x00, 0x00, 0x1f, 0xfe, 0xff, 0x00, 0xfc, 0xf6, 0x00, 0x00, 0x1f, 0xfe, 0xff, 0x00, 0xfc, 0xfd,
  0x00, 0x00, 0xa0, 0xfb, 0x00, 0x00, 0x3f, 0xfe, 0xff, 0x00, 0xfc, 0xfe, 0x00, 0x01, 0x01, 0xe8, 0xfb, 0x00, 0x00, 0x7f, 0xfe, 0xff, 0x00, 0xfc,
  0xfe, 0x00, 0x01, 0x01, 0xfe, 0xfb, 0x00, 0xfd, 0xff, 0x00, 0xfc, 0xfe, 0x00, 0x02, 0x01, 0xff, 0xe0, 0xfd, 0x00, 0x00, 0x01, 0xfd, 0xff, 0x00,
  0xfc, 0xfe, 0x00, 0x02, 0x01, 0xff, 0xf0, 0xfd, 0x00, 0x00, 0x03, 0xfd, 0xff, 0x00, 0xfc, 0xfe, 0x00, 0x02, 0x01, 0xff, 0xfe, 0xfd, 0x00, 0x00,
  0x03, 0xfd, 0xff, 0x00, 0xfc, 0xfe, 0x00, 0x03, 0x01, 0xff, 0xff, 0xf0, 0xfe, 0x00, 0x00, 0x07, 0xfd, 0xff, 0x00, 0xfc, 0xfe, 0x00, 0x03, 0x01,
  0xff, 0xff, 0xfc, 0xfe, 0x00, 0x00, 0x07, 0xfd, 0xff, 0x00, 0xfc, 0xfe, 0x00, 0x03, 0x01, 0xff, 0xff, 0xfe, 0xfe, 0x00, 0x00, 0x07, 0xfd, 0xff,
  0x00, 0xfc, 0xfe, 0x00, 0x03, 0x01, 0xff, 0xff, 0xfe, 0xfe, 0x00, 0x00, 0x07, 0xfd, 0xff, 0x00, 0xfc, 0xfe, 0x00, 0x00, 0x01, 0xfe, 0xff, 0xfe,
  0x00, 0x00, 0x07, 0xfd, 0xff, 0x00, 0xfc, 0xfe, 0x00, 0x00, 0x01, 0xfe, 0xff, 0xfe, 0x00, 0x00, 0x07, 0xfd, 0xff, 0x00, 0xfc, 0xfe, 0x00, 0x00,
  0x01, 0xfe, 0xff, 0xfe, 0x00, 0x00, 0x07, 0xfd, 0xff, 0x00, 0xfc, 0xfe, 0x00, 0x00, 0x01, 0xfe, 0xff, 0xfe, 0x00, 0x00, 0x07, 0xfd, 0xff, 0x00,
  0xfc, 0xfe, 0x00, 0x00, 0x01, 0xfe, 0xff, 0xfe, 0x00, 0x00, 0x03, 0xfd, 0xff, 0x00, 0xfc, 0xfe, 0x00, 0x00, 0x01, 0xfe, 0xff, 0xfe, 0x00, 0x00,
  0x03, 0xfd, 0xff, 0x00, 0xfc, 0xfe, 0x00, 0x00, 0x01, 0xfe, 0xff, 0xfe, 0x00, 0x00, 0x03, 0xfd, 0xff, 0x00, 0xfc, 0xfe, 0x00, 0x00, 0x01, 0xfe,
  0xff, 0xfe, 0x00, 0x00, 0x03, 0xfd, 0xff, 0x00, 0xfc, 0xfe, 0x00, 0x00, 0x01, 0xfe, 0xff, 0xfe, 0x00, 0x00, 0x03, 0xfd, 0xff, 0x00, 0xfc, 0xfe,
  0x00, 0x00, 0x01, 0xfe, 0xff, 0x03, 0x80, 0x00, 0x00, 0x03, 0xfd, 0xff, 0x00, 0xfc, 0xfe, 0x00, 0x00, 0x01, 0xfe, 0xff, 0x03, 0x80, 0x00, 0x00,
  0x03, 0xfd, 0xff, 0x00, 0xfc, 0xfe, 0x00, 0x00, 0x01, 0xfe, 0xff, 0x03, 0x80, 0x00, 0x00, 0x01, 0xfd, 0xff, 0x00, 0xfc, 0xfe, 0x00, 0x00, 0x01,
  0xfe, 0xff, 0x03, 0x80, 0x00, 0x00, 0x01, 0xfd, 0xff, 0x00, 0xfc, 0xfe, 0x00, 0x00, 0x01, 0xfe, 0xff, 0x03, 0x80, 0x00, 0x00, 0x01, 0xfd, 0xff,
  0x00, 0xfc, 0xfe, 0x00, 0x00, 0x01, 0xfe, 0xff, 0x03, 0x80, 0x00, 0x00, 0x01, 0xfd, 0xff, 0x00, 0xfc, 0xfe, 0x00, 0x00, 0x01, 0xfe, 0xff, 0x03,
  0x80, 0x00, 0x00, 0x01, 0xfd, 0xff, 0x00, 0xfc, 0xfe, 0x00, 0x00, 0x01, 0xfe, 0xff, 0x03, 0x80, 0x00, 0x00, 0x01, 0xfd, 0xff, 0x00, 0xfc, 0xfe,
  0x00, 0x00, 0x01, 0xfe, 0xff, 0x03, 0x80, 0x00, 0x03, 0x80, 0xfd, 0xff, 0x00, 0xfc, 0xfe, 0x00, 0x00, 0x01, 0xfe, 0xff, 0x03, 0x80, 0x00, 0x07,
  0x80, 0xfd, 0xff, 0x00, 0xfc, 0xfe, 0x00, 0x00, 0x01, 0xfe, 0xff, 0x04, 0x80, 0xf8, 0x1f, 0xc0, 0x7f, 0xfe, 0xff, 0x00, 0xfc, 0xfe, 0x00, 0x00,
  0x01, 0xfe, 0xff, 0x04, 0x81, 0xff, 0xff, 0xc0, 0x1f, 0xfe, 0xff, 0x00, 0xfc, 0xfe, 0x00, 0x00, 0x01, 0xfe, 0xff, 0x04, 0x81, 0xff, 0xff, 0x80,
  0x07, 0xfe, 0xff, 0x00, 0xfe, 0xfe, 0x00, 0x00, 0x01, 0xfe, 0xff, 0x04, 0x00, 0xff, 0xff, 0x80, 0x03, 0xfe, 0xff, 0x00, 0xfc, 0xfe, 0x00, 0x08,
  0x01, 0xff, 0xff, 0xfe, 0x00, 0xff, 0xff, 0x00, 0x01, 0xfe, 0xff, 0x00, 0xfc, 0xfe, 0x00, 0x08, 0x01, 0xff, 0xff, 0xf0, 0x00, 0x3f, 0xfc, 0x00,
  0x00, 0xfe, 0xff, 0x00, 0xfc, 0xfe, 0x00, 0x0c, 0x01, 0xff, 0xff, 0xc0, 0x00, 0x0f, 0xe0, 0x00, 0x00, 0x3f, 0xff, 0xff, 0xfc, 0xfe, 0x00, 0x02,
  0x01, 0xff, 0xff, 0xfb, 0x00, 0x03, 0x1f, 0xff, 0xff, 0xfc, 0xfe, 0x00, 0x02, 0x01, 0xff, 0xfc, 0xfb, 0x00, 0x03, 0x07, 0xff, 0xff, 0xfc, 0xfe,
  0x00, 0x02, 0x01, 0xff, 0xf0, 0xfb, 0x00, 0x03, 0x07, 0xff, 0xff, 0xfc, 0xfe, 0x00, 0x02, 0x01, 0xff, 0xe0, 0xfb, 0x00, 0x03, 0x01, 0xff, 0xff,
  0xfc, 0xfe, 0x00, 0x01, 0x01, 0xff, 0xf9, 0x00, 0x02, 0xff, 0xff, 0xfc, 0xfd, 0x00, 0x00, 0xfc, 0xf9, 0x00, 0x02, 0x3f, 0xff, 0xfc, 0xfd, 0x00,
  0x00, 0xf0, 0xf9, 0x00, 0x02, 0x3f, 0xff, 0xfc, 0xfd, 0x00, 0x00, 0xe0, 0xf9, 0x00, 0x02, 0x1f, 0xff, 0xfc, 0xfd, 0x00, 0x00, 0x40, 0xf9, 0x00,
  0x02, 0x07, 0xff, 0xfc, 0xf4, 0x00, 0x02, 0x03, 0xff, 0xfc, 0xf4, 0x00, 0x02, 0x01, 0xff, 0xfc, 0xf3, 0x00, 0x01, 0xff, 0xfc, 0xf3, 0x00, 0x01,
  0x5f, 0xfc, 0xf3, 0x00, 0x01, 0x0f, 0xfc, 0xbf, 0x00, 0xf7, 0x00, 0xfe, 0xff, 0x00, 0xfc, 0xf6, 0x00, 0x00, 0x01, 0xfe, 0xff, 0x00, 0xfc, 0xf6,
  0x00, 0x00, 0x01, 0xfe, 0xff, 0x00, 0xfc, 0xf6, 0x00, 0x00, 0x01, 0xfe, 0xff, 0x00, 0xfc, 0xf6, 0x00, 0x00, 0x03, 0xfe, 0xff, 0x00, 0xfc, 0xf6,
  0x00, 0x00, 0x07, 0xfe, 0xff, 0x00, 0xfc, 0xf6, 0x00, 0x00, 0x0f, 0xfe, 0xff, 0x00, 0xfc, 0xf6, 0x00, 0x00, 0x1f, 0xfe, 0xff, 0x00, 0xfc, 0xf6,
  0x00, 0x00, 0x1f, 0xfe, 0xff, 0x00, 0xfc, 0xf6, 0x00, 0x00, 0x3f, 0xfe, 0xff, 0x00, 0xfc, 0xf6, 0x00, 0x00, 0x7f, 0xfe, 0xff, 0x00, 0xfc, 0xfe,
  0x00, 0x01, 0x01, 0xe8, 0xfb, 0x00, 0x00, 0x7f, 0xfe, 0xff, 0x00, 0xfc, 0xfe, 0x00, 0x01, 0x01, 0xfc, 0xfb, 0x00, 0xfd, 0xff, 0x00, 0xfc, 0xfe,
  0x00, 0x02, 0x01, 0xff, 0x80, 0xfd, 0x00, 0x00, 0x01, 0xfd, 0xff, 0x00, 0xfc, 0xfe, 0x00, 0x02, 0x01, 0xff, 0xe0, 0xfd, 0x00, 0x00, 0x03, 0xfd,
  0xff, 0x00, 0xfc, 0xfe, 0x00, 0x02, 0x01, 0xff, 0xf8, 0xfd, 0x00, 0x00, 0x03, 0xfd, 0xff, 0x00, 0xfc, 0xfe, 0x00, 0x03, 0x01, 0xff, 0xff, 0xe0,
  0xfe, 0x00, 0x00, 0x07, 0xfd, 0xff, 0x00, 0xfc, 0xfe, 0x00, 0x03, 0x01, 0xff, 0xff, 0xf8, 0xfe, 0x00, 0x00, 0x07, 0xfd, 0xff, 0x00, 0xfc, 0xfe,
  0x00, 0x03, 0x01, 0xff, 0xff, 0xfc, 0xfe, 0x00, 0x00, 0x07, 0xfd, 0xff, 0x00, 0xfc, 0xfe, 0x00, 0x03, 0x01, 0xff, 0xff, 0xfe, 0xfe, 0x00, 0x00,
  0x07, 0xfd, 0xff, 0x00, 0xfc, 0xfe, 0x00, 0x00, 0x01, 0xfe, 0xff, 0xfe, 0x00, 0x00, 0x07, 0xfd, 0xff, 0x00, 0xfc, 0xfe, 0x00, 0x00, 0x01, 0xfe,
  0xff, 0xfe, 0x00, 0x00, 0x07, 0xfd, 0xff, 0x00, 0xfc, 0xfe, 0x00, 0x00, 0x01, 0xfe, 0xff, 0xfe, 0x00, 0x00, 0x07, 0xfd, 0xff, 0x00, 0xfc, 0xfe,
  0x00, 0x00, 0x01, 0xfe, 0xff, 0xfe, 0x00, 0x00, 0x07, 0xfd, 0xff, 0x00, 0xfe, 0xfe, 0x00, 0x00, 0x01, 0xfe, 0xff, 0xfe, 0x00, 0x00, 0x07, 0xfd,
  0xff, 0x00, 0xfc, 0xfe, 0x00, 0x00, 0x01, 0xfe, 0xff, 0xfe, 0x00, 0x00, 0x03, 0xfd, 0xff, 0x00, 0xfc, 0xfe, 0x00, 0x00, 0x01, 0xfe, 0xff, 0xfe,
  0x00, 0x00, 0x03, 0xfd, 0xff, 0x00, 0xfc, 0xfe, 0x00, 0x00, 0x01, 0xfe, 0xff, 0xfe, 0x00, 0x00, 0x03, 0xfd, 0xff, 0x00, 0xfe, 0xfe, 0x00, 0x00,
  0x01, 0xfe, 0xff, 0xfe, 0x00, 0x00, 0x03, 0xfd, 0xff, 0x00, 0xfe, 0xfe, 0x00, 0x00, 0x01, 0xfe, 0xff, 0xfe, 0x00, 0x00, 0x03, 0xfd, 0xff, 0x00,
  0xfc, 0xfe, 0x00, 0x00, 0x01, 0xfe, 0xff, 0x03, 0x80, 0x00, 0x00, 0x03, 0xfd, 0xff, 0x00, 0xfe, 0xfe, 0x00, 0x00, 0x01, 0xfe, 0xff, 0x03, 0x80,
  0x00, 0x00, 0x03, 0xfd, 0xff, 0x00, 0xfe, 0xfe, 0x00, 0x00, 0x01, 0xfe, 0xff, 0x03, 0x80, 0x00, 0x00, 0x03, 0xfd, 0xff, 0x00, 0xfc, 0xfe, 0x00,
  0x00, 0x01, 0xfe, 0xff, 0x03, 0x80, 0x00, 0x00, 0x01, 0xfd, 0xff, 0x00, 0xfc, 0xfe, 0x00, 0x00, 0x01, 0xfe, 0xff, 0x03, 0x80, 0x00, 0x00, 0x01,
  0xfd, 0xff, 0x00, 0xfc, 0xfe, 0x00, 0x00, 0x01, 0xfe, 0xff, 0x03, 0x80, 0x00, 0x00, 0x01, 0xfd, 0xff, 0x00, 0xfc, 0xfe, 0x00, 0x00, 0x01, 0xfe,
  0xff, 0x03, 0x80, 0x00, 0x00, 0x01, 0xfd, 0xff, 0x00, 0xfc, 0xfe, 0x00, 0x00, 0x01, 0xfe, 0xff, 0x03, 0x80, 0x00, 0x03, 0x81, 0xfd, 0xff, 0x00,
  0xfc, 0xfe, 0x00, 0x00, 0x01, 0xfe, 0xff, 0x03, 0x80, 0x00, 0x07, 0x80, 0xfd, 0xff, 0x00, 0xfc, 0xfe, 0x00, 0x00, 0x01, 0xfe, 0xff, 0x04, 0x80,
  0xf0, 0x1f, 0x80, 0x7f, 0xfe, 0xff, 0x00, 0xfc, 0xfe, 0x00, 0x00, 0x01, 0xfe, 0xff, 0x04, 0x81, 0xff, 0xff, 0x80, 0x1f, 0xfe, 0xff, 0x00, 0xfc,
  0xfe, 0x00, 0x00, 0x01, 0xfe, 0xff, 0x04, 0x81, 0xff, 0xff, 0x80, 0x07, 0xfe, 0xff, 0x00, 0xfe, 0xfe, 0x00, 0x00, 0x01, 0xfe, 0xff, 0x04, 0x00,
  0xff, 0xff, 0x80, 0x03, 0xfe, 0xff, 0x00, 0xfc, 0xfe, 0x00, 0x08, 0x01, 0xff, 0xff, 0xfe, 0x00, 0xff, 0xff, 0x00, 0x01, 0xfe, 0xff, 0x00, 0xfc,
  0xfe, 0x00, 0x08, 0x01, 0xff, 0xff, 0xf8, 0x00, 0x3f, 0xfc, 0x00, 0x00, 0xfe, 0xff, 0x00, 0xfc, 0xfe, 0x00, 0x0c, 0x01, 0xff, 0xff, 0xc0, 0x00,
  0x0f, 0xe0, 0x00, 0x00, 0x3f, 0xff, 0xff, 0xfc, 0xfe, 0x00, 0x02, 0x01, 0xff, 0xff, 0xfb, 0x00, 0x03, 0x1f, 0xff, 0xff, 0xfc, 0xfe, 0x00, 0x02,
  0x01, 0xff, 0xfc, 0xfb, 0x00, 0x03, 0x17, 0xff, 0xff, 0xfc, 0xfe, 0x00, 0x02, 0x01, 0xff, 0xf0, 0xfb, 0x00, 0x03, 0x07, 0xff, 0xff, 0xfc, 0xfd,
  0x00, 0x01, 0xff, 0xe0, 0xfb, 0x00, 0x03, 0x01, 0xff, 0xff, 0xfe, 0xfd, 0x00, 0x00, 0xff, 0xf9, 0x00, 0x02, 0xff, 0xff, 0xfc, 0xfd, 0x00, 0x00,
  0xfc, 0xf9, 0x00, 0x02, 0x7f, 0xff, 0xfc, 0xfd, 0x00, 0x00, 0xf0, 0xf9, 0x00, 0x02, 0x3f, 0xff, 0xfc, 0xfd, 0x00, 0x00, 0xe0, 0xf9, 0x00, 0x02,
  0x0f, 0xff, 0xfc, 0xfd, 0x00, 0x00, 0x40, 0xf9, 0x00, 0x02, 0x07, 0xff, 0xfc, 0xf4, 0x00, 0x02, 0x03, 0xff, 0xfc, 0xf4, 0x00, 0x02, 0x01, 0xff,
  0xfc, 0xf3, 0x00, 0x01, 0xff, 0xfc, 0xf3, 0x00, 0x01, 0x7f, 0xfc, 0xf3, 0x00, 0x01, 0x0f, 0xfc, 0xbf, 0x00, 0xf7, 0x00, 0xfe, 0xff, 0x00, 0xfc,
  0xf6, 0x00, 0x00, 0x01, 0xfe, 0xff, 0x00, 0xfc, 0xf6, 0x00, 0x00, 0x03, 0xfe, 0xff, 0x00, 0xfc, 0xf6, 0x00, 0x00, 0x07, 0xfe, 0xff, 0x00, 0xfc,
  0xf6, 0x00, 0x00, 0x07, 0xfe, 0xff, 0x00, 0xfc, 0xf6, 0x00, 0x00, 0x07, 0xfe, 0xff, 0x00, 0xfc, 0xf6, 0x00, 0x00, 0x0f, 0xfe, 0xff, 0x00, 0xfc,
  0xf6, 0x00, 0x00, 0x1f, 0xfe, 0xff, 0x00, 0xfc, 0xf6, 0x00, 0x00, 0x3f, 0xfe, 0xff, 0x00, 0xfc, 0xf6, 0x00, 0x00, 0x7f, 0xfe, 0xff, 0x00, 0xfc,
  0xf6, 0x00, 0x00, 0x7f, 0xfe, 0xff, 0x00, 0xfc, 0xfd, 0x00, 0x00, 0xa0, 0xfb, 0x00, 0x00, 0x7f, 0xfe, 0xff, 0x00, 0xfc, 0xfe, 0x00, 0x01, 0x01,
  0xf8, 0xfb, 0x00, 0xfd, 0xff, 0x00, 0xfc, 0xfe, 0x00, 0x01, 0x01, 0xff, 0xfc, 0x00, 0x00, 0x01, 0xfd, 0xff, 0x00, 0xfc, 0xfe, 0x00, 0x02, 0x01,
  0xff, 0xe0, 0xfd, 0x00, 0x00, 0x03, 0xfd, 0xff, 0x00, 0xfc, 0xfe, 0x00, 0x02, 0x01, 0xff, 0xf8, 0xfd, 0x00, 0x00, 0x07, 0xfd, 0xff, 0x00, 0xfc,
  0xfe, 0x00, 0x03, 0x01, 0xff, 0xff, 0xc0, 0xfe, 0x00, 0x00, 0x07, 0xfd, 0xff, 0x00, 0xfc, 0xfe, 0x00, 0x03, 0x01, 0xff, 0xff, 0xf8, 0xfe, 0x00,
  0x00, 0x07, 0xfd, 0xff, 0x00, 0xfc, 0xfe, 0x00, 0x03, 0x01, 0xff, 0xff, 0xfc, 0xfe, 0x00, 0x00, 0x07, 0xfd, 0xff, 0x00, 0xfc, 0xfe, 0x00, 0x03,
  0x01, 0xff, 0xff, 0xfe, 0xfe, 0x00, 0x00, 0x07, 0xfd, 0xff, 0x00, 0xfc, 0xfe, 0x00, 0x03, 0x01, 0xff, 0xff, 0xfe, 0xfe, 0x00, 0x00, 0x07, 0xfd,
  0xff, 0x00, 0xfc, 0xfe, 0x00, 0x00, 0x01, 0xfe, 0xff, 0xfe, 0x00, 0x00, 0x07, 0xfd, 0xff, 0x00, 0xfc, 0xfe, 0x00, 0x00, 0x01, 0xfe, 0xff, 0xfe,
  0x00, 0x00, 0x07, 0xfd, 0xff, 0x00, 0xfc, 0xfe, 0x00, 0x00, 0x01, 0xfe, 0xff, 0xfe, 0x00, 0x00, 0x07, 0xfd, 0xff, 0x00, 0xfc, 0xfe, 0x00, 0x00,
  0x01, 0xfe, 0xff, 0xfe, 0x00, 0x00, 0x07, 0xfd, 0xff, 0x00, 0xfc, 0xfe, 0x00, 0x00, 0x01, 0xfe, 0xff, 0xfe, 0x00, 0x00, 0x07, 0xfd, 0xff, 0x00,
  0xfc, 0xfe, 0x00, 0x00, 0x01, 0xfe, 0xff, 0xfe, 0x00, 0x00, 0x03, 0xfd, 0xff, 0x00, 0xfc, 0xfe, 0x00, 0x00, 0x01, 0xfe, 0xff, 0xfe, 0x00, 0x00,
  0x03, 0xfd, 0xff, 0x00, 0xfc, 0xfe, 0x00, 0x00, 0x01, 0xfe, 0xff, 0xfe, 0x00, 0x00, 0x03, 0xfd, 0xff, 0x00, 0xfc, 0xfe, 0x00, 0x00, 0x01, 0xfe,
  0xff, 0xfe, 0x00, 0x00, 0x03, 0xfd, 0xff, 0x00, 0xfc, 0xfe, 0x00, 0x00, 0x01, 0xfe, 0xff, 0xfe, 0x00, 0x00, 0x03, 0xfd, 0xff, 0x00, 0xfc, 0xfe,
  0x00, 0x00, 0x01, 0xfe, 0xff, 0xfe, 0x00, 0x00, 0x03, 0xfd, 0xff, 0x00, 0xfc, 0xfe, 0x00, 0x00, 0x01, 0xfe, 0xff, 0xfe, 0x00, 0x00, 0x03, 0xfd,
  0xff, 0x00, 0xfc, 0xfe, 0x00, 0x00, 0x01, 0xfe, 0xff, 0x03, 0x80, 0x00, 0x00, 0x01, 0xfd, 0xff, 0x00, 0xfc, 0xfe, 0x00, 0x00, 0x01, 0xfe, 0xff,
  0x03, 0x80, 0x00, 0x00, 0x01, 0xfd, 0xff, 0x00, 0xfc, 0xfe, 0x00, 0x00, 0x01, 0xfe, 0xff, 0x03, 0x80, 0x00, 0x00, 0x01, 0xfd, 0xff, 0x00, 0xfc,
  0xfe, 0x00, 0x00, 0x01, 0xfe, 0xff, 0x03, 0x80, 0x00, 0x00, 0x01, 0xfd, 0xff, 0x00, 0xfc, 0xfe, 0x00, 0x00, 0x01, 0xfe, 0xff, 0x03, 0x80, 0x00,
  0x03, 0x01, 0xfd, 0xff, 0x00, 0xfc, 0xfe, 0x00, 0x00, 0x01, 0xfe, 0xff, 0x03, 0x80, 0x00, 0x07, 0x80, 0xfd, 0xff, 0x00, 0xfc, 0xfe, 0x00, 0x00,
  0x01, 0xfe, 0xff, 0x04, 0x80, 0xe0, 0x1f, 0x80, 0x7f, 0xfe, 0xff, 0x00, 0xfc, 0xfe, 0x00, 0x00, 0x01, 0xfe, 0xff, 0x04, 0x81, 0xff, 0xff, 0x80,
  0x1f, 0xfe, 0xff, 0x00, 0xfc, 0xfe, 0x00, 0x00, 0x01, 0xfe, 0xff, 0x04, 0x81, 0xff, 0xff, 0x80, 0x07, 0xfe, 0xff, 0x00, 0xfe, 0xfe, 0x00, 0x00,
  0x01, 0xfe, 0xff, 0x04, 0x01, 0xff, 0xff, 0x80, 0x03, 0xfe, 0xff, 0x00, 0xfc, 0xfe, 0x00, 0x08, 0x01, 0xff, 0xff, 0xfe, 0x00, 0xff, 0xff, 0x00,
  0x01, 0xfe, 0xff, 0x00, 0xfc, 0xfe, 0x00, 0x08, 0x01, 0xff, 0xff, 0xf8, 0x00, 0x7f, 0xfc, 0x00, 0x00, 0xfe, 0xff, 0x00, 0xfc, 0xfe, 0x00, 0x0c,
  0x01, 0xff, 0xff, 0xc0, 0x00, 0x0f, 0xe0, 0x00, 0x00, 0x7f, 0xff, 0xff, 0xfc, 0xfe, 0x00, 0x02, 0x01, 0xff, 0xff, 0xfb, 0x00, 0x03, 0x3f, 0xff,
  0xff, 0xfc, 0xfe, 0x00, 0x02, 0x01, 0xff, 0xfe, 0xfb, 0x00, 0x03, 0x1f, 0xff, 0xff, 0xfc, 0xfe, 0x00, 0x02, 0x01, 0xff, 0xf0, 0xfb, 0x00, 0x03,
  0x07, 0xff, 0xff, 0xfc, 0xfe, 0x00, 0x02, 0x01, 0xff, 0xe0, 0xfb, 0x00, 0x03, 0x03, 0xff, 0xff, 0xfe, 0xfd, 0x00, 0x00, 0xff, 0xfa, 0x00, 0x03,
  0x01, 0xff, 0xff, 0xfc, 0xfe, 0x00, 0x01, 0x01, 0xfe, 0xf9, 0x00, 0x02, 0x7f, 0xff, 0xfe, 0xfd, 0x00, 0x00, 0xf0, 0xf9, 0x00, 0x02, 0x7f, 0xff,
  0xfe, 0xfd, 0x00, 0x00, 0xf0, 0xf9, 0x00, 0x02, 0x1f, 0xff, 0xfc, 0xfd, 0x00, 0x00, 0xc0, 0xf9, 0x00, 0x02, 0x0f, 0xff, 0xfc, 0xf4, 0x00, 0x02,
  0x07, 0xff, 0xfe, 0xf4, 0x00, 0x02, 0x03, 0xff, 0xfc, 0xf3, 0x00, 0x01, 0xff, 0xfc, 0xf3, 0x00, 0x01, 0x7f, 0xfc, 0xf3, 0x00, 0x01, 0x2f, 0xfc,
  0xbf, 0x00, 0xf7, 0x00, 0xfe, 0xff, 0x00, 0xfc, 0xf6, 0x00, 0x00, 0x01, 0xfe, 0xff, 0x00, 0xfc, 0xf6, 0x00, 0x00, 0x03, 0xfe, 0xff, 0x00, 0xfc,
  0xf6, 0x00, 0x00, 0x07, 0xfe, 0xff, 0x00, 0xfc, 0xf6, 0x00, 0x00, 0x07, 0xfe, 0xff, 0x00, 0xfc, 0xf6, 0x00, 0x00, 0x07, 0xfe, 0xff, 0x00, 0xfc,
  0xf6, 0x00, 0x00, 0x0f, 0xfe, 0xff, 0x00, 0xfc, 0xf6, 0x00, 0x00, 0x1f, 0xfe, 0xff, 0x00, 0xfc, 0xf6, 0x00, 0x00, 0x3f, 0xfe, 0xff, 0x00, 0xfc,
  0xf6, 0x00, 0x00, 0x7f, 0xfe, 0xff, 0x00, 0xfc, 0xf6, 0x00, 0x00, 0x7f, 0xfe, 0xff, 0x00, 0xfc, 0xfd, 0x00, 0x00, 0xa0, 0xfb, 0x00, 0x00, 0x7f,
  0xfe, 0xff, 0x00, 0xfc, 0xfe, 0x00, 0x01, 0x01, 0xf8, 0xfb, 0x00, 0xfd, 0xff, 0x00, 0xfc, 0xfe, 0x00, 0x01, 0x01, 0xff, 0xfc, 0x00, 0x00, 0x01,
  0xfd, 0xff, 0x00, 0xfc, 0xfe, 0x00, 0x02, 0x01, 0xff, 0xc0, 0xfd, 0x00, 0x00, 0x03, 0xfd, 0xff, 0x00, 0xfc, 0xfe, 0x00, 0x02, 0x01, 0xff, 0xf8,
  0xfd, 0x00, 0x00, 0x07, 0xfd, 0xff, 0x00, 0xfc, 0xfe, 0x00, 0x03, 0x01, 0xff, 0xff, 0xc0, 0xfe, 0x00, 0x00, 0x07, 0xfd, 0xff, 0x00, 0xfc, 0xfe,
  0x00, 0x03, 0x01, 0xff, 0xff, 0xf8, 0xfe, 0x00, 0x00, 0x07, 0xfd, 0xff, 0x00, 0xfc, 0xfe, 0x00, 0x03, 0x01, 0xff, 0xff, 0xfc, 0xfe, 0x00, 0x00,
  0x07, 0xfd, 0xff, 0x00, 0xfc, 0xfe, 0x00, 0x03, 0x01, 0xff, 0xff, 0xfe, 0xfe, 0x00, 0x00, 0x07, 0xfd, 0xff, 0x00, 0xfe, 0xfe, 0x00, 0x03, 0x01,
  0xff, 0xff, 0xfe, 0xfe, 0x00, 0x00, 0x07, 0xfd, 0xff, 0x00, 0xfe, 0xfe, 0x00, 0x00, 0x01, 0xfe, 0xff, 0xfe, 0x00, 0x00, 0x07, 0xfd, 0xff, 0x00,
  0xfe, 0xfe, 0x00, 0x00, 0x01, 0xfe, 0xff, 0xfe, 0x00, 0x00, 0x07, 0xfd, 0xff, 0x00, 0xfe, 0xfe, 0x00, 0x00, 0x01, 0xfe, 0xff, 0xfe, 0x00, 0x00,
  0x07, 0xfd, 0xff, 0x00, 0xfe, 0xfe, 0x00, 0x00, 0x01, 0xfe, 0xff, 0xfe, 0x00, 0x00, 0x07, 0xfd, 0xff, 0x00, 0xfe, 0xfe, 0x00, 0x00, 0x01, 0xfe,
  0xff, 0xfe, 0x00, 0x00, 0x07, 0xfd, 0xff, 0x00, 0xfe, 0xfe, 0x00, 0x00, 0x01, 0xfe, 0xff, 0xfe, 0x00, 0x00, 0x03, 0xfd, 0xff, 0x00, 0xfe, 0xfe,
  0x00, 0x00, 0x01, 0xfe, 0xff, 0xfe, 0x00, 0x00, 0x03, 0xfd, 0xff, 0x00, 0xfe, 0xfe, 0x00, 0x00, 0x01, 0xfe, 0xff, 0xfe, 0x00, 0x00, 0x03, 0xfd,
  0xff, 0x00, 0xfe, 0xfe, 0x00, 0x00, 0x01, 0xfe, 0xff, 0xfe, 0x00, 0x00, 0x03, 0xfd, 0xff, 0x00, 0xfc, 0xfe, 0x00, 0x00, 0x01, 0xfe, 0xff, 0xfe,
  0x00, 0x00, 0x03, 0xfd, 0xff, 0x00, 0xfe, 0xfe, 0x00, 0x00, 0x01, 0xfe, 0xff, 0xfe, 0x00, 0x00, 0x03, 0xfd, 0xff, 0x00, 0xfc, 0xfe, 0x00, 0x00,
  0x01, 0xfe, 0xff, 0xfe, 0x00, 0x00, 0x03, 0xfd, 0xff, 0x00, 0xfc, 0xfe, 0x00, 0x00, 0x01, 0xfe, 0xff, 0x03, 0x80, 0x00, 0x00, 0x01, 0xfd, 0xff,
  0x00, 0xfc, 0xfe, 0x00, 0x00, 0x01, 0xfe, 0xff, 0x03, 0x80, 0x00, 0x00, 0x01, 0xfd, 0xff, 0x00, 0xfe, 0xfe, 0x00, 0x00, 0x01, 0xfe, 0xff, 0x03,
  0x80, 0x00, 0x00, 0x01, 0xfd, 0xff, 0x00, 0xfc, 0xfe, 0x00, 0x00, 0x01, 0xfe, 0xff, 0x03, 0x80, 0x00, 0x00, 0x01, 0xfd, 0xff, 0x00, 0xfe, 0xfe,
  0x00, 0x00, 0x01, 0xfe, 0xff, 0x03, 0x80, 0x00, 0x03, 0x01, 0xfd, 0xff, 0x00, 0xfc, 0xfe, 0x00, 0x00, 0x01, 0xfe, 0xff, 0x03, 0x80, 0x00, 0x07,
  0x80, 0xfd, 0xff, 0x00, 0xfc, 0xfe, 0x00, 0x00, 0x01, 0xfe, 0xff, 0x04, 0x80, 0xe0, 0x1f, 0x80, 0x7f, 0xfe, 0xff, 0x00, 0xfc, 0xfe, 0x00, 0x00,
  0x01, 0xfe, 0xff, 0x04, 0x81, 0xff, 0xff, 0xc0, 0x1f, 0xfe, 0xff, 0x00, 0xfc, 0xfe, 0x00, 0x00, 0x01, 0xfe, 0xff, 0x04, 0x81, 0xff, 0xff, 0x80,
  0x07, 0xfe, 0xff, 0x00, 0xfe, 0xfe, 0x00, 0x00, 0x01, 0xfe, 0xff, 0x04, 0x01, 0xff, 0xff, 0x80, 0x03, 0xfe, 0xff, 0x00, 0xfc, 0xfe, 0x00, 0x08,
  0x01, 0xff, 0xff, 0xfe, 0x00, 0xff, 0xff, 0x00, 0x01, 0xfe, 0xff, 0x00, 0xfc, 0xfe, 0x00, 0x08, 0x01, 0xff, 0xff, 0xf8, 0x00, 0x7f, 0xfc, 0x00,
  0x00, 0xfe, 0xff, 0x00, 0xfc, 0xfe, 0x00, 0x0c, 0x01, 0xff, 0xff, 0xe0, 0x00, 0x0f, 0xe0, 0x00, 0x00, 0x7f, 0xff, 0xff, 0xfe, 0xfe, 0x00, 0x02,
  0x01, 0xff, 0xff, 0xfb, 0x00, 0x03, 0x3f, 0xff, 0xff, 0xfc, 0xfe, 0x00, 0x02, 0x01, 0xff, 0xfe, 0xfb, 0x00, 0x03, 0x1f, 0xff, 0xff, 0xfe, 0xfd,
  0x00, 0x01, 0xff, 0xf0, 0xfb, 0x00, 0x03, 0x0f, 0xff, 0xff, 0xfc, 0xfd, 0x00, 0x01, 0xff, 0xe0, 0xfb, 0x00, 0x03, 0x03, 0xff, 0xff, 0xfc, 0xfd,
  0x00, 0x00, 0xff, 0xfa, 0x00, 0x03, 0x01, 0xff, 0xff, 0xfc, 0xfd, 0x00, 0x00, 0xfe, 0xf9, 0x00, 0x02, 0x7f, 0xff, 0xfc, 0xfd, 0x00, 0x00, 0xf0,
  0xf9, 0x00, 0x02, 0x7f, 0xff, 0xfc, 0xfd, 0x00, 0x00, 0xf0, 0xf9, 0x00, 0x02, 0x1f, 0xff, 0xfc, 0xfd, 0x00, 0x00, 0xc0, 0xf9, 0x00, 0x02, 0x0f,
  0xff, 0xfc, 0xfd, 0x00, 0x00, 0x80, 0xf9, 0x00, 0x02, 0x03, 0xff, 0xfc, 0xf4, 0x00, 0x02, 0x03, 0xff, 0xfc, 0xf3, 0x00, 0x01, 0xff, 0xfc, 0xf4,
  0x00, 0x02, 0x01, 0x7f, 0xfc, 0xf3, 0x00, 0x01, 0x2f, 0xfc, 0xbf, 0x00, 0xf7, 0x00, 0xfe, 0xff, 0x00, 0xfc, 0xf6, 0x00, 0x00, 0x01, 0xfe, 0xff,
  0x00, 0xfc, 0xf6, 0x00, 0x00, 0x03, 0xfe, 0xff, 0x00, 0xfc, 0xf6, 0x00, 0x00, 0x07, 0xfe, 0xff, 0x00, 0xfc, 0xf6, 0x00, 0x00, 0x07, 0xfe, 0xff,
  0x00, 0xfc, 0xf6, 0x00, 0x00, 0x07, 0xfe, 0xff, 0x00, 0xfc, 0xf6, 0x00, 0x00, 0x0f, 0xfe, 0xff, 0x00, 0xfc, 0xf6, 0x00, 0x00, 0x1f, 0xfe, 0xff,
  0x00, 0xfc, 0xf6, 0x00, 0x00, 0x3f, 0xfe, 0xff, 0x00, 0xfc, 0xf6, 0x00, 0x00, 0x7f, 0xfe, 0xff, 0x00, 0xfc, 0xf6, 0x00, 0x00, 0x7f, 0xfe, 0xff,
  0x00, 0xfc, 0xfd, 0x00, 0x00, 0xa0, 0xfb, 0x00, 0x00, 0x7f, 0xfe, 0xff, 0x00, 0xfc, 0xfe, 0x00, 0x01, 0x01, 0xf8, 0xfb, 0x00, 0xfd, 0xff, 0x00,
  0xfc, 0xfe, 0x00, 0x01, 0x01, 0xff, 0xfc, 0x00, 0x00, 0x01, 0xfd, 0xff, 0x00, 0xfc, 0xfe, 0x00, 0x02, 0x01, 0xff, 0xc0, 0xfd, 0x00, 0x00, 0x03,
  0xfd, 0xff, 0x00, 0xfc, 0xfe, 0x00, 0x02, 0x01, 0xff, 0xf8, 0xfd, 0x00, 0x00, 0x07, 0xfd, 0xff, 0x00, 0xfc, 0xfe, 0x00, 0x03, 0x01, 0xff, 0xff,
  0xc0, 0xfe, 0x00, 0x00, 0x07, 0xfd, 0xff, 0x00, 0xfc, 0xfe, 0x00, 0x03, 0x01, 0xff, 0xff, 0xf8, 0xfe, 0x00, 0x00, 0x07, 0xfd, 0xff, 0x00, 0xfc,
  0xfe, 0x00, 0x03, 0x01, 0xff, 0xff, 0xfc, 0xfe, 0x00, 0x00, 0x07, 0xfd, 0xff, 0x00, 0xfc, 0xfe, 0x00, 0x03, 0x01, 0xff, 0xff, 0xfe, 0xfe, 0x00,
  0x00, 0x07, 0xfd, 0xff, 0x00, 0xfe, 0xfe, 0x00, 0x03, 0x01, 0xff, 0xff, 0xfe, 0xfe, 0x00, 0x00, 0x07, 0xfd, 0xff, 0x00, 0xfc, 0xfe, 0x00, 0x00,
  0x01, 0xfe, 0xff, 0xfe, 0x00, 0x00, 0x07, 0xfd, 0xff, 0x00, 0xfc, 0xfe, 0x00, 0x00, 0x01, 0xfe, 0xff, 0xfe, 0x00, 0x00, 0x07, 0xfd, 0xff, 0x00,
  0xfc, 0xfe, 0x00, 0x00, 0x01, 0xfe, 0xff, 0xfe, 0x00, 0x00, 0x07, 0xfd, 0xff, 0x00, 0xfc, 0xfe, 0x00, 0x00, 0x01, 0xfe, 0xff, 0xfe, 0x00, 0x00,
  0x07, 0xfd, 0xff, 0x00, 0xfc, 0xfe, 0x00, 0x00, 0x01, 0xfe, 0xff, 0xfe, 0x00, 0x00, 0x07, 0xfd, 0xff, 0x00, 0xfc, 0xfe, 0x00, 0x00, 0x01, 0xfe,
  0xff, 0xfe, 0x00, 0x00, 0x03, 0xfd, 0xff, 0x00, 0xfc, 0xfe, 0x00, 0x00, 0x01, 0xfe, 0xff, 0xfe, 0x00, 0x00, 0x03, 0xfd, 0xff, 0x00, 0xfc, 0xfe,
  0x00, 0x00, 0x01, 0xfe, 0xff, 0xfe, 0x00, 0x00, 0x03, 0xfd, 0xff, 0x00, 0xfc, 0xfe, 0x00, 0x00, 0x01, 0xfe, 0xff, 0xfe, 0x00, 0x00, 0x03, 0xfd,
  0xff, 0x00, 0xfc, 0xfe, 0x00, 0x00, 0x01, 0xfe, 0xff, 0xfe, 0x00, 0x00, 0x03, 0xfd, 0xff, 0x00, 0xfc, 0xfe, 0x00, 0x00, 0x01, 0xfe, 0xff, 0xfe,
  0x00, 0x00, 0x03, 0xfd, 0xff, 0x00, 0xfc, 0xfe, 0x00, 0x00, 0x01, 0xfe, 0xff, 0xfe, 0x00, 0x00, 0x03, 0xfd, 0xff, 0x00, 0xfc, 0xfe, 0x00, 0x00,
  0x01, 0xfe, 0xff, 0x03, 0x80, 0x00, 0x00, 0x01, 0xfd, 0xff, 0x00, 0xfc, 0xfe, 0x00, 0x00, 0x01, 0xfe, 0xff, 0x03, 0x80, 0x00, 0x00, 0x01, 0xfd,
  0xff, 0x00, 0xfe, 0xfe, 0x00, 0x00, 0x01, 0xfe, 0xff, 0x03, 0x80, 0x00, 0x00, 0x01, 0xfd, 0xff, 0x00, 0xfc, 0xfe, 0x00, 0x00, 0x01, 0xfe, 0xff,
  0x03, 0x80, 0x00, 0x00, 0x01, 0xfd, 0xff, 0x00, 0xfe, 0xfe, 0x00, 0x00, 0x01, 0xfe, 0xff, 0x03, 0x80, 0x00, 0x03, 0x01, 0xfd, 0xff, 0x00, 0xfc,
  0xfe, 0x00, 0x00, 0x01, 0xfe, 0xff, 0x03, 0x80, 0x00, 0x07, 0x80, 0xfd, 0xff, 0x00, 0xfe, 0xfe, 0x00, 0x00, 0x01, 0xfe, 0xff, 0x04, 0x80, 0xe0,
  0x0f, 0x80, 0x7f, 0xfe, 0xff, 0x00, 0xfc, 0xfe, 0x00, 0x00, 0x01, 0xfe, 0xff, 0x04, 0x81, 0xfe, 0xff, 0xc0, 0x1f, 0xfe, 0xff, 0x00, 0xfc, 0xfe,
  0x00, 0x00, 0x01, 0xfe, 0xff, 0x04, 0x81, 0xff, 0xff, 0x80, 0x07, 0xfe, 0xff, 0x00, 0xfe, 0xfe, 0x00, 0x00, 0x01, 0xfe, 0xff, 0x04, 0x01, 0xff,
  0xff, 0x80, 0x03, 0xfe, 0xff, 0x00, 0xfc, 0xfe, 0x00, 0x08, 0x01, 0xff, 0xff, 0xfe, 0x00, 0xff, 0xff, 0x00, 0x01, 0xfe, 0xff, 0x00, 0xfc, 0xfe,
  0x00, 0x08, 0x01, 0xff, 0xff, 0xf8, 0x00, 0x7f, 0xfc, 0x00, 0x00, 0xfe, 0xff, 0x00, 0xfc, 0xfe, 0x00, 0x0c, 0x01, 0xff, 0xff, 0xe0, 0x00, 0x0f,
  0xe0, 0x00, 0x00, 0x7f, 0xff, 0xff, 0xfe, 0xfe, 0x00, 0x02, 0x01, 0xff, 0xff, 0xfb, 0x00, 0x03, 0x3f, 0xff, 0xff, 0xfc, 0xfe, 0x00, 0x02, 0x01,
  0xff, 0xfe, 0xfb, 0x00, 0x03, 0x1f, 0xff, 0xff, 0xfc, 0xfe, 0x00, 0x02, 0x01, 0xff, 0xf0, 0xfb, 0x00, 0x03, 0x0f, 0xff, 0xff, 0xfc, 0xfe, 0x00,
  0x02, 0x01, 0xff, 0xe0, 0xfb, 0x00, 0x03, 0x07, 0xff, 0xff, 0xfe, 0xfd, 0x00, 0x01, 0xff, 0x40, 0xfb, 0x00, 0x03, 0x01, 0xff, 0xff, 0xfc, 0xfd,
  0x00, 0x00, 0xfe, 0xf9, 0x00, 0x02, 0x7f, 0xff, 0xfe, 0xfd, 0x00, 0x00, 0xf0, 0xf9, 0x00, 0x02, 0x7f, 0xff, 0xfc, 0xfd, 0x00, 0x00, 0xf0, 0xf9,
  0x00, 0x02, 0x1f, 0xff, 0xfe, 0xfd, 0x00, 0x00, 0xc0, 0xf9, 0x00, 0x02, 0x0f, 0xff, 0xfe, 0xfd, 0x00, 0x00, 0x80, 0xf9, 0x00, 0x02, 0x07, 0xff,
  0xfe, 0xf4, 0x00, 0x02, 0x03, 0xff, 0xfc, 0xf3, 0x00, 0x01, 0xff, 0xfc, 0xf3, 0x00, 0x01, 0x7f, 0xfc, 0xf3, 0x00, 0x01, 0x2f, 0xfc, 0xbf, 0x00,
  0xf8, 0x00, 0x00, 0x01, 0xfe, 0xff, 0x00, 0xfc, 0xf6, 0x00, 0x00, 0x01, 0xfe, 0xff, 0x00, 0xfc, 0xf6, 0x00, 0x00, 0x03, 0xfe, 0xff, 0x00, 0xfc,
  0xf6, 0x00, 0x00, 0x07, 0xfe, 0xff, 0x00, 0xfc, 0xf6, 0x00, 0x00, 0x07, 0xfe, 0xff, 0x00, 0xfc, 0xf6, 0x00, 0x00, 0x07, 0xfe, 0xff, 0x00, 0xfc,
  0xf6, 0x00, 0x00, 0x0f, 0xfe, 0xff, 0x00, 0xfc, 0xf6, 0x00, 0x00, 0x1f, 0xfe, 0xff, 0x00, 0xfc, 0xf6, 0x00, 0x00, 0x3f, 0xfe, 0xff, 0x00, 0xfc,
  0xf6, 0x00, 0x00, 0x7f, 0xfe, 0xff, 0x00, 0xfc, 0xf6, 0x00, 0x00, 0x7f, 0xfe, 0xff, 0x00, 0xfc, 0xfd, 0x00, 0x00, 0x80, 0xfb, 0x00, 0x00, 0x7f,
  0xfe, 0xff, 0x00, 0xfc, 0xfe, 0x00, 0x01, 0x01, 0xf8, 0xfb, 0x00, 0xfd, 0xff, 0x00, 0xfc, 0xfe, 0x00, 0x01, 0x01, 0xff, 0xfc, 0x00, 0x00, 0x01,
  0xfd, 0xff, 0x00, 0xfc, 0xfe, 0x00, 0x02, 0x01, 0xff, 0xc0, 0xfd, 0x00, 0x00, 0x03, 0xfd, 0xff, 0x00, 0xfc, 0xfe, 0x00, 0x02, 0x01, 0xff, 0xfc,
  0xfd, 0x00, 0x00, 0x07, 0xfd, 0xff, 0x00, 0xfc, 0xfe, 0x00, 0x03, 0x01, 0xff, 0xff, 0xc0, 0xfe, 0x00, 0x00, 0x07, 0xfd, 0xff, 0x00, 0xfc, 0xfe,
  0x00, 0x03, 0x01, 0xff, 0xff, 0xf8, 0xfe, 0x00, 0x00, 0x07, 0xfd, 0xff, 0x00, 0xfc, 0xfe, 0x00, 0x03, 0x01, 0xff, 0xff, 0xfc, 0xfe, 0x00, 0x00,
  0x07, 0xfd, 0xff, 0x00, 0xfc, 0xfe, 0x00, 0x03, 0x01, 0xff, 0xff, 0xfe, 0xfe, 0x00, 0x00, 0x07, 0xfd, 0xff, 0x00, 0xfe, 0xfe, 0x00, 0x03, 0x01,
  0xff, 0xff, 0xfe, 0xfe, 0x00, 0x00, 0x07, 0xfd, 0xff, 0x00, 0xfe, 0xfe, 0x00, 0x00, 0x01, 0xfe, 0xff, 0xfe, 0x00, 0x00, 0x07, 0xfd, 0xff, 0x00,
  0xfe, 0xfe, 0x00, 0x00, 0x01, 0xfe, 0xff, 0xfe, 0x00, 0x00, 0x07, 0xfd, 0xff, 0x00, 0xfe, 0xfe, 0x00, 0x00, 0x01, 0xfe, 0xff, 0xfe, 0x00, 0x00,
  0x07, 0xfd, 0xff, 0x00, 0xfe, 0xfe, 0x00, 0x00, 0x01, 0xfe, 0xff, 0xfe, 0x00, 0x00, 0x07, 0xfd, 0xff, 0x00, 0xfe, 0xfe, 0x00, 0x00, 0x01, 0xfe,
  0xff, 0xfe, 0x00, 0x00, 0x07, 0xfd, 0xff, 0x00, 0xfe, 0xfe, 0x00, 0x00, 0x01, 0xfe, 0xff, 0xfe, 0x00, 0x00, 0x03, 0xfd, 0xff, 0x00, 0xfe, 0xfe,
  0x00, 0x00, 0x01, 0xfe, 0xff, 0xfe, 0x00, 0x00, 0x03, 0xfd, 0xff, 0x00, 0xfe, 0xfe, 0x00, 0x00, 0x01, 0xfe, 0xff, 0xfe, 0x00, 0x00, 0x03, 0xfd,
  0xff, 0x00, 0xfc, 0xfe, 0x00, 0x00, 0x01, 0xfe, 0xff, 0xfe, 0x00, 0x00, 0x03, 0xfd, 0xff, 0x00, 0xfc, 0xfe, 0x00, 0x00, 0x01, 0xfe, 0xff, 0xfe,
  0x00, 0x00, 0x03, 0xfd, 0xff, 0x00, 0xfe, 0xfe, 0x00, 0x00, 0x01, 0xfe, 0xff, 0xfe, 0x00, 0x00, 0x03, 0xfd, 0xff, 0x00, 0xfe, 0xfe, 0x00, 0x00,
  0x01, 0xfe, 0xff, 0x03, 0x80, 0x00, 0x00, 0x03, 0xfd, 0xff, 0x00, 0xfe, 0xfe, 0x00, 0x00, 0x01, 0xfe, 0xff, 0x03, 0x80, 0x00, 0x00, 0x01, 0xfd,
  0xff, 0x00, 0xfe, 0xfe, 0x00, 0x00, 0x01, 0xfe, 0xff, 0x03, 0x80, 0x00, 0x00, 0x01, 0xfd, 0xff, 0x00, 0xfe, 0xfe, 0x00, 0x00, 0x01, 0xfe, 0xff,
  0x03, 0x80, 0x00, 0x00, 0x01, 0xfd, 0xff, 0x00, 0xfe, 0xfe, 0x00, 0x00, 0x01, 0xfe, 0xff, 0x03, 0x80, 0x00, 0x00, 0x01, 0xfd, 0xff, 0x00, 0xfe,
  0xfe, 0x00, 0x00, 0x01, 0xfe, 0xff, 0x03, 0x80, 0x00, 0x03, 0x01, 0xfd, 0xff, 0x00, 0xfe, 0xfe, 0x00, 0x00, 0x01, 0xfe, 0xff, 0x03, 0x80, 0x00,
  0x07, 0x80, 0xfd, 0xff, 0x00, 0xfe, 0xfe, 0x00, 0x00, 0x01, 0xfe, 0xff, 0x04, 0x80, 0xe0, 0x0f, 0x80, 0x7f, 0xfe, 0xff, 0x00, 0xfe, 0xfe, 0x00,
  0x00, 0x01, 0xfe, 0xff, 0x04, 0x81, 0xfe, 0xff, 0xc0, 0x1f, 0xfe, 0xff, 0x00, 0xfe, 0xfe, 0x00, 0x00, 0x01, 0xfe, 0xff, 0x04, 0x81, 0xff, 0xff,
  0x80, 0x07, 0xfe, 0xff, 0x00, 0xfe, 0xfe, 0x00, 0x00, 0x01, 0xfe, 0xff, 0x04, 0x01, 0xff, 0xff, 0x80, 0x03, 0xfe, 0xff, 0x00, 0xfc, 0xfe, 0x00,
  0x08, 0x01, 0xff, 0xff, 0xfe, 0x00, 0xff, 0xff, 0x00, 0x01, 0xfe, 0xff, 0x00, 0xfc, 0xfe, 0x00, 0x08, 0x01, 0xff, 0xff, 0xf8, 0x00, 0x7f, 0xfc,
  0x00, 0x00, 0xfe, 0xff, 0x00, 0xfc, 0xfe, 0x00, 0x0c, 0x01, 0xff, 0xff, 0xe0, 0x00, 0x0f, 0xf0, 0x00, 0x00, 0x7f, 0xff, 0xff, 0xfe, 0xfe, 0x00,
  0x02, 0x01, 0xff, 0xff, 0xfb, 0x00, 0x03, 0x3f, 0xff, 0xff, 0xfc, 0xfd, 0x00, 0x01, 0xff, 0xfe, 0xfb, 0x00, 0x03, 0x1f, 0xff, 0xff, 0xfc, 0xfd,
  0x00, 0x01, 0xff, 0xf0, 0xfb, 0x00, 0x03, 0x0f, 0xff, 0xff, 0xfc, 0xfd, 0x00, 0x01, 0xff, 0xe0, 0xfb, 0x00, 0x03, 0x07, 0xff, 0xff, 0xfe, 0xfd,
  0x00, 0x01, 0xff, 0x40, 0xfb, 0x00, 0x03, 0x01, 0xff, 0xff, 0xfc, 0xfd, 0x00, 0x00, 0xfe, 0xf9, 0x00, 0x02, 0x7f, 0xff, 0xfe, 0xfd, 0x00, 0x00,
  0xf0, 0xf9, 0x00, 0x02, 0x3f, 0xff, 0xfc, 0xfd, 0x00, 0x00, 0xf0, 0xf9, 0x00, 0x02, 0x1f, 0xff, 0xfe, 0xfd, 0x00, 0x00, 0xc0, 0xf9, 0x00, 0x02,
  0x0f, 0xff, 0xfe, 0xfd, 0x00, 0x00, 0x80, 0xf9, 0x00, 0x02, 0x03, 0xff, 0xfe, 0xf4, 0x00, 0x02, 0x03, 0xff, 0xfc, 0xf3, 0x00, 0x01, 0xff, 0xfc,
  0xf3, 0x00, 0x01, 0x7f, 0xfc, 0xf3, 0x00, 0x01, 0x2f, 0xfc, 0xbf, 0x00, 0xf8, 0x00, 0x00, 0x01, 0xfe, 0xff, 0x00, 0xfc, 0xf6, 0x00, 0x00, 0x01,
  0xfe, 0xff, 0x00, 0xfc, 0xf6, 0x00, 0x00, 0x03, 0xfe, 0xff, 0x00, 0xfc, 0xf6, 0x00, 0x00, 0x07, 0xfe, 0xff, 0x00, 0xfc, 0xf6, 0x00, 0x00, 0x07,
  0xfe, 0xff, 0x00, 0xfc, 0xf6, 0x00, 0x00, 0x07, 0xfe, 0xff, 0x00, 0xfc, 0xf6, 0x00, 0x00, 0x0f, 0xfe, 0xff, 0x00, 0xfc, 0xf6, 0x00, 0x00, 0x1f,
  0xfe, 0xff, 0x00, 0xfc, 0xf6, 0x00, 0x00, 0x3f, 0xfe, 0xff, 0x00, 0xfc, 0xf6, 0x00, 0x00, 0x7f, 0xfe, 0xff, 0x00, 0xfc, 0xf6, 0x00, 0x00, 0x7f,
  0xfe, 0xff, 0x00, 0xfc, 0xfd, 0x00, 0x00, 0xa0, 0xfb, 0x00, 0x00, 0x7f, 0xfe, 0xff, 0x00, 0xfc, 0xfe, 0x00, 0x01, 0x01, 0xf8, 0xfb, 0x00, 0xfd,
  0xff, 0x00, 0xfc, 0xfe, 0x00, 0x01, 0x01, 0xff, 0xfc, 0x00, 0x00, 0x01, 0xfd, 0xff, 0x00, 0xfc, 0xfe, 0x00, 0x02, 0x01, 0xff, 0xc0, 0xfd, 0x00,
  0x00, 0x03, 0xfd, 0xff, 0x00, 0xfc, 0xfe, 0x00, 0x02, 0x01, 0xff, 0xf8, 0xfd, 0x00, 0x00, 0x07, 0xfd, 0xff, 0x00, 0xfc, 0xfe, 0x00, 0x03, 0x01,
  0xff, 0xff, 0xc0, 0xfe, 0x00, 0x00, 0x07, 0xfd, 0xff, 0x00, 0xfc, 0xfe, 0x00, 0x03, 0x01, 0xff, 0xff, 0xf8, 0xfe, 0x00, 0x00, 0x07, 0xfd, 0xff,
  0x00, 0xfc, 0xfe, 0x00, 0x03, 0x01, 0xff, 0xff, 0xfc, 0xfe, 0x00, 0x00, 0x07, 0xfd, 0xff, 0x00, 0xfc, 0xfe, 0x00, 0x03, 0x01, 0xff, 0xff, 0xfe,
  0xfe, 0x00, 0x00, 0x07, 0xfd, 0xff, 0x00, 0xfe, 0xfe, 0x00, 0x03, 0x01, 0xff, 0xff, 0xfe, 0xfe, 0x00, 0x00, 0x07, 0xfd, 0xff, 0x00, 0xfc, 0xfe,
  0x00, 0x00, 0x01, 0xfe, 0xff, 0xfe, 0x00, 0x00, 0x07, 0xfd, 0xff, 0x00, 0xfc, 0xfe, 0x00, 0x00, 0x01, 0xfe, 0xff, 0xfe, 0x00, 0x00, 0x07, 0xfd,
  0xff, 0x00, 0xfe, 0xfe, 0x00, 0x00, 0x01, 0xfe, 0xff, 0xfe, 0x00, 0x00, 0x07, 0xfd, 0xff, 0x00, 0xfe, 0xfe, 0x00, 0x00, 0x01, 0xfe, 0xff, 0xfe,
  0x00, 0x00, 0x07, 0xfd, 0xff, 0x00, 0xfc, 0xfe, 0x00, 0x00, 0x01, 0xfe, 0xff, 0xfe, 0x00, 0x00, 0x07, 0xfd, 0xff, 0x00, 0xfe, 0xfe, 0x00, 0x00,
  0x01, 0xfe, 0xff, 0xfe, 0x00, 0x00, 0x03, 0xfd, 0xff, 0x00, 0xfe, 0xfe, 0x00, 0x00, 0x01, 0xfe, 0xff, 0xfe, 0x00, 0x00, 0x03, 0xfd, 0xff, 0x00,
  0xfe, 0xfe, 0x00, 0x00, 0x01, 0xfe, 0xff, 0xfe, 0x00, 0x00, 0x03, 0xfd, 0xff, 0x00, 0xfc, 0xfe, 0x00, 0x00, 0x01, 0xfe, 0xff, 0xfe, 0x00, 0x00,
  0x03, 0xfd, 0xff, 0x00, 0xfc, 0xfe, 0x00, 0x00, 0x01, 0xfe, 0xff, 0xfe, 0x00, 0x00, 0x03, 0xfd, 0xff, 0x00, 0xfe, 0xfe, 0x00, 0x00, 0x01, 0xfe,
  0xff, 0xfe, 0x00, 0x00, 0x03, 0xfd, 0xff, 0x00, 0xfe, 0xfe, 0x00, 0x00, 0x01, 0xfe, 0xff, 0x03, 0x80, 0x00, 0x00, 0x03, 0xfd, 0xff, 0x00, 0xfe,
  0xfe, 0x00, 0x00, 0x01, 0xfe, 0xff, 0x03, 0x80, 0x00, 0x00, 0x01, 0xfd, 0xff, 0x00, 0xfe, 0xfe, 0x00, 0x00, 0x01, 0xfe, 0xff, 0x03, 0x80, 0x00,
  0x00, 0x01, 0xfd, 0xff, 0x00, 0xfe, 0xfe, 0x00, 0x00, 0x01, 0xfe, 0xff, 0x03, 0x80, 0x00, 0x00, 0x01, 0xfd, 0xff, 0x00, 0xfe, 0xfe, 0x00, 0x00,
  0x01, 0xfe, 0xff, 0x03, 0x80, 0x00, 0x00, 0x01, 0xfd, 0xff, 0x00, 0xfe, 0xfe, 0x00, 0x00, 0x01, 0xfe, 0xff, 0x03, 0x80, 0x00, 0x03, 0x01, 0xfd,
  0xff, 0x00, 0xfe, 0xfe, 0x00, 0x00, 0x01, 0xfe, 0xff, 0x03, 0x80, 0x00, 0x07, 0x80, 0xfd, 0xff, 0x00, 0xfe, 0xfe, 0x00, 0x00, 0x01, 0xfe, 0xff,
  0x04, 0x80, 0xe0, 0x0f, 0x80, 0x7f, 0xfe, 0xff, 0x00, 0xfe, 0xfe, 0x00, 0x00, 0x01, 0xfe, 0xff, 0x04, 0x81, 0xfe, 0xff, 0xc0, 0x1f, 0xfe, 0xff,
  0x00, 0xfe, 0xfe, 0x00, 0x00, 0x01, 0xfe, 0xff, 0x04, 0x81, 0xff, 0xff, 0x80, 0x07, 0xfe, 0xff, 0x00, 0xfe, 0xfe, 0x00, 0x00, 0x01, 0xfe, 0xff,
  0x04, 0x01, 0xff, 0xff, 0x80, 0x03, 0xfe, 0xff, 0x00, 0xfc, 0xfe, 0x00, 0x08, 0x01, 0xff, 0xff, 0xfe, 0x00, 0xff, 0xff, 0x00, 0x01, 0xfe, 0xff,
  0x00, 0xfc, 0xfe, 0x00, 0x08, 0x01, 0xff, 0xff, 0xf8, 0x00, 0x7f, 0xfc, 0x00, 0x00, 0xfe, 0xff, 0x00, 0xfc, 0xfe, 0x00, 0x0c, 0x01, 0xff, 0xff,
  0xe0, 0x00, 0x0f, 0xf0, 0x00, 0x00, 0x7f, 0xff, 0xff, 0xfe, 0xfe, 0x00, 0x02, 0x01, 0xff, 0xff, 0xfb, 0x00, 0x03, 0x3f, 0xff, 0xff, 0xfc, 0xfd,
  0x00, 0x01, 0xff, 0xfe, 0xfb, 0x00, 0x03, 0x1f, 0xff, 0xff, 0xfc, 0xfd, 0x00, 0x01, 0xff, 0xf0, 0xfb, 0x00, 0x03, 0x0f, 0xff, 0xff, 0xfc, 0xfd,
  0x00, 0x01, 0xff, 0xe0, 0xfb, 0x00, 0x03, 0x07, 0xff, 0xff, 0xfe, 0xfd, 0x00, 0x01, 0xff, 0x40, 0xfb, 0x00, 0x03, 0x01, 0xff, 0xff, 0xfc, 0xfd,
  0x00, 0x00, 0xfe, 0xf9, 0x00, 0x02, 0x7f, 0xff, 0xfe, 0xfd, 0x00, 0x00, 0xf0, 0xf9, 0x00, 0x02, 0x7f, 0xff, 0xfc, 0xfd, 0x00, 0x00, 0xf0, 0xf9,
  0x00, 0x02, 0x1f, 0xff, 0xfe, 0xfd, 0x00, 0x00, 0xc0, 0xf9, 0x00, 0x02, 0x0f, 0xff, 0xfe, 0xfd, 0x00, 0x00, 0x80, 0xf9, 0x00, 0x02, 0x03, 0xff,
  0xfe, 0xf4, 0x00, 0x02, 0x01, 0xff, 0xfc, 0xf3, 0x00, 0x01, 0xff, 0xfc, 0xf3, 0x00, 0x01, 0x7f, 0xfc, 0xf3, 0x00, 0x01, 0x3f, 0xfc, 0xbf, 0x00,
  0x01, 0x00, 0x01, 0xfd, 0xff, 0x00, 0xfe, 0xfe, 0x00, 0x03, 0x1f, 0xff, 0xff, 0xfc, 0xfe, 0x00, 0x00, 0x01, 0xfd, 0xff, 0x00, 0xfe, 0xfe, 0x00,
  0x03, 0x1f, 0xff, 0xff, 0xfc, 0xfe, 0x00, 0x00, 0x01, 0xfd, 0xff, 0x00, 0xfe, 0xfe, 0x00, 0x03, 0x7f, 0xff, 0xff, 0xfc, 0xfe, 0x00, 0x00, 0x01,
  0xfc, 0xff, 0xfe, 0x00, 0x03, 0x7f, 0xff, 0xff, 0xfc, 0xfe, 0x00, 0x00, 0x01, 0xfc, 0xff, 0xfe, 0x00, 0xfe, 0xff, 0x00, 0xfc, 0xfe, 0x00, 0x00,
  0x01, 0xfc, 0xff, 0x02, 0x80, 0x00, 0x01, 0xfe, 0xff, 0x00, 0xfc, 0xfe, 0x00, 0x00, 0x01, 0xfc, 0xff, 0x02, 0x80, 0x00, 0x01, 0xfe, 0xff, 0x00,
  0xfc, 0xfe, 0x00, 0x00, 0x01, 0xfc, 0xff, 0x02, 0x80, 0x00, 0x03, 0xfe, 0xff, 0x00, 0xfc, 0xfe, 0x00, 0x00, 0x01, 0xfc, 0xff, 0x02, 0xc0, 0x00,
  0x07, 0xfe, 0xff, 0x00, 0xfc, 0xfe, 0x00, 0x00, 0x01, 0xfc, 0xff, 0x02, 0xc0, 0x00, 0x07, 0xfe, 0xff, 0x00, 0xfc, 0xfe, 0x00, 0x00, 0x01, 0xfc,
  0xff, 0x02, 0xc0, 0x00, 0x0f, 0xfe, 0xff, 0x00, 0xfe, 0xfe, 0x00, 0x00, 0x01, 0xfc, 0xff, 0x02, 0xe0, 0x00, 0x1f, 0xfe, 0xff, 0x00, 0xfc, 0xfe,
  0x00, 0x00, 0x01, 0xfc, 0xff, 0x02, 0xe0, 0x00, 0x7f, 0xfe, 0xff, 0x00, 0xfe, 0xfe, 0x00, 0x00, 0x01, 0xfc, 0xff, 0x01, 0xe0, 0x00, 0xfd, 0xff,
  0x00, 0xfe, 0xfe, 0x00, 0x00, 0x01, 0xfc, 0xff, 0x01, 0xf0, 0x00, 0xfd, 0xff, 0x00, 0xfe, 0xfe, 0x00, 0x00, 0x01, 0xfc, 0xff, 0x01, 0xf0, 0x01,
  0xfd, 0xff, 0x00, 0xfe, 0xfe, 0x00, 0x00, 0x01, 0xfc, 0xff, 0x01, 0xf0, 0x01, 0xfd, 0xff, 0x00, 0xfe, 0xfe, 0x00, 0x00, 0x01, 0xfc, 0xff, 0x01,
  0xf8, 0x01, 0xfd, 0xff, 0x00, 0xfe, 0xfe, 0x00, 0x00, 0x01, 0xfc, 0xff, 0x01, 0xf8, 0x01, 0xfd, 0xff, 0x00, 0xfe, 0xfe, 0x00, 0x00, 0x01, 0xfc,
  0xff, 0x01, 0xf8, 0x01, 0xfd, 0xff, 0x00, 0xfe, 0xfe, 0x00, 0x00, 0x01, 0xfc, 0xff, 0x01, 0xf8, 0x01, 0xfd, 0xff, 0x00, 0xfe, 0xfe, 0x00, 0x00,
  0x01, 0xfc, 0xff, 0x01, 0xf8, 0x01, 0xfd, 0xff, 0x00, 0xfe, 0xfe, 0x00, 0x00, 0x01, 0xfc, 0xff, 0x01, 0xf8, 0x01, 0xfd, 0xff, 0x00, 0xfe, 0xfe,
  0x00, 0x00, 0x01, 0xfc, 0xff, 0x01, 0xf8, 0x01, 0xfd, 0xff, 0x00, 0xfe, 0xfe, 0x00, 0x00, 0x01, 0xfc, 0xff, 0x01, 0xf0, 0x01, 0xfd, 0xff, 0x00,
  0xfe, 0xfe, 0x00, 0x00, 0x01, 0xfc, 0xff, 0x01, 0xf0, 0x01, 0xfd, 0xff, 0x00, 0xfe, 0xfe, 0x00, 0x00, 0x01, 0xfc, 0xff, 0x01, 0xe0, 0x01, 0xfd,
  0xff, 0x00, 0xfe, 0xfe, 0x00, 0x00, 0x01, 0xfc, 0xff, 0x01, 0xe0, 0x00, 0xfd, 0xff, 0x00, 0xfe, 0xfe, 0x00, 0x00, 0x01, 0xfc, 0xff, 0x01, 0xe0,
  0x00, 0xfd, 0xff, 0x00, 0xfe, 0xfe, 0x00, 0x00, 0x01, 0xfc, 0xff, 0x01, 0xe0, 0x00, 0xfd, 0xff, 0x00, 0xfe, 0xfe, 0x00, 0x00, 0x01, 0xfc, 0xff,
  0x01, 0xe0, 0x00, 0xfd, 0xff, 0x00, 0xfe, 0xfe, 0x00, 0x00, 0x01, 0xfc, 0xff, 0x01, 0xe0, 0x00, 0xfd, 0xff, 0x00, 0xfe, 0xfe, 0x00, 0x00, 0x01,
  0xfc, 0xff, 0x01, 0xe0, 0x00, 0xfd, 0xff, 0x00, 0xfe, 0xfe, 0x00, 0x00, 0x01, 0xfc, 0xff, 0x01, 0xe0, 0x00, 0xfd, 0xff, 0x00, 0xfe, 0xfe, 0x00,
  0x00, 0x01, 0xfc, 0xff, 0x01, 0xe0, 0x00, 0xfd, 0xff, 0x00, 0xfe, 0xfe, 0x00, 0x00, 0x01, 0xfc, 0xff, 0x01, 0xe0, 0x00, 0xfd, 0xff, 0x00, 0xfe,
  0xfe, 0x00, 0x00, 0x01, 0xfc, 0xff, 0x01, 0xc0, 0x03, 0xfd, 0xff, 0x00, 0xfe, 0xfe, 0x00, 0x00, 0x01, 0xfc, 0xff, 0x01, 0xc0, 0x07, 0xfd, 0xff,
  0x00, 0xfe, 0xfe, 0x00, 0x00, 0x01, 0xf6, 0xff, 0x00, 0xfe, 0xfe, 0x00, 0x00, 0x01, 0xf6, 0xff, 0x00, 0xfe, 0xfe, 0x00, 0x00, 0x01, 0xf6, 0xff,
  0x00, 0xfe, 0xfe, 0x00, 0x00, 0x01, 0xf6, 0xff, 0x00, 0xfe, 0xfe, 0x00, 0x00, 0x01, 0xf6, 0xff, 0x00, 0xfe, 0xfe, 0x00, 0x00, 0x01, 0xf6, 0xff,
  0x00, 0xfe, 0xfe, 0x00, 0x00, 0x01, 0xf6, 0xff, 0x00, 0xfe, 0xfe, 0x00, 0x00, 0x01, 0xf6, 0xff, 0x00, 0xfe, 0xfe, 0x00, 0x00, 0x01, 0xf6, 0xff,
  0x00, 0xfc, 0xfe, 0x00, 0x00, 0x01, 0xf6, 0xff, 0x00, 0xfe, 0xfe, 0x00, 0x00, 0x01, 0xf6, 0xff, 0x00, 0xfc, 0xfe, 0x00, 0x00, 0x01, 0xf6, 0xff,
  0x00, 0xfc, 0xfe, 0x00, 0x00, 0x01, 0xf6, 0xff, 0x00, 0xfc, 0xfe, 0x00, 0x00, 0x01, 0xf6, 0xff, 0x00, 0xfc, 0xfe, 0x00, 0x00, 0x01, 0xf6, 0xff,
  0x00, 0xfc, 0xfe, 0x00, 0x00, 0x01, 0xf6, 0xff, 0x00, 0xfc, 0xfe, 0x00, 0x00, 0x01, 0xf6, 0xff, 0x00, 0xfc, 0xfe, 0x00, 0x00, 0x01, 0xf6, 0xff,
  0x00, 0xfc, 0xfe, 0x00, 0x00, 0x01, 0xf6, 0xff, 0x00, 0xfc, 0xfd, 0x00, 0xf6, 0xff, 0x00, 0xfc, 0xfd, 0x00, 0xf6, 0xff, 0x00, 0xfc, 0xfd, 0x00,
  0xf6, 0xff, 0x00, 0xfc, 0xfd, 0x00, 0xfd, 0xff, 0x00, 0xfe, 0xc8, 0x00, 0x81, 0x00, 0xbc, 0x00, 0x01, 0x03, 0xfe, 0xf3, 0x00, 0x01, 0x3f, 0xff,
  0xf3, 0x00, 0x02, 0x3f, 0xff, 0x80, 0xfe, 0x00, 0x01, 0x01, 0xfe, 0xf9, 0x00, 0x02, 0x7f, 0xff, 0x80, 0xfe, 0x00, 0x02, 0x01, 0xff, 0x80, 0xfa,
  0x00, 0x02, 0xff, 0xff, 0xc0, 0xfe, 0x00, 0x02, 0x0f, 0xff, 0xc0, 0xfa, 0x00, 0x02, 0xff, 0xff, 0xe0, 0xfe, 0x00, 0x02, 0x1f, 0xff, 0xe0, 0xfa,
  0x00, 0x02, 0xff, 0xff, 0xe0, 0xfe, 0x00, 0x02, 0x3f, 0xff, 0xe0, 0xfa, 0x00, 0x02, 0xff, 0xff, 0xe0, 0xfe, 0x00, 0x02, 0x1f, 0xff, 0xf0, 0xfb,
  0x00, 0x03, 0x01, 0xff, 0xff, 0xe0, 0xfe, 0x00, 0x02, 0x3f, 0xff, 0xf0, 0xfb, 0x00, 0x03, 0x01, 0xff, 0xff, 0xe0, 0xfe, 0x00, 0x02, 0x3f, 0xff,
  0xf0, 0xfb, 0x00, 0x03, 0x01, 0xff, 0xff, 0xc0, 0xfe, 0x00, 0x02, 0x3f, 0xff, 0xf0, 0xfb, 0x00, 0x03, 0x01, 0xff, 0xff, 0xc0, 0xfe, 0x00, 0x02,
  0x3f, 0xff, 0xf0, 0xfb, 0x00, 0x03, 0x01, 0xff, 0xff, 0xc0, 0xfe, 0x00, 0x02, 0x3f, 0xff, 0xf0, 0xfb, 0x00, 0x03, 0x01, 0xff, 0xff, 0xc0, 0xfe,
  0x00, 0x02, 0x7f, 0xff, 0xf0, 0xfa, 0x00, 0x02, 0xff, 0xff, 0xc0, 0xfe, 0x00, 0x02, 0x3f, 0xff, 0xf8, 0xfa, 0x00, 0x02, 0xff, 0xff, 0xc0, 0xfe,
  0x00, 0x02, 0x3f, 0xff, 0xf0, 0xfa, 0x00, 0x02, 0xff, 0xff, 0x80, 0xfe, 0x00, 0x02, 0x3f, 0xff, 0xf0, 0xfa, 0x00, 0x02, 0xff, 0xff, 0x80, 0xfe,
  0x00, 0x02, 0x7f, 0xff, 0xf0, 0xfa, 0x00, 0x02, 0xff, 0xff, 0x80, 0xfe, 0x00, 0x02, 0x3f, 0xff, 0xf0, 0xfa, 0x00, 0x02, 0xff, 0xff, 0xc0, 0xfe,
  0x00, 0x02, 0x3f, 0xff, 0xf0, 0xfa, 0x00, 0x02, 0x7f, 0xff, 0x80, 0xfe, 0x00, 0x02, 0x3f, 0xff, 0xf0, 0xfa, 0x00, 0x02, 0x7f, 0xff, 0x80, 0xfe,
  0x00, 0x02, 0x3f, 0xff, 0xe0, 0xfa, 0x00, 0x02, 0x7f, 0xff, 0x80, 0xfe, 0x00, 0x02, 0x3f, 0xff, 0xe0, 0xfa, 0x00, 0x02, 0x7f, 0xff, 0x80, 0xfe,
  0x00, 0x02, 0x3f, 0xff, 0xe0, 0xfa, 0x00, 0x08, 0x7f, 0xff, 0x80, 0x7e, 0x00, 0x00, 0x3f, 0xff, 0xc0, 0xfa, 0x00, 0x08, 0x03, 0xff, 0x00, 0xff,
  0x83, 0xf0, 0x1f, 0xff, 0xc0, 0xfa, 0x00, 0x08, 0x03, 0xfc, 0x00, 0xff, 0xff, 0xf0, 0x1f, 0xff, 0xc0, 0xf9, 0x00, 0x07, 0xa0, 0x00, 0xff, 0xff,
  0xf0, 0x0f, 0xff, 0x80, 0xf7, 0x00, 0x04, 0xff, 0xff, 0xe0, 0x07, 0xff, 0xf6, 0x00, 0x04, 0x7f, 0xff, 0xc0, 0x00, 0x50, 0xf6, 0x00, 0x02, 0x3f,
  0xff, 0x80, 0xf4, 0x00, 0x01, 0x0f, 0xfe, 0x81, 0x00, 0x81, 0x00, 0xbb, 0x00, 0x81, 0x00, 0xcc, 0x00, 0x01, 0x02, 0x80, 0xf3, 0x00, 0x01, 0xff,
  0xf8, 0xf4, 0x00, 0x02, 0x01, 0xff, 0xfc, 0xfd, 0x00, 0x01, 0x17, 0xd0, 0xfa, 0x00, 0x02, 0x03, 0xff, 0xfc, 0xfd, 0x00, 0x01, 0x7f, 0xfc, 0xfa,
  0x00, 0x02, 0x03, 0xff, 0xfe, 0xfd, 0x00, 0x01, 0xff, 0xfe, 0xfa, 0x00, 0x02, 0x07, 0xff, 0xfe, 0xfd, 0x00, 0x01, 0xff, 0xff, 0xfa, 0x00, 0x02,
  0x07, 0xff, 0xfe, 0xfe, 0x00, 0x02, 0x01, 0xff, 0xff, 0xfa, 0x00, 0x02, 0x07, 0xff, 0xfe, 0xfe, 0x00, 0x03, 0x01, 0xff, 0xff, 0x80, 0xfb, 0x00,
  0x02, 0x0f, 0xff, 0xfe, 0xfe, 0x00, 0x03, 0x01, 0xff, 0xff, 0x80, 0xfb, 0x00, 0x02, 0x0f, 0xff, 0xfe, 0xfe, 0x00, 0x03, 0x03, 0xff, 0xff, 0x80,
  0xfb, 0x00, 0x02, 0x0f, 0xff, 0xfe, 0xfe, 0x00, 0x03, 0x01, 0xff, 0xff, 0xc0, 0xfb, 0x00, 0x02, 0x0f, 0xff, 0xfe, 0xfe, 0x00, 0x03, 0x01, 0xff,
  0xff, 0xc0, 0xfb, 0x00, 0x02, 0x0f, 0xff, 0xfe, 0xfe, 0x00, 0x03, 0x01, 0xff, 0xff, 0xc0, 0xfb, 0x00, 0x02, 0x0f, 0xff, 0xfe, 0xfe, 0x00, 0x03,
  0x01, 0xff, 0xff, 0xc0, 0xfb, 0x00, 0x02, 0x0f, 0xff, 0xfe, 0xfe, 0x00, 0x03, 0x01, 0xff, 0xff, 0xc0, 0xfb, 0x00, 0x02, 0x07, 0xff, 0xfe, 0xfd,
  0x00, 0x02, 0xff, 0xff, 0xc0, 0xfb, 0x00, 0x02, 0x07, 0xff, 0xfe, 0xfe, 0x00, 0x03, 0x01, 0xff, 0xff, 0x80, 0xfb, 0x00, 0x02, 0x07, 0xff, 0xfe,
  0xfe, 0x00, 0x03, 0x03, 0xff, 0xff, 0x80, 0xfb, 0x00, 0x02, 0x07, 0xff, 0xfe, 0xfe, 0x00, 0x03, 0x01, 0xff, 0xff, 0x80, 0xfb, 0x00, 0x02, 0x07,
  0xff, 0xfe, 0xfe, 0x00, 0x03, 0x01, 0xff, 0xff, 0x80, 0xfb, 0x00, 0x02, 0x07, 0xff, 0xfe, 0xfe, 0x00, 0x02, 0x01, 0xff, 0xff, 0xfa, 0x00, 0x02,
  0x07, 0xff, 0xfe, 0xfe, 0x00, 0x02, 0x03, 0xff, 0xff, 0xfa, 0x00, 0x02, 0x03, 0xff, 0xfe, 0xfe, 0x00, 0x02, 0x01, 0xff, 0xff, 0xfa, 0x00, 0x02,
  0x03, 0xff, 0xfe, 0xfe, 0x00, 0x02, 0x03, 0xff, 0xff, 0xfa, 0x00, 0x08, 0x03, 0xff, 0xf8, 0x03, 0x00, 0x00, 0x01, 0xff, 0xff, 0xfa, 0x00, 0x08,
  0x01, 0xff, 0xf8, 0x07, 0xc0, 0x1e, 0x01, 0xff, 0xfe, 0xf9, 0x00, 0x07, 0x7f, 0xf8, 0x07, 0xf8, 0xff, 0x00, 0xff, 0xfc, 0xf9, 0x00, 0x07, 0x07,
  0xe0, 0x07, 0xff, 0xff, 0x00, 0xff, 0xfc, 0xf7, 0x00, 0x05, 0x07, 0xff, 0xff, 0x00, 0x3f, 0xf0, 0xf7, 0x00, 0x05, 0x03, 0xff, 0xfe, 0x00, 0x0e,
  0x40, 0xf7, 0x00, 0x02, 0x01, 0xff, 0xfc, 0xf3, 0x00, 0x01, 0x7f, 0xf0, 0xf3, 0x00, 0x01, 0x1f, 0xc0, 0x81, 0x00, 0x81, 0x00, 0xbb, 0x00, 0x81,
  0x00, 0xbc, 0x00, 0x01, 0x1f, 0x80, 0xf3, 0x00, 0x01, 0xff, 0xf8, 0xfd, 0x00, 0x00, 0x04, 0xf9, 0x00, 0x02, 0x01, 0xff, 0xfc, 0xfd, 0x00, 0x01,
  0x3f, 0xfc, 0xfa, 0x00, 0x02, 0x03, 0xff, 0xfe, 0xfd, 0x00, 0x01, 0x7f, 0xfe, 0xfa, 0x00, 0x02, 0x03, 0xff, 0xff, 0xfd, 0x00, 0x01, 0xff, 0xfe,
  0xfa, 0x00, 0x02, 0x03, 0xff, 0xff, 0xfe, 0x00, 0x02, 0x01, 0xff, 0xff, 0xfa, 0x00, 0x02, 0x07, 0xff, 0xfe, 0xfd, 0x00, 0x01, 0xff, 0xff, 0xfa,
  0x00, 0x02, 0x07, 0xff, 0xfe, 0xfe, 0x00, 0x03, 0x01, 0xff, 0xff, 0x80, 0xfb, 0x00, 0x02, 0x0f, 0xff, 0xff, 0xfe, 0x00, 0x03, 0x01, 0xff, 0xff,
  0x80, 0xfb, 0x00, 0x02, 0x0f, 0xff, 0xfe, 0xfe, 0x00, 0x03, 0x01, 0xff, 0xff, 0xc0, 0xfb, 0x00, 0x02, 0x0f, 0xff, 0xfe, 0xfe, 0x00, 0x03, 0x01,
  0xff, 0xff, 0xc0, 0xfb, 0x00, 0x02, 0x0f, 0xff, 0xfe, 0xfe, 0x00, 0x03, 0x01, 0xff, 0xff, 0xc0, 0xfb, 0x00, 0x02, 0x0f, 0xff, 0xfe, 0xfd, 0x00,
  0x02, 0xff, 0xff, 0xc0, 0xfb, 0x00, 0x02, 0x0f, 0xff, 0xfe, 0xfe, 0x00, 0x03, 0x01, 0xff, 0xff, 0xc0, 0xfb, 0x00, 0x02, 0x07, 0xff, 0xfe, 0xfd,
  0x00, 0x02, 0xff, 0xff, 0xc0, 0xfb, 0x00, 0x02, 0x07, 0xff, 0xfe, 0xfe, 0x00, 0x03, 0x01, 0xff, 0xff, 0xc0, 0xfb, 0x00, 0x02, 0x07, 0xff, 0xfe,
  0xfe, 0x00, 0x03, 0x01, 0xff, 0xff, 0xc0, 0xfb, 0x00, 0x02, 0x07, 0xff, 0xfe, 0xfe, 0x00, 0x03, 0x01, 0xff, 0xff, 0xc0, 0xfb, 0x00, 0x02, 0x07,
  0xff, 0xfe, 0xfe, 0x00, 0x03, 0x01, 0xff, 0xff, 0x80, 0xfb, 0x00, 0x02, 0x03, 0xff, 0xfe, 0xfe, 0x00, 0x03, 0x01, 0xff, 0xff, 0x80, 0xfb, 0x00,
  0x02, 0x07, 0xff, 0xfe, 0xfe, 0x00, 0x03, 0x01, 0xff, 0xff, 0x80, 0xfb, 0x00, 0x02, 0x03, 0xff, 0xfe, 0xfe, 0x00, 0x02, 0x01, 0xff, 0xff, 0xfa,
  0x00, 0x02, 0x03, 0xff, 0xfe, 0xfe, 0x00, 0x02, 0x01, 0xff, 0xff, 0xfa, 0x00, 0x02, 0x03, 0xff, 0xfe, 0xfe, 0x00, 0x02, 0x01, 0xff, 0xff, 0xfa,
  0x00, 0x08, 0x01, 0xff, 0xfe, 0x03, 0x80, 0x06, 0x01, 0xff, 0xfe, 0xf9, 0x00, 0x07, 0xff, 0xf8, 0x07, 0xe0, 0x3f, 0x01, 0xff, 0xfc, 0xf9, 0x00,
  0x07, 0x1f, 0xf0, 0x07, 0xff, 0xff, 0x00, 0xff, 0xfc, 0xf8, 0x00, 0x06, 0x80, 0x07, 0xff, 0xff, 0x00, 0x3f, 0xfc, 0xf7, 0x00, 0x05, 0x03, 0xff,
  0xff, 0x00, 0x0f, 0xe0, 0xf7, 0x00, 0x02, 0x01, 0xff, 0xfe, 0xf3, 0x00, 0x01, 0xff, 0xfc, 0xf3, 0x00, 0x01, 0x1f, 0xf0, 0x81, 0x00, 0x81, 0x00,
  0xbb, 0x00, 0x81, 0x00, 0xbc, 0x00, 0x01, 0x7f, 0xf0, 0xf3, 0x00, 0x01, 0xff, 0xfc, 0xfd, 0x00, 0x01, 0x04, 0xc0, 0xfa, 0x00, 0x02, 0x03, 0xff,
  0xfc, 0xfd, 0x00, 0x01, 0x3f, 0xfc, 0xfa, 0x00, 0x02, 0x03, 0xff, 0xfe, 0xfd, 0x00, 0x01, 0x7f, 0xfe, 0xfa, 0x00, 0x02, 0x07, 0xff, 0xfe, 0xfe,
  0x00, 0x02, 0x01, 0xff, 0xff, 0xfa, 0x00, 0x02, 0x03, 0xff, 0xfe, 0xfe, 0x00, 0x02, 0x01, 0xff, 0xff, 0xfa, 0x00, 0x02, 0x07, 0xff, 0xfe, 0xfe,
  0x00, 0x02, 0x01, 0xff, 0xff, 0xfa, 0x00, 0x02, 0x0f, 0xff, 0xfe, 0xfe, 0x00, 0x03, 0x01, 0xff, 0xff, 0x80, 0xfb, 0x00, 0x02, 0x0f, 0xff, 0xfe,
  0xfe, 0x00, 0x03, 0x03, 0xff, 0xff, 0x80, 0xfb, 0x00, 0x02, 0x0f, 0xff, 0xfe, 0xfe, 0x00, 0x03, 0x01, 0xff, 0xff, 0x80, 0xfb, 0x00, 0x02, 0x0f,
  0xff, 0xfe, 0xfe, 0x00, 0x03, 0x01, 0xff, 0xff, 0x80, 0xfb, 0x00, 0x02, 0x0f, 0xff, 0xfe, 0xfe, 0x00, 0x03, 0x01, 0xff, 0xff, 0xc0, 0xfb, 0x00,
  0x02, 0x0f, 0xff, 0xfe, 0xfe, 0x00, 0x03, 0x03, 0xff, 0xff, 0xc0, 0xfb, 0x00, 0x02, 0x0f, 0xff, 0xfe, 0xfe, 0x00, 0x03, 0x01, 0xff, 0xff, 0xc0,
  0xfb, 0x00, 0x02, 0x07, 0xff, 0xfe, 0xfe, 0x00, 0x03, 0x01, 0xff, 0xff, 0x80, 0xfb, 0x00, 0x02, 0x0f, 0xff, 0xfe, 0xfe, 0x00, 0x03, 0x01, 0xff,
  0xff, 0x80, 0xfb, 0x00, 0x02, 0x0f, 0xff, 0xfe, 0xfe, 0x00, 0x03, 0x03, 0xff, 0xff, 0x80, 0xfb, 0x00, 0x02, 0x0f, 0xff, 0xfe, 0xfe, 0x00, 0x03,
  0x01, 0xff, 0xff, 0x80, 0xfb, 0x00, 0x02, 0x07, 0xff, 0xfe, 0xfe, 0x00, 0x03, 0x01, 0xff, 0xff, 0x80, 0xfb, 0x00, 0x02, 0x07, 0xff, 0xfe, 0xfe,
  0x00, 0x02, 0x03, 0xff, 0xff, 0xfa, 0x00, 0x02, 0x07, 0xff, 0xfe, 0xfe, 0x00, 0x02, 0x03, 0xff, 0xff, 0xfa, 0x00, 0x02, 0x03, 0xff, 0xfe, 0xfe,
  0x00, 0x02, 0x03, 0xff, 0xff, 0xfa, 0x00, 0x02, 0x03, 0xff, 0xfe, 0xfe, 0x00, 0x02, 0x03, 0xff, 0xff, 0xfa, 0x00, 0x02, 0x03, 0xff, 0xfc, 0xfe,
  0x00, 0x02, 0x01, 0xff, 0xff, 0xfa, 0x00, 0x08, 0x03, 0xff, 0xfc, 0x07, 0xc0, 0x0e, 0x03, 0xff, 0xfe, 0xf9, 0x00, 0x07, 0xff, 0xf8, 0x07, 0xf0,
  0x3e, 0x01, 0xff, 0xfc, 0xf9, 0x00, 0x07, 0x1f, 0xe0, 0x07, 0xff, 0xff, 0x00, 0xff, 0xfc, 0xf7, 0x00, 0x05, 0x07, 0xff, 0xfe, 0x00, 0x7f, 0xf4,
  0xf7, 0x00, 0x05, 0x03, 0xff, 0xfe, 0x00, 0x0e, 0xe0, 0xf7, 0x00, 0x02, 0x01, 0xff, 0xfc, 0xf3, 0x00, 0x01, 0xff, 0xf8, 0xf3, 0x00, 0x01, 0x1f,
  0xc0, 0x81, 0x00, 0x81, 0x00, 0xbb, 0x00, 0x81, 0x00, 0xbc, 0x00, 0x01, 0x7f, 0xf0, 0xf3, 0x00, 0x01, 0xff, 0xf8, 0xfd, 0x00, 0x01, 0x07, 0xc0,
  0xfa, 0x00, 0x02, 0x03, 0xff, 0xfc, 0xfd, 0x00, 0x01, 0x3f, 0xfc, 0xfa, 0x00, 0x02, 0x03, 0xff, 0xfe, 0xfd, 0x00, 0x01, 0x7f, 0xfe, 0xfa, 0x00,
  0x02, 0x07, 0xff, 0xfe, 0xfd, 0x00, 0x01, 0xff, 0xff, 0xfa, 0x00, 0x02, 0x03, 0xff, 0xfe, 0xfe, 0x00, 0x02, 0x01, 0xff, 0xff, 0xfa, 0x00, 0x02,
  0x07, 0xff, 0xfe, 0xfe, 0x00, 0x02, 0x01, 0xff, 0xff, 0xfa, 0x00, 0x02, 0x0f, 0xff, 0xfe, 0xfe, 0x00, 0x03, 0x01, 0xff, 0xff, 0x80, 0xfb, 0x00,
  0x02, 0x0f, 0xff, 0xfe, 0xfe, 0x00, 0x03, 0x03, 0xff, 0xff, 0x80, 0xfb, 0x00, 0x02, 0x0f, 0xff, 0xfe, 0xfe, 0x00, 0x03, 0x03, 0xff, 0xff, 0xc0,
  0xfb, 0x00, 0x02, 0x0f, 0xff, 0xfe, 0xfe, 0x00, 0x03, 0x01, 0xff, 0xff, 0x80, 0xfb, 0x00, 0x02, 0x0f, 0xff, 0xfe, 0xfe, 0x00, 0x03, 0x01, 0xff,
  0xff, 0xc0, 0xfb, 0x00, 0x02, 0x0f, 0xff, 0xfe, 0xfe, 0x00, 0x03, 0x03, 0xff, 0xff, 0xc0, 0xfb, 0x00, 0x02, 0x0f, 0xff, 0xfe, 0xfe, 0x00, 0x03,
  0x01, 0xff, 0xff, 0xc0, 0xfb, 0x00, 0x02, 0x07, 0xff, 0xfe, 0xfe, 0x00, 0x03, 0x01, 0xff, 0xff, 0xc0, 0xfb, 0x00, 0x02, 0x0f, 0xff, 0xfe, 0xfe,
  0x00, 0x03, 0x01, 0xff, 0xff, 0x80, 0xfb, 0x00, 0x02, 0x0f, 0xff, 0xfe, 0xfe, 0x00, 0x03, 0x03, 0xff, 0xff, 0x80, 0xfb, 0x00, 0x02, 0x0f, 0xff,
  0xfe, 0xfe, 0x00, 0x03, 0x01, 0xff, 0xff, 0x80, 0xfb, 0x00, 0x02, 0x07, 0xff, 0xfe, 0xfe, 0x00, 0x03, 0x01, 0xff, 0xff, 0x80, 0xfb, 0x00, 0x02,
  0x07, 0xff, 0xfe, 0xfe, 0x00, 0x02, 0x01, 0xff, 0xff, 0xfa, 0x00, 0x02, 0x07, 0xff, 0xfe, 0xfe, 0x00, 0x02, 0x03, 0xff, 0xff, 0xfa, 0x00, 0x02,
  0x03, 0xff, 0xfe, 0xfe, 0x00, 0x02, 0x01, 0xff, 0xff, 0xfa, 0x00, 0x02, 0x03, 0xff, 0xfe, 0xfe, 0x00, 0x02, 0x01, 0xff, 0xff, 0xfa, 0x00, 0x02,
  0x03, 0xff, 0xf8, 0xfe, 0x00, 0x02, 0x03, 0xff, 0xff, 0xfa, 0x00, 0x08, 0x01, 0xff, 0xfc, 0x07, 0xc0, 0x0e, 0x03, 0xff, 0xfe, 0xf9, 0x00, 0x07,
  0xff, 0xf8, 0x07, 0xf0, 0x3e, 0x01, 0xff, 0xfc, 0xf9, 0x00, 0x07, 0x1f, 0xe0, 0x07, 0xff, 0xff, 0x00, 0xff, 0xfc, 0xf7, 0x00, 0x05, 0x07, 0xff,
  0xff, 0x00, 0x7f, 0xf4, 0xf7, 0x00, 0x05, 0x03, 0xff, 0xfe, 0x00, 0x0e, 0xe0, 0xf7, 0x00, 0x02, 0x01, 0xff, 0xfc, 0xf3, 0x00, 0x01, 0xff, 0xf8,
  0xf3, 0x00, 0x01, 0x1f, 0xc0, 0x81, 0x00, 0x81, 0x00, 0xbb, 0x00, 0x81, 0x00, 0xbc, 0x00, 0x01, 0x7f, 0xf0, 0xf3, 0x00, 0x01, 0xff, 0xfc, 0xfd,
  0x00, 0x01, 0x07, 0xc0, 0xfa, 0x00, 0x02, 0x03, 0xff, 0xfc, 0xfd, 0x00, 0x01, 0x7f, 0xfc, 0xfa, 0x00, 0x02, 0x03, 0xff, 0xfe, 0xfd, 0x00, 0x01,
  0x7f, 0xfe, 0xfa, 0x00, 0x02, 0x07, 0xff, 0xfe, 0xfe, 0x00, 0x02, 0x01, 0xff, 0xff, 0xfa, 0x00, 0x02, 0x07, 0xff, 0xfe, 0xfe, 0x00, 0x02, 0x01,
  0xff, 0xff, 0xfa, 0x00, 0x02, 0x07, 0xff, 0xfe, 0xfe, 0x00, 0x02, 0x01, 0xff, 0xff, 0xfa, 0x00, 0x02, 0x0f, 0xff, 0xfe, 0xfe, 0x00, 0x03, 0x01,
  0xff, 0xff, 0x80, 0xfb, 0x00, 0x02, 0x0f, 0xff, 0xfe, 0xfe, 0x00, 0x03, 0x03, 0xff, 0xff, 0x80, 0xfb, 0x00, 0x02, 0x0f, 0xff, 0xfe, 0xfe, 0x00,
  0x03, 0x03, 0xff, 0xff, 0xc0, 0xfb, 0x00, 0x02, 0x0f, 0xff, 0xfe, 0xfe, 0x00, 0x03, 0x01, 0xff, 0xff, 0x80, 0xfb, 0x00, 0x02, 0x0f, 0xff, 0xfe,
  0xfe, 0x00, 0x03, 0x01, 0xff, 0xff, 0x80, 0xfb, 0x00, 0x02, 0x0f, 0xff, 0xfe, 0xfe, 0x00, 0x03, 0x03, 0xff, 0xff, 0xc0, 0xfb, 0x00, 0x02, 0x0f,
  0xff, 0xfe, 0xfe, 0x00, 0x03, 0x01, 0xff, 0xff, 0xc0, 0xfb, 0x00, 0x02, 0x0f, 0xff, 0xfe, 0xfe, 0x00, 0x03, 0x01, 0xff, 0xff, 0xc0, 0xfb, 0x00,
  0x02, 0x0f, 0xff, 0xfe, 0xfe, 0x00, 0x03, 0x01, 0xff, 0xff, 0xc0, 0xfb, 0x00, 0x02, 0x0f, 0xff, 0xfe, 0xfe, 0x00, 0x03, 0x03, 0xff, 0xff, 0x80,
  0xfb, 0x00, 0x02, 0x0f, 0xff, 0xfe, 0xfe, 0x00, 0x03, 0x01, 0xff, 0xff, 0x80, 0xfb, 0x00, 0x02, 0x07, 0xff, 0xfe, 0xfe, 0x00, 0x03, 0x01, 0xff,
  0xff, 0x80, 0xfb, 0x00, 0x02, 0x07, 0xff, 0xfe, 0xfe, 0x00, 0x02, 0x03, 0xff, 0xff, 0xfa, 0x00, 0x02, 0x07, 0xff, 0xfe, 0xfe, 0x00, 0x02, 0x03,
  0xff, 0xff, 0xfa, 0x00, 0x02, 0x03, 0xff, 0xfe, 0xfe, 0x00, 0x02, 0x01, 0xff, 0xff, 0xfa, 0x00, 0x02, 0x03, 0xff, 0xfe, 0xfe, 0x00, 0x02, 0x03,
  0xff, 0xff, 0xfa, 0x00, 0x08, 0x03, 0xff, 0xfc, 0x03, 0x00, 0x00, 0x03, 0xff, 0xff, 0xfa, 0x00, 0x08, 0x01, 0xff, 0xfc, 0x07, 0xc0, 0x0e, 0x03,
  0xff, 0xfe, 0xf9, 0x00, 0x07, 0xff, 0xf8, 0x07, 0xf0, 0x7e, 0x01, 0xff, 0xfc, 0xf9, 0x00, 0x07, 0x1f, 0xe0, 0x07, 0xff, 0xff, 0x00, 0xff, 0xfc,
  0xf7, 0x00, 0x05, 0x07, 0xff, 0xff, 0x01, 0x7f, 0xf4, 0xf7, 0x00, 0x05, 0x03, 0xff, 0xfe, 0x00, 0x0e, 0xe0, 0xf7, 0x00, 0x02, 0x01, 0xff, 0xfc,
  0xf3, 0x00, 0x01, 0xff, 0xf8, 0xf3, 0x00, 0x01, 0x1f, 0xc0, 0x81, 0x00, 0x81, 0x00, 0xbb, 0x00, 0x81, 0x00, 0xbc, 0x00, 0x01, 0x7f, 0xf0, 0xf3,
  0x00, 0x01, 0xff, 0xf8, 0xfd, 0x00, 0x01, 0x07, 0xc0, 0xfa, 0x00, 0x02, 0x03, 0xff, 0xfc, 0xfd, 0x00, 0x01, 0x3f, 0xfc, 0xfa, 0x00, 0x02, 0x03,
  0xff, 0xfe, 0xfe, 0x00, 0x02, 0x01, 0x7f, 0xfe, 0xfa, 0x00, 0x02, 0x07, 0xff, 0xfe, 0xfd, 0x00, 0x01, 0xff, 0xff, 0xfa, 0x00, 0x02, 0x07, 0xff,
  0xfe, 0xfe, 0x00, 0x02, 0x01, 0xff, 0xff, 0xfa, 0x00, 0x02, 0x07, 0xff, 0xfe, 0xfe, 0x00, 0x02, 0x01, 0xff, 0xff, 0xfa, 0x00, 0x02, 0x0f, 0xff,
  0xfe, 0xfe, 0x00, 0x03, 0x01, 0xff, 0xff, 0x80, 0xfb, 0x00, 0x02, 0x0f, 0xff, 0xfe, 0xfe, 0x00, 0x03, 0x03, 0xff, 0xff, 0x80, 0xfb, 0x00, 0x02,
  0x0f, 0xff, 0xfe, 0xfe, 0x00, 0x03, 0x01, 0xff, 0xff, 0xc0, 0xfb, 0x00, 0x02, 0x0f, 0xff, 0xfe, 0xfe, 0x00, 0x03, 0x01, 0xff, 0xff, 0xc0, 0xfb,
  0x00, 0x02, 0x0f, 0xff, 0xfe, 0xfe, 0x00, 0x03, 0x01, 0xff, 0xff, 0x80, 0xfb, 0x00, 0x02, 0x0f, 0xff, 0xfe, 0xfe, 0x00, 0x03, 0x03, 0xff, 0xff,
  0xc0, 0xfb, 0x00, 0x02, 0x0f, 0xff, 0xfe, 0xfe, 0x00, 0x03, 0x01, 0xff, 0xff, 0xc0, 0xfb, 0x00, 0x02, 0x07, 0xff, 0xfe, 0xfe, 0x00, 0x03, 0x01,
  0xff, 0xff, 0xc0, 0xfb, 0x00, 0x02, 0x0f, 0xff, 0xfe, 0xfe, 0x00, 0x03, 0x01, 0xff, 0xff, 0xc0, 0xfb, 0x00, 0x02, 0x0f, 0xff, 0xfe, 0xfe, 0x00,
  0x03, 0x03, 0xff, 0xff, 0x80, 0xfb, 0x00, 0x02, 0x0f, 0xff, 0xfe, 0xfe, 0x00, 0x03, 0x01, 0xff, 0xff, 0x80, 0xfb, 0x00, 0x02, 0x07, 0xff, 0xfe,
  0xfe, 0x00, 0x03, 0x01, 0xff, 0xff, 0x80, 0xfb, 0x00, 0x02, 0x07, 0xff, 0xfe, 0xfe, 0x00, 0x02, 0x03, 0xff, 0xff, 0xfa, 0x00, 0x02, 0x07, 0xff,
  0xfe, 0xfe, 0x00, 0x02, 0x03, 0xff, 0xff, 0xfa, 0x00, 0x02, 0x03, 0xff, 0xfe, 0xfe, 0x00, 0x02, 0x01, 0xff, 0xff, 0xfa, 0x00, 0x02, 0x03, 0xff,
  0xfe, 0xfe, 0x00, 0x02, 0x03, 0xff, 0xff, 0xfa, 0x00, 0x08, 0x03, 0xff, 0xfc, 0x03, 0x00, 0x00, 0x03, 0xff, 0xff, 0xfa, 0x00, 0x08, 0x01, 0xff,
  0xfc, 0x07, 0xc0, 0x0e, 0x03, 0xff, 0xfe, 0xf9, 0x00, 0x07, 0xff, 0xf8, 0x07, 0xf0, 0x7e, 0x01, 0xff, 0xfc, 0xf9, 0x00, 0x07, 0x1f, 0xe0, 0x07,
  0xff, 0xff, 0x00, 0xff, 0xfc, 0xf7, 0x00, 0x05, 0x07, 0xff, 0xff, 0x01, 0x7f, 0xf4, 0xf7, 0x00, 0x05, 0x03, 0xff, 0xfe, 0x00, 0x0e, 0xe0, 0xf7,
  0x00, 0x02, 0x01, 0xff, 0xfc, 0xf3, 0x00, 0x01, 0xff, 0xf8, 0xf3, 0x00, 0x01, 0x1f, 0xc0, 0x81, 0x00, 0x81, 0x00, 0xbb, 0x00, 0x81, 0x00, 0x81,
  0x00, 0x81, 0x00, 0x81, 0x00, 0xcd, 0x00, 0x03, 0x0a, 0x00, 0x00, 0x03, 0xf5, 0x00, 0x05, 0x1f, 0x80, 0x02, 0x07, 0xc0, 0x0e, 0xf7, 0x00, 0x05,
  0x0f, 0xff, 0xfe, 0x07, 0xf0, 0x7e, 0xfe, 0x00, 0x00, 0x80, 0xfb, 0x00, 0x09, 0x07, 0xff, 0xfe, 0x07, 0xff, 0xff, 0x07, 0x80, 0x5f, 0x80, 0xfb,
  0x00, 0x08, 0x03, 0xff, 0xfe, 0x07, 0xff, 0xff, 0x07, 0xff, 0xff, 0xf9, 0x00, 0x07, 0x1f, 0x40, 0x03, 0xff, 0xfe, 0x03, 0xff, 0xff, 0xf7, 0x00,
  0x05, 0x01, 0xff, 0xfc, 0x00, 0x1f, 0xf4, 0xf6, 0x00, 0x03, 0xff, 0xf8, 0x00, 0x08, 0xf5, 0x00, 0x01, 0x1f, 0xc0, 0x81, 0x00, 0x81, 0x00, 0xbb,
  0x00, 0x81, 0x00, 0x81, 0x00, 0x81, 0x00, 0x9d, 0x00, 0x01, 0x0f, 0xf8, 0xf3, 0x00, 0x02, 0x1f, 0xff, 0xe0, 0xf4, 0x00, 0x02, 0x1f, 0xff, 0xfe,
  0xfc, 0x00, 0x00, 0x1d, 0xfa, 0x00, 0x02, 0x3f, 0xff, 0xfe, 0xfe, 0x00, 0x03, 0x01, 0xff, 0xff, 0xc0, 0xfb, 0x00, 0x02, 0x3f, 0xff, 0xff, 0xfe,
  0x00, 0x03, 0x07, 0xff, 0xff, 0xc0, 0xfb, 0x00, 0x09, 0x1f, 0xff, 0xff, 0x03, 0x00, 0x00, 0x07, 0xff, 0xff, 0xc0, 0xfb, 0x00, 0x09, 0x1f, 0xff,
  0xff, 0x07, 0xc0, 0x0e, 0x0f, 0xff, 0xff, 0xc0, 0xfb, 0x00, 0x09, 0x0f, 0xff, 0xff, 0x07, 0xf0, 0x7e, 0x0f, 0xff, 0xff, 0xc0, 0xfb, 0x00, 0x09,
  0x03, 0xff, 0xfe, 0x07, 0xff, 0xff, 0x07, 0xff, 0xff, 0xc0, 0xfa, 0x00, 0x08, 0xff, 0xf8, 0x07, 0xff, 0xfe, 0x07, 0xff, 0xff, 0x80, 0xfa, 0x00,
  0x07, 0x02, 0x00, 0x03, 0xff, 0xfe, 0x03, 0xff, 0xff, 0xf7, 0x00, 0x05, 0x01, 0xff, 0xfc, 0x00, 0x7f, 0xfc, 0xf6, 0x00, 0x04, 0xff, 0xf8, 0x00,
  0x0f, 0xc0, 0xf6, 0x00, 0x01, 0x1f, 0xc0, 0x81, 0x00, 0x81, 0x00, 0xbb, 0x00, 0x81, 0x00, 0xcc, 0x00, 0x01, 0xff, 0xf8, 0xf4, 0x00, 0x02, 0x03,
  0xff, 0xfc, 0xfd, 0x00, 0x01, 0x1f, 0xf0, 0xfa, 0x00, 0x02, 0x07, 0xff, 0xfe, 0xfd, 0x00, 0x01, 0xff, 0xfc, 0xfa, 0x00, 0x02, 0x07, 0xff, 0xff,
  0xfe, 0x00, 0x02, 0x01, 0xff, 0xff, 0xfa, 0x00, 0x02, 0x0f, 0xff, 0xff, 0xfe, 0x00, 0x02, 0x03, 0xff, 0xff, 0xfa, 0x00, 0x09, 0x0f, 0xff, 0xff,
  0x80, 0x00, 0x00, 0x03, 0xff, 0xff, 0x80, 0xfb, 0x00, 0x09, 0x0f, 0xff, 0xff, 0x80, 0x00, 0x00, 0x03, 0xff, 0xff, 0xc0, 0xfb, 0x00, 0x09, 0x1f,
  0xff, 0xff, 0x80, 0x00, 0x00, 0x03, 0xff, 0xff, 0xc0, 0xfb, 0x00, 0x09, 0x1f, 0xff, 0xff, 0x80, 0x00, 0x00, 0x03, 0xff, 0xff, 0xc0, 0xfb, 0x00,
  0x09, 0x1f, 0xff, 0xff, 0x80, 0x00, 0x00, 0x03, 0xff, 0xff, 0xc0, 0xfb, 0x00, 0x09, 0x1f, 0xff, 0xff, 0x80, 0x00, 0x00, 0x03, 0xff, 0xff, 0xe0,
  0xfb, 0x00, 0x09, 0x1f, 0xff, 0xff, 0x80, 0x00, 0x00, 0x03, 0xff, 0xff, 0xe0, 0xfb, 0x00, 0x02, 0x1f, 0xff, 0xff, 0xfe, 0x00, 0x03, 0x03, 0xff,
  0xff, 0xe0, 0xfb, 0x00, 0x02, 0x1f, 0xff, 0xff, 0xfe, 0x00, 0x03, 0x03, 0xff, 0xff, 0xe0, 0xfb, 0x00, 0x02, 0x1f, 0xff, 0xff, 0xfe, 0x00, 0x03,
  0x03, 0xff, 0xff, 0xe0, 0xfb, 0x00, 0x02, 0x1f, 0xff, 0xff, 0xfe, 0x00, 0x03, 0x03, 0xff, 0xff, 0xe0, 0xfb, 0x00, 0x02, 0x1f, 0xff, 0xff, 0xfe,
  0x00, 0x03, 0x03, 0xff, 0xff, 0xe0, 0xfb, 0x00, 0x02, 0x1f, 0xff, 0xff, 0xfe, 0x00, 0x03, 0x03, 0xff, 0xff, 0xc0, 0xfb, 0x00, 0x02, 0x1f, 0xff,
  0xff, 0xfe, 0x00, 0x03, 0x03, 0xff, 0xff, 0xc0, 0xfb, 0x00, 0x02, 0x1f, 0xff, 0xff, 0xfe, 0x00, 0x03, 0x03, 0xff, 0xff, 0xc0, 0xfb, 0x00, 0x02,
  0x0f, 0xff, 0xff, 0xfe, 0x00, 0x03, 0x07, 0xff, 0xff, 0xc0, 0xfb, 0x00, 0x02, 0x0f, 0xff, 0xff, 0xfe, 0x00, 0x03, 0x07, 0xff, 0xff, 0xc0, 0xfb,
  0x00, 0x02, 0x0f, 0xff, 0xff, 0xfe, 0x00, 0x03, 0x07, 0xff, 0xff, 0x80, 0xfb, 0x00, 0x02, 0x0f, 0xff, 0xff, 0xfe, 0x00, 0x03, 0x07, 0xff, 0xff,
  0x80, 0xfb, 0x00, 0x02, 0x07, 0xff, 0xfe, 0xfe, 0x00, 0x03, 0x07, 0xff, 0xff, 0x80, 0xfb, 0x00, 0x08, 0x03, 0xff, 0xfe, 0x07, 0xc0, 0x0e, 0x07,
  0xff, 0xff, 0xfa, 0x00, 0x08, 0x03, 0xff, 0xfc, 0x07, 0xf0, 0x7e, 0x03, 0xff, 0xff, 0xf9, 0x00, 0x07, 0xff, 0xf8, 0x07, 0xff, 0xff, 0x03, 0xff,
  0xfe, 0xf9, 0x00, 0x07, 0x3f, 0xe0, 0x07, 0xff, 0xff, 0x01, 0xff, 0xfc, 0xf7, 0x00, 0x05, 0x03, 0xff, 0xfe, 0x00, 0xff, 0xf8, 0xf7, 0x00, 0x05,
  0x01, 0xff, 0xfc, 0x00, 0x1f, 0xc0, 0xf6, 0x00, 0x01, 0xff, 0xf8, 0xf3, 0x00, 0x01, 0x1f, 0xc0, 0x81, 0x00, 0x81, 0x00, 0xbb, 0x00, 0x81, 0x00,
  0xdc, 0x00, 0x00, 0x0b, 0xf2, 0x00, 0x01, 0xff, 0xf8, 0xf4, 0x00, 0x02, 0x03, 0xff, 0xfc, 0xfd, 0x00, 0x01, 0x1f, 0xf0, 0xfa, 0x00, 0x02, 0x07,
  0xff, 0xfe, 0xfd, 0x00, 0x01, 0xff, 0xfc, 0xfa, 0x00, 0x02, 0x07, 0xff, 0xff, 0xfe, 0x00, 0x02, 0x01, 0xff, 0xff, 0xfa, 0x00, 0x02, 0x07, 0xff,
  0xff, 0xfe, 0x00, 0x02, 0x03, 0xff, 0xff, 0xfa, 0x00, 0x09, 0x0f, 0xff, 0xff, 0x80, 0x00, 0x00, 0x03, 0xff, 0xff, 0x80, 0xfb, 0x00, 0x09, 0x0f,
  0xff, 0xff, 0x80, 0x00, 0x00, 0x03, 0xff, 0xff, 0xc0, 0xfb, 0x00, 0x09, 0x0f, 0xff, 0xff, 0x80, 0x00, 0x00, 0x03, 0xff, 0xff, 0xc0, 0xfb, 0x00,
  0x09, 0x1f, 0xff, 0xff, 0x80, 0x00, 0x00, 0x03, 0xff, 0xff, 0xc0, 0xfb, 0x00, 0x09, 0x1f, 0xff, 0xff, 0x80, 0x00, 0x00, 0x03, 0xff, 0xff, 0xc0,
  0xfb, 0x00, 0x09, 0x1f, 0xff, 0xff, 0x80, 0x00, 0x00, 0x03, 0xff, 0xff, 0xe0, 0xfb, 0x00, 0x09, 0x1f, 0xff, 0xff, 0x80, 0x00, 0x00, 0x03, 0xff,
  0xff, 0xe0, 0xfb, 0x00, 0x02, 0x1f, 0xff, 0xff, 0xfe, 0x00, 0x03, 0x03, 0xff, 0xff, 0xe0, 0xfb, 0x00, 0x02, 0x1f, 0xff, 0xff, 0xfe, 0x00, 0x03,
  0x03, 0xff, 0xff, 0xe0, 0xfb, 0x00, 0x02, 0x1f, 0xff, 0xff, 0xfe, 0x00, 0x03, 0x03, 0xff, 0xff, 0xe0, 0xfb, 0x00, 0x02, 0x1f, 0xff, 0xff, 0xfe,
  0x00, 0x03, 0x03, 0xff, 0xff, 0xe0, 0xfb, 0x00, 0x02, 0x1f, 0xff, 0xff, 0xfe, 0x00, 0x03, 0x03, 0xff, 0xff, 0xe0, 0xfb, 0x00, 0x02, 0x1f, 0xff,
  0xff, 0xfe, 0x00, 0x03, 0x03, 0xff, 0xff, 0xc0, 0xfb, 0x00, 0x02, 0x1f, 0xff, 0xff, 0xfe, 0x00, 0x03, 0x03, 0xff, 0xff, 0xc0, 0xfb, 0x00, 0x02,
  0x1f, 0xff, 0xff, 0xfe, 0x00, 0x03, 0x03, 0xff, 0xff, 0xc0, 0xfb, 0x00, 0x02, 0x0f, 0xff, 0xff, 0xfe, 0x00, 0x03, 0x07, 0xff, 0xff, 0xc0, 0xfb,
  0x00, 0x02, 0x0f, 0xff, 0xff, 0xfe, 0x00, 0x03, 0x07, 0xff, 0xff, 0xc0, 0xfb, 0x00, 0x02, 0x0f, 0xff, 0xff, 0xfe, 0x00, 0x03, 0x07, 0xff, 0xff,
  0x80, 0xfb, 0x00, 0x02, 0x0f, 0xff, 0xff, 0xfe, 0x00, 0x03, 0x07, 0xff, 0xff, 0x80, 0xfb, 0x00, 0x02, 0x07, 0xff, 0xfe, 0xfe, 0x00, 0x03, 0x07,
  0xff, 0xff, 0x80, 0xfb, 0x00, 0x08, 0x03, 0xff, 0xfe, 0x07, 0xc0, 0x0e, 0x07, 0xff, 0xff, 0xfa, 0x00, 0x08, 0x03, 0xff, 0xfc, 0x07, 0xf0, 0x7e,
  0x03, 0xff, 0xff, 0xf9, 0x00, 0x07, 0xff, 0xf8, 0x07, 0xff, 0xff, 0x03, 0xff, 0xfe, 0xf9, 0x00, 0x07, 0x3f, 0xe0, 0x07, 0xff, 0xff, 0x01, 0xff,
  0xfc, 0xf7, 0x00, 0x05, 0x03, 0xff, 0xfe, 0x00, 0xff, 0xf8, 0xf7, 0x00, 0x05, 0x01, 0xff, 0xfc, 0x00, 0x1f, 0xc0, 0xf6, 0x00, 0x01, 0xff, 0xf8,
  0xf3, 0x00, 0x01, 0x1f, 0xc0, 0x81, 0x00, 0x81, 0x00, 0xbb, 0x00, 0x81, 0x00, 0xdc, 0x00, 0x01, 0x0f, 0x80, 0xf3, 0x00, 0x01, 0xff, 0xf8, 0xf4,
  0x00, 0x02, 0x03, 0xff, 0xfc, 0xfd, 0x00, 0x01, 0x1f, 0xf0, 0xfa, 0x00, 0x02, 0x07, 0xff, 0xfe, 0xfd, 0x00, 0x01, 0xff, 0xfe, 0xfa, 0x00, 0x02,
  0x07, 0xff, 0xff, 0xfe, 0x00, 0x02, 0x01, 0xff, 0xff, 0xfa, 0x00, 0x09, 0x07, 0xff, 0xff, 0x80, 0x00, 0x00, 0x03, 0xff, 0xff, 0x80, 0xfb, 0x00,
  0x09, 0x0f, 0xff, 0xff, 0x80, 0x00, 0x00, 0x03, 0xff, 0xff, 0x80, 0xfb, 0x00, 0x09, 0x0f, 0xff, 0xff, 0x80, 0x00, 0x00, 0x03, 0xff, 0xff, 0xc0,
  0xfb, 0x00, 0x09, 0x1f, 0xff, 0xff, 0x80, 0x00, 0x00, 0x07, 0xff, 0xff, 0xc0, 0xfb, 0x00, 0x09, 0x1f, 0xff, 0xff, 0x80, 0x00, 0x00, 0x07, 0xff,
  0xff, 0xc0, 0xfb, 0x00, 0x09, 0x1f, 0xff, 0xff, 0x80, 0x00, 0x00, 0x03, 0xff, 0xff, 0xc0, 0xfb, 0x00, 0x09, 0x1f, 0xff, 0xff, 0x80, 0x00, 0x00,
  0x03, 0xff, 0xff, 0xe0, 0xfb, 0x00, 0x09, 0x1f, 0xff, 0xff, 0x80, 0x00, 0x00, 0x03, 0xff, 0xff, 0xe0, 0xfb, 0x00, 0x02, 0x1f, 0xff, 0xff, 0xfe,
  0x00, 0x03, 0x03, 0xff, 0xff, 0xe0, 0xfb, 0x00, 0x02, 0x1f, 0xff, 0xff, 0xfe, 0x00, 0x03, 0x03, 0xff, 0xff, 0xe0, 0xfb, 0x00, 0x02, 0x1f, 0xff,
  0xff, 0xfe, 0x00, 0x03, 0x03, 0xff, 0xff, 0xe0, 0xfb, 0x00, 0x02, 0x1f, 0xff, 0xff, 0xfe, 0x00, 0x03, 0x03, 0xff, 0xff, 0xe0, 0xfb, 0x00, 0x02,
  0x1f, 0xff, 0xff, 0xfe, 0x00, 0x03, 0x03, 0xff, 0xff, 0xe0, 0xfb, 0x00, 0x02, 0x1f, 0xff, 0xff, 0xfe, 0x00, 0x03, 0x07, 0xff, 0xff, 0xc0, 0xfb,
  0x00, 0x02, 0x1f, 0xff, 0xff, 0xfe, 0x00, 0x03, 0x07, 0xff, 0xff, 0xc0, 0xfb, 0x00, 0x02, 0x1f, 0xff, 0xff, 0xfe, 0x00, 0x03, 0x07, 0xff, 0xff,
  0xc0, 0xfb, 0x00, 0x02, 0x0f, 0xff, 0xff, 0xfe, 0x00, 0x03, 0x07, 0xff, 0xff, 0xc0, 0xfb, 0x00, 0x02, 0x0f, 0xff, 0xff, 0xfe, 0x00, 0x03, 0x07,
  0xff, 0xff, 0xc0, 0xfb, 0x00, 0x02, 0x0f, 0xff, 0xff, 0xfe, 0x00, 0x03, 0x07, 0xff, 0xff, 0x80, 0xfb, 0x00, 0x02, 0x07, 0xff, 0xff, 0xfe, 0x00,
  0x03, 0x07, 0xff, 0xff, 0x80, 0xfb, 0x00, 0x02, 0x07, 0xff, 0xff, 0xfe, 0x00, 0x03, 0x07, 0xff, 0xff, 0x80, 0xfb, 0x00, 0x08, 0x03, 0xff, 0xfe,
  0x07, 0xc0, 0x0e, 0x07, 0xff, 0xff, 0xfa, 0x00, 0x08, 0x03, 0xff, 0xfc, 0x07, 0xf0, 0x7e, 0x03, 0xff, 0xff, 0xf9, 0x00, 0x07, 0xff, 0xf8, 0x07,
  0xff, 0xff, 0x03, 0xff, 0xfe, 0xf9, 0x00, 0x07, 0x3f, 0xe0, 0x07, 0xff, 0xff, 0x01, 0xff, 0xfc, 0xf7, 0x00, 0x05, 0x03, 0xff, 0xfe, 0x00, 0xff,
  0xf8, 0xf7, 0x00, 0x05, 0x01, 0xff, 0xfc, 0x00, 0x1f, 0xc0, 0xf6, 0x00, 0x01, 0xff, 0xf8, 0xf3, 0x00, 0x01, 0x1f, 0xc0, 0x81, 0x00, 0x81, 0x00,
  0xbb, 0x00, 0x81, 0x00, 0xdc, 0x00, 0x01, 0x1f, 0x80, 0xf4, 0x00, 0x02, 0x01, 0xff, 0xf8, 0xf4, 0x00, 0x02, 0x03, 0xff, 0xfc, 0xfd, 0x00, 0x01,
  0x1f, 0xf0, 0xfa, 0x00, 0x02, 0x07, 0xff, 0xfe, 0xfd, 0x00, 0x01, 0xff, 0xfc, 0xfa, 0x00, 0x02, 0x07, 0xff, 0xff, 0xfe, 0x00, 0x02, 0x01, 0xff,
  0xff, 0xfa, 0x00, 0x09, 0x0f, 0xff, 0xff, 0x80, 0x00, 0x00, 0x03, 0xff, 0xff, 0x80, 0xfb, 0x00, 0x09, 0x0f, 0xff, 0xff, 0x80, 0x00, 0x00, 0x03,
  0xff, 0xff, 0x80, 0xfb, 0x00, 0x09, 0x0f, 0xff, 0xff, 0x80, 0x00, 0x00, 0x03, 0xff, 0xff, 0xc0, 0xfb, 0x00, 0x09, 0x1f, 0xff, 0xff, 0x80, 0x00,
  0x00, 0x07, 0xff, 0xff, 0xc0, 0xfb, 0x00, 0x09, 0x1f, 0xff, 0xff, 0x80, 0x00, 0x00, 0x07, 0xff, 0xff, 0xc0, 0xfb, 0x00, 0x09, 0x1f, 0xff, 0xff,
  0x80, 0x00, 0x00, 0x07, 0xff, 0xff, 0xc0, 0xfb, 0x00, 0x09, 0x1f, 0xff, 0xff, 0x80, 0x00, 0x00, 0x07, 0xff, 0xff, 0xe0, 0xfb, 0x00, 0x09, 0x1f,
  0xff, 0xff, 0x80, 0x00, 0x00, 0x07, 0xff, 0xff, 0xe0, 0xfb, 0x00, 0x02, 0x1f, 0xff, 0xff, 0xfe, 0x00, 0x03, 0x07, 0xff, 0xff, 0xe0, 0xfb, 0x00,
  0x02, 0x1f, 0xff, 0xff, 0xfe, 0x00, 0x03, 0x07, 0xff, 0xff, 0xe0, 0xfb, 0x00, 0x02, 0x1f, 0xff, 0xff, 0xfe, 0x00, 0x03, 0x07, 0xff, 0xff, 0xe0,
  0xfb, 0x00, 0x02, 0x1f, 0xff, 0xff, 0xfe, 0x00, 0x03, 0x07, 0xff, 0xff, 0xe0, 0xfb, 0x00, 0x02, 0x1f, 0xff, 0xff, 0xfe, 0x00, 0x03, 0x07, 0xff,
  0xff, 0xe0, 0xfb, 0x00, 0x02, 0x1f, 0xff, 0xff, 0xfe, 0x00, 0x03, 0x07, 0xff, 0xff, 0xe0, 0xfb, 0x00, 0x02, 0x1f, 0xff, 0xff, 0xfe, 0x00, 0x03,
  0x07, 0xff, 0xff, 0xc0, 0xfb, 0x00, 0x02, 0x1f, 0xff, 0xff, 0xfe, 0x00, 0x03, 0x07, 0xff, 0xff, 0xc0, 0xfb, 0x00, 0x02, 0x1f, 0xff, 0xff, 0xfe,
  0x00, 0x03, 0x07, 0xff, 0xff, 0xc0, 0xfb, 0x00, 0x02, 0x0f, 0xff, 0xff, 0xfe, 0x00, 0x03, 0x07, 0xff, 0xff, 0xc0, 0xfb, 0x00, 0x02, 0x0f, 0xff,
  0xff, 0xfe, 0x00, 0x03, 0x07, 0xff, 0xff, 0x80, 0xfb, 0x00, 0x02, 0x0f, 0xff, 0xff, 0xfe, 0x00, 0x03, 0x07, 0xff, 0xff, 0x80, 0xfb, 0x00, 0x09,
  0x07, 0xff, 0xff, 0x03, 0x00, 0x00, 0x07, 0xff, 0xff, 0x80, 0xfb, 0x00, 0x08, 0x03, 0xff, 0xfe, 0x07, 0xc0, 0x1e, 0x07, 0xff, 0xff, 0xfa, 0x00,
  0x08, 0x03, 0xff, 0xfc, 0x07, 0xf8, 0xff, 0x03, 0xff, 0xff, 0xf9, 0x00, 0x07, 0xff, 0xf8, 0x07, 0xff, 0xff, 0x03, 0xff, 0xfe, 0xf9, 0x00, 0x07,
  0x3f, 0xe0, 0x07, 0xff, 0xff, 0x01, 0xff, 0xfc, 0xf7, 0x00, 0x05, 0x03, 0xff, 0xfe, 0x00, 0xff, 0xf8, 0xf7, 0x00, 0x05, 0x01, 0xff, 0xfc, 0x00,
  0x1f, 0xc0, 0xf6, 0x00, 0x01, 0xff, 0xf8, 0xf3, 0x00, 0x01, 0x1f, 0xc0, 0x81, 0x00, 0x81, 0x00, 0xbb, 0x00, 0x81, 0x00, 0xdc, 0x00, 0x01, 0x7f,
  0xe0, 0xf4, 0x00, 0x02, 0x01, 0xff, 0xfc, 0xf4, 0x00, 0x02, 0x03, 0xff, 0xfe, 0xfd, 0x00, 0x01, 0x3f, 0xf8, 0xfa, 0x00, 0x02, 0x07, 0xff, 0xff,
  0xfe, 0x00, 0x02, 0x01, 0xff, 0xfe, 0xfa, 0x00, 0x08, 0x07, 0xff, 0xff, 0x80, 0x00, 0x00, 0x03, 0xff, 0xff, 0xfa, 0x00, 0x09, 0x0f, 0xff, 0xff,
  0x80, 0x00, 0x00, 0x03, 0xff, 0xff, 0x80, 0xfb, 0x00, 0x09, 0x0f, 0xff, 0xff, 0x80, 0x00, 0x00, 0x03, 0xff, 0xff, 0xc0, 0xfb, 0x00, 0x09, 0x1f,
  0xff, 0xff, 0x80, 0x00, 0x00, 0x07, 0xff, 0xff, 0xc0, 0xfb, 0x00, 0x09, 0x1f, 0xff, 0xff, 0x80, 0x00, 0x00, 0x07, 0xff, 0xff, 0xc0, 0xfb, 0x00,
  0x09, 0x1f, 0xff, 0xff, 0x80, 0x00, 0x00, 0x07, 0xff, 0xff, 0xe0, 0xfb, 0x00, 0x09, 0x1f, 0xff, 0xff, 0x80, 0x00, 0x00, 0x07, 0xff, 0xff, 0xe0,
  0xfb, 0x00, 0x09, 0x1f, 0xff, 0xff, 0x80, 0x00, 0x00, 0x07, 0xff, 0xff, 0xe0, 0xfb, 0x00, 0x09, 0x1f, 0xff, 0xff, 0x80, 0x00, 0x00, 0x07, 0xff,
  0xff, 0xe0, 0xfb, 0x00, 0x09, 0x1f, 0xff, 0xff, 0x80, 0x00, 0x00, 0x07, 0xff, 0xff, 0xe0, 0xfb, 0x00, 0x09, 0x1f, 0xff, 0xff, 0x80, 0x00, 0x00,
  0x07, 0xff, 0xff, 0xe0, 0xfb, 0x00, 0x09, 0x1f, 0xff, 0xff, 0x80, 0x00, 0x00, 0x07, 0xff, 0xff, 0xe0, 0xfb, 0x00, 0x09, 0x1f, 0xff, 0xff, 0x80,
  0x00, 0x00, 0x07, 0xff, 0xff, 0xe0, 0xfb, 0x00, 0x02, 0x1f, 0xff, 0xff, 0xfe, 0x00, 0x03, 0x07, 0xff, 0xff, 0xe0, 0xfb, 0x00, 0x02, 0x1f, 0xff,
  0xff, 0xfe, 0x00, 0x03, 0x07, 0xff, 0xff, 0xe0, 0xfb, 0x00, 0x02, 0x1f, 0xff, 0xff, 0xfe, 0x00, 0x03, 0x07, 0xff, 0xff, 0xe0, 0xfb, 0x00, 0x02,
  0x1f, 0xff, 0xff, 0xfe, 0x00, 0x03, 0x07, 0xff, 0xff, 0xc0, 0xfb, 0x00, 0x02, 0x1f, 0xff, 0xff, 0xfe, 0x00, 0x03, 0x07, 0xff, 0xff, 0xc0, 0xfb,
  0x00, 0x02, 0x0f, 0xff, 0xff, 0xfe, 0x00, 0x03, 0x07, 0xff, 0xff, 0xc0, 0xfb, 0x00, 0x02, 0x0f, 0xff, 0xff, 0xfe, 0x00, 0x03, 0x07, 0xff, 0xff,
  0xc0, 0xfb, 0x00, 0x02, 0x0f, 0xff, 0xff, 0xfe, 0x00, 0x03, 0x07, 0xff, 0xff, 0x80, 0xfb, 0x00, 0x09, 0x07, 0xff, 0xff, 0x03, 0x00, 0x00, 0x07,
  0xff, 0xff, 0x80, 0xfb, 0x00, 0x09, 0x07, 0xff, 0xff, 0x07, 0xe0, 0x3e, 0x07, 0xff, 0xff, 0x80, 0xfb, 0x00, 0x08, 0x03, 0xff, 0xfe, 0x07, 0xfd,
  0xff, 0x07, 0xff, 0xff, 0xfa, 0x00, 0x08, 0x01, 0xff, 0xfc, 0x07, 0xff, 0xff, 0x03, 0xff, 0xfe, 0xf9, 0x00, 0x07, 0x7f, 0xf0, 0x07, 0xff, 0xff,
  0x03, 0xff, 0xfc, 0xf7, 0x00, 0x05, 0x07, 0xff, 0xfe, 0x00, 0xff, 0xf8, 0xf7, 0x00, 0x05, 0x01, 0xff, 0xfc, 0x00, 0x1f, 0xe0, 0xf6, 0x00, 0x01,
  0xff, 0xf8, 0xf3, 0x00, 0x01, 0x1f, 0xc0, 0x81, 0x00, 0x81, 0x00, 0xbb, 0x00, 0x81, 0x00, 0xcc, 0x00, 0x01, 0xff, 0xf0, 0xf4, 0x00, 0x02, 0x03,
  0xff, 0xfc, 0xfd, 0x00, 0x01, 0x1f, 0xe0, 0xfa, 0x00, 0x02, 0x07, 0xff, 0xfe, 0xfd, 0x00, 0x01, 0xff, 0xfc, 0xfa, 0x00, 0x02, 0x07, 0xff, 0xff,
  0xfe, 0x00, 0x02, 0x01, 0xff, 0xff, 0xfa, 0x00, 0x02, 0x07, 0xff, 0xff, 0xfe, 0x00, 0x03, 0x03, 0xff, 0xff, 0x80, 0xfb, 0x00, 0x09, 0x0f, 0xff,
  0xff, 0x80, 0x00, 0x00, 0x03, 0xff, 0xff, 0x80, 0xfb, 0x00, 0x09, 0x0f, 0xff, 0xff, 0x80, 0x00, 0x00, 0x03, 0xff, 0xff, 0xc0, 0xfb, 0x00, 0x09,
  0x0f, 0xff, 0xff, 0x80, 0x00, 0x00, 0x03, 0xff, 0xff, 0xc0, 0xfb, 0x00, 0x09, 0x1f, 0xff, 0xff, 0x80, 0x00, 0x00, 0x07, 0xff, 0xff, 0xc0, 0xfb,
  0x00, 0x09, 0x1f, 0xff, 0xff, 0x80, 0x00, 0x00, 0x03, 0xff, 0xff, 0xc0, 0xfb, 0x00, 0x09, 0x1f, 0xff, 0xff, 0x80, 0x00, 0x00, 0x03, 0xff, 0xff,
  0xc0, 0xfb, 0x00, 0x02, 0x1f, 0xff, 0xff, 0xfe, 0x00, 0x03, 0x03, 0xff, 0xff, 0xe0, 0xfb, 0x00, 0x02, 0x1f, 0xff, 0xff, 0xfe, 0x00, 0x03, 0x03,
  0xff, 0xff, 0xe0, 0xfb, 0x00, 0x02, 0x1f, 0xff, 0xff, 0xfe, 0x00, 0x03, 0x03, 0xff, 0xff, 0xe0, 0xfb, 0x00, 0x02, 0x1f, 0xff, 0xff, 0xfe, 0x00,
  0x03, 0x03, 0xff, 0xff, 0xe0, 0xfb, 0x00, 0x02, 0x1f, 0xff, 0xff, 0xfe, 0x00, 0x03, 0x03, 0xff, 0xff, 0xe0, 0xfb, 0x00, 0x02, 0x1f, 0xff, 0xff,
  0xfe, 0x00, 0x03, 0x03, 0xff, 0xff, 0xe0, 0xfb, 0x00, 0x02, 0x1f, 0xff, 0xff, 0xfe, 0x00, 0x03, 0x03, 0xff, 0xff, 0xe0, 0xfb, 0x00, 0x02, 0x1f,
  0xff, 0xff, 0xfe, 0x00, 0x03, 0x03, 0xff, 0xff, 0xc0, 0xfb, 0x00, 0x02, 0x1f, 0xff, 0xff, 0xfe, 0x00, 0x03, 0x03, 0xff, 0xff, 0xc0, 0xfb, 0x00,
  0x02, 0x0f, 0xff, 0xff, 0xfe, 0x00, 0x03, 0x07, 0xff, 0xff, 0xc0, 0xfb, 0x00, 0x02, 0x0f, 0xff, 0xff, 0xfe, 0x00, 0x03, 0x07, 0xff, 0xff, 0xc0,
  0xfb, 0x00, 0x02, 0x0f, 0xff, 0xff, 0xfe, 0x00, 0x03, 0x07, 0xff, 0xff, 0xc0, 0xfb, 0x00, 0x02, 0x07, 0xff, 0xff, 0xfe, 0x00, 0x03, 0x07, 0xff,
  0xff, 0x80, 0xfb, 0x00, 0x02, 0x07, 0xff, 0xff, 0xfe, 0x00, 0x03, 0x07, 0xff, 0xff, 0x80, 0xfb, 0x00, 0x08, 0x03, 0xff, 0xfe, 0x03, 0xc0, 0x0e,
  0x07, 0xff, 0xff, 0xfa, 0x00, 0x08, 0x03, 0xff, 0xfc, 0x07, 0xf0, 0x7e, 0x03, 0xff, 0xff, 0xfa, 0x00, 0x08, 0x01, 0xff, 0xf8, 0x07, 0xff, 0xff,
  0x03, 0xff, 0xfe, 0xf9, 0x00, 0x07, 0x7f, 0xf0, 0x07, 0xff, 0xff, 0x01, 0xff, 0xfc, 0xf7, 0x00, 0x05, 0x03, 0xff, 0xfe, 0x00, 0xff, 0xf8, 0xf7,
  0x00, 0x05, 0x01, 0xff, 0xfc, 0x00, 0x1f, 0xe0, 0xf6, 0x00, 0x01, 0xff, 0xf8, 0xf3, 0x00, 0x01, 0x1f, 0xc0, 0x81, 0x00, 0x81, 0x00, 0xbb, 0x00,
  0x81, 0x00, 0xcc, 0x00, 0x01, 0xff, 0xf0, 0xf4, 0x00, 0x02, 0x03, 0xff, 0xfc, 0xfd, 0x00, 0x01, 0x0f, 0xe0, 0xfa, 0x00, 0x02, 0x07, 0xff, 0xfe,
  0xfd, 0x00, 0x01, 0x7f, 0xfc, 0xfa, 0x00, 0x02, 0x07, 0xff, 0xff, 0xfe, 0x00, 0x02, 0x01, 0xff, 0xff, 0xfa, 0x00, 0x02, 0x07, 0xff, 0xff, 0xfe,
  0x00, 0x02, 0x01, 0xff, 0xff, 0xfa, 0x00, 0x09, 0x0f, 0xff, 0xff, 0x80, 0x00, 0x00, 0x03, 0xff, 0xff, 0x80, 0xfb, 0x00, 0x09, 0x0f, 0xff, 0xff,
  0x80, 0x00, 0x00, 0x03, 0xff, 0xff, 0x80, 0xfb, 0x00, 0x09, 0x0f, 0xff, 0xff, 0x80, 0x00, 0x00, 0x03, 0xff, 0xff, 0xc0, 0xfb, 0x00, 0x09, 0x1f,
  0xff, 0xff, 0x80, 0x00, 0x00, 0x03, 0xff, 0xff, 0xc0, 0xfb, 0x00, 0x09, 0x1f, 0xff, 0xff, 0x80, 0x00, 0x00, 0x03, 0xff, 0xff, 0xc0, 0xfb, 0x00,
  0x09, 0x1f, 0xff, 0xff, 0x80, 0x00, 0x00, 0x03, 0xff, 0xff, 0xc0, 0xfb, 0x00, 0x02, 0x1f, 0xff, 0xff, 0xfe, 0x00, 0x03, 0x03, 0xff, 0xff, 0xe0,
  0xfb, 0x00, 0x02, 0x1f, 0xff, 0xff, 0xfe, 0x00, 0x03, 0x03, 0xff, 0xff, 0xe0, 0xfb, 0x00, 0x02, 0x1f, 0xff, 0xff, 0xfe, 0x00, 0x03, 0x03, 0xff,
  0xff, 0xe0, 0xfb, 0x00, 0x02, 0x1f, 0xff, 0xff, 0xfe, 0x00, 0x03, 0x03, 0xff, 0xff, 0xe0, 0xfb, 0x00, 0x02, 0x1f, 0xff, 0xff, 0xfe, 0x00, 0x03,
  0x03, 0xff, 0xff, 0xe0, 0xfb, 0x00, 0x02, 0x1f, 0xff, 0xff, 0xfe, 0x00, 0x03, 0x03, 0xff, 0xff, 0xe0, 0xfb, 0x00, 0x02, 0x1f, 0xff, 0xff, 0xfe,
  0x00, 0x03, 0x03, 0xff, 0xff, 0xc0, 0xfb, 0x00, 0x02, 0x1f, 0xff, 0xff, 0xfe, 0x00, 0x03, 0x03, 0xff, 0xff, 0xc0, 0xfb, 0x00, 0x02, 0x1f, 0xff,
  0xff, 0xfe, 0x00, 0x03, 0x03, 0xff, 0xff, 0xc0, 0xfb, 0x00, 0x02, 0x0f, 0xff, 0xff, 0xfe, 0x00, 0x03, 0x07, 0xff, 0xff, 0xc0, 0xfb, 0x00, 0x02,
  0x0f, 0xff, 0xff, 0xfe, 0x00, 0x03, 0x07, 0xff, 0xff, 0xc0, 0xfb, 0x00, 0x02, 0x0f, 0xff, 0xff, 0xfe, 0x00, 0x03, 0x07, 0xff, 0xff, 0x80, 0xfb,
  0x00, 0x02, 0x0f, 0xff, 0xfe, 0xfe, 0x00, 0x03, 0x07, 0xff, 0xff, 0x80, 0xfb, 0x00, 0x02, 0x07, 0xff, 0xfe, 0xfe, 0x00, 0x03, 0x07, 0xff, 0xff,
  0x80, 0xfb, 0x00, 0x08, 0x03, 0xff, 0xfe, 0x03, 0x80, 0x0e, 0x03, 0xff, 0xff, 0xfa, 0x00, 0x08, 0x03, 0xff, 0xfc, 0x07, 0xe0, 0x3e, 0x03, 0xff,
  0xff, 0xfa, 0x00, 0x08, 0x01, 0xff, 0xf8, 0x07, 0xff, 0xff, 0x03, 0xff, 0xfe, 0xf9, 0x00, 0x07, 0x7f, 0xf0, 0x07, 0xff, 0xff, 0x01, 0xff, 0xfc,
  0xf7, 0x00, 0x05, 0x03, 0xff, 0xfe, 0x00, 0xff, 0xf8, 0xf7, 0x00, 0x05, 0x01, 0xff, 0xfc, 0x00, 0x1f, 0xc0, 0xf6, 0x00, 0x01, 0xff, 0xf8, 0xf3,
  0x00, 0x01, 0x1f, 0xc0, 0x81, 0x00, 0x81, 0x00, 0xbb, 0x00, 0x81, 0x00, 0xcc, 0x00, 0x01, 0xff, 0xf0, 0xf4, 0x00, 0x02, 0x03, 0xff, 0xfc, 0xfd,
  0x00, 0x01, 0x0f, 0xc0, 0xfa, 0x00, 0x02, 0x03, 0xff, 0xfe, 0xfd, 0x00, 0x01, 0x7f, 0xfc, 0xfa, 0x00, 0x02, 0x07, 0xff, 0xfe, 0xfe, 0x00, 0x02,
  0x01, 0xff, 0xfe, 0xfa, 0x00, 0x02, 0x07, 0xff, 0xff, 0xfe, 0x00, 0x02, 0x01, 0xff, 0xff, 0xfa, 0x00, 0x02, 0x0f, 0xff, 0xff, 0xfe, 0x00, 0x03,
  0x03, 0xff, 0xff, 0x80, 0xfb, 0x00, 0x09, 0x0f, 0xff, 0xff, 0x80, 0x00, 0x00, 0x03, 0xff, 0xff, 0x80, 0xfb, 0x00, 0x09, 0x0f, 0xff, 0xff, 0x80,
  0x00, 0x00, 0x03, 0xff, 0xff, 0xc0, 0xfb, 0x00, 0x09, 0x1f, 0xff, 0xff, 0x80, 0x00, 0x00, 0x03, 0xff, 0xff, 0xc0, 0xfb, 0x00, 0x09, 0x1f, 0xff,
  0xff, 0x80, 0x00, 0x00, 0x03, 0xff, 0xff, 0xc0, 0xfb, 0x00, 0x02, 0x1f, 0xff, 0xff, 0xfe, 0x00, 0x03, 0x03, 0xff, 0xff, 0xc0, 0xfb, 0x00, 0x02,
  0x1f, 0xff, 0xff, 0xfe, 0x00, 0x03, 0x03, 0xff, 0xff, 0xe0, 0xfb, 0x00, 0x02, 0x1f, 0xff, 0xff, 0xfe, 0x00, 0x03, 0x03, 0xff, 0xff, 0xe0, 0xfb,
  0x00, 0x02, 0x1f, 0xff, 0xff, 0xfe, 0x00, 0x03, 0x03, 0xff, 0xff, 0xe0, 0xfb, 0x00, 0x02, 0x1f, 0xff, 0xff, 0xfe, 0x00, 0x03, 0x03, 0xff, 0xff,
  0xe0, 0xfb, 0x00, 0x02, 0x1f, 0xff, 0xff, 0xfe, 0x00, 0x03, 0x03, 0xff, 0xff, 0xe0, 0xfb, 0x00, 0x02, 0x1f, 0xff, 0xff, 0xfe, 0x00, 0x03, 0x03,
  0xff, 0xff, 0xe0, 0xfb, 0x00, 0x02, 0x1f, 0xff, 0xff, 0xfe, 0x00, 0x03, 0x03, 0xff, 0xff, 0xc0, 0xfb, 0x00, 0x02, 0x1f, 0xff, 0xff, 0xfe, 0x00,
  0x03, 0x03, 0xff, 0xff, 0xc0, 0xfb, 0x00, 0x02, 0x1f, 0xff, 0xff, 0xfe, 0x00, 0x03, 0x03, 0xff, 0xff, 0xc0, 0xfb, 0x00, 0x02, 0x0f, 0xff, 0xff,
  0xfe, 0x00, 0x03, 0x07, 0xff, 0xff, 0xc0, 0xfb, 0x00, 0x02, 0x0f, 0xff, 0xff, 0xfe, 0x00, 0x03, 0x07, 0xff, 0xff, 0xc0, 0xfb, 0x00, 0x02, 0x0f,
  0xff, 0xff, 0xfe, 0x00, 0x03, 0x07, 0xff, 0xff, 0xc0, 0xfb, 0x00, 0x02, 0x0f, 0xff, 0xfe, 0xfe, 0x00, 0x03, 0x07, 0xff, 0xff, 0x80, 0xfb, 0x00,
  0x02, 0x07, 0xff, 0xfe, 0xfe, 0x00, 0x03, 0x07, 0xff, 0xff, 0x80, 0xfb, 0x00, 0x09, 0x03, 0xff, 0xfe, 0x03, 0x80, 0x0e, 0x03, 0xff, 0xff, 0x80,
  0xfb, 0x00, 0x08, 0x03, 0xff, 0xfc, 0x07, 0xe0, 0x3e, 0x03, 0xff, 0xff, 0xfa, 0x00, 0x08, 0x01, 0xff, 0xf8, 0x07, 0xff, 0xff, 0x03, 0xff, 0xff,
  0xf9, 0x00, 0x07, 0x7f, 0xf0, 0x07, 0xff, 0xff, 0x01, 0xff, 0xfe, 0xf9, 0x00, 0x07, 0x02, 0x00, 0x03, 0xff, 0xfe, 0x00, 0xff, 0xfc, 0xf7, 0x00,
  0x05, 0x03, 0xff, 0xfc, 0x00, 0x3f, 0xf0, 0xf6, 0x00, 0x01, 0xff, 0xf8, 0xf3, 0x00, 0x01, 0x3f, 0xf0, 0x81, 0x00, 0x81, 0x00, 0xbb, 0x00, 0x81,
  0x00, 0xdc, 0x00, 0x00, 0x0f, 0xf2, 0x00, 0x01, 0xff, 0xf8, 0xf4, 0x00, 0x02, 0x03, 0xff, 0xfc, 0xfd, 0x00, 0x01, 0x1f, 0xf0, 0xfa, 0x00, 0x02,
  0x07, 0xff, 0xfe, 0xfd, 0x00, 0x01, 0x7f, 0xfc, 0xfa, 0x00, 0x02, 0x07, 0xff, 0xff, 0xfe, 0x00, 0x02, 0x01, 0xff, 0xff, 0xfa, 0x00, 0x02, 0x0f,
  0xff, 0xff, 0xfe, 0x00, 0x03, 0x03, 0xff, 0xff, 0x80, 0xfb, 0x00, 0x09, 0x0f, 0xff, 0xff, 0x80, 0x00, 0x00, 0x03, 0xff, 0xff, 0x80, 0xfb, 0x00,
  0x09, 0x0f, 0xff, 0xff, 0x80, 0x00, 0x00, 0x03, 0xff, 0xff, 0xc0, 0xfb, 0x00, 0x09, 0x1f, 0xff, 0xff, 0x80, 0x00, 0x00, 0x03, 0xff, 0xff, 0xc0,
  0xfb, 0x00, 0x09, 0x1f, 0xff, 0xff, 0x80, 0x00, 0x00, 0x07, 0xff, 0xff, 0xc0, 0xfb, 0x00, 0x09, 0x1f, 0xff, 0xff, 0x80, 0x00, 0x00, 0x03, 0xff,
  0xff, 0xe0, 0xfb, 0x00, 0x09, 0x1f, 0xff, 0xff, 0x80, 0x00, 0x00, 0x03, 0xff, 0xff, 0xe0, 0xfb, 0x00, 0x02, 0x1f, 0xff, 0xff, 0xfe, 0x00, 0x03,
  0x03, 0xff, 0xff, 0xe0, 0xfb, 0x00, 0x02, 0x1f, 0xff, 0xff, 0xfe, 0x00, 0x03, 0x03, 0xff, 0xff, 0xe0, 0xfb, 0x00, 0x02, 0x1f, 0xff, 0xff, 0xfe,
  0x00, 0x03, 0x03, 0xff, 0xff, 0xe0, 0xfb, 0x00, 0x02, 0x1f, 0xff, 0xff, 0xfe, 0x00, 0x03, 0x03, 0xff, 0xff, 0xe0, 0xfb, 0x00, 0x02, 0x1f, 0xff,
  0xff, 0xfe, 0x00, 0x03, 0x03, 0xff, 0xff, 0xe0, 0xfb, 0x00, 0x02, 0x1f, 0xff, 0xff, 0xfe, 0x00, 0x03, 0x03, 0xff, 0xff, 0xe0, 0xfb, 0x00, 0x02,
  0x1f, 0xff, 0xff, 0xfe, 0x00, 0x03, 0x03, 0xff, 0xff, 0xe0, 0xfb, 0x00, 0x02, 0x1f, 0xff, 0xff, 0xfe, 0x00, 0x03, 0x03, 0xff, 0xff, 0xe0, 0xfb,
  0x00, 0x02, 0x1f, 0xff, 0xff, 0xfe, 0x00, 0x03, 0x07, 0xff, 0xff, 0xc0, 0xfb, 0x00, 0x02, 0x1f, 0xff, 0xff, 0xfe, 0x00, 0x03, 0x07, 0xff, 0xff,
  0xc0, 0xfb, 0x00, 0x02, 0x0f, 0xff, 0xff, 0xfe, 0x00, 0x03, 0x07, 0xff, 0xff, 0xc0, 0xfb, 0x00, 0x02, 0x0f, 0xff, 0xff, 0xfe, 0x00, 0x03, 0x07,
  0xff, 0xff, 0xc0, 0xfb, 0x00, 0x02, 0x0f, 0xff, 0xff, 0xfe, 0x00, 0x03, 0x07, 0xff, 0xff, 0x80, 0xfb, 0x00, 0x02, 0x07, 0xff, 0xff, 0xfe, 0x00,
  0x03, 0x07, 0xff, 0xff, 0x80, 0xfb, 0x00, 0x09, 0x07, 0xff, 0xfe, 0x03, 0x80, 0x0e, 0x07, 0xff, 0xff, 0x80, 0xfb, 0x00, 0x08, 0x03, 0xff, 0xfe,
  0x07, 0xf0, 0x3e, 0x03, 0xff, 0xff, 0xfa, 0x00, 0x08, 0x01, 0xff, 0xfc, 0x07, 0xff, 0xff, 0x03, 0xff, 0xff, 0xf9, 0x00, 0x07, 0x7f, 0xf8, 0x07,
  0xff, 0xff, 0x03, 0xff, 0xfe, 0xf9, 0x00, 0x07, 0x0f, 0x80, 0x07, 0xff, 0xfe, 0x01, 0xff, 0xfc, 0xf7, 0x00, 0x05, 0x03, 0xff, 0xfe, 0x00, 0x3f,
  0xf0, 0xf7, 0x00, 0x04, 0x01, 0xff, 0xfc, 0x00, 0x01, 0xf5, 0x00, 0x01, 0x7f, 0xf0, 0x81, 0x00, 0x81, 0x00, 0xbb, 0x00, 0x81, 0x00, 0xdc, 0x00,
  0x01, 0x1f, 0x80, 0xf4, 0x00, 0x02, 0x01, 0xff, 0xf8, 0xf4, 0x00, 0x02, 0x03, 0xff, 0xfc, 0xfd, 0x00, 0x01, 0x1f, 0xf0, 0xfa, 0x00, 0x02, 0x07,
  0xff, 0xfe, 0xfd, 0x00, 0x01, 0xff, 0xfc, 0xfa, 0x00, 0x02, 0x07, 0xff, 0xff, 0xfe, 0x00, 0x02, 0x01, 0xff, 0xff, 0xfa, 0x00, 0x02, 0x0f, 0xff,
  0xff, 0xfe, 0x00, 0x03, 0x03, 0xff, 0xff, 0x80, 0xfb, 0x00, 0x09, 0x0f, 0xff, 0xff, 0x80, 0x00, 0x00, 0x03, 0xff, 0xff, 0x80, 0xfb, 0x00, 0x09,
  0x1f, 0xff, 0xff, 0x80, 0x00, 0x00, 0x03, 0xff, 0xff, 0xc0, 0xfb, 0x00, 0x09, 0x1f, 0xff, 0xff, 0x80, 0x00, 0x00, 0x07, 0xff, 0xff, 0xc0, 0xfb,
  0x00, 0x09, 0x1f, 0xff, 0xff, 0x80, 0x00, 0x00, 0x07, 0xff, 0xff, 0xc0, 0xfb, 0x00, 0x09, 0x1f, 0xff, 0xff, 0x80, 0x00, 0x00, 0x07, 0xff, 0xff,
  0xe0, 0xfb, 0x00, 0x09, 0x1f, 0xff, 0xff, 0x80, 0x00, 0x00, 0x07, 0xff, 0xff, 0xe0, 0xfb, 0x00, 0x02, 0x1f, 0xff, 0xff, 0xfe, 0x00, 0x03, 0x07,
  0xff, 0xff, 0xe0, 0xfb, 0x00, 0x02, 0x1f, 0xff, 0xff, 0xfe, 0x00, 0x03, 0x07, 0xff, 0xff, 0xe0, 0xfb, 0x00, 0x02, 0x3f, 0xff, 0xff, 0xfe, 0x00,
  0x03, 0x07, 0xff, 0xff, 0xe0, 0xfb, 0x00, 0x02, 0x1f, 0xff, 0xff, 0xfe, 0x00, 0x03, 0x07, 0xff, 0xff, 0xe0, 0xfb, 0x00, 0x02, 0x1f, 0xff, 0xff,
  0xfe, 0x00, 0x03, 0x07, 0xff, 0xff, 0xe0, 0xfb, 0x00, 0x02, 0x1f, 0xff, 0xff, 0xfe, 0x00, 0x03, 0x07, 0xff, 0xff, 0xe0, 0xfb, 0x00, 0x02, 0x1f,
  0xff, 0xff, 0xfe, 0x00, 0x03, 0x07, 0xff, 0xff, 0xe0, 0xfb, 0x00, 0x02, 0x1f, 0xff, 0xff, 0xfe, 0x00, 0x03, 0x07, 0xff, 0xff, 0xe0, 0xfb, 0x00,
  0x02, 0x1f, 0xff, 0xff, 0xfe, 0x00, 0x03, 0x07, 0xff, 0xff, 0xe0, 0xfb, 0x00, 0x02, 0x1f, 0xff, 0xff, 0xfe, 0x00, 0x03, 0x07, 0xff, 0xff, 0xc0,
  0xfb, 0x00, 0x02, 0x1f, 0xff, 0xff, 0xfe, 0x00, 0x03, 0x07, 0xff, 0xff, 0xc0, 0xfb, 0x00, 0x02, 0x0f, 0xff, 0xff, 0xfe, 0x00, 0x03, 0x07, 0xff,
  0xff, 0xc0, 0xfb, 0x00, 0x02, 0x0f, 0xff, 0xff, 0xfe, 0x00, 0x03, 0x07, 0xff, 0xff, 0xc0, 0xfb, 0x00, 0x02, 0x0f, 0xff, 0xff, 0xfe, 0x00, 0x03,
  0x07, 0xff, 0xff, 0x80, 0xfb, 0x00, 0x09, 0x07, 0xff, 0xfe, 0x07, 0xc0, 0x1e, 0x07, 0xff, 0xff, 0x80, 0xfb, 0x00, 0x08, 0x03, 0xff, 0xfe, 0x07,
  0xf0, 0x7f, 0x03, 0xff, 0xff, 0xfa, 0x00, 0x08, 0x01, 0xff, 0xfc, 0x07, 0xff, 0xff, 0x03, 0xff, 0xff, 0xf9, 0x00, 0x07, 0xff, 0xf8, 0x07, 0xff,
  0xff, 0x03, 0xff, 0xfe, 0xf9, 0x00, 0x07, 0x1f, 0xc0, 0x07, 0xff, 0xff, 0x01, 0xff, 0xfc, 0xf7, 0x00, 0x05, 0x03, 0xff, 0xfe, 0x00, 0x7f, 0xf8,
  0xf7, 0x00, 0x05, 0x01, 0xff, 0xfc, 0x00, 0x0f, 0xc0, 0xf6, 0x00, 0x01, 0x7f, 0xf0, 0xf3, 0x00, 0x01, 0x1f, 0xc0, 0x81, 0x00, 0x81, 0x00, 0xcb,
  0x00, 0x81, 0x00, 0xdc, 0x00, 0x01, 0x7f, 0xc0, 0xf4, 0x00, 0x02, 0x01, 0xff, 0xf8, 0xf4, 0x00, 0x02, 0x03, 0xff, 0xfc, 0xfd, 0x00, 0x01, 0x3f,
  0xf8, 0xfa, 0x00, 0x02, 0x07, 0xff, 0xfe, 0xfd, 0x00, 0x01, 0xff, 0xfe, 0xfa, 0x00, 0x02, 0x0f, 0xff, 0xff, 0xfe, 0x00, 0x02, 0x01, 0xff, 0xff,
  0xfa, 0x00, 0x02, 0x0f, 0xff, 0xff, 0xfe, 0x00, 0x03, 0x03, 0xff, 0xff, 0x80, 0xfb, 0x00, 0x09, 0x0f, 0xff, 0xff, 0x80, 0x00, 0x00, 0x03, 0xff,
  0xff, 0xc0, 0xfb, 0x00, 0x09, 0x1f, 0xff, 0xff, 0x80, 0x00, 0x00, 0x07, 0xff, 0xff, 0xc0, 0xfb, 0x00, 0x09, 0x1f, 0xff, 0xff, 0x80, 0x00, 0x00,
  0x07, 0xff, 0xff, 0xc0, 0xfb, 0x00, 0x09, 0x1f, 0xff, 0xff, 0x80, 0x00, 0x00, 0x07, 0xff, 0xff, 0xe0, 0xfb, 0x00, 0x09, 0x1f, 0xff, 0xff, 0x80,
  0x00, 0x00, 0x07, 0xff, 0xff, 0xe0, 0xfb, 0x00, 0x09, 0x3f, 0xff, 0xff, 0x80, 0x00, 0x00, 0x07, 0xff, 0xff, 0xe0, 0xfb, 0x00, 0x09, 0x3f, 0xff,
  0xff, 0x80, 0x00, 0x00, 0x07, 0xff, 0xff, 0xe0, 0xfb, 0x00, 0x02, 0x3f, 0xff, 0xff, 0xfe, 0x00, 0x03, 0x07, 0xff, 0xff, 0xe0, 0xfb, 0x00, 0x02,
  0x3f, 0xff, 0xff, 0xfe, 0x00, 0x03, 0x07, 0xff, 0xff, 0xe0, 0xfb, 0x00, 0x02, 0x3f, 0xff, 0xff, 0xfe, 0x00, 0x03, 0x07, 0xff, 0xff, 0xe0, 0xfb,
  0x00, 0x02, 0x3f, 0xff, 0xff, 0xfe, 0x00, 0x03, 0x07, 0xff, 0xff, 0xe0, 0xfb, 0x00, 0x02, 0x3f, 0xff, 0xff, 0xfe, 0x00, 0x03, 0x07, 0xff, 0xff,
  0xe0, 0xfb, 0x00, 0x02, 0x3f, 0xff, 0xff, 0xfe, 0x00, 0x03, 0x07, 0xff, 0xff, 0xe0, 0xfb, 0x00, 0x02, 0x1f, 0xff, 0xff, 0xfe, 0x00, 0x03, 0x07,
  0xff, 0xff, 0xe0, 0xfb, 0x00, 0x02, 0x1f, 0xff, 0xff, 0xfe, 0x00, 0x03, 0x07, 0xff, 0xff, 0xe0, 0xfb, 0x00, 0x02, 0x1f, 0xff, 0xff, 0xfe, 0x00,
  0x03, 0x07, 0xff, 0xff, 0xe0, 0xfb, 0x00, 0x02, 0x1f, 0xff, 0xff, 0xfe, 0x00, 0x03, 0x07, 0xff, 0xff, 0xc0, 0xfb, 0x00, 0x02, 0x0f, 0xff, 0xff,
  0xfe, 0x00, 0x03, 0x07, 0xff, 0xff, 0xc0, 0xfb, 0x00, 0x02, 0x0f, 0xff, 0xff, 0xfe, 0x00, 0x03, 0x07, 0xff, 0xff, 0xc0, 0xfb, 0x00, 0x02, 0x0f,
  0xff, 0xff, 0xfe, 0x00, 0x03, 0x07, 0xff, 0xff, 0xc0, 0xfb, 0x00, 0x09, 0x07, 0xff, 0xfe, 0x07, 0xc0, 0x1e, 0x07, 0xff, 0xff, 0x80, 0xfb, 0x00,
  0x09, 0x07, 0xff, 0xfe, 0x07, 0xf0, 0x7f, 0x07, 0xff, 0xff, 0x80, 0xfb, 0x00, 0x08, 0x03, 0xff, 0xfc, 0x07, 0xff, 0xff, 0x03, 0xff, 0xff, 0xf9,
  0x00, 0x07, 0xff, 0xf8, 0x07, 0xff, 0xff, 0x03, 0xff, 0xfe, 0xf9, 0x00, 0x07, 0x3f, 0xc0, 0x07, 0xff, 0xff, 0x01, 0xff, 0xfe, 0xf7, 0x00, 0x05,
  0x03, 0xff, 0xfe, 0x00, 0x7f, 0xf8, 0xf7, 0x00, 0x05, 0x01, 0xff, 0xfc, 0x00, 0x0f, 0xc0, 0xf6, 0x00, 0x01, 0xff, 0xf0, 0xf3, 0x00, 0x01, 0x0f,
  0xc0, 0x81, 0x00, 0x81, 0x00, 0xcb, 0x00, 0x81, 0x00, 0xdc, 0x00, 0x01, 0x1f, 0x80, 0xf4, 0x00, 0x02, 0x01, 0xff, 0xf8, 0xf4, 0x00, 0x02, 0x03,
  0xff, 0xfc, 0xfd, 0x00, 0x01, 0x3f, 0xf0, 0xfa, 0x00, 0x02, 0x07, 0xff, 0xfe, 0xfd, 0x00, 0x01, 0xff, 0xfe, 0xfa, 0x00, 0x02, 0x07, 0xff, 0xff,
  0xfe, 0x00, 0x02, 0x01, 0xff, 0xff, 0xfa, 0x00, 0x02, 0x0f, 0xff, 0xff, 0xfe, 0x00, 0x03, 0x03, 0xff, 0xff, 0x80, 0xfb, 0x00, 0x09, 0x0f, 0xff,
  0xff, 0x80, 0x00, 0x00, 0x03, 0xff, 0xff, 0x80, 0xfb, 0x00, 0x09, 0x1f, 0xff, 0xff, 0x80, 0x00, 0x00, 0x03, 0xff, 0xff, 0xc0, 0xfb, 0x00, 0x09,
  0x1f, 0xff, 0xff, 0x80, 0x00, 0x00, 0x07, 0xff, 0xff, 0xc0, 0xfb, 0x00, 0x09, 0x1f, 0xff, 0xff, 0x80, 0x00, 0x00, 0x07, 0xff, 0xff, 0xc0, 0xfb,
  0x00, 0x09, 0x1f, 0xff, 0xff, 0x80, 0x00, 0x00, 0x07, 0xff, 0xff, 0xc0, 0xfb, 0x00, 0x09, 0x1f, 0xff, 0xff, 0x80, 0x00, 0x00, 0x07, 0xff, 0xff,
  0xe0, 0xfb, 0x00, 0x02, 0x1f, 0xff, 0xff, 0xfe, 0x00, 0x03, 0x07, 0xff, 0xff, 0xe0, 0xfb, 0x00, 0x02, 0x1f, 0xff, 0xff, 0xfe, 0x00, 0x03, 0x07,
  0xff, 0xff, 0xe0, 0xfb, 0x00, 0x02, 0x1f, 0xff, 0xff, 0xfe, 0x00, 0x03, 0x07, 0xff, 0xff, 0xe0, 0xfb, 0x00, 0x02, 0x1f, 0xff, 0xff, 0xfe, 0x00,
  0x03, 0x07, 0xff, 0xff, 0xe0, 0xfb, 0x00, 0x02, 0x1f, 0xff, 0xff, 0xfe, 0x00, 0x03, 0x07, 0xff, 0xff, 0xe0, 0xfb, 0x00, 0x02, 0x1f, 0xff, 0xff,
  0xfe, 0x00, 0x03, 0x07, 0xff, 0xff, 0xe0, 0xfb, 0x00, 0x02, 0x1f, 0xff, 0xff, 0xfe, 0x00, 0x03, 0x07, 0xff, 0xff, 0xe0, 0xfb, 0x00, 0x02, 0x1f,
  0xff, 0xff, 0xfe, 0x00, 0x03, 0x07, 0xff, 0xff, 0xe0, 0xfb, 0x00, 0x02, 0x1f, 0xff, 0xff, 0xfe, 0x00, 0x03, 0x07, 0xff, 0xff, 0xc0, 0xfb, 0x00,
  0x02, 0x1f, 0xff, 0xff, 0xfe, 0x00, 0x03, 0x07, 0xff, 0xff, 0xc0, 0xfb, 0x00, 0x02, 0x1f, 0xff, 0xff, 0xfe, 0x00, 0x03, 0x07, 0xff, 0xff, 0xc0,
  0xfb, 0x00, 0x02, 0x0f, 0xff, 0xff, 0xfe, 0x00, 0x03, 0x07, 0xff, 0xff, 0xc0, 0xfb, 0x00, 0x02, 0x0f, 0xff, 0xff, 0xfe, 0x00, 0x03, 0x07, 0xff,
  0xff, 0x80, 0xfb, 0x00, 0x02, 0x0f, 0xff, 0xff, 0xfe, 0x00, 0x03, 0x07, 0xff, 0xff, 0x80, 0xfb, 0x00, 0x09, 0x07, 0xff, 0xfe, 0x07, 0xc0, 0x1e,
  0x07, 0xff, 0xff, 0x80, 0xfb, 0x00, 0x08, 0x03, 0xff, 0xfe, 0x07, 0xf0, 0x7f, 0x03, 0xff, 0xff, 0xfa, 0x00, 0x08, 0x01, 0xff, 0xfc, 0x07, 0xff,
  0xff, 0x03, 0xff, 0xff, 0xf9, 0x00, 0x07, 0xff, 0xf8, 0x07, 0xff, 0xff, 0x03, 0xff, 0xfe, 0xf9, 0x00, 0x07, 0x0f, 0x80, 0x07, 0xff, 0xff, 0x01,
  0xff, 0xfc, 0xf7, 0x00, 0x05, 0x03, 0xff, 0xfe, 0x00, 0x7f, 0xf8, 0xf7, 0x00, 0x05, 0x01, 0xff, 0xfc, 0x00, 0x07, 0x80, 0xf6, 0x00, 0x01, 0x7f,
  0xf0, 0xf3, 0x00, 0x00, 0x07, 0x81, 0x00, 0x81, 0x00, 0xca, 0x00, 0x81, 0x00, 0xac, 0x00, 0x01, 0xff, 0xf0, 0xf4, 0x00, 0x02, 0x03, 0xff, 0xf8,
  0xfd, 0x00, 0x01, 0x3f, 0xf0, 0xfa, 0x00, 0x02, 0x07, 0xff, 0xfc, 0xfd, 0x00, 0x01, 0xff, 0xfc, 0xfa, 0x00, 0x02, 0x07, 0xff, 0xfe, 0xfe, 0x00,
  0x02, 0x01, 0xff, 0xfe, 0xfa, 0x00, 0x02, 0x0f, 0xff, 0xfe, 0xfe, 0x00, 0x02, 0x03, 0xff, 0xff, 0xfa, 0x00, 0x02, 0x0f, 0xff, 0xfe, 0xfe, 0x00,
  0x02, 0x03, 0xff, 0xff, 0xfa, 0x00, 0x02, 0x0f, 0xff, 0xfe, 0xfe, 0x00, 0x03, 0x03, 0xff, 0xff, 0x80, 0xfb, 0x00, 0x02, 0x1f, 0xff, 0xfe, 0xfe,
  0x00, 0x03, 0x03, 0xff, 0xff, 0x80, 0xfb, 0x00, 0x02, 0x0f, 0xff, 0xfe, 0xfe, 0x00, 0x03, 0x03, 0xff, 0xff, 0x80, 0xfb, 0x00, 0x02, 0x1f, 0xff,
  0xfe, 0xfe, 0x00, 0x03, 0x03, 0xff, 0xff, 0x80, 0xfb, 0x00, 0x02, 0x1f, 0xff, 0xfe, 0xfe, 0x00, 0x03, 0x03, 0xff, 0xff, 0x80, 0xfb, 0x00, 0x02,
  0x1f, 0xff, 0xfe, 0xfe, 0x00, 0x03, 0x03, 0xff, 0xff, 0x80, 0xfb, 0x00, 0x02, 0x1f, 0xff, 0xfe, 0xfe, 0x00, 0x03, 0x03, 0xff, 0xff, 0xc0, 0xfb,
  0x00, 0x02, 0x1f, 0xff, 0xfe, 0xfe, 0x00, 0x03, 0x03, 0xff, 0xff, 0xc0, 0xfb, 0x00, 0x02, 0x1f, 0xff, 0xfe, 0xfe, 0x00, 0x03, 0x03, 0xff, 0xff,
  0xc0, 0xfb, 0x00, 0x02, 0x1f, 0xff, 0xfe, 0xfe, 0x00, 0x03, 0x03, 0xff, 0xff, 0xc0, 0xfb, 0x00, 0x02, 0x1f, 0xff, 0xfe, 0xfe, 0x00, 0x03, 0x03,
  0xff, 0xff, 0x80, 0xfb, 0x00, 0x02, 0x1f, 0xff, 0xfe, 0xfe, 0x00, 0x03, 0x03, 0xff, 0xff, 0x80, 0xfb, 0x00, 0x02, 0x0f, 0xff, 0xfe, 0xfe, 0x00,
  0x03, 0x03, 0xff, 0xff, 0x80, 0xfb, 0x00, 0x02, 0x0f, 0xff, 0xfe, 0xfe, 0x00, 0x03, 0x03, 0xff, 0xff, 0x80, 0xfb, 0x00, 0x02, 0x0f, 0xff, 0xfe,
  0xfe, 0x00, 0x03, 0x07, 0xff, 0xff, 0x80, 0xfb, 0x00, 0x02, 0x0f, 0xff, 0xfe, 0xfe, 0x00, 0x02, 0x07, 0xff, 0xff, 0xfa, 0x00, 0x02, 0x07, 0xff,
  0xfe, 0xfe, 0x00, 0x02, 0x07, 0xff, 0xff, 0xfa, 0x00, 0x02, 0x07, 0xff, 0xfc, 0xfe, 0x00, 0x02, 0x07, 0xff, 0xff, 0xfa, 0x00, 0x02, 0x07, 0xff,
  0xfc, 0xfe, 0x00, 0x02, 0x07, 0xff, 0xff, 0xfa, 0x00, 0x08, 0x03, 0xff, 0xfc, 0x03, 0x80, 0x0c, 0x03, 0xff, 0xfe, 0xfa, 0x00, 0x08, 0x03, 0xff,
  0xf8, 0x07, 0xc0, 0x3e, 0x43, 0xff, 0xfe, 0xf9, 0x00, 0x02, 0xff, 0xf8, 0x3f, 0xfd, 0xff, 0x00, 0xfc, 0xfa, 0x00, 0x03, 0xff, 0xff, 0xf8, 0x7f,
  0xfd, 0xff, 0x00, 0xf8, 0xfa, 0x00, 0x08, 0xff, 0xff, 0xf8, 0x7f, 0xff, 0xfd, 0xff, 0xff, 0xf0, 0xfa, 0x00, 0x08, 0xff, 0xff, 0xf8, 0x7f, 0xff,
  0xf8, 0xff, 0xff, 0xc0, 0xfa, 0x00, 0x07, 0xff, 0xff, 0xf0, 0x7f, 0xff, 0xe0, 0x3f, 0xfe, 0xf9, 0x00, 0x05, 0x7f, 0xff, 0xe0, 0x3f, 0xff, 0xc0,
  0xf7, 0x00, 0x05, 0x0f, 0xff, 0x80, 0x1f, 0xff, 0x80, 0xf6, 0x00, 0x03, 0x40, 0x00, 0x07, 0xfe, 0x81, 0x00, 0x81, 0x00, 0xfa, 0x00, 0x81, 0x00,
  0x81, 0x00, 0x81, 0x00, 0x81, 0x00, 0xae, 0x00, 0x02, 0x07, 0xff, 0xfe, 0xfe, 0x00, 0x03, 0x03, 0xff, 0xff, 0x80, 0xfb, 0x00, 0x02, 0x07, 0xff,
  0xfe, 0xfe, 0x00, 0x03, 0x03, 0xff, 0xff, 0xf0, 0xfb, 0x00, 0x09, 0x07, 0xff, 0xfe, 0x03, 0xc0, 0x0e, 0x01, 0xff, 0xff, 0xf8, 0xfb, 0x00, 0x09,
  0x03, 0xff, 0xff, 0x7b, 0xf8, 0x1f, 0xe1, 0xff, 0xff, 0xf8, 0xfb, 0x00, 0x00, 0x03, 0xfc, 0xff, 0x03, 0xe1, 0xff, 0xff, 0xf8, 0xfb, 0x00, 0x09,
  0x01, 0xff, 0xff, 0xfd, 0xff, 0xff, 0xe1, 0xff, 0xff, 0xf0, 0xfa, 0x00, 0x08, 0xff, 0xff, 0xf9, 0xff, 0xff, 0xe0, 0xff, 0xff, 0xc0, 0xfa, 0x00,
  0x07, 0xff, 0xff, 0xf0, 0x7f, 0xff, 0xe0, 0x3f, 0xfe, 0xf9, 0x00, 0x05, 0x7f, 0xff, 0xe0, 0x7f, 0xff, 0xc0, 0xf7, 0x00, 0x05, 0x0f, 0xff, 0x80,
  0x1f, 0xff, 0x80, 0xf4, 0x00, 0x01, 0x07, 0xfc, 0x81, 0x00, 0x81, 0x00, 0xfa, 0x00, 0x81, 0x00, 0xbd, 0x00, 0x00, 0x0f, 0xfc, 0x00, 0x01, 0x7f,
  0xf0, 0xfa, 0x00, 0x02, 0x01, 0xff, 0xf0, 0xfd, 0x00, 0x01, 0xff, 0xfc, 0xfa, 0x00, 0x02, 0x03, 0xff, 0xf8, 0xfe, 0x00, 0x02, 0x03, 0xff, 0xfe,
  0xfa, 0x00, 0x02, 0x07, 0xff, 0xfc, 0xfe, 0x00, 0x02, 0x03, 0xff, 0xff, 0xfa, 0x00, 0x02, 0x0f, 0xff, 0xfe, 0xfe, 0x00, 0x02, 0x07, 0xff, 0xff,
  0xfa, 0x00, 0x02, 0x0f, 0xff, 0xfe, 0xfe, 0x00, 0x03, 0x07, 0xff, 0xff, 0x80, 0xfb, 0x00, 0x02, 0x1f, 0xff, 0xff, 0xfe, 0x00, 0x03, 0x07, 0xff,
  0xff, 0x80, 0xfb, 0x00, 0x02, 0x1f, 0xff, 0xff, 0xfe, 0x00, 0x03, 0x07, 0xff, 0xff, 0x80, 0xfb, 0x00, 0x02, 0x1f, 0xff, 0xff, 0xfe, 0x00, 0x03,
  0x07, 0xff, 0xff, 0xc0, 0xfb, 0x00, 0x02, 0x1f, 0xff, 0xff, 0xfe, 0x00, 0x03, 0x07, 0xff, 0xff, 0xc0, 0xfb, 0x00, 0x02, 0x1f, 0xff, 0xff, 0xfe,
  0x00, 0x03, 0x07, 0xff, 0xff, 0xc0, 0xfb, 0x00, 0x02, 0x1f, 0xff, 0xff, 0xfe, 0x00, 0x03, 0x07, 0xff, 0xff, 0xc0, 0xfb, 0x00, 0x02, 0x1f, 0xff,
  0xff, 0xfe, 0x00, 0x03, 0x07, 0xff, 0xff, 0xc0, 0xfb, 0x00, 0x02, 0x1f, 0xff, 0xff, 0xfe, 0x00, 0x03, 0x07, 0xff, 0xff, 0xc0, 0xfb, 0x00, 0x02,
  0x1f, 0xff, 0xff, 0xfe, 0x00, 0x03, 0x07, 0xff, 0xff, 0xc0, 0xfb, 0x00, 0x02, 0x1f, 0xff, 0xff, 0xfe, 0x00, 0x03, 0x07, 0xff, 0xff, 0xc0, 0xfb,
  0x00, 0x02, 0x1f, 0xff, 0xff, 0xfe, 0x00, 0x03, 0x07, 0xff, 0xff, 0xc0, 0xfb, 0x00, 0x02, 0x1f, 0xff, 0xff, 0xfe, 0x00, 0x03, 0x03, 0xff, 0xff,
  0xc0, 0xfb, 0x00, 0x02, 0x1f, 0xff, 0xff, 0xfe, 0x00, 0x03, 0x07, 0xff, 0xff, 0xc0, 0xfb, 0x00, 0x02, 0x1f, 0xff, 0xff, 0xfe, 0x00, 0x03, 0x03,
  0xff, 0xff, 0xc0, 0xfb, 0x00, 0x02, 0x1f, 0xff, 0xff, 0xfe, 0x00, 0x03, 0x03, 0xff, 0xff, 0xc0, 0xfb, 0x00, 0x02, 0x0f, 0xff, 0xff, 0xfe, 0x00,
  0x03, 0x03, 0xff, 0xff, 0xc0, 0xfb, 0x00, 0x02, 0x0f, 0xff, 0xff, 0xfe, 0x00, 0x03, 0x03, 0xff, 0xff, 0x80, 0xfb, 0x00, 0x02, 0x0f, 0xff, 0xff,
  0xfe, 0x00, 0x03, 0x03, 0xff, 0xff, 0x80, 0xfb, 0x00, 0x02, 0x0f, 0xff, 0xff, 0xfe, 0x00, 0x03, 0x03, 0xff, 0xff, 0x80, 0xfb, 0x00, 0x08, 0x07,
  0xff, 0xff, 0x03, 0x80, 0x0e, 0x03, 0xff, 0xff, 0xfa, 0x00, 0x08, 0x07, 0xff, 0xfe, 0x07, 0xe0, 0x3f, 0x03, 0xff, 0xff, 0xfa, 0x00, 0x08, 0x03,
  0xff, 0xfe, 0x07, 0xf8, 0xff, 0x01, 0xff, 0xfe, 0xfa, 0x00, 0x08, 0x01, 0xff, 0xfc, 0x07, 0xff, 0xff, 0x00, 0xff, 0xfc, 0xf9, 0x00, 0x07, 0xff,
  0xf8, 0x07, 0xff, 0xff, 0x00, 0x7f, 0xf0, 0xf9, 0x00, 0x04, 0x3f, 0xc0, 0x03, 0xff, 0xfe, 0xf4, 0x00, 0x02, 0x01, 0xff, 0xfc, 0xf3, 0x00, 0x01,
  0x7f, 0xf0, 0x81, 0x00, 0x81, 0x00, 0xca, 0x00, 0x81, 0x00, 0xb7, 0x00, 0x01, 0x07, 0xc0, 0xf9, 0x00, 0x01, 0xff, 0xf0, 0xfd, 0x00, 0x01, 0xff,
  0xfc, 0xfa, 0x00, 0x02, 0x03, 0xff, 0xf8, 0xfe, 0x00, 0x02, 0x01, 0xff, 0xfe, 0xfa, 0x00, 0x02, 0x07, 0xff, 0xfc, 0xfe, 0x00, 0x02, 0x03, 0xff,
  0xff, 0xfa, 0x00, 0x02, 0x07, 0xff, 0xfe, 0xfe, 0x00, 0x02, 0x03, 0xff, 0xff, 0xfa, 0x00, 0x02, 0x0f, 0xff, 0xfe, 0xfe, 0x00, 0x03, 0x07, 0xff,
  0xff, 0x80, 0xfb, 0x00, 0x02, 0x0f, 0xff, 0xff, 0xfe, 0x00, 0x03, 0x07, 0xff, 0xff, 0x80, 0xfb, 0x00, 0x02, 0x0f, 0xff, 0xff, 0xfe, 0x00, 0x03,
  0x07, 0xff, 0xff, 0x80, 0xfb, 0x00, 0x02, 0x1f, 0xff, 0xff, 0xfe, 0x00, 0x03, 0x07, 0xff, 0xff, 0xc0, 0xfb, 0x00, 0x02, 0x1f, 0xff, 0xff, 0xfe,
  0x00, 0x03, 0x07, 0xff, 0xff, 0xc0, 0xfb, 0x00, 0x02, 0x1f, 0xff, 0xff, 0xfe, 0x00, 0x03, 0x07, 0xff, 0xff, 0xc0, 0xfb, 0x00, 0x02, 0x1f, 0xff,
  0xff, 0xfe, 0x00, 0x03, 0x07, 0xff, 0xff, 0xc0, 0xfb, 0x00, 0x02, 0x1f, 0xff, 0xff, 0xfe, 0x00, 0x03, 0x07, 0xff, 0xff, 0xc0, 0xfb, 0x00, 0x02,
  0x1f, 0xff, 0xff, 0xfe, 0x00, 0x03, 0x07, 0xff, 0xff, 0xc0, 0xfb, 0x00, 0x02, 0x1f, 0xff, 0xff, 0xfe, 0x00, 0x03, 0x07, 0xff, 0xff, 0xc0, 0xfb,
  0x00, 0x02, 0x1f, 0xff, 0xff, 0xfe, 0x00, 0x03, 0x07, 0xff, 0xff, 0xc0, 0xfb, 0x00, 0x02, 0x1f, 0xff, 0xff, 0xfe, 0x00, 0x03, 0x03, 0xff, 0xff,
  0xc0, 0xfb, 0x00, 0x02, 0x1f, 0xff, 0xff, 0xfe, 0x00, 0x03, 0x03, 0xff, 0xff, 0xc0, 0xfb, 0x00, 0x02, 0x1f, 0xff, 0xff, 0xfe, 0x00, 0x03, 0x03,
  0xff, 0xff, 0xc0, 0xfb, 0x00, 0x02, 0x1f, 0xff, 0xff, 0xfe, 0x00, 0x03, 0x03, 0xff, 0xff, 0xc0, 0xfb, 0x00, 0x02, 0x1f, 0xff, 0xff, 0xfe, 0x00,
  0x03, 0x03, 0xff, 0xff, 0xc0, 0xfb, 0x00, 0x02, 0x0f, 0xff, 0xff, 0xfe, 0x00, 0x03, 0x03, 0xff, 0xff, 0xc0, 0xfb, 0x00, 0x02, 0x0f, 0xff, 0xff,
  0xfe, 0x00, 0x03, 0x03, 0xff, 0xff, 0xc0, 0xfb, 0x00, 0x02, 0x0f, 0xff, 0xff, 0xfe, 0x00, 0x03, 0x03, 0xff, 0xff, 0x80, 0xfb, 0x00, 0x02, 0x0f,
  0xff, 0xff, 0xfe, 0x00, 0x03, 0x03, 0xff, 0xff, 0x80, 0xfb, 0x00, 0x08, 0x07, 0xff, 0xff, 0x03, 0x80, 0x0e, 0x03, 0xff, 0xff, 0xfa, 0x00, 0x08,
  0x07, 0xff, 0xfe, 0x07, 0xe0, 0x1f, 0x03, 0xff, 0xff, 0xfa, 0x00, 0x08, 0x03, 0xff, 0xfe, 0x07, 0xfd, 0xff, 0x01, 0xff, 0xfe, 0xfa, 0x00, 0x08,
  0x03, 0xff, 0xfc, 0x07, 0xff, 0xff, 0x00, 0xff, 0xfc, 0xf9, 0x00, 0x07, 0xff, 0xf8, 0x07, 0xff, 0xff, 0x00, 0x7f, 0xf8, 0xf9, 0x00, 0x04, 0x3f,
  0xe0, 0x03, 0xff, 0xfe, 0xf4, 0x00, 0x02, 0x01, 0xff, 0xfc, 0xf3, 0x00, 0x01, 0x7f, 0xf0, 0xf3, 0x00, 0x00, 0x07, 0x81, 0x00, 0x81, 0x00, 0xd9,
  0x00, 0x81, 0x00, 0xad, 0x00, 0x01, 0x1f, 0xe0, 0xfd, 0x00, 0x01, 0x7f, 0xf8, 0xfa, 0x00, 0x02, 0x01, 0xff, 0xf8, 0xfd, 0x00, 0x01, 0xff, 0xfe,
  0xfa, 0x00, 0x02, 0x03, 0xff, 0xfc, 0xfe, 0x00, 0x02, 0x01, 0xff, 0xff, 0xfa, 0x00, 0x02, 0x07, 0xff, 0xfe, 0xfe, 0x00, 0x02, 0x03, 0xff, 0xff,
  0xfa, 0x00, 0x02, 0x07, 0xff, 0xff, 0xfe, 0x00, 0x03, 0x03, 0xff, 0xff, 0x80, 0xfb, 0x00, 0x02, 0x0f, 0xff, 0xff, 0xfe, 0x00, 0x03, 0x07, 0xff,
  0xff, 0x80, 0xfb, 0x00, 0x02, 0x0f, 0xff, 0xff, 0xfe, 0x00, 0x03, 0x07, 0xff, 0xff, 0x80, 0xfb, 0x00, 0x02, 0x1f, 0xff, 0xff, 0xfe, 0x00, 0x03,
  0x07, 0xff, 0xff, 0xc0, 0xfb, 0x00, 0x02, 0x1f, 0xff, 0xff, 0xfe, 0x00, 0x03, 0x07, 0xff, 0xff, 0xc0, 0xfb, 0x00, 0x02, 0x1f, 0xff, 0xff, 0xfe,
  0x00, 0x03, 0x07, 0xff, 0xff, 0xc0, 0xfb, 0x00, 0x02, 0x1f, 0xff, 0xff, 0xfe, 0x00, 0x03, 0x07, 0xff, 0xff, 0xc0, 0xfb, 0x00, 0x02, 0x1f, 0xff,
  0xff, 0xfe, 0x00, 0x03, 0x07, 0xff, 0xff, 0xe0, 0xfb, 0x00, 0x02, 0x1f, 0xff, 0xff, 0xfe, 0x00, 0x03, 0x07, 0xff, 0xff, 0xe0, 0xfb, 0x00, 0x02,
  0x1f, 0xff, 0xff, 0xfe, 0x00, 0x03, 0x03, 0xff, 0xff, 0xe0, 0xfb, 0x00, 0x02, 0x1f, 0xff, 0xff, 0xfe, 0x00, 0x03, 0x03, 0xff, 0xff, 0xe0, 0xfb,
  0x00, 0x02, 0x1f, 0xff, 0xff, 0xfe, 0x00, 0x03, 0x03, 0xff, 0xff, 0xe0, 0xfb, 0x00, 0x02, 0x1f, 0xff, 0xff, 0xfe, 0x00, 0x03, 0x03, 0xff, 0xff,
  0xc0, 0xfb, 0x00, 0x02, 0x1f, 0xff, 0xff, 0xfe, 0x00, 0x03, 0x03, 0xff, 0xff, 0xc0, 0xfb, 0x00, 0x02, 0x1f, 0xff, 0xff, 0xfe, 0x00, 0x03, 0x03,
  0xff, 0xff, 0xc0, 0xfb, 0x00, 0x02, 0x0f, 0xff, 0xff, 0xfe, 0x00, 0x03, 0x03, 0xff, 0xff, 0xc0, 0xfb, 0x00, 0x02, 0x0f, 0xff, 0xff, 0xfe, 0x00,
  0x03, 0x03, 0xff, 0xff, 0xc0, 0xfb, 0x00, 0x02, 0x0f, 0xff, 0xff, 0xfe, 0x00, 0x03, 0x03, 0xff, 0xff, 0xc0, 0xfb, 0x00, 0x02, 0x0f, 0xff, 0xff,
  0xfe, 0x00, 0x03, 0x03, 0xff, 0xff, 0x80, 0xfb, 0x00, 0x02, 0x0f, 0xff, 0xff, 0xfe, 0x00, 0x03, 0x03, 0xff, 0xff, 0x80, 0xfb, 0x00, 0x09, 0x07,
  0xff, 0xff, 0x01, 0x00, 0x06, 0x03, 0xff, 0xff, 0x80, 0xfb, 0x00, 0x08, 0x07, 0xff, 0xff, 0x03, 0xe0, 0x1f, 0x03, 0xff, 0xff, 0xfa, 0x00, 0x08,
  0x03, 0xff, 0xfe, 0x07, 0xf8, 0x7f, 0x01, 0xff, 0xfe, 0xfa, 0x00, 0x08, 0x03, 0xff, 0xfc, 0x07, 0xff, 0xff, 0x00, 0xff, 0xfc, 0xf9, 0x00, 0x07,
  0xff, 0xf8, 0x07, 0xff, 0xff, 0x00, 0x7f, 0xf8, 0xf9, 0x00, 0x04, 0x3f, 0xe0, 0x03, 0xff, 0xfe, 0xf4, 0x00, 0x02, 0x01, 0xff, 0xfc, 0xf3, 0x00,
  0x01, 0x7f, 0xf0, 0xf3, 0x00, 0x00, 0x07, 0x81, 0x00, 0x81, 0x00, 0xd9, 0x00, 0x81, 0x00, 0xad, 0x00, 0x00, 0x0f, 0xfc, 0x00, 0x01, 0x7f, 0xf8,
  0xfa, 0x00, 0x02, 0x01, 0xff, 0xf8, 0xfd, 0x00, 0x01, 0xff, 0xfe, 0xfa, 0x00, 0x02, 0x03, 0xff, 0xfc, 0xfe, 0x00, 0x02, 0x01, 0xff, 0xff, 0xfa,
  0x00, 0x02, 0x07, 0xff, 0xfe, 0xfe, 0x00, 0x02, 0x03, 0xff, 0xff, 0xfa, 0x00, 0x02, 0x07, 0xff, 0xff, 0xfe, 0x00, 0x03, 0x03, 0xff, 0xff, 0x80,
  0xfb, 0x00, 0x02, 0x0f, 0xff, 0xff, 0xfe, 0x00, 0x03, 0x07, 0xff, 0xff, 0x80, 0xfb, 0x00, 0x02, 0x0f, 0xff, 0xff, 0xfe, 0x00, 0x03, 0x07, 0xff,
  0xff, 0xc0, 0xfb, 0x00, 0x02, 0x1f, 0xff, 0xff, 0xfe, 0x00, 0x03, 0x07, 0xff, 0xff, 0xc0, 0xfb, 0x00, 0x02, 0x1f, 0xff, 0xff, 0xfe, 0x00, 0x03,
  0x07, 0xff, 0xff, 0xc0, 0xfb, 0x00, 0x02, 0x1f, 0xff, 0xff, 0xfe, 0x00, 0x03, 0x07, 0xff, 0xff, 0xc0, 0xfb, 0x00, 0x02, 0x1f, 0xff, 0xff, 0xfe,
  0x00, 0x03, 0x07, 0xff, 0xff, 0xc0, 0xfb, 0x00, 0x02, 0x1f, 0xff, 0xff, 0xfe, 0x00, 0x03, 0x07, 0xff, 0xff, 0xe0, 0xfb, 0x00, 0x02, 0x1f, 0xff,
  0xff, 0xfe, 0x00, 0x03, 0x07, 0xff, 0xff, 0xe0, 0xfb, 0x00, 0x02, 0x1f, 0xff, 0xff, 0xfe, 0x00, 0x03, 0x03, 0xff, 0xff, 0xe0, 0xfb, 0x00, 0x02,
  0x1f, 0xff, 0xff, 0xfe, 0x00, 0x03, 0x03, 0xff, 0xff, 0xe0, 0xfb, 0x00, 0x02, 0x1f, 0xff, 0xff, 0xfe, 0x00, 0x03, 0x03, 0xff, 0xff, 0xe0, 0xfb,
  0x00, 0x02, 0x1f, 0xff, 0xff, 0xfe, 0x00, 0x03, 0x03, 0xff, 0xff, 0xc0, 0xfb, 0x00, 0x02, 0x1f, 0xff, 0xff, 0xfe, 0x00, 0x03, 0x03, 0xff, 0xff,
  0xc0, 0xfb, 0x00, 0x02, 0x1f, 0xff, 0xff, 0xfe, 0x00, 0x03, 0x03, 0xff, 0xff, 0xc0, 0xfb, 0x00, 0x02, 0x0f, 0xff, 0xff, 0xfe, 0x00, 0x03, 0x03,
  0xff, 0xff, 0xc0, 0xfb, 0x00, 0x02, 0x0f, 0xff, 0xff, 0xfe, 0x00, 0x03, 0x03, 0xff, 0xff, 0xc0, 0xfb, 0x00, 0x02, 0x0f, 0xff, 0xff, 0xfe, 0x00,
  0x03, 0x03, 0xff, 0xff, 0xc0, 0xfb, 0x00, 0x02, 0x0f, 0xff, 0xff, 0xfe, 0x00, 0x03, 0x03, 0xff, 0xff, 0x80, 0xfb, 0x00, 0x02, 0x0f, 0xff, 0xff,
  0xfe, 0x00, 0x03, 0x03, 0xff, 0xff, 0x80, 0xfb, 0x00, 0x09, 0x07, 0xff, 0xff, 0x01, 0x80, 0x0e, 0x03, 0xff, 0xff, 0x80, 0xfb, 0x00, 0x08, 0x07,
  0xff, 0xff, 0x03, 0xe0, 0x1f, 0x03, 0xff, 0xff, 0xfa, 0x00, 0x08, 0x03, 0xff, 0xfe, 0x07, 0xfc, 0xff, 0x01, 0xff, 0xfe, 0xfa, 0x00, 0x08, 0x03,
  0xff, 0xfe, 0x07, 0xff, 0xff, 0x00, 0xff, 0xfc, 0xf9, 0x00, 0x07, 0xff, 0xf8, 0x07, 0xff, 0xff, 0x00, 0x7f, 0xf8, 0xf9, 0x00, 0x04, 0x3f, 0xe0,
  0x03, 0xff, 0xfe, 0xf4, 0x00, 0x02, 0x01, 0xff, 0xfc, 0xf3, 0x00, 0x01, 0x7f, 0xf0, 0xf3, 0x00, 0x00, 0x07, 0x81, 0x00, 0x81, 0x00, 0xd9, 0x00,
  0x81, 0x00, 0xad, 0x00, 0x01, 0x1f, 0xe0, 0xfd, 0x00, 0x01, 0x7f, 0xf8, 0xfa, 0x00, 0x02, 0x01, 0xff, 0xf8, 0xfd, 0x00, 0x01, 0xff, 0xfe, 0xfa,
  0x00, 0x02, 0x03, 0xff, 0xfc, 0xfe, 0x00, 0x02, 0x01, 0xff, 0xff, 0xfa, 0x00, 0x02, 0x07, 0xff, 0xfe, 0xfe, 0x00, 0x02, 0x03, 0xff, 0xff, 0xfa,
  0x00, 0x02, 0x07, 0xff, 0xff, 0xfe, 0x00, 0x03, 0x03, 0xff, 0xff, 0x80, 0xfb, 0x00, 0x02, 0x0f, 0xff, 0xff, 0xfe, 0x00, 0x03, 0x07, 0xff, 0xff,
  0x80, 0xfb, 0x00, 0x02, 0x0f, 0xff, 0xff, 0xfe, 0x00, 0x03, 0x07, 0xff, 0xff, 0xc0, 0xfb, 0x00, 0x02, 0x1f, 0xff, 0xff, 0xfe, 0x00, 0x03, 0x07,
  0xff, 0xff, 0xc0, 0xfb, 0x00, 0x02, 0x1f, 0xff, 0xff, 0xfe, 0x00, 0x03, 0x07, 0xff, 0xff, 0xc0, 0xfb, 0x00, 0x02, 0x1f, 0xff, 0xff, 0xfe, 0x00,
  0x03, 0x07, 0xff, 0xff, 0xc0, 0xfb, 0x00, 0x02, 0x1f, 0xff, 0xff, 0xfe, 0x00, 0x03, 0x07, 0xff, 0xff, 0xc0, 0xfb, 0x00, 0x02, 0x1f, 0xff, 0xff,
  0xfe, 0x00, 0x03, 0x07, 0xff, 0xff, 0xe0, 0xfb, 0x00, 0x02, 0x1f, 0xff, 0xff, 0xfe, 0x00, 0x03, 0x07, 0xff, 0xff, 0xe0, 0xfb, 0x00, 0x02, 0x1f,
  0xff, 0xff, 0xfe, 0x00, 0x03, 0x03, 0xff, 0xff, 0xe0, 0xfb, 0x00, 0x02, 0x1f, 0xff, 0xff, 0xfe, 0x00, 0x03, 0x03, 0xff, 0xff, 0xe0, 0xfb, 0x00,
  0x02, 0x1f, 0xff, 0xff, 0xfe, 0x00, 0x03, 0x03, 0xff, 0xff, 0xe0, 0xfb, 0x00, 0x02, 0x1f, 0xff, 0xff, 0xfe, 0x00, 0x03, 0x03, 0xff, 0xff, 0xc0,
  0xfb, 0x00, 0x02, 0x1f, 0xff, 0xff, 0xfe, 0x00, 0x03, 0x03, 0xff, 0xff, 0xc0, 0xfb, 0x00, 0x02, 0x1f, 0xff, 0xff, 0xfe, 0x00, 0x03, 0x03, 0xff,
  0xff, 0xc0, 0xfb, 0x00, 0x02, 0x0f, 0xff, 0xff, 0xfe, 0x00, 0x03, 0x03, 0xff, 0xff, 0xc0, 0xfb, 0x00, 0x02, 0x0f, 0xff, 0xff, 0xfe, 0x00, 0x03,
  0x03, 0xff, 0xff, 0xc0, 0xfb, 0x00, 0x02, 0x0f, 0xff, 0xff, 0xfe, 0x00, 0x03, 0x03, 0xff, 0xff, 0xc0, 0xfb, 0x00, 0x02, 0x0f, 0xff, 0xff, 0xfe,
  0x00, 0x03, 0x03, 0xff, 0xff, 0x80, 0xfb, 0x00, 0x02, 0x0f, 0xff, 0xff, 0xfe, 0x00, 0x03, 0x03, 0xff, 0xff, 0x80, 0xfb, 0x00, 0x09, 0x07, 0xff,
  0xff, 0x01, 0x80, 0x06, 0x03, 0xff, 0xff, 0x80, 0xfb, 0x00, 0x08, 0x07, 0xff, 0xff, 0x03, 0xe0, 0x1f, 0x03, 0xff, 0xff, 0xfa, 0x00, 0x08, 0x03,
  0xff, 0xfe, 0x07, 0xf8, 0x7f, 0x01, 0xff, 0xfe, 0xfa, 0x00, 0x08, 0x03, 0xff, 0xfc, 0x07, 0xff, 0xff, 0x00, 0xff, 0xfc, 0xf9, 0x00, 0x07, 0xff,
  0xf8, 0x07, 0xff, 0xff, 0x00, 0x7f, 0xf8, 0xf9, 0x00, 0x04, 0x3f, 0xe0, 0x03, 0xff, 0xfe, 0xf4, 0x00, 0x02, 0x01, 0xff, 0xfc, 0xf3, 0x00, 0x01,
  0x7f, 0xf0, 0xf3, 0x00, 0x00, 0x07, 0x81, 0x00, 0x81, 0x00, 0xd9, 0x00, 0x81, 0x00, 0xad, 0x00, 0x01, 0x0f, 0xc0, 0xfd, 0x00, 0x01, 0x7f, 0xf8,
  0xfa, 0x00, 0x02, 0x01, 0xff, 0xf8, 0xfd, 0x00, 0x01, 0xff, 0xfe, 0xfa, 0x00, 0x02, 0x03, 0xff, 0xfc, 0xfe, 0x00, 0x02, 0x01, 0xff, 0xff, 0xfa,
  0x00, 0x02, 0x07, 0xff, 0xfe, 0xfe, 0x00, 0x02, 0x03, 0xff, 0xff, 0xfa, 0x00, 0x02, 0x07, 0xff, 0xff, 0xfe, 0x00, 0x03, 0x03, 0xff, 0xff, 0x80,
  0xfb, 0x00, 0x02, 0x0f, 0xff, 0xff, 0xfe, 0x00, 0x03, 0x07, 0xff, 0xff, 0x80, 0xfb, 0x00, 0x02, 0x0f, 0xff, 0xff, 0xfe, 0x00, 0x03, 0x07, 0xff,
  0xff, 0xc0, 0xfb, 0x00, 0x02, 0x1f, 0xff, 0xff, 0xfe, 0x00, 0x03, 0x07, 0xff, 0xff, 0xc0, 0xfb, 0x00, 0x02, 0x1f, 0xff, 0xff, 0xfe, 0x00, 0x03,
  0x07, 0xff, 0xff, 0xc0, 0xfb, 0x00, 0x02, 0x1f, 0xff, 0xff, 0xfe, 0x00, 0x03, 0x07, 0xff, 0xff, 0xc0, 0xfb, 0x00, 0x02, 0x1f, 0xff, 0xff, 0xfe,
  0x00, 0x03, 0x07, 0xff, 0xff, 0xc0, 0xfb, 0x00, 0x02, 0x1f, 0xff, 0xff, 0xfe, 0x00, 0x03, 0x07, 0xff, 0xff, 0xe0, 0xfb, 0x00, 0x02, 0x1f, 0xff,
  0xff, 0xfe, 0x00, 0x03, 0x07, 0xff, 0xff, 0xe0, 0xfb, 0x00, 0x02, 0x1f, 0xff, 0xff, 0xfe, 0x00, 0x03, 0x03, 0xff, 0xff, 0xe0, 0xfb, 0x00, 0x02,
  0x1f, 0xff, 0xff, 0xfe, 0x00, 0x03, 0x03, 0xff, 0xff, 0xe0, 0xfb, 0x00, 0x02, 0x1f, 0xff, 0xff, 0xfe, 0x00, 0x03, 0x03, 0xff, 0xff, 0xe0, 0xfb,
  0x00, 0x02, 0x1f, 0xff, 0xff, 0xfe, 0x00, 0x03, 0x03, 0xff, 0xff, 0xc0, 0xfb, 0x00, 0x02, 0x1f, 0xff, 0xff, 0xfe, 0x00, 0x03, 0x03, 0xff, 0xff,
  0xc0, 0xfb, 0x00, 0x02, 0x1f, 0xff, 0xff, 0xfe, 0x00, 0x03, 0x03, 0xff, 0xff, 0xc0, 0xfb, 0x00, 0x02, 0x0f, 0xff, 0xff, 0xfe, 0x00, 0x03, 0x03,
  0xff, 0xff, 0xc0, 0xfb, 0x00, 0x02, 0x0f, 0xff, 0xff, 0xfe, 0x00, 0x03, 0x03, 0xff, 0xff, 0xc0, 0xfb, 0x00, 0x02, 0x0f, 0xff, 0xff, 0xfe, 0x00,
  0x03, 0x03, 0xff, 0xff, 0xc0, 0xfb, 0x00, 0x02, 0x0f, 0xff, 0xff, 0xfe, 0x00, 0x03, 0x03, 0xff, 0xff, 0x80, 0xfb, 0x00, 0x02, 0x0f, 0xff, 0xff,
  0xfe, 0x00, 0x03, 0x03, 0xff, 0xff, 0x80, 0xfb, 0x00, 0x09, 0x07, 0xff, 0xff, 0x01, 0x80, 0x06, 0x03, 0xff, 0xff, 0x80, 0xfb, 0x00, 0x08, 0x07,
  0xff, 0xff, 0x03, 0xe0, 0x1f, 0x03, 0xff, 0xff, 0xfa, 0x00, 0x08, 0x03, 0xff, 0xfe, 0x07, 0xfc, 0xff, 0x01, 0xff, 0xfe, 0xfa, 0x00, 0x08, 0x03,
  0xff, 0xfe, 0x07, 0xff, 0xff, 0x00, 0xff, 0xfc, 0xf9, 0x00, 0x07, 0xff, 0xf8, 0x07, 0xff, 0xff, 0x00, 0x7f, 0xf8, 0xf9, 0x00, 0x04, 0x3f, 0xe0,
  0x03, 0xff, 0xfe, 0xf4, 0x00, 0x02, 0x01, 0xff, 0xfc, 0xf3, 0x00, 0x01, 0x7f, 0xf0, 0xf3, 0x00, 0x00, 0x06, 0x81, 0x00, 0x81, 0x00, 0xd9, 0x00,
  0x81, 0x00, 0xad, 0x00, 0x01, 0x1f, 0xe0, 0xfd, 0x00, 0x01, 0x7f, 0xf8, 0xfa, 0x00, 0x02, 0x01, 0xff, 0xf8, 0xfd, 0x00, 0x01, 0xff, 0xfe, 0xfa,
  0x00, 0x02, 0x03, 0xff, 0xfc, 0xfe, 0x00, 0x02, 0x01, 0xff, 0xff, 0xfa, 0x00, 0x02, 0x07, 0xff, 0xfe, 0xfe, 0x00, 0x02, 0x03, 0xff, 0xff, 0xfa,
  0x00, 0x02, 0x07, 0xff, 0xff, 0xfe, 0x00, 0x03, 0x03, 0xff, 0xff, 0x80, 0xfb, 0x00, 0x02, 0x0f, 0xff, 0xff, 0xfe, 0x00, 0x03, 0x07, 0xff, 0xff,
  0x80, 0xfb, 0x00, 0x02, 0x0f, 0xff, 0xff, 0xfe, 0x00, 0x03, 0x07, 0xff, 0xff, 0xc0, 0xfb, 0x00, 0x02, 0x0f, 0xff, 0xff, 0xfe, 0x00, 0x03, 0x07,
  0xff, 0xff, 0xc0, 0xfb, 0x00, 0x02, 0x1f, 0xff, 0xff, 0xfe, 0x00, 0x03, 0x07, 0xff, 0xff, 0xc0, 0xfb, 0x00, 0x02, 0x1f, 0xff, 0xff, 0xfe, 0x00,
  0x03, 0x07, 0xff, 0xff, 0xc0, 0xfb, 0x00, 0x02, 0x1f, 0xff, 0xff, 0xfe, 0x00, 0x03, 0x07, 0xff, 0xff, 0xc0, 0xfb, 0x00, 0x02, 0x1f, 0xff, 0xff,
  0xfe, 0x00, 0x03, 0x07, 0xff, 0xff, 0xe0, 0xfb, 0x00, 0x02, 0x1f, 0xff, 0xff, 0xfe, 0x00, 0x03, 0x07, 0xff, 0xff, 0xe0, 0xfb, 0x00, 0x02, 0x1f,
  0xff, 0xff, 0xfe, 0x00, 0x03, 0x03, 0xff, 0xff, 0xe0, 0xfb, 0x00, 0x02, 0x1f, 0xff, 0xff, 0xfe, 0x00, 0x03, 0x03, 0xff, 0xff, 0xe0, 0xfb, 0x00,
  0x02, 0x1f, 0xff, 0xff, 0xfe, 0x00, 0x03, 0x03, 0xff, 0xff, 0xe0, 0xfb, 0x00, 0x02, 0x1f, 0xff, 0xff, 0xfe, 0x00, 0x03, 0x03, 0xff, 0xff, 0xc0,
  0xfb, 0x00, 0x02, 0x1f, 0xff, 0xff, 0xfe, 0x00, 0x03, 0x03, 0xff, 0xff, 0xc0, 0xfb, 0x00, 0x02, 0x1f, 0xff, 0xff, 0xfe, 0x00, 0x03, 0x03, 0xff,
  0xff, 0xc0, 0xfb, 0x00, 0x02, 0x1f, 0xff, 0xff, 0xfe, 0x00, 0x03, 0x03, 0xff, 0xff, 0xc0, 0xfb, 0x00, 0x02, 0x0f, 0xff, 0xff, 0xfe, 0x00, 0x03,
  0x03, 0xff, 0xff, 0xc0, 0xfb, 0x00, 0x02, 0x0f, 0xff, 0xff, 0xfe, 0x00, 0x03, 0x03, 0xff, 0xff, 0xc0, 0xfb, 0x00, 0x02, 0x0f, 0xff, 0xff, 0xfe,
  0x00, 0x03, 0x03, 0xff, 0xff, 0x80, 0xfb, 0x00, 0x02, 0x0f, 0xff, 0xff, 0xfe, 0x00, 0x03, 0x03, 0xff, 0xff, 0x80, 0xfb, 0x00, 0x09, 0x07, 0xff,
  0xff, 0x01, 0x80, 0x06, 0x03, 0xff, 0xff, 0x80, 0xfb, 0x00, 0x08, 0x07, 0xff, 0xff, 0x03, 0xe0, 0x1f, 0x03, 0xff, 0xff, 0xfa, 0x00, 0x08, 0x03,
  0xff, 0xfe, 0x07, 0xf8, 0x7f, 0x01, 0xff, 0xfe, 0xfa, 0x00, 0x08, 0x03, 0xff, 0xfc, 0x07, 0xff, 0xff, 0x00, 0xff, 0xfc, 0xf9, 0x00, 0x07, 0xff,
  0xf8, 0x07, 0xff, 0xff, 0x00, 0x7f, 0xf8, 0xf9, 0x00, 0x04, 0x3f, 0xe0, 0x03, 0xff, 0xfe, 0xf4, 0x00, 0x02, 0x01, 0xff, 0xfc, 0xf3, 0x00, 0x01,
  0x7f, 0xf0, 0xf3, 0x00, 0x00, 0x06, 0x81, 0x00, 0x81, 0x00, 0xd9, 0x00, 0x81, 0x00, 0xad, 0x00, 0x01, 0x1f, 0xc0, 0xfd, 0x00, 0x01, 0x7f, 0xf8,
  0xfa, 0x00, 0x02, 0x01, 0xff, 0xf8, 0xfd, 0x00, 0x01, 0xff, 0xfe, 0xfa, 0x00, 0x02, 0x03, 0xff, 0xfc, 0xfe, 0x00, 0x02, 0x01, 0xff, 0xff, 0xfa,
  0x00, 0x02, 0x07, 0xff, 0xfe, 0xfe, 0x00, 0x02, 0x03, 0xff, 0xff, 0xfa, 0x00, 0x02, 0x07, 0xff, 0xff, 0xfe, 0x00, 0x03, 0x03, 0xff, 0xff, 0x80,
  0xfb, 0x00, 0x02, 0x0f, 0xff, 0xff, 0xfe, 0x00, 0x03, 0x07, 0xff, 0xff, 0x80, 0xfb, 0x00, 0x02, 0x0f, 0xff, 0xff, 0xfe, 0x00, 0x03, 0x07, 0xff,
  0xff, 0xc0, 0xfb, 0x00, 0x02, 0x0f, 0xff, 0xff, 0xfe, 0x00, 0x03, 0x07, 0xff, 0xff, 0xc0, 0xfb, 0x00, 0x02, 0x1f, 0xff, 0xff, 0xfe, 0x00, 0x03,
  0x07, 0xff, 0xff, 0xc0, 0xfb, 0x00, 0x02, 0x1f, 0xff, 0xff, 0xfe, 0x00, 0x03, 0x07, 0xff, 0xff, 0xc0, 0xfb, 0x00, 0x02, 0x1f, 0xff, 0xff, 0xfe,
  0x00, 0x03, 0x07, 0xff, 0xff, 0xc0, 0xfb, 0x00, 0x02, 0x1f, 0xff, 0xff, 0xfe, 0x00, 0x03, 0x07, 0xff, 0xff, 0xe0, 0xfb, 0x00, 0x02, 0x1f, 0xff,
  0xff, 0xfe, 0x00, 0x03, 0x07, 0xff, 0xff, 0xe0, 0xfb, 0x00, 0x02, 0x1f, 0xff, 0xff, 0xfe, 0x00, 0x03, 0x03, 0xff, 0xff, 0xe0, 0xfb, 0x00, 0x02,
  0x1f, 0xff, 0xff, 0xfe, 0x00, 0x03, 0x03, 0xff, 0xff, 0xe0, 0xfb, 0x00, 0x02, 0x1f, 0xff, 0xff, 0xfe, 0x00, 0x03, 0x03, 0xff, 0xff, 0xe0, 0xfb,
  0x00, 0x02, 0x1f, 0xff, 0xff, 0xfe, 0x00, 0x03, 0x03, 0xff, 0xff, 0xc0, 0xfb, 0x00, 0x02, 0x1f, 0xff, 0xff, 0xfe, 0x00, 0x03, 0x03, 0xff, 0xff,
  0xc0, 0xfb, 0x00, 0x02, 0x1f, 0xff, 0xff, 0xfe, 0x00, 0x03, 0x03, 0xff, 0xff, 0xc0, 0xfb, 0x00, 0x02, 0x0f, 0xff, 0xff, 0xfe, 0x00, 0x03, 0x03,
  0xff, 0xff, 0xc0, 0xfb, 0x00, 0x02, 0x0f, 0xff, 0xff, 0xfe, 0x00, 0x03, 0x03, 0xff, 0xff, 0xc0, 0xfb, 0x00, 0x02, 0x0f, 0xff, 0xff, 0xfe, 0x00,
  0x03, 0x03, 0xff, 0xff, 0xc0, 0xfb, 0x00, 0x02, 0x0f, 0xff, 0xff, 0xfe, 0x00, 0x03, 0x03, 0xff, 0xff, 0x80, 0xfb, 0x00, 0x02, 0x0f, 0xff, 0xff,
  0xfe, 0x00, 0x03, 0x03, 0xff, 0xff, 0x80, 0xfb, 0x00, 0x09, 0x07, 0xff, 0xff, 0x01, 0x80, 0x0e, 0x03, 0xff, 0xff, 0x80, 0xfb, 0x00, 0x08, 0x07,
  0xff, 0xff, 0x03, 0xe0, 0x1f, 0x03, 0xff, 0xff, 0xfa, 0x00, 0x08, 0x03, 0xff, 0xfe, 0x07, 0xff, 0xff, 0x01, 0xff, 0xfe, 0xfa, 0x00, 0x08, 0x01,
  0xff, 0xfc, 0x07, 0xff, 0xff, 0x00, 0xff, 0xfc, 0xf9, 0x00, 0x07, 0xff, 0xf8, 0x07, 0xff, 0xff, 0x00, 0x7f, 0xf8, 0xf9, 0x00, 0x04, 0x3f, 0xe0,
  0x03, 0xff, 0xfe, 0xf4, 0x00, 0x02, 0x01, 0xff, 0xfc, 0xf3, 0x00, 0x01, 0x7f, 0xf0, 0xf3, 0x00, 0x00, 0x06, 0x81, 0x00, 0x81, 0x00, 0xd9, 0x00,
  0x81, 0x00, 0xad, 0x00, 0x01, 0x1f, 0xe0, 0xfd, 0x00, 0x01, 0x7f, 0xf8, 0xfa, 0x00, 0x02, 0x01, 0xff, 0xf8, 0xfd, 0x00, 0x01, 0xff, 0xfe, 0xfa,
  0x00, 0x02, 0x03, 0xff, 0xfc, 0xfe, 0x00, 0x02, 0x01, 0xff, 0xff, 0xfa, 0x00, 0x02, 0x07, 0xff, 0xfe, 0xfe, 0x00, 0x02, 0x03, 0xff, 0xff, 0xfa,
  0x00, 0x02, 0x07, 0xff, 0xff, 0xfe, 0x00, 0x03, 0x03, 0xff, 0xff, 0x80, 0xfb, 0x00, 0x02, 0x0f, 0xff, 0xff, 0xfe, 0x00, 0x03, 0x07, 0xff, 0xff,
  0x80, 0xfb, 0x00, 0x02, 0x0f, 0xff, 0xff, 0xfe, 0x00, 0x03, 0x07, 0xff, 0xff, 0xc0, 0xfb, 0x00, 0x02, 0x0f, 0xff, 0xff, 0xfe, 0x00, 0x03, 0x07,
  0xff, 0xff, 0xc0, 0xfb, 0x00, 0x02, 0x1f, 0xff, 0xff, 0xfe, 0x00, 0x03, 0x07, 0xff, 0xff, 0xc0, 0xfb, 0x00, 0x02, 0x1f, 0xff, 0xff, 0xfe, 0x00,
  0x03, 0x07, 0xff, 0xff, 0xc0, 0xfb, 0x00, 0x02, 0x1f, 0xff, 0xff, 0xfe, 0x00, 0x03, 0x07, 0xff, 0xff, 0xc0, 0xfb, 0x00, 0x02, 0x1f, 0xff, 0xff,
  0xfe, 0x00, 0x03, 0x07, 0xff, 0xff, 0xe0, 0xfb, 0x00, 0x02, 0x1f, 0xff, 0xff, 0xfe, 0x00, 0x03, 0x07, 0xff, 0xff, 0xe0, 0xfb, 0x00, 0x02, 0x1f,
  0xff, 0xff, 0xfe, 0x00, 0x03, 0x03, 0xff, 0xff, 0xe0, 0xfb, 0x00, 0x02, 0x1f, 0xff, 0xff, 0xfe, 0x00, 0x03, 0x03, 0xff, 0xff, 0xe0, 0xfb, 0x00,
  0x02, 0x1f, 0xff, 0xff, 0xfe, 0x00, 0x03, 0x03, 0xff, 0xff, 0xe0, 0xfb, 0x00, 0x02, 0x1f, 0xff, 0xff, 0xfe, 0x00, 0x03, 0x03, 0xff, 0xff, 0xc0,
  0xfb, 0x00, 0x02, 0x1f, 0xff, 0xff, 0xfe, 0x00, 0x03, 0x03, 0xff, 0xff, 0xc0, 0xfb, 0x00, 0x02, 0x1f, 0xff, 0xff, 0xfe, 0x00, 0x03, 0x03, 0xff,
  0xff, 0xc0, 0xfb, 0x00, 0x02, 0x0f, 0xff, 0xff, 0xfe, 0x00, 0x03, 0x03, 0xff, 0xff, 0xc0, 0xfb, 0x00, 0x02, 0x0f, 0xff, 0xff, 0xfe, 0x00, 0x03,
  0x03, 0xff, 0xff, 0xc0, 0xfb, 0x00, 0x02, 0x0f, 0xff, 0xff, 0xfe, 0x00, 0x03, 0x03, 0xff, 0xff, 0xc0, 0xfb, 0x00, 0x02, 0x0f, 0xff, 0xff, 0xfe,
  0x00, 0x03, 0x03, 0xff, 0xff, 0x80, 0xfb, 0x00, 0x02, 0x0f, 0xff, 0xff, 0xfe, 0x00, 0x03, 0x03, 0xff, 0xff, 0x80, 0xfb, 0x00, 0x09, 0x07, 0xff,
  0xff, 0x01, 0x80, 0x06, 0x03, 0xff, 0xff, 0x80, 0xfb, 0x00, 0x08, 0x07, 0xff, 0xff, 0x03, 0xe0, 0x1f, 0x03, 0xff, 0xff, 0xfa, 0x00, 0x08, 0x03,
  0xff, 0xfe, 0x07, 0xf8, 0x7f, 0x01, 0xff, 0xfe, 0xfa, 0x00, 0x08, 0x01, 0xff, 0xfc, 0x07, 0xff, 0xff, 0x00, 0xff, 0xfc, 0xf9, 0x00, 0x07, 0xff,
  0xf8, 0x07, 0xff, 0xff, 0x00, 0x7f, 0xf8, 0xf9, 0x00, 0x04, 0x3f, 0xe0, 0x03, 0xff, 0xfe, 0xf4, 0x00, 0x02, 0x01, 0xff, 0xfc, 0xf3, 0x00, 0x01,
  0x7f, 0xf0, 0xf3, 0x00, 0x00, 0x06, 0x81, 0x00, 0x81, 0x00, 0xd9, 0x00, 0x81, 0x00, 0xad, 0x00, 0x01, 0x0f, 0x80, 0xfd, 0x00, 0x01, 0x7f, 0xf8,
  0xfa, 0x00, 0x02, 0x01, 0xff, 0xf8, 0xfd, 0x00, 0x01, 0xff, 0xfe, 0xfa, 0x00, 0x02, 0x03, 0xff, 0xfc, 0xfe, 0x00, 0x02, 0x01, 0xff, 0xff, 0xfa,
  0x00, 0x02, 0x07, 0xff, 0xfe, 0xfe, 0x00, 0x02, 0x03, 0xff, 0xff, 0xfa, 0x00, 0x02, 0x07, 0xff, 0xff, 0xfe, 0x00, 0x03, 0x03, 0xff, 0xff, 0x80,
  0xfb, 0x00, 0x02, 0x0f, 0xff, 0xff, 0xfe, 0x00, 0x03, 0x07, 0xff, 0xff, 0x80, 0xfb, 0x00, 0x02, 0x0f, 0xff, 0xff, 0xfe, 0x00, 0x03, 0x07, 0xff,
  0xff, 0xc0, 0xfb, 0x00, 0x02, 0x0f, 0xff, 0xff, 0xfe, 0x00, 0x03, 0x07, 0xff, 0xff, 0xc0, 0xfb, 0x00, 0x02, 0x1f, 0xff, 0xff, 0xfe, 0x00, 0x03,
  0x07, 0xff, 0xff, 0xc0, 0xfb, 0x00, 0x02, 0x1f, 0xff, 0xff, 0xfe, 0x00, 0x03, 0x07, 0xff, 0xff, 0xc0, 0xfb, 0x00, 0x02, 0x1f, 0xff, 0xff, 0xfe,
  0x00, 0x03, 0x07, 0xff, 0xff, 0xc0, 0xfb, 0x00, 0x02, 0x1f, 0xff, 0xff, 0xfe, 0x00, 0x03, 0x07, 0xff, 0xff, 0xe0, 0xfb, 0x00, 0x02, 0x1f, 0xff,
  0xff, 0xfe, 0x00, 0x03, 0x07, 0xff, 0xff, 0xe0, 0xfb, 0x00, 0x02, 0x1f, 0xff, 0xff, 0xfe, 0x00, 0x03, 0x03, 0xff, 0xff, 0xe0, 0xfb, 0x00, 0x02,
  0x1f, 0xff, 0xff, 0xfe, 0x00, 0x03, 0x03, 0xff, 0xff, 0xe0, 0xfb, 0x00, 0x02, 0x1f, 0xff, 0xff, 0xfe, 0x00, 0x03, 0x03, 0xff, 0xff, 0xe0, 0xfb,
  0x00, 0x02, 0x1f, 0xff, 0xff, 0xfe, 0x00, 0x03, 0x03, 0xff, 0xff, 0xc0, 0xfb, 0x00, 0x02, 0x1f, 0xff, 0xff, 0xfe, 0x00, 0x03, 0x03, 0xff, 0xff,
  0xc0, 0xfb, 0x00, 0x02, 0x1f, 0xff, 0xff, 0xfe, 0x00, 0x03, 0x03, 0xff, 0xff, 0xc0, 0xfb, 0x00, 0x02, 0x0f, 0xff, 0xff, 0xfe, 0x00, 0x03, 0x03,
  0xff, 0xff, 0xc0, 0xfb, 0x00, 0x02, 0x0f, 0xff, 0xff, 0xfe, 0x00, 0x03, 0x03, 0xff, 0xff, 0xc0, 0xfb, 0x00, 0x02, 0x0f, 0xff, 0xff, 0xfe, 0x00,
  0x03, 0x03, 0xff, 0xff, 0xc0, 0xfb, 0x00, 0x02, 0x0f, 0xff, 0xff, 0xfe, 0x00, 0x03, 0x03, 0xff, 0xff, 0x80, 0xfb, 0x00, 0x02, 0x0f, 0xff, 0xff,
  0xfe, 0x00, 0x03, 0x03, 0xff, 0xff, 0x80, 0xfb, 0x00, 0x09, 0x07, 0xff, 0xff, 0x01, 0x80, 0x0e, 0x03, 0xff, 0xff, 0x80, 0xfb, 0x00, 0x08, 0x07,
  0xff, 0xff, 0x03, 0xe0, 0x1f, 0x03, 0xff, 0xff, 0xfa, 0x00, 0x08, 0x03, 0xff, 0xfe, 0x07, 0xfc, 0xff, 0x01, 0xff, 0xff, 0xfa, 0x00, 0x08, 0x03,
  0xff, 0xfe, 0x07, 0xff, 0xff, 0x00, 0xff, 0xfe, 0xf9, 0x00, 0x07, 0xff, 0xf8, 0x07, 0xff, 0xff, 0x00, 0x7f, 0xf8, 0xf9, 0x00, 0x04, 0x3f, 0xe0,
  0x03, 0xff, 0xfe, 0xf4, 0x00, 0x02, 0x01, 0xff, 0xfc, 0xf3, 0x00, 0x01, 0x7f, 0xf0, 0xf3, 0x00, 0x00, 0x06, 0x81, 0x00, 0x81, 0x00, 0xd9, 0x00,
  0x81, 0x00, 0xb7, 0x00, 0x00, 0x02, 0xf8, 0x00, 0x01, 0x7f, 0xf0, 0xfd, 0x00, 0x01, 0x7f, 0xfc, 0xfa, 0x00, 0x02, 0x01, 0xff, 0xf8, 0xfe, 0x00,
  0x02, 0x01, 0xff, 0xfe, 0xfa, 0x00, 0x02, 0x03, 0xff, 0xfe, 0xfe, 0x00, 0x02, 0x01, 0xff, 0xff, 0xfa, 0x00, 0x02, 0x07, 0xff, 0xfe, 0xfe, 0x00,
  0x03, 0x03, 0xff, 0xff, 0x80, 0xfb, 0x00, 0x02, 0x07, 0xff, 0xff, 0xfe, 0x00, 0x03, 0x03, 0xff, 0xff, 0x80, 0xfb, 0x00, 0x02, 0x0f, 0xff, 0xff,
  0xfe, 0x00, 0x03, 0x03, 0xff, 0xff, 0xc0, 0xfb, 0x00, 0x02, 0x0f, 0xff, 0xff, 0xfe, 0x00, 0x03, 0x07, 0xff, 0xff, 0xc0, 0xfb, 0x00, 0x02, 0x0f,
  0xff, 0xff, 0xfe, 0x00, 0x03, 0x07, 0xff, 0xff, 0xc0, 0xfb, 0x00, 0x02, 0x0f, 0xff, 0xff, 0xfe, 0x00, 0x03, 0x07, 0xff, 0xff, 0xc0, 0xfb, 0x00,
  0x02, 0x0f, 0xff, 0xff, 0xfe, 0x00, 0x03, 0x07, 0xff, 0xff, 0xe0, 0xfb, 0x00, 0x02, 0x1f, 0xff, 0xff, 0xfe, 0x00, 0x03, 0x03, 0xff, 0xff, 0xe0,
  0xfb, 0x00, 0x02, 0x1f, 0xff, 0xff, 0xfe, 0x00, 0x03, 0x03, 0xff, 0xff, 0xe0, 0xfb, 0x00, 0x02, 0x1f, 0xff, 0xff, 0xfe, 0x00, 0x03, 0x03, 0xff,
  0xff, 0xe0, 0xfb, 0x00, 0x02, 0x1f, 0xff, 0xff, 0xfe, 0x00, 0x03, 0x03, 0xff, 0xff, 0xe0, 0xfb, 0x00, 0x02, 0x1f, 0xff, 0xff, 0xfe, 0x00, 0x03,
  0x03, 0xff, 0xff, 0xe0, 0xfb, 0x00, 0x02, 0x1f, 0xff, 0xff, 0xfe, 0x00, 0x03, 0x03, 0xff, 0xff, 0xe0, 0xfb, 0x00, 0x02, 0x1f, 0xff, 0xff, 0xfe,
  0x00, 0x03, 0x03, 0xff, 0xff, 0xc0, 0xfb, 0x00, 0x02, 0x0f, 0xff, 0xff, 0xfe, 0x00, 0x03, 0x03, 0xff, 0xff, 0xc0, 0xfb, 0x00, 0x02, 0x0f, 0xff,
  0xff, 0xfe, 0x00, 0x03, 0x03, 0xff, 0xff, 0xc0, 0xfb, 0x00, 0x02, 0x0f, 0xff, 0xff, 0xfe, 0x00, 0x03, 0x03, 0xff, 0xff, 0xc0, 0xfb, 0x00, 0x02,
  0x0f, 0xff, 0xff, 0xfe, 0x00, 0x03, 0x03, 0xff, 0xff, 0xc0, 0xfb, 0x00, 0x02, 0x0f, 0xff, 0xff, 0xfe, 0x00, 0x03, 0x03, 0xff, 0xff, 0xc0, 0xfb,
  0x00, 0x02, 0x0f, 0xff, 0xff, 0xfe, 0x00, 0x03, 0x03, 0xff, 0xff, 0x80, 0xfb, 0x00, 0x02, 0x07, 0xff, 0xff, 0xfe, 0x00, 0x03, 0x03, 0xff, 0xff,
  0x80, 0xfb, 0x00, 0x08, 0x07, 0xff, 0xff, 0x03, 0xc0, 0x0e, 0x03, 0xff, 0xff, 0xfa, 0x00, 0x08, 0x03, 0xff, 0xff, 0x03, 0xe0, 0x3f, 0x01, 0xff,
  0xff, 0xfa, 0x00, 0x08, 0x03, 0xff, 0xfe, 0x03, 0xff, 0xff, 0x81, 0xff, 0xfe, 0xfa, 0x00, 0x08, 0x01, 0xff, 0xfc, 0x03, 0xff, 0xff, 0x00, 0x7f,
  0xfc, 0xf9, 0x00, 0x07, 0x7f, 0xf0, 0x03, 0xff, 0xff, 0x00, 0x1f, 0xe0, 0xf9, 0x00, 0x04, 0x01, 0x00, 0x01, 0xff, 0xfe, 0xf3, 0x00, 0x01, 0xff,
  0xfc, 0xf3, 0x00, 0x01, 0x3f, 0xf0, 0x81, 0x00, 0x81, 0x00, 0xca, 0x00, 0x81, 0x00, 0xb7, 0x00, 0x01, 0x07, 0xc0, 0xf9, 0x00, 0x01, 0xff, 0xf0,
  0xfd, 0x00, 0x01, 0x7f, 0xfc, 0xfa, 0x00, 0x02, 0x01, 0xff, 0xfc, 0xfe, 0x00, 0x02, 0x01, 0xff, 0xfe, 0xfa, 0x00, 0x02, 0x03, 0xff, 0xfe, 0xfe,
  0x00, 0x02, 0x01, 0xff, 0xff, 0xfa, 0x00, 0x02, 0x07, 0xff, 0xff, 0xfe, 0x00, 0x03, 0x03, 0xff, 0xff, 0x80, 0xfb, 0x00, 0x02, 0x07, 0xff, 0xff,
  0xfe, 0x00, 0x03, 0x03, 0xff, 0xff, 0x80, 0xfb, 0x00, 0x02, 0x0f, 0xff, 0xff, 0xfe, 0x00, 0x03, 0x07, 0xff, 0xff, 0xc0, 0xfb, 0x00, 0x02, 0x0f,
  0xff, 0xff, 0xfe, 0x00, 0x03, 0x07, 0xff, 0xff, 0xc0, 0xfb, 0x00, 0x02, 0x0f, 0xff, 0xff, 0xfe, 0x00, 0x03, 0x07, 0xff, 0xff, 0xc0, 0xfb, 0x00,
  0x02, 0x0f, 0xff, 0xff, 0xfe, 0x00, 0x03, 0x07, 0xff, 0xff, 0xc0, 0xfb, 0x00, 0x02, 0x0f, 0xff, 0xff, 0xfe, 0x00, 0x03, 0x07, 0xff, 0xff, 0xe0,
  0xfb, 0x00, 0x02, 0x1f, 0xff, 0xff, 0xfe, 0x00, 0x03, 0x07, 0xff, 0xff, 0xe0, 0xfb, 0x00, 0x02, 0x1f, 0xff, 0xff, 0xfe, 0x00, 0x03, 0x03, 0xff,
  0xff, 0xe0, 0xfb, 0x00, 0x02, 0x1f, 0xff, 0xff, 0xfe, 0x00, 0x03, 0x03, 0xff, 0xff, 0xe0, 0xfb, 0x00, 0x02, 0x1f, 0xff, 0xff, 0xfe, 0x00, 0x03,
  0x03, 0xff, 0xff, 0xe0, 0xfb, 0x00, 0x02, 0x1f, 0xff, 0xff, 0xfe, 0x00, 0x03, 0x03, 0xff, 0xff, 0xe0, 0xfb, 0x00, 0x02, 0x1f, 0xff, 0xff, 0xfe,
  0x00, 0x03, 0x03, 0xff, 0xff, 0xe0, 0xfb, 0x00, 0x02, 0x1f, 0xff, 0xff, 0xfe, 0x00, 0x03, 0x03, 0xff, 0xff, 0xe0, 0xfb, 0x00, 0x02, 0x0f, 0xff,
  0xff, 0xfe, 0x00, 0x03, 0x03, 0xff, 0xff, 0xc0, 0xfb, 0x00, 0x02, 0x0f, 0xff, 0xff, 0xfe, 0x00, 0x03, 0x03, 0xff, 0xff, 0xc0, 0xfb, 0x00, 0x02,
  0x0f, 0xff, 0xff, 0xfe, 0x00, 0x03, 0x03, 0xff, 0xff, 0xc0, 0xfb, 0x00, 0x02, 0x0f, 0xff, 0xff, 0xfe, 0x00, 0x03, 0x03, 0xff, 0xff, 0xc0, 0xfb,
  0x00, 0x02, 0x0f, 0xff, 0xff, 0xfe, 0x00, 0x03, 0x03, 0xff, 0xff, 0xc0, 0xfb, 0x00, 0x02, 0x0f, 0xff, 0xff, 0xfe, 0x00, 0x03, 0x03, 0xff, 0xff,
  0x80, 0xfb, 0x00, 0x02, 0x07, 0xff, 0xff, 0xfe, 0x00, 0x03, 0x03, 0xff, 0xff, 0x80, 0xfb, 0x00, 0x08, 0x07, 0xff, 0xff, 0x03, 0xc0, 0x0f, 0x03,
  0xff, 0xff, 0xfa, 0x00, 0x08, 0x03, 0xff, 0xff, 0x03, 0xf0, 0x3f, 0x01, 0xff, 0xff, 0xfa, 0x00, 0x08, 0x03, 0xff, 0xfe, 0x03, 0xff, 0xff, 0x81,
  0xff, 0xfe, 0xfa, 0x00, 0x08, 0x01, 0xff, 0xfc, 0x03, 0xff, 0xff, 0x00, 0x7f, 0xfc, 0xf9, 0x00, 0x07, 0x7f, 0xf0, 0x03, 0xff, 0xff, 0x00, 0x1f,
  0xe0, 0xf9, 0x00, 0x04, 0x01, 0x00, 0x01, 0xff, 0xfe, 0xf3, 0x00, 0x01, 0xff, 0xfc, 0xf3, 0x00, 0x01, 0x3f, 0xf0, 0x81, 0x00, 0x81, 0x00, 0xca,
  0x00, 0x81, 0x00, 0xb7, 0x00, 0x01, 0x01, 0x40, 0xf9, 0x00, 0x01, 0x1f, 0xfc, 0xfd, 0x00, 0x01, 0x7f, 0xfe, 0xf9, 0x00, 0x02, 0x7f, 0xff, 0x80,
  0xfe, 0x00, 0x01, 0xff, 0xff, 0xfa, 0x00, 0x09, 0x01, 0xff, 0xff, 0xc0, 0x00, 0x00, 0x01, 0xff, 0xff, 0x80, 0xfb, 0x00, 0x09, 0x07, 0xff, 0xff,
  0xc0, 0x00, 0x00, 0x01, 0xff, 0xff, 0xe0, 0xfb, 0x00, 0x09, 0x1f, 0xff, 0xff, 0x80, 0x00, 0x00, 0x03, 0xff, 0xff, 0xf0, 0xfb, 0x00, 0x02, 0x3f,
  0xff, 0xff, 0xfe, 0x00, 0x03, 0x03, 0xff, 0xff, 0xf8, 0xfb, 0x00, 0x09, 0x3f, 0xff, 0xff, 0x80, 0x00, 0x00, 0x03, 0xff, 0xff, 0xf8, 0xfb, 0x00,
  0x09, 0x1f, 0xff, 0xff, 0x80, 0x00, 0x00, 0x03, 0xff, 0xff, 0xfc, 0xfb, 0x00, 0x09, 0x1f, 0xff, 0xff, 0xc0, 0x00, 0x00, 0x03, 0xff, 0xff, 0xfe,
  0xfb, 0x00, 0x09, 0x0f, 0xff, 0xff, 0xc0, 0x00, 0x00, 0x03, 0xff, 0xff, 0xfe, 0xfb, 0x00, 0x09, 0x1f, 0xff, 0xff, 0xc0, 0x00, 0x00, 0x03, 0xff,
  0xff, 0xfc, 0xfb, 0x00, 0x09, 0x1f, 0xff, 0xff, 0x80, 0x00, 0x00, 0x03, 0xff, 0xff, 0xf8, 0xfb, 0x00, 0x02, 0x3f, 0xff, 0xff, 0xfe, 0x00, 0x03,
  0x03, 0xff, 0xff, 0xf8, 0xfb, 0x00, 0x09, 0x1f, 0xff, 0xff, 0x80, 0x00, 0x00, 0x03, 0xff, 0xff, 0xfc, 0xfb, 0x00, 0x09, 0x1f, 0xff, 0xff, 0xc0,
  0x00, 0x00, 0x03, 0xff, 0xff, 0xfc, 0xfb, 0x00, 0x09, 0x1f, 0xff, 0xff, 0xc0, 0x00, 0x00, 0x03, 0xff, 0xff, 0xfe, 0xfb, 0x00, 0x09, 0x0f, 0xff,
  0xff, 0xc0, 0x00, 0x00, 0x03, 0xff, 0xff, 0xfc, 0xfb, 0x00, 0x09, 0x1f, 0xff, 0xff, 0x80, 0x00, 0x00, 0x03, 0xff, 0xff, 0xf8, 0xfb, 0x00, 0x09,
  0x1f, 0xff, 0xff, 0x80, 0x00, 0x00, 0x03, 0xff, 0xff, 0xf8, 0xfb, 0x00, 0x09, 0x3f, 0xff, 0xff, 0x80, 0x00, 0x00, 0x03, 0xff, 0xff, 0xfc, 0xfb,
  0x00, 0x09, 0x1f, 0xff, 0xff, 0xc0, 0x00, 0x00, 0x03, 0xff, 0xff, 0xfc, 0xfb, 0x00, 0x09, 0x0f, 0xff, 0xff, 0xc0, 0x00, 0x00, 0x03, 0xff, 0xff,
  0xfe, 0xfb, 0x00, 0x09, 0x0f, 0xff, 0xff, 0xc0, 0x00, 0x00, 0x03, 0xff, 0xff, 0xfc, 0xfb, 0x00, 0x09, 0x0f, 0xff, 0xff, 0xc0, 0x00, 0x00, 0x03,
  0xff, 0xff, 0xf0, 0xfb, 0x00, 0x08, 0x07, 0xff, 0xff, 0x83, 0xf0, 0x1f, 0x81, 0xff, 0xff, 0xfa, 0x00, 0x08, 0x03, 0xff, 0xff, 0x07, 0xf8, 0x3f,
  0xc1, 0xff, 0xff, 0xfa, 0x00, 0x08, 0x01, 0xff, 0xff, 0x87, 0xff, 0xff, 0xe1, 0xff, 0xfe, 0xf9, 0x00, 0x07, 0xff, 0xff, 0x83, 0xff, 0xff, 0xf0,
  0x7f, 0xff, 0xf9, 0x00, 0x07, 0x3f, 0xfe, 0x03, 0xff, 0xff, 0xf8, 0x1f, 0xfc, 0xf7, 0x00, 0x03, 0x01, 0xff, 0xff, 0xf0, 0xf4, 0x00, 0x01, 0xff,
  0xfe, 0xf3, 0x00, 0x01, 0x1f, 0xf0, 0x81, 0x00, 0x81, 0x00, 0xca, 0x00,
};
