// content.gif: 76 frames, 15 fps, 128x64 1-bit
// Each frame: 1024 bytes (16 per row, MSB = left pixel), PackBits-compressed.
#pragma once

#define ANIM_CONTENT_FRAMES 76
#define ANIM_CONTENT_FPS 15

const uint8_t anim_content[] PROGMEM = {
  0xac, 0x00, 0x04, 0x07, 0xc0, 0x00, 0x00, 0x3f, 0xf6, 0x00, 0x05, 0x07, 0xe0, 0x00, 0x00, 0x3f, 0x80, 0xf7, 0x00, 0x07, 0x07, 0xf0, 0x00, 0x00,
  0x3f, 0x80, 0x00, 0x80, 0xfb, 0x00, 0x09, 0x18, 0x00, 0x0f, 0xf0, 0x00, 0x00, 0x7f, 0x80, 0x01, 0xc0, 0xfb, 0x00, 0x09, 0x3c, 0x00, 0x0f, 0xf0,
  0x00, 0x00, 0x7f, 0x80, 0x01, 0xe0, 0xfb, 0x00, 0x09, 0x3c, 0x00, 0x0f, 0xf0, 0x00, 0x00, 0x7f, 0x80, 0x01, 0xf0, 0xfb, 0x00, 0x09, 0x7c, 0x00,
  0x0f, 0xf0, 0x00, 0x00, 0x7f, 0x80, 0x01, 0xf0, 0xfb, 0x00, 0x09, 0x7c, 0x00, 0x0f, 0xf0, 0x00, 0x00, 0x7f, 0x80, 0x01, 0xf0, 0xfb, 0x00, 0x09,
  0x7c, 0x00, 0x0f, 0xf0, 0x00, 0x00, 0x7f, 0x80, 0x00, 0xf0, 0xfb, 0x00, 0x09, 0x7c, 0x00, 0x0f, 0xf0, 0x00, 0x00, 0x7f, 0xc0, 0x00, 0xf8, 0xfb,
  0x00, 0x09, 0x7c, 0x00, 0x0f, 0xf0, 0x00, 0x00, 0x3f, 0xc0, 0x00, 0xf8, 0xfb, 0x00, 0x09, 0x7c, 0x00, 0x1f, 0xe0, 0x00, 0x00, 0x3f, 0xc0, 0x00,
  0xf8, 0xfb, 0x00, 0x09, 0x7c, 0x00, 0x1f, 0xe0, 0x00, 0x00, 0x3f, 0xc0, 0x00, 0xf8, 0xfb, 0x00, 0x09, 0x7c, 0x00, 0x1f, 0xe0, 0x00, 0x00, 0x3f,
  0xe0, 0x00, 0xf8, 0xfb, 0x00, 0x09, 0x7c, 0x00, 0x1f, 0xe0, 0x00, 0x00, 0x1f, 0xe0, 0x01, 0xf8, 0xfb, 0x00, 0x09, 0x7c, 0x00, 0x3f, 0xc0, 0x00,
  0x00, 0x1f, 0xe0, 0x01, 0xf8, 0xfb, 0x00, 0x09, 0x7c, 0x00, 0x7f, 0xc0, 0x00, 0x00, 0x0f, 0xf0, 0x01, 0xf0, 0xfb, 0x00, 0x09, 0x7e, 0x00, 0x7f,
  0xc0, 0x00, 0x00, 0x0f, 0xf8, 0x03, 0xf0, 0xfb, 0x00, 0x09, 0x7f, 0x00, 0xff, 0x87, 0x00, 0x07, 0x07, 0xfc, 0x07, 0xf0, 0xfb, 0x00, 0x09, 0x3f,
  0xef, 0xff, 0x07, 0x80, 0x07, 0x07, 0xff, 0xff, 0xe0, 0xfb, 0x00, 0x09, 0x3f, 0xff, 0xff, 0x07, 0x83, 0x07, 0x03, 0xff, 0xff, 0xe0, 0xfb, 0x00,
  0x09, 0x1f, 0xff, 0xfe, 0x07, 0x8f, 0x87, 0x01, 0xff, 0xff, 0xc0, 0xfb, 0x00, 0x09, 0x1f, 0xff, 0xfc, 0x07, 0xcf, 0xcf, 0x01, 0xff, 0xff, 0x80,
  0xfb, 0x00, 0x08, 0x07, 0xff, 0xf8, 0x07, 0xdf, 0xff, 0x00, 0x7f, 0xff, 0xfa, 0x00, 0x08, 0x03, 0xff, 0xf0, 0x07, 0xff, 0xff, 0x00, 0x3f, 0xfe,
  0xfa, 0x00, 0x08, 0x01, 0xff, 0xc0, 0x07, 0xff, 0xff, 0x00, 0x0f, 0xf8, 0xf9, 0x00, 0x04, 0x3f, 0x00, 0x03, 0xff, 0xfe, 0xf6, 0x00, 0x07, 0x04,
  0x00, 0x03, 0xff, 0xfe, 0x00, 0x01, 0xc0, 0xf9, 0x00, 0x07, 0x7f, 0x80, 0x01, 0xff, 0xfc, 0x00, 0x0f, 0xfe, 0xfa, 0x00, 0x09, 0x03, 0xff, 0xc0,
  0x00, 0xf8, 0xfc, 0x00, 0x1f, 0xff, 0xc0, 0xfb, 0x00, 0x09, 0x0f, 0xff, 0xe0, 0x00, 0x60, 0x00, 0x00, 0x3f, 0xff, 0xc0, 0xfb, 0x00, 0x02, 0x3f,
  0xff, 0xf0, 0xfd, 0x00, 0x02, 0x3f, 0xff, 0xf0, 0xfb, 0x00, 0x02, 0x7f, 0xff, 0xf0, 0xfd, 0x00, 0x02, 0x3f, 0xff, 0xf8, 0xfb, 0x00, 0x02, 0x7f,
  0xff, 0xe0, 0xfd, 0x00, 0x02, 0x3f, 0xff, 0xfc, 0xfb, 0x00, 0x02, 0xff, 0xff, 0xc0, 0xfd, 0x00, 0x02, 0x0f, 0xff, 0xfc, 0xfb, 0x00, 0x01, 0x7f,
  0xff, 0xfc, 0x00, 0x02, 0x03, 0xff, 0xf8, 0xfb, 0x00, 0x01, 0x7f, 0xf8, 0xfb, 0x00, 0x01, 0x7f, 0xf0, 0x81, 0x00, 0x81, 0x00, 0x9e, 0x00, 0xb8,
  0x00, 0x00, 0x1c, 0xf6, 0x00, 0x04, 0x07, 0xc0, 0x00, 0x00, 0x3f, 0xf6, 0x00, 0x05, 0x07, 0xe0, 0x00, 0x00, 0x3f, 0x80, 0xf7, 0x00, 0x07, 0x07,
  0xf0, 0x00, 0x00, 0x3f, 0x80, 0x00, 0x80, 0xfb, 0x00, 0x09, 0x18, 0x00, 0x0f, 0xf0, 0x00, 0x00, 0x3f, 0x80, 0x01, 0xc0, 0xfb, 0x00, 0x09, 0x3c,
  0x00, 0x0f, 0xf0, 0x00, 0x00, 0x7f, 0x80, 0x01, 0xe0, 0xfb, 0x00, 0x09, 0x3c, 0x00, 0x0f, 0xf0, 0x00, 0x00, 0x7f, 0x80, 0x01, 0xf0, 0xfb, 0x00,
  0x09, 0x7c, 0x00, 0x0f, 0xf0, 0x00, 0x00, 0x7f, 0x80, 0x01, 0xf0, 0xfb, 0x00, 0x09, 0x7c, 0x00, 0x0f, 0xf0, 0x00, 0x00, 0x7f, 0x80, 0x01, 0xf0,
  0xfb, 0x00, 0x09, 0x7c, 0x00, 0x0f, 0xf0, 0x00, 0x00, 0x7f, 0x80, 0x00, 0xf0, 0xfb, 0x00, 0x09, 0x7c, 0x00, 0x0f, 0xf0, 0x00, 0x00, 0x7f, 0xc0,
  0x00, 0xf8, 0xfb, 0x00, 0x09, 0x7c, 0x00, 0x0f, 0xf0, 0x00, 0x00, 0x3f, 0xc0, 0x00, 0xf8, 0xfb, 0x00, 0x09, 0x7c, 0x00, 0x1f, 0xe0, 0x00, 0x00,
  0x3f, 0xc0, 0x00, 0xf8, 0xfb, 0x00, 0x09, 0x7c, 0x00, 0x1f, 0xe0, 0x00, 0x00, 0x3f, 0xc0, 0x00, 0xf8, 0xfb, 0x00, 0x09, 0x7c, 0x00, 0x1f, 0xe0,
  0x00, 0x00, 0x3f, 0xe0, 0x00, 0xf8, 0xfb, 0x00, 0x09, 0x7c, 0x00, 0x1f, 0xe0, 0x00, 0x00, 0x1f, 0xe0, 0x01, 0xf8, 0xfb, 0x00, 0x09, 0x7c, 0x00,
  0x3f, 0xc0, 0x00, 0x00, 0x1f, 0xe0, 0x01, 0xf8, 0xfb, 0x00, 0x09, 0x7e, 0x00, 0x7f, 0xc0, 0x00, 0x00, 0x0f, 0xf0, 0x01, 0xf0, 0xfb, 0x00, 0x09,
  0x7e, 0x00, 0x7f, 0xc0, 0x00, 0x00, 0x0f, 0xf8, 0x03, 0xf0, 0xfb, 0x00, 0x09, 0x7f, 0x00, 0xff, 0x87, 0x00, 0x07, 0x07, 0xfc, 0x07, 0xf0, 0xfb,
  0x00, 0x09, 0x3f, 0xef, 0xff, 0x07, 0x80, 0x07, 0x07, 0xff, 0xff, 0xe0, 0xfb, 0x00, 0x09, 0x3f, 0xff, 0xff, 0x07, 0x83, 0x07, 0x03, 0xff, 0xff,
  0xe0, 0xfb, 0x00, 0x09, 0x1f, 0xff, 0xfe, 0x07, 0x8f, 0x87, 0x01, 0xff, 0xff, 0xc0, 0xfb, 0x00, 0x09, 0x1f, 0xff, 0xfc, 0x07, 0xcf, 0xcf, 0x00,
  0xff, 0xff, 0x80, 0xfb, 0x00, 0x08, 0x07, 0xff, 0xfc, 0x07, 0xdf, 0xff, 0x00, 0x7f, 0xff, 0xfa, 0x00, 0x08, 0x03, 0xff, 0xf0, 0x07, 0xff, 0xff,
  0x00, 0x3f, 0xfe, 0xfa, 0x00, 0x08, 0x01, 0xff, 0xc0, 0x07, 0xff, 0xff, 0x00, 0x07, 0xf8, 0xf9, 0x00, 0x04, 0x3f, 0x00, 0x03, 0xff, 0xff, 0xf4,
  0x00, 0x05, 0x03, 0xff, 0xfe, 0x00, 0x01, 0x80, 0xf9, 0x00, 0x07, 0x7f, 0x80, 0x01, 0xfd, 0xfc, 0x00, 0x0f, 0xfc, 0xfa, 0x00, 0x09, 0x03, 0xff,
  0xc0, 0x00, 0xf8, 0x7c, 0x00, 0x1f, 0xff, 0xc0, 0xfb, 0x00, 0x09, 0x0f, 0xff, 0xe0, 0x00, 0x60, 0x00, 0x00, 0x3f, 0xff, 0xc0, 0xfb, 0x00, 0x02,
  0x3f, 0xff, 0xf0, 0xfd, 0x00, 0x02, 0x3f, 0xff, 0xf0, 0xfb, 0x00, 0x02, 0x7f, 0xff, 0xf0, 0xfd, 0x00, 0x02, 0x3f, 0xff, 0xf8, 0xfb, 0x00, 0x02,
  0x7f, 0xff, 0xe0, 0xfd, 0x00, 0x02, 0x1f, 0xff, 0xfc, 0xfb, 0x00, 0x02, 0xff, 0xff, 0xc0, 0xfd, 0x00, 0x02, 0x0f, 0xff, 0xfc, 0xfb, 0x00, 0x01,
  0x7f, 0xff, 0xfc, 0x00, 0x02, 0x03, 0xff, 0xf8, 0xfb, 0x00, 0x01, 0x7f, 0xf8, 0xfb, 0x00, 0x01, 0x7f, 0xf0, 0x81, 0x00, 0x81, 0x00, 0x9e, 0x00,
  0xb8, 0x00, 0x00, 0x0c, 0xf6, 0x00, 0x04, 0x07, 0xc0, 0x00, 0x00, 0x3f, 0xf6, 0x00, 0x05, 0x07, 0xe0, 0x00, 0x00, 0x3f, 0x80, 0xf7, 0x00, 0x05,
  0x07, 0xf0, 0x00, 0x00, 0x3f, 0x80, 0xf9, 0x00, 0x09, 0x18, 0x00, 0x0f, 0xf0, 0x00, 0x00, 0x3f, 0x80, 0x01, 0xc0, 0xfb, 0x00, 0x09, 0x3c, 0x00,
  0x0f, 0xf0, 0x00, 0x00, 0x7f, 0x80, 0x01, 0xe0, 0xfb, 0x00, 0x09, 0x3c, 0x00, 0x0f, 0xf0, 0x00, 0x00, 0x7f, 0x80, 0x01, 0xf0, 0xfb, 0x00, 0x09,
  0x7c, 0x00, 0x0f, 0xf0, 0x00, 0x00, 0x7f, 0x80, 0x01, 0xf0, 0xfb, 0x00, 0x09, 0x7c, 0x00, 0x0f, 0xf0, 0x00, 0x00, 0x7f, 0x80, 0x01, 0xf0, 0xfb,
  0x00, 0x09, 0x7c, 0x00, 0x0f, 0xf0, 0x00, 0x00, 0x7f, 0x80, 0x00, 0xf0, 0xfb, 0x00, 0x09, 0x7c, 0x00, 0x0f, 0xf0, 0x00, 0x00, 0x7f, 0xc0, 0x00,
  0xf8, 0xfb, 0x00, 0x09, 0x7c, 0x00, 0x0f, 0xf0, 0x00, 0x00, 0x3f, 0xc0, 0x00, 0xf8, 0xfb, 0x00, 0x09, 0x7c, 0x00, 0x1f, 0xe0, 0x00, 0x00, 0x3f,
  0xc0, 0x00, 0xf8, 0xfb, 0x00, 0x09, 0x7c, 0x00, 0x1f, 0xe0, 0x00, 0x00, 0x3f, 0xc0, 0x00, 0xf8, 0xfb, 0x00, 0x09, 0x7c, 0x00, 0x1f, 0xe0, 0x00,
  0x00, 0x3f, 0xe0, 0x00, 0xf8, 0xfb, 0x00, 0x09, 0x7c, 0x00, 0x1f, 0xe0, 0x00, 0x00, 0x1f, 0xe0, 0x00, 0xf8, 0xfb, 0x00, 0x09, 0x7c, 0x00, 0x3f,
  0xc0, 0x00, 0x00, 0x1f, 0xe0, 0x01, 0xf8, 0xfb, 0x00, 0x09, 0x7c, 0x00, 0x7f, 0xc0, 0x00, 0x00, 0x0f, 0xf0, 0x01, 0xf0, 0xfb, 0x00, 0x09, 0x7e,
  0x00, 0x7f, 0xc0, 0x00, 0x00, 0x0f, 0xf8, 0x03, 0xf0, 0xfb, 0x00, 0x09, 0x7f, 0x00, 0xff, 0x87, 0x00, 0x07, 0x07, 0xfc, 0x07, 0xf0, 0xfb, 0x00,
  0x09, 0x3f, 0xe7, 0xff, 0x07, 0x80, 0x07, 0x07, 0xff, 0xff, 0xe0, 0xfb, 0x00, 0x09, 0x3f, 0xff, 0xff, 0x07, 0x83, 0x07, 0x03, 0xff, 0xff, 0xe0,
  0xfb, 0x00, 0x09, 0x1f, 0xff, 0xfe, 0x07, 0x8f, 0x87, 0x01, 0xff, 0xff, 0xc0, 0xfb, 0x00, 0x09, 0x0f, 0xff, 0xfe, 0x07, 0x8f, 0xcf, 0x00, 0xff,
  0xff, 0x80, 0xfb, 0x00, 0x08, 0x07, 0xff, 0xf8, 0x07, 0xdf, 0xef, 0x00, 0x7f, 0xff, 0xfa, 0x00, 0x08, 0x03, 0xff, 0xf0, 0x07, 0xff, 0xff, 0x00,
  0x3f, 0xfe, 0xfa, 0x00, 0x08, 0x01, 0xff, 0xc0, 0x07, 0xff, 0xff, 0x00, 0x07, 0xf8, 0xf9, 0x00, 0x04, 0x3f, 0x00, 0x03, 0xff, 0xfe, 0xf6, 0x00,
  0x07, 0x04, 0x00, 0x03, 0xff, 0xfe, 0x00, 0x01, 0xc0, 0xf9, 0x00, 0x07, 0x7f, 0x80, 0x01, 0xff, 0xfc, 0x00, 0x0f, 0xfe, 0xfa, 0x00, 0x09, 0x03,
  0xff, 0xc0, 0x00, 0xf8, 0x7c, 0x00, 0x1f, 0xff, 0xc0, 0xfb, 0x00, 0x09, 0x0f, 0xff, 0xe0, 0x00, 0x60, 0x00, 0x00, 0x3f, 0xff, 0xc0, 0xfb, 0x00,
  0x02, 0x3f, 0xff, 0xf0, 0xfd, 0x00, 0x02, 0x3f, 0xff, 0xf0, 0xfb, 0x00, 0x02, 0x7f, 0xff, 0xf0, 0xfd, 0x00, 0x02, 0x3f, 0xff, 0xf8, 0xfb, 0x00,
  0x02, 0x7f, 0xff, 0xe0, 0xfd, 0x00, 0x02, 0x1f, 0xff, 0xfc, 0xfb, 0x00, 0x02, 0xff, 0xff, 0xc0, 0xfd, 0x00, 0x02, 0x0f, 0xff, 0xfc, 0xfb, 0x00,
  0x01, 0x7f, 0xff, 0xfc, 0x00, 0x02, 0x03, 0xff, 0xf8, 0xfb, 0x00, 0x01, 0x7f, 0xf8, 0xfb, 0x00, 0x01, 0x7f, 0xf0, 0x81, 0x00, 0x81, 0x00, 0x9e,
  0x00, 0xb8, 0x00, 0x00, 0x04, 0xf6, 0x00, 0x04, 0x07, 0xc0, 0x00, 0x00, 0x3f, 0xf6, 0x00, 0x05, 0x07, 0xe0, 0x00, 0x00, 0x3f, 0x80, 0xf7, 0x00,
  0x05, 0x07, 0xf0, 0x00, 0x00, 0x3f, 0x80, 0xf9, 0x00, 0x09, 0x18, 0x00, 0x0f, 0xf0, 0x00, 0x00, 0x3f, 0x80, 0x01, 0xc0, 0xfb, 0x00, 0x09, 0x3c,
  0x00, 0x0f, 0xf0, 0x00, 0x00, 0x7f, 0x80, 0x01, 0xe0, 0xfb, 0x00, 0x09, 0x3c, 0x00, 0x0f, 0xf0, 0x00, 0x00, 0x7f, 0x80, 0x01, 0xf0, 0xfb, 0x00,
  0x09, 0x3c, 0x00, 0x0f, 0xf0, 0x00, 0x00, 0x7f, 0x80, 0x01, 0xf0, 0xfb, 0x00, 0x09, 0x7c, 0x00, 0x0f, 0xf0, 0x00, 0x00, 0x7f, 0x80, 0x01, 0xf0,
  0xfb, 0x00, 0x09, 0x7c, 0x00, 0x0f, 0xf0, 0x00, 0x00, 0x3f, 0x80, 0x00, 0xf0, 0xfb, 0x00, 0x09, 0x7c, 0x00, 0x0f, 0xf0, 0x00, 0x00, 0x3f, 0x80,
  0x00, 0xf8, 0xfb, 0x00, 0x09, 0x7c, 0x00, 0x0f, 0xf0, 0x00, 0x00, 0x3f, 0xc0, 0x00, 0xf8, 0xfb, 0x00, 0x09, 0x7c, 0x00, 0x1f, 0xe0, 0x00, 0x00,
  0x3f, 0xc0, 0x00, 0xf8, 0xfb, 0x00, 0x09, 0x7c, 0x00, 0x1f, 0xe0, 0x00, 0x00, 0x3f, 0xc0, 0x00, 0xf8, 0xfb, 0x00, 0x09, 0x7c, 0x00, 0x1f, 0xe0,
  0x00, 0x00, 0x3f, 0xe0, 0x00, 0xf8, 0xfb, 0x00, 0x09, 0x7c, 0x00, 0x1f, 0xe0, 0x00, 0x00, 0x1f, 0xe0, 0x00, 0xf8, 0xfb, 0x00, 0x09, 0x7c, 0x00,
  0x3f, 0xe0, 0x00, 0x00, 0x1f, 0xe0, 0x01, 0xf8, 0xfb, 0x00, 0x09, 0x7c, 0x00, 0x3f, 0xc0, 0x00, 0x00, 0x1f, 0xf0, 0x01, 0xf8, 0xfb, 0x00, 0x09,
  0x7e, 0x00, 0x7f, 0xc0, 0x00, 0x00, 0x0f, 0xf8, 0x03, 0xf0, 0xfb, 0x00, 0x09, 0x7f, 0x00, 0xff, 0xc3, 0x00, 0x07, 0x0f, 0xfc, 0x07, 0xf0, 0xfb,
  0x00, 0x09, 0x7f, 0xc3, 0xff, 0x87, 0x80, 0x07, 0x0f, 0xff, 0xff, 0xf0, 0xfb, 0x00, 0x09, 0x3f, 0xff, 0xff, 0x87, 0x82, 0x07, 0x07, 0xff, 0xff,
  0xf0, 0xfb, 0x00, 0x09, 0x3f, 0xff, 0xff, 0x07, 0x87, 0x87, 0x03, 0xff, 0xff, 0xe0, 0xfb, 0x00, 0x09, 0x3f, 0xff, 0xfe, 0x07, 0x8f, 0xcf, 0x03,
  0xff, 0xff, 0xe0, 0xfb, 0x00, 0x09, 0x1f, 0xff, 0xfc, 0x07, 0xdf, 0xef, 0x01, 0xff, 0xff, 0xc0, 0xfb, 0x00, 0x09, 0x0f, 0xff, 0xfc, 0x07, 0xff,
  0xff, 0x00, 0xff, 0xff, 0x80, 0xfb, 0x00, 0x09, 0x0f, 0xff, 0xf8, 0x07, 0xff, 0xff, 0x80, 0x7f, 0xff, 0x80, 0xfb, 0x00, 0x08, 0x07, 0xff, 0xe0,
  0x0f, 0xff, 0xff, 0xc0, 0x1f, 0xff, 0xfa, 0x00, 0x08, 0x01, 0xff, 0xc0, 0x0f, 0xff, 0xff, 0x80, 0x07, 0xfc, 0xf9, 0x00, 0x07, 0x7f, 0x80, 0x07,
  0xff, 0xff, 0x80, 0x0f, 0xfc, 0xfa, 0x00, 0x09, 0x03, 0xff, 0xc0, 0x03, 0xff, 0xff, 0x00, 0x1f, 0xff, 0xc0, 0xfb, 0x00, 0x09, 0x07, 0xff, 0xe0,
  0x01, 0xf8, 0x7c, 0x00, 0x3f, 0xff, 0xc0, 0xfb, 0x00, 0x02, 0x3f, 0xff, 0xf0, 0xfd, 0x00, 0x02, 0x3f, 0xff, 0xf0, 0xfb, 0x00, 0x02, 0x7f, 0xff,
  0xe0, 0xfd, 0x00, 0x02, 0x3f, 0xff, 0xf8, 0xfb, 0x00, 0x02, 0x7f, 0xff, 0xe0, 0xfd, 0x00, 0x02, 0x1f, 0xff, 0xfc, 0xfb, 0x00, 0x02, 0xff, 0xff,
  0xc0, 0xfd, 0x00, 0x02, 0x0f, 0xff, 0xfc, 0xfb, 0x00, 0x01, 0x7f, 0xff, 0xfc, 0x00, 0x02, 0x03, 0xff, 0xf8, 0xfb, 0x00, 0x01, 0x7f, 0xfe, 0xfc,
  0x00, 0x02, 0x01, 0xff, 0xf0, 0xfb, 0x00, 0x01, 0x1f, 0xf8, 0xfb, 0x00, 0x01, 0x0f, 0xc0, 0xfb, 0x00, 0x00, 0x04, 0x81, 0x00, 0x81, 0x00, 0xb5,
  0x00, 0x81, 0x00, 0x9c, 0x00, 0x04, 0x03, 0x80, 0x00, 0x00, 0x0f, 0xf6, 0x00, 0x05, 0x07, 0xc0, 0x00, 0x00, 0x1f, 0x80, 0xf7, 0x00, 0x07, 0x0f,
  0xe0, 0x00, 0x00, 0x1f, 0x80, 0x00, 0x60, 0xfb, 0x00, 0x09, 0x38, 0x00, 0x0f, 0xe0, 0x00, 0x00, 0x3f, 0xc0, 0x00, 0xf0, 0xfb, 0x00, 0x09, 0x78,
  0x00, 0x1f, 0xe0, 0x00, 0x00, 0x3f, 0xc0, 0x00, 0xf0, 0xfb, 0x00, 0x09, 0x7c, 0x00, 0x1f, 0xe0, 0x00, 0x00, 0x3f, 0xc0, 0x00, 0xf8, 0xfb, 0x00,
  0x09, 0x7c, 0x00, 0x1f, 0xe0, 0x00, 0x00, 0x1f, 0xe0, 0x00, 0xf8, 0xfb, 0x00, 0x09, 0x7c, 0x00, 0x3f, 0xe0, 0x00, 0x00, 0x1f, 0xe0, 0x00, 0xf8,
  0xfb, 0x00, 0x09, 0x7c, 0x00, 0x3f, 0xc0, 0x00, 0x00, 0x1f, 0xe0, 0x01, 0xf8, 0xfb, 0x00, 0x09, 0x7c, 0x00, 0x7f, 0xc0, 0x00, 0x00, 0x0f, 0xf0,
  0x01, 0xf8, 0xfb, 0x00, 0x09, 0x7c, 0x00, 0x7f, 0xc0, 0x00, 0x00, 0x0f, 0xf8, 0x01, 0xf8, 0xfb, 0x00, 0x09, 0x7e, 0x00, 0xff, 0x80, 0x00, 0x00,
  0x0f, 0xfc, 0x03, 0xf0, 0xfb, 0x00, 0x09, 0x3f, 0x01, 0xff, 0x80, 0x00, 0x00, 0x07, 0xfe, 0x0f, 0xf0, 0xfb, 0x00, 0x02, 0x3f, 0xc7, 0xff, 0xfe,
  0x00, 0x03, 0x03, 0xff, 0xff, 0xe0, 0xfb, 0x00, 0x02, 0x3f, 0xff, 0xfe, 0xfe, 0x00, 0x03, 0x01, 0xff, 0xff, 0xe0, 0xfb, 0x00, 0x09, 0x1f, 0xff,
  0xfc, 0x00, 0x07, 0x81, 0x81, 0xff, 0xff, 0xc0, 0xfb, 0x00, 0x09, 0x0f, 0xff, 0xf8, 0x0f, 0x1f, 0xe7, 0xc0, 0x7f, 0xff, 0x80, 0xfb, 0x00, 0x08,
  0x07, 0xff, 0xf0, 0x1f, 0xff, 0xff, 0xc0, 0x7f, 0xff, 0xfa, 0x00, 0x08, 0x03, 0xff, 0xe0, 0x1f, 0xff, 0xff, 0xc0, 0x1f, 0xfe, 0xf9, 0x00, 0x07,
  0xff, 0x00, 0x0f, 0xff, 0xff, 0x80, 0x01, 0xf0, 0xf7, 0x00, 0x03, 0x07, 0xff, 0xff, 0x80, 0xf5, 0x00, 0x02, 0x03, 0xfc, 0xfe, 0xf3, 0x00, 0x00,
  0x20, 0xfe, 0x00, 0x00, 0x10, 0xfa, 0x00, 0x01, 0x01, 0xfc, 0xfb, 0x00, 0x00, 0xff, 0xfa, 0x00, 0x01, 0x07, 0xfe, 0xfc, 0x00, 0x02, 0x03, 0xff,
  0xc0, 0xfb, 0x00, 0x01, 0x0f, 0xff, 0xfc, 0x00, 0x02, 0x03, 0xff, 0xc0, 0xfb, 0x00, 0x01, 0x1f, 0xff, 0xfc, 0x00, 0x02, 0x03, 0xff, 0xe0, 0xfb,
  0x00, 0x01, 0x3f, 0xff, 0xfc, 0x00, 0x02, 0x03, 0xff, 0xe0, 0xfb, 0x00, 0x01, 0x3f, 0xfe, 0xfc, 0x00, 0x02, 0x01, 0xff, 0xe0, 0xfb, 0x00, 0x01,
  0x1f, 0x80, 0xfb, 0x00, 0x01, 0x03, 0xc0, 0x81, 0x00, 0x81, 0x00, 0xbe, 0x00, 0x81, 0x00, 0x81, 0x00, 0x81, 0x00, 0x81, 0x00, 0xee, 0x00, 0x00,
  0x18, 0xfa, 0x00, 0x01, 0x01, 0xe0, 0xfb, 0x00, 0x09, 0x3f, 0x80, 0x07, 0xc0, 0x00, 0x00, 0x1f, 0xc0, 0x1f, 0xf0, 0xfb, 0x00, 0x09, 0x3f, 0xff,
  0xff, 0xe0, 0x00, 0x00, 0x3f, 0xff, 0xff, 0xf0, 0xfb, 0x00, 0x09, 0x3f, 0xff, 0xff, 0xf0, 0x00, 0x00, 0x3f, 0xff, 0xff, 0xe0, 0xfb, 0x00, 0x09,
  0x1f, 0xff, 0xff, 0xe0, 0x00, 0x00, 0x3f, 0xff, 0xff, 0xc0, 0xfb, 0x00, 0x09, 0x0f, 0xff, 0xff, 0xe0, 0x00, 0x00, 0x1f, 0xff, 0xff, 0x80, 0xfb,
  0x00, 0x08, 0x07, 0xff, 0xff, 0x87, 0xf0, 0x7f, 0x87, 0xff, 0xfe, 0xf9, 0x00, 0x07, 0xff, 0xfc, 0x0f, 0xff, 0xff, 0x80, 0xff, 0xe0, 0xf7, 0x00,
  0x03, 0x0f, 0xff, 0xff, 0xc0, 0xf5, 0x00, 0x03, 0x07, 0xff, 0xff, 0x80, 0xf5, 0x00, 0x02, 0x01, 0xff, 0xfe, 0xf2, 0x00, 0x00, 0x80, 0x81, 0x00,
  0x81, 0x00, 0xca, 0x00, 0x81, 0x00, 0x81, 0x00, 0x81, 0x00, 0x81, 0x00, 0xb6, 0x00, 0x01, 0x01, 0x40, 0xfb, 0x00, 0x09, 0x1f, 0xf8, 0x7f, 0xe0,
  0x00, 0x00, 0x1f, 0xff, 0xff, 0xe0, 0xfb, 0x00, 0x09, 0x3f, 0xff, 0xff, 0xe0, 0x00, 0x00, 0x3f, 0xff, 0xff, 0xe0, 0xfb, 0x00, 0x09, 0x3f, 0xff,
  0xff, 0xe0, 0x00, 0x00, 0x1f, 0xff, 0xff, 0xe0, 0xfb, 0x00, 0x09, 0x1f, 0xff, 0xff, 0xc0, 0x00, 0x00, 0x1f, 0xff, 0xff, 0xc0, 0xfb, 0x00, 0x08,
  0x07, 0xff, 0xff, 0x80, 0x7f, 0xf8, 0x07, 0xff, 0xff, 0xfa, 0x00, 0x08, 0x01, 0xff, 0xfc, 0x03, 0xff, 0xff, 0x00, 0xff, 0xf8, 0xf7, 0x00, 0x03,
  0x07, 0xff, 0xff, 0x80, 0xf5, 0x00, 0x03, 0x07, 0xff, 0xff, 0x80, 0x81, 0x00, 0x81, 0x00, 0xcb, 0x00, 0x81, 0x00, 0xcd, 0x00, 0x01, 0x1f, 0x80,
  0xfd, 0x00, 0x01, 0x3f, 0xf8, 0xfa, 0x00, 0x02, 0x01, 0xff, 0xf8, 0xfd, 0x00, 0x01, 0xff, 0xfe, 0xfa, 0x00, 0x02, 0x03, 0xff, 0xfe, 0xfe, 0x00,
  0x02, 0x03, 0xff, 0xff, 0xfa, 0x00, 0x02, 0x07, 0xff, 0xfe, 0xfe, 0x00, 0x03, 0x03, 0xff, 0xff, 0x80, 0xfb, 0x00, 0x02, 0x0f, 0xff, 0xff, 0xfe,
  0x00, 0x03, 0x03, 0xff, 0xff, 0x80, 0xfb, 0x00, 0x02, 0x0f, 0xff, 0xff, 0xfe, 0x00, 0x03, 0x07, 0xff, 0xff, 0xc0, 0xfb, 0x00, 0x02, 0x0f, 0xff,
  0xff, 0xfe, 0x00, 0x03, 0x07, 0xff, 0xff, 0xc0, 0xfb, 0x00, 0x02, 0x1f, 0xff, 0xff, 0xfe, 0x00, 0x03, 0x07, 0xff, 0xff, 0xc0, 0xfb, 0x00, 0x02,
  0x1f, 0xff, 0xff, 0xfe, 0x00, 0x03, 0x07, 0xff, 0xff, 0xe0, 0xfb, 0x00, 0x02, 0x1f, 0xff, 0xff, 0xfe, 0x00, 0x03, 0x07, 0xff, 0xff, 0xe0, 0xfb,
  0x00, 0x02, 0x1f, 0xff, 0xff, 0xfe, 0x00, 0x03, 0x07, 0xff, 0xff, 0xe0, 0xfb, 0x00, 0x02, 0x3f, 0xff, 0xff, 0xfe, 0x00, 0x03, 0x07, 0xff, 0xff,
  0xe0, 0xfb, 0x00, 0x02, 0x3f, 0xff, 0xff, 0xfe, 0x00, 0x03, 0x07, 0xff, 0xff, 0xe0, 0xfb, 0x00, 0x02, 0x3f, 0xff, 0xff, 0xfe, 0x00, 0x03, 0x07,
  0xff, 0xff, 0xe0, 0xfb, 0x00, 0x02, 0x3f, 0xff, 0xff, 0xfe, 0x00, 0x03, 0x07, 0xff, 0xff, 0xe0, 0xfb, 0x00, 0x02, 0x3f, 0xff, 0xff, 0xfe, 0x00,
  0x03, 0x03, 0xff, 0xff, 0xe0, 0xfb, 0x00, 0x02, 0x3f, 0xff, 0xff, 0xfe, 0x00, 0x03, 0x03, 0xff, 0xff, 0xe0, 0xfb, 0x00, 0x02, 0x3f, 0xff, 0xff,
  0xfe, 0x00, 0x03, 0x03, 0xff, 0xff, 0xe0, 0xfb, 0x00, 0x02, 0x1f, 0xff, 0xff, 0xfe, 0x00, 0x03, 0x03, 0xff, 0xff, 0xe0, 0xfb, 0x00, 0x02, 0x1f,
  0xff, 0xff, 0xfe, 0x00, 0x03, 0x03, 0xff, 0xff, 0xe0, 0xfb, 0x00, 0x02, 0x1f, 0xff, 0xff, 0xfe, 0x00, 0x03, 0x03, 0xff, 0xff, 0xc0, 0xfb, 0x00,
  0x02, 0x1f, 0xff, 0xff, 0xfe, 0x00, 0x03, 0x03, 0xff, 0xff, 0xc0, 0xfb, 0x00, 0x02, 0x0f, 0xff, 0xff, 0xfe, 0x00, 0x03, 0x03, 0xff, 0xff, 0xc0,
  0xfb, 0x00, 0x02, 0x0f, 0xff, 0xff, 0xfe, 0x00, 0x03, 0x03, 0xff, 0xff, 0x80, 0xfb, 0x00, 0x02, 0x0f, 0xff, 0xff, 0xfe, 0x00, 0x03, 0x03, 0xff,
  0xff, 0x80, 0xfb, 0x00, 0x02, 0x0f, 0xff, 0xff, 0xfe, 0x00, 0x03, 0x03, 0xff, 0xff, 0x80, 0xfb, 0x00, 0x09, 0x1f, 0xff, 0xff, 0xc0, 0x00, 0x00,
  0x1f, 0xff, 0xff, 0xe0, 0xfb, 0x00, 0x09, 0x3f, 0xff, 0xff, 0xe0, 0x00, 0x06, 0x3f, 0xff, 0xff, 0xe0, 0xfb, 0x00, 0x09, 0x3f, 0xff, 0xff, 0xe7,
  0xff, 0xff, 0x1f, 0xff, 0xff, 0xe0, 0xfb, 0x00, 0x09, 0x1f, 0xff, 0xff, 0xc7, 0xff, 0xff, 0x8f, 0xff, 0xff, 0xc0, 0xfb, 0x00, 0x08, 0x07, 0xff,
  0xff, 0x87, 0xff, 0xff, 0x07, 0xff, 0xff, 0xf9, 0x00, 0x07, 0x7f, 0xfc, 0x03, 0xff, 0xff, 0x00, 0x7f, 0xf0, 0xf7, 0x00, 0x03, 0x07, 0xff, 0xff,
  0x80, 0xf5, 0x00, 0x02, 0x07, 0xff, 0xff, 0x81, 0x00, 0x81, 0x00, 0xca, 0x00, 0x81, 0x00, 0xcd, 0x00, 0x01, 0x1f, 0x80, 0xfd, 0x00, 0x01, 0x3f,
  0xf8, 0xfa, 0x00, 0x02, 0x01, 0xff, 0xf8, 0xfd, 0x00, 0x01, 0xff, 0xfe, 0xfa, 0x00, 0x02, 0x03, 0xff, 0xfe, 0xfe, 0x00, 0x02, 0x03, 0xff, 0xff,
  0xfa, 0x00, 0x02, 0x07, 0xff, 0xfe, 0xfe, 0x00, 0x03, 0x03, 0xff, 0xff, 0x80, 0xfb, 0x00, 0x02, 0x0f, 0xff, 0xff, 0xfe, 0x00, 0x03, 0x03, 0xff,
  0xff, 0x80, 0xfb, 0x00, 0x02, 0x0f, 0xff, 0xff, 0xfe, 0x00, 0x03, 0x07, 0xff, 0xff, 0xc0, 0xfb, 0x00, 0x02, 0x0f, 0xff, 0xff, 0xfe, 0x00, 0x03,
  0x07, 0xff, 0xff, 0xc0, 0xfb, 0x00, 0x02, 0x1f, 0xff, 0xff, 0xfe, 0x00, 0x03, 0x07, 0xff, 0xff, 0xc0, 0xfb, 0x00, 0x02, 0x1f, 0xff, 0xff, 0xfe,
  0x00, 0x03, 0x07, 0xff, 0xff, 0xc0, 0xfb, 0x00, 0x02, 0x1f, 0xff, 0xff, 0xfe, 0x00, 0x03, 0x07, 0xff, 0xff, 0xe0, 0xfb, 0x00, 0x02, 0x1f, 0xff,
  0xff, 0xfe, 0x00, 0x03, 0x07, 0xff, 0xff, 0xe0, 0xfb, 0x00, 0x02, 0x1f, 0xff, 0xff, 0xfe, 0x00, 0x03, 0x07, 0xff, 0xff, 0xe0, 0xfb, 0x00, 0x02,
  0x1f, 0xff, 0xff, 0xfe, 0x00, 0x03, 0x07, 0xff, 0xff, 0xe0, 0xfb, 0x00, 0x02, 0x1f, 0xff, 0xff, 0xfe, 0x00, 0x03, 0x07, 0xff, 0xff, 0xe0, 0xfb,
  0x00, 0x02, 0x1f, 0xff, 0xff, 0xfe, 0x00, 0x03, 0x07, 0xff, 0xff, 0xe0, 0xfb, 0x00, 0x02, 0x1f, 0xff, 0xff, 0xfe, 0x00, 0x03, 0x07, 0xff, 0xff,
  0xe0, 0xfb, 0x00, 0x02, 0x1f, 0xff, 0xff, 0xfe, 0x00, 0x03, 0x07, 0xff, 0xff, 0xe0, 0xfb, 0x00, 0x02, 0x1f, 0xff, 0xff, 0xfe, 0x00, 0x03, 0x07,
  0xff, 0xff, 0xe0, 0xfb, 0x00, 0x02, 0x1f, 0xff, 0xff, 0xfe, 0x00, 0x03, 0x07, 0xff, 0xff, 0xe0, 0xfb, 0x00, 0x02, 0x1f, 0xff, 0xff, 0xfe, 0x00,
  0x03, 0x07, 0xff, 0xff, 0xc0, 0xfb, 0x00, 0x02, 0x1f, 0xff, 0xff, 0xfe, 0x00, 0x03, 0x07, 0xff, 0xff, 0xc0, 0xfb, 0x00, 0x02, 0x1f, 0xff, 0xff,
  0xfe, 0x00, 0x03, 0x07, 0xff, 0xff, 0xc0, 0xfb, 0x00, 0x02, 0x0f, 0xff, 0xff, 0xfe, 0x00, 0x03, 0x07, 0xff, 0xff, 0xc0, 0xfb, 0x00, 0x02, 0x0f,
  0xff, 0xff, 0xfe, 0x00, 0x03, 0x07, 0xff, 0xff, 0x80, 0xfb, 0x00, 0x02, 0x0f, 0xff, 0xff, 0xfe, 0x00, 0x03, 0x07, 0xff, 0xff, 0x80, 0xfb, 0x00,
  0x09, 0x0f, 0xff, 0xff, 0x03, 0xc0, 0x1f, 0x03, 0xff, 0xff, 0x80, 0xfb, 0x00, 0x08, 0x07, 0xff, 0xff, 0x07, 0xf8, 0x7f, 0x03, 0xff, 0xff, 0xfa,
  0x00, 0x08, 0x03, 0xff, 0xfe, 0x07, 0xff, 0xff, 0x03, 0xff, 0xff, 0xfa, 0x00, 0x08, 0x03, 0xff, 0xfe, 0x07, 0xff, 0xff, 0x01, 0xff, 0xfe, 0xf9,
  0x00, 0x07, 0xff, 0xfc, 0x07, 0xff, 0xff, 0x80, 0xff, 0xf8, 0xf7, 0x00, 0x02, 0x01, 0xff, 0xfc, 0xf3, 0x00, 0x01, 0x7f, 0xf8, 0xf3, 0x00, 0x01,
  0x0f, 0x80, 0x81, 0x00, 0x81, 0x00, 0xba, 0x00, 0x81, 0x00, 0xcd, 0x00, 0x00, 0x07, 0xfc, 0x00, 0x01, 0x3f, 0xf0, 0xf9, 0x00, 0x01, 0xff, 0xf8,
  0xfd, 0x00, 0x01, 0xff, 0xfc, 0xfa, 0x00, 0x02, 0x03, 0xff, 0xfc, 0xfe, 0x00, 0x02, 0x01, 0xff, 0xff, 0xfa, 0x00, 0x02, 0x07, 0xff, 0xfe, 0xfe,
  0x00, 0x02, 0x03, 0xff, 0xff, 0xfa, 0x00, 0x02, 0x07, 0xff, 0xfe, 0xfe, 0x00, 0x03, 0x03, 0xff, 0xff, 0x80, 0xfb, 0x00, 0x02, 0x0f, 0xff, 0xff,
  0xfe, 0x00, 0x03, 0x07, 0xff, 0xff, 0x80, 0xfb, 0x00, 0x02, 0x0f, 0xff, 0xff, 0xfe, 0x00, 0x03, 0x07, 0xff, 0xff, 0xc0, 0xfb, 0x00, 0x02, 0x1f,
  0xff, 0xff, 0xfe, 0x00, 0x03, 0x07, 0xff, 0xff, 0xc0, 0xfb, 0x00, 0x02, 0x1f, 0xff, 0xff, 0xfe, 0x00, 0x03, 0x07, 0xff, 0xff, 0xc0, 0xfb, 0x00,
  0x02, 0x1f, 0xff, 0xff, 0xfe, 0x00, 0x03, 0x07, 0xff, 0xff, 0xc0, 0xfb, 0x00, 0x02, 0x1f, 0xff, 0xff, 0xfe, 0x00, 0x03, 0x07, 0xff, 0xff, 0xc0,
  0xfb, 0x00, 0x02, 0x1f, 0xff, 0xff, 0xfe, 0x00, 0x03, 0x07, 0xff, 0xff, 0xc0, 0xfb, 0x00, 0x02, 0x1f, 0xff, 0xff, 0xfe, 0x00, 0x03, 0x07, 0xff,
  0xff, 0xe0, 0xfb, 0x00, 0x02, 0x1f, 0xff, 0xff, 0xfe, 0x00, 0x03, 0x07, 0xff, 0xff, 0xe0, 0xfb, 0x00, 0x02, 0x1f, 0xff, 0xff, 0xfe, 0x00, 0x03,
  0x07, 0xff, 0xff, 0xe0, 0xfb, 0x00, 0x02, 0x1f, 0xff, 0xff, 0xfe, 0x00, 0x03, 0x07, 0xff, 0xff, 0xe0, 0xfb, 0x00, 0x02, 0x1f, 0xff, 0xff, 0xfe,
  0x00, 0x03, 0x07, 0xff, 0xff, 0xc0, 0xfb, 0x00, 0x02, 0x1f, 0xff, 0xff, 0xfe, 0x00, 0x03, 0x07, 0xff, 0xff, 0xc0, 0xfb, 0x00, 0x02, 0x1f, 0xff,
  0xff, 0xfe, 0x00, 0x03, 0x07, 0xff, 0xff, 0xc0, 0xfb, 0x00, 0x02, 0x1f, 0xff, 0xff, 0xfe, 0x00, 0x03, 0x07, 0xff, 0xff, 0xc0, 0xfb, 0x00, 0x02,
  0x0f, 0xff, 0xff, 0xfe, 0x00, 0x03, 0x07, 0xff, 0xff, 0xc0, 0xfb, 0x00, 0x02, 0x0f, 0xff, 0xff, 0xfe, 0x00, 0x03, 0x03, 0xff, 0xff, 0x80, 0xfb,
  0x00, 0x02, 0x0f, 0xff, 0xff, 0xfe, 0x00, 0x03, 0x03, 0xff, 0xff, 0x80, 0xfb, 0x00, 0x02, 0x0f, 0xff, 0xff, 0xfe, 0x00, 0x03, 0x03, 0xff, 0xff,
  0x80, 0xfb, 0x00, 0x02, 0x07, 0xff, 0xff, 0xfe, 0x00, 0x03, 0x03, 0xff, 0xff, 0x80, 0xfb, 0x00, 0x08, 0x07, 0xff, 0xff, 0x03, 0xc0, 0x1f, 0x03,
  0xff, 0xff, 0xfa, 0x00, 0x08, 0x03, 0xff, 0xfe, 0x07, 0xf8, 0x7f, 0x01, 0xff, 0xfe, 0xfa, 0x00, 0x08, 0x03, 0xff, 0xfc, 0x07, 0xff, 0xff, 0x00,
  0xff, 0xfc, 0xf9, 0x00, 0x07, 0xff, 0xf8, 0x07, 0xff, 0xff, 0x00, 0x7f, 0xf8, 0xf9, 0x00, 0x04, 0x3f, 0xe0, 0x03, 0xff, 0xfe, 0xf4, 0x00, 0x02,
  0x01, 0xff, 0xfc, 0xf3, 0x00, 0x01, 0x7f, 0xf0, 0xf3, 0x00, 0x01, 0x07, 0x80, 0x81, 0x00, 0x81, 0x00, 0xba, 0x00, 0x81, 0x00, 0xcd, 0x00, 0x00,
  0x07, 0xfc, 0x00, 0x01, 0x1f, 0xf0, 0xf9, 0x00, 0x01, 0xff, 0xf8, 0xfd, 0x00, 0x01, 0xff, 0xfc, 0xfa, 0x00, 0x02, 0x03, 0xff, 0xfc, 0xfe, 0x00,
  0x02, 0x01, 0xff, 0xff, 0xfa, 0x00, 0x02, 0x07, 0xff, 0xfe, 0xfe, 0x00, 0x02, 0x03, 0xff, 0xff, 0xfa, 0x00, 0x02, 0x07, 0xff, 0xfe, 0xfe, 0x00,
  0x03, 0x03, 0xff, 0xff, 0x80, 0xfb, 0x00, 0x02, 0x0f, 0xff, 0xff, 0xfe, 0x00, 0x03, 0x07, 0xff, 0xff, 0x80, 0xfb, 0x00, 0x02, 0x0f, 0xff, 0xff,
  0xfe, 0x00, 0x03, 0x07, 0xff, 0xff, 0xc0, 0xfb, 0x00, 0x02, 0x1f, 0xff, 0xff, 0xfe, 0x00, 0x03, 0x07, 0xff, 0xff, 0xc0, 0xfb, 0x00, 0x02, 0x1f,
  0xff, 0xff, 0xfe, 0x00, 0x03, 0x07, 0xff, 0xff, 0xc0, 0xfb, 0x00, 0x02, 0x1f, 0xff, 0xff, 0xfe, 0x00, 0x03, 0x07, 0xff, 0xff, 0xc0, 0xfb, 0x00,
  0x02, 0x1f, 0xff, 0xff, 0xfe, 0x00, 0x03, 0x07, 0xff, 0xff, 0xc0, 0xfb, 0x00, 0x02, 0x1f, 0xff, 0xff, 0xfe, 0x00, 0x03, 0x07, 0xff, 0xff, 0xc0,
  0xfb, 0x00, 0x02, 0x1f, 0xff, 0xff, 0xfe, 0x00, 0x03, 0x07, 0xff, 0xff, 0xe0, 0xfb, 0x00, 0x02, 0x1f, 0xff, 0xff, 0xfe, 0x00, 0x03, 0x07, 0xff,
  0xff, 0xe0, 0xfb, 0x00, 0x02, 0x1f, 0xff, 0xff, 0xfe, 0x00, 0x03, 0x07, 0xff, 0xff, 0xe0, 0xfb, 0x00, 0x02, 0x1f, 0xff, 0xff, 0xfe, 0x00, 0x03,
  0x07, 0xff, 0xff, 0xe0, 0xfb, 0x00, 0x02, 0x1f, 0xff, 0xff, 0xfe, 0x00, 0x03, 0x07, 0xff, 0xff, 0xc0, 0xfb, 0x00, 0x02, 0x1f, 0xff, 0xff, 0xfe,
  0x00, 0x03, 0x07, 0xff, 0xff, 0xc0, 0xfb, 0x00, 0x02, 0x1f, 0xff, 0xff, 0xfe, 0x00, 0x03, 0x07, 0xff, 0xff, 0xc0, 0xfb, 0x00, 0x02, 0x1f, 0xff,
  0xff, 0xfe, 0x00, 0x03, 0x07, 0xff, 0xff, 0xc0, 0xfb, 0x00, 0x02, 0x0f, 0xff, 0xff, 0xfe, 0x00, 0x03, 0x07, 0xff, 0xff, 0xc0, 0xfb, 0x00, 0x02,
  0x0f, 0xff, 0xff, 0xfe, 0x00, 0x03, 0x07, 0xff, 0xff, 0x80, 0xfb, 0x00, 0x02, 0x0f, 0xff, 0xff, 0xfe, 0x00, 0x03, 0x07, 0xff, 0xff, 0x80, 0xfb,
  0x00, 0x02, 0x0f, 0xff, 0xff, 0xfe, 0x00, 0x03, 0x03, 0xff, 0xff, 0x80, 0xfb, 0x00, 0x09, 0x07, 0xff, 0xff, 0x00, 0x00, 0x04, 0x03, 0xff, 0xff,
  0x80, 0xfb, 0x00, 0x08, 0x07, 0xff, 0xff, 0x03, 0xc0, 0x1f, 0x03, 0xff, 0xff, 0xfa, 0x00, 0x08, 0x03, 0xff, 0xfe, 0x07, 0xf8, 0x7f, 0x03, 0xff,
  0xfe, 0xfa, 0x00, 0x08, 0x03, 0xff, 0xfe, 0x07, 0xff, 0xff, 0x01, 0xff, 0xfc, 0xfa, 0x00, 0x08, 0x01, 0xff, 0xf8, 0x07, 0xff, 0xff, 0x00, 0x7f,
  0xf8, 0xf9, 0x00, 0x04, 0x3f, 0xe0, 0x03, 0xff, 0xfe, 0xf4, 0x00, 0x02, 0x01, 0xff, 0xfc, 0xf3, 0x00, 0x01, 0x7f, 0xf0, 0xf3, 0x00, 0x01, 0x07,
  0x80, 0x81, 0x00, 0x81, 0x00, 0xba, 0x00, 0x81, 0x00, 0xcd, 0x00, 0x00, 0x07, 0xfc, 0x00, 0x01, 0x1f, 0xf0, 0xf9, 0x00, 0x01, 0xff, 0xf8, 0xfd,
  0x00, 0x01, 0xff, 0xfc, 0xfa, 0x00, 0x02, 0x03, 0xff, 0xfc, 0xfe, 0x00, 0x02, 0x01, 0xff, 0xfe, 0xfa, 0x00, 0x02, 0x07, 0xff, 0xfe, 0xfe, 0x00,
  0x02, 0x03, 0xff, 0xff, 0xfa, 0x00, 0x02, 0x07, 0xff, 0xfe, 0xfe, 0x00, 0x03, 0x03, 0xff, 0xff, 0x80, 0xfb, 0x00, 0x02, 0x0f, 0xff, 0xff, 0xfe,
  0x00, 0x03, 0x07, 0xff, 0xff, 0x80, 0xfb, 0x00, 0x02, 0x0f, 0xff, 0xff, 0xfe, 0x00, 0x03, 0x07, 0xff, 0xff, 0xc0, 0xfb, 0x00, 0x02, 0x1f, 0xff,
  0xff, 0xfe, 0x00, 0x03, 0x07, 0xff, 0xff, 0xc0, 0xfb, 0x00, 0x02, 0x1f, 0xff, 0xff, 0xfe, 0x00, 0x03, 0x07, 0xff, 0xff, 0xc0, 0xfb, 0x00, 0x02,
  0x1f, 0xff, 0xff, 0xfe, 0x00, 0x03, 0x07, 0xff, 0xff, 0xc0, 0xfb, 0x00, 0x02, 0x1f, 0xff, 0xff, 0xfe, 0x00, 0x03, 0x07, 0xff, 0xff, 0xc0, 0xfb,
  0x00, 0x02, 0x1f, 0xff, 0xff, 0xfe, 0x00, 0x03, 0x07, 0xff, 0xff, 0xc0, 0xfb, 0x00, 0x02, 0x1f, 0xff, 0xff, 0xfe, 0x00, 0x03, 0x07, 0xff, 0xff,
  0xe0, 0xfb, 0x00, 0x02, 0x1f, 0xff, 0xff, 0xfe, 0x00, 0x03, 0x07, 0xff, 0xff, 0xe0, 0xfb, 0x00, 0x02, 0x1f, 0xff, 0xff, 0xfe, 0x00, 0x03, 0x07,
  0xff, 0xff, 0xe0, 0xfb, 0x00, 0x02, 0x1f, 0xff, 0xff, 0xfe, 0x00, 0x03, 0x07, 0xff, 0xff, 0xc0, 0xfb, 0x00, 0x02, 0x1f, 0xff, 0xff, 0xfe, 0x00,
  0x03, 0x03, 0xff, 0xff, 0xc0, 0xfb, 0x00, 0x02, 0x1f, 0xff, 0xff, 0xfe, 0x00, 0x03, 0x03, 0xff, 0xff, 0xc0, 0xfb, 0x00, 0x02, 0x1f, 0xff, 0xff,
  0xfe, 0x00, 0x03, 0x03, 0xff, 0xff, 0xc0, 0xfb, 0x00, 0x02, 0x1f, 0xff, 0xff, 0xfe, 0x00, 0x03, 0x07, 0xff, 0xff, 0xc0, 0xfb, 0x00, 0x02, 0x0f,
  0xff, 0xff, 0xfe, 0x00, 0x03, 0x07, 0xff, 0xff, 0xc0, 0xfb, 0x00, 0x02, 0x0f, 0xff, 0xff, 0xfe, 0x00, 0x03, 0x03, 0xff, 0xff, 0x80, 0xfb, 0x00,
  0x02, 0x0f, 0xff, 0xff, 0xfe, 0x00, 0x03, 0x03, 0xff, 0xff, 0x80, 0xfb, 0x00, 0x02, 0x0f, 0xff, 0xff, 0xfe, 0x00, 0x03, 0x03, 0xff, 0xff, 0x80,
  0xfb, 0x00, 0x09, 0x07, 0xff, 0xff, 0x00, 0x00, 0x04, 0x03, 0xff, 0xff, 0x80, 0xfb, 0x00, 0x08, 0x07, 0xff, 0xff, 0x03, 0xc0, 0x1f, 0x03, 0xff,
  0xff, 0xfa, 0x00, 0x08, 0x03, 0xff, 0xfe, 0x07, 0xf0, 0x7f, 0x03, 0xff, 0xfe, 0xfa, 0x00, 0x08, 0x03, 0xff, 0xfe, 0x07, 0xff, 0xff, 0x01, 0xff,
  0xfc, 0xfa, 0x00, 0x08, 0x01, 0xff, 0xf8, 0x07, 0xff, 0xff, 0x00, 0x7f, 0xf8, 0xf9, 0x00, 0x04, 0x3f, 0xe0, 0x03, 0xff, 0xfe, 0xf4, 0x00, 0x02,
  0x01, 0xff, 0xfc, 0xf3, 0x00, 0x01, 0x7f, 0xf0, 0xf3, 0x00, 0x01, 0x07, 0x80, 0x81, 0x00, 0x81, 0x00, 0xba, 0x00, 0x81, 0x00, 0xcd, 0x00, 0x01,
  0x7f, 0xf0, 0xfd, 0x00, 0x01, 0x7f, 0xfc, 0xfa, 0x00, 0x02, 0x01, 0xff, 0xf8, 0xfd, 0x00, 0x01, 0xff, 0xfe, 0xfa, 0x00, 0x02, 0x03, 0xff, 0xfe,
  0xfe, 0x00, 0x02, 0x01, 0xff, 0xff, 0xfa, 0x00, 0x02, 0x07, 0xff, 0xfe, 0xfe, 0x00, 0x03, 0x03, 0xff, 0xff, 0x80, 0xfb, 0x00, 0x02, 0x07, 0xff,
  0xff, 0xfe, 0x00, 0x03, 0x03, 0xff, 0xff, 0x80, 0xfb, 0x00, 0x02, 0x0f, 0xff, 0xff, 0xfe, 0x00, 0x03, 0x07, 0xff, 0xff, 0xc0, 0xfb, 0x00, 0x02,
  0x0f, 0xff, 0xff, 0xfe, 0x00, 0x03, 0x07, 0xff, 0xff, 0xc0, 0xfb, 0x00, 0x02, 0x0f, 0xff, 0xff, 0xfe, 0x00, 0x03, 0x07, 0xff, 0xff, 0xc0, 0xfb,
  0x00, 0x02, 0x1f, 0xff, 0xff, 0xfe, 0x00, 0x03, 0x07, 0xff, 0xff, 0xc0, 0xfb, 0x00, 0x02, 0x1f, 0xff, 0xff, 0xfe, 0x00, 0x03, 0x07, 0xff, 0xff,
  0xc0, 0xfb, 0x00, 0x02, 0x1f, 0xff, 0xff, 0xfe, 0x00, 0x03, 0x07, 0xff, 0xff, 0xe0, 0xfb, 0x00, 0x02, 0x1f, 0xff, 0xff, 0xfe, 0x00, 0x03, 0x03,
  0xff, 0xff, 0xe0, 0xfb, 0x00, 0x02, 0x1f, 0xff, 0xff, 0xfe, 0x00, 0x03, 0x03, 0xff, 0xff, 0xe0, 0xfb, 0x00, 0x02, 0x1f, 0xff, 0xff, 0xfe, 0x00,
  0x03, 0x03, 0xff, 0xff, 0xe0, 0xfb, 0x00, 0x02, 0x1f, 0xff, 0xff, 0xfe, 0x00, 0x03, 0x03, 0xff, 0xff, 0xe0, 0xfb, 0x00, 0x02, 0x1f, 0xff, 0xff,
  0xfe, 0x00, 0x03, 0x03, 0xff, 0xff, 0xe0, 0xfb, 0x00, 0x02, 0x1f, 0xff, 0xff, 0xfe, 0x00, 0x03, 0x03, 0xff, 0xff, 0xc0, 0xfb, 0x00, 0x02, 0x0f,
  0xff, 0xff, 0xfe, 0x00, 0x03, 0x03, 0xff, 0xff, 0xc0, 0xfb, 0x00, 0x02, 0x0f, 0xff, 0xff, 0xfe, 0x00, 0x03, 0x03, 0xff, 0xff, 0xc0, 0xfb, 0x00,
  0x02, 0x0f, 0xff, 0xff, 0xfe, 0x00, 0x03, 0x03, 0xff, 0xff, 0xc0, 0xfb, 0x00, 0x02, 0x0f, 0xff, 0xff, 0xfe, 0x00, 0x03, 0x03, 0xff, 0xff, 0xc0,
  0xfb, 0x00, 0x02, 0x0f, 0xff, 0xff, 0xfe, 0x00, 0x03, 0x03, 0xff, 0xff, 0x80, 0xfb, 0x00, 0x02, 0x0f, 0xff, 0xff, 0xfe, 0x00, 0x03, 0x03, 0xff,
  0xff, 0x80, 0xfb, 0x00, 0x02, 0x07, 0xff, 0xff, 0xfe, 0x00, 0x03, 0x03, 0xff, 0xff, 0x80, 0xfb, 0x00, 0x08, 0x07, 0xff, 0xff, 0x03, 0xc0, 0x0e,
  0x03, 0xff, 0xff, 0xfa, 0x00, 0x08, 0x03, 0xff, 0xff, 0x07, 0xf0, 0x3f, 0x03, 0xff, 0xff, 0xfa, 0x00, 0x08, 0x03, 0xff, 0xfe, 0x07, 0xff, 0xff,
  0x01, 0xff, 0xfe, 0xfa, 0x00, 0x08, 0x01, 0xff, 0xfc, 0x07, 0xff, 0xff, 0x00, 0x7f, 0xf8, 0xf9, 0x00, 0x07, 0x7f, 0xf8, 0x03, 0xff, 0xff, 0x00,
  0x1f, 0xf0, 0xf7, 0x00, 0x02, 0x01, 0xff, 0xfe, 0xf3, 0x00, 0x01, 0xff, 0xf8, 0xf3, 0x00, 0x01, 0x3f, 0xe0, 0x81, 0x00, 0x81, 0x00, 0xaa, 0x00,
  0x81, 0x00, 0xcd, 0x00, 0x01, 0x7f, 0xf0, 0xfd, 0x00, 0x01, 0x7f, 0xfc, 0xfa, 0x00, 0x02, 0x01, 0xff, 0xfc, 0xfd, 0x00, 0x01, 0xff, 0xfe, 0xfa,
  0x00, 0x02, 0x03, 0xff, 0xfe, 0xfe, 0x00, 0x02, 0x03, 0xff, 0xff, 0xfa, 0x00, 0x02, 0x07, 0xff, 0xff, 0xfe, 0x00, 0x03, 0x03, 0xff, 0xff, 0x80,
  0xfb, 0x00, 0x02, 0x0f, 0xff, 0xff, 0xfe, 0x00, 0x03, 0x03, 0xff, 0xff, 0x80, 0xfb, 0x00, 0x02, 0x0f, 0xff, 0xff, 0xfe, 0x00, 0x03, 0x07, 0xff,
  0xff, 0xc0, 0xfb, 0x00, 0x02, 0x0f, 0xff, 0xff, 0xfe, 0x00, 0x03, 0x07, 0xff, 0xff, 0xc0, 0xfb, 0x00, 0x02, 0x0f, 0xff, 0xff, 0xfe, 0x00, 0x03,
  0x07, 0xff, 0xff, 0xc0, 0xfb, 0x00, 0x02, 0x1f, 0xff, 0xff, 0xfe, 0x00, 0x03, 0x07, 0xff, 0xff, 0xc0, 0xfb, 0x00, 0x02, 0x1f, 0xff, 0xff, 0xfe,
  0x00, 0x03, 0x07, 0xff, 0xff, 0xe0, 0xfb, 0x00, 0x09, 0x1f, 0xff, 0xff, 0x80, 0x00, 0x00, 0x07, 0xff, 0xff, 0xe0, 0xfb, 0x00, 0x02, 0x1f, 0xff,
  0xff, 0xfe, 0x00, 0x03, 0x07, 0xff, 0xff, 0xe0, 0xfb, 0x00, 0x02, 0x1f, 0xff, 0xff, 0xfe, 0x00, 0x03, 0x03, 0xff, 0xff, 0xe0, 0xfb, 0x00, 0x02,
  0x1f, 0xff, 0xff, 0xfe, 0x00, 0x03, 0x03, 0xff, 0xff, 0xe0, 0xfb, 0x00, 0x02, 0x1f, 0xff, 0xff, 0xfe, 0x00, 0x03, 0x03, 0xff, 0xff, 0xe0, 0xfb,
  0x00, 0x02, 0x1f, 0xff, 0xff, 0xfe, 0x00, 0x03, 0x03, 0xff, 0xff, 0xe0, 0xfb, 0x00, 0x02, 0x1f, 0xff, 0xff, 0xfe, 0x00, 0x03, 0x03, 0xff, 0xff,
  0xc0, 0xfb, 0x00, 0x02, 0x0f, 0xff, 0xff, 0xfe, 0x00, 0x03, 0x03, 0xff, 0xff, 0xc0, 0xfb, 0x00, 0x02, 0x0f, 0xff, 0xff, 0xfe, 0x00, 0x03, 0x03,
  0xff, 0xff, 0xc0, 0xfb, 0x00, 0x02, 0x0f, 0xff, 0xff, 0xfe, 0x00, 0x03, 0x03, 0xff, 0xff, 0xc0, 0xfb, 0x00, 0x02, 0x0f, 0xff, 0xff, 0xfe, 0x00,
  0x03, 0x03, 0xff, 0xff, 0xc0, 0xfb, 0x00, 0x02, 0x0f, 0xff, 0xff, 0xfe, 0x00, 0x03, 0x03, 0xff, 0xff, 0x80, 0xfb, 0x00, 0x02, 0x0f, 0xff, 0xff,
  0xfe, 0x00, 0x03, 0x03, 0xff, 0xff, 0x80, 0xfb, 0x00, 0x02, 0x07, 0xff, 0xff, 0xfe, 0x00, 0x03, 0x03, 0xff, 0xff, 0x80, 0xfb, 0x00, 0x08, 0x07,
  0xff, 0xff, 0x03, 0xc0, 0x0e, 0x03, 0xff, 0xff, 0xfa, 0x00, 0x08, 0x03, 0xff, 0xff, 0x07, 0xf0, 0x3f, 0x03, 0xff, 0xff, 0xfa, 0x00, 0x08, 0x03,
  0xff, 0xfe, 0x07, 0xff, 0xff, 0x01, 0xff, 0xfe, 0xfa, 0x00, 0x08, 0x01, 0xff, 0xfc, 0x07, 0xff, 0xff, 0x00, 0x7f, 0xf8, 0xf9, 0x00, 0x07, 0x7f,
  0xf0, 0x03, 0xff, 0xff, 0x00, 0x1f, 0xe0, 0xf7, 0x00, 0x02, 0x01, 0xff, 0xfe, 0xf3, 0x00, 0x01, 0xff, 0xf8, 0xf3, 0x00, 0x01, 0x3f, 0xe0, 0x81,
  0x00, 0x81, 0x00, 0xaa, 0x00, 0x81, 0x00, 0xd7, 0x00, 0x01, 0x07, 0xc0, 0xf9, 0x00, 0x01, 0x7f, 0xf0, 0xfd, 0x00, 0x01, 0x7f, 0xfc, 0xfa, 0x00,
  0x02, 0x01, 0xff, 0xfc, 0xfe, 0x00, 0x02, 0x01, 0xff, 0xfe, 0xfa, 0x00, 0x02, 0x03, 0xff, 0xfe, 0xfe, 0x00, 0x02, 0x03, 0xff, 0xff, 0xfa, 0x00,
  0x02, 0x07, 0xff, 0xff, 0xfe, 0x00, 0x03, 0x03, 0xff, 0xff, 0x80, 0xfb, 0x00, 0x02, 0x07, 0xff, 0xff, 0xfe, 0x00, 0x03, 0x03, 0xff, 0xff, 0x80,
  0xfb, 0x00, 0x02, 0x0f, 0xff, 0xff, 0xfe, 0x00, 0x03, 0x07, 0xff, 0xff, 0xc0, 0xfb, 0x00, 0x02, 0x0f, 0xff, 0xff, 0xfe, 0x00, 0x03, 0x07, 0xff,
  0xff, 0xc0, 0xfb, 0x00, 0x02, 0x0f, 0xff, 0xff, 0xfe, 0x00, 0x03, 0x07, 0xff, 0xff, 0xc0, 0xfb, 0x00, 0x02, 0x1f, 0xff, 0xff, 0xfe, 0x00, 0x03,
  0x07, 0xff, 0xff, 0xc0, 0xfb, 0x00, 0x02, 0x1f, 0xff, 0xff, 0xfe, 0x00, 0x03, 0x07, 0xff, 0xff, 0xe0, 0xfb, 0x00, 0x02, 0x1f, 0xff, 0xff, 0xfe,
  0x00, 0x03, 0x07, 0xff, 0xff, 0xe0, 0xfb, 0x00, 0x02, 0x1f, 0xff, 0xff, 0xfe, 0x00, 0x03, 0x03, 0xff, 0xff, 0xe0, 0xfb, 0x00, 0x02, 0x1f, 0xff,
  0xff, 0xfe, 0x00, 0x03, 0x03, 0xff, 0xff, 0xe0, 0xfb, 0x00, 0x02, 0x1f, 0xff, 0xff, 0xfe, 0x00, 0x03, 0x03, 0xff, 0xff, 0xe0, 0xfb, 0x00, 0x02,
  0x1f, 0xff, 0xff, 0xfe, 0x00, 0x03, 0x03, 0xff, 0xff, 0xe0, 0xfb, 0x00, 0x02, 0x1f, 0xff, 0xff, 0xfe, 0x00, 0x03, 0x03, 0xff, 0xff, 0xe0, 0xfb,
  0x00, 0x02, 0x1f, 0xff, 0xff, 0xfe, 0x00, 0x03, 0x03, 0xff, 0xff, 0xc0, 0xfb, 0x00, 0x02, 0x0f, 0xff, 0xff, 0xfe, 0x00, 0x03, 0x03, 0xff, 0xff,
  0xc0, 0xfb, 0x00, 0x02, 0x0f, 0xff, 0xff, 0xfe, 0x00, 0x03, 0x03, 0xff, 0xff, 0xc0, 0xfb, 0x00, 0x02, 0x0f, 0xff, 0xff, 0xfe, 0x00, 0x03, 0x03,
  0xff, 0xff, 0xc0, 0xfb, 0x00, 0x02, 0x0f, 0xff, 0xff, 0xfe, 0x00, 0x03, 0x03, 0xff, 0xff, 0xc0, 0xfb, 0x00, 0x02, 0x0f, 0xff, 0xff, 0xfe, 0x00,
  0x03, 0x03, 0xff, 0xff, 0x80, 0xfb, 0x00, 0x02, 0x0f, 0xff, 0xff, 0xfe, 0x00, 0x03, 0x03, 0xff, 0xff, 0x80, 0xfb, 0x00, 0x02, 0x07, 0xff, 0xff,
  0xfe, 0x00, 0x03, 0x03, 0xff, 0xff, 0x80, 0xfb, 0x00, 0x08, 0x07, 0xff, 0xff, 0x03, 0xc0, 0x0e, 0x03, 0xff, 0xff, 0xfa, 0x00, 0x08, 0x03, 0xff,
  0xff, 0x07, 0xf0, 0x3f, 0x03, 0xff, 0xff, 0xfa, 0x00, 0x08, 0x03, 0xff, 0xfe, 0x07, 0xff, 0xff, 0x01, 0xff, 0xfe, 0xfa, 0x00, 0x08, 0x01, 0xff,
  0xfc, 0x07, 0xff, 0xff, 0x00, 0x7f, 0xf8, 0xf9, 0x00, 0x07, 0x7f, 0xf0, 0x03, 0xff, 0xff, 0x00, 0x1f, 0xc0, 0xf7, 0x00, 0x02, 0x01, 0xff, 0xfe,
  0xf3, 0x00, 0x01, 0x7f, 0xf8, 0xf3, 0x00, 0x01, 0x1f, 0xc0, 0x81, 0x00, 0x81, 0x00, 0xaa, 0x00, 0x81, 0x00, 0xd7, 0x00, 0x01, 0x0f, 0xe0, 0xf9,
  0x00, 0x01, 0xff, 0xf0, 0xfd, 0x00, 0x01, 0x7f, 0xfc, 0xfa, 0x00, 0x02, 0x03, 0xff, 0xfc, 0xfe, 0x00, 0x02, 0x01, 0xff, 0xff, 0xfa, 0x00, 0x02,
  0x03, 0xff, 0xfe, 0xfe, 0x00, 0x02, 0x03, 0xff, 0xff, 0xfa, 0x00, 0x02, 0x07, 0xff, 0xff, 0xfe, 0x00, 0x03, 0x03, 0xff, 0xff, 0x80, 0xfb, 0x00,
  0x02, 0x0f, 0xff, 0xff, 0xfe, 0x00, 0x03, 0x03, 0xff, 0xff, 0x80, 0xfb, 0x00, 0x02, 0x0f, 0xff, 0xff, 0xfe, 0x00, 0x03, 0x07, 0xff, 0xff, 0xc0,
  0xfb, 0x00, 0x02, 0x0f, 0xff, 0xff, 0xfe, 0x00, 0x03, 0x07, 0xff, 0xff, 0xc0, 0xfb, 0x00, 0x02, 0x1f, 0xff, 0xff, 0xfe, 0x00, 0x03, 0x07, 0xff,
  0xff, 0xc0, 0xfb, 0x00, 0x02, 0x1f, 0xff, 0xff, 0xfe, 0x00, 0x03, 0x07, 0xff, 0xff, 0xc0, 0xfb, 0x00, 0x02, 0x1f, 0xff, 0xff, 0xfe, 0x00, 0x03,
  0x07, 0xff, 0xff, 0xe0, 0xfb, 0x00, 0x02, 0x1f, 0xff, 0xff, 0xfe, 0x00, 0x03, 0x07, 0xff, 0xff, 0xe0, 0xfb, 0x00, 0x02, 0x1f, 0xff, 0xff, 0xfe,
  0x00, 0x03, 0x03, 0xff, 0xff, 0xe0, 0xfb, 0x00, 0x02, 0x1f, 0xff, 0xff, 0xfe, 0x00, 0x03, 0x03, 0xff, 0xff, 0xe0, 0xfb, 0x00, 0x02, 0x1f, 0xff,
  0xff, 0xfe, 0x00, 0x03, 0x03, 0xff, 0xff, 0xe0, 0xfb, 0x00, 0x02, 0x1f, 0xff, 0xff, 0xfe, 0x00, 0x03, 0x03, 0xff, 0xff, 0xe0, 0xfb, 0x00, 0x02,
  0x1f, 0xff, 0xff, 0xfe, 0x00, 0x03, 0x03, 0xff, 0xff, 0xe0, 0xfb, 0x00, 0x02, 0x1f, 0xff, 0xff, 0xfe, 0x00, 0x03, 0x03, 0xff, 0xff, 0xc0, 0xfb,
  0x00, 0x02, 0x0f, 0xff, 0xff, 0xfe, 0x00, 0x03, 0x03, 0xff, 0xff, 0xc0, 0xfb, 0x00, 0x02, 0x0f, 0xff, 0xff, 0xfe, 0x00, 0x03, 0x03, 0xff, 0xff,
  0xc0, 0xfb, 0x00, 0x02, 0x0f, 0xff, 0xff, 0xfe, 0x00, 0x03, 0x03, 0xff, 0xff, 0xc0, 0xfb, 0x00, 0x02, 0x0f, 0xff, 0xff, 0xfe, 0x00, 0x03, 0x03,
  0xff, 0xff, 0xc0, 0xfb, 0x00, 0x02, 0x0f, 0xff, 0xff, 0xfe, 0x00, 0x03, 0x03, 0xff, 0xff, 0x80, 0xfb, 0x00, 0x02, 0x0f, 0xff, 0xff, 0xfe, 0x00,
  0x03, 0x03, 0xff, 0xff, 0x80, 0xfb, 0x00, 0x02, 0x07, 0xff, 0xff, 0xfe, 0x00, 0x03, 0x03, 0xff, 0xff, 0x80, 0xfb, 0x00, 0x08, 0x07, 0xff, 0xff,
  0x03, 0xc0, 0x0e, 0x03, 0xff, 0xff, 0xfa, 0x00, 0x08, 0x03, 0xff, 0xfe, 0x07, 0xf0, 0x3f, 0x01, 0xff, 0xff, 0xfa, 0x00, 0x08, 0x01, 0xff, 0xfe,
  0x07, 0xff, 0xff, 0x01, 0xff, 0xfe, 0xf9, 0x00, 0x07, 0xff, 0xfc, 0x03, 0xff, 0xff, 0x00, 0x7f, 0xf8, 0xf9, 0x00, 0x07, 0x7f, 0xf0, 0x03, 0xff,
  0xff, 0x00, 0x0f, 0xc0, 0xf7, 0x00, 0x02, 0x01, 0xff, 0xfe, 0xf3, 0x00, 0x01, 0x7f, 0xf8, 0xf3, 0x00, 0x01, 0x0f, 0x80, 0x81, 0x00, 0x81, 0x00,
  0xaa, 0x00, 0x81, 0x00, 0xd7, 0x00, 0x01, 0x0f, 0xe0, 0xf9, 0x00, 0x01, 0xff, 0xf0, 0xfd, 0x00, 0x01, 0x7f, 0xfc, 0xfa, 0x00, 0x02, 0x03, 0xff,
  0xfc, 0xfe, 0x00, 0x02, 0x01, 0xff, 0xff, 0xfa, 0x00, 0x02, 0x03, 0xff, 0xfe, 0xfe, 0x00, 0x02, 0x03, 0xff, 0xff, 0xfa, 0x00, 0x02, 0x07, 0xff,
  0xff, 0xfe, 0x00, 0x03, 0x03, 0xff, 0xff, 0x80, 0xfb, 0x00, 0x02, 0x0f, 0xff, 0xff, 0xfe, 0x00, 0x03, 0x03, 0xff, 0xff, 0x80, 0xfb, 0x00, 0x02,
  0x0f, 0xff, 0xff, 0xfe, 0x00, 0x03, 0x07, 0xff, 0xff, 0xc0, 0xfb, 0x00, 0x02, 0x0f, 0xff, 0xff, 0xfe, 0x00, 0x03, 0x07, 0xff, 0xff, 0xc0, 0xfb,
  0x00, 0x02, 0x0f, 0xff, 0xff, 0xfe, 0x00, 0x03, 0x07, 0xff, 0xff, 0xc0, 0xfb, 0x00, 0x02, 0x1f, 0xff, 0xff, 0xfe, 0x00, 0x03, 0x07, 0xff, 0xff,
  0xc0, 0xfb, 0x00, 0x02, 0x1f, 0xff, 0xff, 0xfe, 0x00, 0x03, 0x07, 0xff, 0xff, 0xe0, 0xfb, 0x00, 0x02, 0x1f, 0xff, 0xff, 0xfe, 0x00, 0x03, 0x07,
  0xff, 0xff, 0xe0, 0xfb, 0x00, 0x02, 0x1f, 0xff, 0xff, 0xfe, 0x00, 0x03, 0x03, 0xff, 0xff, 0xe0, 0xfb, 0x00, 0x02, 0x1f, 0xff, 0xff, 0xfe, 0x00,
  0x03, 0x03, 0xff, 0xff, 0xe0, 0xfb, 0x00, 0x02, 0x1f, 0xff, 0xff, 0xfe, 0x00, 0x03, 0x03, 0xff, 0xff, 0xe0, 0xfb, 0x00, 0x02, 0x1f, 0xff, 0xff,
  0xfe, 0x00, 0x03, 0x03, 0xff, 0xff, 0xe0, 0xfb, 0x00, 0x02, 0x1f, 0xff, 0xff, 0xfe, 0x00, 0x03, 0x03, 0xff, 0xff, 0xe0, 0xfb, 0x00, 0x02, 0x1f,
  0xff, 0xff, 0xfe, 0x00, 0x03, 0x03, 0xff, 0xff, 0xc0, 0xfb, 0x00, 0x02, 0x0f, 0xff, 0xff, 0xfe, 0x00, 0x03, 0x03, 0xff, 0xff, 0xc0, 0xfb, 0x00,
  0x02, 0x0f, 0xff, 0xff, 0xfe, 0x00, 0x03, 0x03, 0xff, 0xff, 0xc0, 0xfb, 0x00, 0x02, 0x0f, 0xff, 0xff, 0xfe, 0x00, 0x03, 0x03, 0xff, 0xff, 0xc0,
  0xfb, 0x00, 0x02, 0x0f, 0xff, 0xff, 0xfe, 0x00, 0x03, 0x03, 0xff, 0xff, 0xc0, 0xfb, 0x00, 0x02, 0x0f, 0xff, 0xff, 0xfe, 0x00, 0x03, 0x03, 0xff,
  0xff, 0x80, 0xfb, 0x00, 0x02, 0x0f, 0xff, 0xff, 0xfe, 0x00, 0x03, 0x03, 0xff, 0xff, 0x80, 0xfb, 0x00, 0x02, 0x07, 0xff, 0xff, 0xfe, 0x00, 0x03,
  0x03, 0xff, 0xff, 0x80, 0xfb, 0x00, 0x08, 0x07, 0xff, 0xff, 0x03, 0xc0, 0x0e, 0x03, 0xff, 0xff, 0xfa, 0x00, 0x08, 0x03, 0xff, 0xfe, 0x07, 0xf0,
  0x3f, 0x01, 0xff, 0xff, 0xfa, 0x00, 0x08, 0x01, 0xff, 0xfe, 0x07, 0xff, 0xff, 0x00, 0xff, 0xfe, 0xf9, 0x00, 0x07, 0xff, 0xfc, 0x03, 0xff, 0xff,
  0x00, 0x7f, 0xf8, 0xf9, 0x00, 0x07, 0x7f, 0xf0, 0x03, 0xff, 0xff, 0x00, 0x07, 0xc0, 0xf7, 0x00, 0x02, 0x01, 0xff, 0xfe, 0xf3, 0x00, 0x01, 0x7f,
  0xf8, 0xf3, 0x00, 0x01, 0x0f, 0x80, 0x81, 0x00, 0x81, 0x00, 0xaa, 0x00, 0x81, 0x00, 0xd7, 0x00, 0x01, 0x1f, 0xf0, 0xf9, 0x00, 0x01, 0x7f, 0xf0,
  0xfd, 0x00, 0x01, 0x7f, 0xfc, 0xfa, 0x00, 0x02, 0x03, 0xff, 0xfc, 0xfe, 0x00, 0x02, 0x01, 0xff, 0xff, 0xfa, 0x00, 0x02, 0x03, 0xff, 0xfe, 0xfe,
  0x00, 0x02, 0x03, 0xff, 0xff, 0xfa, 0x00, 0x02, 0x07, 0xff, 0xff, 0xfe, 0x00, 0x03, 0x03, 0xff, 0xff, 0x80, 0xfb, 0x00, 0x02, 0x0f, 0xff, 0xff,
  0xfe, 0x00, 0x03, 0x03, 0xff, 0xff, 0x80, 0xfb, 0x00, 0x02, 0x0f, 0xff, 0xff, 0xfe, 0x00, 0x03, 0x07, 0xff, 0xff, 0xc0, 0xfb, 0x00, 0x02, 0x0f,
  0xff, 0xff, 0xfe, 0x00, 0x03, 0x07, 0xff, 0xff, 0xc0, 0xfb, 0x00, 0x02, 0x0f, 0xff, 0xff, 0xfe, 0x00, 0x03, 0x07, 0xff, 0xff, 0xc0, 0xfb, 0x00,
  0x02, 0x1f, 0xff, 0xff, 0xfe, 0x00, 0x03, 0x07, 0xff, 0xff, 0xe0, 0xfb, 0x00, 0x02, 0x1f, 0xff, 0xff, 0xfe, 0x00, 0x03, 0x07, 0xff, 0xff, 0xe0,
  0xfb, 0x00, 0x02, 0x1f, 0xff, 0xff, 0xfe, 0x00, 0x03, 0x07, 0xff, 0xff, 0xe0, 0xfb, 0x00, 0x02, 0x1f, 0xff, 0xff, 0xfe, 0x00, 0x03, 0x07, 0xff,
  0xff, 0xe0, 0xfb, 0x00, 0x02, 0x1f, 0xff, 0xff, 0xfe, 0x00, 0x03, 0x03, 0xff, 0xff, 0xe0, 0xfb, 0x00, 0x02, 0x1f, 0xff, 0xff, 0xfe, 0x00, 0x03,
  0x03, 0xff, 0xff, 0xe0, 0xfb, 0x00, 0x02, 0x1f, 0xff, 0xff, 0xfe, 0x00, 0x03, 0x03, 0xff, 0xff, 0xe0, 0xfb, 0x00, 0x02, 0x1f, 0xff, 0xff, 0xfe,
  0x00, 0x03, 0x03, 0xff, 0xff, 0xe0, 0xfb, 0x00, 0x02, 0x1f, 0xff, 0xff, 0xfe, 0x00, 0x03, 0x03, 0xff, 0xff, 0xe0, 0xfb, 0x00, 0x02, 0x0f, 0xff,
  0xff, 0xfe, 0x00, 0x03, 0x03, 0xff, 0xff, 0xc0, 0xfb, 0x00, 0x02, 0x0f, 0xff, 0xff, 0xfe, 0x00, 0x03, 0x03, 0xff, 0xff, 0xc0, 0xfb, 0x00, 0x02,
  0x0f, 0xff, 0xff, 0xfe, 0x00, 0x03, 0x03, 0xff, 0xff, 0xc0, 0xfb, 0x00, 0x02, 0x0f, 0xff, 0xff, 0xfe, 0x00, 0x03, 0x03, 0xff, 0xff, 0xc0, 0xfb,
  0x00, 0x02, 0x0f, 0xff, 0xff, 0xfe, 0x00, 0x03, 0x03, 0xff, 0xff, 0x80, 0xfb, 0x00, 0x02, 0x0f, 0xff, 0xff, 0xfe, 0x00, 0x03, 0x03, 0xff, 0xff,
  0x80, 0xfb, 0x00, 0x02, 0x07, 0xff, 0xff, 0xfe, 0x00, 0x03, 0x03, 0xff, 0xff, 0x80, 0xfb, 0x00, 0x08, 0x07, 0xff, 0xff, 0x03, 0xc0, 0x0f, 0x03,
  0xff, 0xff, 0xfa, 0x00, 0x08, 0x03, 0xff, 0xfe, 0x03, 0xf0, 0x3f, 0x01, 0xff, 0xff, 0xfa, 0x00, 0x08, 0x03, 0xff, 0xfe, 0x07, 0xff, 0xff, 0x00,
  0xff, 0xfe, 0xfa, 0x00, 0x08, 0x01, 0xff, 0xfc, 0x03, 0xff, 0xff, 0x00, 0x7f, 0xf8, 0xf9, 0x00, 0x07, 0x7f, 0xf0, 0x03, 0xff, 0xff, 0x00, 0x0f,
  0x40, 0xf7, 0x00, 0x02, 0x01, 0xff, 0xfc, 0xf3, 0x00, 0x01, 0x7f, 0xf8, 0xf3, 0x00, 0x01, 0x0f, 0x80, 0x81, 0x00, 0x81, 0x00, 0xaa, 0x00, 0x81,
  0x00, 0xd7, 0x00, 0x01, 0x0f, 0xf0, 0xf9, 0x00, 0x01, 0x7f, 0xf0, 0xfd, 0x00, 0x01, 0x7f, 0xfc, 0xfa, 0x00, 0x02, 0x03, 0xff, 0xfc, 0xfe, 0x00,
  0x02, 0x01, 0xff, 0xff, 0xfa, 0x00, 0x02, 0x03, 0xff, 0xfe, 0xfe, 0x00, 0x02, 0x03, 0xff, 0xff, 0xfa, 0x00, 0x02, 0x07, 0xff, 0xff, 0xfe, 0x00,
  0x03, 0x03, 0xff, 0xff, 0x80, 0xfb, 0x00, 0x02, 0x07, 0xff, 0xff, 0xfe, 0x00, 0x03, 0x03, 0xff, 0xff, 0x80, 0xfb, 0x00, 0x02, 0x0f, 0xff, 0xff,
  0xfe, 0x00, 0x03, 0x07, 0xff, 0xff, 0xc0, 0xfb, 0x00, 0x02, 0x0f, 0xff, 0xff, 0xfe, 0x00, 0x03, 0x07, 0xff, 0xff, 0xc0, 0xfb, 0x00, 0x02, 0x0f,
  0xff, 0xff, 0xfe, 0x00, 0x03, 0x07, 0xff, 0xff, 0xc0, 0xfb, 0x00, 0x02, 0x0f, 0xff, 0xff, 0xfe, 0x00, 0x03, 0x07, 0xff, 0xff, 0xc0, 0xfb, 0x00,
  0x02, 0x1f, 0xff, 0xff, 0xfe, 0x00, 0x03, 0x07, 0xff, 0xff, 0xe0, 0xfb, 0x00, 0x02, 0x1f, 0xff, 0xff, 0xfe, 0x00, 0x03, 0x07, 0xff, 0xff, 0xe0,
  0xfb, 0x00, 0x02, 0x1f, 0xff, 0xff, 0xfe, 0x00, 0x03, 0x03, 0xff, 0xff, 0xe0, 0xfb, 0x00, 0x02, 0x1f, 0xff, 0xff, 0xfe, 0x00, 0x03, 0x03, 0xff,
  0xff, 0xe0, 0xfb, 0x00, 0x02, 0x1f, 0xff, 0xff, 0xfe, 0x00, 0x03, 0x03, 0xff, 0xff, 0xe0, 0xfb, 0x00, 0x02, 0x1f, 0xff, 0xff, 0xfe, 0x00, 0x03,
  0x03, 0xff, 0xff, 0xe0, 0xfb, 0x00, 0x02, 0x1f, 0xff, 0xff, 0xfe, 0x00, 0x03, 0x03, 0xff, 0xff, 0xe0, 0xfb, 0x00, 0x02, 0x0f, 0xff, 0xff, 0xfe,
  0x00, 0x03, 0x03, 0xff, 0xff, 0xe0, 0xfb, 0x00, 0x02, 0x0f, 0xff, 0xff, 0xfe, 0x00, 0x03, 0x03, 0xff, 0xff, 0xc0, 0xfb, 0x00, 0x02, 0x0f, 0xff,
  0xff, 0xfe, 0x00, 0x03, 0x03, 0xff, 0xff, 0xc0, 0xfb, 0x00, 0x02, 0x0f, 0xff, 0xff, 0xfe, 0x00, 0x03, 0x03, 0xff, 0xff, 0xc0, 0xfb, 0x00, 0x02,
  0x0f, 0xff, 0xff, 0xfe, 0x00, 0x03, 0x03, 0xff, 0xff, 0xc0, 0xfb, 0x00, 0x02, 0x0f, 0xff, 0xff, 0xfe, 0x00, 0x03, 0x03, 0xff, 0xff, 0x80, 0xfb,
  0x00, 0x02, 0x07, 0xff, 0xff, 0xfe, 0x00, 0x03, 0x03, 0xff, 0xff, 0x80, 0xfb, 0x00, 0x02, 0x07, 0xff, 0xff, 0xfe, 0x00, 0x03, 0x03, 0xff, 0xff,
  0x80, 0xfb, 0x00, 0x08, 0x07, 0xff, 0xff, 0x03, 0xc0, 0x0f, 0x03, 0xff, 0xff, 0xfa, 0x00, 0x08, 0x03, 0xff, 0xfe, 0x03, 0xf0, 0x3f, 0x01, 0xff,
  0xff, 0xfa, 0x00, 0x08, 0x03, 0xff, 0xfe, 0x07, 0xff, 0xff, 0x00, 0xff, 0xfe, 0xf9, 0x00, 0x07, 0xff, 0xfc, 0x03, 0xff, 0xff, 0x00, 0x7f, 0xf8,
  0xf9, 0x00, 0x06, 0x7f, 0xf0, 0x03, 0xff, 0xff, 0x00, 0x0a, 0xf6, 0x00, 0x02, 0x01, 0xff, 0xfc, 0xf3, 0x00, 0x01, 0x7f, 0xf8, 0xf3, 0x00, 0x01,
  0x0f, 0x80, 0x81, 0x00, 0x81, 0x00, 0xaa, 0x00, 0x81, 0x00, 0xdd, 0x00, 0x00, 0x02, 0xfc, 0x00, 0x01, 0x1f, 0xf0, 0xf9, 0x00, 0x01, 0xff, 0xf8,
  0xfd, 0x00, 0x01, 0x7f, 0xfe, 0xfa, 0x00, 0x02, 0x03, 0xff, 0xfc, 0xfe, 0x00, 0x02, 0x01, 0xff, 0xff, 0xfa, 0x00, 0x02, 0x03, 0xff, 0xfe, 0xfe,
  0x00, 0x03, 0x03, 0xff, 0xff, 0x80, 0xfb, 0x00, 0x02, 0x07, 0xff, 0xff, 0xfe, 0x00, 0x03, 0x03, 0xff, 0xff, 0x80, 0xfb, 0x00, 0x02, 0x0f, 0xff,
  0xff, 0xfe, 0x00, 0x03, 0x03, 0xff, 0xff, 0x80, 0xfb, 0x00, 0x02, 0x0f, 0xff, 0xff, 0xfe, 0x00, 0x03, 0x07, 0xff, 0xff, 0xc0, 0xfb, 0x00, 0x02,
  0x0f, 0xff, 0xff, 0xfe, 0x00, 0x03, 0x07, 0xff, 0xff, 0xc0, 0xfb, 0x00, 0x02, 0x0f, 0xff, 0xff, 0xfe, 0x00, 0x03, 0x07, 0xff, 0xff, 0xc0, 0xfb,
  0x00, 0x02, 0x1f, 0xff, 0xff, 0xfe, 0x00, 0x03, 0x07, 0xff, 0xff, 0xe0, 0xfb, 0x00, 0x02, 0x1f, 0xff, 0xff, 0xfe, 0x00, 0x03, 0x07, 0xff, 0xff,
  0xe0, 0xfb, 0x00, 0x02, 0x1f, 0xff, 0xff, 0xfe, 0x00, 0x03, 0x07, 0xff, 0xff, 0xe0, 0xfb, 0x00, 0x02, 0x1f, 0xff, 0xff, 0xfe, 0x00, 0x03, 0x03,
  0xff, 0xff, 0xe0, 0xfb, 0x00, 0x02, 0x1f, 0xff, 0xff, 0xfe, 0x00, 0x03, 0x03, 0xff, 0xff, 0xe0, 0xfb, 0x00, 0x02, 0x1f, 0xff, 0xff, 0xfe, 0x00,
  0x03, 0x03, 0xff, 0xff, 0xe0, 0xfb, 0x00, 0x02, 0x1f, 0xff, 0xff, 0xfe, 0x00, 0x03, 0x03, 0xff, 0xff, 0xe0, 0xfb, 0x00, 0x02, 0x1f, 0xff, 0xff,
  0xfe, 0x00, 0x03, 0x03, 0xff, 0xff, 0xe0, 0xfb, 0x00, 0x02, 0x0f, 0xff, 0xff, 0xfe, 0x00, 0x03, 0x03, 0xff, 0xff, 0xe0, 0xfb, 0x00, 0x02, 0x0f,
  0xff, 0xff, 0xfe, 0x00, 0x03, 0x03, 0xff, 0xff, 0xc0, 0xfb, 0x00, 0x02, 0x0f, 0xff, 0xff, 0xfe, 0x00, 0x03, 0x03, 0xff, 0xff, 0xc0, 0xfb, 0x00,
  0x02, 0x0f, 0xff, 0xff, 0xfe, 0x00, 0x03, 0x03, 0xff, 0xff, 0xc0, 0xfb, 0x00, 0x02, 0x0f, 0xff, 0xff, 0xfe, 0x00, 0x03, 0x03, 0xff, 0xff, 0xc0,
  0xfb, 0x00, 0x02, 0x0f, 0xff, 0xff, 0xfe, 0x00, 0x03, 0x03, 0xff, 0xff, 0x80, 0xfb, 0x00, 0x02, 0x07, 0xff, 0xff, 0xfe, 0x00, 0x03, 0x03, 0xff,
  0xff, 0x80, 0xfb, 0x00, 0x02, 0x07, 0xff, 0xff, 0xfe, 0x00, 0x03, 0x03, 0xff, 0xff, 0x80, 0xfb, 0x00, 0x08, 0x07, 0xff, 0xff, 0x03, 0xc0, 0x0f,
  0x03, 0xff, 0xff, 0xfa, 0x00, 0x08, 0x03, 0xff, 0xfe, 0x03, 0xf8, 0x3f, 0x01, 0xff, 0xff, 0xfa, 0x00, 0x08, 0x03, 0xff, 0xfe, 0x07, 0xff, 0xff,
  0x00, 0xff, 0xfe, 0xf9, 0x00, 0x07, 0xff, 0xfc, 0x03, 0xff, 0xff, 0x00, 0x7f, 0xf8, 0xf9, 0x00, 0x04, 0x7f, 0xf0, 0x03, 0xff, 0xff, 0xf4, 0x00,
  0x02, 0x01, 0xff, 0xfc, 0xf3, 0x00, 0x01, 0x7f, 0xf8, 0xf3, 0x00, 0x01, 0x0f, 0x80, 0x81, 0x00, 0x81, 0x00, 0xaa, 0x00, 0x81, 0x00, 0xd7, 0x00,
  0x01, 0x1f, 0xf0, 0xf9, 0x00, 0x01, 0xff, 0xf0, 0xfd, 0x00, 0x01, 0x7f, 0xfc, 0xfa, 0x00, 0x02, 0x03, 0xff, 0xfc, 0xfe, 0x00, 0x02, 0x01, 0xff,
  0xff, 0xfa, 0x00, 0x02, 0x03, 0xff, 0xfe, 0xfe, 0x00, 0x03, 0x03, 0xff, 0xff, 0x80, 0xfb, 0x00, 0x02, 0x07, 0xff, 0xff, 0xfe, 0x00, 0x03, 0x03,
  0xff, 0xff, 0x80, 0xfb, 0x00, 0x02, 0x07, 0xff, 0xff, 0xfe, 0x00, 0x03, 0x03, 0xff, 0xff, 0x80, 0xfb, 0x00, 0x02, 0x0f, 0xff, 0xff, 0xfe, 0x00,
  0x03, 0x07, 0xff, 0xff, 0xc0, 0xfb, 0x00, 0x02, 0x0f, 0xff, 0xff, 0xfe, 0x00, 0x03, 0x07, 0xff, 0xff, 0xc0, 0xfb, 0x00, 0x02, 0x0f, 0xff, 0xff,
  0xfe, 0x00, 0x03, 0x07, 0xff, 0xff, 0xc0, 0xfb, 0x00, 0x02, 0x0f, 0xff, 0xff, 0xfe, 0x00, 0x03, 0x07, 0xff, 0xff, 0xc0, 0xfb, 0x00, 0x02, 0x1f,
  0xff, 0xff, 0xfe, 0x00, 0x03, 0x07, 0xff, 0xff, 0xe0, 0xfb, 0x00, 0x02, 0x1f, 0xff, 0xff, 0xfe, 0x00, 0x03, 0x07, 0xff, 0xff, 0xe0, 0xfb, 0x00,
  0x02, 0x1f, 0xff, 0xff, 0xfe, 0x00, 0x03, 0x03, 0xff, 0xff, 0xe0, 0xfb, 0x00, 0x02, 0x1f, 0xff, 0xff, 0xfe, 0x00, 0x03, 0x03, 0xff, 0xff, 0xe0,
  0xfb, 0x00, 0x02, 0x1f, 0xff, 0xff, 0xfe, 0x00, 0x03, 0x03, 0xff, 0xff, 0xe0, 0xfb, 0x00, 0x02, 0x1f, 0xff, 0xff, 0xfe, 0x00, 0x03, 0x03, 0xff,
  0xff, 0xe0, 0xfb, 0x00, 0x02, 0x1f, 0xff, 0xff, 0xfe, 0x00, 0x03, 0x03, 0xff, 0xff, 0xe0, 0xfb, 0x00, 0x02, 0x0f, 0xff, 0xff, 0xfe, 0x00, 0x03,
  0x03, 0xff, 0xff, 0xe0, 0xfb, 0x00, 0x02, 0x0f, 0xff, 0xff, 0xfe, 0x00, 0x03, 0x03, 0xff, 0xff, 0xc0, 0xfb, 0x00, 0x02, 0x0f, 0xff, 0xff, 0xfe,
  0x00, 0x03, 0x03, 0xff, 0xff, 0xc0, 0xfb, 0x00, 0x02, 0x0f, 0xff, 0xff, 0xfe, 0x00, 0x03, 0x03, 0xff, 0xff, 0xc0, 0xfb, 0x00, 0x02, 0x0f, 0xff,
  0xff, 0xfe, 0x00, 0x03, 0x03, 0xff, 0xff, 0xc0, 0xfb, 0x00, 0x02, 0x0f, 0xff, 0xff, 0xfe, 0x00, 0x03, 0x03, 0xff, 0xff, 0x80, 0xfb, 0x00, 0x02,
  0x07, 0xff, 0xff, 0xfe, 0x00, 0x03, 0x03, 0xff, 0xff, 0x80, 0xfb, 0x00, 0x02, 0x07, 0xff, 0xff, 0xfe, 0x00, 0x03, 0x03, 0xff, 0xff, 0x80, 0xfb,
  0x00, 0x08, 0x07, 0xff, 0xff, 0x03, 0xc0, 0x0f, 0x03, 0xff, 0xff, 0xfa, 0x00, 0x08, 0x03, 0xff, 0xfe, 0x03, 0xf8, 0x3f, 0x01, 0xff, 0xff, 0xfa,
  0x00, 0x08, 0x03, 0xff, 0xfe, 0x07, 0xff, 0xff, 0x00, 0xff, 0xfe, 0xf9, 0x00, 0x07, 0xff, 0xfc, 0x03, 0xff, 0xff, 0x00, 0x7f, 0xf8, 0xf9, 0x00,
  0x04, 0x7f, 0xf0, 0x03, 0xff, 0xff, 0xf4, 0x00, 0x02, 0x01, 0xff, 0xfc, 0xf3, 0x00, 0x01, 0x7f, 0xf8, 0xf3, 0x00, 0x01, 0x0e, 0x80, 0x81, 0x00,
  0x81, 0x00, 0xaa, 0x00, 0x81, 0x00, 0xd7, 0x00, 0x01, 0x1f, 0xf0, 0xf9, 0x00, 0x01, 0xff, 0xf8, 0xfd, 0x00, 0x01, 0x7f, 0xfc, 0xfa, 0x00, 0x02,
  0x03, 0xff, 0xfc, 0xfe, 0x00, 0x02, 0x01, 0xff, 0xff, 0xfa, 0x00, 0x02, 0x03, 0xff, 0xfe, 0xfe, 0x00, 0x03, 0x03, 0xff, 0xff, 0x80, 0xfb, 0x00,
  0x02, 0x07, 0xff, 0xff, 0xfe, 0x00, 0x03, 0x03, 0xff, 0xff, 0x80, 0xfb, 0x00, 0x02, 0x0f, 0xff, 0xff, 0xfe, 0x00, 0x03, 0x03, 0xff, 0xff, 0x80,
  0xfb, 0x00, 0x02, 0x0f, 0xff, 0xff, 0xfe, 0x00, 0x03, 0x07, 0xff, 0xff, 0xc0, 0xfb, 0x00, 0x09, 0x0f, 0xff, 0xff, 0x80, 0x00, 0x00, 0x07, 0xff,
  0xff, 0xc0, 0xfb, 0x00, 0x02, 0x0f, 0xff, 0xff, 0xfe, 0x00, 0x03, 0x07, 0xff, 0xff, 0xc0, 0xfb, 0x00, 0x02, 0x1f, 0xff, 0xff, 0xfe, 0x00, 0x03,
  0x07, 0xff, 0xff, 0xe0, 0xfb, 0x00, 0x02, 0x1f, 0xff, 0xff, 0xfe, 0x00, 0x03, 0x07, 0xff, 0xff, 0xe0, 0xfb, 0x00, 0x02, 0x1f, 0xff, 0xff, 0xfe,
  0x00, 0x03, 0x07, 0xff, 0xff, 0xe0, 0xfb, 0x00, 0x02, 0x1f, 0xff, 0xff, 0xfe, 0x00, 0x03, 0x03, 0xff, 0xff, 0xe0, 0xfb, 0x00, 0x02, 0x1f, 0xff,
  0xff, 0xfe, 0x00, 0x03, 0x03, 0xff, 0xff, 0xe0, 0xfb, 0x00, 0x02, 0x1f, 0xff, 0xff, 0xfe, 0x00, 0x03, 0x03, 0xff, 0xff, 0xe0, 0xfb, 0x00, 0x02,
  0x1f, 0xff, 0xff, 0xfe, 0x00, 0x03, 0x03, 0xff, 0xff, 0xe0, 0xfb, 0x00, 0x02, 0x1f, 0xff, 0xff, 0xfe, 0x00, 0x03, 0x03, 0xff, 0xff, 0xe0, 0xfb,
  0x00, 0x02, 0x0f, 0xff, 0xff, 0xfe, 0x00, 0x03, 0x03, 0xff, 0xff, 0xe0, 0xfb, 0x00, 0x02, 0x0f, 0xff, 0xff, 0xfe, 0x00, 0x03, 0x03, 0xff, 0xff,
  0xc0, 0xfb, 0x00, 0x02, 0x0f, 0xff, 0xff, 0xfe, 0x00, 0x03, 0x03, 0xff, 0xff, 0xc0, 0xfb, 0x00, 0x02, 0x0f, 0xff, 0xff, 0xfe, 0x00, 0x03, 0x03,
  0xff, 0xff, 0xc0, 0xfb, 0x00, 0x02, 0x0f, 0xff, 0xff, 0xfe, 0x00, 0x03, 0x03, 0xff, 0xff, 0xc0, 0xfb, 0x00, 0x02, 0x0f, 0xff, 0xff, 0xfe, 0x00,
  0x03, 0x03, 0xff, 0xff, 0x80, 0xfb, 0x00, 0x02, 0x07, 0xff, 0xff, 0xfe, 0x00, 0x03, 0x03, 0xff, 0xff, 0x80, 0xfb, 0x00, 0x02, 0x07, 0xff, 0xff,
  0xfe, 0x00, 0x03, 0x03, 0xff, 0xff, 0x80, 0xfb, 0x00, 0x08, 0x07, 0xff, 0xff, 0x03, 0xc0, 0x1f, 0x03, 0xff, 0xff, 0xfa, 0x00, 0x08, 0x03, 0xff,
  0xfe, 0x03, 0xf8, 0x3f, 0x01, 0xff, 0xff, 0xfa, 0x00, 0x08, 0x03, 0xff, 0xfe, 0x07, 0xff, 0xff, 0x00, 0xff, 0xfe, 0xfa, 0x00, 0x08, 0x01, 0xff,
  0xfc, 0x03, 0xff, 0xff, 0x00, 0x7f, 0xf8, 0xf9, 0x00, 0x04, 0x7f, 0xf0, 0x03, 0xff, 0xff, 0xf4, 0x00, 0x02, 0x01, 0xff, 0xfc, 0xf3, 0x00, 0x01,
  0x7f, 0xf8, 0xf3, 0x00, 0x01, 0x0e, 0x80, 0x81, 0x00, 0x81, 0x00, 0xaa, 0x00, 0xfb, 0x00, 0x03, 0x1f, 0xff, 0xff, 0xe0, 0xf5, 0x00, 0x03, 0x1f,
  0xff, 0xff, 0xc0, 0xf5, 0x00, 0x03, 0x1f, 0xff, 0xff, 0xc0, 0xf5, 0x00, 0x03, 0x0f, 0xff, 0xff, 0xc0, 0xf5, 0x00, 0x03, 0x0f, 0xff, 0xff, 0x80,
  0xf5, 0x00, 0x03, 0x07, 0xff, 0xff, 0x80, 0xf5, 0x00, 0x02, 0x03, 0xff, 0xff, 0xf4, 0x00, 0x02, 0x01, 0xff, 0xfe, 0xf3, 0x00, 0x01, 0xff, 0xfc,
  0xf3, 0x00, 0x01, 0x7f, 0xf0, 0xf3, 0x00, 0x04, 0x0f, 0xe0, 0x00, 0x1f, 0xf0, 0xf9, 0x00, 0x01, 0x7f, 0xf0, 0xfd, 0x00, 0x01, 0x7f, 0xfc, 0xfa,
  0x00, 0x02, 0x03, 0xff, 0xfc, 0xfe, 0x00, 0x02, 0x01, 0xff, 0xff, 0xfa, 0x00, 0x02, 0x03, 0xff, 0xfe, 0xfe, 0x00, 0x02, 0x03, 0xff, 0xff, 0xfa,
  0x00, 0x02, 0x07, 0xff, 0xff, 0xfe, 0x00, 0x03, 0x03, 0xff, 0xff, 0x80, 0xfb, 0x00, 0x02, 0x07, 0xff, 0xff, 0xfe, 0x00, 0x03, 0x03, 0xff, 0xff,
  0x80, 0xfb, 0x00, 0x02, 0x0f, 0xff, 0xff, 0xfe, 0x00, 0x03, 0x07, 0xff, 0xff, 0xc0, 0xfb, 0x00, 0x09, 0x0f, 0xff, 0xff, 0x80, 0x00, 0x00, 0x07,
  0xff, 0xff, 0xc0, 0xfb, 0x00, 0x02, 0x0f, 0xff, 0xff, 0xfe, 0x00, 0x03, 0x07, 0xff, 0xff, 0xc0, 0xfb, 0x00, 0x02, 0x0f, 0xff, 0xff, 0xfe, 0x00,
  0x03, 0x07, 0xff, 0xff, 0xe0, 0xfb, 0x00, 0x02, 0x1f, 0xff, 0xff, 0xfe, 0x00, 0x03, 0x07, 0xff, 0xff, 0xe0, 0xfb, 0x00, 0x02, 0x1f, 0xff, 0xff,
  0xfe, 0x00, 0x03, 0x07, 0xff, 0xff, 0xe0, 0xfb, 0x00, 0x02, 0x1f, 0xff, 0xff, 0xfe, 0x00, 0x03, 0x03, 0xff, 0xff, 0xe0, 0xfb, 0x00, 0x02, 0x1f,
  0xff, 0xff, 0xfe, 0x00, 0x03, 0x03, 0xff, 0xff, 0xe0, 0xfb, 0x00, 0x02, 0x1f, 0xff, 0xff, 0xfe, 0x00, 0x03, 0x03, 0xff, 0xff, 0xe0, 0xfb, 0x00,
  0x02, 0x1f, 0xff, 0xff, 0xfe, 0x00, 0x03, 0x03, 0xff, 0xff, 0xe0, 0xfb, 0x00, 0x02, 0x1f, 0xff, 0xff, 0xfe, 0x00, 0x03, 0x03, 0xff, 0xff, 0xe0,
  0xfb, 0x00, 0x02, 0x0f, 0xff, 0xff, 0xfe, 0x00, 0x03, 0x03, 0xff, 0xff, 0xe0, 0xfb, 0x00, 0x02, 0x0f, 0xff, 0xff, 0xfe, 0x00, 0x03, 0x03, 0xff,
  0xff, 0xc0, 0xfb, 0x00, 0x02, 0x0f, 0xff, 0xff, 0xfe, 0x00, 0x03, 0x03, 0xff, 0xff, 0xc0, 0xfb, 0x00, 0x02, 0x0f, 0xff, 0xff, 0xfe, 0x00, 0x03,
  0x03, 0xff, 0xff, 0xc0, 0xfb, 0x00, 0x02, 0x0f, 0xff, 0xff, 0xfe, 0x00, 0x03, 0x03, 0xff, 0xff, 0xc0, 0xfb, 0x00, 0x02, 0x0f, 0xff, 0xff, 0xfe,
  0x00, 0x03, 0x03, 0xff, 0xff, 0x80, 0xfb, 0x00, 0x02, 0x07, 0xff, 0xff, 0xfe, 0x00, 0x03, 0x03, 0xff, 0xff, 0x80, 0xfb, 0x00, 0x02, 0x07, 0xff,
  0xff, 0xfe, 0x00, 0x03, 0x03, 0xff, 0xff, 0x80, 0xfb, 0x00, 0x08, 0x07, 0xff, 0xff, 0x03, 0xc0, 0x1f, 0x03, 0xff, 0xff, 0xfa, 0x00, 0x08, 0x03,
  0xff, 0xfe, 0x03, 0xf0, 0x3f, 0x01, 0xff, 0xff, 0xfa, 0x00, 0x08, 0x03, 0xff, 0xfe, 0x07, 0xff, 0xff, 0x00, 0xff, 0xfe, 0xfa, 0x00, 0x08, 0x01,
  0xff, 0xfc, 0x03, 0xff, 0xff, 0x00, 0x7f, 0xf8, 0xf9, 0x00, 0x04, 0x7f, 0xf0, 0x03, 0xff, 0xff, 0xf4, 0x00, 0x02, 0x01, 0xff, 0xfc, 0xf3, 0x00,
  0x01, 0x7f, 0xf8, 0xf3, 0x00, 0x01, 0x0e, 0x80, 0x81, 0x00, 0x81, 0x00, 0xaa, 0x00, 0xda, 0x00, 0x01, 0x1f, 0xe0, 0xf3, 0x00, 0x01, 0x7f, 0xf8,
  0xf3, 0x00, 0x01, 0xff, 0xfc, 0xf4, 0x00, 0x02, 0x01, 0xff, 0xfe, 0xf4, 0x00, 0x02, 0x03, 0xff, 0xff, 0xf4, 0x00, 0x03, 0x07, 0xff, 0xff, 0x80,
  0xf5, 0x00, 0x03, 0x07, 0xff, 0xff, 0x80, 0xf5, 0x00, 0x03, 0x0f, 0xff, 0x7f, 0x80, 0xf7, 0x00, 0x07, 0x02, 0x00, 0x0f, 0xff, 0x3f, 0xc0, 0x1f,
  0xf0, 0xf9, 0x00, 0x07, 0xff, 0xf8, 0x0f, 0xf0, 0x1f, 0xc0, 0x7f, 0xfe, 0xfa, 0x00, 0x08, 0x03, 0xff, 0xfc, 0x0f, 0xe0, 0x0f, 0xc1, 0xff, 0xff,
  0xfa, 0x00, 0x09, 0x07, 0xff, 0xfe, 0x1f, 0xc6, 0x0f, 0xc3, 0xff, 0xff, 0x80, 0xfb, 0x00, 0x09, 0x07, 0xff, 0xff, 0x1f, 0xe6, 0x0f, 0xe3, 0xff,
  0xff, 0x80, 0xfb, 0x00, 0x09, 0x0f, 0xff, 0xff, 0x1f, 0xe8, 0x0f, 0xe3, 0xff, 0xff, 0x80, 0xfb, 0x00, 0x09, 0x0f, 0xff, 0xff, 0x1f, 0xe4, 0x0f,
  0xe7, 0xff, 0xff, 0xc0, 0xfb, 0x00, 0x09, 0x0f, 0xff, 0xff, 0x9f, 0xe0, 0x1f, 0xe7, 0xff, 0xff, 0xc0, 0xfb, 0x00, 0x09, 0x0f, 0xff, 0xff, 0x9f,
  0xf0, 0x1f, 0xe7, 0xff, 0xff, 0xc0, 0xfb, 0x00, 0x09, 0x1f, 0xff, 0xff, 0x9f, 0xe0, 0x3f, 0xe7, 0xff, 0xff, 0xe0, 0xfb, 0x00, 0x09, 0x1f, 0xff,
  0xff, 0x9f, 0xe0, 0x3f, 0xe7, 0xff, 0xff, 0xe0, 0xfb, 0x00, 0x09, 0x1f, 0xff, 0xff, 0x8f, 0xff, 0x7f, 0xe7, 0xff, 0xff, 0xe0, 0xfb, 0x00, 0x09,
  0x1f, 0xff, 0xff, 0x0f, 0xff, 0xff, 0xc3, 0xff, 0xff, 0xe0, 0xfb, 0x00, 0x09, 0x1f, 0xff, 0xff, 0x0f, 0xf8, 0x7d, 0x83, 0xff, 0xff, 0xe0, 0xfb,
  0x00, 0x02, 0x1f, 0xff, 0xff, 0xfe, 0x00, 0x03, 0x03, 0xff, 0xff, 0xe0, 0xfb, 0x00, 0x02, 0x1f, 0xff, 0xff, 0xfe, 0x00, 0x03, 0x03, 0xff, 0xff,
  0xe0, 0xfb, 0x00, 0x09, 0x1f, 0xff, 0xff, 0x00, 0x1f, 0xe0, 0x03, 0xff, 0xff, 0xe0, 0xfb, 0x00, 0x09, 0x1f, 0xff, 0xff, 0x00, 0xff, 0xfc, 0x03,
  0xff, 0xff, 0xe0, 0xfb, 0x00, 0x09, 0x0f, 0xff, 0xff, 0x03, 0xff, 0xff, 0x03, 0xff, 0xff, 0xc0, 0xfb, 0x00, 0x09, 0x0f, 0xff, 0xff, 0x07, 0xff,
  0xff, 0xc3, 0xff, 0xff, 0xc0, 0xfb, 0x00, 0x09, 0x0f, 0xff, 0xff, 0x1f, 0xff, 0xff, 0xe3, 0xff, 0xff, 0xc0, 0xfb, 0x00, 0x09, 0x0f, 0xff, 0xff,
  0x1f, 0xff, 0xff, 0xf3, 0xff, 0xff, 0xc0, 0xfb, 0x00, 0x09, 0x0f, 0xff, 0xff, 0x3f, 0xff, 0xff, 0xfb, 0xff, 0xff, 0x80, 0xfb, 0x00, 0x09, 0x0f,
  0xff, 0xff, 0x7f, 0xff, 0xff, 0xfb, 0xff, 0xff, 0x80, 0xfb, 0x00, 0x00, 0x07, 0xf9, 0xff, 0x00, 0x80, 0xfb, 0x00, 0x00, 0x07, 0xf9, 0xff, 0xfa,
  0x00, 0x00, 0x03, 0xf9, 0xff, 0xfa, 0x00, 0x02, 0x03, 0xff, 0xfe, 0xfe, 0xff, 0x02, 0xfc, 0xff, 0xfe, 0xfa, 0x00, 0x02, 0x01, 0xff, 0xfc, 0xfe,
  0xff, 0x02, 0xfe, 0x7f, 0xf8, 0xf9, 0x00, 0x01, 0x7f, 0xf0, 0xfe, 0xff, 0x02, 0xfe, 0x00, 0x40, 0xf7, 0x00, 0xfe, 0xff, 0x00, 0xfe, 0xf5, 0x00,
  0xfe, 0xff, 0x00, 0xfe, 0xf5, 0x00, 0xfe, 0xff, 0x00, 0xfe, 0xf5, 0x00, 0xfe, 0xff, 0x00, 0xfc, 0xf5, 0x00, 0xfe, 0xff, 0x00, 0xfc, 0xf5, 0x00,
  0xfe, 0xff, 0x00, 0xfc, 0xf5, 0x00, 0xfe, 0xff, 0x00, 0xfc, 0xf5, 0x00, 0x03, 0x7f, 0xff, 0xff, 0xf8, 0xf5, 0x00, 0x03, 0x3f, 0xff, 0xff, 0xf8,
  0xf5, 0x00, 0x03, 0x3f, 0xff, 0xff, 0xf0, 0xf5, 0x00, 0x03, 0x3f, 0xff, 0xff, 0xf0, 0xf5, 0x00, 0x03, 0x0f, 0xff, 0xff, 0xe0, 0xf5, 0x00, 0x03,
  0x0f, 0xff, 0xff, 0xc0, 0xf5, 0x00, 0x02, 0x03, 0xff, 0xff, 0xf3, 0x00, 0x01, 0xff, 0xfe, 0xf3, 0x00, 0x01, 0x1f, 0xf8, 0x81, 0x00, 0xfa, 0x00,
  0x81, 0x00, 0xd7, 0x00, 0x01, 0x1f, 0xf0, 0xf9, 0x00, 0x01, 0x7f, 0xf0, 0xfd, 0x00, 0x01, 0x7f, 0xfc, 0xfa, 0x00, 0x02, 0x03, 0xff, 0xfc, 0xfe,
  0x00, 0x02, 0x01, 0xff, 0xff, 0xfa, 0x00, 0x02, 0x03, 0xff, 0xfe, 0xfe, 0x00, 0x02, 0x03, 0xff, 0xff, 0xfa, 0x00, 0x02, 0x07, 0xff, 0xff, 0xfe,
  0x00, 0x03, 0x03, 0xff, 0xff, 0x80, 0xfb, 0x00, 0x02, 0x07, 0xff, 0xff, 0xfe, 0x00, 0x03, 0x03, 0xff, 0xff, 0x80, 0xfb, 0x00, 0x02, 0x0f, 0xff,
  0xff, 0xfe, 0x00, 0x03, 0x07, 0xff, 0xff, 0xc0, 0xfb, 0x00, 0x02, 0x0f, 0xff, 0xff, 0xfe, 0x00, 0x03, 0x07, 0xff, 0xff, 0xc0, 0xfb, 0x00, 0x02,
  0x0f, 0xff, 0xff, 0xfe, 0x00, 0x03, 0x07, 0xff, 0xff, 0xc0, 0xfb, 0x00, 0x02, 0x0f, 0xff, 0xff, 0xfe, 0x00, 0x03, 0x07, 0xff, 0xff, 0xe0, 0xfb,
  0x00, 0x02, 0x1f, 0xff, 0xff, 0xfe, 0x00, 0x03, 0x07, 0xff, 0xff, 0xe0, 0xfb, 0x00, 0x02, 0x1f, 0xff, 0xff, 0xfe, 0x00, 0x03, 0x07, 0xff, 0xff,
  0xe0, 0xfb, 0x00, 0x02, 0x1f, 0xff, 0xff, 0xfe, 0x00, 0x03, 0x03, 0xff, 0xff, 0xe0, 0xfb, 0x00, 0x02, 0x1f, 0xff, 0xff, 0xfe, 0x00, 0x03, 0x03,
  0xff, 0xff, 0xe0, 0xfb, 0x00, 0x02, 0x1f, 0xff, 0xff, 0xfe, 0x00, 0x03, 0x03, 0xff, 0xff, 0xe0, 0xfb, 0x00, 0x02, 0x1f, 0xff, 0xff, 0xfe, 0x00,
  0x03, 0x03, 0xff, 0xff, 0xe0, 0xfb, 0x00, 0x02, 0x1f, 0xff, 0xff, 0xfe, 0x00, 0x03, 0x03, 0xff, 0xff, 0xe0, 0xfb, 0x00, 0x02, 0x1f, 0xff, 0xff,
  0xfe, 0x00, 0x03, 0x03, 0xff, 0xff, 0xe0, 0xfb, 0x00, 0x02, 0x0f, 0xff, 0xff, 0xfe, 0x00, 0x03, 0x03, 0xff, 0xff, 0xc0, 0xfb, 0x00, 0x02, 0x0f,
  0xff, 0xff, 0xfe, 0x00, 0x03, 0x03, 0xff, 0xff, 0xc0, 0xfb, 0x00, 0x02, 0x0f, 0xff, 0xff, 0xfe, 0x00, 0x03, 0x03, 0xff, 0xff, 0xc0, 0xfb, 0x00,
  0x02, 0x0f, 0xff, 0xff, 0xfe, 0x00, 0x03, 0x03, 0xff, 0xff, 0xc0, 0xfb, 0x00, 0x09, 0x0f, 0xff, 0xff, 0x00, 0x0f, 0xe0, 0x03, 0xff, 0xff, 0x80,
  0xfb, 0x00, 0x09, 0x0f, 0xff, 0xff, 0x00, 0xff, 0xfe, 0x03, 0xff, 0xff, 0x80, 0xfb, 0x00, 0x09, 0x07, 0xff, 0xff, 0x03, 0xff, 0xff, 0x83, 0xff,
  0xff, 0x80, 0xfb, 0x00, 0x08, 0x07, 0xff, 0xff, 0x0f, 0xff, 0xff, 0xc3, 0xff, 0xff, 0xfa, 0x00, 0x08, 0x03, 0xff, 0xfe, 0x1f, 0xff, 0xff, 0xe1,
  0xff, 0xff, 0xfa, 0x00, 0x08, 0x03, 0xff, 0xfe, 0x3f, 0xff, 0xff, 0xf0, 0xff, 0xfe, 0xfa, 0x00, 0x08, 0x01, 0xff, 0xfc, 0x3f, 0xff, 0xff, 0xf8,
  0x7f, 0xf8, 0xf9, 0x00, 0x07, 0x7f, 0xf0, 0x7f, 0xff, 0xff, 0xf8, 0x08, 0x40, 0xf7, 0x00, 0x03, 0x7f, 0xff, 0xff, 0xfc, 0xf5, 0x00, 0xfe, 0xff,
  0x00, 0xfc, 0xf5, 0x00, 0xfe, 0xff, 0x00, 0xfc, 0xf5, 0x00, 0xfe, 0xff, 0x00, 0xfc, 0xf5, 0x00, 0xfe, 0xff, 0x00, 0xfc, 0xf5, 0x00, 0xfe, 0xff,
  0x00, 0xfc, 0xf5, 0x00, 0xfe, 0xff, 0x00, 0xfc, 0xf5, 0x00, 0xfe, 0xff, 0x00, 0xfc, 0xf5, 0x00, 0xfe, 0xff, 0x00, 0xfc, 0xf5, 0x00, 0xfe, 0xff,
  0x00, 0xfe, 0xf5, 0x00, 0xfe, 0xff, 0x00, 0xfe, 0xf5, 0x00, 0xfe, 0xff, 0x00, 0xfc, 0xf5, 0x00, 0x03, 0x7f, 0xff, 0xff, 0xfc, 0xf5, 0x00, 0x03,
  0x1f, 0xff, 0xff, 0xf8, 0xf5, 0x00, 0x03, 0x0f, 0xff, 0xff, 0xe0, 0xf4, 0x00, 0x02, 0xff, 0xff, 0x80, 0x81, 0x00, 0xfb, 0x00, 0x81, 0x00, 0xd7,
  0x00, 0x01, 0x1f, 0xf0, 0xf9, 0x00, 0x01, 0x7f, 0xf0, 0xfd, 0x00, 0x01, 0x7f, 0xfc, 0xfa, 0x00, 0x02, 0x03, 0xff, 0xfc, 0xfe, 0x00, 0x02, 0x01,
  0xff, 0xff, 0xfa, 0x00, 0x02, 0x03, 0xff, 0xfe, 0xfe, 0x00, 0x02, 0x03, 0xff, 0xff, 0xfa, 0x00, 0x02, 0x07, 0xff, 0xff, 0xfe, 0x00, 0x03, 0x03,
  0xff, 0xff, 0x80, 0xfb, 0x00, 0x02, 0x0f, 0xff, 0xff, 0xfe, 0x00, 0x03, 0x03, 0xff, 0xff, 0x80, 0xfb, 0x00, 0x02, 0x0f, 0xff, 0xff, 0xfe, 0x00,
  0x03, 0x07, 0xff, 0xff, 0xc0, 0xfb, 0x00, 0x02, 0x0f, 0xff, 0xff, 0xfe, 0x00, 0x03, 0x07, 0xff, 0xff, 0xc0, 0xfb, 0x00, 0x09, 0x0f, 0xff, 0xff,
  0x80, 0x00, 0x00, 0x07, 0xff, 0xff, 0xc0, 0xfb, 0x00, 0x09, 0x1f, 0xff, 0xff, 0x80, 0x00, 0x00, 0x07, 0xff, 0xff, 0xe0, 0xfb, 0x00, 0x02, 0x1f,
  0xff, 0xff, 0xfe, 0x00, 0x03, 0x07, 0xff, 0xff, 0xe0, 0xfb, 0x00, 0x02, 0x1f, 0xff, 0xff, 0xfe, 0x00, 0x03, 0x07, 0xff, 0xff, 0xe0, 0xfb, 0x00,
  0x02, 0x1f, 0xff, 0xff, 0xfe, 0x00, 0x03, 0x03, 0xff, 0xff, 0xe0, 0xfb, 0x00, 0x02, 0x1f, 0xff, 0xff, 0xfe, 0x00, 0x03, 0x03, 0xff, 0xff, 0xe0,
  0xfb, 0x00, 0x02, 0x1f, 0xff, 0xff, 0xfe, 0x00, 0x03, 0x03, 0xff, 0xff, 0xe0, 0xfb, 0x00, 0x02, 0x1f, 0xff, 0xff, 0xfe, 0x00, 0x03, 0x03, 0xff,
  0xff, 0xe0, 0xfb, 0x00, 0x02, 0x1f, 0xff, 0xff, 0xfe, 0x00, 0x03, 0x03, 0xff, 0xff, 0xe0, 0xfb, 0x00, 0x02, 0x1f, 0xff, 0xff, 0xfe, 0x00, 0x03,
  0x03, 0xff, 0xff, 0xe0, 0xfb, 0x00, 0x02, 0x0f, 0xff, 0xff, 0xfe, 0x00, 0x03, 0x03, 0xff, 0xff, 0xc0, 0xfb, 0x00, 0x02, 0x0f, 0xff, 0xff, 0xfe,
  0x00, 0x03, 0x03, 0xff, 0xff, 0xc0, 0xfb, 0x00, 0x02, 0x0f, 0xff, 0xff, 0xfe, 0x00, 0x03, 0x03, 0xff, 0xff, 0xc0, 0xfb, 0x00, 0x02, 0x0f, 0xff,
  0xff, 0xfe, 0x00, 0x03, 0x03, 0xff, 0xff, 0xc0, 0xfb, 0x00, 0x02, 0x0f, 0xff, 0xff, 0xfe, 0x00, 0x03, 0x03, 0xff, 0xff, 0x80, 0xfb, 0x00, 0x02,
  0x0f, 0xff, 0xff, 0xfe, 0x00, 0x03, 0x03, 0xff, 0xff, 0x80, 0xfb, 0x00, 0x02, 0x07, 0xff, 0xff, 0xfe, 0x00, 0x03, 0x03, 0xff, 0xff, 0x80, 0xfb,
  0x00, 0x08, 0x07, 0xff, 0xff, 0x03, 0xc0, 0x0f, 0x03, 0xff, 0xff, 0xfa, 0x00, 0x08, 0x03, 0xff, 0xff, 0x03, 0xf0, 0x3f, 0x01, 0xff, 0xff, 0xfa,
  0x00, 0x08, 0x03, 0xff, 0xfe, 0x07, 0xff, 0xff, 0x00, 0xff, 0xfe, 0xfa, 0x00, 0x08, 0x01, 0xff, 0xfc, 0x03, 0xff, 0xff, 0x00, 0x7f, 0xf8, 0xf9,
  0x00, 0x07, 0x7f, 0xf0, 0x07, 0xff, 0xff, 0x00, 0x0f, 0xc0, 0xf7, 0x00, 0x03, 0x1f, 0xff, 0xff, 0x80, 0xf5, 0x00, 0x03, 0x7f, 0xff, 0xff, 0xe0,
  0xf5, 0x00, 0x03, 0x7f, 0xff, 0xff, 0xf0, 0xf5, 0x00, 0xfe, 0xff, 0x00, 0xf8, 0xf5, 0x00, 0xfe, 0xff, 0x00, 0xfc, 0xf5, 0x00, 0xfe, 0xff, 0x00,
  0xfc, 0xf5, 0x00, 0xfe, 0xff, 0x00, 0xfc, 0xf5, 0x00, 0x03, 0x7f, 0xff, 0xff, 0xfc, 0xf5, 0x00, 0x03, 0x3f, 0xff, 0xff, 0xfc, 0xf5, 0x00, 0x03,
  0x1f, 0xff, 0xff, 0xf8, 0xf5, 0x00, 0x03, 0x07, 0xff, 0xff, 0xf0, 0xf4, 0x00, 0x02, 0x3f, 0xff, 0xc0, 0x81, 0x00, 0xbb, 0x00, 0x81, 0x00, 0xd7,
  0x00, 0x01, 0x0f, 0xe0, 0xf9, 0x00, 0x01, 0x7f, 0xf0, 0xfd, 0x00, 0x01, 0x7f, 0xfc, 0xfa, 0x00, 0x02, 0x03, 0xff, 0xfc, 0xfe, 0x00, 0x02, 0x01,
  0xff, 0xff, 0xfa, 0x00, 0x02, 0x03, 0xff, 0xfe, 0xfe, 0x00, 0x02, 0x03, 0xff, 0xff, 0xfa, 0x00, 0x02, 0x07, 0xff, 0xff, 0xfe, 0x00, 0x03, 0x03,
  0xff, 0xff, 0x80, 0xfb, 0x00, 0x02, 0x07, 0xff, 0xff, 0xfe, 0x00, 0x03, 0x03, 0xff, 0xff, 0x80, 0xfb, 0x00, 0x02, 0x0f, 0xff, 0xff, 0xfe, 0x00,
  0x03, 0x07, 0xff, 0xff, 0xc0, 0xfb, 0x00, 0x02, 0x0f, 0xff, 0xff, 0xfe, 0x00, 0x03, 0x07, 0xff, 0xff, 0xc0, 0xfb, 0x00, 0x02, 0x0f, 0xff, 0xff,
  0xfe, 0x00, 0x03, 0x07, 0xff, 0xff, 0xc0, 0xfb, 0x00, 0x02, 0x0f, 0xff, 0xff, 0xfe, 0x00, 0x03, 0x07, 0xff, 0xff, 0xc0, 0xfb, 0x00, 0x02, 0x1f,
  0xff, 0xff, 0xfe, 0x00, 0x03, 0x07, 0xff, 0xff, 0xe0, 0xfb, 0x00, 0x02, 0x1f, 0xff, 0xff, 0xfe, 0x00, 0x03, 0x07, 0xff, 0xff, 0xe0, 0xfb, 0x00,
  0x02, 0x1f, 0xff, 0xff, 0xfe, 0x00, 0x03, 0x03, 0xff, 0xff, 0xe0, 0xfb, 0x00, 0x02, 0x1f, 0xff, 0xff, 0xfe, 0x00, 0x03, 0x03, 0xff, 0xff, 0xe0,
  0xfb, 0x00, 0x02, 0x1f, 0xff, 0xff, 0xfe, 0x00, 0x03, 0x03, 0xff, 0xff, 0xe0, 0xfb, 0x00, 0x02, 0x1f, 0xff, 0xff, 0xfe, 0x00, 0x03, 0x03, 0xff,
  0xff, 0xe0, 0xfb, 0x00, 0x02, 0x1f, 0xff, 0xff, 0xfe, 0x00, 0x03, 0x03, 0xff, 0xff, 0xe0, 0xfb, 0x00, 0x02, 0x0f, 0xff, 0xff, 0xfe, 0x00, 0x03,
  0x03, 0xff, 0xff, 0xe0, 0xfb, 0x00, 0x02, 0x0f, 0xff, 0xff, 0xfe, 0x00, 0x03, 0x03, 0xff, 0xff, 0xc0, 0xfb, 0x00, 0x02, 0x0f, 0xff, 0xff, 0xfe,
  0x00, 0x03, 0x03, 0xff, 0xff, 0xc0, 0xfb, 0x00, 0x02, 0x0f, 0xff, 0xff, 0xfe, 0x00, 0x03, 0x03, 0xff, 0xff, 0xc0, 0xfb, 0x00, 0x02, 0x0f, 0xff,
  0xff, 0xfe, 0x00, 0x03, 0x03, 0xff, 0xff, 0xc0, 0xfb, 0x00, 0x02, 0x0f, 0xff, 0xff, 0xfe, 0x00, 0x03, 0x03, 0xff, 0xff, 0x80, 0xfb, 0x00, 0x02,
  0x0f, 0xff, 0xff, 0xfe, 0x00, 0x03, 0x03, 0xff, 0xff, 0x80, 0xfb, 0x00, 0x02, 0x07, 0xff, 0xff, 0xfe, 0x00, 0x03, 0x03, 0xff, 0xff, 0x80, 0xfb,
  0x00, 0x08, 0x07, 0xff, 0xff, 0x03, 0xc0, 0x0f, 0x03, 0xff, 0xff, 0xfa, 0x00, 0x08, 0x03, 0xff, 0xff, 0x03, 0xf0, 0x3f, 0x01, 0xff, 0xff, 0xfa,
  0x00, 0x08, 0x03, 0xff, 0xfe, 0x07, 0xff, 0xff, 0x80, 0xff, 0xfe, 0xfa, 0x00, 0x08, 0x01, 0xff, 0xfc, 0x03, 0xff, 0xff, 0x00, 0x7f, 0xf8, 0xf9,
  0x00, 0x07, 0x7f, 0xf0, 0x03, 0xff, 0xff, 0x00, 0x0f, 0xc0, 0xf7, 0x00, 0x02, 0x07, 0xff, 0xfe, 0xf4, 0x00, 0x03, 0x1f, 0xff, 0xff, 0xc0, 0xf5,
  0x00, 0x03, 0x3f, 0xff, 0xff, 0xe0, 0xf5, 0x00, 0x03, 0x7f, 0xff, 0xff, 0xf8, 0xf5, 0x00, 0xfe, 0xff, 0x00, 0xfc, 0xf5, 0x00, 0xfe, 0xff, 0x00,
  0xfc, 0xf5, 0x00, 0xfe, 0xff, 0x00, 0xfe, 0xf5, 0x00, 0xfe, 0xff, 0x00, 0xfe, 0xf5, 0x00, 0xfe, 0xff, 0x00, 0xfe, 0xf5, 0x00, 0xfe, 0xff, 0x00,
  0xfe, 0xf5, 0x00, 0x03, 0x7f, 0xff, 0xff, 0xfc, 0xf5, 0x00, 0x03, 0x3f, 0xff, 0xff, 0xf8, 0xf5, 0x00, 0x03, 0x0f, 0xff, 0xff, 0xf0, 0xf4, 0x00,
  0x02, 0xff, 0xff, 0x80, 0xf4, 0x00, 0x01, 0x03, 0xf0, 0x81, 0x00, 0xea, 0x00, 0x81, 0x00, 0xd7, 0x00, 0x01, 0x0f, 0xe0, 0xf9, 0x00, 0x01, 0x7f,
  0xf0, 0xfd, 0x00, 0x01, 0x7f, 0xfc, 0xfa, 0x00, 0x02, 0x03, 0xff, 0xfc, 0xfe, 0x00, 0x02, 0x01, 0xff, 0xff, 0xfa, 0x00, 0x02, 0x03, 0xff, 0xfe,
  0xfe, 0x00, 0x02, 0x03, 0xff, 0xff, 0xfa, 0x00, 0x02, 0x07, 0xff, 0xff, 0xfe, 0x00, 0x03, 0x03, 0xff, 0xff, 0x80, 0xfb, 0x00, 0x02, 0x07, 0xff,
  0xff, 0xfe, 0x00, 0x03, 0x03, 0xff, 0xff, 0x80, 0xfb, 0x00, 0x02, 0x0f, 0xff, 0xff, 0xfe, 0x00, 0x03, 0x07, 0xff, 0xff, 0xc0, 0xfb, 0x00, 0x02,
  0x0f, 0xff, 0xff, 0xfe, 0x00, 0x03, 0x07, 0xff, 0xff, 0xc0, 0xfb, 0x00, 0x09, 0x0f, 0xff, 0xff, 0x80, 0x00, 0x00, 0x07, 0xff, 0xff, 0xc0, 0xfb,
  0x00, 0x02, 0x0f, 0xff, 0xff, 0xfe, 0x00, 0x03, 0x07, 0xff, 0xff, 0xe0, 0xfb, 0x00, 0x02, 0x1f, 0xff, 0xff, 0xfe, 0x00, 0x03, 0x07, 0xff, 0xff,
  0xe0, 0xfb, 0x00, 0x02, 0x1f, 0xff, 0xff, 0xfe, 0x00, 0x03, 0x07, 0xff, 0xff, 0xe0, 0xfb, 0x00, 0x02, 0x1f, 0xff, 0xff, 0xfe, 0x00, 0x03, 0x03,
  0xff, 0xff, 0xe0, 0xfb, 0x00, 0x02, 0x1f, 0xff, 0xff, 0xfe, 0x00, 0x03, 0x03, 0xff, 0xff, 0xe0, 0xfb, 0x00, 0x02, 0x1f, 0xff, 0xff, 0xfe, 0x00,
  0x03, 0x03, 0xff, 0xff, 0xe0, 0xfb, 0x00, 0x02, 0x1f, 0xff, 0xff, 0xfe, 0x00, 0x03, 0x03, 0xff, 0xff, 0xe0, 0xfb, 0x00, 0x02, 0x1f, 0xff, 0xff,
  0xfe, 0x00, 0x03, 0x03, 0xff, 0xff, 0xe0, 0xfb, 0x00, 0x02, 0x1f, 0xff, 0xff, 0xfe, 0x00, 0x03, 0x03, 0xff, 0xff, 0xe0, 0xfb, 0x00, 0x02, 0x0f,
  0xff, 0xff, 0xfe, 0x00, 0x03, 0x03, 0xff, 0xff, 0xc0, 0xfb, 0x00, 0x02, 0x0f, 0xff, 0xff, 0xfe, 0x00, 0x03, 0x03, 0xff, 0xff, 0xc0, 0xfb, 0x00,
  0x02, 0x0f, 0xff, 0xff, 0xfe, 0x00, 0x03, 0x03, 0xff, 0xff, 0xc0, 0xfb, 0x00, 0x02, 0x0f, 0xff, 0xff, 0xfe, 0x00, 0x03, 0x03, 0xff, 0xff, 0xc0,
  0xfb, 0x00, 0x02, 0x0f, 0xff, 0xff, 0xfe, 0x00, 0x03, 0x03, 0xff, 0xff, 0x80, 0xfb, 0x00, 0x02, 0x0f, 0xff, 0xff, 0xfe, 0x00, 0x03, 0x03, 0xff,
  0xff, 0x80, 0xfb, 0x00, 0x02, 0x07, 0xff, 0xff, 0xfe, 0x00, 0x03, 0x03, 0xff, 0xff, 0x80, 0xfb, 0x00, 0x08, 0x07, 0xff, 0xff, 0x03, 0xc0, 0x0f,
  0x03, 0xff, 0xff, 0xfa, 0x00, 0x08, 0x03, 0xff, 0xff, 0x03, 0xf0, 0x3f, 0x01, 0xff, 0xff, 0xfa, 0x00, 0x08, 0x03, 0xff, 0xfe, 0x07, 0xff, 0xff,
  0x80, 0xff, 0xfe, 0xfa, 0x00, 0x08, 0x01, 0xff, 0xfc, 0x03, 0xff, 0xff, 0x00, 0x7f, 0xf8, 0xf9, 0x00, 0x07, 0x7f, 0xf0, 0x03, 0xff, 0xff, 0x00,
  0x0f, 0xc0, 0xf7, 0x00, 0x02, 0x01, 0xff, 0xfe, 0xf3, 0x00, 0x01, 0xff, 0xfc, 0xf3, 0x00, 0x01, 0x7f, 0xfc, 0xf4, 0x00, 0x03, 0x03, 0xff, 0xff,
  0x80, 0xf5, 0x00, 0x03, 0x1f, 0xff, 0xff, 0xe0, 0xf5, 0x00, 0x03, 0x3f, 0xff, 0xff, 0xf8, 0xf5, 0x00, 0x03, 0x7f, 0xff, 0xff, 0xfc, 0xf5, 0x00,
  0xfe, 0xff, 0x00, 0xfc, 0xf5, 0x00, 0xfe, 0xff, 0x00, 0xfe, 0xf5, 0x00, 0xfe, 0xff, 0x00, 0xfe, 0xf5, 0x00, 0xfe, 0xff, 0x00, 0xfe, 0xf5, 0x00,
  0xfe, 0xff, 0x00, 0xfc, 0xf5, 0x00, 0x03, 0x3f, 0xff, 0xff, 0xf8, 0xf5, 0x00, 0x03, 0x1f, 0xff, 0xff, 0xf0, 0xf5, 0x00, 0x03, 0x03, 0xff, 0xff,
  0xc0, 0xf4, 0x00, 0x01, 0x0f, 0xf8, 0x81, 0x00, 0xfa, 0x00, 0x81, 0x00, 0xd7, 0x00, 0x01, 0x07, 0xe0, 0xf9, 0x00, 0x01, 0x7f, 0xf0, 0xfd, 0x00,
  0x01, 0x7f, 0xfc, 0xfa, 0x00, 0x02, 0x01, 0xff, 0xfc, 0xfe, 0x00, 0x02, 0x01, 0xff, 0xff, 0xfa, 0x00, 0x02, 0x03, 0xff, 0xfe, 0xfe, 0x00, 0x02,
  0x03, 0xff, 0xff, 0xfa, 0x00, 0x02, 0x07, 0xff, 0xff, 0xfe, 0x00, 0x03, 0x03, 0xff, 0xff, 0x80, 0xfb, 0x00, 0x02, 0x07, 0xff, 0xff, 0xfe, 0x00,
  0x03, 0x03, 0xff, 0xff, 0x80, 0xfb, 0x00, 0x02, 0x0f, 0xff, 0xff, 0xfe, 0x00, 0x03, 0x07, 0xff, 0xff, 0xc0, 0xfb, 0x00, 0x02, 0x0f, 0xff, 0xff,
  0xfe, 0x00, 0x03, 0x07, 0xff, 0xff, 0xc0, 0xfb, 0x00, 0x09, 0x0f, 0xff, 0xff, 0x80, 0x00, 0x00, 0x07, 0xff, 0xff, 0xc0, 0xfb, 0x00, 0x02, 0x0f,
  0xff, 0xff, 0xfe, 0x00, 0x03, 0x07, 0xff, 0xff, 0xc0, 0xfb, 0x00, 0x02, 0x1f, 0xff, 0xff, 0xfe, 0x00, 0x03, 0x07, 0xff, 0xff, 0xe0, 0xfb, 0x00,
  0x02, 0x1f, 0xff, 0xff, 0xfe, 0x00, 0x03, 0x07, 0xff, 0xff, 0xe0, 0xfb, 0x00, 0x02, 0x1f, 0xff, 0xff, 0xfe, 0x00, 0x03, 0x03, 0xff, 0xff, 0xe0,
  0xfb, 0x00, 0x02, 0x1f, 0xff, 0xff, 0xfe, 0x00, 0x03, 0x03, 0xff, 0xff, 0xe0, 0xfb, 0x00, 0x02, 0x1f, 0xff, 0xff, 0xfe, 0x00, 0x03, 0x03, 0xff,
  0xff, 0xe0, 0xfb, 0x00, 0x02, 0x1f, 0xff, 0xff, 0xfe, 0x00, 0x03, 0x03, 0xff, 0xff, 0xe0, 0xfb, 0x00, 0x02, 0x1f, 0xff, 0xff, 0xfe, 0x00, 0x03,
  0x03, 0xff, 0xff, 0xe0, 0xfb, 0x00, 0x02, 0x1f, 0xff, 0xff, 0xfe, 0x00, 0x03, 0x03, 0xff, 0xff, 0xe0, 0xfb, 0x00, 0x02, 0x0f, 0xff, 0xff, 0xfe,
  0x00, 0x03, 0x03, 0xff, 0xff, 0xc0, 0xfb, 0x00, 0x02, 0x0f, 0xff, 0xff, 0xfe, 0x00, 0x03, 0x03, 0xff, 0xff, 0xc0, 0xfb, 0x00, 0x02, 0x0f, 0xff,
  0xff, 0xfe, 0x00, 0x03, 0x03, 0xff, 0xff, 0xc0, 0xfb, 0x00, 0x02, 0x0f, 0xff, 0xff, 0xfe, 0x00, 0x03, 0x03, 0xff, 0xff, 0xc0, 0xfb, 0x00, 0x02,
  0x0f, 0xff, 0xff, 0xfe, 0x00, 0x03, 0x03, 0xff, 0xff, 0x80, 0xfb, 0x00, 0x02, 0x0f, 0xff, 0xff, 0xfe, 0x00, 0x03, 0x03, 0xff, 0xff, 0x80, 0xfb,
  0x00, 0x02, 0x07, 0xff, 0xff, 0xfe, 0x00, 0x03, 0x03, 0xff, 0xff, 0x80, 0xfb, 0x00, 0x08, 0x07, 0xff, 0xff, 0x03, 0xc0, 0x0f, 0x03, 0xff, 0xff,
  0xfa, 0x00, 0x08, 0x03, 0xff, 0xff, 0x03, 0xf0, 0x3f, 0x01, 0xff, 0xff, 0xfa, 0x00, 0x08, 0x03, 0xff, 0xfe, 0x07, 0xff, 0xff, 0x80, 0xff, 0xfe,
  0xf9, 0x00, 0x07, 0xff, 0xfc, 0x03, 0xff, 0xff, 0x00, 0x7f, 0xf8, 0xf9, 0x00, 0x07, 0x7f, 0xf0, 0x03, 0xff, 0xff, 0x00, 0x0f, 0xc0, 0xf7, 0x00,
  0x02, 0x01, 0xff, 0xfe, 0xf3, 0x00, 0x01, 0xff, 0xfc, 0xf3, 0x00, 0x01, 0x7f, 0xfc, 0xf4, 0x00, 0x03, 0x03, 0xff, 0xff, 0x80, 0xf5, 0x00, 0x03,
  0x1f, 0xff, 0xff, 0xe0, 0xf5, 0x00, 0x03, 0x3f, 0xff, 0xff, 0xf8, 0xf5, 0x00, 0x03, 0x7f, 0xff, 0xff, 0xfc, 0xf5, 0x00, 0xfe, 0xff, 0x00, 0xfc,
  0xf5, 0x00, 0xfe, 0xff, 0x00, 0xfe, 0xf5, 0x00, 0xfe, 0xff, 0x00, 0xfe, 0xf5, 0x00, 0xfe, 0xff, 0x00, 0xfe, 0xf5, 0x00, 0xfe, 0xff, 0x00, 0xfc,
  0xf5, 0x00, 0x03, 0x7f, 0xff, 0xff, 0xf8, 0xf5, 0x00, 0x03, 0x3f, 0xff, 0xff, 0xf0, 0xf5, 0x00, 0x03, 0x0f, 0xff, 0xff, 0xc0, 0xf4, 0x00, 0x01,
  0x7f, 0xf8, 0x81, 0x00, 0xfa, 0x00, 0x81, 0x00, 0xd7, 0x00, 0x01, 0x0f, 0xe0, 0xf9, 0x00, 0x01, 0x7f, 0xf0, 0xfd, 0x00, 0x01, 0x7f, 0xfc, 0xfa,
  0x00, 0x02, 0x03, 0xff, 0xfc, 0xfe, 0x00, 0x02, 0x01, 0xff, 0xff, 0xfa, 0x00, 0x02, 0x03, 0xff, 0xfe, 0xfe, 0x00, 0x02, 0x03, 0xff, 0xff, 0xfa,
  0x00, 0x02, 0x07, 0xff, 0xff, 0xfe, 0x00, 0x03, 0x03, 0xff, 0xff, 0x80, 0xfb, 0x00, 0x02, 0x07, 0xff, 0xff, 0xfe, 0x00, 0x03, 0x03, 0xff, 0xff,
  0x80, 0xfb, 0x00, 0x02, 0x0f, 0xff, 0xff, 0xfe, 0x00, 0x03, 0x07, 0xff, 0xff, 0xc0, 0xfb, 0x00, 0x02, 0x0f, 0xff, 0xff, 0xfe, 0x00, 0x03, 0x07,
  0xff, 0xff, 0xc0, 0xfb, 0x00, 0x09, 0x0f, 0xff, 0xff, 0x80, 0x00, 0x00, 0x07, 0xff, 0xff, 0xc0, 0xfb, 0x00, 0x02, 0x0f, 0xff, 0xff, 0xfe, 0x00,
  0x03, 0x07, 0xff, 0xff, 0xe0, 0xfb, 0x00, 0x02, 0x1f, 0xff, 0xff, 0xfe, 0x00, 0x03, 0x07, 0xff, 0xff, 0xe0, 0xfb, 0x00, 0x02, 0x1f, 0xff, 0xff,
  0xfe, 0x00, 0x03, 0x07, 0xff, 0xff, 0xe0, 0xfb, 0x00, 0x02, 0x1f, 0xff, 0xff, 0xfe, 0x00, 0x03, 0x03, 0xff, 0xff, 0xe0, 0xfb, 0x00, 0x02, 0x1f,
  0xff, 0xff, 0xfe, 0x00, 0x03, 0x03, 0xff, 0xff, 0xe0, 0xfb, 0x00, 0x02, 0x1f, 0xff, 0xff, 0xfe, 0x00, 0x03, 0x03, 0xff, 0xff, 0xe0, 0xfb, 0x00,
  0x02, 0x1f, 0xff, 0xff, 0xfe, 0x00, 0x03, 0x03, 0xff, 0xff, 0xe0, 0xfb, 0x00, 0x02, 0x1f, 0xff, 0xff, 0xfe, 0x00, 0x03, 0x03, 0xff, 0xff, 0xe0,
  0xfb, 0x00, 0x02, 0x1f, 0xff, 0xff, 0xfe, 0x00, 0x03, 0x03, 0xff, 0xff, 0xe0, 0xfb, 0x00, 0x02, 0x0f, 0xff, 0xff, 0xfe, 0x00, 0x03, 0x03, 0xff,
  0xff, 0xc0, 0xfb, 0x00, 0x02, 0x0f, 0xff, 0xff, 0xfe, 0x00, 0x03, 0x03, 0xff, 0xff, 0xc0, 0xfb, 0x00, 0x02, 0x0f, 0xff, 0xff, 0xfe, 0x00, 0x03,
  0x03, 0xff, 0xff, 0xc0, 0xfb, 0x00, 0x02, 0x0f, 0xff, 0xff, 0xfe, 0x00, 0x03, 0x03, 0xff, 0xff, 0xc0, 0xfb, 0x00, 0x02, 0x0f, 0xff, 0xff, 0xfe,
  0x00, 0x03, 0x03, 0xff, 0xff, 0x80, 0xfb, 0x00, 0x02, 0x0f, 0xff, 0xff, 0xfe, 0x00, 0x03, 0x03, 0xff, 0xff, 0x80, 0xfb, 0x00, 0x02, 0x07, 0xff,
  0xff, 0xfe, 0x00, 0x03, 0x03, 0xff, 0xff, 0x80, 0xfb, 0x00, 0x08, 0x07, 0xff, 0xff, 0x03, 0xc0, 0x0f, 0x03, 0xff, 0xff, 0xfa, 0x00, 0x08, 0x03,
  0xff, 0xff, 0x03, 0xf0, 0x3f, 0x01, 0xff, 0xff, 0xfa, 0x00, 0x08, 0x03, 0xff, 0xfe, 0x07, 0xff, 0xff, 0x80, 0xff, 0xfe, 0xf9, 0x00, 0x07, 0xff,
  0xfc, 0x03, 0xff, 0xff, 0x00, 0x7f, 0xf8, 0xf9, 0x00, 0x07, 0x7f, 0xf0, 0x03, 0xff, 0xff, 0x00, 0x1f, 0xc0, 0xf7, 0x00, 0x02, 0x01, 0xff, 0xfe,
  0xf3, 0x00, 0x01, 0xff, 0xfc, 0xf3, 0x00, 0x01, 0x3f, 0xf0, 0xf4, 0x00, 0x03, 0x01, 0xff, 0xff, 0x80, 0xf5, 0x00, 0x03, 0x0f, 0xff, 0xff, 0xe0,
  0xf5, 0x00, 0x03, 0x3f, 0xff, 0xff, 0xf8, 0xf5, 0x00, 0x03, 0x7f, 0xff, 0xff, 0xfc, 0xf5, 0x00, 0xfe, 0xff, 0x00, 0xfc, 0xf5, 0x00, 0xfe, 0xff,
  0x00, 0xfe, 0xf5, 0x00, 0xfe, 0xff, 0x00, 0xfe, 0xf5, 0x00, 0xfe, 0xff, 0x00, 0xfc, 0xf5, 0x00, 0xfe, 0xff, 0x00, 0xfc, 0xf5, 0x00, 0xfe, 0xff,
  0x00, 0xf8, 0xf5, 0x00, 0x03, 0x3f, 0xff, 0xff, 0xe0, 0xf5, 0x00, 0x03, 0x0f, 0xff, 0xff, 0xc0, 0xf4, 0x00, 0x01, 0xff, 0xf8, 0x81, 0x00, 0xfa,
  0x00, 0x81, 0x00, 0xd7, 0x00, 0x01, 0x03, 0xe0, 0xf9, 0x00, 0x01, 0x7f, 0xf0, 0xfd, 0x00, 0x01, 0x7f, 0xfc, 0xfa, 0x00, 0x02, 0x01, 0xff, 0xfc,
  0xfe, 0x00, 0x02, 0x01, 0xff, 0xff, 0xfa, 0x00, 0x02, 0x03, 0xff, 0xfe, 0xfe, 0x00, 0x02, 0x03, 0xff, 0xff, 0xfa, 0x00, 0x02, 0x07, 0xff, 0xff,
  0xfe, 0x00, 0x03, 0x03, 0xff, 0xff, 0x80, 0xfb, 0x00, 0x02, 0x07, 0xff, 0xff, 0xfe, 0x00, 0x03, 0x03, 0xff, 0xff, 0x80, 0xfb, 0x00, 0x02, 0x0f,
  0xff, 0xff, 0xfe, 0x00, 0x03, 0x07, 0xff, 0xff, 0xc0, 0xfb, 0x00, 0x02, 0x0f, 0xff, 0xff, 0xfe, 0x00, 0x03, 0x07, 0xff, 0xff, 0xc0, 0xfb, 0x00,
  0x02, 0x0f, 0xff, 0xff, 0xfe, 0x00, 0x03, 0x07, 0xff, 0xff, 0xc0, 0xfb, 0x00, 0x02, 0x0f, 0xff, 0xff, 0xfe, 0x00, 0x03, 0x07, 0xff, 0xff, 0xc0,
  0xfb, 0x00, 0x02, 0x1f, 0xff, 0xff, 0xfe, 0x00, 0x03, 0x07, 0xff, 0xff, 0xe0, 0xfb, 0x00, 0x02, 0x1f, 0xff, 0xff, 0xfe, 0x00, 0x03, 0x07, 0xff,
  0xff, 0xe0, 0xfb, 0x00, 0x02, 0x1f, 0xff, 0xff, 0xfe, 0x00, 0x03, 0x03, 0xff, 0xff, 0xe0, 0xfb, 0x00, 0x02, 0x1f, 0xff, 0xff, 0xfe, 0x00, 0x03,
  0x03, 0xff, 0xff, 0xe0, 0xfb, 0x00, 0x02, 0x1f, 0xff, 0xff, 0xfe, 0x00, 0x03, 0x03, 0xff, 0xff, 0xe0, 0xfb, 0x00, 0x02, 0x1f, 0xff, 0xff, 0xfe,
  0x00, 0x03, 0x03, 0xff, 0xff, 0xe0, 0xfb, 0x00, 0x02, 0x1f, 0xff, 0xff, 0xfe, 0x00, 0x03, 0x03, 0xff, 0xff, 0xe0, 0xfb, 0x00, 0x02, 0x1f, 0xff,
  0xff, 0xfe, 0x00, 0x03, 0x03, 0xff, 0xff, 0xe0, 0xfb, 0x00, 0x02, 0x0f, 0xff, 0xff, 0xfe, 0x00, 0x03, 0x03, 0xff, 0xff, 0xc0, 0xfb, 0x00, 0x02,
  0x0f, 0xff, 0xff, 0xfe, 0x00, 0x03, 0x03, 0xff, 0xff, 0xc0, 0xfb, 0x00, 0x02, 0x0f, 0xff, 0xff, 0xfe, 0x00, 0x03, 0x03, 0xff, 0xff, 0xc0, 0xfb,
  0x00, 0x02, 0x0f, 0xff, 0xff, 0xfe, 0x00, 0x03, 0x03, 0xff, 0xff, 0xc0, 0xfb, 0x00, 0x02, 0x0f, 0xff, 0xff, 0xfe, 0x00, 0x03, 0x03, 0xff, 0xff,
  0x80, 0xfb, 0x00, 0x02, 0x0f, 0xff, 0xff, 0xfe, 0x00, 0x03, 0x03, 0xff, 0xff, 0x80, 0xfb, 0x00, 0x02, 0x07, 0xff, 0xff, 0xfe, 0x00, 0x03, 0x03,
  0xff, 0xff, 0x80, 0xfb, 0x00, 0x08, 0x07, 0xff, 0xff, 0x03, 0xc0, 0x0f, 0x03, 0xff, 0xff, 0xfa, 0x00, 0x08, 0x03, 0xff, 0xff, 0x03, 0xf0, 0x3f,
  0x01, 0xff, 0xff, 0xfa, 0x00, 0x08, 0x03, 0xff, 0xfe, 0x07, 0xff, 0xff, 0x00, 0xff, 0xfe, 0xf9, 0x00, 0x07, 0xff, 0xfc, 0x03, 0xff, 0xff, 0x00,
  0x7f, 0xf8, 0xf9, 0x00, 0x07, 0x7f, 0xf0, 0x03, 0xff, 0xff, 0x00, 0x1f, 0xe0, 0xf7, 0x00, 0x02, 0x01, 0xff, 0xfe, 0xf3, 0x00, 0x01, 0xff, 0xfc,
  0xf3, 0x00, 0x01, 0x3f, 0xfe, 0xf4, 0x00, 0x02, 0x01, 0xff, 0xff, 0xf4, 0x00, 0x03, 0x07, 0xff, 0xff, 0xc0, 0xf5, 0x00, 0x03, 0x3f, 0xff, 0xff,
  0xf0, 0xf5, 0x00, 0x03, 0x7f, 0xff, 0xff, 0xf8, 0xf5, 0x00, 0xfe, 0xff, 0x00, 0xfc, 0xf5, 0x00, 0xfe, 0xff, 0x00, 0xfe, 0xf5, 0x00, 0xfe, 0xff,
  0x00, 0xfe, 0xf5, 0x00, 0xfe, 0xff, 0x00, 0xfe, 0xf5, 0x00, 0xfe, 0xff, 0x00, 0xfc, 0xf5, 0x00, 0xfe, 0xff, 0x00, 0xfc, 0xf5, 0x00, 0x03, 0x3f,
  0xff, 0xff, 0xf8, 0xf5, 0x00, 0x03, 0x1f, 0xff, 0xff, 0xe0, 0xf5, 0x00, 0x02, 0x03, 0xff, 0xfe, 0x81, 0x00, 0xfa, 0x00, 0x81, 0x00, 0x81, 0x00,
  0xfd, 0x00, 0x01, 0x7f, 0xfc, 0xfe, 0x00, 0x02, 0x01, 0xff, 0xff, 0xfa, 0x00, 0x02, 0x07, 0xff, 0xff, 0xfe, 0x00, 0x03, 0x07, 0xff, 0xff, 0xc0,
  0xfb, 0x00, 0x09, 0x1f, 0xff, 0xff, 0x80, 0x00, 0x00, 0x07, 0xff, 0xff, 0xe0, 0xfb, 0x00, 0x09, 0x1f, 0xff, 0xff, 0x80, 0x00, 0x00, 0x07, 0xff,
  0xff, 0xe0, 0xfb, 0x00, 0x09, 0x1f, 0xff, 0xff, 0x80, 0x00, 0x00, 0x07, 0xff, 0xff, 0xe0, 0xfb, 0x00, 0x09, 0x1f, 0xff, 0xff, 0x80, 0x00, 0x00,
  0x07, 0xff, 0xff, 0xe0, 0xfb, 0x00, 0x09, 0x1f, 0xff, 0xff, 0x80, 0x00, 0x00, 0x07, 0xff, 0xff, 0xe0, 0xfb, 0x00, 0x09, 0x1f, 0xff, 0xff, 0x80,
  0x00, 0x00, 0x07, 0xff, 0xff, 0xe0, 0xfb, 0x00, 0x09, 0x1f, 0xff, 0xff, 0x80, 0x00, 0x00, 0x07, 0xff, 0xff, 0xe0, 0xfb, 0x00, 0x09, 0x1f, 0xff,
  0xff, 0x80, 0x00, 0x00, 0x07, 0xff, 0xff, 0xe0, 0xfb, 0x00, 0x09, 0x1f, 0xff, 0xff, 0x80, 0x00, 0x00, 0x07, 0xff, 0xff, 0xe0, 0xfb, 0x00, 0x09,
  0x1f, 0xff, 0xff, 0x80, 0x00, 0x00, 0x07, 0xff, 0xff, 0xe0, 0xfb, 0x00, 0x09, 0x1f, 0xff, 0xff, 0x80, 0x00, 0x00, 0x07, 0xff, 0xff, 0xe0, 0xfb,
  0x00, 0x09, 0x1f, 0xff, 0xff, 0x80, 0x00, 0x00, 0x07, 0xff, 0xff, 0xe0, 0xfb, 0x00, 0x09, 0x1f, 0xff, 0xff, 0x80, 0x00, 0x00, 0x07, 0xff, 0xff,
  0xe0, 0xfb, 0x00, 0x09, 0x1f, 0xff, 0xff, 0x80, 0x00, 0x00, 0x07, 0xff, 0xff, 0xe0, 0xfb, 0x00, 0x09, 0x1f, 0xff, 0xff, 0x80, 0x00, 0x00, 0x07,
  0xff, 0xff, 0xc0, 0xfb, 0x00, 0x09, 0x0f, 0xff, 0xff, 0x80, 0x00, 0x00, 0x07, 0xff, 0xff, 0xc0, 0xfb, 0x00, 0x09, 0x0f, 0xff, 0xff, 0x80, 0x00,
  0x00, 0x07, 0xff, 0xff, 0xc0, 0xfb, 0x00, 0x09, 0x0f, 0xff, 0xff, 0x80, 0x00, 0x00, 0x07, 0xff, 0xff, 0x80, 0xfb, 0x00, 0x09, 0x07, 0xff, 0xff,
  0x87, 0xc0, 0x0f, 0x87, 0xff, 0xff, 0x80, 0xfb, 0x00, 0x08, 0x03, 0xff, 0xff, 0x07, 0xff, 0xff, 0x83, 0xff, 0xff, 0xfa, 0x00, 0x08, 0x01, 0xff,
  0xff, 0x07, 0xff, 0xff, 0x81, 0xff, 0xfe, 0xf9, 0x00, 0x07, 0xff, 0xfe, 0x07, 0xff, 0xff, 0x80, 0xff, 0xf8, 0xf9, 0x00, 0x07, 0x7f, 0xf8, 0x07,
  0xff, 0xff, 0x80, 0x7f, 0xe0, 0xf9, 0x00, 0x04, 0x07, 0xe0, 0x03, 0xff, 0xfe, 0xf3, 0x00, 0x01, 0xff, 0xfe, 0xf3, 0x00, 0x01, 0xff, 0xff, 0xf4,
  0x00, 0x03, 0x07, 0xff, 0xff, 0xc0, 0xf5, 0x00, 0x03, 0x3f, 0xff, 0xff, 0xf0, 0xf5, 0x00, 0x03, 0x7f, 0xff, 0xff, 0xf8, 0xf5, 0x00, 0xfe, 0xff,
  0x00, 0xfc, 0xf5, 0x00, 0xfe, 0xff, 0x00, 0xfe, 0xf5, 0x00, 0xfe, 0xff, 0x00, 0xfe, 0xf5, 0x00, 0xfe, 0xff, 0x00, 0xfe, 0xf5, 0x00, 0xfe, 0xff,
  0x00, 0xfc, 0xf5, 0x00, 0xfe, 0xff, 0x00, 0xfc, 0xf5, 0x00, 0x03, 0x3f, 0xff, 0xff, 0xf8, 0xf5, 0x00, 0x03, 0x1f, 0xff, 0xff, 0xe0, 0xf5, 0x00,
  0x02, 0x03, 0xff, 0xfe, 0x81, 0x00, 0xfa, 0x00, 0x81, 0x00, 0x81, 0x00, 0x81, 0x00, 0x81, 0x00, 0xae, 0x00, 0x00, 0x0e, 0xfa, 0x00, 0x01, 0x3f,
  0xe0, 0xfb, 0x00, 0x09, 0x3f, 0xff, 0xff, 0x80, 0x3f, 0xf0, 0x07, 0xff, 0xff, 0xf0, 0xfb, 0x00, 0x09, 0x3f, 0xff, 0xff, 0xc0, 0xff, 0xfe, 0x0f,
  0xff, 0xff, 0xf0, 0xfb, 0x00, 0x09, 0x3f, 0xff, 0xff, 0xc3, 0xff, 0xff, 0x0f, 0xff, 0xff, 0xe0, 0xfb, 0x00, 0x09, 0x1f, 0xff, 0xff, 0xc7, 0xff,
  0xff, 0x8f, 0xff, 0xff, 0xc0, 0xfb, 0x00, 0x08, 0x07, 0xff, 0xff, 0x87, 0xff, 0xff, 0xc7, 0xff, 0xfe, 0xf9, 0x00, 0x07, 0xff, 0xff, 0x07, 0xff,
  0xff, 0xc0, 0xff, 0xf0, 0xf9, 0x00, 0x05, 0x03, 0xc0, 0x0f, 0xff, 0xff, 0xc0, 0xf5, 0x00, 0x03, 0x3f, 0xff, 0xff, 0xf0, 0xf5, 0x00, 0x03, 0x7f,
  0xff, 0xff, 0xf8, 0xf5, 0x00, 0xfe, 0xff, 0x00, 0xfc, 0xf5, 0x00, 0xfe, 0xff, 0x00, 0xfe, 0xf5, 0x00, 0xfe, 0xff, 0x00, 0xfe, 0xf5, 0x00, 0xfe,
  0xff, 0x00, 0xfe, 0xf5, 0x00, 0xfe, 0xff, 0x00, 0xfc, 0xf5, 0x00, 0xfe, 0xff, 0x00, 0xfc, 0xf5, 0x00, 0x03, 0x3f, 0xff, 0xff, 0xf8, 0xf5, 0x00,
  0x03, 0x1f, 0xff, 0xff, 0xe0, 0xf5, 0x00, 0x02, 0x03, 0xff, 0xfe, 0x81, 0x00, 0xfa, 0x00, 0x81, 0x00, 0x81, 0x00, 0x81, 0x00, 0x81, 0x00, 0xfe,
  0x00, 0x00, 0x0f, 0xfa, 0x00, 0x01, 0xff, 0xe0, 0xfb, 0x00, 0x02, 0x1f, 0xff, 0xf8, 0xfe, 0x00, 0x03, 0x01, 0xff, 0xff, 0xe0, 0xfb, 0x00, 0x09,
  0x1f, 0xff, 0xff, 0xc0, 0x00, 0x00, 0x0f, 0xff, 0xff, 0xe0, 0xfb, 0x00, 0x09, 0x1f, 0xff, 0xff, 0xc0, 0x00, 0x00, 0x0f, 0xff, 0xff, 0xc0, 0xfb,
  0x00, 0x09, 0x0f, 0xff, 0xff, 0xc0, 0x00, 0x00, 0x0f, 0xff, 0xff, 0xc0, 0xfb, 0x00, 0x09, 0x0f, 0xff, 0xff, 0xc0, 0x1f, 0xf0, 0x0f, 0xff, 0xff,
  0x80, 0xfb, 0x00, 0x09, 0x07, 0xff, 0xff, 0x80, 0x7f, 0xfc, 0x07, 0xff, 0xff, 0x80, 0xfb, 0x00, 0x08, 0x03, 0xff, 0xff, 0x83, 0xff, 0xff, 0x07,
  0xff, 0xff, 0xfa, 0x00, 0x08, 0x03, 0xff, 0xff, 0x07, 0xff, 0xff, 0x83, 0xff, 0xfe, 0xf9, 0x00, 0x07, 0xff, 0xfe, 0x07, 0xff, 0xff, 0x80, 0xff,
  0xf8, 0xf9, 0x00, 0x07, 0x3f, 0xf8, 0x07, 0xff, 0xff, 0x80, 0x3f, 0xe0, 0xf9, 0x00, 0x05, 0x03, 0xc0, 0x07, 0xff, 0xff, 0x80, 0xf5, 0x00, 0x03,
  0x07, 0xff, 0xff, 0xc0, 0xf5, 0x00, 0x03, 0x3f, 0xff, 0xff, 0xf0, 0xf5, 0x00, 0x03, 0x7f, 0xff, 0xff, 0xf8, 0xf5, 0x00, 0xfe, 0xff, 0x00, 0xfc,
  0xf5, 0x00, 0xfe, 0xff, 0x00, 0xfe, 0xf5, 0x00, 0xfe, 0xff, 0x00, 0xfe, 0xf5, 0x00, 0xfe, 0xff, 0x00, 0xfe, 0xf5, 0x00, 0xfe, 0xff, 0x00, 0xfc,
  0xf5, 0x00, 0xfe, 0xff, 0x00, 0xfc, 0xf5, 0x00, 0x03, 0x3f, 0xff, 0xff, 0xf8, 0xf5, 0x00, 0x03, 0x1f, 0xff, 0xff, 0xe0, 0xf5, 0x00, 0x02, 0x03,
  0xff, 0xfe, 0x81, 0x00, 0xfa, 0x00, 0x9d, 0x00, 0x00, 0xfc, 0xf3, 0x00, 0x02, 0x03, 0xff, 0x80, 0xf4, 0x00, 0x02, 0x03, 0xff, 0xe0, 0xf4, 0x00,
  0x02, 0x03, 0xff, 0xf8, 0xf4, 0x00, 0x02, 0x07, 0xff, 0xfc, 0xf4, 0x00, 0x02, 0x07, 0xff, 0xfe, 0xf4, 0x00, 0x02, 0x07, 0xff, 0xfe, 0xf4, 0x00,
  0x02, 0x07, 0xff, 0xfe, 0xf4, 0x00, 0x02, 0x0f, 0xff, 0xfe, 0xf4, 0x00, 0x02, 0x0f, 0xff, 0xfe, 0xf4, 0x00, 0x02, 0x0f, 0xff, 0xfe, 0xf4, 0x00,
  0x02, 0x0f, 0xff, 0xfe, 0xf4, 0x00, 0x02, 0x0f, 0xff, 0xfe, 0xf4, 0x00, 0x02, 0x0f, 0xff, 0xfe, 0xf4, 0x00, 0x02, 0x0f, 0xff, 0xfe, 0xf4, 0x00,
  0x02, 0x0f, 0xff, 0xfe, 0xf4, 0x00, 0x02, 0x0f, 0xff, 0xfe, 0xfb, 0x00, 0x00, 0xc0, 0xfb, 0x00, 0x02, 0x0f, 0xff, 0xfe, 0xfc, 0x00, 0x01, 0x1f,
  0xe0, 0xfb, 0x00, 0x02, 0x0f, 0xff, 0xfe, 0xfd, 0x00, 0x02, 0x03, 0xff, 0xe0, 0xfb, 0x00, 0x02, 0x0f, 0xff, 0xfe, 0xfd, 0x00, 0x02, 0x7f, 0xff,
  0xe0, 0xfb, 0x00, 0x02, 0x0f, 0xff, 0xfe, 0xfe, 0x00, 0x03, 0x03, 0xff, 0xff, 0xe0, 0xfb, 0x00, 0x02, 0x0f, 0xff, 0xfe, 0xfe, 0x00, 0x03, 0x07,
  0xff, 0xff, 0xe0, 0xfb, 0x00, 0x02, 0x0f, 0xff, 0xfe, 0xfe, 0x00, 0x03, 0x07, 0xff, 0xff, 0xe0, 0xfb, 0x00, 0x02, 0x07, 0xff, 0xfe, 0xfe, 0x00,
  0x03, 0x07, 0xff, 0xff, 0xe0, 0xfb, 0x00, 0x02, 0x07, 0xff, 0xfe, 0xfe, 0x00, 0x03, 0x07, 0xff, 0xff, 0xc0, 0xfb, 0x00, 0x02, 0x07, 0xff, 0xff,
  0xfe, 0x00, 0x03, 0x07, 0xff, 0xff, 0xc0, 0xfb, 0x00, 0x02, 0x07, 0xff, 0xfe, 0xfe, 0x00, 0x03, 0x07, 0xff, 0xff, 0xc0, 0xfb, 0x00, 0x02, 0x07,
  0xff, 0xfe, 0xfe, 0x00, 0x03, 0x07, 0xff, 0xff, 0x80, 0xfb, 0x00, 0x02, 0x03, 0xff, 0xfe, 0xfe, 0x00, 0x03, 0x07, 0xff, 0xff, 0x80, 0xfb, 0x00,
  0x08, 0x03, 0xff, 0xfe, 0x00, 0x3f, 0xc0, 0x03, 0xff, 0xff, 0xfa, 0x00, 0x08, 0x01, 0xff, 0xfe, 0x01, 0xff, 0xfc, 0x01, 0xff, 0xfe, 0xf9, 0x00,
  0x07, 0xff, 0xfc, 0x03, 0xff, 0xfe, 0x01, 0xff, 0xfc, 0xf9, 0x00, 0x07, 0x7f, 0xf8, 0x03, 0xff, 0xff, 0x00, 0x7f, 0xf8, 0xf9, 0x00, 0x07, 0x3f,
  0xf0, 0x03, 0xff, 0xff, 0x00, 0x1f, 0xe0, 0xf9, 0x00, 0x04, 0x07, 0x80, 0x01, 0xff, 0xff, 0xf3, 0x00, 0x01, 0x3b, 0xff, 0xf3, 0x00, 0x01, 0x03,
  0xfe, 0xf3, 0x00, 0x01, 0xff, 0xff, 0xf4, 0x00, 0x03, 0x0f, 0xff, 0xff, 0xc0, 0xf5, 0x00, 0x03, 0x3f, 0xff, 0xff, 0xf0, 0xf5, 0x00, 0x03, 0x7f,
  0xff, 0xff, 0xf8, 0xf5, 0x00, 0xfe, 0xff, 0x00, 0xfc, 0xf5, 0x00, 0xfe, 0xff, 0x00, 0xfe, 0xf5, 0x00, 0xfe, 0xff, 0x00, 0xfe, 0xf5, 0x00, 0xfe,
  0xff, 0x00, 0xfe, 0xf5, 0x00, 0xfe, 0xff, 0x00, 0xfc, 0xf5, 0x00, 0xfe, 0xff, 0x00, 0xfc, 0xf5, 0x00, 0x03, 0x3f, 0xff, 0xff, 0xf8, 0xf5, 0x00,
  0x03, 0x1f, 0xff, 0xff, 0xe0, 0xf5, 0x00, 0x02, 0x03, 0xff, 0xfe, 0x81, 0x00, 0xfa, 0x00, 0x9d, 0x00, 0x00, 0xfc, 0xf3, 0x00, 0x02, 0x03, 0xff,
  0x80, 0xf4, 0x00, 0x02, 0x03, 0xff, 0xe0, 0xf4, 0x00, 0x02, 0x03, 0xff, 0xf8, 0xf4, 0x00, 0x02, 0x07, 0xff, 0xfc, 0xf4, 0x00, 0x02, 0x07, 0xff,
  0xfe, 0xf4, 0x00, 0x02, 0x07, 0xff, 0xfe, 0xf4, 0x00, 0x02, 0x07, 0xff, 0xfe, 0xf4, 0x00, 0x02, 0x0f, 0xff, 0xfe, 0xf4, 0x00, 0x02, 0x0f, 0xff,
  0xff, 0xf4, 0x00, 0x02, 0x0f, 0xff, 0xff, 0xf4, 0x00, 0x02, 0x0f, 0xff, 0xff, 0xf4, 0x00, 0x02, 0x0f, 0xff, 0xff, 0xf4, 0x00, 0x02, 0x0f, 0xff,
  0xff, 0xf4, 0x00, 0x02, 0x0f, 0xff, 0xfe, 0xf4, 0x00, 0x02, 0x0f, 0xff, 0xfe, 0xf4, 0x00, 0x02, 0x0f, 0xff, 0xff, 0xfb, 0x00, 0x00, 0x40, 0xfb,
  0x00, 0x02, 0x0f, 0xff, 0xff, 0xfc, 0x00, 0x01, 0x0f, 0xe0, 0xfb, 0x00, 0x02, 0x0f, 0xff, 0xff, 0xfc, 0x00, 0x01, 0xff, 0xe0, 0xfb, 0x00, 0x02,
  0x0f, 0xff, 0xff, 0xfd, 0x00, 0x02, 0x1f, 0xff, 0xe0, 0xfb, 0x00, 0x02, 0x0f, 0xff, 0xff, 0xfe, 0x00, 0x03, 0x01, 0xff, 0xff, 0xe0, 0xfb, 0x00,
  0x02, 0x0f, 0xff, 0xff, 0xfe, 0x00, 0x03, 0x07, 0xff, 0xff, 0xe0, 0xfb, 0x00, 0x02, 0x0f, 0xff, 0xff, 0xfe, 0x00, 0x03, 0x07, 0xff, 0xff, 0xe0,
  0xfb, 0x00, 0x02, 0x0f, 0xff, 0xff, 0xfe, 0x00, 0x03, 0x07, 0xff, 0xff, 0xe0, 0xfb, 0x00, 0x02, 0x07, 0xff, 0xff, 0xfe, 0x00, 0x03, 0x07, 0xff,
  0xff, 0xe0, 0xfb, 0x00, 0x02, 0x07, 0xff, 0xff, 0xfe, 0x00, 0x03, 0x07, 0xff, 0xff, 0xc0, 0xfb, 0x00, 0x02, 0x07, 0xff, 0xff, 0xfe, 0x00, 0x03,
  0x07, 0xff, 0xff, 0xc0, 0xfb, 0x00, 0x02, 0x07, 0xff, 0xff, 0xfe, 0x00, 0x03, 0x07, 0xff, 0xff, 0xc0, 0xfb, 0x00, 0x02, 0x03, 0xff, 0xff, 0xfe,
  0x00, 0x03, 0x07, 0xff, 0xff, 0x80, 0xfb, 0x00, 0x08, 0x03, 0xff, 0xfe, 0x00, 0x3f, 0x80, 0x03, 0xff, 0xff, 0xfa, 0x00, 0x08, 0x01, 0xff, 0xfe,
  0x01, 0xff, 0xf8, 0x03, 0xff, 0xfe, 0xf9, 0x00, 0x07, 0xff, 0xfc, 0x03, 0xff, 0xfe, 0x01, 0xff, 0xfc, 0xf9, 0x00, 0x07, 0x7f, 0xf8, 0x03, 0xff,
  0xff, 0x00, 0x7f, 0xf0, 0xf9, 0x00, 0x07, 0x3f, 0xf0, 0x03, 0xff, 0xff, 0x00, 0x3f, 0xe0, 0xf9, 0x00, 0x04, 0x07, 0x80, 0x01, 0xff, 0xff, 0xf3,
  0x00, 0x01, 0x03, 0xff, 0xf3, 0x00, 0x01, 0x01, 0x0e, 0xf3, 0x00, 0x01, 0x7f, 0xfe, 0xf4, 0x00, 0x03, 0x07, 0xff, 0xff, 0xc0, 0xf5, 0x00, 0x03,
  0x3f, 0xff, 0xff, 0xf0, 0xf5, 0x00, 0x03, 0x7f, 0xff, 0xff, 0xf8, 0xf5, 0x00, 0xfe, 0xff, 0x00, 0xfc, 0xf5, 0x00, 0xfe, 0xff, 0x00, 0xfe, 0xf5,
  0x00, 0xfe, 0xff, 0x00, 0xfe, 0xf5, 0x00, 0xfe, 0xff, 0x00, 0xfe, 0xf5, 0x00, 0xfe, 0xff, 0x00, 0xfc, 0xf5, 0x00, 0xfe, 0xff, 0x00, 0xfc, 0xf5,
  0x00, 0x03, 0x3f, 0xff, 0xff, 0xf8, 0xf5, 0x00, 0x03, 0x1f, 0xff, 0xff, 0xe0, 0xf5, 0x00, 0x02, 0x03, 0xff, 0xfe, 0x81, 0x00, 0xfa, 0x00, 0x81,
  0x00, 0xfe, 0x00, 0x01, 0x03, 0xfe, 0xf3, 0x00, 0x02, 0x03, 0xff, 0xc0, 0xf4, 0x00, 0x02, 0x07, 0xff, 0xf0, 0xf4, 0x00, 0x02, 0x07, 0xff, 0xf8,
  0xf4, 0x00, 0x02, 0x07, 0xff, 0xfe, 0xf4, 0x00, 0x02, 0x07, 0xff, 0xfe, 0xf4, 0x00, 0x02, 0x0f, 0xff, 0xfe, 0xf4, 0x00, 0x02, 0x0f, 0xff, 0xff,
  0xf4, 0x00, 0x02, 0x0f, 0xff, 0xff, 0xf4, 0x00, 0x02, 0x0f, 0xff, 0xff, 0xf4, 0x00, 0x02, 0x0f, 0xff, 0xff, 0xf4, 0x00, 0x02, 0x0f, 0xff, 0xff,
  0xf4, 0x00, 0x02, 0x0f, 0xff, 0xff, 0xf4, 0x00, 0x02, 0x0f, 0xff, 0xff, 0xf4, 0x00, 0x02, 0x0f, 0xff, 0xff, 0xf4, 0x00, 0x02, 0x0f, 0xff, 0xff,
  0xfb, 0x00, 0x00, 0x40, 0xfb, 0x00, 0x02, 0x0f, 0xff, 0xff, 0xfc, 0x00, 0x01, 0x1f, 0xe0, 0xfb, 0x00, 0x02, 0x0f, 0xff, 0xff, 0xfd, 0x00, 0x02,
  0x03, 0xff, 0xf0, 0xfb, 0x00, 0x02, 0x0f, 0xff, 0xff, 0xfd, 0x00, 0x02, 0x7f, 0xff, 0xf0, 0xfb, 0x00, 0x02, 0x0f, 0xff, 0xff, 0xfe, 0x00, 0x03,
  0x03, 0xff, 0xff, 0xf0, 0xfb, 0x00, 0x02, 0x0f, 0xff, 0xff, 0xfe, 0x00, 0x03, 0x07, 0xff, 0xff, 0xe0, 0xfb, 0x00, 0x02, 0x0f, 0xff, 0xff, 0xfe,
  0x00, 0x03, 0x07, 0xff, 0xff, 0xe0, 0xfb, 0x00, 0x02, 0x07, 0xff, 0xff, 0xfe, 0x00, 0x03, 0x07, 0xff, 0xff, 0xe0, 0xfb, 0x00, 0x02, 0x07, 0xff,
  0xff, 0xfe, 0x00, 0x03, 0x07, 0xff, 0xff, 0xe0, 0xfb, 0x00, 0x02, 0x07, 0xff, 0xff, 0xfe, 0x00, 0x03, 0x07, 0xff, 0xff, 0xc0, 0xfb, 0x00, 0x02,
  0x07, 0xff, 0xff, 0xfe, 0x00, 0x03, 0x07, 0xff, 0xff, 0xc0, 0xfb, 0x00, 0x02, 0x03, 0xff, 0xff, 0xfe, 0x00, 0x03, 0x07, 0xff, 0xff, 0x80, 0xfb,
  0x00, 0x09, 0x03, 0xff, 0xff, 0x00, 0x3f, 0x00, 0x03, 0xff, 0xff, 0x80, 0xfb, 0x00, 0x08, 0x03, 0xff, 0xfe, 0x01, 0xff, 0xf8, 0x03, 0xff, 0xfe,
  0xfa, 0x00, 0x08, 0x01, 0xff, 0xfc, 0x03, 0xff, 0xfe, 0x01, 0xff, 0xfc, 0xf9, 0x00, 0x07, 0x7f, 0xfc, 0x03, 0xff, 0xff, 0x00, 0xff, 0xf8, 0xf9,
  0x00, 0x07, 0x3f, 0xf0, 0x03, 0xff, 0xff, 0x80, 0x3f, 0xe0, 0xf9, 0x00, 0x05, 0x07, 0x80, 0x03, 0xff, 0xff, 0x80, 0xf4, 0x00, 0x01, 0xff, 0xff,
  0xf3, 0x00, 0x01, 0x01, 0xde, 0xf3, 0x00, 0x01, 0xff, 0xff, 0xf4, 0x00, 0x03, 0x07, 0xff, 0xff, 0xc0, 0xf5, 0x00, 0x03, 0x3f, 0xff, 0xff, 0xf0,
  0xf5, 0x00, 0x03, 0x7f, 0xff, 0xff, 0xf8, 0xf5, 0x00, 0xfe, 0xff, 0x00, 0xfc, 0xf5, 0x00, 0xfe, 0xff, 0x00, 0xfc, 0xf5, 0x00, 0xfe, 0xff, 0x00,
  0xfe, 0xf5, 0x00, 0xfe, 0xff, 0x00, 0xfe, 0xf5, 0x00, 0xfe, 0xff, 0x00, 0xfc, 0xf5, 0x00, 0xfe, 0xff, 0x00, 0xfc, 0xf5, 0x00, 0x03, 0x3f, 0xff,
  0xff, 0xf8, 0xf5, 0x00, 0x03, 0x1f, 0xff, 0xff, 0xe0, 0xf5, 0x00, 0x02, 0x03, 0xff, 0xfe, 0x81, 0x00, 0xfa, 0x00, 0x81, 0x00, 0xfe, 0x00, 0x01,
  0x03, 0xfe, 0xf3, 0x00, 0x02, 0x03, 0xff, 0xc0, 0xf4, 0x00, 0x02, 0x07, 0xff, 0xf0, 0xf4, 0x00, 0x02, 0x07, 0xff, 0xfc, 0xf4, 0x00, 0x02, 0x07,
  0xff, 0xfe, 0xf4, 0x00, 0x02, 0x0f, 0xff, 0xfe, 0xf4, 0x00, 0x02, 0x0f, 0xff, 0xff, 0xf4, 0x00, 0x02, 0x0f, 0xff, 0xff, 0xf4, 0x00, 0x02, 0x0f,
  0xff, 0xff, 0xf4, 0x00, 0x02, 0x0f, 0xff, 0xff, 0xf4, 0x00, 0x02, 0x0f, 0xff, 0xff, 0xf4, 0x00, 0x02, 0x0f, 0xff, 0xff, 0xf4, 0x00, 0x02, 0x0f,
  0xff, 0xff, 0xf4, 0x00, 0x02, 0x0f, 0xff, 0xff, 0xf4, 0x00, 0x02, 0x0f, 0xff, 0xff, 0xf4, 0x00, 0x02, 0x0f, 0xff, 0xff, 0xfb, 0x00, 0x00, 0x40,
  0xfb, 0x00, 0x02, 0x0f, 0xff, 0xff, 0xfc, 0x00, 0x01, 0x1f, 0xe0, 0xfb, 0x00, 0x02, 0x0f, 0xff, 0xff, 0xfd, 0x00, 0x02, 0x03, 0xff, 0xf0, 0xfb,
  0x00, 0x02, 0x0f, 0xff, 0xff, 0xfd, 0x00, 0x02, 0x7f, 0xff, 0xf0, 0xfb, 0x00, 0x02, 0x0f, 0xff, 0xff, 0xfe, 0x00, 0x03, 0x03, 0xff, 0xff, 0xf0,
  0xfb, 0x00, 0x02, 0x0f, 0xff, 0xff, 0xfe, 0x00, 0x03, 0x07, 0xff, 0xff, 0xe0, 0xfb, 0x00, 0x02, 0x0f, 0xff, 0xff, 0xfe, 0x00, 0x03, 0x07, 0xff,
  0xff, 0xe0, 0xfb, 0x00, 0x02, 0x07, 0xff, 0xff, 0xfe, 0x00, 0x03, 0x07, 0xff, 0xff, 0xe0, 0xfb, 0x00, 0x02, 0x07, 0xff, 0xff, 0xfe, 0x00, 0x03,
  0x07, 0xff, 0xff, 0xe0, 0xfb, 0x00, 0x02, 0x07, 0xff, 0xff, 0xfe, 0x00, 0x03, 0x07, 0xff, 0xff, 0xc0, 0xfb, 0x00, 0x02, 0x07, 0xff, 0xff, 0xfe,
  0x00, 0x03, 0x07, 0xff, 0xff, 0xc0, 0xfb, 0x00, 0x02, 0x03, 0xff, 0xff, 0xfe, 0x00, 0x03, 0x07, 0xff, 0xff, 0x80, 0xfb, 0x00, 0x09, 0x03, 0xff,
  0xff, 0x00, 0x1e, 0x00, 0x03, 0xff, 0xff, 0x80, 0xfb, 0x00, 0x08, 0x03, 0xff, 0xfe, 0x01, 0xff, 0xf8, 0x03, 0xff, 0xfe, 0xfa, 0x00, 0x08, 0x01,
  0xff, 0xfe, 0x03, 0xff, 0xfe, 0x01, 0xff, 0xfc, 0xf9, 0x00, 0x07, 0x7f, 0xfc, 0x03, 0xff, 0xff, 0x00, 0xff, 0xf8, 0xf9, 0x00, 0x07, 0x3f, 0xf0,
  0x03, 0xff, 0xff, 0x80, 0x3f, 0xe0, 0xf9, 0x00, 0x05, 0x07, 0x80, 0x03, 0xff, 0xff, 0x80, 0xf4, 0x00, 0x01, 0xff, 0xff, 0xf3, 0x00, 0x01, 0x01,
  0x8e, 0xf3, 0x00, 0x01, 0xff, 0xff, 0xf4, 0x00, 0x03, 0x07, 0xff, 0xff, 0xc0, 0xf5, 0x00, 0x03, 0x3f, 0xff, 0xff, 0xf0, 0xf5, 0x00, 0x03, 0x7f,
  0xff, 0xff, 0xf8, 0xf5, 0x00, 0x03, 0x7f, 0xff, 0xff, 0xfc, 0xf5, 0x00, 0xfe, 0xff, 0x00, 0xfc, 0xf5, 0x00, 0xfe, 0xff, 0x00, 0xfe, 0xf5, 0x00,
  0xfe, 0xff, 0x00, 0xfe, 0xf5, 0x00, 0xfe, 0xff, 0x00, 0xfc, 0xf5, 0x00, 0xfe, 0xff, 0x00, 0xfc, 0xf5, 0x00, 0x03, 0x3f, 0xff, 0xff, 0xf8, 0xf5,
  0x00, 0x03, 0x1f, 0xff, 0xff, 0xe0, 0xf5, 0x00, 0x02, 0x03, 0xff, 0xfe, 0x81, 0x00, 0xfa, 0x00, 0x81, 0x00, 0xfe, 0x00, 0x01, 0x03, 0xfe, 0xf3,
  0x00, 0x02, 0x03, 0xff, 0xc0, 0xf4, 0x00, 0x02, 0x07, 0xff, 0xf0, 0xf4, 0x00, 0x02, 0x07, 0xff, 0xf8, 0xf4, 0x00, 0x02, 0x07, 0xff, 0xfe, 0xf4,
  0x00, 0x02, 0x07, 0xff, 0xfe, 0xf4, 0x00, 0x02, 0x0f, 0xff, 0xff, 0xf4, 0x00, 0x02, 0x0f, 0xff, 0xff, 0xf4, 0x00, 0x02, 0x0f, 0xff, 0xff, 0xf4,
  0x00, 0x02, 0x0f, 0xff, 0xff, 0xf4, 0x00, 0x02, 0x0f, 0xff, 0xff, 0xf4, 0x00, 0x02, 0x0f, 0xff, 0xff, 0xf4, 0x00, 0x02, 0x0f, 0xff, 0xff, 0xf4,
  0x00, 0x02, 0x0f, 0xff, 0xff, 0xf4, 0x00, 0x02, 0x0f, 0xff, 0xff, 0xf4, 0x00, 0x02, 0x0f, 0xff, 0xff, 0xfb, 0x00, 0x00, 0x40, 0xfb, 0x00, 0x02,
  0x0f, 0xff, 0xff, 0xfc, 0x00, 0x01, 0x1f, 0xf0, 0xfb, 0x00, 0x02, 0x0f, 0xff, 0xff, 0xfd, 0x00, 0x02, 0x03, 0xff, 0xf0, 0xfb, 0x00, 0x02, 0x0f,
  0xff, 0xff, 0xfd, 0x00, 0x02, 0x7f, 0xff, 0xf0, 0xfb, 0x00, 0x02, 0x0f, 0xff, 0xff, 0xfe, 0x00, 0x03, 0x03, 0xff, 0xff, 0xf0, 0xfb, 0x00, 0x02,
  0x0f, 0xff, 0xff, 0xfe, 0x00, 0x03, 0x07, 0xff, 0xff, 0xe0, 0xfb, 0x00, 0x02, 0x0f, 0xff, 0xff, 0xfe, 0x00, 0x03, 0x07, 0xff, 0xff, 0xe0, 0xfb,
  0x00, 0x02, 0x07, 0xff, 0xff, 0xfe, 0x00, 0x03, 0x07, 0xff, 0xff, 0xe0, 0xfb, 0x00, 0x02, 0x07, 0xff, 0xff, 0xfe, 0x00, 0x03, 0x07, 0xff, 0xff,
  0xe0, 0xfb, 0x00, 0x02, 0x07, 0xff, 0xff, 0xfe, 0x00, 0x03, 0x07, 0xff, 0xff, 0xc0, 0xfb, 0x00, 0x02, 0x07, 0xff, 0xff, 0xfe, 0x00, 0x03, 0x07,
  0xff, 0xff, 0xc0, 0xfb, 0x00, 0x02, 0x07, 0xff, 0xff, 0xfe, 0x00, 0x03, 0x07, 0xff, 0xff, 0x80, 0xfb, 0x00, 0x09, 0x03, 0xff, 0xff, 0x00, 0x3f,
  0x00, 0x03, 0xff, 0xff, 0x80, 0xfb, 0x00, 0x08, 0x03, 0xff, 0xfe, 0x01, 0xff, 0xf8, 0x03, 0xff, 0xfe, 0xfa, 0x00, 0x08, 0x01, 0xff, 0xfe, 0x03,
  0xff, 0xfe, 0x01, 0xff, 0xfc, 0xf9, 0x00, 0x07, 0x7f, 0xfc, 0x03, 0xff, 0xff, 0x00, 0xff, 0xf8, 0xf9, 0x00, 0x07, 0x3f, 0xf0, 0x03, 0xff, 0xff,
  0x80, 0x3f, 0xe0, 0xf9, 0x00, 0x05, 0x07, 0x80, 0x03, 0xff, 0xff, 0x80, 0xf4, 0x00, 0x01, 0xff, 0xff, 0xf3, 0x00, 0x01, 0x01, 0x9e, 0xf3, 0x00,
  0x01, 0xff, 0xff, 0xf4, 0x00, 0x03, 0x07, 0xff, 0xff, 0xc0, 0xf5, 0x00, 0x03, 0x3f, 0xff, 0xff, 0xf0, 0xf5, 0x00, 0x03, 0x7f, 0xff, 0xff, 0xf8,
  0xf5, 0x00, 0x03, 0x7f, 0xff, 0xff, 0xfc, 0xf5, 0x00, 0xfe, 0xff, 0x00, 0xfc, 0xf5, 0x00, 0xfe, 0xff, 0x00, 0xfe, 0xf5, 0x00, 0xfe, 0xff, 0x00,
  0xfe, 0xf5, 0x00, 0xfe, 0xff, 0x00, 0xfc, 0xf5, 0x00, 0xfe, 0xff, 0x00, 0xfc, 0xf5, 0x00, 0x03, 0x3f, 0xff, 0xff, 0xf8, 0xf5, 0x00, 0x03, 0x1f,
  0xff, 0xff, 0xe0, 0xf5, 0x00, 0x02, 0x03, 0xff, 0xfe, 0x81, 0x00, 0xfa, 0x00, 0x81, 0x00, 0xfe, 0x00, 0x01, 0x03, 0xfe, 0xf3, 0x00, 0x02, 0x03,
  0xff, 0xc0, 0xf4, 0x00, 0x02, 0x07, 0xff, 0xf0, 0xf4, 0x00, 0x02, 0x07, 0xff, 0xfc, 0xf4, 0x00, 0x02, 0x07, 0xff, 0xfe, 0xf4, 0x00, 0x02, 0x0f,
  0xff, 0xfe, 0xf4, 0x00, 0x02, 0x0f, 0xff, 0xff, 0xf4, 0x00, 0x02, 0x0f, 0xff, 0xff, 0xf4, 0x00, 0x02, 0x0f, 0xff, 0xff, 0xf4, 0x00, 0x02, 0x0f,
  0xff, 0xff, 0xf4, 0x00, 0x02, 0x0f, 0xff, 0xff, 0xf4, 0x00, 0x02, 0x0f, 0xff, 0xff, 0xf4, 0x00, 0x02, 0x0f, 0xff, 0xff, 0xf4, 0x00, 0x02, 0x0f,
  0xff, 0xff, 0xf4, 0x00, 0x02, 0x0f, 0xff, 0xff, 0xf4, 0x00, 0x02, 0x0f, 0xff, 0xff, 0xfb, 0x00, 0x00, 0x40, 0xfb, 0x00, 0x02, 0x0f, 0xff, 0xff,
  0xfc, 0x00, 0x01, 0x1f, 0xf0, 0xfb, 0x00, 0x02, 0x0f, 0xff, 0xff, 0xfd, 0x00, 0x02, 0x03, 0xff, 0xf0, 0xfb, 0x00, 0x02, 0x0f, 0xff, 0xff, 0xfd,
  0x00, 0x02, 0x7f, 0xff, 0xf0, 0xfb, 0x00, 0x02, 0x0f, 0xff, 0xff, 0xfe, 0x00, 0x03, 0x03, 0xff, 0xff, 0xf0, 0xfb, 0x00, 0x02, 0x0f, 0xff, 0xff,
  0xfe, 0x00, 0x03, 0x07, 0xff, 0xff, 0xe0, 0xfb, 0x00, 0x02, 0x0f, 0xff, 0xff, 0xfe, 0x00, 0x03, 0x07, 0xff, 0xff, 0xe0, 0xfb, 0x00, 0x02, 0x07,
  0xff, 0xff, 0xfe, 0x00, 0x03, 0x07, 0xff, 0xff, 0xe0, 0xfb, 0x00, 0x02, 0x07, 0xff, 0xff, 0xfe, 0x00, 0x03, 0x07, 0xff, 0xff, 0xe0, 0xfb, 0x00,
  0x02, 0x07, 0xff, 0xff, 0xfe, 0x00, 0x03, 0x07, 0xff, 0xff, 0xc0, 0xfb, 0x00, 0x02, 0x07, 0xff, 0xff, 0xfe, 0x00, 0x03, 0x07, 0xff, 0xff, 0xc0,
  0xfb, 0x00, 0x02, 0x07, 0xff, 0xff, 0xfe, 0x00, 0x03, 0x07, 0xff, 0xff, 0x80, 0xfb, 0x00, 0x09, 0x03, 0xff, 0xff, 0x00, 0x3e, 0x00, 0x03, 0xff,
  0xff, 0x80, 0xfb, 0x00, 0x08, 0x03, 0xff, 0xfe, 0x01, 0xff, 0xf8, 0x03, 0xff, 0xfe, 0xfa, 0x00, 0x08, 0x01, 0xff, 0xfe, 0x03, 0xff, 0xfe, 0x01,
  0xff, 0xfc, 0xf9, 0x00, 0x07, 0x7f, 0xfc, 0x03, 0xff, 0xff, 0x00, 0xff, 0xf8, 0xf9, 0x00, 0x07, 0x3f, 0xf0, 0x03, 0xff, 0xff, 0x80, 0x3f, 0xe0,
  0xf9, 0x00, 0x05, 0x07, 0x80, 0x03, 0xff, 0xff, 0x80, 0xf4, 0x00, 0x01, 0xff, 0xff, 0xf3, 0x00, 0x01, 0x01, 0x8e, 0xf3, 0x00, 0x01, 0xff, 0xfe,
  0xf4, 0x00, 0x03, 0x07, 0xff, 0xff, 0xc0, 0xf5, 0x00, 0x03, 0x3f, 0xff, 0xff, 0xf0, 0xf5, 0x00, 0x03, 0x7f, 0xff, 0xff, 0xf8, 0xf5, 0x00, 0x03,
  0x7f, 0xff, 0xff, 0xfc, 0xf5, 0x00, 0xfe, 0xff, 0x00, 0xfc, 0xf5, 0x00, 0xfe, 0xff, 0x00, 0xfe, 0xf5, 0x00, 0xfe, 0xff, 0x00, 0xfe, 0xf5, 0x00,
  0xfe, 0xff, 0x00, 0xfc, 0xf5, 0x00, 0xfe, 0xff, 0x00, 0xfc, 0xf5, 0x00, 0x03, 0x3f, 0xff, 0xff, 0xf8, 0xf5, 0x00, 0x03, 0x1f, 0xff, 0xff, 0xe0,
  0xf5, 0x00, 0x02, 0x03, 0xff, 0xfe, 0x81, 0x00, 0xfa, 0x00, 0x81, 0x00, 0xfe, 0x00, 0x01, 0x03, 0xfe, 0xf3, 0x00, 0x02, 0x03, 0xff, 0xc0, 0xf4,
  0x00, 0x02, 0x07, 0xff, 0xf0, 0xf4, 0x00, 0x02, 0x07, 0xff, 0xf8, 0xf4, 0x00, 0x02, 0x07, 0xff, 0xfe, 0xf4, 0x00, 0x02, 0x07, 0xff, 0xfe, 0xf4,
  0x00, 0x02, 0x0f, 0xff, 0xff, 0xf4, 0x00, 0x02, 0x0f, 0xff, 0xff, 0xf4, 0x00, 0x02, 0x0f, 0xff, 0xff, 0xf4, 0x00, 0x02, 0x0f, 0xff, 0xff, 0xf4,
  0x00, 0x02, 0x0f, 0xff, 0xff, 0xf4, 0x00, 0x02, 0x0f, 0xff, 0xff, 0xf4, 0x00, 0x02, 0x0f, 0xff, 0xff, 0xf4, 0x00, 0x02, 0x0f, 0xff, 0xff, 0xf4,
  0x00, 0x02, 0x0f, 0xff, 0xff, 0xf4, 0x00, 0x02, 0x0f, 0xff, 0xff, 0xfb, 0x00, 0x00, 0x40, 0xfb, 0x00, 0x02, 0x0f, 0xff, 0xff, 0xfc, 0x00, 0x01,
  0x1f, 0xf0, 0xfb, 0x00, 0x02, 0x0f, 0xff, 0xff, 0xfd, 0x00, 0x02, 0x03, 0xff, 0xf0, 0xfb, 0x00, 0x02, 0x0f, 0xff, 0xff, 0xfd, 0x00, 0x02, 0x7f,
  0xff, 0xf0, 0xfb, 0x00, 0x02, 0x0f, 0xff, 0xff, 0xfe, 0x00, 0x03, 0x03, 0xff, 0xff, 0xf0, 0xfb, 0x00, 0x02, 0x0f, 0xff, 0xff, 0xfe, 0x00, 0x03,
  0x07, 0xff, 0xff, 0xe0, 0xfb, 0x00, 0x02, 0x0f, 0xff, 0xff, 0xfe, 0x00, 0x03, 0x07, 0xff, 0xff, 0xe0, 0xfb, 0x00, 0x02, 0x07, 0xff, 0xff, 0xfe,
  0x00, 0x03, 0x07, 0xff, 0xff, 0xe0, 0xfb, 0x00, 0x02, 0x07, 0xff, 0xff, 0xfe, 0x00, 0x03, 0x07, 0xff, 0xff, 0xe0, 0xfb, 0x00, 0x02, 0x07, 0xff,
  0xff, 0xfe, 0x00, 0x03, 0x07, 0xff, 0xff, 0xc0, 0xfb, 0x00, 0x02, 0x07, 0xff, 0xff, 0xfe, 0x00, 0x03, 0x07, 0xff, 0xff, 0xc0, 0xfb, 0x00, 0x02,
  0x07, 0xff, 0xff, 0xfe, 0x00, 0x03, 0x07, 0xff, 0xff, 0x80, 0xfb, 0x00, 0x09, 0x03, 0xff, 0xff, 0x00, 0x3e, 0x00, 0x03, 0xff, 0xff, 0x80, 0xfb,
  0x00, 0x08, 0x03, 0xff, 0xfe, 0x01, 0xff, 0xf8, 0x03, 0xff, 0xff, 0xfa, 0x00, 0x08, 0x01, 0xff, 0xfe, 0x03, 0xff, 0xfe, 0x01, 0xff, 0xfc, 0xf9,
  0x00, 0x07, 0xff, 0xfc, 0x03, 0xff, 0xff, 0x00, 0xff, 0xf8, 0xf9, 0x00, 0x07, 0x3f, 0xf0, 0x03, 0xff, 0xff, 0x80, 0x7f, 0xe0, 0xf9, 0x00, 0x05,
  0x07, 0x80, 0x03, 0xff, 0xff, 0x80, 0xf4, 0x00, 0x01, 0xff, 0xff, 0xf3, 0x00, 0x01, 0x01, 0x9e, 0xf3, 0x00, 0x01, 0x7f, 0xff, 0xf4, 0x00, 0x03,
  0x07, 0xff, 0xff, 0xc0, 0xf5, 0x00, 0x03, 0x1f, 0xff, 0xff, 0xf0, 0xf5, 0x00, 0x03, 0x7f, 0xff, 0xff, 0xf8, 0xf5, 0x00, 0x03, 0x7f, 0xff, 0xff,
  0xfc, 0xf5, 0x00, 0xfe, 0xff, 0x00, 0xfe, 0xf5, 0x00, 0xfe, 0xff, 0x00, 0xfe, 0xf5, 0x00, 0xfe, 0xff, 0x00, 0xfe, 0xf5, 0x00, 0xfe, 0xff, 0x00,
  0xfc, 0xf5, 0x00, 0xfe, 0xff, 0x00, 0xfc, 0xf5, 0x00, 0x03, 0x3f, 0xff, 0xff, 0xf8, 0xf5, 0x00, 0x03, 0x1f, 0xff, 0xff, 0xe0, 0xf5, 0x00, 0x02,
  0x07, 0xff, 0xff, 0x81, 0x00, 0xfa, 0x00, 0x81, 0x00, 0xfe, 0x00, 0x01, 0x03, 0xfe, 0xf3, 0x00, 0x02, 0x03, 0xff, 0xc0, 0xf4, 0x00, 0x02, 0x07,
  0xff, 0xf0, 0xf4, 0x00, 0x02, 0x07, 0xff, 0xfc, 0xf4, 0x00, 0x02, 0x07, 0xff, 0xfe, 0xf4, 0x00, 0x02, 0x07, 0xff, 0xfe, 0xf4, 0x00, 0x02, 0x0f,
  0xff, 0xff, 0xf4, 0x00, 0x02, 0x0f, 0xff, 0xff, 0xf4, 0x00, 0x02, 0x0f, 0xff, 0xff, 0xf4, 0x00, 0x02, 0x0f, 0xff, 0xff, 0xf4, 0x00, 0x02, 0x0f,
  0xff, 0xff, 0xf4, 0x00, 0x02, 0x0f, 0xff, 0xff, 0xf4, 0x00, 0x02, 0x0f, 0xff, 0xff, 0xf4, 0x00, 0x02, 0x0f, 0xff, 0xff, 0xf4, 0x00, 0x02, 0x0f,
  0xff, 0xff, 0xf4, 0x00, 0x02, 0x0f, 0xff, 0xff, 0xfb, 0x00, 0x00, 0x40, 0xfb, 0x00, 0x02, 0x0f, 0xff, 0xff, 0xfc, 0x00, 0x01, 0x0f, 0xf0, 0xfb,
  0x00, 0x02, 0x0f, 0xff, 0xff, 0xfd, 0x00, 0x02, 0x03, 0xff, 0xf0, 0xfb, 0x00, 0x02, 0x0f, 0xff, 0xff, 0xfd, 0x00, 0x02, 0x3f, 0xff, 0xf0, 0xfb,
  0x00, 0x02, 0x0f, 0xff, 0xff, 0xfe, 0x00, 0x03, 0x03, 0xff, 0xff, 0xf0, 0xfb, 0x00, 0x02, 0x0f, 0xff, 0xff, 0xfe, 0x00, 0x03, 0x07, 0xff, 0xff,
  0xe0, 0xfb, 0x00, 0x02, 0x0f, 0xff, 0xff, 0xfe, 0x00, 0x03, 0x07, 0xff, 0xff, 0xe0, 0xfb, 0x00, 0x02, 0x07, 0xff, 0xff, 0xfe, 0x00, 0x03, 0x07,
  0xff, 0xff, 0xe0, 0xfb, 0x00, 0x02, 0x07, 0xff, 0xff, 0xfe, 0x00, 0x03, 0x07, 0xff, 0xff, 0xe0, 0xfb, 0x00, 0x02, 0x07, 0xff, 0xff, 0xfe, 0x00,
  0x03, 0x07, 0xff, 0xff, 0xc0, 0xfb, 0x00, 0x02, 0x07, 0xff, 0xff, 0xfe, 0x00, 0x03, 0x07, 0xff, 0xff, 0xc0, 0xfb, 0x00, 0x02, 0x07, 0xff, 0xff,
  0xfe, 0x00, 0x03, 0x07, 0xff, 0xff, 0x80, 0xfb, 0x00, 0x02, 0x03, 0xff, 0xff, 0xfe, 0x00, 0x03, 0x03, 0xff, 0xff, 0x80, 0xfb, 0x00, 0x08, 0x03,
  0xff, 0xfe, 0x01, 0xff, 0xf8, 0x03, 0xff, 0xff, 0xfa, 0x00, 0x08, 0x01, 0xff, 0xfe, 0x03, 0xff, 0xfe, 0x01, 0xff, 0xfc, 0xf9, 0x00, 0x07, 0xff,
  0xfc, 0x03, 0xff, 0xff, 0x00, 0xff, 0xf8, 0xf9, 0x00, 0x07, 0x3f, 0xf0, 0x03, 0xff, 0xff, 0x80, 0x7f, 0xe0, 0xf9, 0x00, 0x05, 0x07, 0x80, 0x03,
  0xff, 0xff, 0x80, 0xf4, 0x00, 0x01, 0xff, 0xff, 0xf2, 0x00, 0x00, 0x0e, 0xf3, 0x00, 0x01, 0x3f, 0xfc, 0xf4, 0x00, 0x03, 0x07, 0xff, 0xff, 0xc0,
  0xf5, 0x00, 0x03, 0x1f, 0xff, 0xff, 0xf0, 0xf5, 0x00, 0x03, 0x7f, 0xff, 0xff, 0xf8, 0xf5, 0x00, 0x03, 0x7f, 0xff, 0xff, 0xfc, 0xf5, 0x00, 0xfe,
  0xff, 0x00, 0xfe, 0xf5, 0x00, 0xfe, 0xff, 0x00, 0xfe, 0xf5, 0x00, 0xfe, 0xff, 0x00, 0xfe, 0xf5, 0x00, 0xfe, 0xff, 0x00, 0xfc, 0xf5, 0x00, 0xfe,
  0xff, 0x00, 0xfc, 0xf5, 0x00, 0x03, 0x3f, 0xff, 0xff, 0xf8, 0xf5, 0x00, 0x03, 0x1f, 0xff, 0xff, 0xe0, 0xf5, 0x00, 0x02, 0x07, 0xff, 0xff, 0x81,
  0x00, 0xfa, 0x00, 0x81, 0x00, 0xfe, 0x00, 0x01, 0x01, 0xfe, 0xf3, 0x00, 0x02, 0x03, 0xff, 0xc0, 0xf4, 0x00, 0x02, 0x03, 0xff, 0xf0, 0xf4, 0x00,
  0x02, 0x07, 0xff, 0xf8, 0xf4, 0x00, 0x02, 0x07, 0xff, 0xfe, 0xf4, 0x00, 0x02, 0x07, 0xff, 0xfe, 0xf4, 0x00, 0x02, 0x0f, 0xff, 0xff, 0xf4, 0x00,
  0x02, 0x0f, 0xff, 0xff, 0xf4, 0x00, 0x02, 0x0f, 0xff, 0xff, 0xf4, 0x00, 0x02, 0x0f, 0xff, 0xff, 0xf4, 0x00, 0x02, 0x0f, 0xff, 0xff, 0xf4, 0x00,
  0x02, 0x0f, 0xff, 0xff, 0xf4, 0x00, 0x02, 0x0f, 0xff, 0xff, 0xf4, 0x00, 0x02, 0x0f, 0xff, 0xff, 0xf4, 0x00, 0x02, 0x0f, 0xff, 0xff, 0xf4, 0x00,
  0x02, 0x0f, 0xff, 0xff, 0xfb, 0x00, 0x00, 0x40, 0xfb, 0x00, 0x02, 0x0f, 0xff, 0xff, 0xfc, 0x00, 0x01, 0x0f, 0xe0, 0xfb, 0x00, 0x02, 0x0f, 0xff,
  0xff, 0xfd, 0x00, 0x02, 0x01, 0xff, 0xf0, 0xfb, 0x00, 0x02, 0x0f, 0xff, 0xff, 0xfd, 0x00, 0x02, 0x3f, 0xff, 0xf0, 0xfb, 0x00, 0x02, 0x0f, 0xff,
  0xff, 0xfe, 0x00, 0x03, 0x03, 0xff, 0xff, 0xf0, 0xfb, 0x00, 0x02, 0x0f, 0xff, 0xff, 0xfe, 0x00, 0x03, 0x07, 0xff, 0xff, 0xe0, 0xfb, 0x00, 0x02,
  0x0f, 0xff, 0xff, 0xfe, 0x00, 0x03, 0x07, 0xff, 0xff, 0xe0, 0xfb, 0x00, 0x02, 0x07, 0xff, 0xff, 0xfe, 0x00, 0x03, 0x07, 0xff, 0xff, 0xe0, 0xfb,
  0x00, 0x02, 0x07, 0xff, 0xff, 0xfe, 0x00, 0x03, 0x07, 0xff, 0xff, 0xe0, 0xfb, 0x00, 0x02, 0x07, 0xff, 0xff, 0xfe, 0x00, 0x03, 0x07, 0xff, 0xff,
  0xc0, 0xfb, 0x00, 0x02, 0x07, 0xff, 0xff, 0xfe, 0x00, 0x03, 0x07, 0xff, 0xff, 0xc0, 0xfb, 0x00, 0x02, 0x07, 0xff, 0xff, 0xfe, 0x00, 0x03, 0x07,
  0xff, 0xff, 0x80, 0xfb, 0x00, 0x02, 0x03, 0xff, 0xff, 0xfe, 0x00, 0x03, 0x03, 0xff, 0xff, 0x80, 0xfb, 0x00, 0x08, 0x03, 0xff, 0xfe, 0x01, 0xff,
  0xf8, 0x03, 0xff, 0xff, 0xfa, 0x00, 0x08, 0x01, 0xff, 0xfe, 0x03, 0xff, 0xfe, 0x01, 0xff, 0xfe, 0xf9, 0x00, 0x07, 0xff, 0xfc, 0x03, 0xff, 0xff,
  0x00, 0xff, 0xf8, 0xf9, 0x00, 0x07, 0x3f, 0xf8, 0x03, 0xff, 0xff, 0x80, 0x7f, 0xe0, 0xf9, 0x00, 0x05, 0x07, 0xc0, 0x03, 0xff, 0xff, 0x80, 0xf4,
  0x00, 0x01, 0xff, 0xff, 0xf2, 0x00, 0x00, 0x0e, 0xf3, 0x00, 0x01, 0x3f, 0xfc, 0xf4, 0x00, 0x03, 0x07, 0xff, 0xff, 0xc0, 0xf5, 0x00, 0x03, 0x1f,
  0xff, 0xff, 0xf0, 0xf5, 0x00, 0x03, 0x3f, 0xff, 0xff, 0xf8, 0xf5, 0x00, 0x03, 0x7f, 0xff, 0xff, 0xfc, 0xf5, 0x00, 0xfe, 0xff, 0x00, 0xfe, 0xf5,
  0x00, 0xfe, 0xff, 0x00, 0xfe, 0xf5, 0x00, 0xfe, 0xff, 0x00, 0xfe, 0xf5, 0x00, 0xfe, 0xff, 0x00, 0xfe, 0xf5, 0x00, 0xfe, 0xff, 0x00, 0xfc, 0xf5,
  0x00, 0x03, 0x3f, 0xff, 0xff, 0xf8, 0xf5, 0x00, 0x03, 0x1f, 0xff, 0xff, 0xe0, 0xf5, 0x00, 0x02, 0x07, 0xff, 0xff, 0x81, 0x00, 0xfa, 0x00, 0x81,
  0x00, 0xfe, 0x00, 0x01, 0x01, 0xfe, 0xf3, 0x00, 0x02, 0x03, 0xff, 0xc0, 0xf4, 0x00, 0x02, 0x03, 0xff, 0xf0, 0xf4, 0x00, 0x02, 0x07, 0xff, 0xfc,
  0xf4, 0x00, 0x02, 0x07, 0xff, 0xfe, 0xf4, 0x00, 0x02, 0x07, 0xff, 0xfe, 0xf4, 0x00, 0x02, 0x0f, 0xff, 0xff, 0xf4, 0x00, 0x02, 0x0f, 0xff, 0xff,
  0xf4, 0x00, 0x02, 0x0f, 0xff, 0xff, 0xf4, 0x00, 0x02, 0x0f, 0xff, 0xff, 0xf4, 0x00, 0x02, 0x0f, 0xff, 0xff, 0xf4, 0x00, 0x02, 0x0f, 0xff, 0xff,
  0xf4, 0x00, 0x02, 0x0f, 0xff, 0xff, 0xf4, 0x00, 0x02, 0x0f, 0xff, 0xff, 0xf4, 0x00, 0x02, 0x0f, 0xff, 0xff, 0xf4, 0x00, 0x02, 0x0f, 0xff, 0xff,
  0xfb, 0x00, 0x00, 0x40, 0xfb, 0x00, 0x02, 0x0f, 0xff, 0xff, 0xfc, 0x00, 0x01, 0x0f, 0xf0, 0xfb, 0x00, 0x02, 0x0f, 0xff, 0xff, 0xfd, 0x00, 0x02,
  0x01, 0xff, 0xf0, 0xfb, 0x00, 0x02, 0x0f, 0xff, 0xff, 0xfd, 0x00, 0x02, 0x1f, 0xff, 0xf0, 0xfb, 0x00, 0x02, 0x0f, 0xff, 0xff, 0xfe, 0x00, 0x03,
  0x03, 0xff, 0xff, 0xf0, 0xfb, 0x00, 0x02, 0x0f, 0xff, 0xff, 0xfe, 0x00, 0x03, 0x07, 0xff, 0xff, 0xf0, 0xfb, 0x00, 0x02, 0x0f, 0xff, 0xff, 0xfe,
  0x00, 0x03, 0x07, 0xff, 0xff, 0xe0, 0xfb, 0x00, 0x02, 0x07, 0xff, 0xff, 0xfe, 0x00, 0x03, 0x07, 0xff, 0xff, 0xe0, 0xfb, 0x00, 0x02, 0x07, 0xff,
  0xff, 0xfe, 0x00, 0x03, 0x07, 0xff, 0xff, 0xe0, 0xfb, 0x00, 0x02, 0x07, 0xff, 0xff, 0xfe, 0x00, 0x03, 0x07, 0xff, 0xff, 0xc0, 0xfb, 0x00, 0x02,
  0x07, 0xff, 0xff, 0xfe, 0x00, 0x03, 0x07, 0xff, 0xff, 0xc0, 0xfb, 0x00, 0x02, 0x07, 0xff, 0xff, 0xfe, 0x00, 0x03, 0x07, 0xff, 0xff, 0x80, 0xfb,
  0x00, 0x02, 0x03, 0xff, 0xff, 0xfe, 0x00, 0x03, 0x03, 0xff, 0xff, 0x80, 0xfb, 0x00, 0x08, 0x03, 0xff, 0xfe, 0x01, 0xff, 0xf8, 0x03, 0xff, 0xff,
  0xfa, 0x00, 0x08, 0x01, 0xff, 0xfe, 0x03, 0xff, 0xfe, 0x01, 0xff, 0xfe, 0xf9, 0x00, 0x07, 0xff, 0xfc, 0x03, 0xff, 0xff, 0x00, 0xff, 0xf8, 0xf9,
  0x00, 0x07, 0x3f, 0xf8, 0x03, 0xff, 0xff, 0x80, 0x7f, 0xe0, 0xf9, 0x00, 0x05, 0x07, 0xc0, 0x03, 0xff, 0xff, 0x80, 0xf4, 0x00, 0x01, 0xff, 0xff,
  0xf2, 0x00, 0x00, 0x0e, 0xf3, 0x00, 0x01, 0x3f, 0xfc, 0xf4, 0x00, 0x03, 0x03, 0xff, 0xff, 0xc0, 0xf5, 0x00, 0x03, 0x1f, 0xff, 0xff, 0xf0, 0xf5,
  0x00, 0x03, 0x3f, 0xff, 0xff, 0xf8, 0xf5, 0x00, 0x03, 0x7f, 0xff, 0xff, 0xfc, 0xf5, 0x00, 0xfe, 0xff, 0x00, 0xfe, 0xf5, 0x00, 0xfe, 0xff, 0x00,
  0xfe, 0xf5, 0x00, 0xfe, 0xff, 0x00, 0xfe, 0xf5, 0x00, 0xfe, 0xff, 0x00, 0xfe, 0xf5, 0x00, 0xfe, 0xff, 0x00, 0xfc, 0xf5, 0x00, 0x03, 0x3f, 0xff,
  0xff, 0xf8, 0xf5, 0x00, 0x03, 0x1f, 0xff, 0xff, 0xe0, 0xf5, 0x00, 0x03, 0x07, 0xff, 0xff, 0x80, 0x81, 0x00, 0xfb, 0x00, 0x81, 0x00, 0x81, 0x00,
  0xee, 0x00, 0x01, 0x07, 0xf8, 0xf3, 0x00, 0x02, 0x0f, 0xff, 0xf0, 0xf4, 0x00, 0x02, 0x0f, 0xff, 0xfe, 0xf4, 0x00, 0x02, 0x0f, 0xff, 0xff, 0xf4,
  0x00, 0x02, 0x0f, 0xff, 0xff, 0xf4, 0x00, 0x02, 0x1f, 0xff, 0xff, 0xf4, 0x00, 0x02, 0x1f, 0xff, 0xff, 0xf4, 0x00, 0x02, 0x1f, 0xff, 0xff, 0xf4,
  0x00, 0x02, 0x1f, 0xff, 0xff, 0xf4, 0x00, 0x02, 0x1f, 0xff, 0xff, 0xf4, 0x00, 0x02, 0x1f, 0xff, 0xff, 0xf4, 0x00, 0x02, 0x1f, 0xff, 0xff, 0xfb,
  0x00, 0x00, 0xf0, 0xfb, 0x00, 0x02, 0x1f, 0xff, 0xff, 0xfc, 0x00, 0x01, 0x7f, 0xf8, 0xfb, 0x00, 0x02, 0x1f, 0xff, 0xff, 0xfd, 0x00, 0x02, 0x3f,
  0xff, 0xf8, 0xfb, 0x00, 0x02, 0x0f, 0xff, 0xff, 0xfe, 0x00, 0x03, 0x03, 0xff, 0xff, 0xf8, 0xfb, 0x00, 0x02, 0x0f, 0xff, 0xff, 0xfe, 0x00, 0x03,
  0x07, 0xff, 0xff, 0xf8, 0xfb, 0x00, 0x02, 0x0f, 0xff, 0xff, 0xfe, 0x00, 0x03, 0x07, 0xff, 0xff, 0xf0, 0xfb, 0x00, 0x02, 0x0f, 0xff, 0xff, 0xfe,
  0x00, 0x03, 0x07, 0xff, 0xff, 0xf0, 0xfb, 0x00, 0x02, 0x07, 0xff, 0xff, 0xfe, 0x00, 0x03, 0x07, 0xff, 0xff, 0xe0, 0xfb, 0x00, 0x09, 0x07, 0xff,
  0xff, 0x00, 0xff, 0xff, 0x07, 0xff, 0xff, 0xe0, 0xfb, 0x00, 0x09, 0x03, 0xff, 0xff, 0x07, 0xff, 0xff, 0xc3, 0xff, 0xff, 0xc0, 0xfb, 0x00, 0x09,
  0x03, 0xff, 0xff, 0x0f, 0xff, 0xff, 0xc3, 0xff, 0xff, 0x80, 0xfb, 0x00, 0x08, 0x01, 0xff, 0xfe, 0x0f, 0xff, 0xff, 0xc1, 0xff, 0xff, 0xf9, 0x00,
  0x07, 0xff, 0xfc, 0x07, 0xff, 0xff, 0xc0, 0xff, 0xfc, 0xf9, 0x00, 0x07, 0x3f, 0xf8, 0x03, 0xff, 0xff, 0x80, 0x3f, 0xf0, 0xf9, 0x00, 0x06, 0x0f,
  0xf0, 0x00, 0x3f, 0xf0, 0x00, 0x07, 0xf5, 0x00, 0x01, 0x3f, 0xfe, 0xf4, 0x00, 0x03, 0x03, 0xff, 0xff, 0xc0, 0xf5, 0x00, 0x03, 0x1f, 0xff, 0xff,
  0xf0, 0xf5, 0x00, 0x03, 0x3f, 0xff, 0xff, 0xf8, 0xf5, 0x00, 0x03, 0x7f, 0xff, 0xff, 0xfc, 0xf5, 0x00, 0xfe, 0xff, 0x00, 0xfe, 0xf5, 0x00, 0xfe,
  0xff, 0x00, 0xfe, 0xf5, 0x00, 0xfe, 0xff, 0x00, 0xfe, 0xf5, 0x00, 0xfe, 0xff, 0x00, 0xfe, 0xf5, 0x00, 0xfe, 0xff, 0x00, 0xfc, 0xf5, 0x00, 0x03,
  0x3f, 0xff, 0xff, 0xf8, 0xf5, 0x00, 0x03, 0x1f, 0xff, 0xff, 0xe0, 0xf5, 0x00, 0x03, 0x07, 0xff, 0xff, 0x80, 0xf4, 0x00, 0x01, 0x0f, 0xc0, 0x8a,
  0x00, 0x81, 0x00, 0x81, 0x00, 0xde, 0x00, 0x01, 0x07, 0xf8, 0xf3, 0x00, 0x02, 0x07, 0xff, 0xf8, 0xf4, 0x00, 0x02, 0x07, 0xff, 0xfe, 0xf4, 0x00,
  0x02, 0x0f, 0xff, 0xfe, 0xf4, 0x00, 0x02, 0x0f, 0xff, 0xfe, 0xf4, 0x00, 0x02, 0x0f, 0xff, 0xfe, 0xf4, 0x00, 0x02, 0x0f, 0xff, 0xff, 0xf4, 0x00,
  0x02, 0x0f, 0xff, 0xff, 0xf4, 0x00, 0x02, 0x0f, 0xff, 0xff, 0xf4, 0x00, 0x02, 0x0f, 0xff, 0xff, 0xf4, 0x00, 0x02, 0x0f, 0xff, 0xff, 0xf4, 0x00,
  0x02, 0x0f, 0xff, 0xff, 0xfc, 0x00, 0x01, 0x03, 0xf0, 0xfb, 0x00, 0x02, 0x0f, 0xff, 0xff, 0xfd, 0x00, 0x02, 0x01, 0xff, 0xf0, 0xfb, 0x00, 0x02,
  0x0f, 0xff, 0xff, 0xfd, 0x00, 0x02, 0x7f, 0xff, 0xf0, 0xfb, 0x00, 0x02, 0x07, 0xff, 0xff, 0xfe, 0x00, 0x03, 0x07, 0xff, 0xff, 0xf0, 0xfb, 0x00,
  0x02, 0x07, 0xff, 0xfe, 0xfe, 0x00, 0x03, 0x07, 0xff, 0xff, 0xf0, 0xfb, 0x00, 0x02, 0x07, 0xff, 0xfe, 0xfe, 0x00, 0x03, 0x07, 0xff, 0xff, 0xe0,
  0xfb, 0x00, 0x02, 0x03, 0xff, 0xfe, 0xfe, 0x00, 0x03, 0x03, 0xff, 0xff, 0xe0, 0xfb, 0x00, 0x02, 0x03, 0xff, 0xfe, 0xfe, 0x00, 0x03, 0x03, 0xff,
  0xff, 0xc0, 0xfc, 0x00, 0x0b, 0x01, 0x83, 0xff, 0xfe, 0x1f, 0xff, 0xff, 0xfb, 0xff, 0xff, 0x87, 0x80, 0xfd, 0x00, 0x0b, 0x03, 0xe1, 0xff, 0xfe,
  0x7f, 0xff, 0xff, 0xfd, 0xff, 0xff, 0x3f, 0x80, 0xfd, 0x00, 0x07, 0x03, 0xfd, 0xff, 0xfc, 0x7f, 0xff, 0xff, 0xfc, 0xfe, 0xff, 0x00, 0x80, 0xfd,
  0x00, 0x0a, 0x03, 0xff, 0xff, 0xfc, 0x7f, 0xff, 0xff, 0xfc, 0x7f, 0xff, 0xff, 0xfc, 0x00, 0x0a, 0x01, 0xff, 0xff, 0xf8, 0x7f, 0xff, 0xff, 0xf8,
  0x3f, 0xff, 0xfe, 0xfb, 0x00, 0x09, 0xff, 0xff, 0xf8, 0x3f, 0xff, 0xff, 0xf0, 0x3f, 0xff, 0xfc, 0xfb, 0x00, 0x09, 0x7f, 0xff, 0xf0, 0x1f, 0xff,
  0xff, 0xe0, 0x1f, 0xff, 0xf8, 0xfb, 0x00, 0x09, 0x1f, 0xff, 0xe0, 0x07, 0xff, 0xff, 0xc0, 0x07, 0xff, 0xc0, 0xfb, 0x00, 0x08, 0x03, 0xff, 0x80,
  0x1f, 0xff, 0xff, 0xf0, 0x00, 0x30, 0xf7, 0x00, 0x03, 0x3f, 0xff, 0xff, 0xf8, 0xf5, 0x00, 0x03, 0x7f, 0xff, 0xff, 0xfc, 0xf5, 0x00, 0xfe, 0xff,
  0x00, 0xfe, 0xf5, 0x00, 0xfe, 0xff, 0x00, 0xfe, 0xf5, 0x00, 0xfe, 0xff, 0x00, 0xfe, 0xf5, 0x00, 0xfe, 0xff, 0x00, 0xfe, 0xf5, 0x00, 0xfe, 0xff,
  0x00, 0xfc, 0xf5, 0x00, 0x03, 0x3f, 0xff, 0xff, 0xf8, 0xf5, 0x00, 0x03, 0x1f, 0xff, 0xff, 0xe0, 0xf5, 0x00, 0x03, 0x07, 0xff, 0xff, 0x80, 0xf4,
  0x00, 0x01, 0x0f, 0xc0, 0x8a, 0x00, 0x81, 0x00, 0x81, 0x00, 0x81, 0x00, 0x81, 0x00, 0xb5, 0x00, 0x00, 0x02, 0xfc, 0x00, 0x0b, 0x03, 0x80, 0x00,
  0x00, 0x3f, 0x00, 0x03, 0xf8, 0x00, 0x00, 0x1f, 0x80, 0xfd, 0x00, 0x0b, 0x07, 0xf0, 0x00, 0x00, 0x7f, 0xff, 0xff, 0xfc, 0x00, 0x00, 0x7f, 0x80,
  0xfd, 0x00, 0x03, 0x07, 0xfe, 0x00, 0xf0, 0xfe, 0xff, 0x04, 0xfc, 0x3f, 0xff, 0xff, 0x80, 0xfd, 0x00, 0x03, 0x07, 0xff, 0xff, 0xf8, 0xfe, 0xff,
  0x04, 0xfc, 0x7f, 0xff, 0xff, 0x80, 0xfd, 0x00, 0x0a, 0x03, 0xff, 0xff, 0xf8, 0x7f, 0xff, 0xff, 0xfc, 0x7f, 0xff, 0xff, 0xfc, 0x00, 0x0a, 0x01,
  0xff, 0xff, 0xf8, 0x7f, 0xff, 0xff, 0xf8, 0x7f, 0xff, 0xfe, 0xfb, 0x00, 0x09, 0xff, 0xff, 0xf8, 0x3f, 0xff, 0xff, 0xf0, 0x3f, 0xff, 0xf8, 0xfb,
  0x00, 0x09, 0x3f, 0xff, 0xe0, 0x0f, 0xff, 0xff, 0xc0, 0x0f, 0xff, 0xe0, 0xfb, 0x00, 0x08, 0x07, 0xff, 0xc0, 0x1f, 0xff, 0xff, 0xf0, 0x03, 0xff,
  0xf7, 0x00, 0x03, 0x3f, 0xff, 0xff, 0xf8, 0xf5, 0x00, 0x03, 0x7f, 0xff, 0xff, 0xfc, 0xf5, 0x00, 0xfe, 0xff, 0x00, 0xfe, 0xf5, 0x00, 0xfe, 0xff,
  0x00, 0xfe, 0xf5, 0x00, 0xfe, 0xff, 0x00, 0xfe, 0xf5, 0x00, 0xfe, 0xff, 0x00, 0xfe, 0xf5, 0x00, 0xfe, 0xff, 0x00, 0xfc, 0xf5, 0x00, 0x03, 0x3f,
  0xff, 0xff, 0xf8, 0xf5, 0x00, 0x03, 0x1f, 0xff, 0xff, 0xe0, 0xf5, 0x00, 0x03, 0x07, 0xff, 0xff, 0x80, 0xf4, 0x00, 0x01, 0x0f, 0xc0, 0x8a, 0x00,
  0x8a, 0x00, 0x01, 0x07, 0xc0, 0xf3, 0x00, 0x01, 0x7f, 0xfc, 0xf4, 0x00, 0x02, 0x03, 0xff, 0xff, 0xf4, 0x00, 0x03, 0x07, 0xff, 0xff, 0x80, 0xf5,
  0x00, 0x03, 0x1f, 0xff, 0xff, 0xe0, 0xf5, 0x00, 0x03, 0x3f, 0xff, 0xff, 0xf0, 0xf5, 0x00, 0x03, 0x7f, 0xff, 0xff, 0xf8, 0xf5, 0x00, 0xfe, 0xff,
  0x00, 0xfc, 0xf6, 0x00, 0x00, 0x01, 0xfe, 0xff, 0x00, 0xfe, 0xf6, 0x00, 0x00, 0x03, 0xfd, 0xff, 0xf8, 0x00, 0x09, 0x3f, 0xfe, 0x03, 0xff, 0xf8,
  0x0f, 0xff, 0x03, 0xff, 0xfe, 0xfc, 0x00, 0x0b, 0x07, 0xff, 0xff, 0xc3, 0xff, 0x00, 0x01, 0xff, 0x8f, 0xff, 0xff, 0xe0, 0xfd, 0x00, 0x0b, 0x1f,
  0xff, 0xff, 0xe7, 0xd8, 0x00, 0x00, 0x27, 0x9f, 0xff, 0xff, 0xf0, 0xfd, 0x00, 0x07, 0x3f, 0xff, 0xff, 0xf7, 0x80, 0x00, 0x00, 0x07, 0xfe, 0xff,
  0x00, 0xf0, 0xfd, 0x00, 0x00, 0x3f, 0xfe, 0xff, 0x03, 0x80, 0x00, 0x00, 0x03, 0xfe, 0xff, 0x00, 0xf0, 0xfd, 0x00, 0x00, 0x3f, 0xfe, 0xff, 0xfe,
  0x00, 0x00, 0x03, 0xfe, 0xff, 0x00, 0xf0, 0xfd, 0x00, 0x03, 0x1f, 0xff, 0xff, 0xef, 0xfe, 0x00, 0x04, 0x03, 0xcf, 0xff, 0xff, 0xc0, 0xfd, 0x00,
  0x03, 0x0f, 0xff, 0xff, 0x8f, 0xfe, 0x00, 0x04, 0x03, 0xc1, 0xff, 0xff, 0xe0, 0xfd, 0x00, 0x03, 0x1f, 0xff, 0xf0, 0x0f, 0xfe, 0x00, 0x04, 0x03,
  0xc0, 0x0f, 0xff, 0xf0, 0xfd, 0x00, 0x0b, 0x3f, 0xff, 0x80, 0x07, 0x80, 0x2e, 0x60, 0x07, 0x80, 0x00, 0xff, 0xf0, 0xfd, 0x00, 0x0b, 0x3f, 0xf8,
  0x00, 0x07, 0x80, 0x7f, 0xf4, 0x07, 0x80, 0x00, 0x1f, 0xf0, 0xfd, 0x00, 0x0b, 0x3f, 0xc0, 0x00, 0x07, 0xc3, 0xff, 0xff, 0x8f, 0x80, 0x00, 0x03,
  0xf0, 0xfd, 0x00, 0x04, 0x1e, 0x00, 0x00, 0x03, 0xf3, 0xfe, 0xff, 0xfe, 0x00, 0x00, 0x40, 0xfa, 0x00, 0x00, 0x01, 0xfe, 0xff, 0x00, 0xfe, 0xf5,
  0x00, 0xfe, 0xff, 0x00, 0xfe, 0xf5, 0x00, 0x03, 0x7f, 0xff, 0xff, 0xf8, 0xf5, 0x00, 0x03, 0x0f, 0xf8, 0x3f, 0xe0, 0x81, 0x00, 0xe4, 0x00, 0x01,
  0x3f, 0xf0, 0xf4, 0x00, 0x03, 0x03, 0xff, 0xff, 0xc0, 0xf5, 0x00, 0x03, 0x1f, 0xff, 0xff, 0xf0, 0xf5, 0x00, 0x03, 0x3f, 0xff, 0xff, 0xf8, 0xf5,
  0x00, 0x03, 0x7f, 0xff, 0xff, 0xfc, 0xf5, 0x00, 0xfe, 0xff, 0x00, 0xfe, 0xf5, 0x00, 0xfe, 0xff, 0x00, 0xfe, 0xf5, 0x00, 0xfe, 0xff, 0x00, 0xfe,
  0xf5, 0x00, 0xfe, 0xff, 0x00, 0xfe, 0xf5, 0x00, 0xfe, 0xff, 0x00, 0xfc, 0xf5, 0x00, 0x03, 0x3f, 0xff, 0xff, 0xf8, 0xf5, 0x00, 0x03, 0x1f, 0xff,
  0xff, 0xe0, 0xf5, 0x00, 0x03, 0x07, 0xff, 0xff, 0x80, 0xf4, 0x00, 0x01, 0x0f, 0xc0, 0x8a, 0x00, 0x8a, 0x00, 0x01, 0x03, 0xc0, 0xf3, 0x00, 0x01,
  0x7f, 0xf8, 0xf4, 0x00, 0x02, 0x01, 0xff, 0xff, 0xf4, 0x00, 0x03, 0x07, 0xff, 0xff, 0x80, 0xf5, 0x00, 0x03, 0x0f, 0xff, 0xff, 0xe0, 0xf5, 0x00,
  0x03, 0x3f, 0xff, 0xff, 0xf0, 0xf5, 0x00, 0x03, 0x7f, 0xff, 0xff, 0xf8, 0xf5, 0x00, 0xfe, 0xff, 0x00, 0xfc, 0xf6, 0x00, 0x00, 0x01, 0xfe, 0xff,
  0x00, 0xfe, 0xf6, 0x00, 0x00, 0x01, 0xfd, 0xff, 0xf8, 0x00, 0x09, 0x3f, 0xfe, 0x03, 0xff, 0xf0, 0x0f, 0xff, 0x03, 0xff, 0xfe, 0xfc, 0x00, 0x0b,
  0x07, 0xff, 0xff, 0xc3, 0xff, 0x00, 0x01, 0xff, 0x8f, 0xff, 0xff, 0xe0, 0xfd, 0x00, 0x0b, 0x1f, 0xff, 0xff, 0xe7, 0xd8, 0x00, 0x00, 0x27, 0x9f,
  0xff, 0xff, 0xf0, 0xfd, 0x00, 0x07, 0x3f, 0xff, 0xff, 0xf7, 0x80, 0x00, 0x00, 0x07, 0xfe, 0xff, 0x00, 0xf0, 0xfd, 0x00, 0x00, 0x3f, 0xfe, 0xff,
  0x03, 0x80, 0x00, 0x00, 0x03, 0xfe, 0xff, 0x00, 0xf0, 0xfd, 0x00, 0x00, 0x3f, 0xfe, 0xff, 0xfe, 0x00, 0x00, 0x03, 0xfe, 0xff, 0x00, 0xf0, 0xfd,
  0x00, 0x03, 0x1f, 0xff, 0xff, 0xef, 0xfe, 0x00, 0x04, 0x03, 0xcf, 0xff, 0xff, 0xc0, 0xfd, 0x00, 0x03, 0x0f, 0xff, 0xff, 0x8f, 0xfe, 0x00, 0x04,
  0x03, 0xc1, 0xff, 0xff, 0xe0, 0xfd, 0x00, 0x03, 0x1f, 0xff, 0xf0, 0x0f, 0xfe, 0x00, 0x04, 0x03, 0xc0, 0x0f, 0xff, 0xf0, 0xfd, 0x00, 0x0b, 0x3f,
  0xff, 0x80, 0x07, 0x80, 0x3f, 0xe0, 0x07, 0x80, 0x00, 0xff, 0xf0, 0xfd, 0x00, 0x0b, 0x3f, 0xf8, 0x00, 0x07, 0x80, 0x7f, 0xfc, 0x07, 0x80, 0x00,
  0x1f, 0xf0, 0xfd, 0x00, 0x0b, 0x3f, 0xc0, 0x00, 0x07, 0xc3, 0xff, 0xff, 0x8f, 0x80, 0x00, 0x03, 0xf0, 0xfd, 0x00, 0x04, 0x1e, 0x00, 0x00, 0x03,
  0xf3, 0xfe, 0xff, 0xfe, 0x00, 0x00, 0x60, 0xfa, 0x00, 0x00, 0x03, 0xfe, 0xff, 0x00, 0xfe, 0xf5, 0x00, 0xfe, 0xff, 0x00, 0xfe, 0xf5, 0x00, 0x03,
  0x7f, 0xff, 0xff, 0xf8, 0xf5, 0x00, 0x03, 0x0f, 0xf8, 0x3f, 0xe0, 0x81, 0x00, 0xe4, 0x00, 0x01, 0x3f, 0xf8, 0xf4, 0x00, 0x03, 0x03, 0xff, 0xff,
  0xc0, 0xf5, 0x00, 0x03, 0x1f, 0xff, 0xff, 0xf0, 0xf5, 0x00, 0x03, 0x3f, 0xff, 0xff, 0xf8, 0xf5, 0x00, 0x03, 0x7f, 0xff, 0xff, 0xfc, 0xf5, 0x00,
  0xfe, 0xff, 0x00, 0xfe, 0xf5, 0x00, 0xfe, 0xff, 0x00, 0xfe, 0xf5, 0x00, 0xfe, 0xff, 0x00, 0xfe, 0xf5, 0x00, 0xfe, 0xff, 0x00, 0xfe, 0xf5, 0x00,
  0xfe, 0xff, 0x00, 0xfc, 0xf5, 0x00, 0x03, 0x3f, 0xff, 0xff, 0xf8, 0xf5, 0x00, 0x03, 0x1f, 0xff, 0xff, 0xe0, 0xf5, 0x00, 0x03, 0x07, 0xff, 0xff,
  0x80, 0xf4, 0x00, 0x01, 0x0f, 0xc0, 0x8a, 0x00, 0xda, 0x00, 0x01, 0x1f, 0xf0, 0xf3, 0x00, 0x01, 0x7f, 0xfc, 0xf4, 0x00, 0x02, 0x01, 0xff, 0xfe,
  0xf4, 0x00, 0x03, 0x03, 0xff, 0xff, 0x80, 0xf5, 0x00, 0x03, 0x07, 0xff, 0xff, 0xc0, 0xf5, 0x00, 0x03, 0x0f, 0xff, 0xff, 0xe0, 0xf5, 0x00, 0x03,
  0x1f, 0xff, 0xff, 0xe0, 0xf5, 0x00, 0x03, 0x3f, 0xff, 0xff, 0xf0, 0xf5, 0x00, 0x03, 0x7f, 0xff, 0xff, 0xf8, 0xf8, 0x00, 0x09, 0x01, 0xff, 0x80,
  0x7f, 0xff, 0xff, 0xfc, 0x0f, 0xff, 0x80, 0xfb, 0x00, 0x09, 0x1f, 0xff, 0xf0, 0xff, 0xfe, 0xff, 0xfc, 0x3f, 0xff, 0xf0, 0xfb, 0x00, 0x09, 0xff,
  0xff, 0xfc, 0xff, 0xc0, 0x07, 0xfe, 0xff, 0xff, 0xfe, 0xfc, 0x00, 0x07, 0x01, 0xff, 0xff, 0xfd, 0xfe, 0x00, 0x00, 0xfe, 0xfe, 0xff, 0xfc, 0x00,
  0x07, 0x03, 0xff, 0xff, 0xfd, 0xe0, 0x00, 0x00, 0x1f, 0xfe, 0xff, 0x00, 0x80, 0xfd, 0x00, 0x0b, 0x07, 0xff, 0xff, 0xf9, 0xe0, 0x00, 0x00, 0x0f,
  0x7f, 0xff, 0xff, 0x80, 0xfd, 0x00, 0x0b, 0x0f, 0xff, 0xff, 0xe1, 0xc0, 0x00, 0x00, 0x0f, 0x07, 0xff, 0xff, 0xc0, 0xfd, 0x00, 0x0b, 0x07, 0xff,
  0xff, 0x83, 0xc0, 0x00, 0x00, 0x0f, 0x00, 0x7f, 0xff, 0xc0, 0xfd, 0x00, 0x0b, 0x07, 0xff, 0xf8, 0x03, 0xc0, 0x00, 0x00, 0x0f, 0x00, 0x1f, 0xff,
  0x80, 0xfd, 0x00, 0x0a, 0x03, 0xff, 0xc0, 0x03, 0xc0, 0x00, 0x00, 0x0f, 0x00, 0x03, 0xff, 0xfc, 0x00, 0x0b, 0x03, 0xfe, 0x00, 0x03, 0xc0, 0x00,
  0x00, 0x0f, 0x00, 0x01, 0xff, 0x80, 0xfd, 0x00, 0x0b, 0x07, 0xfc, 0x00, 0x03, 0xc0, 0x00, 0x00, 0x0f, 0x00, 0x00, 0x7f, 0x80, 0xfd, 0x00, 0x0b,
  0x07, 0xf8, 0x00, 0x03, 0xc0, 0x00, 0x00, 0x0f, 0x00, 0x00, 0x3f, 0xc0, 0xfd, 0x00, 0x0b, 0x0f, 0xe0, 0x00, 0x03, 0xc0, 0x2f, 0xf0, 0x0f, 0x00,
  0x00, 0x0f, 0xc0, 0xfd, 0x00, 0x0b, 0x0f, 0xc0, 0x00, 0x01, 0xe0, 0x7f, 0xfe, 0x1e, 0x00, 0x00, 0x07, 0xc0, 0xfd, 0x00, 0x0b, 0x07, 0x80, 0x00,
  0x01, 0xf3, 0xff, 0xff, 0x3e, 0x00, 0x00, 0x03, 0x80, 0xfd, 0x00, 0x00, 0x03, 0xfe, 0x00, 0xfe, 0xff, 0x00, 0xfc, 0xf5, 0x00, 0xfe, 0xff, 0x00,
  0xfc, 0xf5, 0x00, 0x03, 0x3f, 0xff, 0xff, 0xf8, 0xf5, 0x00, 0x03, 0x1f, 0xff, 0xff, 0xe0, 0xf5, 0x00, 0x02, 0x07, 0x80, 0x07, 0x81, 0x00, 0xc3,
  0x00, 0x01, 0x3f, 0xf0, 0xf4, 0x00, 0x03, 0x03, 0xff, 0xff, 0xc0, 0xf5, 0x00, 0x03, 0x1f, 0xff, 0xff, 0xf0, 0xf5, 0x00, 0x03, 0x3f, 0xff, 0xff,
  0xf8, 0xf5, 0x00, 0x03, 0x7f, 0xff, 0xff, 0xfc, 0xf5, 0x00, 0xfe, 0xff, 0x00, 0xfe, 0xf5, 0x00, 0xfe, 0xff, 0x00, 0xfe, 0xf5, 0x00, 0xfe, 0xff,
  0x00, 0xfe, 0xf5, 0x00, 0xfe, 0xff, 0x00, 0xfe, 0xf5, 0x00, 0xfe, 0xff, 0x00, 0xfc, 0xf5, 0x00, 0x03, 0x3f, 0xff, 0xff, 0xf8, 0xf5, 0x00, 0x03,
  0x1f, 0xff, 0xff, 0xe0, 0xf5, 0x00, 0x03, 0x07, 0xff, 0xff, 0x80, 0xf4, 0x00, 0x00, 0x07, 0x89, 0x00, 0xfa, 0x00, 0x01, 0x07, 0x80, 0xf3, 0x00,
  0x01, 0x3f, 0xf0, 0xf3, 0x00, 0x01, 0x7f, 0xfc, 0xf4, 0x00, 0x02, 0x01, 0xff, 0xfe, 0xf4, 0x00, 0x02, 0x03, 0xff, 0xff, 0xf4, 0x00, 0x03, 0x07,
  0xff, 0xff, 0xc0, 0xf5, 0x00, 0x03, 0x0f, 0xff, 0xff, 0xc0, 0xf5, 0x00, 0x03, 0x1f, 0xff, 0xff, 0xe0, 0xf5, 0x00, 0x03, 0x3f, 0xff, 0xff, 0xf0,
  0xf5, 0x00, 0x03, 0x3f, 0xff, 0xff, 0xf8, 0xf7, 0x00, 0x08, 0x7f, 0xc0, 0x7f, 0xff, 0xff, 0xf8, 0x1f, 0xff, 0x80, 0xfb, 0x00, 0x09, 0x0f, 0xff,
  0xf8, 0x7f, 0xff, 0xff, 0xfc, 0xff, 0xff, 0xf0, 0xfb, 0x00, 0x09, 0x3f, 0xff, 0xfe, 0xff, 0xc0, 0x0f, 0xfd, 0xff, 0xff, 0xfc, 0xfb, 0x00, 0xfd,
  0xff, 0x01, 0x00, 0x03, 0xfe, 0xff, 0x00, 0xfe, 0xfc, 0x00, 0x00, 0x01, 0xfe, 0xff, 0x03, 0xec, 0x00, 0x00, 0x5f, 0xfe, 0xff, 0xfc, 0x00, 0x07,
  0x03, 0xff, 0xff, 0xfd, 0xe0, 0x00, 0x00, 0x1e, 0xfe, 0xff, 0xfc, 0x00, 0x0b, 0x07, 0xff, 0xff, 0xf9, 0xe0, 0x00, 0x00, 0x0f, 0x3f, 0xff, 0xff,
  0x80, 0xfd, 0x00, 0x0b, 0x07, 0xff, 0xff, 0xc1, 0xe0, 0x00, 0x00, 0x0f, 0x03, 0xff, 0xff, 0xc0, 0xfd, 0x00, 0x0b, 0x07, 0xff, 0xfe, 0x01, 0xe0,
  0x00, 0x00, 0x0f, 0x00, 0x3f, 0xf9, 0x80, 0xfd, 0x00, 0x0a, 0x03, 0xff, 0xf0, 0x03, 0xc0, 0x00, 0x00, 0x0f, 0x00, 0x0f, 0xfc, 0xfc, 0x00, 0x0a,
  0x01, 0xff, 0x80, 0x03, 0xc0, 0x00, 0x00, 0x0f, 0x00, 0x03, 0xfe, 0xfc, 0x00, 0x0a, 0x03, 0xfe, 0x00, 0x03, 0xe0, 0x00, 0x00, 0x0f, 0x00, 0x01,
  0xff, 0xfc, 0x00, 0x0b, 0x03, 0xfc, 0x00, 0x03, 0xe0, 0x00, 0x00, 0x0f, 0x00, 0x00, 0x7f, 0x80, 0xfd, 0x00, 0x0b, 0x07, 0xf8, 0x00, 0x01, 0xe0,
  0x27, 0x80, 0x1f, 0x00, 0x00, 0x3f, 0x80, 0xfd, 0x00, 0x0b, 0x07, 0xf0, 0x00, 0x01, 0xe0, 0x3f, 0xf8, 0x1e, 0x00, 0x00, 0x1f, 0x80, 0xfd, 0x00,
  0x0b, 0x07, 0xe0, 0x00, 0x01, 0xf0, 0xff, 0xfe, 0x3e, 0x00, 0x00, 0x07, 0x80, 0xfd, 0x00, 0x0b, 0x07, 0xc0, 0x00, 0x00, 0xfb, 0xff, 0xff, 0x7e,
  0x00, 0x00, 0x03, 0x80, 0xfd, 0x00, 0x00, 0x01, 0xfe, 0x00, 0xfe, 0xff, 0x00, 0xfc, 0xf5, 0x00, 0x03, 0x7f, 0xff, 0xff, 0xf8, 0xf5, 0x00, 0x03,
  0x3f, 0xff, 0xff, 0xf0, 0xf5, 0x00, 0x03, 0x0f, 0xff, 0xff, 0xe0, 0xf5, 0x00, 0x00, 0x02, 0x81, 0x00, 0xc1, 0x00, 0x01, 0x3f, 0xf8, 0xf4, 0x00,
  0x03, 0x03, 0xff, 0xff, 0xc0, 0xf5, 0x00, 0x03, 0x1f, 0xff, 0xff, 0xf0, 0xf5, 0x00, 0x03, 0x3f, 0xff, 0xff, 0xf8, 0xf5, 0x00, 0x03, 0x7f, 0xff,
  0xff, 0xfc, 0xf5, 0x00, 0xfe, 0xff, 0x00, 0xfe, 0xf5, 0x00, 0xfe, 0xff, 0x00, 0xfe, 0xf5, 0x00, 0xfe, 0xff, 0x00, 0xfe, 0xf5, 0x00, 0xfe, 0xff,
  0x00, 0xfe, 0xf5, 0x00, 0xfe, 0xff, 0x00, 0xfc, 0xf5, 0x00, 0x03, 0x3f, 0xff, 0xff, 0xf8, 0xf5, 0x00, 0x03, 0x1f, 0xff, 0xff, 0xe0, 0xf5, 0x00,
  0x03, 0x07, 0xff, 0xff, 0x80, 0x81, 0x00, 0xfb, 0x00, 0xfa, 0x00, 0x01, 0x07, 0xc0, 0xf3, 0x00, 0x01, 0x3f, 0xf8, 0xf3, 0x00, 0x01, 0xff, 0xfc,
  0xf4, 0x00, 0x02, 0x01, 0xff, 0xfe, 0xf4, 0x00, 0x03, 0x07, 0xff, 0xff, 0x80, 0xf5, 0x00, 0x03, 0x0f, 0xff, 0xff, 0xc0, 0xf5, 0x00, 0x03, 0x1f,
  0xff, 0xff, 0xe0, 0xf5, 0x00, 0x03, 0x1f, 0xff, 0xff, 0xf0, 0xf5, 0x00, 0x03, 0x3f, 0xff, 0xff, 0xf0, 0xf5, 0x00, 0x05, 0x7f, 0xff, 0xff, 0xf8,
  0x03, 0xfc, 0xfa, 0x00, 0x09, 0x03, 0xff, 0xf0, 0x7f, 0xfd, 0xff, 0xfc, 0x3f, 0xff, 0xc0, 0xfb, 0x00, 0x09, 0x1f, 0xff, 0xfc, 0xff, 0xe0, 0x0f,
  0xfc, 0xff, 0xff, 0xf0, 0xfb, 0x00, 0x05, 0x7f, 0xff, 0xfe, 0xff, 0x00, 0x03, 0xfe, 0xff, 0x00, 0xfc, 0xfb, 0x00, 0xfe, 0xff, 0x06, 0xfe, 0x00,
  0x00, 0x7f, 0xff, 0xff, 0xfe, 0xfc, 0x00, 0x00, 0x03, 0xfe, 0xff, 0x03, 0xe0, 0x00, 0x00, 0x1f, 0xfe, 0xff, 0xfc, 0x00, 0x0a, 0x03, 0xff, 0xff,
  0xfd, 0xe0, 0x00, 0x00, 0x1e, 0x7f, 0xff, 0xff, 0xfc, 0x00, 0x0a, 0x03, 0xff, 0xff, 0xe1, 0xe0, 0x00, 0x00, 0x1f, 0x07, 0xff, 0xff, 0xfc, 0x00,
  0x0a, 0x03, 0xdf, 0xff, 0x01, 0xe0, 0x00, 0x00, 0x0f, 0x00, 0xff, 0xf7, 0xfc, 0x00, 0x0a, 0x01, 0x3f, 0xf8, 0x01, 0xe0, 0x00, 0x00, 0x0f, 0x00,
  0x3f, 0xf8, 0xfb, 0x00, 0x09, 0x7f, 0xf0, 0x01, 0xe0, 0x00, 0x00, 0x0f, 0x00, 0x0f, 0xfc, 0xfb, 0x00, 0x09, 0xff, 0x80, 0x01, 0xe0, 0x00, 0x00,
  0x0e, 0x00, 0x03, 0xfe, 0xfc, 0x00, 0x0a, 0x01, 0xff, 0x00, 0x01, 0xe0, 0x00, 0x00, 0x0e, 0x00, 0x01, 0xff, 0xfc, 0x00, 0x0a, 0x03, 0xfc, 0x00,
  0x01, 0xe0, 0x02, 0x00, 0x1e, 0x00, 0x00, 0x7f, 0xfc, 0x00, 0x0b, 0x03, 0xf8, 0x00, 0x01, 0xe0, 0x27, 0xe0, 0x1e, 0x00, 0x00, 0x3f, 0x80, 0xfd,
  0x00, 0x0b, 0x03, 0xf0, 0x00, 0x00, 0xe0, 0xbf, 0xf8, 0x3e, 0x00, 0x00, 0x1f, 0x80, 0xfd, 0x00, 0x0a, 0x03, 0xe0, 0x00, 0x00, 0xf1, 0xff, 0xfe,
  0x3c, 0x00, 0x00, 0x07, 0xfc, 0x00, 0x03, 0x03, 0xc0, 0x00, 0x00, 0xfe, 0xff, 0x03, 0xfc, 0x00, 0x00, 0x02, 0xf8, 0x00, 0x03, 0x7f, 0xff, 0xff,
  0xf8, 0xf5, 0x00, 0x03, 0x3f, 0xff, 0xff, 0xf8, 0xf5, 0x00, 0x03, 0x1f, 0xff, 0xff, 0xe0, 0xf5, 0x00, 0x03, 0x07, 0xe0, 0x3f, 0xc0, 0x81, 0x00,
  0xb4, 0x00, 0x01, 0x3f, 0xf8, 0xf4, 0x00, 0x03, 0x03, 0xff, 0xff, 0xc0, 0xf5, 0x00, 0x03, 0x1f, 0xff, 0xff, 0xf0, 0xf5, 0x00, 0x03, 0x3f, 0xff,
  0xff, 0xf8, 0xf5, 0x00, 0x03, 0x7f, 0xff, 0xff, 0xfc, 0xf5, 0x00, 0xfe, 0xff, 0x00, 0xfe, 0xf5, 0x00, 0xfe, 0xff, 0x00, 0xfe, 0xf5, 0x00, 0xfe,
  0xff, 0x00, 0xfe, 0xf5, 0x00, 0xfe, 0xff, 0x00, 0xfe, 0xf5, 0x00, 0xfe, 0xff, 0x00, 0xfc, 0xf5, 0x00, 0x03, 0x3f, 0xff, 0xff, 0xf8, 0xf5, 0x00,
  0x03, 0x1f, 0xff, 0xff, 0xe0, 0xf5, 0x00, 0x03, 0x07, 0xff, 0xff, 0x80, 0x81, 0x00, 0xfb, 0x00, 0xfa, 0x00, 0x01, 0x07, 0xc0, 0xf3, 0x00, 0x01,
  0x3f, 0xf8, 0xf3, 0x00, 0x01, 0xff, 0xfc, 0xf4, 0x00, 0x02, 0x01, 0xff, 0xfe, 0xf4, 0x00, 0x03, 0x07, 0xff, 0xff, 0x80, 0xf5, 0x00, 0x03, 0x0f,
  0xff, 0xff, 0xc0, 0xf5, 0x00, 0x03, 0x1f, 0xff, 0xff, 0xe0, 0xf5, 0x00, 0x03, 0x1f, 0xff, 0xff, 0xe0, 0xf5, 0x00, 0x03, 0x3f, 0xff, 0xff, 0xf0,
  0xf5, 0x00, 0x05, 0x7f, 0xff, 0xff, 0xf8, 0x00, 0xf8, 0xfa, 0x00, 0x09, 0x03, 0xff, 0xe0, 0x7f, 0xfc, 0xff, 0xf8, 0x3f, 0xff, 0x80, 0xfb, 0x00,
  0x09, 0x0f, 0xff, 0xfc, 0x7f, 0xe0, 0x0f, 0xfc, 0xff, 0xff, 0xf0, 0xfb, 0x00, 0x09, 0x7f, 0xff, 0xfe, 0xff, 0x00, 0x03, 0xfd, 0xff, 0xff, 0xfc,
  0xfb, 0x00, 0xfe, 0xff, 0x06, 0xfc, 0x00, 0x00, 0x3f, 0xff, 0xff, 0xfe, 0xfc, 0x00, 0x00, 0x01, 0xfe, 0xff, 0x03, 0xe0, 0x00, 0x00, 0x1f, 0xfe,
  0xff, 0xfc, 0x00, 0x0a, 0x03, 0xff, 0xff, 0xfd, 0xe0, 0x00, 0x00, 0x1e, 0x7f, 0xff, 0xff, 0xfc, 0x00, 0x0a, 0x03, 0xff, 0xff, 0xe1, 0xe0, 0x00,
  0x00, 0x1e, 0x07, 0xff, 0xef, 0xfc, 0x00, 0x0a, 0x03, 0xdf, 0xff, 0x01, 0xe0, 0x00, 0x00, 0x0e, 0x00, 0xff, 0xf7, 0xfc, 0x00, 0x0a, 0x01, 0x3f,
  0xf8, 0x01, 0xe0, 0x00, 0x00, 0x0f, 0x00, 0x3f, 0xf8, 0xfb, 0x00, 0x09, 0x7f, 0xf0, 0x01, 0xe0, 0x00, 0x00, 0x0f, 0x00, 0x0f, 0xfc, 0xfb, 0x00,
  0x09, 0xff, 0x80, 0x01, 0xe0, 0x00, 0x00, 0x0e, 0x00, 0x03, 0xfe, 0xfc, 0x00, 0x0a, 0x01, 0xff, 0x00, 0x01, 0xe0, 0x00, 0x00, 0x0e, 0x00, 0x01,
  0xff, 0xfc, 0x00, 0x0a, 0x03, 0xfc, 0x00, 0x01, 0xe0, 0x02, 0x00, 0x1e, 0x00, 0x00, 0x7f, 0xfc, 0x00, 0x0b, 0x03, 0xf8, 0x00, 0x01, 0xe0, 0x27,
  0xe0, 0x1e, 0x00, 0x00, 0x3f, 0x80, 0xfd, 0x00, 0x0b, 0x03, 0xf0, 0x00, 0x00, 0xe0, 0xbf, 0xf8, 0x3e, 0x00, 0x00, 0x1f, 0x80, 0xfd, 0x00, 0x0a,
  0x03, 0xe0, 0x00, 0x00, 0xf1, 0xff, 0xfe, 0x3c, 0x00, 0x00, 0x07, 0xfc, 0x00, 0x03, 0x03, 0xc0, 0x00, 0x00, 0xfe, 0xff, 0x03, 0xfc, 0x00, 0x00,
  0x03, 0xf8, 0x00, 0x03, 0x7f, 0xff, 0xff, 0xf8, 0xf5, 0x00, 0x03, 0x3f, 0xff, 0xff, 0xf8, 0xf5, 0x00, 0x03, 0x1f, 0xff, 0xff, 0xe0, 0xf5, 0x00,
  0x03, 0x07, 0xe0, 0x3f, 0xc0, 0x81, 0x00, 0xb4, 0x00, 0x01, 0x3f, 0xf8, 0xf4, 0x00, 0x03, 0x03, 0xff, 0xff, 0xc0, 0xf5, 0x00, 0x03, 0x1f, 0xff,
  0xff, 0xf0, 0xf5, 0x00, 0x03, 0x3f, 0xff, 0xff, 0xf8, 0xf5, 0x00, 0x03, 0x7f, 0xff, 0xff, 0xfc, 0xf5, 0x00, 0xfe, 0xff, 0x00, 0xfe, 0xf5, 0x00,
  0xfe, 0xff, 0x00, 0xfe, 0xf5, 0x00, 0xfe, 0xff, 0x00, 0xfe, 0xf5, 0x00, 0xfe, 0xff, 0x00, 0xfe, 0xf5, 0x00, 0xfe, 0xff, 0x00, 0xfc, 0xf5, 0x00,
  0x03, 0x3f, 0xff, 0xff, 0xf8, 0xf5, 0x00, 0x03, 0x1f, 0xff, 0xff, 0xe0, 0xf5, 0x00, 0x03, 0x07, 0xff, 0xff, 0x80, 0x81, 0x00, 0xfb, 0x00, 0xfa,
  0x00, 0x01, 0x07, 0x80, 0xf3, 0x00, 0x01, 0x3f, 0xf8, 0xf3, 0x00, 0x01, 0x7f, 0xfc, 0xf4, 0x00, 0x02, 0x01, 0xff, 0xfe, 0xf4, 0x00, 0x02, 0x03,
  0xff, 0xff, 0xf4, 0x00, 0x03, 0x07, 0xff, 0xff, 0xc0, 0xf5, 0x00, 0x03, 0x0f, 0xff, 0xff, 0xe0, 0xf5, 0x00, 0x03, 0x1f, 0xff, 0xff, 0xe0, 0xf5,
  0x00, 0x03, 0x3f, 0xff, 0xff, 0xf0, 0xf5, 0x00, 0x05, 0x7f, 0xff, 0xff, 0xf8, 0x00, 0x60, 0xfa, 0x00, 0x09, 0x01, 0xff, 0xe0, 0x7f, 0xff, 0xff,
  0xf8, 0x1f, 0xff, 0x80, 0xfb, 0x00, 0x09, 0x0f, 0xff, 0xfc, 0x7f, 0xff, 0xff, 0xfc, 0xff, 0xff, 0xf0, 0xfb, 0x00, 0x02, 0x3f, 0xff, 0xfe, 0xfe,
  0xff, 0x03, 0xfd, 0xff, 0xff, 0xfc, 0xfb, 0x00, 0xf8, 0xff, 0x00, 0xfe, 0xfc, 0x00, 0x00, 0x01, 0xf7, 0xff, 0xfc, 0x00, 0x00, 0x03, 0xfb, 0xff,
  0x00, 0xfe, 0xfe, 0xff, 0xfc, 0x00, 0x03, 0x03, 0xff, 0xff, 0xfd, 0xfe, 0xff, 0x00, 0xfe, 0xfe, 0xff, 0xfc, 0x00, 0x00, 0x03, 0xf7, 0xff, 0x00,
  0x80, 0xfd, 0x00, 0x00, 0x03, 0xf7, 0xff, 0x00, 0x80, 0xfd, 0x00, 0x00, 0x07, 0xf7, 0xff, 0x00, 0x80, 0xfd, 0x00, 0x00, 0x07, 0xf7, 0xff, 0x00,
  0x80, 0xfd, 0x00, 0x00, 0x03, 0xfe, 0xff, 0x03, 0xef, 0xc0, 0x0f, 0xcf, 0xfe, 0xff, 0xfc, 0x00, 0x00, 0x03, 0xfe, 0xff, 0x03, 0xe7, 0x00, 0x01,
  0x8f, 0xfe, 0xff, 0x00, 0x80, 0xfd, 0x00, 0x00, 0x07, 0xfe, 0xff, 0x03, 0xe0, 0x02, 0x00, 0x1f, 0xfe, 0xff, 0x00, 0xc0, 0xfd, 0x00, 0x00, 0x0f,
  0xfe, 0xff, 0x03, 0xe0, 0x2b, 0xe8, 0x1f, 0xfe, 0xff, 0x00, 0xe0, 0xfd, 0x00, 0x00, 0x0f, 0xfe, 0xff, 0x03, 0xf0, 0x6f, 0xfe, 0x3f, 0xfe, 0xff,
  0x00, 0xc0, 0xfd, 0x00, 0x0b, 0x0f, 0xc0, 0x07, 0xff, 0xfb, 0xff, 0xff, 0x7f, 0xff, 0x80, 0x07, 0xc0, 0xfd, 0x00, 0x02, 0x01, 0x80, 0x01, 0xfb,
  0xff, 0x02, 0x01, 0xff, 0xc0, 0xfd, 0x00, 0x00, 0x07, 0xfe, 0xff, 0x03, 0xbf, 0xff, 0xff, 0xfb, 0xfe, 0xff, 0x00, 0xe0, 0xfd, 0x00, 0x00, 0x1f,
  0xfe, 0xff, 0x03, 0x9f, 0xff, 0xff, 0xe3, 0xfe, 0xff, 0x00, 0xe0, 0xfd, 0x00, 0x00, 0x1f, 0xfe, 0xff, 0x03, 0x87, 0xe0, 0x3f, 0xc3, 0xfe, 0xff,
  0x00, 0xe0, 0xfd, 0x00, 0x00, 0x0f, 0xfe, 0xff, 0x03, 0x80, 0x00, 0x00, 0x03, 0xfe, 0xff, 0x00, 0xc0, 0xfd, 0x00, 0x00, 0x01, 0xfe, 0xff, 0xfe,
  0x00, 0x04, 0x03, 0xff, 0xff, 0xfc, 0x60, 0xfd, 0x00, 0x03, 0x1c, 0x0f, 0xff, 0xff, 0xfe, 0x00, 0x04, 0x01, 0xff, 0xf0, 0x03, 0xf0, 0xfd, 0x00,
  0x03, 0x1f, 0xc0, 0x07, 0xff, 0xfe, 0x00, 0x04, 0x01, 0xfe, 0x00, 0x3f, 0xf0, 0xfd, 0x00, 0x03, 0x1f, 0xf8, 0x00, 0xff, 0xfe, 0x00, 0x04, 0x01,
  0xff, 0x83, 0xff, 0xe0, 0xfd, 0x00, 0x00, 0x0f, 0xfe, 0xff, 0xfe, 0x00, 0x00, 0x01, 0xfe, 0xff, 0x00, 0xc0, 0xfd, 0x00, 0x00, 0x07, 0xfe, 0xff,
  0x06, 0x00, 0x02, 0x00, 0x01, 0xbf, 0xff, 0xff, 0xfc, 0x00, 0x00, 0x01, 0xfe, 0xff, 0xfe, 0x00, 0x04, 0x01, 0xbf, 0xff, 0xfc, 0x60, 0xfd, 0x00,
  0x03, 0x0c, 0x7f, 0xff, 0xfb, 0xfe, 0x00, 0x04, 0x01, 0xff, 0xff, 0xe3, 0xf0, 0xfd, 0x00, 0x03, 0x1f, 0xc7, 0xff, 0xfb, 0xfe, 0x00, 0x04, 0x01,
  0xbf, 0xfc, 0x1f, 0xf0, 0xfd, 0x00, 0x0b, 0x1f, 0xfe, 0x07, 0xfb, 0x01, 0x7f, 0xff, 0x01, 0xbf, 0x81, 0xff, 0xe0, 0xfd, 0x00, 0x0b, 0x0f, 0xff,
  0xff, 0xfb, 0x07, 0xff, 0xff, 0xe1, 0xbf, 0xff, 0xff, 0x80, 0xfd, 0x00, 0x0a, 0x07, 0xff, 0xff, 0xfb, 0x1f, 0xff, 0xff, 0xf1, 0xbf, 0xff, 0xfe,
  0xfb, 0x00, 0x09, 0xff, 0xff, 0xf3, 0x3f, 0xff, 0xff, 0xf9, 0x9f, 0xff, 0xf8, 0xfb, 0x00, 0x02, 0x1f, 0xff, 0xe3, 0xfd, 0xff, 0x02, 0x87, 0xff,
  0x80, 0xfb, 0x00, 0x02, 0x01, 0xff, 0x83, 0xfd, 0xff, 0x01, 0x80, 0x78, 0xf8, 0x00, 0x00, 0x03, 0xfd, 0xff, 0x00, 0x80, 0xf7, 0x00, 0x00, 0x03,
  0xfd, 0xff, 0xf5, 0x00, 0xfe, 0xff, 0x00, 0xfe, 0xf5, 0x00, 0xfe, 0xff, 0x00, 0xfe, 0xf5, 0x00, 0xfe, 0xff, 0x00, 0xfe, 0xf5, 0x00, 0x03, 0x7f,
  0xff, 0xff, 0xfc, 0xf5, 0x00, 0x03, 0x3f, 0xff, 0xff, 0xf8, 0xf5, 0x00, 0x03, 0x0f, 0xff, 0xff, 0xe0, 0xf5, 0x00, 0x02, 0x03, 0xff, 0xff, 0x81,
  0x00, 0xfa, 0x00, 0x81, 0x00, 0x81, 0x00, 0x81, 0x00, 0x81, 0x00, 0xdf, 0x00, 0x00, 0x04, 0xf8, 0x00, 0x01, 0x01, 0xc0, 0xfd, 0x00, 0x00, 0x0f,
  0xf8, 0x00, 0x01, 0x07, 0xe0, 0xfd, 0x00, 0x01, 0x0f, 0xc0, 0xf9, 0x00, 0x01, 0x0f, 0xe0, 0xfd, 0x00, 0x01, 0x0f, 0xf0, 0xf9, 0x00, 0x01, 0x3f,
  0xe0, 0xfd, 0x00, 0x01, 0x0f, 0xf8, 0xf9, 0x00, 0x01, 0xff, 0xe0, 0xfd, 0x00, 0x01, 0x0f, 0xfe, 0xfa, 0x00, 0x02, 0x01, 0xff, 0xc0, 0xfd, 0x00,
  0x02, 0x07, 0xff, 0x80, 0xfb, 0x00, 0x02, 0x0f, 0xff, 0xc0, 0xfd, 0x00, 0x02, 0x1f, 0xff, 0xe0, 0xfb, 0x00, 0x02, 0x3f, 0xff, 0xf0, 0xfd, 0x00,
  0x02, 0x1f, 0xff, 0xf8, 0xfb, 0x00, 0x02, 0xff, 0xff, 0xf0, 0xfd, 0x00, 0x02, 0x3f, 0xff, 0xff, 0xfc, 0x00, 0x03, 0x03, 0xff, 0xff, 0xf0, 0xfd,
  0x00, 0x03, 0x3f, 0xff, 0xff, 0xf0, 0xfd, 0x00, 0x03, 0x1f, 0xff, 0xff, 0xf0, 0xfd, 0x00, 0x03, 0x1f, 0xff, 0xff, 0xfc, 0xfd, 0x00, 0x03, 0x7f,
  0xff, 0xff, 0xe0, 0xfd, 0x00, 0x03, 0x0f, 0xff, 0xff, 0xfc, 0xfd, 0x00, 0x03, 0x7f, 0xff, 0xff, 0x80, 0xfd, 0x00, 0x03, 0x03, 0xff, 0xff, 0xfc,
  0xfd, 0x00, 0x02, 0x7f, 0xff, 0xfe, 0xfb, 0x00, 0x02, 0x3f, 0xff, 0xf8, 0xfd, 0x00, 0x02, 0x1f, 0xff, 0xc0, 0xfb, 0x00, 0x02, 0x01, 0xff, 0xfe,
  0xfe, 0x00, 0x01, 0x03, 0xe0, 0xf7, 0x00, 0x05, 0x1f, 0xff, 0x40, 0x0f, 0xff, 0xf0, 0xf7, 0x00, 0x00, 0x1f, 0xfd, 0xff, 0x00, 0xf0, 0xf7, 0x00,
  0x00, 0x1f, 0xfd, 0xff, 0x00, 0xe0, 0xf7, 0x00, 0x00, 0x07, 0xfd, 0xff, 0xf5, 0x00, 0x03, 0x3f, 0xff, 0xff, 0xc0, 0x81, 0x00, 0xeb, 0x00, 0x81,
  0x00, 0x81, 0x00, 0x81, 0x00, 0x81, 0x00, 0xf5, 0x00, 0x00, 0x01, 0xfc, 0x00, 0x01, 0x03, 0x80, 0xf9, 0x00, 0x01, 0x07, 0x80, 0xfd, 0x00, 0x01,
  0x07, 0xc0, 0xf9, 0x00, 0x01, 0x0f, 0xc0, 0xfd, 0x00, 0x01, 0x07, 0xe0, 0xf9, 0x00, 0x01, 0x3f, 0xc0, 0xfd, 0x00, 0x01, 0x07, 0xf8, 0xf9, 0x00,
  0x01, 0x7f, 0x80, 0xfd, 0x00, 0x01, 0x07, 0xfc, 0xf9, 0x00, 0x01, 0xff, 0x80, 0xfd, 0x00, 0x01, 0x03, 0xff, 0xfa, 0x00, 0x01, 0x03, 0xff, 0xfc,
  0x00, 0x02, 0x01, 0xff, 0x80, 0xfb, 0x00, 0x01, 0x07, 0xff, 0xfc, 0x00, 0x02, 0x04, 0xff, 0xe0, 0xfb, 0x00, 0x02, 0x1f, 0xff, 0xc0, 0xfd, 0x00,
  0x02, 0x0f, 0xff, 0xf8, 0xfb, 0x00, 0x02, 0xff, 0xff, 0xe0, 0xfd, 0x00, 0x02, 0x0f, 0xff, 0xfe, 0xfc, 0x00, 0x03, 0x03, 0xff, 0xff, 0xe0, 0xfd,
  0x00, 0x03, 0x0f, 0xff, 0xff, 0xc0, 0xfd, 0x00, 0x03, 0x1f, 0xff, 0xff, 0xe0, 0xfd, 0x00, 0x03, 0x0f, 0xff, 0xff, 0xf8, 0xfd, 0x00, 0x03, 0x3f,
  0xff, 0xff, 0xc0, 0xfd, 0x00, 0x03, 0x07, 0xff, 0xff, 0xfc, 0xfd, 0x00, 0x03, 0x7f, 0xff, 0xff, 0x80, 0xfd, 0x00, 0x03, 0x01, 0xff, 0xff, 0xfc,
  0xfd, 0x00, 0x02, 0x7f, 0xff, 0xfe, 0xfb, 0x00, 0x02, 0x7f, 0xff, 0xfc, 0xfd, 0x00, 0x02, 0x7f, 0xff, 0xf0, 0xfb, 0x00, 0x02, 0x0f, 0xff, 0xf8,
  0xfd, 0x00, 0x01, 0x1f, 0xfe, 0xf9, 0x00, 0x06, 0x7f, 0xc3, 0xf8, 0x00, 0x00, 0x7f, 0x80, 0xf7, 0x00, 0x00, 0x07, 0xfd, 0xff, 0x00, 0x80, 0xf7,
  0x00, 0x00, 0x03, 0xfd, 0xff, 0x00, 0x80, 0xf7, 0x00, 0x00, 0x01, 0xfd, 0xff, 0xf5, 0x00, 0xfe, 0xff, 0x00, 0xfc, 0xf5, 0x00, 0x03, 0x1f, 0xff,
  0xff, 0xc0, 0xf4, 0x00, 0x01, 0x0b, 0xc0, 0x81, 0x00, 0xfa, 0x00, 0x81, 0x00, 0x81, 0x00, 0x81, 0x00, 0x81, 0x00, 0xf5, 0x00, 0x00, 0x01, 0xfc,
  0x00, 0x01, 0x03, 0x80, 0xf9, 0x00, 0x01, 0x07, 0x80, 0xfd, 0x00, 0x01, 0x07, 0xc0, 0xf9, 0x00, 0x01, 0x0f, 0xc0, 0xfd, 0x00, 0x01, 0x07, 0xe0,
  0xf9, 0x00, 0x01, 0x3f, 0xc0, 0xfd, 0x00, 0x01, 0x07, 0xf8, 0xf9, 0x00, 0x01, 0x7f, 0xc0, 0xfd, 0x00, 0x01, 0x07, 0xfe, 0xfa, 0x00, 0x02, 0x01,
  0xff, 0x80, 0xfd, 0x00, 0x01, 0x03, 0xff, 0xfa, 0x00, 0x01, 0x03, 0xff, 0xfc, 0x00, 0x02, 0x01, 0xff, 0xc0, 0xfb, 0x00, 0x01, 0x07, 0xff, 0xfc,
  0x00, 0x02, 0x06, 0xff, 0xf0, 0xfb, 0x00, 0x02, 0x3f, 0xff, 0xc0, 0xfd, 0x00, 0x02, 0x0f, 0xff, 0xf8, 0xfb, 0x00, 0x02, 0xff, 0xff, 0xe0, 0xfd,
  0x00, 0x02, 0x0f, 0xff, 0xfe, 0xfc, 0x00, 0x03, 0x03, 0xff, 0xff, 0xe0, 0xfd, 0x00, 0x03, 0x0f, 0xff, 0xff, 0xc0, 0xfd, 0x00, 0x03, 0x1f, 0xff,
  0xff, 0xe0, 0xfd, 0x00, 0x03, 0x0f, 0xff, 0xff, 0xf8, 0xfd, 0x00, 0x03, 0x7f, 0xff, 0xff, 0xc0, 0xfd, 0x00, 0x03, 0x07, 0xff, 0xff, 0xfc, 0xfd,
  0x00, 0x03, 0x7f, 0xff, 0xff, 0x80, 0xfd, 0x00, 0x03, 0x01, 0xff, 0xff, 0xfc, 0xfd, 0x00, 0x02, 0x7f, 0xff, 0xfe, 0xfb, 0x00, 0x02, 0x7f, 0xff,
  0xfc, 0xfd, 0x00, 0x02, 0x7f, 0xff, 0xf8, 0xfb, 0x00, 0x02, 0x0f, 0xff, 0xf8, 0xfd, 0x00, 0x01, 0x1f, 0xfe, 0xf9, 0x00, 0x06, 0x7f, 0xc3, 0xf8,
  0x00, 0x00, 0x7f, 0x80, 0xf7, 0x00, 0x00, 0x03, 0xfd, 0xff, 0x00, 0x80, 0xf7, 0x00, 0x00, 0x03, 0xfd, 0xff, 0x00, 0x80, 0xf7, 0x00, 0x00, 0x01,
  0xfd, 0xff, 0xf5, 0x00, 0xfe, 0xff, 0x00, 0xfc, 0xf5, 0x00, 0x03, 0x1f, 0xff, 0xff, 0xc0, 0xf4, 0x00, 0x01, 0x5f, 0xf8, 0x81, 0x00, 0xfa, 0x00,
  0x81, 0x00, 0x81, 0x00, 0x81, 0x00, 0x81, 0x00, 0xf5, 0x00, 0x00, 0x01, 0xfc, 0x00, 0x01, 0x03, 0x80, 0xf9, 0x00, 0x01, 0x07, 0x80, 0xfd, 0x00,
  0x01, 0x07, 0xc0, 0xf9, 0x00, 0x01, 0x0f, 0xc0, 0xfd, 0x00, 0x01, 0x07, 0xe0, 0xf9, 0x00, 0x01, 0x3f, 0xc0, 0xfd, 0x00, 0x01, 0x07, 0xf8, 0xf9,
  0x00, 0x01, 0x7f, 0xc0, 0xfd, 0x00, 0x01, 0x07, 0xfe, 0xfa, 0x00, 0x02, 0x01, 0xff, 0x80, 0xfd, 0x00, 0x01, 0x03, 0xff, 0xfa, 0x00, 0x01, 0x03,
  0xff, 0xfc, 0x00, 0x02, 0x01, 0xff, 0xc0, 0xfb, 0x00, 0x01, 0x07, 0xff, 0xfc, 0x00, 0x02, 0x06, 0xff, 0xf0, 0xfb, 0x00, 0x02, 0x1f, 0xff, 0xc0,
  0xfd, 0x00, 0x02, 0x0f, 0xff, 0xf8, 0xfb, 0x00, 0x02, 0xff, 0xff, 0xe0, 0xfd, 0x00, 0x02, 0x0f, 0xff, 0xfe, 0xfc, 0x00, 0x03, 0x03, 0xff, 0xff,
  0xe0, 0xfd, 0x00, 0x03, 0x0f, 0xff, 0xff, 0xc0, 0xfd, 0x00, 0x03, 0x1f, 0xff, 0xff, 0xe0, 0xfd, 0x00, 0x03, 0x0f, 0xff, 0xff, 0xf8, 0xfd, 0x00,
  0x03, 0x7f, 0xff, 0xff, 0xc0, 0xfd, 0x00, 0x03, 0x07, 0xff, 0xff, 0xfc, 0xfd, 0x00, 0x03, 0x7f, 0xff, 0xff, 0x80, 0xfd, 0x00, 0x03, 0x01, 0xff,
  0xff, 0xfc, 0xfd, 0x00, 0x02, 0x7f, 0xff, 0xfe, 0xfb, 0x00, 0x02, 0x7f, 0xff, 0xfc, 0xfd, 0x00, 0x02, 0x7f, 0xff, 0xf8, 0xfb, 0x00, 0x02, 0x0f,
  0xff, 0xf8, 0xfd, 0x00, 0x01, 0x1f, 0xfe, 0xf9, 0x00, 0x06, 0x7f, 0xc3, 0xf8, 0x00, 0x00, 0x7f, 0x80, 0xf7, 0x00, 0x00, 0x03, 0xfd, 0xff, 0x00,
  0x80, 0xf7, 0x00, 0x00, 0x03, 0xfd, 0xff, 0x00, 0x80, 0xf7, 0x00, 0x00, 0x01, 0xfd, 0xff, 0xf5, 0x00, 0xfe, 0xff, 0x00, 0xfc, 0xf5, 0x00, 0x03,
  0x1f, 0xff, 0xff, 0xc0, 0xf4, 0x00, 0x01, 0x5f, 0xf8, 0x81, 0x00, 0xfa, 0x00, 0x81, 0x00, 0x81, 0x00, 0x81, 0x00, 0x81, 0x00, 0xf5, 0x00, 0x01,
  0x01, 0x80, 0xfd, 0x00, 0x01, 0x03, 0x80, 0xf9, 0x00, 0x01, 0x07, 0x80, 0xfd, 0x00, 0x01, 0x07, 0xc0, 0xf9, 0x00, 0x01, 0x0f, 0xc0, 0xfd, 0x00,
  0x01, 0x07, 0xf0, 0xf9, 0x00, 0x01, 0x3f, 0xc0, 0xfd, 0x00, 0x01, 0x07, 0xf8, 0xf9, 0x00, 0x01, 0x7f, 0xc0, 0xfd, 0x00, 0x01, 0x07, 0xfe, 0xfa,
  0x00, 0x02, 0x01, 0xff, 0x80, 0xfd, 0x00, 0x01, 0x03, 0xff, 0xfa, 0x00, 0x02, 0x03, 0xff, 0x80, 0xfd, 0x00, 0x02, 0x01, 0xff, 0xc0, 0xfb, 0x00,
  0x01, 0x0f, 0xff, 0xfc, 0x00, 0x02, 0x06, 0xff, 0xf0, 0xfb, 0x00, 0x02, 0x1f, 0xff, 0xc0, 0xfd, 0x00, 0x02, 0x0f, 0xff, 0xf8, 0xfb, 0x00, 0x02,
  0xff, 0xff, 0xe0, 0xfd, 0x00, 0x02, 0x0f, 0xff, 0xff, 0xfc, 0x00, 0x03, 0x03, 0xff, 0xff, 0xe0, 0xfd, 0x00, 0x03, 0x0f, 0xff, 0xff, 0xc0, 0xfd,
  0x00, 0x03, 0x1f, 0xff, 0xff, 0xe0, 0xfd, 0x00, 0x03, 0x0f, 0xff, 0xff, 0xf8, 0xfd, 0x00, 0x03, 0x7f, 0xff, 0xff, 0xc0, 0xfd, 0x00, 0x03, 0x07,
  0xff, 0xff, 0xfc, 0xfd, 0x00, 0x03, 0x7f, 0xff, 0xff, 0x80, 0xfd, 0x00, 0x03, 0x01, 0xff, 0xff, 0xfc, 0xfd, 0x00, 0x02, 0x7f, 0xff, 0xfe, 0xfb,
  0x00, 0x02, 0x7f, 0xff, 0xfc, 0xfd, 0x00, 0x02, 0x7f, 0xff, 0xf8, 0xfb, 0x00, 0x02, 0x0f, 0xff, 0xf8, 0xfd, 0x00, 0x01, 0x1f, 0xfe, 0xf9, 0x00,
  0x06, 0x7f, 0xc3, 0xf8, 0x00, 0x00, 0x7f, 0x80, 0xf7, 0x00, 0x00, 0x03, 0xfd, 0xff, 0x00, 0x80, 0xf7, 0x00, 0x00, 0x03, 0xfd, 0xff, 0x00, 0x80,
  0xf7, 0x00, 0x00, 0x01, 0xfd, 0xff, 0xf5, 0x00, 0xfe, 0xff, 0x00, 0xfc, 0xf5, 0x00, 0x03, 0x1f, 0xff, 0xff, 0xc0, 0xf4, 0x00, 0x01, 0x5f, 0xf8,
  0x81, 0x00, 0xfa, 0x00, 0x81, 0x00, 0x81, 0x00, 0x81, 0x00, 0x81, 0x00, 0xf5, 0x00, 0x00, 0x01, 0xfc, 0x00, 0x01, 0x03, 0x80, 0xf9, 0x00, 0x01,
  0x07, 0x80, 0xfd, 0x00, 0x01, 0x07, 0xc0, 0xf9, 0x00, 0x01, 0x0f, 0xc0, 0xfd, 0x00, 0x01, 0x07, 0xe0, 0xf9, 0x00, 0x01, 0x3f, 0xc0, 0xfd, 0x00,
  0x01, 0x07, 0xf8, 0xf9, 0x00, 0x01, 0x7f, 0xc0, 0xfd, 0x00, 0x01, 0x07, 0xfe, 0xfa, 0x00, 0x02, 0x01, 0xff, 0x80, 0xfd, 0x00, 0x01, 0x03, 0xff,
  0xfa, 0x00, 0x02, 0x03, 0xff, 0x80, 0xfd, 0x00, 0x02, 0x01, 0xff, 0xc0, 0xfb, 0x00, 0x01, 0x07, 0xff, 0xfc, 0x00, 0x02, 0x06, 0xff, 0xf0, 0xfb,
  0x00, 0x02, 0x1f, 0xff, 0xc0, 0xfd, 0x00, 0x02, 0x0f, 0xff, 0xf8, 0xfb, 0x00, 0x02, 0xff, 0xff, 0xe0, 0xfd, 0x00, 0x02, 0x0f, 0xff, 0xfe, 0xfc,
  0x00, 0x03, 0x03, 0xff, 0xff, 0xe0, 0xfd, 0x00, 0x03, 0x0f, 0xff, 0xff, 0xc0, 0xfd, 0x00, 0x03, 0x1f, 0xff, 0xff, 0xe0, 0xfd, 0x00, 0x03, 0x0f,
  0xff, 0xff, 0xf8, 0xfd, 0x00, 0x03, 0x7f, 0xff, 0xff, 0xc0, 0xfd, 0x00, 0x03, 0x07, 0xff, 0xff, 0xfc, 0xfd, 0x00, 0x03, 0x7f, 0xff, 0xff, 0x80,
  0xfd, 0x00, 0x03, 0x01, 0xff, 0xff, 0xfc, 0xfd, 0x00, 0x02, 0x7f, 0xff, 0xfe, 0xfb, 0x00, 0x02, 0x7f, 0xff, 0xfc, 0xfd, 0x00, 0x02, 0x7f, 0xff,
  0xf0, 0xfb, 0x00, 0x02, 0x07, 0xff, 0xf8, 0xfd, 0x00, 0x01, 0x1f, 0xfe, 0xf9, 0x00, 0x06, 0x7f, 0xc3, 0xf8, 0x00, 0x00, 0x7f, 0x80, 0xf7, 0x00,
  0x00, 0x03, 0xfd, 0xff, 0x00, 0x80, 0xf7, 0x00, 0x00, 0x03, 0xfd, 0xff, 0x00, 0x80, 0xf7, 0x00, 0x00, 0x01, 0xfd, 0xff, 0xf5, 0x00, 0xfe, 0xff,
  0x00, 0xfc, 0xf5, 0x00, 0x03, 0x1f, 0xff, 0xff, 0xc0, 0xf4, 0x00, 0x01, 0x5f, 0xf0, 0x81, 0x00, 0xfa, 0x00, 0x81, 0x00, 0x81, 0x00, 0x81, 0x00,
  0x81, 0x00, 0xf5, 0x00, 0x01, 0x01, 0x80, 0xfd, 0x00, 0x01, 0x03, 0x80, 0xf9, 0x00, 0x01, 0x07, 0x80, 0xfd, 0x00, 0x01, 0x07, 0xc0, 0xf9, 0x00,
  0x01, 0x0f, 0xc0, 0xfd, 0x00, 0x01, 0x07, 0xf0, 0xf9, 0x00, 0x01, 0x3f, 0xc0, 0xfd, 0x00, 0x01, 0x07, 0xf8, 0xf9, 0x00, 0x01, 0x7f, 0xc0, 0xfd,
  0x00, 0x01, 0x07, 0xfe, 0xfa, 0x00, 0x02, 0x01, 0xff, 0x80, 0xfd, 0x00, 0x01, 0x03, 0xff, 0xfa, 0x00, 0x02, 0x03, 0xff, 0x80, 0xfd, 0x00, 0x02,
  0x01, 0xff, 0xc0, 0xfb, 0x00, 0x01, 0x0f, 0xff, 0xfc, 0x00, 0x02, 0x06, 0xff, 0xf0, 0xfb, 0x00, 0x02, 0x1f, 0xff, 0xc0, 0xfd, 0x00, 0x02, 0x0f,
  0xff, 0xf8, 0xfb, 0x00, 0x02, 0xff, 0xff, 0xe0, 0xfd, 0x00, 0x02, 0x0f, 0xff, 0xff, 0xfc, 0x00, 0x03, 0x03, 0xff, 0xff, 0xe0, 0xfd, 0x00, 0x03,
  0x0f, 0xff, 0xff, 0xc0, 0xfd, 0x00, 0x03, 0x1f, 0xff, 0xff, 0xe0, 0xfd, 0x00, 0x03, 0x0f, 0xff, 0xff, 0xf8, 0xfd, 0x00, 0x03, 0x7f, 0xff, 0xff,
  0xc0, 0xfd, 0x00, 0x03, 0x07, 0xff, 0xff, 0xfc, 0xfd, 0x00, 0x03, 0x7f, 0xff, 0xff, 0x80, 0xfd, 0x00, 0x03, 0x01, 0xff, 0xff, 0xfc, 0xfd, 0x00,
  0x02, 0x7f, 0xff, 0xfe, 0xfb, 0x00, 0x02, 0x7f, 0xff, 0xfc, 0xfd, 0x00, 0x02, 0x3f, 0xff, 0xf8, 0xfb, 0x00, 0x02, 0x0f, 0xff, 0xf8, 0xfd, 0x00,
  0x01, 0x1f, 0xfe, 0xf9, 0x00, 0x06, 0x7f, 0xc3, 0xf8, 0x00, 0x00, 0x7f, 0x80, 0xf7, 0x00, 0x00, 0x03, 0xfd, 0xff, 0x00, 0xc0, 0xf7, 0x00, 0x00,
  0x03, 0xfd, 0xff, 0x00, 0x80, 0xf7, 0x00, 0x00, 0x01, 0xfd, 0xff, 0xf5, 0x00, 0xfe, 0xff, 0x00, 0xfc, 0xf5, 0x00, 0x03, 0x1f, 0xff, 0xff, 0xc0,
  0xf4, 0x00, 0x01, 0x5f, 0xe0, 0x81, 0x00, 0xfa, 0x00, 0x81, 0x00, 0x81, 0x00, 0x81, 0x00, 0x81, 0x00, 0xf5, 0x00, 0x00, 0x01, 0xfc, 0x00, 0x01,
  0x03, 0x80, 0xf9, 0x00, 0x01, 0x07, 0x80, 0xfd, 0x00, 0x01, 0x07, 0xc0, 0xf9, 0x00, 0x01, 0x0f, 0xc0, 0xfd, 0x00, 0x01, 0x07, 0xf0, 0xf9, 0x00,
  0x01, 0x3f, 0xc0, 0xfd, 0x00, 0x01, 0x07, 0xf8, 0xf9, 0x00, 0x01, 0x7f, 0xc0, 0xfd, 0x00, 0x01, 0x03, 0xfe, 0xfa, 0x00, 0x02, 0x01, 0xff, 0x80,
  0xfd, 0x00, 0x01, 0x03, 0xff, 0xfa, 0x00, 0x02, 0x03, 0xff, 0x80, 0xfd, 0x00, 0x02, 0x01, 0xff, 0xc0, 0xfb, 0x00, 0x01, 0x0f, 0xff, 0xfc, 0x00,
  0x02, 0x06, 0xff, 0xf0, 0xfb, 0x00, 0x02, 0x1f, 0xff, 0xc0, 0xfd, 0x00, 0x02, 0x0f, 0xff, 0xf8, 0xfb, 0x00, 0x02, 0xff, 0xff, 0xe0, 0xfd, 0x00,
  0x02, 0x0f, 0xff, 0xff, 0xfc, 0x00, 0x03, 0x03, 0xff, 0xff, 0xe0, 0xfd, 0x00, 0x03, 0x0f, 0xff, 0xff, 0xc0, 0xfd, 0x00, 0x03, 0x1f, 0xff, 0xff,
  0xe0, 0xfd, 0x00, 0x03, 0x0f, 0xff, 0xff, 0xf8, 0xfd, 0x00, 0x03, 0x7f, 0xff, 0xff, 0xc0, 0xfd, 0x00, 0x03, 0x07, 0xff, 0xff, 0xfc, 0xfd, 0x00,
  0x03, 0x7f, 0xff, 0xff, 0x80, 0xfd, 0x00, 0x03, 0x01, 0xff, 0xff, 0xfc, 0xfd, 0x00, 0x02, 0x7f, 0xff, 0xfe, 0xfb, 0x00, 0x02, 0x7f, 0xff, 0xfc,
  0xfd, 0x00, 0x02, 0x3f, 0xff, 0xf8, 0xfb, 0x00, 0x02, 0x07, 0xff, 0xf8, 0xfd, 0x00, 0x01, 0x1f, 0xfe, 0xf9, 0x00, 0x06, 0x7f, 0xc3, 0xf8, 0x00,
  0x00, 0x7f, 0x80, 0xf7, 0x00, 0x00, 0x03, 0xfd, 0xff, 0x00, 0xc0, 0xf7, 0x00, 0x00, 0x03, 0xfd, 0xff, 0x00, 0x80, 0xf7, 0x00, 0x00, 0x01, 0xfd,
  0xff, 0xf5, 0x00, 0x03, 0x7f, 0xff, 0xff, 0xfc, 0xf5, 0x00, 0x03, 0x1f, 0xff, 0xff, 0xc0, 0xf4, 0x00, 0x01, 0x5f, 0xe0, 0x81, 0x00, 0xfa, 0x00,
  0x81, 0x00, 0x81, 0x00, 0x81, 0x00, 0x95, 0x00, 0x00, 0x0c, 0xfb, 0x00, 0x00, 0xf0, 0xf9, 0x00, 0x00, 0x1f, 0xfc, 0x00, 0x01, 0x01, 0xfc, 0xf9,
  0x00, 0x00, 0xff, 0xfc, 0x00, 0x01, 0x03, 0xfe, 0xfa, 0x00, 0x01, 0x03, 0xff, 0xfc, 0x00, 0x02, 0x03, 0xff, 0x80, 0xfb, 0x00, 0x01, 0x07, 0xff,
  0xfc, 0x00, 0x02, 0x03, 0xff, 0xe0, 0xfb, 0x00, 0x01, 0x1f, 0xff, 0xfc, 0x00, 0x02, 0x03, 0xff, 0xf8, 0xfb, 0x00, 0x02, 0x7f, 0xff, 0x80, 0xfd,
  0x00, 0x02, 0x07, 0xff, 0xfe, 0xfc, 0x00, 0x03, 0x01, 0xff, 0xff, 0xc0, 0xfd, 0x00, 0x03, 0x07, 0xff, 0xff, 0x80, 0xfd, 0x00, 0x03, 0x07, 0xff,
  0xff, 0xc0, 0xfd, 0x00, 0x03, 0x07, 0xff, 0xff, 0xc0, 0xfd, 0x00, 0x03, 0x0f, 0xff, 0xff, 0xc0, 0xfd, 0x00, 0x03, 0x07, 0xff, 0xff, 0xf0, 0xfd,
  0x00, 0x03, 0x3f, 0xff, 0xff, 0xc0, 0xfd, 0x00, 0x03, 0x07, 0xff, 0xff, 0xf8, 0xfd, 0x00, 0x03, 0x3f, 0xff, 0xff, 0x80, 0xfd, 0x00, 0x03, 0x03,
  0xff, 0xff, 0xf8, 0xfd, 0x00, 0x02, 0x7f, 0xff, 0xff, 0xfc, 0x00, 0x03, 0x01, 0xff, 0xff, 0xf8, 0xfd, 0x00, 0x02, 0x7f, 0xff, 0xfe, 0xfb, 0x00,
  0x02, 0x7f, 0xff, 0xf8, 0xfd, 0x00, 0x02, 0x3f, 0xff, 0xf8, 0xfb, 0x00, 0x02, 0x1f, 0xff, 0xf8, 0xfd, 0x00, 0x02, 0x3f, 0xff, 0xe0, 0xfb, 0x00,
  0x02, 0x03, 0xff, 0xf0, 0xfd, 0x00, 0x01, 0x0f, 0xfe, 0xf9, 0x00, 0x01, 0x7f, 0x80, 0xfc, 0x00, 0x00, 0xc0, 0xf4, 0x00, 0x00, 0x20, 0xf5, 0x00,
  0xfe, 0xff, 0x00, 0xf8, 0xf6, 0x00, 0x00, 0x01, 0xfe, 0xff, 0x00, 0xf8, 0xf5, 0x00, 0xfe, 0xff, 0x00, 0xf8, 0xf5, 0x00, 0xfe, 0xff, 0x00, 0xf0,
  0xf5, 0x00, 0x03, 0x3f, 0xff, 0xff, 0x80, 0xf5, 0x00, 0x02, 0x01, 0xff, 0xf8, 0x81, 0x00, 0xea, 0x00, 0x81, 0x00, 0x81, 0x00, 0x81, 0x00, 0x95,
  0x00, 0x00, 0x0c, 0xfb, 0x00, 0x00, 0xe0, 0xf9, 0x00, 0x00, 0x1f, 0xfc, 0x00, 0x01, 0x01, 0xf8, 0xf9, 0x00, 0x00, 0x7f, 0xfc, 0x00, 0x01, 0x03,
  0xfe, 0xfa, 0x00, 0x01, 0x01, 0xff, 0xfc, 0x00, 0x02, 0x03, 0xff, 0x80, 0xfb, 0x00, 0x01, 0x07, 0xff, 0xfc, 0x00, 0x02, 0x03, 0xff, 0xe0, 0xfb,
  0x00, 0x01, 0x0f, 0xff, 0xfc, 0x00, 0x02, 0x03, 0xff, 0xf8, 0xfb, 0x00, 0x02, 0x7f, 0xff, 0x80, 0xfd, 0x00, 0x02, 0x07, 0xff, 0xfe, 0xfc, 0x00,
  0x03, 0x01, 0xff, 0xff, 0xc0, 0xfd, 0x00, 0x02, 0x07, 0xff, 0xff, 0xfc, 0x00, 0x03, 0x03, 0xff, 0xff, 0xc0, 0xfd, 0x00, 0x03, 0x07, 0xff, 0xff,
  0xc0, 0xfd, 0x00, 0x03, 0x0f, 0xff, 0xff, 0xc0, 0xfd, 0x00, 0x03, 0x07, 0xff, 0xff, 0xf0, 0xfd, 0x00, 0x03, 0x3f, 0xff, 0xff, 0xc0, 0xfd, 0x00,
  0x03, 0x07, 0xff, 0xff, 0xf8, 0xfd, 0x00, 0x03, 0x3f, 0xff, 0xff, 0x80, 0xfd, 0x00, 0x03, 0x03, 0xff, 0xff, 0xf8, 0xfd, 0x00, 0x02, 0x7f, 0xff,
  0xff, 0xfc, 0x00, 0x03, 0x01, 0xff, 0xff, 0xf8, 0xfd, 0x00, 0x02, 0x7f, 0xff, 0xfc, 0xfb, 0x00, 0x02, 0x7f, 0xff, 0xf8, 0xfd, 0x00, 0x02, 0x3f,
  0xff, 0xf8, 0xfb, 0x00, 0x02, 0x1f, 0xff, 0xf8, 0xfd, 0x00, 0x02, 0x3f, 0xff, 0xc0, 0xfb, 0x00, 0x02, 0x03, 0xff, 0xf0, 0xfd, 0x00, 0x01, 0x0f,
  0xfe, 0xf9, 0x00, 0x01, 0x7f, 0x80, 0xee, 0x00, 0x00, 0x70, 0xf5, 0x00, 0xfe, 0xff, 0x00, 0xf8, 0xf6, 0x00, 0x00, 0x01, 0xfe, 0xff, 0x00, 0xf8,
  0xf5, 0x00, 0xfe, 0xff, 0x00, 0xf8, 0xf5, 0x00, 0xfe, 0xff, 0x00, 0xf0, 0xf5, 0x00, 0x03, 0x3f, 0xff, 0xff, 0x80, 0xf4, 0x00, 0x01, 0xff, 0xf8,
  0x81, 0x00, 0xea, 0x00, 0x81, 0x00, 0x9e, 0x00, 0x01, 0x01, 0xff, 0xfc, 0x00, 0x02, 0x07, 0xff, 0x80, 0xfb, 0x00, 0x02, 0x07, 0xff, 0xc0, 0xfd,
  0x00, 0x02, 0x0f, 0xff, 0xc0, 0xfb, 0x00, 0x02, 0x0f, 0xff, 0xe0, 0xfd, 0x00, 0x02, 0x1f, 0xff, 0xf0, 0xfb, 0x00, 0x02, 0x1f, 0xff, 0xf0, 0xfd,
  0x00, 0x02, 0x3f, 0xff, 0xf0, 0xfb, 0x00, 0x02, 0x3f, 0xff, 0xf0, 0xfd, 0x00, 0x02, 0x3f, 0xff, 0xf8, 0xfb, 0x00, 0x02, 0x7f, 0xff, 0xf8, 0xfd,
  0x00, 0x02, 0x7f, 0xff, 0xf8, 0xfb, 0x00, 0x02, 0x7f, 0xff, 0xf8, 0xfd, 0x00, 0x02, 0x7f, 0xff, 0xfc, 0xfb, 0x00, 0x02, 0x7f, 0xff, 0xf8, 0xfd,
  0x00, 0x02, 0x7f, 0xff, 0xfc, 0xfb, 0x00, 0x02, 0x7f, 0xff, 0xf8, 0xfd, 0x00, 0x02, 0x7f, 0xff, 0xfc, 0xfb, 0x00, 0x02, 0xff, 0xff, 0xf8, 0xfd,
  0x00, 0x02, 0x7f, 0xff, 0xfc, 0xfb, 0x00, 0x02, 0xff, 0xff, 0xf8, 0xfd, 0x00, 0x02, 0x7f, 0xff, 0xfe, 0xfb, 0x00, 0x02, 0xff, 0xff, 0xf8, 0xfd,
  0x00, 0x02, 0x7f, 0xff, 0xfe, 0xfb, 0x00, 0x02, 0xff, 0xff, 0xf8, 0xfd, 0x00, 0x02, 0x7f, 0xff, 0xfe, 0xfb, 0x00, 0x02, 0xff, 0xff, 0xf8, 0xfd,
  0x00, 0x02, 0x7f, 0xff, 0xfe, 0xfb, 0x00, 0x02, 0xff, 0xff, 0xf8, 0xfd, 0x00, 0x02, 0x3f, 0xff, 0xfe, 0xfb, 0x00, 0x02, 0xff, 0xff, 0xf8, 0xfd,
  0x00, 0x02, 0x3f, 0xff, 0xfe, 0xfb, 0x00, 0x02, 0xff, 0xff, 0xf8, 0xfd, 0x00, 0x02, 0x3f, 0xff, 0xfe, 0xfb, 0x00, 0x02, 0xff, 0xff, 0xf8, 0xfd,
  0x00, 0x02, 0x3f, 0xff, 0xfe, 0xfb, 0x00, 0x02, 0xff, 0xff, 0xf8, 0xfd, 0x00, 0x02, 0x3f, 0xff, 0xfe, 0xfb, 0x00, 0x02, 0xff, 0xff, 0xf8, 0xfd,
  0x00, 0x02, 0x3f, 0xff, 0xfe, 0xfb, 0x00, 0x02, 0xff, 0xff, 0xf8, 0xfd, 0x00, 0x02, 0x3f, 0xff, 0xfc, 0xfb, 0x00, 0x02, 0xff, 0xff, 0xf8, 0xfd,
  0x00, 0x02, 0x3f, 0xff, 0xfc, 0xfb, 0x00, 0x02, 0x7f, 0xff, 0xf8, 0xfd, 0x00, 0x02, 0x3f, 0xff, 0xfc, 0xfb, 0x00, 0x02, 0x7f, 0xff, 0xf8, 0xfd,
  0x00, 0x02, 0x3f, 0xff, 0xf8, 0xfb, 0x00, 0x02, 0x3f, 0xff, 0xf8, 0xfd, 0x00, 0x02, 0x1f, 0xff, 0xf8, 0xfb, 0x00, 0x02, 0x3f, 0xff, 0xf0, 0xfd,
  0x00, 0x02, 0x1f, 0xff, 0xf0, 0xfb, 0x00, 0x02, 0x1f, 0xff, 0xf0, 0xfd, 0x00, 0x02, 0x1f, 0xff, 0xe0, 0xfb, 0x00, 0x02, 0x0f, 0xff, 0xe0, 0xfd,
  0x00, 0x02, 0x0f, 0xff, 0x80, 0xfb, 0x00, 0x02, 0x01, 0xff, 0xc0, 0xfd, 0x00, 0x01, 0x03, 0xfe, 0xf9, 0x00, 0x00, 0x3f, 0xd0, 0x00, 0x02, 0x3f,
  0xff, 0xfc, 0xf4, 0x00, 0x02, 0x7f, 0xff, 0xfe, 0xf4, 0x00, 0x02, 0x7f, 0xff, 0xfe, 0xf4, 0x00, 0x02, 0x3f, 0xff, 0xfc, 0xf4, 0x00, 0x02, 0x07,
  0xff, 0xc0, 0x81, 0x00, 0xaa, 0x00, 0x81, 0x00, 0xc7, 0x00, 0x01, 0x03, 0xe0, 0xf9, 0x00, 0x01, 0x7f, 0xe0, 0xfd, 0x00, 0x01, 0x1f, 0xfe, 0xfa,
  0x00, 0x02, 0x01, 0xff, 0xf8, 0xfd, 0x00, 0x01, 0x7f, 0xff, 0xfa, 0x00, 0x02, 0x03, 0xff, 0xfc, 0xfd, 0x00, 0x02, 0xff, 0xff, 0x80, 0xfb, 0x00,
  0x02, 0x07, 0xff, 0xfe, 0xfd, 0x00, 0x02, 0xff, 0xff, 0xc0, 0xfb, 0x00, 0x02, 0x0f, 0xff, 0xfe, 0xfe, 0x00, 0x03, 0x01, 0xff, 0xff, 0xe0, 0xfb,
  0x00, 0x02, 0x1f, 0xff, 0xfe, 0xfe, 0x00, 0x03, 0x01, 0xff, 0xff, 0xf0, 0xfb, 0x00, 0x02, 0x3f, 0xff, 0xff, 0xfe, 0x00, 0x03, 0x01, 0xff, 0xff,
  0xf0, 0xfb, 0x00, 0x02, 0x3f, 0xff, 0xff, 0xfe, 0x00, 0x03, 0x01, 0xff, 0xff, 0xf8, 0xfb, 0x00, 0x02, 0x3f, 0xff, 0xff, 0xfe, 0x00, 0x03, 0x01,
  0xff, 0xff, 0xf8, 0xfb, 0x00, 0x02, 0x7f, 0xff, 0xfe, 0xfe, 0x00, 0x03, 0x01, 0xff, 0xff, 0xf8, 0xfb, 0x00, 0x02, 0x7f, 0xff, 0xfe, 0xfe, 0x00,
  0x03, 0x01, 0xff, 0xff, 0xfc, 0xfb, 0x00, 0x02, 0x7f, 0xff, 0xfe, 0xfe, 0x00, 0x03, 0x01, 0xff, 0xff, 0xfc, 0xfb, 0x00, 0x02, 0x7f, 0xff, 0xfe,
  0xfe, 0x00, 0x03, 0x01, 0xff, 0xff, 0xfc, 0xfb, 0x00, 0x02, 0x7f, 0xff, 0xfe, 0xfe, 0x00, 0x03, 0x01, 0xff, 0xff, 0xfc, 0xfb, 0x00, 0x02, 0xff,
  0xff, 0xfe, 0xfe, 0x00, 0x03, 0x01, 0xff, 0xff, 0xfc, 0xfb, 0x00, 0x02, 0xff, 0xff, 0xfe, 0xfe, 0x00, 0x03, 0x01, 0xff, 0xff, 0xfc, 0xfb, 0x00,
  0x02, 0xff, 0xff, 0xfe, 0xfe, 0x00, 0x03, 0x01, 0xff, 0xff, 0xfc, 0xfb, 0x00, 0x02, 0xff, 0xff, 0xfe, 0xfe, 0x00, 0x03, 0x01, 0xff, 0xff, 0xfc,
  0xfb, 0x00, 0x02, 0xff, 0xff, 0xfe, 0xfe, 0x00, 0x03, 0x01, 0xff, 0xff, 0xfc, 0xfb, 0x00, 0x02, 0xff, 0xff, 0xfe, 0xfe, 0x00, 0x03, 0x01, 0xff,
  0xff, 0xfc, 0xfb, 0x00, 0x02, 0xff, 0xff, 0xfe, 0xfd, 0x00, 0x02, 0xff, 0xff, 0xfc, 0xfb, 0x00, 0x02, 0xff, 0xff, 0xfe, 0xfd, 0x00, 0x02, 0xff,
  0xff, 0xfc, 0xfb, 0x00, 0x02, 0x7f, 0xff, 0xfe, 0xfd, 0x00, 0x02, 0xff, 0xff, 0xfc, 0xfb, 0x00, 0x02, 0x7f, 0xff, 0xfe, 0xfd, 0x00, 0x02, 0xff,
  0xff, 0xfc, 0xfb, 0x00, 0x02, 0x3f, 0xff, 0xfe, 0xfd, 0x00, 0x02, 0xff, 0xff, 0xf8, 0xfb, 0x00, 0x02, 0x3f, 0xff, 0xfc, 0xfd, 0x00, 0x02, 0x7f,
  0xff, 0xf8, 0xfb, 0x00, 0x02, 0x3f, 0xff, 0xfc, 0xfd, 0x00, 0x02, 0x7f, 0xff, 0xf0, 0xfb, 0x00, 0x02, 0x1f, 0xff, 0xf8, 0xfd, 0x00, 0x02, 0x3f,
  0xff, 0xe0, 0xfb, 0x00, 0x02, 0x0f, 0xff, 0xf0, 0xfd, 0x00, 0x02, 0x0f, 0xff, 0xc0, 0xfb, 0x00, 0x02, 0x07, 0xff, 0xc0, 0xfd, 0x00, 0x01, 0x07,
  0xff, 0xfa, 0x00, 0x02, 0x01, 0xff, 0x80, 0xfc, 0x00, 0x00, 0xf8, 0xd7, 0x00, 0x02, 0x1f, 0xff, 0x80, 0xf4, 0x00, 0x02, 0x3f, 0xff, 0xf8, 0xf4,
  0x00, 0x02, 0x7f, 0xff, 0xfc, 0xf4, 0x00, 0x02, 0x3f, 0xff, 0xfc, 0xf4, 0x00, 0x02, 0x3f, 0xff, 0xf8, 0xf4, 0x00, 0x01, 0x03, 0xff, 0x81, 0x00,
  0xa9, 0x00, 0x81, 0x00, 0xc7, 0x00, 0x01, 0x07, 0xf0, 0xf9, 0x00, 0x01, 0xff, 0xf0, 0xfd, 0x00, 0x01, 0x3f, 0xfe, 0xfa, 0x00, 0x02, 0x01, 0xff,
  0xfc, 0xfd, 0x00, 0x02, 0x7f, 0xff, 0x80, 0xfb, 0x00, 0x02, 0x03, 0xff, 0xfc, 0xfd, 0x00, 0x02, 0xff, 0xff, 0x80, 0xfb, 0x00, 0x02, 0x07, 0xff,
  0xfe, 0xfe, 0x00, 0x03, 0x01, 0xff, 0xff, 0xc0, 0xfb, 0x00, 0x02, 0x0f, 0xff, 0xfe, 0xfe, 0x00, 0x03, 0x01, 0xff, 0xff, 0xe0, 0xfb, 0x00, 0x02,
  0x0f, 0xff, 0xff, 0xfe, 0x00, 0x03, 0x01, 0xff, 0xff, 0xe0, 0xfb, 0x00, 0x02, 0x1f, 0xff, 0xff, 0xfe, 0x00, 0x03, 0x01, 0xff, 0xff, 0xe0, 0xfb,
  0x00, 0x02, 0x1f, 0xff, 0xff, 0xfe, 0x00, 0x03, 0x01, 0xff, 0xff, 0xf0, 0xfb, 0x00, 0x02, 0x1f, 0xff, 0xff, 0xfe, 0x00, 0x03, 0x01, 0xff, 0xff,
  0xf0, 0xfb, 0x00, 0x02, 0x1f, 0xff, 0xfe, 0xfe, 0x00, 0x03, 0x01, 0xff, 0xff, 0xf0, 0xfb, 0x00, 0x02, 0x1f, 0xff, 0xfe, 0xfe, 0x00, 0x03, 0x01,
  0xff, 0xff, 0xf0, 0xfb, 0x00, 0x02, 0x1f, 0xff, 0xfe, 0xfe, 0x00, 0x03, 0x01, 0xff, 0xff, 0xf0, 0xfb, 0x00, 0x02, 0x3f, 0xff, 0xfe, 0xfe, 0x00,
  0x03, 0x01, 0xff, 0xff, 0xf0, 0xfb, 0x00, 0x02, 0x3f, 0xff, 0xfe, 0xfe, 0x00, 0x03, 0x01, 0xff, 0xff, 0xf0, 0xfb, 0x00, 0x02, 0x3f, 0xff, 0xfe,
  0xfe, 0x00, 0x03, 0x01, 0xff, 0xff, 0xf0, 0xfb, 0x00, 0x02, 0x3f, 0xff, 0xfe, 0xfe, 0x00, 0x03, 0x01, 0xff, 0xff, 0xf0, 0xfb, 0x00, 0x02, 0x1f,
  0xff, 0xfe, 0xfe, 0x00, 0x03, 0x01, 0xff, 0xff, 0xf0, 0xfb, 0x00, 0x02, 0x1f, 0xff, 0xff, 0xfe, 0x00, 0x03, 0x01, 0xff, 0xff, 0xf0, 0xfb, 0x00,
  0x02, 0x1f, 0xff, 0xff, 0xfe, 0x00, 0x03, 0x01, 0xff, 0xff, 0xf0, 0xfb, 0x00, 0x02, 0x1f, 0xff, 0xff, 0xfe, 0x00, 0x03, 0x01, 0xff, 0xff, 0xe0,
  0xfb, 0x00, 0x02, 0x1f, 0xff, 0xff, 0xfe, 0x00, 0x03, 0x01, 0xff, 0xff, 0xe0, 0xfb, 0x00, 0x02, 0x0f, 0xff, 0xfe, 0xfe, 0x00, 0x03, 0x01, 0xff,
  0xff, 0xe0, 0xfb, 0x00, 0x02, 0x0f, 0xff, 0xfe, 0xfe, 0x00, 0x03, 0x01, 0xff, 0xff, 0xc0, 0xfb, 0x00, 0x02, 0x0f, 0xff, 0xfe, 0xfd, 0x00, 0x02,
  0xff, 0xff, 0xc0, 0xfb, 0x00, 0x02, 0x07, 0xff, 0xfe, 0xfd, 0x00, 0x02, 0xff, 0xff, 0xc0, 0xfb, 0x00, 0x02, 0x03, 0xff, 0xfe, 0xfd, 0x00, 0x02,
  0xff, 0xff, 0x80, 0xfb, 0x00, 0x02, 0x03, 0xff, 0xfc, 0xfd, 0x00, 0x01, 0x7f, 0xff, 0xf9, 0x00, 0x01, 0xff, 0xf8, 0xfd, 0x00, 0x01, 0x3f, 0xfc,
  0xf9, 0x00, 0x01, 0x3f, 0xf0, 0xfd, 0x00, 0x01, 0x07, 0xe0, 0xc7, 0x00, 0x01, 0x07, 0xfe, 0xf3, 0x00, 0x02, 0x1f, 0xff, 0xc0, 0xf4, 0x00, 0x02,
  0x3f, 0xff, 0xc0, 0xf4, 0x00, 0x02, 0x3f, 0xff, 0xc0, 0xf4, 0x00, 0x02, 0x1f, 0xff, 0x80, 0x81, 0x00, 0x8a, 0x00, 0x81, 0x00, 0xcd, 0x00, 0x01,
  0x3f, 0xe0, 0xfd, 0x00, 0x01, 0x1f, 0xfc, 0xf9, 0x00, 0x01, 0xff, 0xf8, 0xfd, 0x00, 0x01, 0x7f, 0xfe, 0xfa, 0x00, 0x02, 0x03, 0xff, 0xfe, 0xfd,
  0x00, 0x02, 0xff, 0xff, 0x80, 0xfb, 0x00, 0x02, 0x03, 0xff, 0xff, 0xfe, 0x00, 0x03, 0x01, 0xff, 0xff, 0xc0, 0xfb, 0x00, 0x02, 0x07, 0xff, 0xff,
  0xfe, 0x00, 0x03, 0x03, 0xff, 0xff, 0xc0, 0xfb, 0x00, 0x02, 0x0f, 0xff, 0xff, 0xfe, 0x00, 0x03, 0x03, 0xff, 0xff, 0xe0, 0xfb, 0x00, 0x09, 0x0f,
  0xff, 0xff, 0x80, 0x00, 0x00, 0x03, 0xff, 0xff, 0xe0, 0xfb, 0x00, 0x09, 0x1f, 0xff, 0xff, 0x80, 0x00, 0x00, 0x03, 0xff, 0xff, 0xe0, 0xfb, 0x00,
  0x09, 0x1f, 0xff, 0xff, 0x80, 0x00, 0x00, 0x03, 0xff, 0xff, 0xf0, 0xfb, 0x00, 0x09, 0x1f, 0xff, 0xff, 0x80, 0x00, 0x00, 0x03, 0xff, 0xff, 0xf0,
  0xfb, 0x00, 0x02, 0x1f, 0xff, 0xff, 0xfe, 0x00, 0x03, 0x03, 0xff, 0xff, 0xf0, 0xfb, 0x00, 0x02, 0x1f, 0xff, 0xff, 0xfe, 0x00, 0x03, 0x03, 0xff,
  0xff, 0xf0, 0xfb, 0x00, 0x02, 0x1f, 0xff, 0xff, 0xfe, 0x00, 0x03, 0x03, 0xff, 0xff, 0xf0, 0xfb, 0x00, 0x02, 0x1f, 0xff, 0xff, 0xfe, 0x00, 0x03,
  0x03, 0xff, 0xff, 0xf0, 0xfb, 0x00, 0x02, 0x1f, 0xff, 0xff, 0xfe, 0x00, 0x03, 0x03, 0xff, 0xff, 0xf0, 0xfb, 0x00, 0x02, 0x1f, 0xff, 0xff, 0xfe,
  0x00, 0x03, 0x03, 0xff, 0xff, 0xf0, 0xfb, 0x00, 0x02, 0x1f, 0xff, 0xff, 0xfe, 0x00, 0x03, 0x03, 0xff, 0xff, 0xf0, 0xfb, 0x00, 0x02, 0x1f, 0xff,
  0xff, 0xfe, 0x00, 0x03, 0x03, 0xff, 0xff, 0xf0, 0xfb, 0x00, 0x02, 0x1f, 0xff, 0xff, 0xfe, 0x00, 0x03, 0x03, 0xff, 0xff, 0xe0, 0xfb, 0x00, 0x02,
  0x1f, 0xff, 0xff, 0xfe, 0x00, 0x03, 0x03, 0xff, 0xff, 0xe0, 0xfb, 0x00, 0x02, 0x1f, 0xff, 0xff, 0xfe, 0x00, 0x03, 0x03, 0xff, 0xff, 0xe0, 0xfb,
  0x00, 0x02, 0x0f, 0xff, 0xff, 0xfe, 0x00, 0x03, 0x03, 0xff, 0xff, 0xe0, 0xfb, 0x00, 0x02, 0x0f, 0xff, 0xff, 0xfe, 0x00, 0x03, 0x01, 0xff, 0xff,
  0xe0, 0xfb, 0x00, 0x02, 0x07, 0xff, 0xff, 0xfe, 0x00, 0x03, 0x01, 0xff, 0xff, 0xc0, 0xfb, 0x00, 0x02, 0x07, 0xff, 0xff, 0xfe, 0x00, 0x03, 0x01,
  0xff, 0xff, 0xc0, 0xfb, 0x00, 0x02, 0x07, 0xff, 0xff, 0xfe, 0x00, 0x03, 0x01, 0xff, 0xff, 0x80, 0xfb, 0x00, 0x02, 0x03, 0xff, 0xfe, 0xfd, 0x00,
  0x01, 0xff, 0xff, 0xfa, 0x00, 0x02, 0x01, 0xff, 0xfc, 0xfd, 0x00, 0x01, 0x7f, 0xfe, 0xf9, 0x00, 0x01, 0xff, 0xf8, 0xfd, 0x00, 0x01, 0x3f, 0xf8,
  0xf9, 0x00, 0x01, 0x1f, 0xe0, 0xd1, 0x00, 0x01, 0x01, 0xf8, 0xf3, 0x00, 0x01, 0x07, 0xfe, 0xf3, 0x00, 0x02, 0x1f, 0xff, 0x80, 0xf4, 0x00, 0x02,
  0x3f, 0xff, 0xc0, 0xf4, 0x00, 0x02, 0x1f, 0xff, 0xc0, 0xf4, 0x00, 0x01, 0x0f, 0xff, 0x81, 0x00, 0x89, 0x00, 0x81, 0x00, 0xd7, 0x00, 0x01, 0x03,
  0xe0, 0xf9, 0x00, 0x01, 0x7f, 0xf8, 0xfd, 0x00, 0x01, 0x7f, 0xfc, 0xfa, 0x00, 0x02, 0x01, 0xff, 0xfc, 0xfd, 0x00, 0x01, 0xff, 0xff, 0xfa, 0x00,
  0x02, 0x03, 0xff, 0xfe, 0xfe, 0x00, 0x03, 0x01, 0xff, 0xff, 0x80, 0xfb, 0x00, 0x02, 0x03, 0xff, 0xff, 0xfe, 0x00, 0x03, 0x03, 0xff, 0xff, 0x80,
  0xfb, 0x00, 0x02, 0x07, 0xff, 0xff, 0xfe, 0x00, 0x03, 0x03, 0xff, 0xff, 0xc0, 0xfb, 0x00, 0x09, 0x07, 0xff, 0xff, 0x80, 0x00, 0x00, 0x03, 0xff,
  0xff, 0xc0, 0xfb, 0x00, 0x09, 0x0f, 0xff, 0xff, 0x80, 0x00, 0x00, 0x03, 0xff, 0xff, 0xc0, 0xfb, 0x00, 0x09, 0x0f, 0xff, 0xff, 0x80, 0x00, 0x00,
  0x03, 0xff, 0xff, 0xe0, 0xfb, 0x00, 0x09, 0x0f, 0xff, 0xff, 0x80, 0x00, 0x00, 0x03, 0xff, 0xff, 0xe0, 0xfb, 0x00, 0x09, 0x0f, 0xff, 0xff, 0x80,
  0x00, 0x00, 0x03, 0xff, 0xff, 0xe0, 0xfb, 0x00, 0x09, 0x0f, 0xff, 0xff, 0x80, 0x00, 0x00, 0x03, 0xff, 0xff, 0xe0, 0xfb, 0x00, 0x09, 0x0f, 0xff,
  0xff, 0x80, 0x00, 0x00, 0x03, 0xff, 0xff, 0xe0, 0xfb, 0x00, 0x09, 0x0f, 0xff, 0xff, 0x80, 0x00, 0x00, 0x03, 0xff, 0xff, 0xe0, 0xfb, 0x00, 0x09,
  0x0f, 0xff, 0xff, 0x80, 0x00, 0x00, 0x03, 0xff, 0xff, 0xe0, 0xfb, 0x00, 0x09, 0x0f, 0xff, 0xff, 0x80, 0x00, 0x00, 0x03, 0xff, 0xff, 0xe0, 0xfb,
  0x00, 0x09, 0x0f, 0xff, 0xff, 0x80, 0x00, 0x00, 0x03, 0xff, 0xff, 0xe0, 0xfb, 0x00, 0x09, 0x0f, 0xff, 0xff, 0x80, 0x00, 0x00, 0x03, 0xff, 0xff,
  0xe0, 0xfb, 0x00, 0x09, 0x0f, 0xff, 0xff, 0x80, 0x00, 0x00, 0x03, 0xff, 0xff, 0xe0, 0xfb, 0x00, 0x09, 0x0f, 0xff, 0xff, 0x80, 0x00, 0x00, 0x03,
  0xff, 0xff, 0xe0, 0xfb, 0x00, 0x09, 0x0f, 0xff, 0xff, 0x80, 0x00, 0x00, 0x03, 0xff, 0xff, 0xc0, 0xfb, 0x00, 0x09, 0x0f, 0xff, 0xff, 0x80, 0x00,
  0x00, 0x03, 0xff, 0xff, 0xc0, 0xfb, 0x00, 0x09, 0x07, 0xff, 0xff, 0x80, 0x00, 0x00, 0x03, 0xff, 0xff, 0xc0, 0xfb, 0x00, 0x09, 0x07, 0xff, 0xff,
  0x80, 0x00, 0x00, 0x03, 0xff, 0xff, 0xc0, 0xfb, 0x00, 0x02, 0x07, 0xff, 0xff, 0xfe, 0x00, 0x03, 0x03, 0xff, 0xff, 0x80, 0xfb, 0x00, 0x02, 0x03,
  0xff, 0xff, 0xfe, 0x00, 0x03, 0x01, 0xff, 0xff, 0x80, 0xfb, 0x00, 0x02, 0x03, 0xff, 0xff, 0xfe, 0x00, 0x02, 0x01, 0xff, 0xff, 0xfa, 0x00, 0x02,
  0x01, 0xff, 0xfe, 0xfd, 0x00, 0x01, 0xff, 0xfe, 0xf9, 0x00, 0x01, 0xff, 0xfc, 0xfd, 0x00, 0x01, 0x7f, 0xfc, 0xf9, 0x00, 0x01, 0x3f, 0xf0, 0xfd,
  0x00, 0x01, 0x0f, 0xe0, 0xc7, 0x00, 0x01, 0x03, 0xfc, 0xf3, 0x00, 0x01, 0x07, 0xfe, 0xf3, 0x00, 0x01, 0x07, 0xfe, 0x81, 0x00, 0x81, 0x00, 0xd9,
  0x00, 0x81, 0x00, 0xd7, 0x00, 0x01, 0x03, 0xe0, 0xf9, 0x00, 0x01, 0x7f, 0xf8, 0xfd, 0x00, 0x01, 0x7f, 0xfc, 0xfa, 0x00, 0x02, 0x01, 0xff, 0xfc,
  0xfd, 0x00, 0x01, 0xff, 0xff, 0xfa, 0x00, 0x02, 0x03, 0xff, 0xfe, 0xfe, 0x00, 0x03, 0x01, 0xff, 0xff, 0x80, 0xfb, 0x00, 0x02, 0x03, 0xff, 0xff,
  0xfe, 0x00, 0x03, 0x03, 0xff, 0xff, 0x80, 0xfb, 0x00, 0x02, 0x07, 0xff, 0xff, 0xfe, 0x00, 0x03, 0x03, 0xff, 0xff, 0xc0, 0xfb, 0x00, 0x09, 0x0f,
  0xff, 0xff, 0x80, 0x00, 0x00, 0x03, 0xff, 0xff, 0xc0, 0xfb, 0x00, 0x09, 0x0f, 0xff, 0xff, 0x80, 0x00, 0x00, 0x03, 0xff, 0xff, 0xc0, 0xfb, 0x00,
  0x09, 0x0f, 0xff, 0xff, 0x80, 0x00, 0x00, 0x03, 0xff, 0xff, 0xe0, 0xfb, 0x00, 0x09, 0x0f, 0xff, 0xff, 0x80, 0x00, 0x00, 0x03, 0xff, 0xff, 0xe0,
  0xfb, 0x00, 0x09, 0x0f, 0xff, 0xff, 0x80, 0x00, 0x00, 0x03, 0xff, 0xff, 0xe0, 0xfb, 0x00, 0x09, 0x0f, 0xff, 0xff, 0x80, 0x00, 0x00, 0x03, 0xff,
  0xff, 0xe0, 0xfb, 0x00, 0x09, 0x0f, 0xff, 0xff, 0x80, 0x00, 0x00, 0x03, 0xff, 0xff, 0xe0, 0xfb, 0x00, 0x09, 0x0f, 0xff, 0xff, 0x80, 0x00, 0x00,
  0x03, 0xff, 0xff, 0xe0, 0xfb, 0x00, 0x09, 0x0f, 0xff, 0xff, 0x80, 0x00, 0x00, 0x03, 0xff, 0xff, 0xe0, 0xfb, 0x00, 0x09, 0x0f, 0xff, 0xff, 0x80,
  0x00, 0x00, 0x03, 0xff, 0xff, 0xe0, 0xfb, 0x00, 0x09, 0x0f, 0xff, 0xff, 0x80, 0x00, 0x00, 0x03, 0xff, 0xff, 0xe0, 0xfb, 0x00, 0x09, 0x0f, 0xff,
  0xff, 0x80, 0x00, 0x00, 0x03, 0xff, 0xff, 0xe0, 0xfb, 0x00, 0x09, 0x0f, 0xff, 0xff, 0x80, 0x00, 0x00, 0x03, 0xff, 0xff, 0xe0, 0xfb, 0x00, 0x09,
  0x0f, 0xff, 0xff, 0x80, 0x00, 0x00, 0x03, 0xff, 0xff, 0xe0, 0xfb, 0x00, 0x09, 0x0f, 0xff, 0xff, 0x80, 0x00, 0x00, 0x03, 0xff, 0xff, 0xc0, 0xfb,
  0x00, 0x09, 0x0f, 0xff, 0xff, 0x80, 0x00, 0x00, 0x03, 0xff, 0xff, 0xc0, 0xfb, 0x00, 0x09, 0x07, 0xff, 0xff, 0x80, 0x00, 0x00, 0x03, 0xff, 0xff,
  0xc0, 0xfb, 0x00, 0x09, 0x07, 0xff, 0xff, 0x80, 0x00, 0x00, 0x03, 0xff, 0xff, 0xc0, 0xfb, 0x00, 0x09, 0x07, 0xff, 0xff, 0x80, 0x00, 0x00, 0x03,
  0xff, 0xff, 0x80, 0xfb, 0x00, 0x02, 0x03, 0xff, 0xff, 0xfe, 0x00, 0x03, 0x01, 0xff, 0xff, 0x80, 0xfb, 0x00, 0x02, 0x03, 0xff, 0xff, 0xfe, 0x00,
  0x02, 0x01, 0xff, 0xff, 0xfa, 0x00, 0x08, 0x01, 0xff, 0xfe, 0x00, 0x20, 0x00, 0x00, 0xff, 0xfe, 0xf9, 0x00, 0x07, 0xff, 0xfc, 0x00, 0xf8, 0x00,
  0x00, 0x7f, 0xf8, 0xf9, 0x00, 0x07, 0x3f, 0xf0, 0x01, 0xfc, 0x00, 0x00, 0x0f, 0xc0, 0xf7, 0x00, 0x01, 0x01, 0xfe, 0xf2, 0x00, 0x00, 0x0e, 0x81,
  0x00, 0x81, 0x00, 0x99, 0x00, 0x81, 0x00, 0xd7, 0x00, 0x01, 0x03, 0xe0, 0xf9, 0x00, 0x01, 0x7f, 0xf8, 0xfd, 0x00, 0x01, 0x7f, 0xfc, 0xfa, 0x00,
  0x02, 0x01, 0xff, 0xfc, 0xfd, 0x00, 0x01, 0xff, 0xff, 0xfa, 0x00, 0x02, 0x03, 0xff, 0xfe, 0xfe, 0x00, 0x03, 0x01, 0xff, 0xff, 0x80, 0xfb, 0x00,
  0x02, 0x03, 0xff, 0xff, 0xfe, 0x00, 0x03, 0x03, 0xff, 0xff, 0x80, 0xfb, 0x00, 0x02, 0x07, 0xff, 0xff, 0xfe, 0x00, 0x03, 0x03, 0xff, 0xff, 0xc0,
  0xfb, 0x00, 0x09, 0x07, 0xff, 0xff, 0x80, 0x00, 0x00, 0x03, 0xff, 0xff, 0xc0, 0xfb, 0x00, 0x09, 0x0f, 0xff, 0xff, 0x80, 0x00, 0x00, 0x03, 0xff,
  0xff, 0xc0, 0xfb, 0x00, 0x09, 0x0f, 0xff, 0xff, 0x80, 0x00, 0x00, 0x03, 0xff, 0xff, 0xe0, 0xfb, 0x00, 0x09, 0x0f, 0xff, 0xff, 0x80, 0x00, 0x00,
  0x03, 0xff, 0xff, 0xe0, 0xfb, 0x00, 0x09, 0x0f, 0xff, 0xff, 0x80, 0x00, 0x00, 0x03, 0xff, 0xff, 0xe0, 0xfb, 0x00, 0x09, 0x0f, 0xff, 0xff, 0x80,
  0x00, 0x00, 0x03, 0xff, 0xff, 0xe0, 0xfb, 0x00, 0x09, 0x0f, 0xff, 0xff, 0x80, 0x00, 0x00, 0x03, 0xff, 0xff, 0xe0, 0xfb, 0x00, 0x09, 0x0f, 0xff,
  0xff, 0x80, 0x00, 0x00, 0x03, 0xff, 0xff, 0xe0, 0xfb, 0x00, 0x09, 0x0f, 0xff, 0xff, 0x80, 0x00, 0x00, 0x03, 0xff, 0xff, 0xe0, 0xfb, 0x00, 0x09,
  0x0f, 0xff, 0xff, 0x80, 0x00, 0x00, 0x03, 0xff, 0xff, 0xe0, 0xfb, 0x00, 0x09, 0x0f, 0xff, 0xff, 0x80, 0x00, 0x00, 0x03, 0xff, 0xff, 0xe0, 0xfb,
  0x00, 0x09, 0x0f, 0xff, 0xff, 0x80, 0x00, 0x00, 0x03, 0xff, 0xff, 0xe0, 0xfb, 0x00, 0x09, 0x0f, 0xff, 0xff, 0x80, 0x00, 0x00, 0x03, 0xff, 0xff,
  0xe0, 0xfb, 0x00, 0x09, 0x0f, 0xff, 0xff, 0x80, 0x00, 0x00, 0x03, 0xff, 0xff, 0xe0, 0xfb, 0x00, 0x09, 0x0f, 0xff, 0xff, 0x80, 0x00, 0x00, 0x03,
  0xff, 0xff, 0xc0, 0xfb, 0x00, 0x09, 0x0f, 0xff, 0xff, 0x80, 0x00, 0x00, 0x03, 0xff, 0xff, 0xc0, 0xfb, 0x00, 0x09, 0x07, 0xff, 0xff, 0x80, 0xff,
  0xc0, 0x03, 0xff, 0xff, 0xc0, 0xfb, 0x00, 0x09, 0x07, 0xff, 0xff, 0x81, 0xff, 0xe0, 0x03, 0xff, 0xff, 0x80, 0xfb, 0x00, 0x09, 0x07, 0xff, 0xff,
  0x83, 0xff, 0xf0, 0x03, 0xff, 0xff, 0x80, 0xfb, 0x00, 0x09, 0x03, 0xff, 0xff, 0x03, 0xf0, 0xf0, 0x01, 0xff, 0xff, 0x80, 0xfb, 0x00, 0x08, 0x03,
  0xff, 0xff, 0x03, 0x80, 0x00, 0x01, 0xff, 0xff, 0xfa, 0x00, 0x02, 0x01, 0xff, 0xfe, 0xfd, 0x00, 0x01, 0xff, 0xfe, 0xf9, 0x00, 0x01, 0xff, 0xfc,
  0xfd, 0x00, 0x01, 0x7f, 0xfc, 0xf9, 0x00, 0x01, 0x3f, 0xf0, 0xfd, 0x00, 0x01, 0x0f, 0xc0, 0x81, 0x00, 0x81, 0x00, 0x81, 0x00, 0xfd, 0x00, 0x81,
  0x00, 0xd7, 0x00, 0x01, 0x03, 0xf0, 0xf9, 0x00, 0x01, 0x7f, 0xf8, 0xfd, 0x00, 0x01, 0x7f, 0xfc, 0xfa, 0x00, 0x02, 0x01, 0xff, 0xfc, 0xfd, 0x00,
  0x01, 0xff, 0xff, 0xfa, 0x00, 0x02, 0x03, 0xff, 0xfe, 0xfe, 0x00, 0x03, 0x01, 0xff, 0xff, 0x80, 0xfb, 0x00, 0x02, 0x03, 0xff, 0xff, 0xfe, 0x00,
  0x03, 0x03, 0xff, 0xff, 0x80, 0xfb, 0x00, 0x02, 0x07, 0xff, 0xff, 0xfe, 0x00, 0x03, 0x03, 0xff, 0xff, 0xc0, 0xfb, 0x00, 0x09, 0x07, 0xff, 0xff,
  0x80, 0x00, 0x00, 0x03, 0xff, 0xff, 0xc0, 0xfb, 0x00, 0x09, 0x0f, 0xff, 0xff, 0x80, 0x00, 0x00, 0x03, 0xff, 0xff, 0xc0, 0xfb, 0x00, 0x09, 0x0f,
  0xff, 0xff, 0x80, 0x00, 0x00, 0x03, 0xff, 0xff, 0xe0, 0xfb, 0x00, 0x09, 0x0f, 0xff, 0xff, 0x80, 0x00, 0x00, 0x03, 0xff, 0xff, 0xe0, 0xfb, 0x00,
  0x09, 0x0f, 0xff, 0xff, 0x80, 0x00, 0x00, 0x03, 0xff, 0xff, 0xe0, 0xfb, 0x00, 0x09, 0x0f, 0xff, 0xff, 0x80, 0x00, 0x00, 0x03, 0xff, 0xff, 0xe0,
  0xfb, 0x00, 0x09, 0x0f, 0xff, 0xff, 0x80, 0x00, 0x00, 0x03, 0xff, 0xff, 0xe0, 0xfb, 0x00, 0x09, 0x0f, 0xff, 0xff, 0x80, 0x00, 0x00, 0x03, 0xff,
  0xff, 0xe0, 0xfb, 0x00, 0x09, 0x0f, 0xff, 0xff, 0x80, 0x00, 0x00, 0x03, 0xff, 0xff, 0xe0, 0xfb, 0x00, 0x09, 0x0f, 0xff, 0xff, 0x80, 0x00, 0x00,
  0x03, 0xff, 0xff, 0xe0, 0xfb, 0x00, 0x09, 0x0f, 0xff, 0xff, 0x80, 0x00, 0x00, 0x03, 0xff, 0xff, 0xe0, 0xfb, 0x00, 0x09, 0x0f, 0xff, 0xff, 0x80,
  0x00, 0x00, 0x03, 0xff, 0xff, 0xe0, 0xfb, 0x00, 0x09, 0x0f, 0xff, 0xff, 0x80, 0x00, 0x00, 0x03, 0xff, 0xff, 0xe0, 0xfb, 0x00, 0x09, 0x0f, 0xff,
  0xff, 0x80, 0x00, 0x00, 0x03, 0xff, 0xff, 0xc0, 0xfb, 0x00, 0x09, 0x0f, 0xff, 0xff, 0x80, 0x1f, 0xc0, 0x03, 0xff, 0xff, 0xc0, 0xfb, 0x00, 0x09,
  0x0f, 0xff, 0xff, 0x80, 0x7f, 0xf0, 0x03, 0xff, 0xff, 0xc0, 0xfb, 0x00, 0x09, 0x07, 0xff, 0xff, 0x80, 0xff, 0xf8, 0x03, 0xff, 0xff, 0xc0, 0xfb,
  0x00, 0x09, 0x07, 0xff, 0xff, 0x81, 0xff, 0xfc, 0x03, 0xff, 0xff, 0xc0, 0xfb, 0x00, 0x09, 0x07, 0xff, 0xff, 0x81, 0xe0, 0x00, 0x03, 0xff, 0xff,
  0x80, 0xfb, 0x00, 0x09, 0x03, 0xff, 0xff, 0x00, 0xc0, 0x00, 0x01, 0xff, 0xff, 0x80, 0xfb, 0x00, 0x02, 0x03, 0xff, 0xff, 0xfe, 0x00, 0x02, 0x01,
  0xff, 0xff, 0xfa, 0x00, 0x02, 0x01, 0xff, 0xfe, 0xfd, 0x00, 0x01, 0xff, 0xfe, 0xf9, 0x00, 0x01, 0xff, 0xfc, 0xfd, 0x00, 0x01, 0x7f, 0xfc, 0xf9,
  0x00, 0x01, 0x3f, 0xf0, 0xfd, 0x00, 0x01, 0x0f, 0xc0, 0x81, 0x00, 0x81, 0x00, 0x81, 0x00, 0xfd, 0x00, 0x81, 0x00, 0xd7, 0x00, 0x01, 0x03, 0xf0,
  0xf9, 0x00, 0x01, 0x7f, 0xf8, 0xfd, 0x00, 0x01, 0x7f, 0xfc, 0xfa, 0x00, 0x02, 0x01, 0xff, 0xfc, 0xfd, 0x00, 0x01, 0xff, 0xff, 0xfa, 0x00, 0x02,
  0x03, 0xff, 0xfe, 0xfe, 0x00, 0x03, 0x01, 0xff, 0xff, 0x80, 0xfb, 0x00, 0x02, 0x03, 0xff, 0xff, 0xfe, 0x00, 0x03, 0x03, 0xff, 0xff, 0x80, 0xfb,
  0x00, 0x02, 0x07, 0xff, 0xff, 0xfe, 0x00, 0x03, 0x03, 0xff, 0xff, 0xc0, 0xfb, 0x00, 0x09, 0x07, 0xff, 0xff, 0x80, 0x00, 0x00, 0x03, 0xff, 0xff,
  0xc0, 0xfb, 0x00, 0x09, 0x0f, 0xff, 0xff, 0x80, 0x00, 0x00, 0x03, 0xff, 0xff, 0xc0, 0xfb, 0x00, 0x09, 0x0f, 0xff, 0xff, 0x80, 0x00, 0x00, 0x03,
  0xff, 0xff, 0xe0, 0xfb, 0x00, 0x09, 0x0f, 0xff, 0xff, 0x80, 0x00, 0x00, 0x03, 0xff, 0xff, 0xe0, 0xfb, 0x00, 0x09, 0x0f, 0xff, 0xff, 0x80, 0x00,
  0x00, 0x03, 0xff, 0xff, 0xe0, 0xfb, 0x00, 0x09, 0x0f, 0xff, 0xff, 0x80, 0x00, 0x00, 0x03, 0xff, 0xff, 0xe0, 0xfb, 0x00, 0x09, 0x0f, 0xff, 0xff,
  0x80, 0x00, 0x00, 0x03, 0xff, 0xff, 0xe0, 0xfb, 0x00, 0x09, 0x0f, 0xff, 0xff, 0x80, 0x00, 0x00, 0x03, 0xff, 0xff, 0xe0, 0xfb, 0x00, 0x09, 0x0f,
  0xff, 0xff, 0x80, 0x00, 0x00, 0x03, 0xff, 0xff, 0xe0, 0xfb, 0x00, 0x09, 0x0f, 0xff, 0xff, 0x80, 0x00, 0x00, 0x03, 0xff, 0xff, 0xe0, 0xfb, 0x00,
  0x09, 0x0f, 0xff, 0xff, 0x80, 0x00, 0x00, 0x03, 0xff, 0xff, 0xe0, 0xfb, 0x00, 0x09, 0x0f, 0xff, 0xff, 0x80, 0x00, 0x00, 0x03, 0xff, 0xff, 0xe0,
  0xfb, 0x00, 0x09, 0x0f, 0xff, 0xff, 0x80, 0x00, 0x00, 0x03, 0xff, 0xff, 0xe0, 0xfb, 0x00, 0x09, 0x0f, 0xff, 0xff, 0x80, 0x00, 0x00, 0x03, 0xff,
  0xff, 0xc0, 0xfb, 0x00, 0x09, 0x0f, 0xff, 0xff, 0x80, 0x1f, 0xc0, 0x03, 0xff, 0xff, 0xc0, 0xfb, 0x00, 0x09, 0x0f, 0xff, 0xff, 0x80, 0x7f, 0xf0,
  0x03, 0xff, 0xff, 0xc0, 0xfb, 0x00, 0x09, 0x07, 0xff, 0xff, 0x80, 0xff, 0xfc, 0x03, 0xff, 0xff, 0xc0, 0xfb, 0x00, 0x09, 0x07, 0xff, 0xff, 0x81,
  0xff, 0xfc, 0x03, 0xff, 0xff, 0xc0, 0xfb, 0x00, 0x09, 0x07, 0xff, 0xff, 0x81, 0xf0, 0x04, 0x03, 0xff, 0xff, 0x80, 0xfb, 0x00, 0x09, 0x03, 0xff,
  0xff, 0x00, 0xc0, 0x00, 0x01, 0xff, 0xff, 0x80, 0xfb, 0x00, 0x02, 0x03, 0xff, 0xff, 0xfe, 0x00, 0x02, 0x01, 0xff, 0xff, 0xfa, 0x00, 0x02, 0x01,
  0xff, 0xfe, 0xfd, 0x00, 0x01, 0xff, 0xfe, 0xf9, 0x00, 0x01, 0xff, 0xfc, 0xfd, 0x00, 0x01, 0x7f, 0xf8, 0xf9, 0x00, 0x01, 0x3f, 0xf0, 0xfd, 0x00,
  0x01, 0x0f, 0xc0, 0x81, 0x00, 0x81, 0x00, 0x81, 0x00, 0xfd, 0x00, 0x81, 0x00, 0xd7, 0x00, 0x01, 0x03, 0xf0, 0xf9, 0x00, 0x01, 0x7f, 0xf8, 0xfd,
  0x00, 0x01, 0x7f, 0xfc, 0xfa, 0x00, 0x02, 0x01, 0xff, 0xfc, 0xfd, 0x00, 0x01, 0xff, 0xff, 0xfa, 0x00, 0x02, 0x03, 0xff, 0xff, 0xfe, 0x00, 0x03,
  0x01, 0xff, 0xff, 0x80, 0xfb, 0x00, 0x02, 0x03, 0xff, 0xff, 0xfe, 0x00, 0x03, 0x03, 0xff, 0xff, 0x80, 0xfb, 0x00, 0x02, 0x07, 0xff, 0xff, 0xfe,
  0x00, 0x03, 0x03, 0xff, 0xff, 0xc0, 0xfb, 0x00, 0x09, 0x0f, 0xff, 0xff, 0x80, 0x00, 0x00, 0x03, 0xff, 0xff, 0xc0, 0xfb, 0x00, 0x09, 0x0f, 0xff,
  0xff, 0x80, 0x00, 0x00, 0x03, 0xff, 0xff, 0xc0, 0xfb, 0x00, 0x09, 0x0f, 0xff, 0xff, 0x80, 0x00, 0x00, 0x03, 0xff, 0xff, 0xe0, 0xfb, 0x00, 0x09,
  0x0f, 0xff, 0xff, 0x80, 0x00, 0x00, 0x03, 0xff, 0xff, 0xe0, 0xfb, 0x00, 0x09, 0x0f, 0xff, 0xff, 0x80, 0x00, 0x00, 0x03, 0xff, 0xff, 0xe0, 0xfb,
  0x00, 0x09, 0x0f, 0xff, 0xff, 0x80, 0x00, 0x00, 0x03, 0xff, 0xff, 0xe0, 0xfb, 0x00, 0x09, 0x0f, 0xff, 0xff, 0x80, 0x00, 0x00, 0x03, 0xff, 0xff,
  0xe0, 0xfb, 0x00, 0x09, 0x0f, 0xff, 0xff, 0x80, 0x00, 0x00, 0x03, 0xff, 0xff, 0xe0, 0xfb, 0x00, 0x09, 0x0f, 0xff, 0xff, 0x80, 0x00, 0x00, 0x03,
  0xff, 0xff, 0xe0, 0xfb, 0x00, 0x09, 0x0f, 0xff, 0xff, 0x80, 0x00, 0x00, 0x03, 0xff, 0xff, 0xe0, 0xfb, 0x00, 0x09, 0x0f, 0xff, 0xff, 0x80, 0x00,
  0x00, 0x03, 0xff, 0xff, 0xe0, 0xfb, 0x00, 0x09, 0x0f, 0xff, 0xff, 0x80, 0x00, 0x00, 0x03, 0xff, 0xff, 0xe0, 0xfb, 0x00, 0x09, 0x0f, 0xff, 0xff,
  0x80, 0x00, 0x00, 0x03, 0xff, 0xff, 0xe0, 0xfb, 0x00, 0x09, 0x0f, 0xff, 0xff, 0x80, 0x00, 0x00, 0x03, 0xff, 0xff, 0xc0, 0xfb, 0x00, 0x09, 0x0f,
  0xff, 0xff, 0x80, 0x0f, 0xc0, 0x03, 0xff, 0xff, 0xc0, 0xfb, 0x00, 0x09, 0x0f, 0xff, 0xff, 0x80, 0x3f, 0xf8, 0x03, 0xff, 0xff, 0xc0, 0xfb, 0x00,
  0x09, 0x07, 0xff, 0xff, 0x80, 0xff, 0xfc, 0x03, 0xff, 0xff, 0xc0, 0xfb, 0x00, 0x09, 0x07, 0xff, 0xff, 0x80, 0xff, 0xfe, 0x03, 0xff, 0xff, 0xc0,
  0xfb, 0x00, 0x09, 0x07, 0xff, 0xff, 0x80, 0xf0, 0x06, 0x03, 0xff, 0xff, 0x80, 0xfb, 0x00, 0x09, 0x03, 0xff, 0xff, 0x00, 0x40, 0x00, 0x01, 0xff,
  0xff, 0x80, 0xfb, 0x00, 0x02, 0x03, 0xff, 0xff, 0xfe, 0x00, 0x02, 0x01, 0xff, 0xff, 0xfa, 0x00, 0x02, 0x01, 0xff, 0xfe, 0xfd, 0x00, 0x01, 0xff,
  0xfe, 0xf9, 0x00, 0x01, 0xff, 0xfc, 0xfd, 0x00, 0x01, 0x7f, 0xf8, 0xf9, 0x00, 0x01, 0x3f, 0xf0, 0xfd, 0x00, 0x01, 0x0f, 0xc0, 0x81, 0x00, 0x81,
  0x00, 0x81, 0x00, 0xfd, 0x00, 0x81, 0x00, 0xd7, 0x00, 0x01, 0x03, 0xf0, 0xf9, 0x00, 0x01, 0x7f, 0xf8, 0xfd, 0x00, 0x01, 0x7f, 0xfc, 0xfa, 0x00,
  0x02, 0x01, 0xff, 0xfc, 0xfd, 0x00, 0x01, 0xff, 0xff, 0xfa, 0x00, 0x02, 0x03, 0xff, 0xfe, 0xfe, 0x00, 0x03, 0x01, 0xff, 0xff, 0x80, 0xfb, 0x00,
  0x02, 0x03, 0xff, 0xff, 0xfe, 0x00, 0x03, 0x03, 0xff, 0xff, 0x80, 0xfb, 0x00, 0x02, 0x07, 0xff, 0xff, 0xfe, 0x00, 0x03, 0x03, 0xff, 0xff, 0xc0,
  0xfb, 0x00, 0x09, 0x07, 0xff, 0xff, 0x80, 0x00, 0x00, 0x03, 0xff, 0xff, 0xc0, 0xfb, 0x00, 0x09, 0x0f, 0xff, 0xff, 0x80, 0x00, 0x00, 0x03, 0xff,
  0xff, 0xc0, 0xfb, 0x00, 0x09, 0x0f, 0xff, 0xff, 0x80, 0x00, 0x00, 0x03, 0xff, 0xff, 0xe0, 0xfb, 0x00, 0x09, 0x0f, 0xff, 0xff, 0x80, 0x00, 0x00,
  0x03, 0xff, 0xff, 0xe0, 0xfb, 0x00, 0x09, 0x0f, 0xff, 0xff, 0x80, 0x00, 0x00, 0x03, 0xff, 0xff, 0xe0, 0xfb, 0x00, 0x09, 0x0f, 0xff, 0xff, 0x80,
  0x00, 0x00, 0x03, 0xff, 0xff, 0xe0, 0xfb, 0x00, 0x09, 0x0f, 0xff, 0xff, 0x80, 0x00, 0x00, 0x03, 0xff, 0xff, 0xe0, 0xfb, 0x00, 0x09, 0x0f, 0xff,
  0xff, 0x80, 0x00, 0x00, 0x03, 0xff, 0xff, 0xe0, 0xfb, 0x00, 0x09, 0x0f, 0xff, 0xff, 0x80, 0x00, 0x00, 0x03, 0xff, 0xff, 0xe0, 0xfb, 0x00, 0x09,
  0x0f, 0xff, 0xff, 0x80, 0x00, 0x00, 0x03, 0xff, 0xff, 0xe0, 0xfb, 0x00, 0x09, 0x0f, 0xff, 0xff, 0x80, 0x00, 0x00, 0x03, 0xff, 0xff, 0xe0, 0xfb,
  0x00, 0x09, 0x0f, 0xff, 0xff, 0x80, 0x00, 0x00, 0x03, 0xff, 0xff, 0xe0, 0xfb, 0x00, 0x09, 0x0f, 0xff, 0xff, 0x80, 0x00, 0x00, 0x03, 0xff, 0xff,
  0xe0, 0xfb, 0x00, 0x09, 0x0f, 0xff, 0xff, 0x80, 0x00, 0x00, 0x03, 0xff, 0xff, 0xc0, 0xfb, 0x00, 0x09, 0x0f, 0xff, 0xff, 0x80, 0x07, 0xc0, 0x03,
  0xff, 0xff, 0xc0, 0xfb, 0x00, 0x09, 0x0f, 0xff, 0xff, 0x80, 0x3f, 0xf8, 0x03, 0xff, 0xff, 0xc0, 0xfb, 0x00, 0x09, 0x07, 0xff, 0xff, 0x80, 0x7f,
  0xfc, 0x03, 0xff, 0xff, 0xc0, 0xfb, 0x00, 0x09, 0x07, 0xff, 0xff, 0x00, 0x7f, 0xfe, 0x03, 0xff, 0xff, 0xc0, 0xfb, 0x00, 0x09, 0x07, 0xff, 0xff,
  0x00, 0xfe, 0x3f, 0x03, 0xff, 0xff, 0x80, 0xfb, 0x00, 0x09, 0x03, 0xff, 0xff, 0x00, 0x60, 0x07, 0x01, 0xff, 0xff, 0x80, 0xfb, 0x00, 0x02, 0x03,
  0xff, 0xff, 0xfe, 0x00, 0x02, 0x01, 0xff, 0xff, 0xfa, 0x00, 0x02, 0x01, 0xff, 0xfe, 0xfd, 0x00, 0x01, 0xff, 0xfe, 0xf9, 0x00, 0x01, 0xff, 0xfc,
  0xfd, 0x00, 0x01, 0x7f, 0xf8, 0xf9, 0x00, 0x01, 0x3f, 0xf0, 0xfd, 0x00, 0x01, 0x0f, 0xc0, 0x81, 0x00, 0x81, 0x00, 0x81, 0x00, 0xfd, 0x00, 0x81,
  0x00, 0xd7, 0x00, 0x01, 0x03, 0xf0, 0xf9, 0x00, 0x01, 0x7f, 0xf8, 0xfd, 0x00, 0x01, 0x7f, 0xfc, 0xfa, 0x00, 0x02, 0x01, 0xff, 0xfc, 0xfd, 0x00,
  0x01, 0xff, 0xff, 0xfa, 0x00, 0x02, 0x03, 0xff, 0xff, 0xfe, 0x00, 0x03, 0x01, 0xff, 0xff, 0x80, 0xfb, 0x00, 0x02, 0x03, 0xff, 0xff, 0xfe, 0x00,
  0x03, 0x03, 0xff, 0xff, 0x80, 0xfb, 0x00, 0x02, 0x07, 0xff, 0xff, 0xfe, 0x00, 0x03, 0x03, 0xff, 0xff, 0xc0, 0xfb, 0x00, 0x09, 0x0f, 0xff, 0xff,
  0x80, 0x00, 0x00, 0x03, 0xff, 0xff, 0xc0, 0xfb, 0x00, 0x09, 0x0f, 0xff, 0xff, 0x80, 0x00, 0x00, 0x03, 0xff, 0xff, 0xc0, 0xfb, 0x00, 0x09, 0x0f,
  0xff, 0xff, 0x80, 0x00, 0x00, 0x03, 0xff, 0xff, 0xe0, 0xfb, 0x00, 0x09, 0x0f, 0xff, 0xff, 0x80, 0x00, 0x00, 0x07, 0xff, 0xff, 0xe0, 0xfb, 0x00,
  0x09, 0x0f, 0xff, 0xff, 0x80, 0x00, 0x00, 0x03, 0xff, 0xff, 0xe0, 0xfb, 0x00, 0x09, 0x0f, 0xff, 0xff, 0x80, 0x00, 0x00, 0x03, 0xff, 0xff, 0xe0,
  0xfb, 0x00, 0x09, 0x0f, 0xff, 0xff, 0x80, 0x00, 0x00, 0x03, 0xff, 0xff, 0xe0, 0xfb, 0x00, 0x09, 0x0f, 0xff, 0xff, 0x80, 0x00, 0x00, 0x03, 0xff,
  0xff, 0xe0, 0xfb, 0x00, 0x09, 0x0f, 0xff, 0xff, 0x80, 0x00, 0x00, 0x03, 0xff, 0xff, 0xe0, 0xfb, 0x00, 0x09, 0x0f, 0xff, 0xff, 0x80, 0x00, 0x00,
  0x03, 0xff, 0xff, 0xe0, 0xfb, 0x00, 0x09, 0x0f, 0xff, 0xff, 0x80, 0x00, 0x00, 0x03, 0xff, 0xff, 0xe0, 0xfb, 0x00, 0x09, 0x0f, 0xff, 0xff, 0x80,
  0x00, 0x00, 0x03, 0xff, 0xff, 0xe0, 0xfb, 0x00, 0x09, 0x0f, 0xff, 0xff, 0x80, 0x00, 0x00, 0x03, 0xff, 0xff, 0xe0, 0xfb, 0x00, 0x09, 0x0f, 0xff,
  0xff, 0x80, 0x00, 0x00, 0x03, 0xff, 0xff, 0xc0, 0xfb, 0x00, 0x09, 0x0f, 0xff, 0xff, 0x80, 0x00, 0x00, 0x03, 0xff, 0xff, 0xc0, 0xfb, 0x00, 0x09,
  0x0f, 0xff, 0xff, 0x80, 0x0f, 0xf0, 0x03, 0xff, 0xff, 0xc0, 0xfb, 0x00, 0x09, 0x07, 0xff, 0xff, 0x80, 0x1f, 0xfc, 0x03, 0xff, 0xff, 0xc0, 0xfb,
  0x00, 0x09, 0x07, 0xff, 0xff, 0x00, 0x3f, 0xff, 0x03, 0xff, 0xff, 0xc0, 0xfb, 0x00, 0x09, 0x07, 0xff, 0xff, 0x00, 0x3f, 0xff, 0x03, 0xff, 0xff,
  0x80, 0xfb, 0x00, 0x09, 0x03, 0xff, 0xff, 0x00, 0x38, 0x0f, 0x81, 0xff, 0xff, 0x80, 0xfb, 0x00, 0x02, 0x03, 0xff, 0xff, 0xfe, 0x00, 0x02, 0x01,
  0xff, 0xff, 0xfa, 0x00, 0x02, 0x01, 0xff, 0xfe, 0xfd, 0x00, 0x01, 0xff, 0xfe, 0xf9, 0x00, 0x01, 0xff, 0xfc, 0xfd, 0x00, 0x01, 0x7f, 0xfc, 0xf9,
  0x00, 0x01, 0x3f, 0xf0, 0xfd, 0x00, 0x01, 0x0f, 0xc0, 0x81, 0x00, 0x81, 0x00, 0x81, 0x00, 0xfd, 0x00,
};
