// embarrassed.gif: 75 frames, 15 fps, 128x64 1-bit
// Each frame: 1024 bytes (16 per row, MSB = left pixel), PackBits-compressed.
#pragma once

#define ANIM_EMBARRASSED_FRAMES 75
#define ANIM_EMBARRASSED_FPS 15

const uint8_t anim_embarrassed[] PROGMEM = {
  0x81, 0x00, 0xc8, 0x00, 0x00, 0x78, 0xf3, 0x00, 0x01, 0x01, 0xfe, 0xf3, 0x00, 0x01, 0x03, 0xff, 0xf3, 0x00, 0x02, 0x07, 0xff, 0x80, 0xf4, 0x00,
  0x02, 0x0f, 0xff, 0x80, 0xf4, 0x00, 0x02, 0x0f, 0xff, 0xc0, 0xf4, 0x00, 0x02, 0x0f, 0xff, 0xc0, 0xf4, 0x00, 0x02, 0x1f, 0xff, 0xc0, 0xf4, 0x00,
  0x03, 0x1f, 0xff, 0xff, 0xe0, 0xfa, 0x00, 0x05, 0x01, 0xff, 0xff, 0xc0, 0x00, 0x1f, 0xfe, 0xff, 0xfa, 0x00, 0x05, 0x0f, 0xff, 0xff, 0xe0, 0x00,
  0x1f, 0xfe, 0xff, 0x00, 0xf0, 0xfb, 0x00, 0x05, 0x7f, 0xff, 0xff, 0xe0, 0x00, 0x1f, 0xfe, 0xff, 0x00, 0xf8, 0xfb, 0x00, 0x05, 0x7f, 0xff, 0xff,
  0xe0, 0x00, 0x1f, 0xfe, 0xff, 0x00, 0xf8, 0xfb, 0x00, 0x09, 0xff, 0xf8, 0x00, 0x00, 0x0f, 0xff, 0xfe, 0x00, 0x00, 0x78, 0xfb, 0x00, 0x00, 0x70,
  0xfe, 0x00, 0x02, 0x3f, 0xfe, 0xf8, 0xf4, 0x00, 0x01, 0xff, 0xff, 0xf4, 0x00, 0x03, 0x03, 0xff, 0xff, 0x80, 0xf5, 0x00, 0x03, 0x07, 0xff, 0xff,
  0xc0, 0xf5, 0x00, 0x03, 0x07, 0xff, 0xff, 0xc0, 0xf5, 0x00, 0x03, 0x0f, 0xff, 0xe0, 0xc0, 0xf5, 0x00, 0x03, 0x1f, 0xe7, 0xe0, 0xe0, 0xf5, 0x00,
  0x03, 0x1f, 0xff, 0xf9, 0xe0, 0xf5, 0x00, 0x03, 0x1f, 0xff, 0xff, 0xc0, 0xf5, 0x00, 0x03, 0x0f, 0xff, 0xff, 0xc0, 0xf5, 0x00, 0x03, 0x0f, 0xff,
  0xff, 0x80, 0xf5, 0x00, 0x01, 0x03, 0xe0, 0xf3, 0x00, 0x01, 0x03, 0x80, 0xf3, 0x00, 0x01, 0x03, 0x80, 0xf3, 0x00, 0x01, 0x01, 0x80, 0x81, 0x00,
  0x81, 0x00, 0x81, 0x00, 0xf9, 0x00, 0x81, 0x00, 0xc8, 0x00, 0x00, 0x78, 0xf3, 0x00, 0x01, 0x01, 0xfe, 0xf3, 0x00, 0x01, 0x03, 0xff, 0xf3, 0x00,
  0x02, 0x07, 0xff, 0x80, 0xf4, 0x00, 0x02, 0x0f, 0xff, 0x80, 0xf4, 0x00, 0x02, 0x0f, 0xff, 0xc0, 0xf4, 0x00, 0x02, 0x0f, 0xff, 0xc0, 0xf4, 0x00,
  0x02, 0x1f, 0xff, 0xc0, 0xf7, 0x00, 0x06, 0x78, 0x00, 0x00, 0x1f, 0xff, 0xff, 0xc0, 0xfa, 0x00, 0x05, 0x01, 0xff, 0xff, 0xc0, 0x00, 0x1f, 0xfe,
  0xff, 0x00, 0x80, 0xfb, 0x00, 0x05, 0x0f, 0xff, 0xff, 0xe0, 0x00, 0x1f, 0xfe, 0xff, 0x00, 0xf0, 0xfb, 0x00, 0x05, 0x7f, 0xff, 0xff, 0xe0, 0x00,
  0x1f, 0xfe, 0xff, 0x00, 0xf8, 0xfb, 0x00, 0x05, 0x7f, 0xff, 0xff, 0xe0, 0x00, 0x3f, 0xfe, 0xff, 0x00, 0xf8, 0xfb, 0x00, 0x09, 0xff, 0xf8, 0x00,
  0x00, 0x0f, 0xff, 0xfe, 0x00, 0x00, 0x78, 0xfb, 0x00, 0x00, 0x60, 0xfe, 0x00, 0x02, 0x3f, 0xfe, 0xf0, 0xf4, 0x00, 0x01, 0xff, 0xff, 0xf4, 0x00,
  0x03, 0x03, 0xff, 0xff, 0x80, 0xf5, 0x00, 0x03, 0x07, 0xff, 0xff, 0xc0, 0xf5, 0x00, 0x03, 0x07, 0xff, 0xff, 0xc0, 0xf5, 0x00, 0x03, 0x0f, 0xff,
  0xe0, 0xc0, 0xf5, 0x00, 0x03, 0x1f, 0xe6, 0xe0, 0xe0, 0xf5, 0x00, 0x03, 0x1f, 0xff, 0xf9, 0xc0, 0xf5, 0x00, 0x03, 0x1f, 0xff, 0xff, 0xc0, 0xf5,
  0x00, 0x03, 0x0f, 0xff, 0xff, 0xc0, 0xf5, 0x00, 0x03, 0x07, 0xff, 0xff, 0x80, 0xf5, 0x00, 0x01, 0x03, 0xe0, 0xf3, 0x00, 0x01, 0x03, 0x80, 0xf3,
  0x00, 0x01, 0x03, 0x80, 0xf3, 0x00, 0x00, 0x01, 0x81, 0x00, 0x81, 0x00, 0x81, 0x00, 0xf8, 0x00, 0x81, 0x00, 0xc8, 0x00, 0x00, 0x78, 0xf3, 0x00,
  0x01, 0x01, 0xfe, 0xf3, 0x00, 0x01, 0x03, 0xff, 0xf3, 0x00, 0x02, 0x07, 0xff, 0x80, 0xf4, 0x00, 0x02, 0x0f, 0xff, 0x80, 0xf4, 0x00, 0x02, 0x0f,
  0xff, 0xc0, 0xf4, 0x00, 0x02, 0x0f, 0xff, 0xc0, 0xf4, 0x00, 0x02, 0x1f, 0xff, 0xc0, 0xf7, 0x00, 0x06, 0x78, 0x00, 0x00, 0x1f, 0xff, 0xff, 0xc0,
  0xfa, 0x00, 0x05, 0x01, 0xff, 0xff, 0xc0, 0x00, 0x1f, 0xfe, 0xff, 0x00, 0x80, 0xfb, 0x00, 0x05, 0x0f, 0xff, 0xff, 0xe0, 0x00, 0x1f, 0xfe, 0xff,
  0x00, 0xf0, 0xfb, 0x00, 0x05, 0x7f, 0xff, 0xff, 0xe0, 0x00, 0x1f, 0xfe, 0xff, 0x00, 0xf8, 0xfb, 0x00, 0x05, 0x7f, 0xff, 0xff, 0xc0, 0x00, 0x1f,
  0xfe, 0xff, 0x00, 0xf8, 0xfb, 0x00, 0x09, 0xff, 0xc0, 0x00, 0x00, 0x0f, 0xf7, 0xfc, 0x00, 0x00, 0x78, 0xf7, 0x00, 0x02, 0x3f, 0xfe, 0xe0, 0xf4,
  0x00, 0x01, 0xff, 0xff, 0xf4, 0x00, 0x03, 0x03, 0xff, 0xff, 0x80, 0xf5, 0x00, 0x03, 0x07, 0xff, 0xff, 0xc0, 0xf5, 0x00, 0x03, 0x0f, 0xff, 0xfd,
  0xc0, 0xf5, 0x00, 0x03, 0x0f, 0xff, 0xe0, 0xc0, 0xf5, 0x00, 0x03, 0x1f, 0xe7, 0xe0, 0xe0, 0xf5, 0x00, 0x03, 0x1f, 0xf7, 0xf9, 0xc0, 0xf5, 0x00,
  0x03, 0x1f, 0xff, 0xff, 0xc0, 0xf5, 0x00, 0x03, 0x0f, 0xff, 0xff, 0xc0, 0xf5, 0x00, 0x03, 0x07, 0xff, 0xff, 0x80, 0xf5, 0x00, 0x01, 0x03, 0xe0,
  0xf3, 0x00, 0x01, 0x03, 0x80, 0xf3, 0x00, 0x01, 0x03, 0x80, 0xf3, 0x00, 0x00, 0x01, 0x81, 0x00, 0x81, 0x00, 0x81, 0x00, 0xf8, 0x00, 0x81, 0x00,
  0xc8, 0x00, 0x00, 0x78, 0xf3, 0x00, 0x01, 0x01, 0xfe, 0xf3, 0x00, 0x01, 0x03, 0xff, 0xf3, 0x00, 0x02, 0x07, 0xff, 0x80, 0xf4, 0x00, 0x02, 0x0f,
  0xff, 0x80, 0xf4, 0x00, 0x02, 0x0f, 0xff, 0xc0, 0xf4, 0x00, 0x02, 0x0f, 0xff, 0xc0, 0xf4, 0x00, 0x02, 0x1f, 0xff, 0xc0, 0xf8, 0x00, 0x07, 0x0f,
  0xfe, 0x00, 0x00, 0x1f, 0xff, 0xff, 0xe0, 0xfa, 0x00, 0x05, 0x03, 0xff, 0xff, 0xe0, 0x00, 0x1f, 0xfe, 0xff, 0x00, 0x80, 0xfb, 0x00, 0x05, 0x1f,
  0xff, 0xff, 0xe0, 0x00, 0x1f, 0xfe, 0xff, 0x00, 0xf0, 0xfb, 0x00, 0x05, 0x7f, 0xff, 0xff, 0xe0, 0x00, 0x1f, 0xfe, 0xff, 0x00, 0xf8, 0xfb, 0x00,
  0x05, 0x7f, 0xff, 0xff, 0xc0, 0x00, 0x1f, 0xfe, 0xff, 0x00, 0xf8, 0xfb, 0x00, 0x09, 0xff, 0xc0, 0x00, 0x00, 0x0f, 0xff, 0xfe, 0x00, 0x00, 0x78,
  0xf7, 0x00, 0x02, 0x3f, 0xfe, 0xe0, 0xf5, 0x00, 0x02, 0x01, 0xff, 0xff, 0xf4, 0x00, 0x03, 0x03, 0xff, 0xff, 0x80, 0xf5, 0x00, 0x03, 0x07, 0xff,
  0xff, 0xc0, 0xf5, 0x00, 0x03, 0x0f, 0xff, 0xfd, 0xc0, 0xf5, 0x00, 0x03, 0x1f, 0xff, 0xe0, 0xc0, 0xf5, 0x00, 0x03, 0x1f, 0xe7, 0xe0, 0xe0, 0xf5,
  0x00, 0x03, 0x1f, 0xff, 0xf9, 0xc0, 0xf5, 0x00, 0x03, 0x1f, 0xff, 0xff, 0xc0, 0xf5, 0x00, 0x03, 0x0f, 0xff, 0xff, 0xc0, 0xf5, 0x00, 0x03, 0x07,
  0xff, 0xff, 0x80, 0xf5, 0x00, 0x01, 0x03, 0xe0, 0xf3, 0x00, 0x01, 0x03, 0x80, 0xf3, 0x00, 0x01, 0x03, 0x80, 0xf3, 0x00, 0x00, 0x01, 0x81, 0x00,
  0x81, 0x00, 0x81, 0x00, 0xf8, 0x00, 0x81, 0x00, 0xc8, 0x00, 0x00, 0x78, 0xf3, 0x00, 0x01, 0x01, 0xfe, 0xf3, 0x00, 0x01, 0x03, 0xff, 0xf3, 0x00,
  0x02, 0x07, 0xff, 0x80, 0xf4, 0x00, 0x02, 0x0f, 0xff, 0x80, 0xf4, 0x00, 0x02, 0x0f, 0xff, 0xc0, 0xf4, 0x00, 0x02, 0x0f, 0xff, 0x80, 0xf4, 0x00,
  0x02, 0x1f, 0xff, 0xc0, 0xf8, 0x00, 0x07, 0x03, 0xff, 0x00, 0x00, 0x1f, 0xff, 0xff, 0xe0, 0xfa, 0x00, 0x05, 0x03, 0xff, 0xff, 0xe0, 0x00, 0x1f,
  0xfe, 0xff, 0x00, 0x80, 0xfb, 0x00, 0x05, 0x1f, 0xff, 0xff, 0xe0, 0x00, 0x1f, 0xfe, 0xff, 0x00, 0xf0, 0xfb, 0x00, 0x05, 0x7f, 0xff, 0xff, 0xe0,
  0x00, 0x1f, 0xfe, 0xff, 0x00, 0xf8, 0xfb, 0x00, 0x09, 0x7f, 0xff, 0xfb, 0xc0, 0x00, 0x1f, 0xfe, 0x00, 0xff, 0xf8, 0xfb, 0x00, 0x09, 0xff, 0x80,
  0x00, 0x00, 0x1f, 0xff, 0xfc, 0x00, 0x00, 0x30, 0xf7, 0x00, 0x01, 0x7f, 0xfe, 0xf4, 0x00, 0x02, 0x01, 0xff, 0xff, 0xf4, 0x00, 0x03, 0x03, 0xff,
  0xff, 0x80, 0xf5, 0x00, 0x03, 0x07, 0xff, 0xff, 0xc0, 0xf5, 0x00, 0x03, 0x0f, 0xff, 0xfd, 0xc0, 0xf5, 0x00, 0x03, 0x0f, 0xff, 0xe0, 0xc0, 0xf5,
  0x00, 0x03, 0x1f, 0xe7, 0xe0, 0xe0, 0xf5, 0x00, 0x03, 0x1f, 0xef, 0xf9, 0xc0, 0xf5, 0x00, 0x03, 0x1f, 0xff, 0xff, 0xc0, 0xf5, 0x00, 0x03, 0x0f,
  0xff, 0xff, 0x80, 0xf5, 0x00, 0x02, 0x07, 0xff, 0xff, 0xf4, 0x00, 0x01, 0x03, 0xe0, 0xf3, 0x00, 0x01, 0x03, 0x80, 0xf3, 0x00, 0x01, 0x03, 0x80,
  0xf3, 0x00, 0x00, 0x01, 0x81, 0x00, 0x81, 0x00, 0x81, 0x00, 0xf8, 0x00, 0x81, 0x00, 0xc8, 0x00, 0x00, 0x78, 0xf3, 0x00, 0x01, 0x03, 0xfe, 0xf3,
  0x00, 0x01, 0x07, 0xff, 0xf3, 0x00, 0x02, 0x07, 0xff, 0x80, 0xf4, 0x00, 0x02, 0x0f, 0xff, 0x80, 0xf4, 0x00, 0x02, 0x0f, 0xff, 0x80, 0xf4, 0x00,
  0x02, 0x0f, 0xff, 0x80, 0xf4, 0x00, 0x02, 0x1f, 0xff, 0xc0, 0xf8, 0x00, 0x07, 0x0f, 0xff, 0x80, 0x00, 0x1f, 0xff, 0xff, 0xf8, 0xfa, 0x00, 0x05,
  0x03, 0xff, 0xff, 0xe0, 0x00, 0x1f, 0xfe, 0xff, 0x00, 0xc0, 0xfb, 0x00, 0x05, 0x3f, 0xff, 0xff, 0xe0, 0x00, 0x1f, 0xfe, 0xff, 0x00, 0xf0, 0xfb,
  0x00, 0x05, 0x7f, 0xff, 0xff, 0xe0, 0x00, 0x1f, 0xfe, 0xff, 0x00, 0xf8, 0xfb, 0x00, 0x09, 0x7f, 0xff, 0xff, 0x80, 0x00, 0x3f, 0xfe, 0x00, 0xff,
  0xf8, 0xfb, 0x00, 0x00, 0xfe, 0xfe, 0x00, 0x05, 0x1f, 0xf9, 0xfc, 0x00, 0x00, 0x70, 0xf7, 0x00, 0x01, 0x7f, 0xfe, 0xf4, 0x00, 0x02, 0x01, 0xff,
  0xff, 0xf4, 0x00, 0x03, 0x03, 0xff, 0xff, 0x80, 0xf5, 0x00, 0x03, 0x07, 0xff, 0xff, 0xc0, 0xf5, 0x00, 0x03, 0x0f, 0xff, 0xfd, 0xc0, 0xf5, 0x00,
  0x03, 0x1f, 0xff, 0xe0, 0xc0, 0xf5, 0x00, 0x03, 0x1f, 0xe6, 0xe0, 0xe0, 0xf5, 0x00, 0x03, 0x1f, 0xff, 0xf9, 0xc0, 0xf5, 0x00, 0x03, 0x1f, 0xff,
  0xff, 0xc0, 0xf5, 0x00, 0x03, 0x0f, 0xff, 0xff, 0x80, 0xf5, 0x00, 0x02, 0x07, 0xff, 0xff, 0xf4, 0x00, 0x01, 0x03, 0xe0, 0xf3, 0x00, 0x01, 0x03,
  0x80, 0xf3, 0x00, 0x01, 0x03, 0x80, 0xf3, 0x00, 0x00, 0x01, 0x81, 0x00, 0x81, 0x00, 0x81, 0x00, 0xf8, 0x00, 0x81, 0x00, 0xc8, 0x00, 0x00, 0x78,
  0xf3, 0x00, 0x01, 0x03, 0xfc, 0xf3, 0x00, 0x01, 0x07, 0xfe, 0xf3, 0x00, 0x01, 0x07, 0xff, 0xf3, 0x00, 0x02, 0x0f, 0xff, 0x80, 0xf4, 0x00, 0x02,
  0x1f, 0xff, 0x80, 0xf4, 0x00, 0x02, 0x1f, 0xff, 0x80, 0xf4, 0x00, 0x02, 0x1f, 0xff, 0xc0, 0xf8, 0x00, 0x07, 0x0f, 0xff, 0x80, 0x00, 0x1f, 0xff,
  0xff, 0xf8, 0xfa, 0x00, 0x05, 0x03, 0xff, 0xff, 0xe0, 0x00, 0x1f, 0xfe, 0xff, 0x00, 0xc0, 0xfb, 0x00, 0x05, 0x3f, 0xff, 0xff, 0xe0, 0x00, 0x1f,
  0xfe, 0xff, 0x00, 0xf0, 0xfb, 0x00, 0x05, 0x7f, 0xff, 0xff, 0xe0, 0x00, 0x1f, 0xfe, 0xff, 0x00, 0xf8, 0xfb, 0x00, 0x09, 0x7f, 0xff, 0xe0, 0x00,
  0x03, 0xbf, 0xfc, 0x00, 0x7f, 0xf8, 0xfb, 0x00, 0x00, 0x78, 0xfe, 0x00, 0x05, 0x1f, 0xf9, 0xf0, 0x00, 0x00, 0x10, 0xf7, 0x00, 0x01, 0x7f, 0xfe,
  0xf4, 0x00, 0x02, 0x01, 0xff, 0xff, 0xf4, 0x00, 0x03, 0x03, 0xff, 0xff, 0x80, 0xf5, 0x00, 0x03, 0x07, 0xff, 0xff, 0xc0, 0xf5, 0x00, 0x03, 0x0f,
  0xff, 0xe1, 0xc0, 0xf5, 0x00, 0x03, 0x1f, 0xff, 0xe0, 0xc0, 0xf5, 0x00, 0x03, 0x1f, 0xe6, 0xe0, 0xe0, 0xf5, 0x00, 0x03, 0x1f, 0xff, 0xf9, 0xc0,
  0xf5, 0x00, 0x03, 0x1f, 0xff, 0xff, 0xc0, 0xf5, 0x00, 0x03, 0x0f, 0xff, 0xff, 0x80, 0xf5, 0x00, 0x02, 0x07, 0xff, 0xff, 0xf4, 0x00, 0x01, 0x03,
  0xe0, 0xf3, 0x00, 0x01, 0x03, 0x80, 0xf3, 0x00, 0x01, 0x03, 0x80, 0xf3, 0x00, 0x00, 0x01, 0x81, 0x00, 0x81, 0x00, 0x81, 0x00, 0xf8, 0x00, 0x81,
  0x00, 0xc8, 0x00, 0x00, 0x70, 0xf3, 0x00, 0x01, 0x07, 0xfc, 0xf3, 0x00, 0x01, 0x07, 0xfe, 0xf3, 0x00, 0x01, 0x0f, 0xff, 0xf3, 0x00, 0x02, 0x0f,
  0xff, 0x80, 0xf4, 0x00, 0x02, 0x1f, 0xff, 0x80, 0xf4, 0x00, 0x02, 0x1f, 0xff, 0x80, 0xf4, 0x00, 0x02, 0x1f, 0xff, 0xf8, 0xf8, 0x00, 0x07, 0x3f,
  0xff, 0xc0, 0x00, 0x1f, 0xff, 0xff, 0xf8, 0xfa, 0x00, 0x05, 0x07, 0xff, 0xff, 0xe0, 0x00, 0x1f, 0xfe, 0xff, 0x00, 0xc0, 0xfb, 0x00, 0x05, 0x3f,
  0xff, 0xff, 0xe0, 0x00, 0x1f, 0xfe, 0xff, 0x00, 0xf0, 0xfb, 0x00, 0x05, 0x7f, 0xff, 0xff, 0xe0, 0x00, 0x3f, 0xfe, 0xff, 0x00, 0xf8, 0xfb, 0x00,
  0x09, 0x7f, 0xff, 0xe0, 0x00, 0x07, 0xff, 0xfc, 0x00, 0x3f, 0xf8, 0xfb, 0x00, 0x00, 0x7c, 0xfe, 0x00, 0x05, 0x3f, 0xf8, 0x40, 0x00, 0x00, 0x10,
  0xf7, 0x00, 0x01, 0xff, 0xfe, 0xf4, 0x00, 0x02, 0x01, 0xff, 0xff, 0xf4, 0x00, 0x03, 0x07, 0xff, 0xff, 0x80, 0xf5, 0x00, 0x03, 0x07, 0xff, 0xff,
  0xc0, 0xf5, 0x00, 0x03, 0x0f, 0xff, 0xc1, 0xc0, 0xf5, 0x00, 0x03, 0x1f, 0xff, 0xe0, 0xc0, 0xf5, 0x00, 0x03, 0x1f, 0xee, 0xe0, 0xe0, 0xf5, 0x00,
  0x03, 0x1f, 0xff, 0xf9, 0xc0, 0xf5, 0x00, 0x03, 0x1f, 0xff, 0xff, 0xc0, 0xf5, 0x00, 0x03, 0x0f, 0xff, 0xff, 0x80, 0xf5, 0x00, 0x02, 0x07, 0xff,
  0xff, 0xf4, 0x00, 0x01, 0x03, 0xe0, 0xf3, 0x00, 0x01, 0x03, 0x80, 0xf3, 0x00, 0x01, 0x03, 0x80, 0xf3, 0x00, 0x00, 0x01, 0x81, 0x00, 0x81, 0x00,
  0x81, 0x00, 0xf8, 0x00, 0x81, 0x00, 0xc8, 0x00, 0x00, 0x60, 0xf3, 0x00, 0x01, 0x07, 0xfc, 0xf3, 0x00, 0x01, 0x07, 0xfe, 0xf3, 0x00, 0x01, 0x07,
  0xff, 0xf3, 0x00, 0x01, 0x0f, 0xff, 0xf3, 0x00, 0x02, 0x1f, 0xff, 0x80, 0xf4, 0x00, 0x02, 0x1f, 0xff, 0x80, 0xf4, 0x00, 0x02, 0x1f, 0xff, 0xc0,
  0xf8, 0x00, 0x07, 0x0f, 0xff, 0xc0, 0x00, 0x1f, 0xff, 0xff, 0xf8, 0xfa, 0x00, 0x05, 0x07, 0xff, 0xff, 0xe0, 0x00, 0x1f, 0xfe, 0xff, 0x00, 0xc0,
  0xfb, 0x00, 0x05, 0x3f, 0xff, 0xff, 0xe0, 0x00, 0x1f, 0xfe, 0xff, 0x00, 0xf0, 0xfb, 0x00, 0x05, 0x7f, 0xff, 0xff, 0xe0, 0x00, 0x3f, 0xfe, 0xff,
  0x00, 0xf8, 0xfb, 0x00, 0x09, 0x7f, 0xff, 0x00, 0x00, 0x07, 0xff, 0xfc, 0x00, 0x3f, 0xf8, 0xfb, 0x00, 0x00, 0x78, 0xfe, 0x00, 0x05, 0x3f, 0xf8,
  0x40, 0x00, 0x00, 0x10, 0xf7, 0x00, 0x01, 0xff, 0xfe, 0xf4, 0x00, 0x02, 0x01, 0xff, 0xff, 0xf4, 0x00, 0x03, 0x07, 0xff, 0xff, 0x80, 0xf5, 0x00,
  0x03, 0x07, 0xff, 0xff, 0xc0, 0xf5, 0x00, 0x03, 0x0f, 0xff, 0xc1, 0xc0, 0xf5, 0x00, 0x03, 0x1f, 0xff, 0xe0, 0xc0, 0xf5, 0x00, 0x03, 0x1f, 0xe6,
  0xe0, 0xe0, 0xf5, 0x00, 0x03, 0x1f, 0xff, 0xf9, 0xc0, 0xf5, 0x00, 0x03, 0x1f, 0xff, 0xff, 0xc0, 0xf5, 0x00, 0x03, 0x0f, 0xff, 0xff, 0x80, 0xf5,
  0x00, 0x02, 0x07, 0xff, 0xff, 0xf4, 0x00, 0x01, 0x03, 0xe0, 0xf3, 0x00, 0x01, 0x03, 0x80, 0xf3, 0x00, 0x01, 0x03, 0x80, 0xf3, 0x00, 0x00, 0x01,
  0x81, 0x00, 0x81, 0x00, 0x81, 0x00, 0xf8, 0x00, 0x81, 0x00, 0xc8, 0x00, 0x00, 0xe0, 0xf3, 0x00, 0x01, 0x07, 0xfc, 0xf3, 0x00, 0x01, 0x07, 0xfc,
  0xf3, 0x00, 0x01, 0x0f, 0xfe, 0xf3, 0x00, 0x01, 0x1f, 0xfe, 0xf3, 0x00, 0x01, 0x1f, 0xfe, 0xf3, 0x00, 0x01, 0x1f, 0xff, 0xf6, 0x00, 0x06, 0x7e,
  0x00, 0x00, 0x1f, 0xff, 0xff, 0xc0, 0xf9, 0x00, 0x07, 0xff, 0xff, 0xc0, 0x00, 0x1f, 0xff, 0xff, 0xfe, 0xfa, 0x00, 0x05, 0x0f, 0xff, 0xff, 0xe0,
  0x00, 0x1f, 0xfe, 0xff, 0x00, 0xe0, 0xfb, 0x00, 0x05, 0x3f, 0xff, 0xff, 0xe0, 0x00, 0x1f, 0xfe, 0xff, 0x00, 0xf0, 0xfb, 0x00, 0x05, 0x7f, 0xff,
  0xff, 0xc0, 0x00, 0x1f, 0xfe, 0xff, 0x00, 0xf8, 0xfb, 0x00, 0x09, 0x7f, 0xf8, 0x00, 0x00, 0x0f, 0xf8, 0xc0, 0x00, 0x07, 0xf8, 0xfb, 0x00, 0x00,
  0x78, 0xfe, 0x00, 0x01, 0x7f, 0xfc, 0xf4, 0x00, 0x02, 0x01, 0xff, 0xfe, 0xf4, 0x00, 0x02, 0x03, 0xff, 0xff, 0xf4, 0x00, 0x03, 0x07, 0xff, 0xff,
  0x80, 0xf5, 0x00, 0x03, 0x0f, 0xff, 0xff, 0xc0, 0xf5, 0x00, 0x03, 0x1f, 0xff, 0xc1, 0xc0, 0xf5, 0x00, 0x03, 0x1f, 0xff, 0xe0, 0xc0, 0xf5, 0x00,
  0x03, 0x1f, 0xfc, 0x60, 0xc0, 0xf5, 0x00, 0x03, 0x1f, 0xff, 0xf9, 0xc0, 0xf5, 0x00, 0x03, 0x1f, 0xff, 0xff, 0xc0, 0xf5, 0x00, 0x03, 0x0f, 0xff,
  0xff, 0x80, 0xf5, 0x00, 0x02, 0x0f, 0xff, 0xff, 0xf4, 0x00, 0x01, 0x03, 0xe0, 0xf3, 0x00, 0x01, 0x03, 0x80, 0xf3, 0x00, 0x01, 0x03, 0x80, 0xf3,
  0x00, 0x00, 0x01, 0x81, 0x00, 0x81, 0x00, 0x81, 0x00, 0xf8, 0x00, 0x81, 0x00, 0xc8, 0x00, 0x00, 0xe0, 0xf3, 0x00, 0x01, 0x07, 0xfc, 0xf3, 0x00,
  0x01, 0x07, 0xfc, 0xf3, 0x00, 0x01, 0x0f, 0xfe, 0xf3, 0x00, 0x01, 0x1f, 0xfe, 0xf3, 0x00, 0x01, 0x1f, 0xfe, 0xf3, 0x00, 0x01, 0x1f, 0xfe, 0xf6,
  0x00, 0x05, 0x7c, 0x00, 0x00, 0x1f, 0xff, 0xff, 0xf8, 0x00, 0x07, 0x7f, 0xff, 0xc0, 0x00, 0x1f, 0xff, 0xff, 0xfe, 0xfa, 0x00, 0x05, 0x07, 0xff,
  0xff, 0xe0, 0x00, 0x1f, 0xfe, 0xff, 0x00, 0xe0, 0xfb, 0x00, 0x05, 0x3f, 0xff, 0xff, 0xe0, 0x00, 0x1f, 0xfe, 0xff, 0x00, 0xf0, 0xfb, 0x00, 0x09,
  0x7f, 0xff, 0xff, 0xc0, 0x00, 0x1f, 0xff, 0xdf, 0xff, 0xf8, 0xfb, 0x00, 0x09, 0x7f, 0xf8, 0x00, 0x00, 0x0f, 0xf8, 0x80, 0x00, 0x03, 0xf8, 0xfb,
  0x00, 0x00, 0x78, 0xfe, 0x00, 0x01, 0x7f, 0xfc, 0xf4, 0x00, 0x02, 0x01, 0xff, 0xfe, 0xf4, 0x00, 0x02, 0x03, 0xff, 0xff, 0xf4, 0x00, 0x03, 0x07,
  0xff, 0xff, 0x80, 0xf5, 0x00, 0x03, 0x0f, 0xff, 0xff, 0xc0, 0xf5, 0x00, 0x03, 0x1f, 0xff, 0x81, 0xc0, 0xf5, 0x00, 0x03, 0x1f, 0xfe, 0xe0, 0xc0,
  0xf5, 0x00, 0x03, 0x1f, 0xf4, 0xe0, 0xc0, 0xf5, 0x00, 0x03, 0x1f, 0xff, 0xf9, 0xc0, 0xf5, 0x00, 0x03, 0x1f, 0xff, 0xff, 0xc0, 0xf5, 0x00, 0x03,
  0x0f, 0xff, 0xff, 0x80, 0xf5, 0x00, 0x02, 0x0f, 0xff, 0xff, 0xf4, 0x00, 0x01, 0x03, 0xe0, 0xf3, 0x00, 0x01, 0x03, 0x80, 0xf3, 0x00, 0x01, 0x03,
  0x80, 0xf3, 0x00, 0x00, 0x01, 0x81, 0x00, 0x81, 0x00, 0x81, 0x00, 0xf8, 0x00, 0x81, 0x00, 0xb9, 0x00, 0x01, 0x07, 0xf8, 0xf3, 0x00, 0x01, 0x0f,
  0xfc, 0xf3, 0x00, 0x01, 0x1f, 0xfc, 0xf3, 0x00, 0x01, 0x1f, 0xfe, 0xf3, 0x00, 0x01, 0x1f, 0xfe, 0xf3, 0x00, 0x01, 0x3f, 0xfe, 0xf7, 0x00, 0x07,
  0x07, 0xff, 0x80, 0x00, 0x3f, 0xff, 0xff, 0xe0, 0xf9, 0x00, 0x04, 0xff, 0xff, 0xe0, 0x00, 0x3f, 0xfe, 0xff, 0xfa, 0x00, 0x05, 0x0f, 0xff, 0xff,
  0xe0, 0x00, 0x1f, 0xfe, 0xff, 0x00, 0xe0, 0xfb, 0x00, 0x05, 0x7f, 0xff, 0xff, 0xe0, 0x00, 0x1f, 0xfe, 0xff, 0x00, 0xf0, 0xfb, 0x00, 0x09, 0x7f,
  0xff, 0xff, 0xc0, 0x03, 0xff, 0xff, 0xdf, 0xff, 0xf8, 0xfb, 0x00, 0x09, 0x7f, 0xf0, 0x00, 0x00, 0x3f, 0xf8, 0x80, 0x00, 0x03, 0xf8, 0xfb, 0x00,
  0x00, 0x78, 0xfe, 0x00, 0x01, 0xff, 0xfc, 0xf4, 0x00, 0x02, 0x01, 0xff, 0xfe, 0xf4, 0x00, 0x02, 0x03, 0xff, 0xff, 0xf4, 0x00, 0x03, 0x07, 0xff,
  0xff, 0x80, 0xf5, 0x00, 0x03, 0x0f, 0xff, 0xf3, 0xc0, 0xf5, 0x00, 0x03, 0x1f, 0xff, 0x81, 0xc0, 0xf5, 0x00, 0x03, 0x1f, 0xfe, 0xe1, 0xc0, 0xf5,
  0x00, 0x03, 0x1f, 0xe6, 0xe0, 0xc0, 0xf5, 0x00, 0x03, 0x1f, 0xff, 0xf9, 0xc0, 0xf5, 0x00, 0x03, 0x1f, 0xff, 0xff, 0xc0, 0xf5, 0x00, 0x03, 0x0f,
  0xff, 0xff, 0x80, 0xf5, 0x00, 0x02, 0x0f, 0xff, 0xff, 0xf4, 0x00, 0x01, 0x03, 0xe0, 0xf3, 0x00, 0x01, 0x03, 0x80, 0xf3, 0x00, 0x01, 0x03, 0x80,
  0xf3, 0x00, 0x00, 0x01, 0x81, 0x00, 0x81, 0x00, 0x81, 0x00, 0xf8, 0x00, 0x81, 0x00, 0xb9, 0x00, 0x01, 0x07, 0xe0, 0xf3, 0x00, 0x01, 0x0f, 0xf0,
  0xf3, 0x00, 0x01, 0x1f, 0xf8, 0xf3, 0x00, 0x01, 0x1f, 0xf8, 0xf3, 0x00, 0x01, 0x1f, 0xfc, 0xf3, 0x00, 0x01, 0x3f, 0xfc, 0xf7, 0x00, 0x07, 0x07,
  0xff, 0x80, 0x00, 0x3f, 0xff, 0xff, 0xe0, 0xf9, 0x00, 0x04, 0xff, 0xff, 0xe0, 0x00, 0x3f, 0xfe, 0xff, 0xfa, 0x00, 0x05, 0x0f, 0xff, 0xff, 0xe0,
  0x00, 0x1f, 0xfe, 0xff, 0x00, 0xe0, 0xfb, 0x00, 0x05, 0x3f, 0xff, 0xff, 0xe0, 0x00, 0x3f, 0xfe, 0xff, 0x00, 0xf0, 0xfb, 0x00, 0x09, 0x7f, 0xff,
  0xe8, 0x00, 0x03, 0xff, 0xc0, 0x00, 0xff, 0xf8, 0xfb, 0x00, 0x05, 0x7f, 0xe0, 0x00, 0x00, 0x3f, 0xf8, 0xfe, 0x00, 0x00, 0xf0, 0xfb, 0x00, 0x00,
  0x60, 0xfe, 0x00, 0x01, 0xff, 0xfc, 0xf4, 0x00, 0x02, 0x03, 0xff, 0xfe, 0xf4, 0x00, 0x02, 0x03, 0xff, 0xff, 0xf4, 0x00, 0x03, 0x07, 0xff, 0xff,
  0x80, 0xf5, 0x00, 0x03, 0x0f, 0xfe, 0x01, 0xc0, 0xf5, 0x00, 0x03, 0x1f, 0xff, 0x81, 0xc0, 0xf5, 0x00, 0x03, 0x1f, 0xff, 0xc1, 0xc0, 0xf5, 0x00,
  0x03, 0x1f, 0xe7, 0xe0, 0xc0, 0xf5, 0x00, 0x03, 0x1f, 0xff, 0xf9, 0xc0, 0xf5, 0x00, 0x03, 0x1f, 0xff, 0xff, 0xc0, 0xf5, 0x00, 0x03, 0x0f, 0xff,
  0xff, 0x80, 0xf5, 0x00, 0x02, 0x0f, 0xff, 0xff, 0xf4, 0x00, 0x01, 0x03, 0xe0, 0xf3, 0x00, 0x01, 0x03, 0x80, 0xf3, 0x00, 0x01, 0x03, 0x80, 0xf3,
  0x00, 0x00, 0x01, 0x81, 0x00, 0x81, 0x00, 0x81, 0x00, 0xf8, 0x00, 0x81, 0x00, 0xb9, 0x00, 0x01, 0x07, 0xe0, 0xf3, 0x00, 0x01, 0x0f, 0xf0, 0xf3,
  0x00, 0x01, 0x1f, 0xf8, 0xf3, 0x00, 0x01, 0x1f, 0xf8, 0xf3, 0x00, 0x01, 0x3f, 0xfc, 0xf3, 0x00, 0x01, 0x3f, 0xfc, 0xf7, 0x00, 0x07, 0x07, 0xff,
  0xc0, 0x00, 0x3f, 0xff, 0xff, 0xe0, 0xf9, 0x00, 0x04, 0xff, 0xff, 0xe0, 0x00, 0x3f, 0xfe, 0xff, 0xfa, 0x00, 0x05, 0x0f, 0xff, 0xff, 0xe0, 0x00,
  0x3f, 0xfe, 0xff, 0x00, 0xe0, 0xfb, 0x00, 0x05, 0x7f, 0xff, 0xff, 0xe0, 0x00, 0x3f, 0xfe, 0xff, 0x00, 0xf0, 0xfb, 0x00, 0x09, 0x7f, 0xff, 0xfe,
  0x00, 0x03, 0xff, 0xc0, 0x01, 0xff, 0xf8, 0xfb, 0x00, 0x09, 0x7f, 0xe0, 0x00, 0x00, 0x3f, 0xf8, 0x00, 0x00, 0x01, 0xf0, 0xfb, 0x00, 0x00, 0x60,
  0xfe, 0x00, 0x01, 0xff, 0xfc, 0xf4, 0x00, 0x02, 0x03, 0xff, 0xfe, 0xf4, 0x00, 0x02, 0x07, 0xff, 0xff, 0xf4, 0x00, 0x03, 0x07, 0xff, 0xff, 0x80,
  0xf5, 0x00, 0x03, 0x0f, 0xff, 0x01, 0xc0, 0xf5, 0x00, 0x03, 0x1f, 0xff, 0x81, 0xc0, 0xf5, 0x00, 0x03, 0x1f, 0xff, 0x81, 0xc0, 0xf5, 0x00, 0x03,
  0x1f, 0xfe, 0x60, 0xc0, 0xf5, 0x00, 0x03, 0x1f, 0xfe, 0xf9, 0xc0, 0xf5, 0x00, 0x03, 0x1f, 0xff, 0xff, 0xc0, 0xf5, 0x00, 0x03, 0x1f, 0xff, 0xff,
  0x80, 0xf5, 0x00, 0x02, 0x0f, 0xff, 0xff, 0xf4, 0x00, 0x01, 0x03, 0xe0, 0xf3, 0x00, 0x01, 0x03, 0x80, 0xf3, 0x00, 0x01, 0x03, 0x80, 0xf3, 0x00,
  0x00, 0x03, 0x81, 0x00, 0x81, 0x00, 0x81, 0x00, 0xf8, 0x00, 0x81, 0x00, 0xb9, 0x00, 0x01, 0x07, 0xc0, 0xf3, 0x00, 0x01, 0x0f, 0xe0, 0xf3, 0x00,
  0x01, 0x1f, 0xf0, 0xf3, 0x00, 0x01, 0x1f, 0xf0, 0xf3, 0x00, 0x01, 0x3f, 0xf8, 0xf3, 0x00, 0x01, 0x3f, 0xf8, 0xf7, 0x00, 0x07, 0x07, 0xff, 0xc0,
  0x00, 0x3f, 0xff, 0xff, 0xf0, 0xf9, 0x00, 0x04, 0xff, 0xff, 0xe0, 0x00, 0x3f, 0xfe, 0xff, 0xfa, 0x00, 0x05, 0x0f, 0xff, 0xff, 0xe0, 0x00, 0x3f,
  0xfe, 0xff, 0x00, 0xe0, 0xfb, 0x00, 0x05, 0x7f, 0xff, 0xff, 0xe0, 0x00, 0x3f, 0xfe, 0xff, 0x00, 0xf0, 0xfb, 0x00, 0x09, 0x7f, 0xff, 0xe0, 0x00,
  0x0f, 0xe0, 0x00, 0x00, 0x7f, 0xf8, 0xfb, 0x00, 0x05, 0x7f, 0xc0, 0x00, 0x00, 0x7f, 0xf8, 0xfe, 0x00, 0x00, 0x70, 0xfb, 0x00, 0x00, 0x60, 0xfe,
  0x00, 0x01, 0xff, 0xfe, 0xf4, 0x00, 0x02, 0x03, 0xff, 0xff, 0xf4, 0x00, 0x02, 0x07, 0xff, 0xff, 0xf4, 0x00, 0x03, 0x07, 0xff, 0xff, 0x80, 0xf5,
  0x00, 0x03, 0x0f, 0xff, 0x01, 0xc0, 0xf5, 0x00, 0x03, 0x1f, 0xff, 0x81, 0xc0, 0xf5, 0x00, 0x03, 0x1f, 0xff, 0x81, 0xc0, 0xf5, 0x00, 0x03, 0x1f,
  0xfc, 0x60, 0xc0, 0xf5, 0x00, 0x03, 0x1f, 0xff, 0xf9, 0xc0, 0xf5, 0x00, 0x03, 0x1f, 0xff, 0xff, 0xc0, 0xf5, 0x00, 0x03, 0x1f, 0xff, 0xff, 0x80,
  0xf5, 0x00, 0x02, 0x0f, 0xff, 0xff, 0xf4, 0x00, 0x01, 0x03, 0xe0, 0xf3, 0x00, 0x01, 0x03, 0x80, 0xf3, 0x00, 0x01, 0x03, 0x80, 0xf3, 0x00, 0x01,
  0x03, 0x80, 0x81, 0x00, 0x81, 0x00, 0x81, 0x00, 0xf9, 0x00, 0x81, 0x00, 0xb9, 0x00, 0x01, 0x05, 0xc0, 0xf3, 0x00, 0x01, 0x0f, 0xe0, 0xf3, 0x00,
  0x01, 0x1f, 0xf0, 0xf3, 0x00, 0x01, 0x1f, 0xf0, 0xf3, 0x00, 0x01, 0x3f, 0xf8, 0xf3, 0x00, 0x02, 0x3f, 0xf8, 0x10, 0xf8, 0x00, 0x07, 0x07, 0xff,
  0xc0, 0x00, 0x3f, 0xff, 0xff, 0xf0, 0xfa, 0x00, 0x05, 0x01, 0xff, 0xff, 0xe0, 0x00, 0x3f, 0xfe, 0xff, 0xfa, 0x00, 0x05, 0x0f, 0xff, 0xff, 0xe0,
  0x00, 0x3f, 0xfe, 0xff, 0x00, 0xe0, 0xfb, 0x00, 0x05, 0x7f, 0xff, 0xff, 0xe0, 0x00, 0x3f, 0xfe, 0xff, 0x00, 0xf0, 0xfb, 0x00, 0x09, 0x7f, 0xff,
  0xec, 0x00, 0x0f, 0xe0, 0x00, 0x00, 0x7f, 0xf8, 0xfb, 0x00, 0x05, 0x7f, 0xe0, 0x00, 0x00, 0x7f, 0xfc, 0xfe, 0x00, 0x00, 0xf0, 0xfb, 0x00, 0x00,
  0x60, 0xfe, 0x00, 0x01, 0xff, 0xfc, 0xf4, 0x00, 0x02, 0x03, 0xff, 0xff, 0xf4, 0x00, 0x02, 0x07, 0xff, 0xff, 0xf4, 0x00, 0x03, 0x07, 0xff, 0xff,
  0x80, 0xf5, 0x00, 0x03, 0x0f, 0xff, 0x01, 0xc0, 0xf5, 0x00, 0x03, 0x1f, 0xff, 0x81, 0xc0, 0xf5, 0x00, 0x03, 0x1f, 0xff, 0x81, 0xc0, 0xf5, 0x00,
  0x03, 0x1f, 0xef, 0xe0, 0xc0, 0xf5, 0x00, 0x03, 0x1f, 0xff, 0xf9, 0xc0, 0xf5, 0x00, 0x03, 0x1f, 0xff, 0xff, 0xc0, 0xf5, 0x00, 0x03, 0x1f, 0xff,
  0xff, 0x80, 0xf5, 0x00, 0x03, 0x0f, 0xff, 0xff, 0x80, 0xf5, 0x00, 0x01, 0x03, 0xf0, 0xf3, 0x00, 0x01, 0x03, 0x80, 0xf3, 0x00, 0x01, 0x03, 0x80,
  0xf3, 0x00, 0x01, 0x03, 0x80, 0x81, 0x00, 0x81, 0x00, 0x81, 0x00, 0xf9, 0x00, 0x81, 0x00, 0xb9, 0x00, 0x00, 0x04, 0xf2, 0x00, 0x01, 0x0f, 0xc0,
  0xf3, 0x00, 0x01, 0x1f, 0xe0, 0xf3, 0x00, 0x01, 0x3f, 0xf0, 0xf3, 0x00, 0x01, 0x3f, 0xf0, 0xf3, 0x00, 0x02, 0x3f, 0xfb, 0xd0, 0xf8, 0x00, 0x07,
  0x03, 0xff, 0xc0, 0x00, 0x3f, 0xff, 0xff, 0xf0, 0xf9, 0x00, 0x04, 0xff, 0xff, 0xe0, 0x00, 0x3f, 0xfe, 0xff, 0xfa, 0x00, 0x05, 0x0f, 0xff, 0xff,
  0xe0, 0x00, 0x3f, 0xfe, 0xff, 0x00, 0xe0, 0xfb, 0x00, 0x09, 0x3f, 0xff, 0xff, 0xe0, 0x00, 0x3f, 0xdf, 0xff, 0xff, 0xf0, 0xfb, 0x00, 0x09, 0x7f,
  0xff, 0xe0, 0x00, 0x0f, 0xe0, 0x00, 0x00, 0x7f, 0xf8, 0xfb, 0x00, 0x05, 0x7f, 0xe0, 0x00, 0x00, 0x7f, 0xfc, 0xfe, 0x00, 0x00, 0x70, 0xfb, 0x00,
  0x00, 0x60, 0xfe, 0x00, 0x01, 0xff, 0xfe, 0xf4, 0x00, 0x02, 0x03, 0xff, 0xff, 0xf4, 0x00, 0x02, 0x07, 0xff, 0xff, 0xf4, 0x00, 0x03, 0x07, 0xff,
  0xff, 0x80, 0xf5, 0x00, 0x03, 0x0f, 0xfe, 0x01, 0xc0, 0xf5, 0x00, 0x03, 0x1f, 0xff, 0x81, 0xc0, 0xf5, 0x00, 0x03, 0x1f, 0xff, 0x81, 0xc0, 0xf5,
  0x00, 0x03, 0x1e, 0xff, 0x60, 0xc0, 0xf5, 0x00, 0x03, 0x3e, 0xff, 0xf9, 0xc0, 0xf5, 0x00, 0x03, 0x1f, 0xff, 0xff, 0xc0, 0xf5, 0x00, 0x03, 0x1f,
  0xff, 0xff, 0x80, 0xf5, 0x00, 0x02, 0x0f, 0xff, 0xff, 0xf4, 0x00, 0x01, 0x03, 0xf0, 0xf3, 0x00, 0x01, 0x03, 0x80, 0xf3, 0x00, 0x01, 0x03, 0x80,
  0xf3, 0x00, 0x01, 0x03, 0x80, 0x81, 0x00, 0x81, 0x00, 0x81, 0x00, 0xf9, 0x00, 0x81, 0x00, 0xb9, 0x00, 0x00, 0x04, 0xf2, 0x00, 0x01, 0x0f, 0xc0,
  0xf3, 0x00, 0x01, 0x1f, 0xe0, 0xf3, 0x00, 0x01, 0x3f, 0xe0, 0xf3, 0x00, 0x01, 0x3f, 0xf0, 0xf3, 0x00, 0x02, 0x3f, 0xf7, 0xfc, 0xf8, 0x00, 0x07,
  0x0f, 0xff, 0xc0, 0x00, 0x3f, 0xff, 0xff, 0xf0, 0xf9, 0x00, 0x04, 0xff, 0xff, 0xe0, 0x00, 0x3f, 0xfe, 0xff, 0x00, 0x80, 0xfb, 0x00, 0x05, 0x0f,
  0xff, 0xff, 0xe0, 0x00, 0x3f, 0xfe, 0xff, 0x00, 0xe0, 0xfb, 0x00, 0x09, 0x3f, 0xff, 0xff, 0xc0, 0x00, 0x3f, 0x9f, 0xff, 0xff, 0xf0, 0xfb, 0x00,
  0x09, 0x7f, 0xff, 0xc0, 0x00, 0x0f, 0xf0, 0x00, 0x00, 0x3f, 0xf8, 0xfb, 0x00, 0x05, 0x7f, 0xa0, 0x00, 0x00, 0x7f, 0xfc, 0xfe, 0x00, 0x00, 0x70,
  0xfb, 0x00, 0x00, 0x60, 0xfe, 0x00, 0x01, 0xff, 0xfe, 0xf4, 0x00, 0x02, 0x03, 0xff, 0xff, 0xf4, 0x00, 0x02, 0x07, 0xff, 0xff, 0xf4, 0x00, 0x03,
  0x0f, 0xff, 0xff, 0x80, 0xf5, 0x00, 0x03, 0x0f, 0xfe, 0x01, 0xc0, 0xf5, 0x00, 0x03, 0x1f, 0xff, 0x81, 0xc0, 0xf5, 0x00, 0x03, 0x1f, 0xff, 0x81,
  0xc0, 0xf5, 0x00, 0x03, 0x3e, 0xff, 0x60, 0xc0, 0xf5, 0x00, 0x03, 0x3f, 0xff, 0xf9, 0xc0, 0xf5, 0x00, 0x03, 0x1f, 0xff, 0xff, 0xc0, 0xf5, 0x00,
  0x03, 0x1f, 0xff, 0xff, 0x80, 0xf5, 0x00, 0x02, 0x0f, 0xff, 0xff, 0xf4, 0x00, 0x01, 0x03, 0xf0, 0xf3, 0x00, 0x01, 0x03, 0x80, 0xf3, 0x00, 0x01,
  0x03, 0x80, 0xf3, 0x00, 0x01, 0x03, 0x80, 0x81, 0x00, 0x81, 0x00, 0x81, 0x00, 0xf9, 0x00, 0x81, 0x00, 0xb9, 0x00, 0x00, 0x04, 0xf2, 0x00, 0x01,
  0x0f, 0xc0, 0xf3, 0x00, 0x01, 0x1f, 0xe0, 0xf3, 0x00, 0x01, 0x3f, 0xe0, 0xf3, 0x00, 0x01, 0x3f, 0xf0, 0xf3, 0x00, 0x02, 0x3f, 0xf7, 0xf0, 0xf8,
  0x00, 0x07, 0x07, 0xff, 0xc0, 0x00, 0x3f, 0xff, 0xff, 0xf0, 0xf9, 0x00, 0x04, 0xff, 0xff, 0xe0, 0x00, 0x3f, 0xfe, 0xff, 0xfa, 0x00, 0x05, 0x0f,
  0xff, 0xff, 0xe0, 0x00, 0x3f, 0xfe, 0xff, 0x00, 0xe0, 0xfb, 0x00, 0x09, 0x3f, 0xff, 0xff, 0xc0, 0x00, 0x3f, 0x9f, 0xff, 0xff, 0xf0, 0xfb, 0x00,
  0x09, 0x7f, 0xff, 0xc0, 0x00, 0x0f, 0xf0, 0x00, 0x00, 0x3f, 0xf0, 0xfb, 0x00, 0x05, 0x7f, 0xa0, 0x00, 0x00, 0x7f, 0xfc, 0xfe, 0x00, 0x00, 0x70,
  0xfb, 0x00, 0x00, 0x60, 0xfe, 0x00, 0x01, 0xff, 0xfe, 0xf4, 0x00, 0x02, 0x03, 0xff, 0xff, 0xf4, 0x00, 0x02, 0x07, 0xff, 0xff, 0xf4, 0x00, 0x03,
  0x0f, 0xff, 0xff, 0x80, 0xf5, 0x00, 0x03, 0x0f, 0xfe, 0x01, 0xc0, 0xf5, 0x00, 0x03, 0x1f, 0xff, 0x81, 0xc0, 0xf5, 0x00, 0x03, 0x1f, 0xff, 0x81,
  0xc0, 0xf5, 0x00, 0x03, 0x3e, 0xfe, 0x60, 0xc0, 0xf5, 0x00, 0x03, 0x3e, 0xfe, 0xf9, 0xc0, 0xf5, 0x00, 0x03, 0x1f, 0xff, 0xff, 0xc0, 0xf5, 0x00,
  0x03, 0x1f, 0xff, 0xff, 0x80, 0xf5, 0x00, 0x02, 0x0f, 0xff, 0xff, 0xf4, 0x00, 0x01, 0x03, 0xf0, 0xf3, 0x00, 0x01, 0x03, 0x80, 0xf3, 0x00, 0x01,
  0x03, 0x80, 0xf3, 0x00, 0x01, 0x03, 0x80, 0x81, 0x00, 0x81, 0x00, 0x81, 0x00, 0xf9, 0x00, 0x81, 0x00, 0xb9, 0x00, 0x00, 0x04, 0xf2, 0x00, 0x01,
  0x0f, 0xc0, 0xf3, 0x00, 0x01, 0x1f, 0xe0, 0xf3, 0x00, 0x01, 0x3f, 0xe0, 0xf3, 0x00, 0x01, 0x3f, 0xf0, 0xf6, 0x00, 0x05, 0x3d, 0x00, 0x00, 0x3f,
  0xff, 0xfc, 0xf8, 0x00, 0x07, 0x1f, 0xff, 0xc0, 0x00, 0x3f, 0xff, 0xff, 0xf8, 0xfa, 0x00, 0x05, 0x03, 0xff, 0xff, 0xe0, 0x00, 0x3f, 0xfe, 0xff,
  0x00, 0x80, 0xfb, 0x00, 0x05, 0x1f, 0xff, 0xff, 0xe0, 0x00, 0x3f, 0xfe, 0xff, 0x00, 0xe0, 0xfb, 0x00, 0x09, 0x7f, 0xff, 0xff, 0xc0, 0x00, 0x3f,
  0x9f, 0xff, 0xff, 0xf0, 0xfb, 0x00, 0x09, 0x7f, 0xff, 0x00, 0x00, 0x1f, 0xf8, 0x00, 0x00, 0x3f, 0xf8, 0xfb, 0x00, 0x05, 0x7f, 0x80, 0x00, 0x00,
  0x7f, 0xfc, 0xfe, 0x00, 0x00, 0x70, 0xfb, 0x00, 0x05, 0x20, 0x00, 0x00, 0x01, 0xff, 0xfe, 0xf4, 0x00, 0x02, 0x03, 0xff, 0xff, 0xf4, 0x00, 0x02,
  0x07, 0xff, 0xff, 0xf4, 0x00, 0x03, 0x0f, 0xff, 0xfb, 0x80, 0xf5, 0x00, 0x03, 0x1f, 0xfc, 0x01, 0xc0, 0xf5, 0x00, 0x03, 0x1f, 0xff, 0x81, 0xc0,
  0xf5, 0x00, 0x03, 0x1f, 0xff, 0x81, 0xc0, 0xf5, 0x00, 0x03, 0x3e, 0xfe, 0x60, 0xc0, 0xf5, 0x00, 0x03, 0x3f, 0xff, 0xf9, 0xc0, 0xf5, 0x00, 0x03,
  0x1f, 0xff, 0xff, 0xc0, 0xf5, 0x00, 0x03, 0x1f, 0xff, 0xff, 0x80, 0xf5, 0x00, 0x02, 0x0f, 0xff, 0xff, 0xf4, 0x00, 0x01, 0x03, 0xe0, 0xf3, 0x00,
  0x01, 0x03, 0x80, 0xf3, 0x00, 0x01, 0x03, 0x80, 0xf3, 0x00, 0x01, 0x03, 0x80, 0x81, 0x00, 0x81, 0x00, 0x81, 0x00, 0xf9, 0x00, 0x81, 0x00, 0xb9,
  0x00, 0x00, 0x04, 0xf2, 0x00, 0x01, 0x0f, 0xc0, 0xf3, 0x00, 0x01, 0x1f, 0xc0, 0xf3, 0x00, 0x01, 0x3f, 0xe0, 0xf3, 0x00, 0x01, 0x3f, 0xe0, 0xf6,
  0x00, 0x05, 0x1d, 0x00, 0x00, 0x3f, 0xff, 0xfc, 0xf8, 0x00, 0x07, 0x1f, 0xff, 0xc0, 0x00, 0x3f, 0xff, 0xff, 0xf8, 0xfa, 0x00, 0x05, 0x03, 0xff,
  0xff, 0xe0, 0x00, 0x3f, 0xfe, 0xff, 0x00, 0x80, 0xfb, 0x00, 0x05, 0x1f, 0xff, 0xff, 0xe0, 0x00, 0x3f, 0xfe, 0xff, 0x00, 0xf0, 0xfb, 0x00, 0x09,
  0x7f, 0xff, 0xff, 0xc0, 0x00, 0x3f, 0x8f, 0xff, 0xff, 0xf0, 0xfb, 0x00, 0x09, 0x7f, 0xfe, 0x00, 0x00, 0x1f, 0xf8, 0x00, 0x00, 0x3f, 0xf8, 0xfb,
  0x00, 0x00, 0x7e, 0xfe, 0x00, 0x01, 0x7f, 0xfc, 0xfe, 0x00, 0x00, 0x30, 0xf8, 0x00, 0x02, 0x01, 0xff, 0xfe, 0xf4, 0x00, 0x02, 0x03, 0xff, 0xff,
  0xf4, 0x00, 0x02, 0x07, 0xff, 0xff, 0xf4, 0x00, 0x03, 0x0f, 0xff, 0xfb, 0x80, 0xf5, 0x00, 0x03, 0x1f, 0xfc, 0x01, 0xc0, 0xf5, 0x00, 0x03, 0x1f,
  0xff, 0x81, 0xc0, 0xf5, 0x00, 0x03, 0x1f, 0xfe, 0x81, 0xc0, 0xf5, 0x00, 0x03, 0x3e, 0xfe, 0xe0, 0xc0, 0xf5, 0x00, 0x03, 0x3f, 0xff, 0xf9, 0xc0,
  0xf5, 0x00, 0x03, 0x1f, 0xff, 0xff, 0xc0, 0xf5, 0x00, 0x03, 0x1f, 0xff, 0xff, 0x80, 0xf5, 0x00, 0x02, 0x0f, 0xff, 0xff, 0xf4, 0x00, 0x01, 0x03,
  0xe0, 0xf3, 0x00, 0x01, 0x03, 0x80, 0xf3, 0x00, 0x01, 0x03, 0x80, 0xf3, 0x00, 0x01, 0x03, 0x80, 0x81, 0x00, 0x81, 0x00, 0x81, 0x00, 0xf9, 0x00,
  0x81, 0x00, 0xb9, 0x00, 0x00, 0x06, 0xf2, 0x00, 0x01, 0x0f, 0xc0, 0xf3, 0x00, 0x01, 0x1f, 0xe0, 0xf3, 0x00, 0x01, 0x3f, 0xe0, 0xf3, 0x00, 0x01,
  0x3f, 0xf0, 0xf6, 0x00, 0x05, 0x3f, 0x80, 0x00, 0x3f, 0xff, 0xfc, 0xf8, 0x00, 0x07, 0x1f, 0xff, 0xc0, 0x00, 0x3f, 0xff, 0xff, 0xf8, 0xfa, 0x00,
  0x05, 0x03, 0xff, 0xff, 0xe0, 0x00, 0x3f, 0xfe, 0xff, 0x00, 0x80, 0xfb, 0x00, 0x05, 0x1f, 0xff, 0xff, 0xe0, 0x00, 0x3f, 0xfe, 0xff, 0x00, 0xf0,
  0xfb, 0x00, 0x09, 0x7f, 0xff, 0xff, 0xc0, 0x03, 0xbf, 0x8f, 0xff, 0xff, 0xf8, 0xfb, 0x00, 0x09, 0x7f, 0xfe, 0x00, 0x00, 0x1f, 0xf0, 0x00, 0x00,
  0x3f, 0xf8, 0xfb, 0x00, 0x00, 0x7e, 0xfe, 0x00, 0x01, 0x7f, 0xfc, 0xfe, 0x00, 0x00, 0x30, 0xf8, 0x00, 0x02, 0x01, 0xff, 0xfe, 0xf4, 0x00, 0x02,
  0x03, 0xff, 0xff, 0xf4, 0x00, 0x03, 0x07, 0xff, 0xff, 0x80, 0xf5, 0x00, 0x03, 0x0f, 0xff, 0xfb, 0x80, 0xf5, 0x00, 0x03, 0x1f, 0xfc, 0x01, 0xc0,
  0xf5, 0x00, 0x03, 0x1f, 0xff, 0x81, 0xc0, 0xf5, 0x00, 0x03, 0x1f, 0xff, 0x81, 0xc0, 0xf5, 0x00, 0x03, 0x3e, 0xff, 0xe0, 0xc0, 0xf5, 0x00, 0x03,
  0x3f, 0xff, 0xf9, 0xc0, 0xf5, 0x00, 0x03, 0x1f, 0xff, 0xff, 0xc0, 0xf5, 0x00, 0x03, 0x1f, 0xff, 0xff, 0x80, 0xf5, 0x00, 0x02, 0x0f, 0xff, 0xff,
  0xf4, 0x00, 0x01, 0x03, 0xe0, 0xf3, 0x00, 0x01, 0x03, 0x80, 0xf3, 0x00, 0x01, 0x03, 0x80, 0xf3, 0x00, 0x00, 0x03, 0x81, 0x00, 0x81, 0x00, 0x81,
  0x00, 0xf8, 0x00, 0x81, 0x00, 0xb9, 0x00, 0x00, 0x06, 0xf2, 0x00, 0x01, 0x0f, 0xc0, 0xf3, 0x00, 0x01, 0x1f, 0xe0, 0xf3, 0x00, 0x01, 0x3f, 0xe0,
  0xf3, 0x00, 0x01, 0x3f, 0xf0, 0xf3, 0x00, 0x02, 0x3f, 0xff, 0xfc, 0xf8, 0x00, 0x07, 0x1f, 0xff, 0xc0, 0x00, 0x3f, 0xff, 0xff, 0xf8, 0xfa, 0x00,
  0x05, 0x03, 0xff, 0xff, 0xe0, 0x00, 0x3f, 0xfe, 0xff, 0x00, 0x80, 0xfb, 0x00, 0x05, 0x1f, 0xff, 0xff, 0xe0, 0x00, 0x3f, 0xfe, 0xff, 0x00, 0xe0,
  0xfb, 0x00, 0x09, 0x7f, 0xff, 0xff, 0xc0, 0x00, 0x3f, 0x8f, 0xff, 0xff, 0xf0, 0xfb, 0x00, 0x09, 0x7f, 0xfe, 0x00, 0x00, 0x0f, 0xf0, 0x00, 0x00,
  0x3f, 0xf0, 0xfb, 0x00, 0x00, 0x7e, 0xfe, 0x00, 0x01, 0x7f, 0xfc, 0xfe, 0x00, 0x00, 0x30, 0xf8, 0x00, 0x02, 0x01, 0xff, 0xfe, 0xf4, 0x00, 0x02,
  0x03, 0xff, 0xff, 0xf4, 0x00, 0x03, 0x07, 0xff, 0xff, 0x80, 0xf5, 0x00, 0x03, 0x0f, 0xff, 0xfb, 0x80, 0xf5, 0x00, 0x03, 0x0f, 0xfc, 0x01, 0xc0,
  0xf5, 0x00, 0x03, 0x1f, 0xff, 0x81, 0xc0, 0xf5, 0x00, 0x03, 0x1f, 0xff, 0x81, 0xc0, 0xf5, 0x00, 0x03, 0x3e, 0xfe, 0xe0, 0xc0, 0xf5, 0x00, 0x03,
  0x3f, 0xff, 0xf9, 0xc0, 0xf5, 0x00, 0x03, 0x1f, 0xff, 0xff, 0xc0, 0xf5, 0x00, 0x03, 0x1f, 0xff, 0xff, 0x80, 0xf5, 0x00, 0x02, 0x0f, 0xff, 0xff,
  0xf4, 0x00, 0x01, 0x03, 0xe0, 0xf3, 0x00, 0x01, 0x03, 0x80, 0xf3, 0x00, 0x01, 0x03, 0x80, 0xf3, 0x00, 0x01, 0x03, 0x80, 0x81, 0x00, 0x81, 0x00,
  0x81, 0x00, 0xf9, 0x00, 0x81, 0x00, 0xb9, 0x00, 0x01, 0x07, 0x80, 0xf3, 0x00, 0x01, 0x0f, 0xc0, 0xf3, 0x00, 0x01, 0x1f, 0xe0, 0xf3, 0x00, 0x01,
  0x3f, 0xe0, 0xf3, 0x00, 0x01, 0x3f, 0xf0, 0xf6, 0x00, 0x05, 0x3d, 0x00, 0x00, 0x3f, 0xff, 0xfc, 0xf8, 0x00, 0x07, 0x1f, 0xff, 0xc0, 0x00, 0x3f,
  0xff, 0xff, 0xf8, 0xfa, 0x00, 0x05, 0x03, 0xff, 0xff, 0xe0, 0x00, 0x3f, 0xfe, 0xff, 0x00, 0x80, 0xfb, 0x00, 0x05, 0x1f, 0xff, 0xff, 0xe0, 0x00,
  0x3f, 0xfe, 0xff, 0x00, 0xe0, 0xfb, 0x00, 0x09, 0x7f, 0xff, 0xff, 0xc0, 0x02, 0x3f, 0x8f, 0xff, 0xff, 0xf0, 0xfb, 0x00, 0x09, 0x7f, 0xfe, 0x00,
  0x00, 0x1f, 0xf0, 0x00, 0x00, 0x3f, 0xf0, 0xfb, 0x00, 0x00, 0x7f, 0xfe, 0x00, 0x01, 0x7f, 0xfc, 0xfe, 0x00, 0x00, 0x30, 0xf8, 0x00, 0x02, 0x01,
  0xff, 0xfe, 0xf4, 0x00, 0x02, 0x03, 0xff, 0xff, 0xf4, 0x00, 0x02, 0x07, 0xff, 0xff, 0xf4, 0x00, 0x03, 0x0f, 0xff, 0xfb, 0x80, 0xf5, 0x00, 0x03,
  0x0f, 0xfc, 0x01, 0xc0, 0xf5, 0x00, 0x03, 0x1f, 0xff, 0x81, 0xc0, 0xf5, 0x00, 0x03, 0x1f, 0xff, 0x81, 0xc0, 0xf5, 0x00, 0x03, 0x3f, 0xfe, 0xe0,
  0xc0, 0xf5, 0x00, 0x03, 0x3f, 0xff, 0xf9, 0xc0, 0xf5, 0x00, 0x03, 0x1f, 0xff, 0xff, 0xc0, 0xf5, 0x00, 0x03, 0x1f, 0xff, 0xff, 0x80, 0xf5, 0x00,
  0x02, 0x0f, 0xff, 0xff, 0xf4, 0x00, 0x01, 0x03, 0xe0, 0xf3, 0x00, 0x01, 0x03, 0x80, 0xf3, 0x00, 0x01, 0x03, 0x80, 0xf3, 0x00, 0x01, 0x03, 0x80,
  0x81, 0x00, 0x81, 0x00, 0x81, 0x00, 0xf9, 0x00, 0x81, 0x00, 0xb9, 0x00, 0x01, 0x07, 0x80, 0xf3, 0x00, 0x01, 0x0f, 0xc0, 0xf3, 0x00, 0x01, 0x1f,
  0xe0, 0xf3, 0x00, 0x01, 0x3f, 0xe0, 0xf3, 0x00, 0x01, 0x3f, 0xf0, 0xf6, 0x00, 0x05, 0x1c, 0x00, 0x00, 0x3f, 0xff, 0xfc, 0xf8, 0x00, 0x07, 0x1f,
  0xff, 0xc0, 0x00, 0x3f, 0xff, 0xff, 0xf8, 0xfa, 0x00, 0x05, 0x03, 0xff, 0xff, 0xe0, 0x00, 0x3f, 0xfe, 0xff, 0x00, 0x80, 0xfb, 0x00, 0x05, 0x1f,
  0xff, 0xff, 0xe0, 0x00, 0x3f, 0xfe, 0xff, 0x00, 0xe0, 0xfb, 0x00, 0x09, 0x7f, 0xff, 0xff, 0xc0, 0x00, 0x3f, 0x8f, 0xff, 0xff, 0xf0, 0xfb, 0x00,
  0x09, 0x7f, 0xf8, 0x00, 0x00, 0x1f, 0xf0, 0x00, 0x00, 0x1f, 0xf0, 0xfb, 0x00, 0x00, 0x7e, 0xfe, 0x00, 0x01, 0x7f, 0xfc, 0xfe, 0x00, 0x00, 0x30,
  0xf8, 0x00, 0x02, 0x01, 0xff, 0xfe, 0xf4, 0x00, 0x02, 0x03, 0xff, 0xff, 0xf4, 0x00, 0x02, 0x07, 0xff, 0xff, 0xf4, 0x00, 0x03, 0x0f, 0xff, 0xfb,
  0x80, 0xf5, 0x00, 0x03, 0x0f, 0xfe, 0x01, 0xc0, 0xf5, 0x00, 0x03, 0x1f, 0xff, 0x81, 0xc0, 0xf5, 0x00, 0x03, 0x1f, 0xff, 0x81, 0xc0, 0xf5, 0x00,
  0x03, 0x3e, 0xfe, 0xe0, 0xc0, 0xf5, 0x00, 0x03, 0x3f, 0xff, 0xf9, 0xc0, 0xf5, 0x00, 0x03, 0x1f, 0xff, 0xff, 0xc0, 0xf5, 0x00, 0x03, 0x1f, 0xff,
  0xff, 0x80, 0xf5, 0x00, 0x02, 0x0f, 0xff, 0xff, 0xf4, 0x00, 0x01, 0x03, 0xe0, 0xf3, 0x00, 0x01, 0x03, 0x80, 0xf3, 0x00, 0x01, 0x03, 0x80, 0xf3,
  0x00, 0x00, 0x03, 0x81, 0x00, 0x81, 0x00, 0x81, 0x00, 0xf8, 0x00, 0x81, 0x00, 0xb9, 0x00, 0x01, 0x07, 0xc0, 0xf3, 0x00, 0x01, 0x0f, 0xf0, 0xf3,
  0x00, 0x01, 0x1f, 0xf0, 0xf3, 0x00, 0x01, 0x3f, 0xf8, 0xf3, 0x00, 0x01, 0x3f, 0xf8, 0xf3, 0x00, 0x02, 0x3f, 0xfb, 0xfc, 0xf8, 0x00, 0x07, 0x1f,
  0xff, 0xc0, 0x00, 0x3f, 0xff, 0xff, 0xf8, 0xfa, 0x00, 0x05, 0x03, 0xff, 0xff, 0xe0, 0x00, 0x3f, 0xfe, 0xff, 0x00, 0x80, 0xfb, 0x00, 0x05, 0x1f,
  0xff, 0xff, 0xe0, 0x00, 0x3f, 0xfe, 0xff, 0x00, 0xe0, 0xfb, 0x00, 0x05, 0x7f, 0xff, 0xff, 0xe0, 0x00, 0x3f, 0xfe, 0xff, 0x00, 0xf0, 0xfb, 0x00,
  0x09, 0x7f, 0xff, 0x00, 0x00, 0x0f, 0xf0, 0x00, 0x00, 0x7f, 0xf0, 0xfb, 0x00, 0x05, 0x7f, 0x80, 0x00, 0x00, 0x7f, 0xfc, 0xfe, 0x00, 0x00, 0x70,
  0xfb, 0x00, 0x05, 0x40, 0x00, 0x00, 0x01, 0xff, 0xfe, 0xf4, 0x00, 0x02, 0x03, 0xff, 0xff, 0xf4, 0x00, 0x02, 0x07, 0xff, 0xff, 0xf4, 0x00, 0x03,
  0x0f, 0xff, 0xff, 0x80, 0xf5, 0x00, 0x03, 0x0f, 0xfe, 0x01, 0xc0, 0xf5, 0x00, 0x03, 0x1f, 0xff, 0x81, 0xc0, 0xf5, 0x00, 0x03, 0x1f, 0xff, 0x81,
  0xc0, 0xf5, 0x00, 0x03, 0x3f, 0xfe, 0x60, 0xc0, 0xf5, 0x00, 0x03, 0x3f, 0xff, 0xf9, 0xc0, 0xf5, 0x00, 0x03, 0x1f, 0xff, 0xff, 0xc0, 0xf5, 0x00,
  0x03, 0x1f, 0xff, 0xff, 0x80, 0xf5, 0x00, 0x02, 0x0f, 0xff, 0xff, 0xf4, 0x00, 0x01, 0x03, 0xe0, 0xf3, 0x00, 0x01, 0x03, 0x80, 0xf3, 0x00, 0x01,
  0x03, 0x80, 0xf3, 0x00, 0x00, 0x03, 0x81, 0x00, 0x81, 0x00, 0x81, 0x00, 0xf8, 0x00, 0x81, 0x00, 0xb9, 0x00, 0x01, 0x07, 0xc0, 0xf3, 0x00, 0x01,
  0x0f, 0xf0, 0xf3, 0x00, 0x01, 0x1f, 0xf0, 0xf3, 0x00, 0x01, 0x3f, 0xf8, 0xf3, 0x00, 0x01, 0x3f, 0xf8, 0xf3, 0x00, 0x02, 0x3f, 0xfb, 0xf0, 0xf8,
  0x00, 0x07, 0x0f, 0xff, 0xc0, 0x00, 0x3f, 0xff, 0xff, 0xf0, 0xfa, 0x00, 0x05, 0x01, 0xff, 0xff, 0xe0, 0x00, 0x3f, 0xfe, 0xff, 0xfa, 0x00, 0x05,
  0x1f, 0xff, 0xff, 0xe0, 0x00, 0x3f, 0xfe, 0xff, 0x00, 0xe0, 0xfb, 0x00, 0x05, 0x7f, 0xff, 0xff, 0xe0, 0x00, 0x3f, 0xfe, 0xff, 0x00, 0xf0, 0xfb,
  0x00, 0x09, 0x7f, 0xff, 0x00, 0x00, 0x0f, 0xf0, 0x00, 0x00, 0x7f, 0xf0, 0xfb, 0x00, 0x05, 0x7f, 0x80, 0x00, 0x00, 0x7f, 0xf8, 0xfe, 0x00, 0x00,
  0x70, 0xfb, 0x00, 0x05, 0x40, 0x00, 0x00, 0x01, 0xff, 0xfc, 0xf4, 0x00, 0x02, 0x03, 0xff, 0xff, 0xf4, 0x00, 0x02, 0x07, 0xff, 0xff, 0xf4, 0x00,
  0x03, 0x0f, 0xff, 0xff, 0x80, 0xf5, 0x00, 0x03, 0x0f, 0xfe, 0x01, 0xc0, 0xf5, 0x00, 0x03, 0x1f, 0xff, 0x81, 0xc0, 0xf5, 0x00, 0x03, 0x1f, 0xff,
  0x81, 0xc0, 0xf5, 0x00, 0x03, 0x3f, 0xfe, 0x60, 0xc0, 0xf5, 0x00, 0x03, 0x3f, 0xff, 0xf9, 0xc0, 0xf5, 0x00, 0x03, 0x1f, 0xff, 0xff, 0xc0, 0xf5,
  0x00, 0x03, 0x1f, 0xff, 0xff, 0x80, 0xf5, 0x00, 0x02, 0x0f, 0xff, 0xff, 0xf4, 0x00, 0x01, 0x03, 0xe0, 0xf3, 0x00, 0x01, 0x03, 0x80, 0xf3, 0x00,
  0x01, 0x03, 0x80, 0xf3, 0x00, 0x00, 0x03, 0x81, 0x00, 0x81, 0x00, 0x81, 0x00, 0xf8, 0x00, 0x81, 0x00, 0xc9, 0x00, 0x01, 0x01, 0xc0, 0xf3, 0x00,
  0x01, 0x07, 0xf8, 0xf3, 0x00, 0x01, 0x0f, 0xfc, 0xf3, 0x00, 0x01, 0x1f, 0xfc, 0xf3, 0x00, 0x01, 0x3f, 0xfc, 0xf3, 0x00, 0x01, 0x3f, 0xfe, 0xf3,
  0x00, 0x02, 0x3f, 0xff, 0x50, 0xf8, 0x00, 0x07, 0x07, 0xff, 0xc0, 0x00, 0x3f, 0xff, 0xff, 0xf0, 0xf9, 0x00, 0x04, 0xff, 0xff, 0xe0, 0x00, 0x3f,
  0xfe, 0xff, 0xfa, 0x00, 0x05, 0x0f, 0xff, 0xff, 0xe0, 0x00, 0x3f, 0xfe, 0xff, 0x00, 0xe0, 0xfb, 0x00, 0x05, 0x7f, 0xff, 0xff, 0xe0, 0x00, 0x3f,
  0xfe, 0xff, 0x00, 0xf0, 0xfb, 0x00, 0x09, 0x7f, 0xff, 0xfc, 0x00, 0x07, 0xff, 0xe0, 0x01, 0xff, 0xf0, 0xfb, 0x00, 0x05, 0x7f, 0xe0, 0x00, 0x00,
  0x7f, 0xf8, 0xfe, 0x00, 0x00, 0xf0, 0xfb, 0x00, 0x00, 0x70, 0xfe, 0x00, 0x01, 0xff, 0xfc, 0xf4, 0x00, 0x02, 0x03, 0xff, 0xfe, 0xf4, 0x00, 0x02,
  0x07, 0xff, 0xff, 0xf4, 0x00, 0x03, 0x07, 0xff, 0xff, 0x80, 0xf5, 0x00, 0x03, 0x0f, 0xff, 0x03, 0x80, 0xf5, 0x00, 0x03, 0x1f, 0xff, 0x81, 0xc0,
  0xf5, 0x00, 0x03, 0x1f, 0xff, 0x81, 0xc0, 0xf5, 0x00, 0x03, 0x1f, 0xff, 0xe0, 0xc0, 0xf5, 0x00, 0x03, 0x1f, 0xff, 0xf9, 0xc0, 0xf5, 0x00, 0x03,
  0x1f, 0xff, 0xff, 0xc0, 0xf5, 0x00, 0x03, 0x1f, 0xff, 0xff, 0x80, 0xf5, 0x00, 0x02, 0x0f, 0xff, 0xff, 0xf4, 0x00, 0x01, 0x03, 0xe0, 0xf3, 0x00,
  0x01, 0x03, 0x80, 0xf3, 0x00, 0x01, 0x03, 0x80, 0xf3, 0x00, 0x00, 0x03, 0x81, 0x00, 0x81, 0x00, 0x81, 0x00, 0xf8, 0x00, 0x81, 0x00, 0xc9, 0x00,
  0x01, 0x01, 0xe0, 0xf3, 0x00, 0x01, 0x07, 0xf8, 0xf3, 0x00, 0x01, 0x0f, 0xfc, 0xf3, 0x00, 0x01, 0x1f, 0xfc, 0xf3, 0x00, 0x01, 0x3f, 0xfc, 0xf3,
  0x00, 0x01, 0x3f, 0xfe, 0xf3, 0x00, 0x01, 0x3f, 0xfe, 0xf7, 0x00, 0x07, 0x07, 0xff, 0x80, 0x00, 0x3f, 0xff, 0xff, 0xe0, 0xf9, 0x00, 0x07, 0xff,
  0xff, 0xe0, 0x00, 0x3f, 0xff, 0xff, 0xfe, 0xfa, 0x00, 0x05, 0x0f, 0xff, 0xff, 0xe0, 0x00, 0x3f, 0xfe, 0xff, 0x00, 0xe0, 0xfb, 0x00, 0x05, 0x3f,
  0xff, 0xff, 0xe0, 0x00, 0x3f, 0xfe, 0xff, 0x00, 0xf0, 0xfb, 0x00, 0x09, 0x7f, 0xff, 0xfc, 0x00, 0x03, 0xff, 0xe0, 0x01, 0xff, 0xf0, 0xfb, 0x00,
  0x05, 0x7f, 0xe0, 0x00, 0x00, 0x3f, 0xf8, 0xfe, 0x00, 0x00, 0xf0, 0xfb, 0x00, 0x00, 0x70, 0xfe, 0x00, 0x01, 0xff, 0xfc, 0xf4, 0x00, 0x02, 0x03,
  0xff, 0xfe, 0xf4, 0x00, 0x02, 0x07, 0xff, 0xff, 0xf4, 0x00, 0x03, 0x07, 0xff, 0xff, 0x80, 0xf5, 0x00, 0x03, 0x0f, 0xff, 0x01, 0x80, 0xf5, 0x00,
  0x03, 0x1f, 0xff, 0x81, 0xc0, 0xf5, 0x00, 0x03, 0x1f, 0xff, 0x81, 0xc0, 0xf5, 0x00, 0x03, 0x1f, 0xff, 0xe0, 0xc0, 0xf5, 0x00, 0x03, 0x1f, 0xff,
  0xf9, 0xc0, 0xf5, 0x00, 0x03, 0x1f, 0xff, 0xff, 0xc0, 0xf5, 0x00, 0x03, 0x1f, 0xff, 0xff, 0x80, 0xf5, 0x00, 0x02, 0x0f, 0xff, 0xff, 0xf4, 0x00,
  0x01, 0x03, 0xe0, 0xf3, 0x00, 0x01, 0x03, 0x80, 0xf3, 0x00, 0x01, 0x03, 0x80, 0xf3, 0x00, 0x00, 0x03, 0x81, 0x00, 0x81, 0x00, 0x81, 0x00, 0xf8,
  0x00, 0x81, 0x00, 0xc9, 0x00, 0x01, 0x01, 0xe0, 0xf3, 0x00, 0x01, 0x07, 0xf8, 0xf3, 0x00, 0x01, 0x0f, 0xfc, 0xf3, 0x00, 0x01, 0x1f, 0xfc, 0xf3,
  0x00, 0x01, 0x3f, 0xfe, 0xf3, 0x00, 0x01, 0x3f, 0xfe, 0xf3, 0x00, 0x01, 0x3f, 0xfe, 0xf7, 0x00, 0x07, 0x07, 0xff, 0xc0, 0x00, 0x3f, 0xff, 0xff,
  0xe0, 0xf9, 0x00, 0x04, 0xff, 0xff, 0xe0, 0x00, 0x3f, 0xfe, 0xff, 0xfa, 0x00, 0x05, 0x0f, 0xff, 0xff, 0xe0, 0x00, 0x3f, 0xfe, 0xff, 0x00, 0xe0,
  0xfb, 0x00, 0x05, 0x7f, 0xff, 0xff, 0xe0, 0x00, 0x3f, 0xfe, 0xff, 0x00, 0xf0, 0xfb, 0x00, 0x09, 0x7f, 0xff, 0xfe, 0x00, 0x03, 0xff, 0xe0, 0x01,
  0xff, 0xf0, 0xfb, 0x00, 0x09, 0x7f, 0xf0, 0x00, 0x00, 0x3f, 0xf8, 0x00, 0x00, 0x01, 0xf0, 0xfb, 0x00, 0x00, 0x70, 0xfe, 0x00, 0x01, 0xff, 0xfc,
  0xf4, 0x00, 0x02, 0x03, 0xff, 0xfe, 0xf4, 0x00, 0x02, 0x07, 0xff, 0xff, 0xf4, 0x00, 0x03, 0x07, 0xff, 0xff, 0x80, 0xf5, 0x00, 0x03, 0x0f, 0xff,
  0x01, 0x80, 0xf5, 0x00, 0x03, 0x1f, 0xff, 0x81, 0xc0, 0xf5, 0x00, 0x03, 0x1f, 0xff, 0x81, 0xc0, 0xf5, 0x00, 0x03, 0x1e, 0xfd, 0x60, 0xc0, 0xf5,
  0x00, 0x03, 0x1f, 0xff, 0xf9, 0xc0, 0xf5, 0x00, 0x03, 0x1f, 0xff, 0xff, 0xc0, 0xf5, 0x00, 0x03, 0x1f, 0xff, 0xff, 0x80, 0xf5, 0x00, 0x02, 0x0f,
  0xff, 0xff, 0xf4, 0x00, 0x01, 0x03, 0xe0, 0xf3, 0x00, 0x01, 0x03, 0x80, 0xf3, 0x00, 0x01, 0x03, 0x80, 0xf3, 0x00, 0x00, 0x03, 0x81, 0x00, 0x81,
  0x00, 0x81, 0x00, 0xf8, 0x00, 0x81, 0x00, 0xd9, 0x00, 0x01, 0x01, 0xf8, 0xf3, 0x00, 0x01, 0x07, 0xfe, 0xf3, 0x00, 0x01, 0x07, 0xff, 0xf3, 0x00,
  0x02, 0x0f, 0xff, 0x80, 0xf4, 0x00, 0x02, 0x1f, 0xff, 0x80, 0xf4, 0x00, 0x02, 0x1f, 0xff, 0xc0, 0xf4, 0x00, 0x02, 0x1f, 0xff, 0xc0, 0xf4, 0x00,
  0x02, 0x1f, 0xff, 0xc0, 0xf4, 0x00, 0x02, 0x1f, 0xff, 0xff, 0xf8, 0x00, 0x07, 0x3f, 0xff, 0xc0, 0x00, 0x1f, 0xff, 0xff, 0xfc, 0xfa, 0x00, 0x05,
  0x07, 0xff, 0xff, 0xe0, 0x00, 0x1f, 0xfe, 0xff, 0x00, 0xc0, 0xfb, 0x00, 0x05, 0x3f, 0xff, 0xff, 0xe0, 0x00, 0x1f, 0xfe, 0xff, 0x00, 0xf0, 0xfb,
  0x00, 0x05, 0x7f, 0xff, 0xff, 0xc0, 0x00, 0x1f, 0xfe, 0xff, 0x00, 0xf8, 0xfb, 0x00, 0x09, 0x7f, 0xfc, 0x00, 0x00, 0x0f, 0xfd, 0xf8, 0x00, 0x07,
  0xf8, 0xfb, 0x00, 0x00, 0x7c, 0xfe, 0x00, 0x01, 0x7f, 0xfc, 0xf4, 0x00, 0x02, 0x01, 0xff, 0xfe, 0xf4, 0x00, 0x02, 0x03, 0xff, 0xff, 0xf4, 0x00,
  0x03, 0x07, 0xff, 0xff, 0x80, 0xf5, 0x00, 0x03, 0x0f, 0xff, 0xff, 0x80, 0xf5, 0x00, 0x03, 0x0f, 0xff, 0x81, 0xc0, 0xf5, 0x00, 0x03, 0x1f, 0xff,
  0x81, 0xc0, 0xf5, 0x00, 0x03, 0x1f, 0xee, 0x60, 0xc0, 0xf5, 0x00, 0x03, 0x1f, 0xfe, 0xf9, 0xc0, 0xf5, 0x00, 0x03, 0x1f, 0xff, 0xff, 0xc0, 0xf5,
  0x00, 0x03, 0x1f, 0xff, 0xff, 0x80, 0xf5, 0x00, 0x02, 0x0f, 0xff, 0xff, 0xf4, 0x00, 0x01, 0x03, 0xe0, 0xf3, 0x00, 0x01, 0x03, 0x80, 0xf3, 0x00,
  0x01, 0x03, 0x80, 0xf3, 0x00, 0x00, 0x03, 0x81, 0x00, 0x81, 0x00, 0x81, 0x00, 0xf8, 0x00, 0x81, 0x00, 0xd9, 0x00, 0x01, 0x01, 0xfc, 0xf3, 0x00,
  0x01, 0x07, 0xfe, 0xf3, 0x00, 0x01, 0x07, 0xff, 0xf3, 0x00, 0x02, 0x0f, 0xff, 0x80, 0xf4, 0x00, 0x02, 0x1f, 0xff, 0x80, 0xf4, 0x00, 0x02, 0x1f,
  0xff, 0xc0, 0xf4, 0x00, 0x02, 0x1f, 0xff, 0xc0, 0xf4, 0x00, 0x02, 0x1f, 0xff, 0xc0, 0xf4, 0x00, 0x02, 0x1f, 0xff, 0xff, 0xf8, 0x00, 0x07, 0x3f,
  0xff, 0xc0, 0x00, 0x1f, 0xff, 0xff, 0xfc, 0xfa, 0x00, 0x05, 0x07, 0xff, 0xff, 0xe0, 0x00, 0x1f, 0xfe, 0xff, 0x00, 0xc0, 0xfb, 0x00, 0x05, 0x3f,
  0xff, 0xff, 0xe0, 0x00, 0x1f, 0xfe, 0xff, 0x00, 0xf0, 0xfb, 0x00, 0x05, 0x7f, 0xff, 0xff, 0xc0, 0x00, 0x1f, 0xfe, 0xff, 0x00, 0xf8, 0xfb, 0x00,
  0x09, 0x7f, 0xfe, 0x00, 0x00, 0x0f, 0xff, 0xfc, 0x00, 0x0f, 0xf8, 0xfb, 0x00, 0x00, 0x7e, 0xfe, 0x00, 0x01, 0x3f, 0xfc, 0xf3, 0x00, 0x01, 0xff,
  0xfe, 0xf4, 0x00, 0x02, 0x03, 0xff, 0xff, 0xf4, 0x00, 0x03, 0x07, 0xff, 0xff, 0x80, 0xf5, 0x00, 0x03, 0x0f, 0xff, 0xff, 0x80, 0xf5, 0x00, 0x03,
  0x0f, 0xff, 0x81, 0xc0, 0xf5, 0x00, 0x03, 0x1f, 0xff, 0x81, 0xc0, 0xf5, 0x00, 0x03, 0x1f, 0xee, 0x60, 0xc0, 0xf5, 0x00, 0x03, 0x1f, 0xff, 0xf9,
  0xc0, 0xf5, 0x00, 0x03, 0x1f, 0xff, 0xff, 0xc0, 0xf5, 0x00, 0x03, 0x1f, 0xff, 0xff, 0x80, 0xf5, 0x00, 0x02, 0x0f, 0xff, 0xff, 0xf4, 0x00, 0x01,
  0x03, 0xf0, 0xf3, 0x00, 0x01, 0x03, 0x80, 0xf3, 0x00, 0x01, 0x03, 0x80, 0xf3, 0x00, 0x00, 0x03, 0x81, 0x00, 0x81, 0x00, 0x81, 0x00, 0xf8, 0x00,
  0x81, 0x00, 0xe8, 0x00, 0x00, 0x7e, 0xf3, 0x00, 0x02, 0x01, 0xff, 0x80, 0xf4, 0x00, 0x02, 0x07, 0xff, 0xc0, 0xf4, 0x00, 0x02, 0x07, 0xff, 0xc0,
  0xf4, 0x00, 0x02, 0x0f, 0xff, 0xe0, 0xf4, 0x00, 0x02, 0x1f, 0xff, 0xf0, 0xf4, 0x00, 0x02, 0x1f, 0xff, 0xf0, 0xf4, 0x00, 0x02, 0x1f, 0xff, 0xf0,
  0xf4, 0x00, 0x02, 0x1f, 0xff, 0xf0, 0xf4, 0x00, 0x02, 0x1f, 0xff, 0xff, 0xf8, 0x00, 0x07, 0x1f, 0xff, 0xc0, 0x00, 0x1f, 0xff, 0xff, 0xfc, 0xfa,
  0x00, 0x05, 0x07, 0xff, 0xff, 0xe0, 0x00, 0x1f, 0xfe, 0xff, 0x00, 0xc0, 0xfb, 0x00, 0x05, 0x3f, 0xff, 0xff, 0xe0, 0x00, 0x1f, 0xfe, 0xff, 0x00,
  0xf0, 0xfb, 0x00, 0x05, 0x7f, 0xff, 0xff, 0xe0, 0x00, 0x1f, 0xfe, 0xff, 0x00, 0xf8, 0xfb, 0x00, 0x09, 0x7f, 0xfe, 0x00, 0x00, 0x07, 0xff, 0xff,
  0x00, 0x1f, 0xf8, 0xfb, 0x00, 0x00, 0x7e, 0xfe, 0x00, 0x02, 0x3f, 0xf8, 0x7c, 0xf4, 0x00, 0x01, 0xff, 0xfe, 0xf4, 0x00, 0x02, 0x03, 0xff, 0xff,
  0xf4, 0x00, 0x03, 0x07, 0xff, 0xff, 0x80, 0xf5, 0x00, 0x03, 0x0f, 0xff, 0xff, 0x80, 0xf5, 0x00, 0x03, 0x0f, 0xff, 0xc1, 0xc0, 0xf5, 0x00, 0x03,
  0x1f, 0xff, 0x81, 0xc0, 0xf5, 0x00, 0x03, 0x1f, 0xfe, 0x60, 0xc0, 0xf5, 0x00, 0x03, 0x1f, 0xff, 0xf9, 0xc0, 0xf5, 0x00, 0x03, 0x1f, 0xff, 0xff,
  0xc0, 0xf5, 0x00, 0x03, 0x1f, 0xff, 0xff, 0x80, 0xf5, 0x00, 0x02, 0x0f, 0xff, 0xff, 0xf4, 0x00, 0x01, 0x03, 0xf0, 0xf3, 0x00, 0x01, 0x03, 0x80,
  0xf3, 0x00, 0x01, 0x03, 0x80, 0xf3, 0x00, 0x00, 0x03, 0x81, 0x00, 0x81, 0x00, 0x81, 0x00, 0xf8, 0x00, 0x81, 0x00, 0xf8, 0x00, 0x00, 0x7c, 0xf3,
  0x00, 0x02, 0x01, 0xff, 0x80, 0xf4, 0x00, 0x02, 0x03, 0xff, 0xc0, 0xf4, 0x00, 0x02, 0x07, 0xff, 0xe0, 0xf4, 0x00, 0x02, 0x07, 0xff, 0xe0, 0xf4,
  0x00, 0x02, 0x0f, 0xff, 0xf0, 0xf4, 0x00, 0x02, 0x1f, 0xff, 0xf0, 0xf4, 0x00, 0x02, 0x1f, 0xff, 0xf8, 0xf4, 0x00, 0x02, 0x1f, 0xff, 0xf8, 0xf4,
  0x00, 0x02, 0x1f, 0xff, 0xf8, 0xf4, 0x00, 0x02, 0x1f, 0xff, 0xf8, 0xf8, 0x00, 0x07, 0x07, 0xff, 0x00, 0x00, 0x1f, 0xff, 0xff, 0xf8, 0xfa, 0x00,
  0x05, 0x03, 0xff, 0xff, 0xe0, 0x00, 0x1f, 0xfe, 0xff, 0x00, 0x80, 0xfb, 0x00, 0x05, 0x1f, 0xff, 0xff, 0xe0, 0x00, 0x1f, 0xfe, 0xff, 0x00, 0xf0,
  0xfb, 0x00, 0x05, 0x7f, 0xff, 0xff, 0xe0, 0x00, 0x1f, 0xfe, 0xff, 0x00, 0xf8, 0xfb, 0x00, 0x09, 0x7f, 0xff, 0xff, 0xc0, 0x00, 0xbf, 0xff, 0xc0,
  0xff, 0xf8, 0xfb, 0x00, 0x09, 0x7f, 0xc0, 0x00, 0x00, 0x1f, 0xf9, 0xfe, 0x00, 0x00, 0x70, 0xf7, 0x00, 0x01, 0x7f, 0xfe, 0xf4, 0x00, 0x02, 0x01,
  0xff, 0xff, 0xf4, 0x00, 0x03, 0x03, 0xff, 0xff, 0x80, 0xf5, 0x00, 0x03, 0x07, 0xff, 0xff, 0x80, 0xf5, 0x00, 0x03, 0x0f, 0xff, 0xe1, 0xc0, 0xf5,
  0x00, 0x03, 0x1f, 0xff, 0xa1, 0xc0, 0xf5, 0x00, 0x03, 0x1f, 0xff, 0xe0, 0xe0, 0xf5, 0x00, 0x03, 0x1f, 0xff, 0xf9, 0xc0, 0xf5, 0x00, 0x03, 0x1f,
  0xff, 0xff, 0xc0, 0xf5, 0x00, 0x03, 0x1f, 0xff, 0xff, 0xc0, 0xf5, 0x00, 0x03, 0x0f, 0xff, 0xff, 0x80, 0xf5, 0x00, 0x01, 0x03, 0xe0, 0xf3, 0x00,
  0x01, 0x03, 0x80, 0xf3, 0x00, 0x01, 0x03, 0x80, 0xf3, 0x00, 0x00, 0x03, 0x81, 0x00, 0x81, 0x00, 0x81, 0x00, 0xf8, 0x00, 0x81, 0x00, 0xf8, 0x00,
  0x00, 0x7c, 0xf3, 0x00, 0x02, 0x01, 0xff, 0x80, 0xf4, 0x00, 0x02, 0x03, 0xff, 0xc0, 0xf4, 0x00, 0x02, 0x07, 0xff, 0xe0, 0xf4, 0x00, 0x02, 0x07,
  0xff, 0xe0, 0xf4, 0x00, 0x02, 0x0f, 0xff, 0xf0, 0xf4, 0x00, 0x02, 0x1f, 0xff, 0xf0, 0xf4, 0x00, 0x02, 0x1f, 0xff, 0xf8, 0xf4, 0x00, 0x02, 0x1f,
  0xff, 0xf8, 0xf4, 0x00, 0x02, 0x1f, 0xff, 0xf8, 0xf4, 0x00, 0x02, 0x1f, 0xff, 0xf8, 0xf8, 0x00, 0x07, 0x03, 0xc3, 0x00, 0x00, 0x1f, 0xff, 0xff,
  0xf0, 0xf9, 0x00, 0x04, 0xff, 0xff, 0xe0, 0x00, 0x1f, 0xfe, 0xff, 0x00, 0x80, 0xfb, 0x00, 0x05, 0x1f, 0xff, 0xff, 0xe0, 0x00, 0x1f, 0xfe, 0xff,
  0x00, 0xf0, 0xfb, 0x00, 0x05, 0x7f, 0xff, 0xff, 0xe0, 0x00, 0x1f, 0xfe, 0xff, 0x00, 0xf8, 0xfb, 0x00, 0x09, 0x7f, 0xff, 0xff, 0xc0, 0x00, 0x3f,
  0xff, 0xc0, 0x7f, 0xf8, 0xfb, 0x00, 0x09, 0x7f, 0xc0, 0x00, 0x00, 0x1f, 0xf9, 0xfe, 0x00, 0x00, 0x70, 0xf7, 0x00, 0x01, 0x7f, 0xfe, 0xf4, 0x00,
  0x02, 0x01, 0xff, 0xff, 0xf4, 0x00, 0x03, 0x03, 0xff, 0xff, 0x80, 0xf5, 0x00, 0x03, 0x07, 0xff, 0xff, 0x80, 0xf5, 0x00, 0x03, 0x0f, 0xff, 0xe1,
  0xc0, 0xf5, 0x00, 0x03, 0x1f, 0xff, 0xa1, 0xc0, 0xf5, 0x00, 0x03, 0x1f, 0xff, 0xe0, 0xe0, 0xf5, 0x00, 0x03, 0x1f, 0xff, 0xf9, 0xc0, 0xf5, 0x00,
  0x03, 0x1f, 0xff, 0xff, 0xc0, 0xf5, 0x00, 0x03, 0x1f, 0xff, 0xff, 0xc0, 0xf5, 0x00, 0x03, 0x0f, 0xff, 0xff, 0x80, 0xf5, 0x00, 0x01, 0x03, 0xe0,
  0xf3, 0x00, 0x01, 0x03, 0x80, 0xf3, 0x00, 0x01, 0x03, 0x80, 0xf3, 0x00, 0x01, 0x03, 0x80, 0x81, 0x00, 0x81, 0x00, 0x81, 0x00, 0xf9, 0x00, 0x88,
  0x00, 0x00, 0x0e, 0xf2, 0x00, 0x01, 0x7f, 0xc0, 0xf4, 0x00, 0x02, 0x01, 0xff, 0xe0, 0xf4, 0x00, 0x02, 0x03, 0xff, 0xf0, 0xf4, 0x00, 0x02, 0x07,
  0xff, 0xf8, 0xf4, 0x00, 0x02, 0x07, 0xff, 0xfc, 0xf4, 0x00, 0x02, 0x0f, 0xff, 0xfc, 0xf4, 0x00, 0x02, 0x1f, 0xff, 0xfc, 0xf4, 0x00, 0x02, 0x1f,
  0xff, 0xfc, 0xf4, 0x00, 0x02, 0x1f, 0xff, 0xfc, 0xf4, 0x00, 0x02, 0x1f, 0xff, 0xfc, 0xf4, 0x00, 0x02, 0x1f, 0xff, 0xfc, 0xf8, 0x00, 0x07, 0x01,
  0xea, 0x00, 0x00, 0x1f, 0xff, 0xff, 0xe0, 0xf9, 0x00, 0x04, 0xff, 0xff, 0xe0, 0x00, 0x1f, 0xfe, 0xff, 0x00, 0x80, 0xfb, 0x00, 0x05, 0x1f, 0xff,
  0xff, 0xe0, 0x00, 0x1f, 0xfe, 0xff, 0x00, 0xf0, 0xfb, 0x00, 0x05, 0x7f, 0xff, 0xff, 0xe0, 0x00, 0x1f, 0xfe, 0xff, 0x00, 0xf8, 0xfb, 0x00, 0xfe,
  0xff, 0x02, 0xc0, 0x00, 0x3f, 0xfe, 0xff, 0x00, 0xf8, 0xfb, 0x00, 0x09, 0xff, 0xf0, 0x00, 0x00, 0x0f, 0xff, 0xff, 0xc0, 0x00, 0xf8, 0xfb, 0x00,
  0x00, 0x60, 0xfe, 0x00, 0x02, 0x7f, 0xfc, 0x3f, 0xf5, 0x00, 0x02, 0x01, 0xff, 0xff, 0xf4, 0x00, 0x02, 0x03, 0xff, 0xff, 0xf4, 0x00, 0x03, 0x07,
  0xff, 0xff, 0x80, 0xf5, 0x00, 0x03, 0x0f, 0xff, 0xff, 0xc0, 0xf5, 0x00, 0x03, 0x1f, 0xff, 0xa1, 0xc0, 0xf5, 0x00, 0x03, 0x1f, 0xff, 0xe0, 0xc0,
  0xf5, 0x00, 0x03, 0x1f, 0xff, 0xf9, 0xc0, 0xf5, 0x00, 0x03, 0x1f, 0xff, 0xff, 0xc0, 0xf5, 0x00, 0x03, 0x1f, 0xff, 0xff, 0xc0, 0xf5, 0x00, 0x03,
  0x0f, 0xff, 0xff, 0x80, 0xf5, 0x00, 0x01, 0x03, 0xe0, 0xf3, 0x00, 0x01, 0x03, 0x80, 0xf3, 0x00, 0x01, 0x03, 0x80, 0xf3, 0x00, 0x01, 0x03, 0x80,
  0x81, 0x00, 0x81, 0x00, 0x81, 0x00, 0xf9, 0x00, 0x88, 0x00, 0x00, 0x1e, 0xf2, 0x00, 0x01, 0xff, 0xc0, 0xf4, 0x00, 0x02, 0x01, 0xff, 0xe0, 0xf4,
  0x00, 0x02, 0x03, 0xff, 0xf0, 0xf4, 0x00, 0x02, 0x07, 0xff, 0xf8, 0xf4, 0x00, 0x02, 0x07, 0xff, 0xfc, 0xf4, 0x00, 0x02, 0x0f, 0xff, 0xfc, 0xf4,
  0x00, 0x02, 0x1f, 0xff, 0xfc, 0xf4, 0x00, 0x02, 0x1f, 0xff, 0xfc, 0xf4, 0x00, 0x02, 0x1f, 0xff, 0xfc, 0xf4, 0x00, 0x02, 0x1f, 0xff, 0xfc, 0xf4,
  0x00, 0x02, 0x1f, 0xff, 0xfc, 0xf4, 0x00, 0x03, 0x1f, 0xff, 0xff, 0xc0, 0xf9, 0x00, 0x04, 0x7f, 0xff, 0xc0, 0x00, 0x1f, 0xfe, 0xff, 0xfa, 0x00,
  0x05, 0x0f, 0xff, 0xff, 0xe0, 0x00, 0x1f, 0xfe, 0xff, 0x00, 0xf0, 0xfb, 0x00, 0x05, 0x7f, 0xff, 0xff, 0xe0, 0x00, 0x1f, 0xfe, 0xff, 0x00, 0xf8,
  0xfb, 0x00, 0x09, 0x7f, 0xff, 0xff, 0xc0, 0x00, 0x3f, 0xff, 0xf7, 0xff, 0xf8, 0xfb, 0x00, 0x09, 0xff, 0xf0, 0x00, 0x00, 0x0f, 0xff, 0xff, 0xc0,
  0x00, 0x78, 0xfb, 0x00, 0x00, 0x60, 0xfe, 0x00, 0x02, 0x7f, 0xfc, 0x3f, 0xf4, 0x00, 0x01, 0xff, 0xfe, 0xf4, 0x00, 0x02, 0x03, 0xff, 0xff, 0xf4,
  0x00, 0x03, 0x07, 0xff, 0xff, 0x80, 0xf5, 0x00, 0x03, 0x0f, 0xff, 0xff, 0xc0, 0xf5, 0x00, 0x03, 0x1f, 0xff, 0xe1, 0xc0, 0xf5, 0x00, 0x03, 0x1f,
  0xfe, 0xe0, 0xc0, 0xf5, 0x00, 0x03, 0x1f, 0xff, 0xf9, 0xc0, 0xf5, 0x00, 0x03, 0x1f, 0xff, 0xfb, 0xc0, 0xf5, 0x00, 0x03, 0x1f, 0xff, 0xff, 0xc0,
  0xf5, 0x00, 0x03, 0x0f, 0xff, 0xff, 0x80, 0xf5, 0x00, 0x01, 0x03, 0xe0, 0xf3, 0x00, 0x01, 0x03, 0x80, 0xf3, 0x00, 0x01, 0x03, 0x80, 0xf3, 0x00,
  0x01, 0x03, 0x80, 0x81, 0x00, 0x81, 0x00, 0x81, 0x00, 0xf9, 0x00, 0x88, 0x00, 0x00, 0x1c, 0xf2, 0x00, 0x01, 0xff, 0xc0, 0xf4, 0x00, 0x02, 0x01,
  0xff, 0xe0, 0xf4, 0x00, 0x02, 0x03, 0xff, 0xf0, 0xf4, 0x00, 0x02, 0x07, 0xff, 0xf8, 0xf4, 0x00, 0x02, 0x07, 0xff, 0xfc, 0xf4, 0x00, 0x02, 0x0f,
  0xff, 0xfc, 0xf4, 0x00, 0x02, 0x1f, 0xff, 0xfc, 0xf4, 0x00, 0x02, 0x1f, 0xff, 0xfc, 0xf4, 0x00, 0x02, 0x1f, 0xff, 0xfc, 0xf4, 0x00, 0x02, 0x1f,
  0xff, 0xfc, 0xf4, 0x00, 0x02, 0x1f, 0xff, 0xfc, 0xf4, 0x00, 0x03, 0x1f, 0xff, 0xff, 0xc0, 0xf9, 0x00, 0x04, 0x7f, 0xff, 0xc0, 0x00, 0x1f, 0xfe,
  0xff, 0xfa, 0x00, 0x05, 0x0f, 0xff, 0xff, 0xe0, 0x00, 0x1f, 0xfe, 0xff, 0x00, 0xf0, 0xfb, 0x00, 0x05, 0x7f, 0xff, 0xff, 0xe0, 0x00, 0x1f, 0xfe,
  0xff, 0x00, 0xf8, 0xfb, 0x00, 0x05, 0x7f, 0xff, 0xff, 0xc0, 0x00, 0x3f, 0xfe, 0xff, 0x00, 0xf8, 0xfb, 0x00, 0x09, 0xff, 0xf0, 0x00, 0x00, 0x0f,
  0xff, 0xff, 0xc0, 0x00, 0xf8, 0xfb, 0x00, 0x00, 0x60, 0xfe, 0x00, 0x02, 0x7f, 0xfe, 0x7f, 0xf4, 0x00, 0x01, 0xff, 0xfe, 0xf4, 0x00, 0x02, 0x03,
  0xff, 0xff, 0xf4, 0x00, 0x03, 0x07, 0xff, 0xff, 0x80, 0xf5, 0x00, 0x03, 0x0f, 0xff, 0xff, 0xc0, 0xf5, 0x00, 0x03, 0x1f, 0xff, 0xe1, 0xc0, 0xf5,
  0x00, 0x03, 0x1f, 0xfe, 0xe0, 0xc0, 0xf5, 0x00, 0x03, 0x1f, 0xff, 0xf9, 0xc0, 0xf5, 0x00, 0x03, 0x1f, 0xff, 0xfb, 0xc0, 0xf5, 0x00, 0x03, 0x1f,
  0xff, 0xff, 0xc0, 0xf5, 0x00, 0x03, 0x0f, 0xff, 0xff, 0x80, 0xf5, 0x00, 0x01, 0x07, 0xe0, 0xf3, 0x00, 0x01, 0x03, 0x80, 0xf3, 0x00, 0x01, 0x03,
  0x80, 0xf3, 0x00, 0x01, 0x03, 0x80, 0x81, 0x00, 0x81, 0x00, 0x81, 0x00, 0xf9, 0x00, 0x98, 0x00, 0x00, 0x17, 0xf2, 0x00, 0x01, 0x3f, 0xc0, 0xf3,
  0x00, 0x01, 0xff, 0xf0, 0xf4, 0x00, 0x02, 0x01, 0xff, 0xf0, 0xf4, 0x00, 0x02, 0x03, 0xff, 0xf8, 0xf4, 0x00, 0x02, 0x07, 0xff, 0xfc, 0xf4, 0x00,
  0x02, 0x07, 0xff, 0xfc, 0xf4, 0x00, 0x02, 0x0f, 0xff, 0xfe, 0xf4, 0x00, 0x02, 0x1f, 0xff, 0xfe, 0xf4, 0x00, 0x02, 0x1f, 0xff, 0xfe, 0xf4, 0x00,
  0x02, 0x1f, 0xff, 0xfe, 0xf4, 0x00, 0x02, 0x1f, 0xff, 0xfe, 0xf4, 0x00, 0x02, 0x1f, 0xff, 0xfe, 0xf4, 0x00, 0x02, 0x1f, 0xff, 0xff, 0xf8, 0x00,
  0x07, 0x7f, 0xff, 0xc0, 0x00, 0x1f, 0xff, 0xff, 0xfe, 0xfa, 0x00, 0x05, 0x0f, 0xff, 0xff, 0xe0, 0x00, 0x1f, 0xfe, 0xff, 0x00, 0xf0, 0xfb, 0x00,
  0x05, 0x3f, 0xff, 0xff, 0xe0, 0x00, 0x1f, 0xfe, 0xff, 0x00, 0xf8, 0xfb, 0x00, 0x05, 0x7f, 0xff, 0xff, 0xc0, 0x00, 0x3f, 0xfe, 0xff, 0x00, 0xf8,
  0xfb, 0x00, 0x09, 0xff, 0xff, 0x00, 0x00, 0x07, 0xff, 0xff, 0xf0, 0x00, 0xf8, 0xfb, 0x00, 0x00, 0x78, 0xfe, 0x00, 0x03, 0x3f, 0xfc, 0xff, 0x80,
  0xf5, 0x00, 0x01, 0xff, 0xfe, 0xf4, 0x00, 0x02, 0x03, 0xff, 0xff, 0xf4, 0x00, 0x03, 0x07, 0xff, 0xff, 0x80, 0xf5, 0x00, 0x03, 0x0f, 0xff, 0xff,
  0xc0, 0xf5, 0x00, 0x03, 0x1f, 0xff, 0xe1, 0xc0, 0xf5, 0x00, 0x03, 0x1f, 0xff, 0xe0, 0xc0, 0xf5, 0x00, 0x03, 0x1f, 0xff, 0xf9, 0xc0, 0xf5, 0x00,
  0x03, 0x1f, 0xff, 0xfb, 0xc0, 0xf5, 0x00, 0x03, 0x1f, 0xff, 0xff, 0xc0, 0xf5, 0x00, 0x03, 0x0f, 0xff, 0xff, 0x80, 0xf5, 0x00, 0x01, 0x07, 0xe0,
  0xf3, 0x00, 0x01, 0x03, 0x80, 0xf3, 0x00, 0x01, 0x03, 0x80, 0xf3, 0x00, 0x01, 0x03, 0x80, 0x81, 0x00, 0x81, 0x00, 0x81, 0x00, 0xf9, 0x00, 0x98,
  0x00, 0x00, 0x17, 0xf2, 0x00, 0x01, 0x7f, 0xc0, 0xf3, 0x00, 0x01, 0xff, 0xf0, 0xf4, 0x00, 0x02, 0x01, 0xff, 0xf0, 0xf4, 0x00, 0x02, 0x03, 0xff,
  0xf8, 0xf4, 0x00, 0x02, 0x07, 0xff, 0xfc, 0xf4, 0x00, 0x02, 0x07, 0xff, 0xfc, 0xf4, 0x00, 0x02, 0x0f, 0xff, 0xfe, 0xf4, 0x00, 0x02, 0x1f, 0xff,
  0xfe, 0xf4, 0x00, 0x02, 0x1f, 0xff, 0xfe, 0xf4, 0x00, 0x02, 0x1f, 0xff, 0xfe, 0xf4, 0x00, 0x02, 0x1f, 0xff, 0xfe, 0xf4, 0x00, 0x02, 0x1f, 0xff,
  0xfe, 0xf4, 0x00, 0x03, 0x1f, 0xff, 0xff, 0x80, 0xf9, 0x00, 0x07, 0x7f, 0xff, 0xc0, 0x00, 0x1f, 0xff, 0xff, 0xfe, 0xfa, 0x00, 0x05, 0x0f, 0xff,
  0xff, 0xe0, 0x00, 0x1f, 0xfe, 0xff, 0x00, 0xf0, 0xfb, 0x00, 0x05, 0x3f, 0xff, 0xff, 0xe0, 0x00, 0x1f, 0xfe, 0xff, 0x00, 0xf8, 0xfb, 0x00, 0x05,
  0x7f, 0xff, 0xff, 0xc0, 0x00, 0x3f, 0xfe, 0xff, 0x00, 0xf8, 0xfb, 0x00, 0x09, 0xff, 0xff, 0x04, 0x00, 0x07, 0xff, 0xff, 0xf0, 0x00, 0xf8, 0xfb,
  0x00, 0x00, 0x78, 0xfe, 0x00, 0x03, 0x3f, 0xfd, 0xff, 0x80, 0xf5, 0x00, 0x01, 0xff, 0xfe, 0xf4, 0x00, 0x02, 0x03, 0xff, 0xff, 0xf4, 0x00, 0x03,
  0x07, 0xff, 0xff, 0x80, 0xf5, 0x00, 0x03, 0x0f, 0xff, 0xff, 0xc0, 0xf5, 0x00, 0x03, 0x1f, 0xff, 0xe1, 0xc0, 0xf5, 0x00, 0x03, 0x1f, 0xff, 0xe0,
  0xc0, 0xf5, 0x00, 0x03, 0x1f, 0xff, 0xf9, 0xc0, 0xf5, 0x00, 0x03, 0x1f, 0xff, 0xfb, 0xc0, 0xf5, 0x00, 0x03, 0x1f, 0xff, 0xff, 0xc0, 0xf5, 0x00,
  0x03, 0x0f, 0xff, 0xff, 0x80, 0xf5, 0x00, 0x01, 0x07, 0xe0, 0xf3, 0x00, 0x01, 0x03, 0x80, 0xf3, 0x00, 0x01, 0x03, 0x80, 0xf3, 0x00, 0x01, 0x03,
  0x80, 0x81, 0x00, 0x81, 0x00, 0x81, 0x00, 0xf9, 0x00, 0x98, 0x00, 0x00, 0x17, 0xf2, 0x00, 0x01, 0x7f, 0xe0, 0xf4, 0x00, 0x02, 0x01, 0xff, 0xf0,
  0xf4, 0x00, 0x02, 0x01, 0xff, 0xf8, 0xf4, 0x00, 0x02, 0x03, 0xff, 0xfc, 0xf4, 0x00, 0x02, 0x07, 0xff, 0xfc, 0xf4, 0x00, 0x02, 0x07, 0xff, 0xfe,
  0xf4, 0x00, 0x02, 0x0f, 0xff, 0xfe, 0xf4, 0x00, 0x02, 0x1f, 0xff, 0xfe, 0xf4, 0x00, 0x02, 0x1f, 0xff, 0xfe, 0xf4, 0x00, 0x02, 0x1f, 0xff, 0xff,
  0xf4, 0x00, 0x02, 0x1f, 0xff, 0xfe, 0xf4, 0x00, 0x02, 0x1f, 0xff, 0xfe, 0xf4, 0x00, 0x03, 0x1f, 0xff, 0xff, 0x80, 0xf9, 0x00, 0x07, 0x7f, 0xff,
  0xc0, 0x00, 0x1f, 0xff, 0xff, 0xfe, 0xfa, 0x00, 0x05, 0x0f, 0xff, 0xff, 0xe0, 0x00, 0x1f, 0xfe, 0xff, 0x00, 0xf0, 0xfb, 0x00, 0x05, 0x3f, 0xff,
  0xff, 0xe0, 0x00, 0x1f, 0xfe, 0xff, 0x00, 0xf8, 0xfb, 0x00, 0x05, 0x7f, 0xff, 0xff, 0xc0, 0x00, 0x3f, 0xfe, 0xff, 0x00, 0xf8, 0xfb, 0x00, 0x09,
  0xff, 0xff, 0x00, 0x00, 0x07, 0xff, 0xff, 0xf0, 0x00, 0xf8, 0xfb, 0x00, 0x00, 0x78, 0xfe, 0x00, 0x03, 0x3f, 0xfc, 0xff, 0xc0, 0xf5, 0x00, 0x02,
  0xff, 0xfe, 0x04, 0xf5, 0x00, 0x02, 0x03, 0xff, 0xff, 0xf4, 0x00, 0x03, 0x07, 0xff, 0xff, 0x80, 0xf5, 0x00, 0x03, 0x0f, 0xff, 0xff, 0xc0, 0xf5,
  0x00, 0x03, 0x1f, 0xff, 0xe1, 0xc0, 0xf5, 0x00, 0x03, 0x1f, 0xff, 0xe0, 0xc0, 0xf5, 0x00, 0x03, 0x1f, 0xff, 0xf9, 0xc0, 0xf5, 0x00, 0x03, 0x1f,
  0xff, 0xfb, 0xc0, 0xf5, 0x00, 0x03, 0x1f, 0xff, 0xff, 0xc0, 0xf5, 0x00, 0x03, 0x0f, 0xff, 0xff, 0x80, 0xf5, 0x00, 0x01, 0x07, 0xe0, 0xf3, 0x00,
  0x01, 0x03, 0x80, 0xf3, 0x00, 0x01, 0x03, 0x80, 0xf3, 0x00, 0x01, 0x03, 0x80, 0x81, 0x00, 0x81, 0x00, 0x81, 0x00, 0xf9, 0x00, 0x98, 0x00, 0x01,
  0x1f, 0x80, 0xf3, 0x00, 0x01, 0x7f, 0xe0, 0xf4, 0x00, 0x02, 0x01, 0xff, 0xf0, 0xf4, 0x00, 0x02, 0x01, 0xff, 0xf8, 0xf4, 0x00, 0x02, 0x03, 0xff,
  0xfc, 0xf4, 0x00, 0x02, 0x07, 0xff, 0xfc, 0xf4, 0x00, 0x02, 0x07, 0xff, 0xfe, 0xf4, 0x00, 0x02, 0x0f, 0xff, 0xfe, 0xf4, 0x00, 0x02, 0x0f, 0xff,
  0xfe, 0xf4, 0x00, 0x02, 0x0f, 0xff, 0xff, 0xf4, 0x00, 0x02, 0x1f, 0xff, 0xff, 0xf4, 0x00, 0x02, 0x1f, 0xff, 0xff, 0xf4, 0x00, 0x02, 0x1f, 0xff,
  0xff, 0xf4, 0x00, 0x03, 0x1f, 0xff, 0xff, 0xc0, 0xf9, 0x00, 0x04, 0x7f, 0xff, 0xc0, 0x00, 0x1f, 0xfe, 0xff, 0xfa, 0x00, 0x05, 0x0f, 0xff, 0xff,
  0xe0, 0x00, 0x1f, 0xfe, 0xff, 0x00, 0xe0, 0xfb, 0x00, 0x05, 0x3f, 0xff, 0xff, 0xe0, 0x00, 0x1f, 0xfe, 0xff, 0x00, 0xf8, 0xfb, 0x00, 0x05, 0x7f,
  0xff, 0xff, 0xe0, 0x00, 0x3f, 0xfe, 0xff, 0x00, 0xf8, 0xfb, 0x00, 0xfe, 0xff, 0x06, 0x80, 0x07, 0xff, 0xff, 0xf0, 0x00, 0xf8, 0xfb, 0x00, 0x00,
  0xf8, 0xfe, 0x00, 0x03, 0x3f, 0xff, 0xff, 0xc0, 0xf5, 0x00, 0x02, 0xff, 0xfe, 0x1e, 0xf5, 0x00, 0x02, 0x01, 0xff, 0xff, 0xf4, 0x00, 0x03, 0x07,
  0xff, 0xff, 0x80, 0xf5, 0x00, 0x03, 0x07, 0xff, 0xff, 0xc0, 0xf5, 0x00, 0x03, 0x0f, 0xff, 0xe1, 0xc0, 0xf5, 0x00, 0x03, 0x1f, 0xff, 0xe0, 0xc0,
  0xf5, 0x00, 0x03, 0x1f, 0xff, 0xf9, 0xc0, 0xf5, 0x00, 0x03, 0x1f, 0xff, 0xfb, 0xc0, 0xf5, 0x00, 0x03, 0x1f, 0xff, 0xff, 0x80, 0xf5, 0x00, 0x03,
  0x0f, 0xff, 0xff, 0x80, 0xf5, 0x00, 0x01, 0x07, 0xe0, 0xf3, 0x00, 0x01, 0x03, 0x80, 0xf3, 0x00, 0x01, 0x03, 0x80, 0xf3, 0x00, 0x01, 0x03, 0x80,
  0x81, 0x00, 0x81, 0x00, 0x81, 0x00, 0xf9, 0x00, 0xc8, 0x00, 0x00, 0x06, 0xf2, 0x00, 0x00, 0x06, 0xf2, 0x00, 0x00, 0x06, 0xf2, 0x00, 0x01, 0x5f,
  0x80, 0xf3, 0x00, 0x01, 0x7f, 0xe0, 0xf4, 0x00, 0x03, 0x01, 0xff, 0xf9, 0x80, 0xf5, 0x00, 0x03, 0x07, 0xff, 0xf9, 0x80, 0xf5, 0x00, 0x02, 0x07,
  0xff, 0xfc, 0xf4, 0x00, 0x02, 0x07, 0xff, 0xfc, 0xf4, 0x00, 0x02, 0x07, 0xff, 0xfe, 0xf4, 0x00, 0x02, 0x0f, 0xff, 0xff, 0xf4, 0x00, 0x02, 0x1f,
  0xff, 0xff, 0xf4, 0x00, 0x02, 0x1f, 0xff, 0xff, 0xf4, 0x00, 0x02, 0x1f, 0xff, 0xff, 0xf4, 0x00, 0x02, 0x1f, 0xff, 0xff, 0xf4, 0x00, 0x02, 0x1f,
  0xff, 0xff, 0xf4, 0x00, 0x02, 0x1f, 0xff, 0xff, 0xf8, 0x00, 0x07, 0x7f, 0xff, 0xc0, 0x00, 0x1f, 0xff, 0xff, 0xfe, 0xfa, 0x00, 0x05, 0x0f, 0xff,
  0xff, 0xe0, 0x00, 0x1f, 0xfe, 0xff, 0x00, 0xe0, 0xfb, 0x00, 0x05, 0x3f, 0xff, 0xff, 0xe0, 0x00, 0x1f, 0xfe, 0xff, 0x00, 0xf8, 0xfb, 0x00, 0x05,
  0x7f, 0xff, 0xff, 0xe0, 0x00, 0x3f, 0xfe, 0xff, 0x00, 0xf8, 0xfb, 0x00, 0x09, 0xff, 0xff, 0xf8, 0x80, 0x07, 0xff, 0xff, 0xf0, 0x00, 0xf8, 0xfb,
  0x00, 0x00, 0xf8, 0xfe, 0x00, 0x03, 0x3f, 0xfd, 0xff, 0xc0, 0xf5, 0x00, 0x03, 0xff, 0xff, 0x1f, 0x80, 0xf6, 0x00, 0x02, 0x01, 0xff, 0xff, 0xf4,
  0x00, 0x03, 0x07, 0xff, 0xff, 0x80, 0xf5, 0x00, 0x03, 0x07, 0xff, 0xff, 0xc0, 0xf5, 0x00, 0x03, 0x0f, 0xff, 0xe1, 0xc0, 0xf5, 0x00, 0x03, 0x1f,
  0xff, 0xe0, 0xc0, 0xf5, 0x00, 0x03, 0x1f, 0xff, 0xf9, 0xc0, 0xf5, 0x00, 0x03, 0x1f, 0xff, 0xfb, 0xc0, 0xf5, 0x00, 0x03, 0x1f, 0xff, 0xff, 0x80,
  0xf5, 0x00, 0x03, 0x0f, 0xff, 0xff, 0x80, 0xf5, 0x00, 0x01, 0x07, 0xe0, 0xf3, 0x00, 0x01, 0x03, 0x80, 0xf3, 0x00, 0x01, 0x03, 0x80, 0xf3, 0x00,
  0x01, 0x03, 0x80, 0x81, 0x00, 0x81, 0x00, 0x81, 0x00, 0xf9, 0x00, 0xf8, 0x00, 0x00, 0x06, 0xf1, 0x00, 0x00, 0x10, 0xf4, 0x00, 0x00, 0x03, 0xbf,
  0x00, 0x00, 0x10, 0xf2, 0x00, 0x00, 0x10, 0xf4, 0x00, 0x00, 0x18, 0x81, 0x00, 0xd1, 0x00, 0x00, 0x7f, 0xf8, 0x00, 0x07, 0x7f, 0xff, 0xc0, 0x00,
  0x00, 0x1f, 0xff, 0xfe, 0xfa, 0x00, 0x09, 0x0f, 0xff, 0xff, 0xe0, 0x00, 0x00, 0x3f, 0xff, 0xff, 0xe0, 0xfb, 0x00, 0x09, 0x3f, 0xff, 0xff, 0xe0,
  0x00, 0x00, 0x3f, 0xff, 0xff, 0xf8, 0xfb, 0x00, 0x09, 0x7f, 0xff, 0xff, 0xe0, 0x00, 0x00, 0x1f, 0xff, 0xff, 0xf8, 0xfb, 0x00, 0x09, 0xff, 0xff,
  0xf0, 0x80, 0x03, 0xc0, 0x00, 0x00, 0x60, 0xf8, 0xfb, 0x00, 0x00, 0x78, 0xfe, 0x00, 0x01, 0x3f, 0xfc, 0xf3, 0x00, 0x01, 0x7f, 0xfe, 0xf4, 0x00,
  0x02, 0x01, 0xff, 0xff, 0xf4, 0x00, 0x06, 0x07, 0xff, 0xff, 0x8f, 0xf7, 0xff, 0xf0, 0xfb, 0x00, 0x09, 0x7f, 0xff, 0xff, 0xc7, 0xff, 0xff, 0xdf,
  0xff, 0xff, 0xf8, 0xfb, 0x00, 0x09, 0x7f, 0xff, 0xff, 0xcf, 0xff, 0xfd, 0xdf, 0xff, 0xff, 0xf0, 0xfb, 0x00, 0x09, 0x3f, 0xff, 0xff, 0x9f, 0xff,
  0xfe, 0xc7, 0xff, 0xff, 0xc0, 0xfa, 0x00, 0x05, 0x3f, 0xe0, 0x1f, 0xff, 0xff, 0xc0, 0xf5, 0x00, 0x03, 0x1f, 0xff, 0xff, 0xc0, 0xf5, 0x00, 0x03,
  0x1f, 0xff, 0xff, 0xe0, 0xf5, 0x00, 0x03, 0x1f, 0xff, 0xff, 0xe0, 0xf5, 0x00, 0x03, 0x1f, 0xff, 0xf0, 0x30, 0xf5, 0x00, 0x03, 0x3b, 0xbf, 0xfc,
  0x60, 0xf5, 0x00, 0x03, 0x1f, 0xff, 0xff, 0xe0, 0xf5, 0x00, 0x03, 0x1f, 0xf0, 0x03, 0xc0, 0xf5, 0x00, 0x00, 0x03, 0xf2, 0x00, 0x00, 0x02, 0x81,
  0x00, 0x81, 0x00, 0x98, 0x00, 0x81, 0x00, 0x81, 0x00, 0x81, 0x00, 0xd7, 0x00, 0x01, 0xff, 0xff, 0xfa, 0x00, 0x02, 0x07, 0xff, 0xfe, 0xfe, 0x00,
  0x03, 0x07, 0xff, 0xff, 0xc0, 0xfb, 0x00, 0x02, 0x1f, 0xff, 0xff, 0xfe, 0x00, 0x03, 0x07, 0xff, 0xff, 0xc0, 0xfb, 0x00, 0x09, 0x3f, 0xff, 0xff,
  0x80, 0x00, 0x00, 0x0f, 0xff, 0xff, 0xe0, 0xfb, 0x00, 0x09, 0x7f, 0xff, 0xff, 0xc0, 0x00, 0x00, 0x1f, 0xff, 0xff, 0xf8, 0xfb, 0x00, 0xfe, 0xff,
  0x06, 0xe0, 0x0f, 0xf0, 0x1f, 0xff, 0xff, 0xf8, 0xfb, 0x00, 0xfe, 0xff, 0x06, 0xe0, 0x7f, 0xfe, 0x1f, 0xff, 0xff, 0xf8, 0xfb, 0x00, 0x09, 0x7f,
  0xff, 0xff, 0xc1, 0xff, 0xff, 0x9f, 0xff, 0xff, 0xe0, 0xfb, 0x00, 0x09, 0x3f, 0xff, 0xff, 0x87, 0xff, 0xff, 0xc7, 0xff, 0xff, 0xc0, 0xfb, 0x00,
  0x08, 0x0f, 0xff, 0xfe, 0x0f, 0xff, 0xff, 0xe1, 0xff, 0xff, 0xf9, 0x00, 0x07, 0xff, 0xf8, 0x1f, 0xff, 0xfe, 0xf0, 0x7f, 0xf8, 0xf7, 0x00, 0x03,
  0x3f, 0xff, 0xf8, 0x70, 0xf5, 0x00, 0x03, 0x3f, 0xff, 0xf8, 0x70, 0xf5, 0x00, 0x03, 0x3f, 0xff, 0xff, 0xf0, 0xf5, 0x00, 0x03, 0x3f, 0xff, 0xff,
  0xf0, 0xf5, 0x00, 0x03, 0x0f, 0xff, 0xff, 0xc0, 0xf5, 0x00, 0x02, 0x07, 0x7f, 0xf8, 0xf4, 0x00, 0x02, 0x03, 0x3f, 0xf0, 0xf4, 0x00, 0x02, 0x02,
  0x3f, 0xf0, 0xf3, 0x00, 0x01, 0x1c, 0xc0, 0x81, 0x00, 0x81, 0x00, 0xda, 0x00, 0x81, 0x00, 0xae, 0x00, 0x02, 0x03, 0xff, 0xfc, 0xfe, 0x00, 0x02,
  0x01, 0xff, 0xff, 0xfa, 0x00, 0x02, 0x03, 0xff, 0xfe, 0xfe, 0x00, 0x02, 0x01, 0xff, 0xff, 0xfa, 0x00, 0x02, 0x07, 0xff, 0xfe, 0xfe, 0x00, 0x02,
  0x01, 0xff, 0xff, 0xfa, 0x00, 0x02, 0x07, 0xff, 0xfe, 0xfe, 0x00, 0x03, 0x03, 0xff, 0xff, 0x80, 0xfb, 0x00, 0x02, 0x07, 0xff, 0xfe, 0xfe, 0x00,
  0x03, 0x03, 0xff, 0xff, 0x80, 0xfb, 0x00, 0x02, 0x07, 0xff, 0xfe, 0xfe, 0x00, 0x03, 0x03, 0xff, 0xff, 0x80, 0xfb, 0x00, 0x02, 0x07, 0xff, 0xfe,
  0xfe, 0x00, 0x03, 0x03, 0xff, 0xff, 0x80, 0xfb, 0x00, 0x02, 0x0f, 0xff, 0xfe, 0xfe, 0x00, 0x03, 0x03, 0xff, 0xff, 0x80, 0xfb, 0x00, 0x02, 0x0f,
  0xff, 0xfe, 0xfe, 0x00, 0x03, 0x03, 0xff, 0xff, 0x80, 0xfb, 0x00, 0x02, 0x0f, 0xff, 0xfe, 0xfe, 0x00, 0x03, 0x03, 0xff, 0xff, 0x80, 0xfb, 0x00,
  0x02, 0x0f, 0xff, 0xfe, 0xfe, 0x00, 0x03, 0x03, 0xff, 0xff, 0x80, 0xfb, 0x00, 0x02, 0x0f, 0xff, 0xfe, 0xfe, 0x00, 0x03, 0x01, 0xff, 0xff, 0x80,
  0xfb, 0x00, 0x02, 0x0f, 0xff, 0xfe, 0xfe, 0x00, 0x03, 0x03, 0xff, 0xff, 0x80, 0xfb, 0x00, 0x02, 0x0f, 0xff, 0xfe, 0xfe, 0x00, 0x03, 0x03, 0xff,
  0xff, 0xc0, 0xfb, 0x00, 0x02, 0x1f, 0xff, 0xff, 0xfe, 0x00, 0x03, 0x07, 0xff, 0xff, 0xe0, 0xfb, 0x00, 0x09, 0x3f, 0xff, 0xff, 0x80, 0x00, 0x00,
  0x0f, 0xff, 0xff, 0xe0, 0xfb, 0x00, 0x09, 0x3f, 0xff, 0xff, 0x80, 0x00, 0x00, 0x0f, 0xff, 0xff, 0xe0, 0xfb, 0x00, 0x09, 0x3f, 0xff, 0xff, 0x80,
  0x00, 0x00, 0x0f, 0xff, 0xff, 0xe0, 0xfb, 0x00, 0x09, 0x3f, 0xff, 0xff, 0x80, 0x00, 0x00, 0x0f, 0xff, 0xff, 0xe0, 0xfb, 0x00, 0x09, 0x3f, 0xff,
  0xff, 0x80, 0x00, 0x00, 0x0f, 0xff, 0xff, 0xe0, 0xfb, 0x00, 0x09, 0x3f, 0xff, 0xff, 0x80, 0x00, 0x00, 0x07, 0xff, 0xff, 0xc0, 0xfb, 0x00, 0x02,
  0x1f, 0xff, 0xff, 0xfe, 0x00, 0x03, 0x07, 0xff, 0xff, 0xc0, 0xfb, 0x00, 0x02, 0x0f, 0xff, 0xff, 0xfe, 0x00, 0x03, 0x03, 0xff, 0xff, 0x80, 0xfb,
  0x00, 0x08, 0x07, 0xff, 0xfe, 0x00, 0x03, 0x80, 0x03, 0xff, 0xff, 0xfa, 0x00, 0x08, 0x07, 0xff, 0xfe, 0x00, 0x0f, 0xe0, 0x01, 0xff, 0xff, 0xfa,
  0x00, 0x08, 0x03, 0xff, 0xfe, 0x00, 0x1f, 0xf0, 0x01, 0xff, 0xfe, 0xfa, 0x00, 0x08, 0x03, 0xff, 0xfc, 0x00, 0x3f, 0xf0, 0x01, 0xff, 0xfe, 0xfa,
  0x00, 0x08, 0x03, 0xff, 0xfc, 0x00, 0x7f, 0xf8, 0x01, 0xff, 0xfe, 0xfa, 0x00, 0x08, 0x01, 0xff, 0xfc, 0x00, 0x7f, 0xf8, 0x01, 0xff, 0xfc, 0xfa,
  0x00, 0x08, 0x01, 0xff, 0xf8, 0x00, 0x7f, 0xf8, 0x00, 0xff, 0xf8, 0xf9, 0x00, 0x07, 0xff, 0xf8, 0x00, 0x7f, 0xf8, 0x00, 0x7f, 0xf0, 0xf9, 0x00,
  0x06, 0x3f, 0xe0, 0x00, 0x7f, 0xf0, 0x00, 0x0f, 0xf5, 0x00, 0x01, 0x3f, 0xe0, 0x81, 0x00, 0x81, 0x00, 0xda, 0x00, 0x87, 0x00, 0x01, 0x01, 0x80,
  0xf9, 0x00, 0x01, 0x3f, 0xc0, 0xfd, 0x00, 0x01, 0x3f, 0xf8, 0xf9, 0x00, 0x01, 0xff, 0xf8, 0xfd, 0x00, 0x01, 0xff, 0xfc, 0xfa, 0x00, 0x02, 0x01,
  0xff, 0xf8, 0xfd, 0x00, 0x01, 0xff, 0xfe, 0xfa, 0x00, 0x02, 0x03, 0xff, 0xfc, 0xfe, 0x00, 0x02, 0x01, 0xff, 0xfe, 0xfa, 0x00, 0x02, 0x07, 0xff,
  0xfe, 0xfe, 0x00, 0x02, 0x03, 0xff, 0xff, 0xfa, 0x00, 0x02, 0x07, 0xff, 0xfe, 0xfe, 0x00, 0x03, 0x03, 0xff, 0xff, 0x80, 0xfb, 0x00, 0x02, 0x07,
  0xff, 0xfe, 0xfe, 0x00, 0x03, 0x03, 0xff, 0xff, 0x80, 0xfb, 0x00, 0x02, 0x0f, 0xff, 0xfe, 0xfe, 0x00, 0x03, 0x03, 0xff, 0xff, 0x80, 0xfb, 0x00,
  0x02, 0x0f, 0xff, 0xfe, 0xfe, 0x00, 0x03, 0x03, 0xff, 0xff, 0x80, 0xfb, 0x00, 0x02, 0x0f, 0xff, 0xfe, 0xfe, 0x00, 0x03, 0x03, 0xff, 0xff, 0x80,
  0xfb, 0x00, 0x02, 0x0f, 0xff, 0xfe, 0xfe, 0x00, 0x03, 0x03, 0xff, 0xff, 0xc0, 0xfb, 0x00, 0x02, 0x0f, 0xff, 0xfe, 0xfe, 0x00, 0x03, 0x03, 0xff,
  0xff, 0xc0, 0xfb, 0x00, 0x02, 0x1f, 0xff, 0xfe, 0xfe, 0x00, 0x03, 0x03, 0xff, 0xff, 0xc0, 0xfb, 0x00, 0x02, 0x1f, 0xff, 0xfe, 0xfe, 0x00, 0x03,
  0x03, 0xff, 0xff, 0xc0, 0xfb, 0x00, 0x02, 0x1f, 0xff, 0xfe, 0xfe, 0x00, 0x03, 0x03, 0xff, 0xff, 0xc0, 0xfb, 0x00, 0x02, 0x1f, 0xff, 0xfe, 0xfe,
  0x00, 0x03, 0x03, 0xff, 0xff, 0xc0, 0xfb, 0x00, 0x02, 0x1f, 0xff, 0xfe, 0xfe, 0x00, 0x03, 0x03, 0xff, 0xff, 0xc0, 0xfb, 0x00, 0x02, 0x1f, 0xff,
  0xfe, 0xfe, 0x00, 0x03, 0x03, 0xff, 0xff, 0xc0, 0xfb, 0x00, 0x02, 0x1f, 0xff, 0xfe, 0xfe, 0x00, 0x03, 0x03, 0xff, 0xff, 0xc0, 0xfb, 0x00, 0x02,
  0x1f, 0xff, 0xfe, 0xfe, 0x00, 0x03, 0x03, 0xff, 0xff, 0xc0, 0xfb, 0x00, 0x02, 0x1f, 0xff, 0xfe, 0xfe, 0x00, 0x03, 0x03, 0xff, 0xff, 0xc0, 0xfb,
  0x00, 0x02, 0x0f, 0xff, 0xfe, 0xfe, 0x00, 0x03, 0x03, 0xff, 0xff, 0xc0, 0xfb, 0x00, 0x02, 0x0f, 0xff, 0xfe, 0xfe, 0x00, 0x03, 0x03, 0xff, 0xff,
  0xc0, 0xfb, 0x00, 0x02, 0x0f, 0xff, 0xfe, 0xfe, 0x00, 0x03, 0x03, 0xff, 0xff, 0xc0, 0xfb, 0x00, 0x02, 0x0f, 0xff, 0xfe, 0xfe, 0x00, 0x03, 0x03,
  0xff, 0xff, 0x80, 0xfb, 0x00, 0x02, 0x0f, 0xff, 0xfe, 0xfe, 0x00, 0x03, 0x03, 0xff, 0xff, 0x80, 0xfb, 0x00, 0x02, 0x0f, 0xff, 0xfe, 0xfe, 0x00,
  0x03, 0x03, 0xff, 0xff, 0x80, 0xfb, 0x00, 0x02, 0x0f, 0xff, 0xfe, 0xfe, 0x00, 0x03, 0x03, 0xff, 0xff, 0x80, 0xfb, 0x00, 0x02, 0x07, 0xff, 0xfe,
  0xfe, 0x00, 0x03, 0x03, 0xff, 0xff, 0x80, 0xfb, 0x00, 0x08, 0x07, 0xff, 0xfe, 0x00, 0x01, 0xc0, 0x03, 0xff, 0xff, 0xfa, 0x00, 0x08, 0x07, 0xff,
  0xfe, 0x00, 0x0f, 0xe0, 0x03, 0xff, 0xff, 0xfa, 0x00, 0x08, 0x07, 0xff, 0xfe, 0x00, 0x1f, 0xf0, 0x03, 0xff, 0xff, 0xfa, 0x00, 0x08, 0x03, 0xff,
  0xfe, 0x00, 0x7f, 0xf8, 0x01, 0xff, 0xfe, 0xfa, 0x00, 0x08, 0x03, 0xff, 0xfc, 0x00, 0x7f, 0xf8, 0x01, 0xff, 0xfe, 0xfa, 0x00, 0x08, 0x01, 0xff,
  0xfc, 0x00, 0xff, 0xf8, 0x01, 0xff, 0xfc, 0xfa, 0x00, 0x08, 0x01, 0xff, 0xf8, 0x00, 0xff, 0xf8, 0x00, 0xff, 0xf8, 0xf9, 0x00, 0x07, 0x7f, 0xf0,
  0x00, 0x7f, 0xf0, 0x00, 0x3f, 0xf0, 0xf9, 0x00, 0x03, 0x0f, 0x80, 0x00, 0x30, 0x81, 0x00, 0x81, 0x00, 0xd9, 0x00, 0x81, 0x00, 0xe7, 0x00, 0x01,
  0x07, 0xc0, 0xf9, 0x00, 0x01, 0x7f, 0xe0, 0xfd, 0x00, 0x01, 0x7f, 0xf8, 0xfa, 0x00, 0x02, 0x01, 0xff, 0xf8, 0xfd, 0x00, 0x01, 0xff, 0xfe, 0xfa,
  0x00, 0x02, 0x03, 0xff, 0xfc, 0xfe, 0x00, 0x02, 0x01, 0xff, 0xff, 0xfa, 0x00, 0x02, 0x07, 0xff, 0xfe, 0xfe, 0x00, 0x02, 0x03, 0xff, 0xff, 0xfa,
  0x00, 0x02, 0x07, 0xff, 0xfe, 0xfe, 0x00, 0x03, 0x03, 0xff, 0xff, 0x80, 0xfb, 0x00, 0x02, 0x0f, 0xff, 0xff, 0xfe, 0x00, 0x03, 0x07, 0xff, 0xff,
  0x80, 0xfb, 0x00, 0x02, 0x0f, 0xff, 0xff, 0xfe, 0x00, 0x03, 0x07, 0xff, 0xff, 0xc0, 0xfb, 0x00, 0x02, 0x0f, 0xff, 0xff, 0xfe, 0x00, 0x03, 0x07,
  0xff, 0xff, 0xc0, 0xfb, 0x00, 0x02, 0x1f, 0xff, 0xff, 0xfe, 0x00, 0x03, 0x07, 0xff, 0xff, 0xc0, 0xfb, 0x00, 0x02, 0x1f, 0xff, 0xff, 0xfe, 0x00,
  0x03, 0x07, 0xff, 0xff, 0xc0, 0xfb, 0x00, 0x02, 0x1f, 0xff, 0xff, 0xfe, 0x00, 0x03, 0x07, 0xff, 0xff, 0xc0, 0xfb, 0x00, 0x02, 0x1f, 0xff, 0xff,
  0xfe, 0x00, 0x03, 0x07, 0xff, 0xff, 0xc0, 0xfb, 0x00, 0x02, 0x1f, 0xff, 0xff, 0xfe, 0x00, 0x03, 0x07, 0xff, 0xff, 0xc0, 0xfb, 0x00, 0x02, 0x1f,
  0xff, 0xff, 0xfe, 0x00, 0x03, 0x07, 0xff, 0xff, 0xc0, 0xfb, 0x00, 0x02, 0x1f, 0xff, 0xff, 0xfe, 0x00, 0x03, 0x07, 0xff, 0xff, 0xc0, 0xfb, 0x00,
  0x02, 0x1f, 0xff, 0xff, 0xfe, 0x00, 0x03, 0x07, 0xff, 0xff, 0xc0, 0xfb, 0x00, 0x02, 0x1f, 0xff, 0xff, 0xfe, 0x00, 0x03, 0x03, 0xff, 0xff, 0xc0,
  0xfb, 0x00, 0x02, 0x1f, 0xff, 0xff, 0xfe, 0x00, 0x03, 0x03, 0xff, 0xff, 0xc0, 0xfb, 0x00, 0x02, 0x1f, 0xff, 0xff, 0xfe, 0x00, 0x03, 0x03, 0xff,
  0xff, 0xc0, 0xfb, 0x00, 0x02, 0x1f, 0xff, 0xff, 0xfe, 0x00, 0x03, 0x03, 0xff, 0xff, 0xc0, 0xfb, 0x00, 0x02, 0x1f, 0xff, 0xff, 0xfe, 0x00, 0x03,
  0x03, 0xff, 0xff, 0xc0, 0xfb, 0x00, 0x02, 0x1f, 0xff, 0xff, 0xfe, 0x00, 0x03, 0x07, 0xff, 0xff, 0xc0, 0xfb, 0x00, 0x02, 0x1f, 0xff, 0xff, 0xfe,
  0x00, 0x03, 0x07, 0xff, 0xff, 0xc0, 0xfb, 0x00, 0x02, 0x0f, 0xff, 0xff, 0xfe, 0x00, 0x03, 0x07, 0xff, 0xff, 0xc0, 0xfb, 0x00, 0x02, 0x0f, 0xff,
  0xff, 0xfe, 0x00, 0x03, 0x07, 0xff, 0xff, 0x80, 0xfb, 0x00, 0x02, 0x0f, 0xff, 0xff, 0xfe, 0x00, 0x03, 0x03, 0xff, 0xff, 0x80, 0xfb, 0x00, 0x02,
  0x0f, 0xff, 0xff, 0xfe, 0x00, 0x03, 0x03, 0xff, 0xff, 0x80, 0xfb, 0x00, 0x08, 0x07, 0xff, 0xff, 0x00, 0x03, 0xc0, 0x03, 0xff, 0xff, 0xfa, 0x00,
  0x08, 0x07, 0xff, 0xff, 0x00, 0x0f, 0xf0, 0x03, 0xff, 0xff, 0xfa, 0x00, 0x08, 0x07, 0xff, 0xfe, 0x00, 0x3f, 0xf8, 0x03, 0xff, 0xff, 0xfa, 0x00,
  0x08, 0x03, 0xff, 0xfe, 0x00, 0x7f, 0xf8, 0x01, 0xff, 0xfe, 0xfa, 0x00, 0x08, 0x01, 0xff, 0xfc, 0x00, 0x7f, 0xf8, 0x01, 0xff, 0xfc, 0xf9, 0x00,
  0x07, 0xff, 0xf8, 0x00, 0xff, 0xf8, 0x00, 0x7f, 0xf8, 0xf9, 0x00, 0x07, 0x7f, 0xe0, 0x00, 0xff, 0xf8, 0x00, 0x3f, 0xe0, 0xf6, 0x00, 0x00, 0x7c,
  0x81, 0x00, 0x81, 0x00, 0xc9, 0x00, 0x81, 0x00, 0xd7, 0x00, 0x01, 0x0f, 0xe0, 0xf9, 0x00, 0x01, 0xff, 0xf0, 0xfd, 0x00, 0x01, 0x7f, 0xfc, 0xfa,
  0x00, 0x02, 0x01, 0xff, 0xf8, 0xfe, 0x00, 0x02, 0x01, 0xff, 0xfe, 0xfa, 0x00, 0x02, 0x07, 0xff, 0xfc, 0xfe, 0x00, 0x02, 0x03, 0xff, 0xff, 0xfa,
  0x00, 0x02, 0x07, 0xff, 0xfe, 0xfe, 0x00, 0x03, 0x03, 0xff, 0xff, 0x80, 0xfb, 0x00, 0x02, 0x07, 0xff, 0xfe, 0xfe, 0x00, 0x03, 0x07, 0xff, 0xff,
  0x80, 0xfb, 0x00, 0x02, 0x0f, 0xff, 0xff, 0xfe, 0x00, 0x03, 0x07, 0xff, 0xff, 0x80, 0xfb, 0x00, 0x02, 0x0f, 0xff, 0xff, 0xfe, 0x00, 0x03, 0x07,
  0xff, 0xff, 0xc0, 0xfb, 0x00, 0x02, 0x1f, 0xff, 0xff, 0xfe, 0x00, 0x03, 0x07, 0xff, 0xff, 0xc0, 0xfb, 0x00, 0x02, 0x1f, 0xff, 0xff, 0xfe, 0x00,
  0x03, 0x07, 0xff, 0xff, 0xc0, 0xfb, 0x00, 0x02, 0x1f, 0xff, 0xff, 0xfe, 0x00, 0x03, 0x07, 0xff, 0xff, 0xc0, 0xfb, 0x00, 0x02, 0x1f, 0xff, 0xff,
  0xfe, 0x00, 0x03, 0x07, 0xff, 0xff, 0xc0, 0xfb, 0x00, 0x02, 0x1f, 0xff, 0xff, 0xfe, 0x00, 0x03, 0x07, 0xff, 0xff, 0xc0, 0xfb, 0x00, 0x02, 0x1f,
  0xff, 0xff, 0xfe, 0x00, 0x03, 0x07, 0xff, 0xff, 0xc0, 0xfb, 0x00, 0x02, 0x1f, 0xff, 0xff, 0xfe, 0x00, 0x03, 0x07, 0xff, 0xff, 0xc0, 0xfb, 0x00,
  0x02, 0x1f, 0xff, 0xff, 0xfe, 0x00, 0x03, 0x07, 0xff, 0xff, 0xc0, 0xfb, 0x00, 0x02, 0x1f, 0xff, 0xff, 0xfe, 0x00, 0x03, 0x07, 0xff, 0xff, 0xc0,
  0xfb, 0x00, 0x02, 0x1f, 0xff, 0xff, 0xfe, 0x00, 0x03, 0x07, 0xff, 0xff, 0xc0, 0xfb, 0x00, 0x02, 0x1f, 0xff, 0xff, 0xfe, 0x00, 0x03, 0x07, 0xff,
  0xff, 0xc0, 0xfb, 0x00, 0x02, 0x1f, 0xff, 0xff, 0xfe, 0x00, 0x03, 0x03, 0xff, 0xff, 0xc0, 0xfb, 0x00, 0x02, 0x1f, 0xff, 0xff, 0xfe, 0x00, 0x03,
  0x07, 0xff, 0xff, 0xc0, 0xfb, 0x00, 0x02, 0x1f, 0xff, 0xff, 0xfe, 0x00, 0x03, 0x07, 0xff, 0xff, 0xc0, 0xfb, 0x00, 0x02, 0x1f, 0xff, 0xff, 0xfe,
  0x00, 0x03, 0x07, 0xff, 0xff, 0xc0, 0xfb, 0x00, 0x02, 0x0f, 0xff, 0xff, 0xfe, 0x00, 0x03, 0x07, 0xff, 0xff, 0xc0, 0xfb, 0x00, 0x02, 0x0f, 0xff,
  0xff, 0xfe, 0x00, 0x03, 0x07, 0xff, 0xff, 0x80, 0xfb, 0x00, 0x02, 0x0f, 0xff, 0xff, 0xfe, 0x00, 0x03, 0x03, 0xff, 0xff, 0x80, 0xfb, 0x00, 0x02,
  0x0f, 0xff, 0xff, 0xfe, 0x00, 0x03, 0x03, 0xff, 0xff, 0x80, 0xfb, 0x00, 0x08, 0x07, 0xff, 0xff, 0x00, 0x07, 0xc0, 0x03, 0xff, 0xff, 0xfa, 0x00,
  0x08, 0x07, 0xff, 0xff, 0x00, 0x1f, 0xf0, 0x03, 0xff, 0xff, 0xfa, 0x00, 0x08, 0x03, 0xff, 0xfe, 0x00, 0x3f, 0xf8, 0x03, 0xff, 0xfe, 0xfa, 0x00,
  0x08, 0x03, 0xff, 0xfe, 0x00, 0x7f, 0xf8, 0x01, 0xff, 0xfe, 0xfa, 0x00, 0x08, 0x01, 0xff, 0xfc, 0x00, 0xff, 0xf8, 0x00, 0xff, 0xfc, 0xf9, 0x00,
  0x07, 0x7f, 0xf0, 0x00, 0xff, 0xf8, 0x00, 0x7f, 0xf0, 0xf9, 0x00, 0x04, 0x1f, 0x00, 0x00, 0xff, 0xf8, 0x81, 0x00, 0x81, 0x00, 0xba, 0x00, 0x81,
  0x00, 0xd7, 0x00, 0x01, 0x0f, 0xe0, 0xf9, 0x00, 0x01, 0xff, 0xf0, 0xfd, 0x00, 0x01, 0x7f, 0xfc, 0xfa, 0x00, 0x02, 0x01, 0xff, 0xf8, 0xfe, 0x00,
  0x02, 0x01, 0xff, 0xfe, 0xfa, 0x00, 0x02, 0x07, 0xff, 0xfc, 0xfe, 0x00, 0x02, 0x03, 0xff, 0xff, 0xfa, 0x00, 0x02, 0x07, 0xff, 0xfe, 0xfe, 0x00,
  0x03, 0x03, 0xff, 0xff, 0x80, 0xfb, 0x00, 0x02, 0x07, 0xff, 0xfe, 0xfe, 0x00, 0x03, 0x07, 0xff, 0xff, 0x80, 0xfb, 0x00, 0x02, 0x0f, 0xff, 0xff,
  0xfe, 0x00, 0x03, 0x07, 0xff, 0xff, 0x80, 0xfb, 0x00, 0x02, 0x0f, 0xff, 0xff, 0xfe, 0x00, 0x03, 0x07, 0xff, 0xff, 0xc0, 0xfb, 0x00, 0x02, 0x1f,
  0xff, 0xff, 0xfe, 0x00, 0x03, 0x07, 0xff, 0xff, 0xc0, 0xfb, 0x00, 0x02, 0x1f, 0xff, 0xff, 0xfe, 0x00, 0x03, 0x07, 0xff, 0xff, 0xc0, 0xfb, 0x00,
  0x02, 0x1f, 0xff, 0xff, 0xfe, 0x00, 0x03, 0x07, 0xff, 0xff, 0xc0, 0xfb, 0x00, 0x02, 0x1f, 0xff, 0xff, 0xfe, 0x00, 0x03, 0x07, 0xff, 0xff, 0xc0,
  0xfb, 0x00, 0x02, 0x1f, 0xff, 0xff, 0xfe, 0x00, 0x03, 0x07, 0xff, 0xff, 0xc0, 0xfb, 0x00, 0x02, 0x1f, 0xff, 0xff, 0xfe, 0x00, 0x03, 0x07, 0xff,
  0xff, 0xc0, 0xfb, 0x00, 0x02, 0x1f, 0xff, 0xff, 0xfe, 0x00, 0x03, 0x07, 0xff, 0xff, 0xc0, 0xfb, 0x00, 0x02, 0x1f, 0xff, 0xff, 0xfe, 0x00, 0x03,
  0x07, 0xff, 0xff, 0xc0, 0xfb, 0x00, 0x02, 0x1f, 0xff, 0xff, 0xfe, 0x00, 0x03, 0x07, 0xff, 0xff, 0xc0, 0xfb, 0x00, 0x02, 0x1f, 0xff, 0xff, 0xfe,
  0x00, 0x03, 0x07, 0xff, 0xff, 0xc0, 0xfb, 0x00, 0x02, 0x1f, 0xff, 0xff, 0xfe, 0x00, 0x03, 0x07, 0xff, 0xff, 0xc0, 0xfb, 0x00, 0x02, 0x1f, 0xff,
  0xff, 0xfe, 0x00, 0x03, 0x07, 0xff, 0xff, 0xc0, 0xfb, 0x00, 0x02, 0x1f, 0xff, 0xff, 0xfe, 0x00, 0x03, 0x07, 0xff, 0xff, 0xc0, 0xfb, 0x00, 0x02,
  0x1f, 0xff, 0xff, 0xfe, 0x00, 0x03, 0x07, 0xff, 0xff, 0xc0, 0xfb, 0x00, 0x02, 0x1f, 0xff, 0xff, 0xfe, 0x00, 0x03, 0x07, 0xff, 0xff, 0xc0, 0xfb,
  0x00, 0x02, 0x0f, 0xff, 0xff, 0xfe, 0x00, 0x03, 0x07, 0xff, 0xff, 0xc0, 0xfb, 0x00, 0x02, 0x0f, 0xff, 0xff, 0xfe, 0x00, 0x03, 0x07, 0xff, 0xff,
  0x80, 0xfb, 0x00, 0x02, 0x0f, 0xff, 0xff, 0xfe, 0x00, 0x03, 0x03, 0xff, 0xff, 0x80, 0xfb, 0x00, 0x02, 0x0f, 0xff, 0xff, 0xfe, 0x00, 0x03, 0x03,
  0xff, 0xff, 0x80, 0xfb, 0x00, 0x08, 0x07, 0xff, 0xff, 0x00, 0x07, 0xc0, 0x03, 0xff, 0xff, 0xfa, 0x00, 0x08, 0x07, 0xff, 0xff, 0x00, 0x1f, 0xf0,
  0x03, 0xff, 0xff, 0xfa, 0x00, 0x08, 0x03, 0xff, 0xfe, 0x00, 0x3f, 0xf8, 0x03, 0xff, 0xfe, 0xfa, 0x00, 0x08, 0x03, 0xff, 0xfe, 0x00, 0x7f, 0xf8,
  0x01, 0xff, 0xfe, 0xfa, 0x00, 0x08, 0x01, 0xff, 0xfc, 0x00, 0xff, 0xf8, 0x00, 0xff, 0xfc, 0xf9, 0x00, 0x07, 0x7f, 0xf0, 0x00, 0xff, 0xf8, 0x00,
  0x7f, 0xf0, 0xf9, 0x00, 0x04, 0x1f, 0x00, 0x00, 0xff, 0xf8, 0x81, 0x00, 0x81, 0x00, 0xba, 0x00, 0x81, 0x00, 0xd7, 0x00, 0x01, 0x0f, 0xe0, 0xf9,
  0x00, 0x01, 0x7f, 0xf0, 0xfd, 0x00, 0x01, 0x7f, 0xfc, 0xfa, 0x00, 0x02, 0x01, 0xff, 0xf8, 0xfe, 0x00, 0x02, 0x01, 0xff, 0xfe, 0xfa, 0x00, 0x02,
  0x07, 0xff, 0xfc, 0xfe, 0x00, 0x02, 0x03, 0xff, 0xff, 0xfa, 0x00, 0x02, 0x07, 0xff, 0xfe, 0xfe, 0x00, 0x03, 0x03, 0xff, 0xff, 0x80, 0xfb, 0x00,
  0x02, 0x07, 0xff, 0xfe, 0xfe, 0x00, 0x03, 0x07, 0xff, 0xff, 0x80, 0xfb, 0x00, 0x02, 0x0f, 0xff, 0xff, 0xfe, 0x00, 0x03, 0x07, 0xff, 0xff, 0x80,
  0xfb, 0x00, 0x02, 0x0f, 0xff, 0xff, 0xfe, 0x00, 0x03, 0x07, 0xff, 0xff, 0xc0, 0xfb, 0x00, 0x02, 0x1f, 0xff, 0xff, 0xfe, 0x00, 0x03, 0x07, 0xff,
  0xff, 0xc0, 0xfb, 0x00, 0x02, 0x1f, 0xff, 0xff, 0xfe, 0x00, 0x03, 0x07, 0xff, 0xff, 0xc0, 0xfb, 0x00, 0x02, 0x1f, 0xff, 0xff, 0xfe, 0x00, 0x03,
  0x07, 0xff, 0xff, 0xc0, 0xfb, 0x00, 0x02, 0x1f, 0xff, 0xff, 0xfe, 0x00, 0x03, 0x07, 0xff, 0xff, 0xc0, 0xfb, 0x00, 0x02, 0x1f, 0xff, 0xff, 0xfe,
  0x00, 0x03, 0x07, 0xff, 0xff, 0xc0, 0xfb, 0x00, 0x02, 0x1f, 0xff, 0xff, 0xfe, 0x00, 0x03, 0x07, 0xff, 0xff, 0xc0, 0xfb, 0x00, 0x02, 0x1f, 0xff,
  0xff, 0xfe, 0x00, 0x03, 0x07, 0xff, 0xff, 0xc0, 0xfb, 0x00, 0x02, 0x1f, 0xff, 0xff, 0xfe, 0x00, 0x03, 0x07, 0xff, 0xff, 0xc0, 0xfb, 0x00, 0x02,
  0x1f, 0xff, 0xff, 0xfe, 0x00, 0x03, 0x07, 0xff, 0xff, 0xc0, 0xfb, 0x00, 0x02, 0x1f, 0xff, 0xff, 0xfe, 0x00, 0x03, 0x07, 0xff, 0xff, 0xc0, 0xfb,
  0x00, 0x02, 0x1f, 0xff, 0xff, 0xfe, 0x00, 0x03, 0x07, 0xff, 0xff, 0xc0, 0xfb, 0x00, 0x02, 0x1f, 0xff, 0xff, 0xfe, 0x00, 0x03, 0x03, 0xff, 0xff,
  0xc0, 0xfb, 0x00, 0x02, 0x1f, 0xff, 0xff, 0xfe, 0x00, 0x03, 0x07, 0xff, 0xff, 0xc0, 0xfb, 0x00, 0x02, 0x1f, 0xff, 0xff, 0xfe, 0x00, 0x03, 0x07,
  0xff, 0xff, 0xc0, 0xfb, 0x00, 0x02, 0x1f, 0xff, 0xff, 0xfe, 0x00, 0x03, 0x07, 0xff, 0xff, 0xc0, 0xfb, 0x00, 0x02, 0x0f, 0xff, 0xff, 0xfe, 0x00,
  0x03, 0x07, 0xff, 0xff, 0xc0, 0xfb, 0x00, 0x02, 0x0f, 0xff, 0xff, 0xfe, 0x00, 0x03, 0x07, 0xff, 0xff, 0x80, 0xfb, 0x00, 0x02, 0x0f, 0xff, 0xff,
  0xfe, 0x00, 0x03, 0x03, 0xff, 0xff, 0x80, 0xfb, 0x00, 0x02, 0x0f, 0xff, 0xff, 0xfe, 0x00, 0x03, 0x03, 0xff, 0xff, 0x80, 0xfb, 0x00, 0x08, 0x07,
  0xff, 0xff, 0x00, 0x07, 0xc0, 0x03, 0xff, 0xff, 0xfa, 0x00, 0x08, 0x07, 0xff, 0xfe, 0x00, 0x1f, 0xf0, 0x03, 0xff, 0xff, 0xfa, 0x00, 0x08, 0x03,
  0xff, 0xfe, 0x00, 0x3f, 0xf8, 0x03, 0xff, 0xfe, 0xfa, 0x00, 0x08, 0x03, 0xff, 0xfc, 0x00, 0x7f, 0xf8, 0x01, 0xff, 0xfe, 0xfa, 0x00, 0x08, 0x01,
  0xff, 0xfc, 0x00, 0xff, 0xf8, 0x00, 0xff, 0xfc, 0xf9, 0x00, 0x07, 0x7f, 0xf8, 0x00, 0xff, 0xf8, 0x00, 0x7f, 0xf0, 0xf9, 0x00, 0x04, 0x1f, 0x00,
  0x00, 0xff, 0xf8, 0x81, 0x00, 0x81, 0x00, 0xba, 0x00, 0x81, 0x00, 0xd7, 0x00, 0x01, 0x0f, 0xe0, 0xf9, 0x00, 0x01, 0x7f, 0xf0, 0xfd, 0x00, 0x01,
  0x7f, 0xfc, 0xfa, 0x00, 0x02, 0x01, 0xff, 0xf8, 0xfe, 0x00, 0x02, 0x01, 0xff, 0xfe, 0xfa, 0x00, 0x02, 0x07, 0xff, 0xfc, 0xfe, 0x00, 0x02, 0x03,
  0xff, 0xff, 0xfa, 0x00, 0x02, 0x07, 0xff, 0xfe, 0xfe, 0x00, 0x03, 0x03, 0xff, 0xff, 0x80, 0xfb, 0x00, 0x02, 0x0f, 0xff, 0xfe, 0xfe, 0x00, 0x03,
  0x07, 0xff, 0xff, 0x80, 0xfb, 0x00, 0x02, 0x0f, 0xff, 0xff, 0xfe, 0x00, 0x03, 0x07, 0xff, 0xff, 0x80, 0xfb, 0x00, 0x02, 0x0f, 0xff, 0xff, 0xfe,
  0x00, 0x03, 0x07, 0xff, 0xff, 0xc0, 0xfb, 0x00, 0x02, 0x1f, 0xff, 0xff, 0xfe, 0x00, 0x03, 0x07, 0xff, 0xff, 0xc0, 0xfb, 0x00, 0x02, 0x1f, 0xff,
  0xff, 0xfe, 0x00, 0x03, 0x07, 0xff, 0xff, 0xc0, 0xfb, 0x00, 0x02, 0x1f, 0xff, 0xff, 0xfe, 0x00, 0x03, 0x07, 0xff, 0xff, 0xc0, 0xfb, 0x00, 0x02,
  0x1f, 0xff, 0xff, 0xfe, 0x00, 0x03, 0x07, 0xff, 0xff, 0xc0, 0xfb, 0x00, 0x02, 0x1f, 0xff, 0xff, 0xfe, 0x00, 0x03, 0x07, 0xff, 0xff, 0xc0, 0xfb,
  0x00, 0x02, 0x1f, 0xff, 0xff, 0xfe, 0x00, 0x03, 0x07, 0xff, 0xff, 0xc0, 0xfb, 0x00, 0x02, 0x1f, 0xff, 0xff, 0xfe, 0x00, 0x03, 0x07, 0xff, 0xff,
  0xc0, 0xfb, 0x00, 0x02, 0x1f, 0xff, 0xff, 0xfe, 0x00, 0x03, 0x07, 0xff, 0xff, 0xc0, 0xfb, 0x00, 0x02, 0x1f, 0xff, 0xff, 0xfe, 0x00, 0x03, 0x07,
  0xff, 0xff, 0xc0, 0xfb, 0x00, 0x02, 0x1f, 0xff, 0xff, 0xfe, 0x00, 0x03, 0x07, 0xff, 0xff, 0xc0, 0xfb, 0x00, 0x02, 0x1f, 0xff, 0xff, 0xfe, 0x00,
  0x03, 0x07, 0xff, 0xff, 0xc0, 0xfb, 0x00, 0x02, 0x1f, 0xff, 0xff, 0xfe, 0x00, 0x03, 0x07, 0xff, 0xff, 0xc0, 0xfb, 0x00, 0x02, 0x1f, 0xff, 0xff,
  0xfe, 0x00, 0x03, 0x07, 0xff, 0xff, 0xc0, 0xfb, 0x00, 0x02, 0x1f, 0xff, 0xff, 0xfe, 0x00, 0x03, 0x07, 0xff, 0xff, 0xc0, 0xfb, 0x00, 0x02, 0x1f,
  0xff, 0xff, 0xfe, 0x00, 0x03, 0x07, 0xff, 0xff, 0xc0, 0xfb, 0x00, 0x02, 0x0f, 0xff, 0xff, 0xfe, 0x00, 0x03, 0x07, 0xff, 0xff, 0xc0, 0xfb, 0x00,
  0x02, 0x0f, 0xff, 0xff, 0xfe, 0x00, 0x03, 0x07, 0xff, 0xff, 0x80, 0xfb, 0x00, 0x02, 0x0f, 0xff, 0xff, 0xfe, 0x00, 0x03, 0x03, 0xff, 0xff, 0x80,
  0xfb, 0x00, 0x02, 0x0f, 0xff, 0xff, 0xfe, 0x00, 0x03, 0x03, 0xff, 0xff, 0x80, 0xfb, 0x00, 0x08, 0x07, 0xff, 0xff, 0x00, 0x07, 0xc0, 0x03, 0xff,
  0xff, 0xfa, 0x00, 0x08, 0x07, 0xff, 0xfe, 0x00, 0x1f, 0xf0, 0x03, 0xff, 0xff, 0xfa, 0x00, 0x08, 0x03, 0xff, 0xfe, 0x00, 0x3f, 0xf8, 0x03, 0xff,
  0xfe, 0xfa, 0x00, 0x08, 0x03, 0xff, 0xfc, 0x00, 0x7f, 0xf8, 0x01, 0xff, 0xfe, 0xfa, 0x00, 0x08, 0x01, 0xff, 0xfc, 0x00, 0xff, 0xf8, 0x00, 0xff,
  0xfc, 0xf9, 0x00, 0x07, 0x7f, 0xf8, 0x00, 0xff, 0xf8, 0x00, 0x7f, 0xf0, 0xf9, 0x00, 0x04, 0x1f, 0x00, 0x00, 0x7f, 0xf8, 0x81, 0x00, 0x81, 0x00,
  0xba, 0x00, 0x81, 0x00, 0xd7, 0x00, 0x01, 0x0f, 0xe0, 0xf9, 0x00, 0x01, 0x7f, 0xf0, 0xfd, 0x00, 0x01, 0x7f, 0xfc, 0xfa, 0x00, 0x02, 0x01, 0xff,
  0xf8, 0xfe, 0x00, 0x02, 0x01, 0xff, 0xfe, 0xfa, 0x00, 0x02, 0x07, 0xff, 0xfc, 0xfe, 0x00, 0x02, 0x03, 0xff, 0xff, 0xfa, 0x00, 0x02, 0x07, 0xff,
  0xfe, 0xfe, 0x00, 0x03, 0x03, 0xff, 0xff, 0x80, 0xfb, 0x00, 0x02, 0x07, 0xff, 0xfe, 0xfe, 0x00, 0x03, 0x07, 0xff, 0xff, 0x80, 0xfb, 0x00, 0x02,
  0x0f, 0xff, 0xff, 0xfe, 0x00, 0x03, 0x07, 0xff, 0xff, 0x80, 0xfb, 0x00, 0x02, 0x0f, 0xff, 0xff, 0xfe, 0x00, 0x03, 0x07, 0xff, 0xff, 0xc0, 0xfb,
  0x00, 0x02, 0x1f, 0xff, 0xff, 0xfe, 0x00, 0x03, 0x07, 0xff, 0xff, 0xc0, 0xfb, 0x00, 0x02, 0x1f, 0xff, 0xff, 0xfe, 0x00, 0x03, 0x07, 0xff, 0xff,
  0xc0, 0xfb, 0x00, 0x02, 0x1f, 0xff, 0xff, 0xfe, 0x00, 0x03, 0x07, 0xff, 0xff, 0xc0, 0xfb, 0x00, 0x02, 0x1f, 0xff, 0xff, 0xfe, 0x00, 0x03, 0x07,
  0xff, 0xff, 0xc0, 0xfb, 0x00, 0x02, 0x1f, 0xff, 0xff, 0xfe, 0x00, 0x03, 0x07, 0xff, 0xff, 0xc0, 0xfb, 0x00, 0x02, 0x1f, 0xff, 0xff, 0xfe, 0x00,
  0x03, 0x07, 0xff, 0xff, 0xc0, 0xfb, 0x00, 0x02, 0x1f, 0xff, 0xff, 0xfe, 0x00, 0x03, 0x07, 0xff, 0xff, 0xc0, 0xfb, 0x00, 0x02, 0x1f, 0xff, 0xff,
  0xfe, 0x00, 0x03, 0x07, 0xff, 0xff, 0xc0, 0xfb, 0x00, 0x02, 0x1f, 0xff, 0xff, 0xfe, 0x00, 0x03, 0x07, 0xff, 0xff, 0xc0, 0xfb, 0x00, 0x02, 0x1f,
  0xff, 0xff, 0xfe, 0x00, 0x03, 0x07, 0xff, 0xff, 0xc0, 0xfb, 0x00, 0x02, 0x1f, 0xff, 0xff, 0xfe, 0x00, 0x03, 0x07, 0xff, 0xff, 0xc0, 0xfb, 0x00,
  0x02, 0x1f, 0xff, 0xff, 0xfe, 0x00, 0x03, 0x07, 0xff, 0xff, 0xc0, 0xfb, 0x00, 0x02, 0x1f, 0xff, 0xff, 0xfe, 0x00, 0x03, 0x07, 0xff, 0xff, 0xc0,
  0xfb, 0x00, 0x02, 0x1f, 0xff, 0xff, 0xfe, 0x00, 0x03, 0x07, 0xff, 0xff, 0xc0, 0xfb, 0x00, 0x02, 0x1f, 0xff, 0xff, 0xfe, 0x00, 0x03, 0x07, 0xff,
  0xff, 0xc0, 0xfb, 0x00, 0x02, 0x0f, 0xff, 0xff, 0xfe, 0x00, 0x03, 0x07, 0xff, 0xff, 0xc0, 0xfb, 0x00, 0x02, 0x0f, 0xff, 0xff, 0xfe, 0x00, 0x03,
  0x07, 0xff, 0xff, 0x80, 0xfb, 0x00, 0x02, 0x0f, 0xff, 0xff, 0xfe, 0x00, 0x03, 0x03, 0xff, 0xff, 0x80, 0xfb, 0x00, 0x02, 0x0f, 0xff, 0xff, 0xfe,
  0x00, 0x03, 0x03, 0xff, 0xff, 0x80, 0xfb, 0x00, 0x08, 0x07, 0xff, 0xff, 0x00, 0x07, 0xc0, 0x03, 0xff, 0xff, 0xfa, 0x00, 0x08, 0x07, 0xff, 0xfe,
  0x00, 0x1f, 0xf0, 0x03, 0xff, 0xff, 0xfa, 0x00, 0x08, 0x03, 0xff, 0xfe, 0x00, 0x3f, 0xf8, 0x03, 0xff, 0xfe, 0xfa, 0x00, 0x08, 0x03, 0xff, 0xfc,
  0x00, 0x7f, 0xf8, 0x01, 0xff, 0xfe, 0xfa, 0x00, 0x08, 0x01, 0xff, 0xfc, 0x00, 0xff, 0xf8, 0x00, 0xff, 0xfc, 0xf9, 0x00, 0x07, 0x7f, 0xf8, 0x00,
  0xff, 0xf8, 0x00, 0x7f, 0xf0, 0xf9, 0x00, 0x04, 0x1f, 0x00, 0x00, 0xff, 0xf8, 0x81, 0x00, 0x81, 0x00, 0xba, 0x00, 0x81, 0x00, 0xd7, 0x00, 0x01,
  0x0f, 0xe0, 0xf9, 0x00, 0x01, 0x7f, 0xf0, 0xfd, 0x00, 0x01, 0x7f, 0xfc, 0xfa, 0x00, 0x02, 0x01, 0xff, 0xf8, 0xfe, 0x00, 0x02, 0x01, 0xff, 0xfe,
  0xfa, 0x00, 0x02, 0x07, 0xff, 0xfc, 0xfe, 0x00, 0x02, 0x03, 0xff, 0xff, 0xfa, 0x00, 0x02, 0x07, 0xff, 0xfe, 0xfe, 0x00, 0x03, 0x03, 0xff, 0xff,
  0x80, 0xfb, 0x00, 0x02, 0x0f, 0xff, 0xfe, 0xfe, 0x00, 0x03, 0x07, 0xff, 0xff, 0x80, 0xfb, 0x00, 0x02, 0x0f, 0xff, 0xff, 0xfe, 0x00, 0x03, 0x07,
  0xff, 0xff, 0x80, 0xfb, 0x00, 0x02, 0x0f, 0xff, 0xff, 0xfe, 0x00, 0x03, 0x07, 0xff, 0xff, 0xc0, 0xfb, 0x00, 0x02, 0x1f, 0xff, 0xff, 0xfe, 0x00,
  0x03, 0x07, 0xff, 0xff, 0xc0, 0xfb, 0x00, 0x02, 0x1f, 0xff, 0xff, 0xfe, 0x00, 0x03, 0x07, 0xff, 0xff, 0xc0, 0xfb, 0x00, 0x02, 0x1f, 0xff, 0xff,
  0xfe, 0x00, 0x03, 0x07, 0xff, 0xff, 0xc0, 0xfb, 0x00, 0x02, 0x1f, 0xff, 0xff, 0xfe, 0x00, 0x03, 0x07, 0xff, 0xff, 0xc0, 0xfb, 0x00, 0x02, 0x1f,
  0xff, 0xff, 0xfe, 0x00, 0x03, 0x07, 0xff, 0xff, 0xc0, 0xfb, 0x00, 0x02, 0x1f, 0xff, 0xff, 0xfe, 0x00, 0x03, 0x07, 0xff, 0xff, 0xc0, 0xfb, 0x00,
  0x02, 0x1f, 0xff, 0xff, 0xfe, 0x00, 0x03, 0x07, 0xff, 0xff, 0xc0, 0xfb, 0x00, 0x02, 0x1f, 0xff, 0xff, 0xfe, 0x00, 0x03, 0x07, 0xff, 0xff, 0xc0,
  0xfb, 0x00, 0x02, 0x1f, 0xff, 0xff, 0xfe, 0x00, 0x03, 0x07, 0xff, 0xff, 0xc0, 0xfb, 0x00, 0x02, 0x1f, 0xff, 0xff, 0xfe, 0x00, 0x03, 0x07, 0xff,
  0xff, 0xc0, 0xfb, 0x00, 0x02, 0x1f, 0xff, 0xff, 0xfe, 0x00, 0x03, 0x07, 0xff, 0xff, 0xc0, 0xfb, 0x00, 0x02, 0x1f, 0xff, 0xff, 0xfe, 0x00, 0x03,
  0x07, 0xff, 0xff, 0xc0, 0xfb, 0x00, 0x02, 0x1f, 0xff, 0xff, 0xfe, 0x00, 0x03, 0x07, 0xff, 0xff, 0xc0, 0xfb, 0x00, 0x02, 0x1f, 0xff, 0xff, 0xfe,
  0x00, 0x03, 0x07, 0xff, 0xff, 0xc0, 0xfb, 0x00, 0x02, 0x1f, 0xff, 0xff, 0xfe, 0x00, 0x03, 0x07, 0xff, 0xff, 0xc0, 0xfb, 0x00, 0x02, 0x0f, 0xff,
  0xff, 0xfe, 0x00, 0x03, 0x07, 0xff, 0xff, 0xc0, 0xfb, 0x00, 0x02, 0x0f, 0xff, 0xff, 0xfe, 0x00, 0x03, 0x07, 0xff, 0xff, 0x80, 0xfb, 0x00, 0x02,
  0x0f, 0xff, 0xff, 0xfe, 0x00, 0x03, 0x07, 0xff, 0xff, 0x80, 0xfb, 0x00, 0x02, 0x0f, 0xff, 0xff, 0xfe, 0x00, 0x03, 0x03, 0xff, 0xff, 0x80, 0xfb,
  0x00, 0x08, 0x07, 0xff, 0xff, 0x00, 0x07, 0xc0, 0x03, 0xff, 0xff, 0xfa, 0x00, 0x08, 0x07, 0xff, 0xfe, 0x00, 0x1f, 0xf0, 0x03, 0xff, 0xff, 0xfa,
  0x00, 0x08, 0x03, 0xff, 0xfe, 0x00, 0x3f, 0xf8, 0x03, 0xff, 0xfe, 0xfa, 0x00, 0x08, 0x03, 0xff, 0xfc, 0x00, 0x7f, 0xf8, 0x01, 0xff, 0xfe, 0xfa,
  0x00, 0x08, 0x01, 0xff, 0xfc, 0x00, 0xff, 0xf8, 0x00, 0xff, 0xfc, 0xf9, 0x00, 0x07, 0x7f, 0xf8, 0x00, 0xff, 0xf8, 0x00, 0x7f, 0xf0, 0xf9, 0x00,
  0x04, 0x1f, 0x00, 0x00, 0xff, 0xf8, 0x81, 0x00, 0x81, 0x00, 0xba, 0x00, 0x81, 0x00, 0xd7, 0x00, 0x01, 0x0f, 0xe0, 0xf9, 0x00, 0x01, 0x7f, 0xf0,
  0xfd, 0x00, 0x01, 0x7f, 0xfc, 0xfa, 0x00, 0x02, 0x01, 0xff, 0xf8, 0xfe, 0x00, 0x02, 0x01, 0xff, 0xfe, 0xfa, 0x00, 0x02, 0x07, 0xff, 0xfc, 0xfe,
  0x00, 0x02, 0x03, 0xff, 0xff, 0xfa, 0x00, 0x02, 0x07, 0xff, 0xfe, 0xfe, 0x00, 0x03, 0x03, 0xff, 0xff, 0x80, 0xfb, 0x00, 0x02, 0x07, 0xff, 0xfe,
  0xfe, 0x00, 0x03, 0x07, 0xff, 0xff, 0x80, 0xfb, 0x00, 0x02, 0x0f, 0xff, 0xff, 0xfe, 0x00, 0x03, 0x07, 0xff, 0xff, 0x80, 0xfb, 0x00, 0x02, 0x0f,
  0xff, 0xff, 0xfe, 0x00, 0x03, 0x07, 0xff, 0xff, 0xc0, 0xfb, 0x00, 0x02, 0x1f, 0xff, 0xff, 0xfe, 0x00, 0x03, 0x07, 0xff, 0xff, 0xc0, 0xfb, 0x00,
  0x02, 0x1f, 0xff, 0xff, 0xfe, 0x00, 0x03, 0x07, 0xff, 0xff, 0xc0, 0xfb, 0x00, 0x02, 0x1f, 0xff, 0xff, 0xfe, 0x00, 0x03, 0x07, 0xff, 0xff, 0xc0,
  0xfb, 0x00, 0x02, 0x1f, 0xff, 0xff, 0xfe, 0x00, 0x03, 0x07, 0xff, 0xff, 0xc0, 0xfb, 0x00, 0x02, 0x1f, 0xff, 0xff, 0xfe, 0x00, 0x03, 0x07, 0xff,
  0xff, 0xc0, 0xfb, 0x00, 0x02, 0x1f, 0xff, 0xff, 0xfe, 0x00, 0x03, 0x07, 0xff, 0xff, 0xc0, 0xfb, 0x00, 0x02, 0x1f, 0xff, 0xff, 0xfe, 0x00, 0x03,
  0x07, 0xff, 0xff, 0xc0, 0xfb, 0x00, 0x02, 0x1f, 0xff, 0xff, 0xfe, 0x00, 0x03, 0x07, 0xff, 0xff, 0xc0, 0xfb, 0x00, 0x02, 0x1f, 0xff, 0xff, 0xfe,
  0x00, 0x03, 0x07, 0xff, 0xff, 0xc0, 0xfb, 0x00, 0x02, 0x1f, 0xff, 0xff, 0xfe, 0x00, 0x03, 0x07, 0xff, 0xff, 0xc0, 0xfb, 0x00, 0x02, 0x1f, 0xff,
  0xff, 0xfe, 0x00, 0x03, 0x07, 0xff, 0xff, 0xc0, 0xfb, 0x00, 0x02, 0x1f, 0xff, 0xff, 0xfe, 0x00, 0x03, 0x07, 0xff, 0xff, 0xc0, 0xfb, 0x00, 0x02,
  0x1f, 0xff, 0xff, 0xfe, 0x00, 0x03, 0x07, 0xff, 0xff, 0xc0, 0xfb, 0x00, 0x02, 0x1f, 0xff, 0xff, 0xfe, 0x00, 0x03, 0x07, 0xff, 0xff, 0xc0, 0xfb,
  0x00, 0x02, 0x1f, 0xff, 0xff, 0xfe, 0x00, 0x03, 0x07, 0xff, 0xff, 0xc0, 0xfb, 0x00, 0x02, 0x0f, 0xff, 0xff, 0xfe, 0x00, 0x03, 0x07, 0xff, 0xff,
  0xc0, 0xfb, 0x00, 0x02, 0x0f, 0xff, 0xff, 0xfe, 0x00, 0x03, 0x07, 0xff, 0xff, 0x80, 0xfb, 0x00, 0x02, 0x0f, 0xff, 0xff, 0xfe, 0x00, 0x03, 0x07,
  0xff, 0xff, 0x80, 0xfb, 0x00, 0x02, 0x0f, 0xff, 0xff, 0xfe, 0x00, 0x03, 0x03, 0xff, 0xff, 0x80, 0xfb, 0x00, 0x08, 0x07, 0xff, 0xff, 0x00, 0x07,
  0xc0, 0x03, 0xff, 0xff, 0xfa, 0x00, 0x08, 0x07, 0xff, 0xfe, 0x00, 0x1f, 0xf0, 0x03, 0xff, 0xff, 0xfa, 0x00, 0x08, 0x03, 0xff, 0xfe, 0x00, 0x3f,
  0xf8, 0x03, 0xff, 0xfe, 0xfa, 0x00, 0x08, 0x03, 0xff, 0xfc, 0x00, 0x7f, 0xf8, 0x01, 0xff, 0xfe, 0xfa, 0x00, 0x08, 0x01, 0xff, 0xf8, 0x00, 0xff,
  0xf8, 0x00, 0xff, 0xfc, 0xf9, 0x00, 0x07, 0x7f, 0xf0, 0x00, 0xff, 0xf8, 0x00, 0x7f, 0xf0, 0xf9, 0x00, 0x04, 0x1f, 0x00, 0x00, 0xff, 0xf8, 0x81,
  0x00, 0x81, 0x00, 0xba, 0x00, 0x81, 0x00, 0xd7, 0x00, 0x01, 0x1f, 0xe0, 0xf9, 0x00, 0x01, 0x7f, 0xf0, 0xfd, 0x00, 0x01, 0x7f, 0xfc, 0xfa, 0x00,
  0x02, 0x03, 0xff, 0xf8, 0xfe, 0x00, 0x02, 0x01, 0xff, 0xfe, 0xfa, 0x00, 0x02, 0x07, 0xff, 0xfc, 0xfe, 0x00, 0x02, 0x03, 0xff, 0xff, 0xfa, 0x00,
  0x02, 0x07, 0xff, 0xfe, 0xfe, 0x00, 0x03, 0x03, 0xff, 0xff, 0x80, 0xfb, 0x00, 0x02, 0x0f, 0xff, 0xff, 0xfe, 0x00, 0x03, 0x07, 0xff, 0xff, 0x80,
  0xfb, 0x00, 0x02, 0x0f, 0xff, 0xff, 0xfe, 0x00, 0x03, 0x07, 0xff, 0xff, 0x80, 0xfb, 0x00, 0x02, 0x0f, 0xff, 0xff, 0xfe, 0x00, 0x03, 0x07, 0xff,
  0xff, 0xc0, 0xfb, 0x00, 0x02, 0x1f, 0xff, 0xff, 0xfe, 0x00, 0x03, 0x07, 0xff, 0xff, 0xc0, 0xfb, 0x00, 0x02, 0x1f, 0xff, 0xff, 0xfe, 0x00, 0x03,
  0x07, 0xff, 0xff, 0xc0, 0xfb, 0x00, 0x02, 0x1f, 0xff, 0xff, 0xfe, 0x00, 0x03, 0x07, 0xff, 0xff, 0xc0, 0xfb, 0x00, 0x02, 0x1f, 0xff, 0xff, 0xfe,
  0x00, 0x03, 0x07, 0xff, 0xff, 0xc0, 0xfb, 0x00, 0x02, 0x1f, 0xff, 0xff, 0xfe, 0x00, 0x03, 0x07, 0xff, 0xff, 0xc0, 0xfb, 0x00, 0x02, 0x1f, 0xff,
  0xff, 0xfe, 0x00, 0x03, 0x07, 0xff, 0xff, 0xc0, 0xfb, 0x00, 0x02, 0x1f, 0xff, 0xff, 0xfe, 0x00, 0x03, 0x07, 0xff, 0xff, 0xc0, 0xfb, 0x00, 0x02,
  0x1f, 0xff, 0xff, 0xfe, 0x00, 0x03, 0x07, 0xff, 0xff, 0xc0, 0xfb, 0x00, 0x02, 0x1f, 0xff, 0xff, 0xfe, 0x00, 0x03, 0x07, 0xff, 0xff, 0xc0, 0xfb,
  0x00, 0x02, 0x1f, 0xff, 0xff, 0xfe, 0x00, 0x03, 0x07, 0xff, 0xff, 0xc0, 0xfb, 0x00, 0x02, 0x1f, 0xff, 0xff, 0xfe, 0x00, 0x03, 0x07, 0xff, 0xff,
  0xc0, 0xfb, 0x00, 0x02, 0x1f, 0xff, 0xff, 0xfe, 0x00, 0x03, 0x07, 0xff, 0xff, 0xc0, 0xfb, 0x00, 0x02, 0x1f, 0xff, 0xff, 0xfe, 0x00, 0x03, 0x07,
  0xff, 0xff, 0xc0, 0xfb, 0x00, 0x02, 0x1f, 0xff, 0xff, 0xfe, 0x00, 0x03, 0x07, 0xff, 0xff, 0xc0, 0xfb, 0x00, 0x02, 0x1f, 0xff, 0xff, 0xfe, 0x00,
  0x03, 0x07, 0xff, 0xff, 0xc0, 0xfb, 0x00, 0x02, 0x0f, 0xff, 0xff, 0xfe, 0x00, 0x03, 0x07, 0xff, 0xff, 0xc0, 0xfb, 0x00, 0x02, 0x0f, 0xff, 0xff,
  0xfe, 0x00, 0x03, 0x07, 0xff, 0xff, 0x80, 0xfb, 0x00, 0x02, 0x0f, 0xff, 0xff, 0xfe, 0x00, 0x03, 0x07, 0xff, 0xff, 0x80, 0xfb, 0x00, 0x02, 0x0f,
  0xff, 0xff, 0xfe, 0x00, 0x03, 0x03, 0xff, 0xff, 0x80, 0xfb, 0x00, 0x08, 0x07, 0xff, 0xff, 0x00, 0x07, 0xc0, 0x03, 0xff, 0xff, 0xfa, 0x00, 0x08,
  0x07, 0xff, 0xfe, 0x00, 0x1f, 0xf0, 0x03, 0xff, 0xff, 0xfa, 0x00, 0x08, 0x03, 0xff, 0xfe, 0x00, 0x3f, 0xf8, 0x03, 0xff, 0xfe, 0xfa, 0x00, 0x08,
  0x03, 0xff, 0xfc, 0x00, 0x7f, 0xf8, 0x01, 0xff, 0xfe, 0xfa, 0x00, 0x08, 0x01, 0xff, 0xf8, 0x00, 0xff, 0xf8, 0x00, 0xff, 0xfc, 0xf9, 0x00, 0x07,
  0x7f, 0xf0, 0x00, 0xff, 0xf8, 0x00, 0x7f, 0xf0, 0xf9, 0x00, 0x04, 0x1f, 0x00, 0x00, 0xff, 0xf8, 0x81, 0x00, 0x81, 0x00, 0xba, 0x00, 0x81, 0x00,
  0xd7, 0x00, 0x01, 0x0f, 0xe0, 0xf9, 0x00, 0x01, 0x7f, 0xe0, 0xfd, 0x00, 0x01, 0x7f, 0xfc, 0xfa, 0x00, 0x02, 0x01, 0xff, 0xf8, 0xfe, 0x00, 0x02,
  0x01, 0xff, 0xfe, 0xfa, 0x00, 0x02, 0x07, 0xff, 0xfc, 0xfe, 0x00, 0x02, 0x03, 0xff, 0xff, 0xfa, 0x00, 0x02, 0x07, 0xff, 0xfe, 0xfe, 0x00, 0x03,
  0x03, 0xff, 0xff, 0x80, 0xfb, 0x00, 0x02, 0x07, 0xff, 0xfe, 0xfe, 0x00, 0x03, 0x07, 0xff, 0xff, 0x80, 0xfb, 0x00, 0x02, 0x0f, 0xff, 0xff, 0xfe,
  0x00, 0x03, 0x07, 0xff, 0xff, 0x80, 0xfb, 0x00, 0x02, 0x0f, 0xff, 0xff, 0xfe, 0x00, 0x03, 0x07, 0xff, 0xff, 0xc0, 0xfb, 0x00, 0x02, 0x1f, 0xff,
  0xff, 0xfe, 0x00, 0x03, 0x07, 0xff, 0xff, 0xc0, 0xfb, 0x00, 0x02, 0x1f, 0xff, 0xff, 0xfe, 0x00, 0x03, 0x07, 0xff, 0xff, 0xc0, 0xfb, 0x00, 0x02,
  0x1f, 0xff, 0xff, 0xfe, 0x00, 0x03, 0x07, 0xff, 0xff, 0xc0, 0xfb, 0x00, 0x02, 0x1f, 0xff, 0xff, 0xfe, 0x00, 0x03, 0x07, 0xff, 0xff, 0xc0, 0xfb,
  0x00, 0x02, 0x1f, 0xff, 0xff, 0xfe, 0x00, 0x03, 0x07, 0xff, 0xff, 0xc0, 0xfb, 0x00, 0x02, 0x1f, 0xff, 0xff, 0xfe, 0x00, 0x03, 0x07, 0xff, 0xff,
  0xc0, 0xfb, 0x00, 0x02, 0x1f, 0xff, 0xff, 0xfe, 0x00, 0x03, 0x07, 0xff, 0xff, 0xc0, 0xfb, 0x00, 0x02, 0x1f, 0xff, 0xff, 0xfe, 0x00, 0x03, 0x07,
  0xff, 0xff, 0xc0, 0xfb, 0x00, 0x02, 0x1f, 0xff, 0xff, 0xfe, 0x00, 0x03, 0x07, 0xff, 0xff, 0xc0, 0xfb, 0x00, 0x02, 0x1f, 0xff, 0xff, 0xfe, 0x00,
  0x03, 0x07, 0xff, 0xff, 0xc0, 0xfb, 0x00, 0x02, 0x1f, 0xff, 0xff, 0xfe, 0x00, 0x03, 0x07, 0xff, 0xff, 0xc0, 0xfb, 0x00, 0x02, 0x1f, 0xff, 0xff,
  0xfe, 0x00, 0x03, 0x07, 0xff, 0xff, 0xc0, 0xfb, 0x00, 0x02, 0x1f, 0xff, 0xff, 0xfe, 0x00, 0x03, 0x07, 0xff, 0xff, 0xc0, 0xfb, 0x00, 0x02, 0x1f,
  0xff, 0xff, 0xfe, 0x00, 0x03, 0x07, 0xff, 0xff, 0xc0, 0xfb, 0x00, 0x02, 0x1f, 0xff, 0xff, 0xfe, 0x00, 0x03, 0x07, 0xff, 0xff, 0xc0, 0xfb, 0x00,
  0x02, 0x0f, 0xff, 0xff, 0xfe, 0x00, 0x03, 0x07, 0xff, 0xff, 0xc0, 0xfb, 0x00, 0x02, 0x0f, 0xff, 0xff, 0xfe, 0x00, 0x03, 0x07, 0xff, 0xff, 0x80,
  0xfb, 0x00, 0x02, 0x0f, 0xff, 0xff, 0xfe, 0x00, 0x03, 0x07, 0xff, 0xff, 0x80, 0xfb, 0x00, 0x02, 0x0f, 0xff, 0xff, 0xfe, 0x00, 0x03, 0x03, 0xff,
  0xff, 0x80, 0xfb, 0x00, 0x08, 0x07, 0xff, 0xff, 0x00, 0x07, 0xc0, 0x03, 0xff, 0xff, 0xfa, 0x00, 0x08, 0x07, 0xff, 0xfe, 0x00, 0x1f, 0xf0, 0x03,
  0xff, 0xff, 0xfa, 0x00, 0x08, 0x03, 0xff, 0xfe, 0x00, 0x3f, 0xf8, 0x03, 0xff, 0xfe, 0xfa, 0x00, 0x08, 0x03, 0xff, 0xfc, 0x00, 0x7f, 0xf8, 0x01,
  0xff, 0xfe, 0xfa, 0x00, 0x08, 0x01, 0xff, 0xf8, 0x00, 0xff, 0xf8, 0x00, 0xff, 0xfc, 0xf9, 0x00, 0x07, 0x7f, 0xf0, 0x00, 0xff, 0xf8, 0x00, 0x7f,
  0xf0, 0xf9, 0x00, 0x04, 0x1f, 0x00, 0x00, 0xff, 0xf8, 0x81, 0x00, 0x81, 0x00, 0xba, 0x00, 0x81, 0x00, 0xd7, 0x00, 0x01, 0x0f, 0xe0, 0xf9, 0x00,
  0x01, 0x7f, 0xf0, 0xfd, 0x00, 0x01, 0x7f, 0xfc, 0xfa, 0x00, 0x02, 0x03, 0xff, 0xf8, 0xfe, 0x00, 0x02, 0x01, 0xff, 0xfe, 0xfa, 0x00, 0x02, 0x07,
  0xff, 0xfc, 0xfe, 0x00, 0x02, 0x03, 0xff, 0xff, 0xfa, 0x00, 0x02, 0x07, 0xff, 0xfe, 0xfe, 0x00, 0x03, 0x03, 0xff, 0xff, 0x80, 0xfb, 0x00, 0x02,
  0x07, 0xff, 0xfe, 0xfe, 0x00, 0x03, 0x07, 0xff, 0xff, 0x80, 0xfb, 0x00, 0x02, 0x0f, 0xff, 0xff, 0xfe, 0x00, 0x03, 0x07, 0xff, 0xff, 0x80, 0xfb,
  0x00, 0x02, 0x0f, 0xff, 0xff, 0xfe, 0x00, 0x03, 0x07, 0xff, 0xff, 0xc0, 0xfb, 0x00, 0x02, 0x1f, 0xff, 0xff, 0xfe, 0x00, 0x03, 0x07, 0xff, 0xff,
  0xc0, 0xfb, 0x00, 0x02, 0x1f, 0xff, 0xff, 0xfe, 0x00, 0x03, 0x07, 0xff, 0xff, 0xc0, 0xfb, 0x00, 0x02, 0x1f, 0xff, 0xff, 0xfe, 0x00, 0x03, 0x07,
  0xff, 0xff, 0xc0, 0xfb, 0x00, 0x02, 0x1f, 0xff, 0xff, 0xfe, 0x00, 0x03, 0x07, 0xff, 0xff, 0xc0, 0xfb, 0x00, 0x02, 0x1f, 0xff, 0xff, 0xfe, 0x00,
  0x03, 0x07, 0xff, 0xff, 0xc0, 0xfb, 0x00, 0x02, 0x1f, 0xff, 0xff, 0xfe, 0x00, 0x03, 0x07, 0xff, 0xff, 0xc0, 0xfb, 0x00, 0x02, 0x1f, 0xff, 0xff,
  0xfe, 0x00, 0x03, 0x07, 0xff, 0xff, 0xc0, 0xfb, 0x00, 0x02, 0x1f, 0xff, 0xff, 0xfe, 0x00, 0x03, 0x07, 0xff, 0xff, 0xc0, 0xfb, 0x00, 0x02, 0x1f,
  0xff, 0xff, 0xfe, 0x00, 0x03, 0x07, 0xff, 0xff, 0xc0, 0xfb, 0x00, 0x02, 0x1f, 0xff, 0xff, 0xfe, 0x00, 0x03, 0x07, 0xff, 0xff, 0xc0, 0xfb, 0x00,
  0x02, 0x1f, 0xff, 0xff, 0xfe, 0x00, 0x03, 0x07, 0xff, 0xff, 0xc0, 0xfb, 0x00, 0x02, 0x1f, 0xff, 0xff, 0xfe, 0x00, 0x03, 0x07, 0xff, 0xff, 0xc0,
  0xfb, 0x00, 0x02, 0x1f, 0xff, 0xff, 0xfe, 0x00, 0x03, 0x07, 0xff, 0xff, 0xc0, 0xfb, 0x00, 0x02, 0x1f, 0xff, 0xff, 0xfe, 0x00, 0x03, 0x07, 0xff,
  0xff, 0xc0, 0xfb, 0x00, 0x02, 0x1f, 0xff, 0xff, 0xfe, 0x00, 0x03, 0x07, 0xff, 0xff, 0xc0, 0xfb, 0x00, 0x02, 0x0f, 0xff, 0xff, 0xfe, 0x00, 0x03,
  0x07, 0xff, 0xff, 0xc0, 0xfb, 0x00, 0x02, 0x0f, 0xff, 0xff, 0xfe, 0x00, 0x03, 0x07, 0xff, 0xff, 0x80, 0xfb, 0x00, 0x02, 0x0f, 0xff, 0xff, 0xfe,
  0x00, 0x03, 0x07, 0xff, 0xff, 0x80, 0xfb, 0x00, 0x02, 0x0f, 0xff, 0xff, 0xfe, 0x00, 0x03, 0x03, 0xff, 0xff, 0x80, 0xfb, 0x00, 0x08, 0x07, 0xff,
  0xff, 0x00, 0x07, 0xc0, 0x03, 0xff, 0xff, 0xfa, 0x00, 0x08, 0x07, 0xff, 0xfe, 0x00, 0x1f, 0xf0, 0x03, 0xff, 0xff, 0xfa, 0x00, 0x08, 0x03, 0xff,
  0xfe, 0x00, 0x3f, 0xf8, 0x03, 0xff, 0xfe, 0xfa, 0x00, 0x08, 0x03, 0xff, 0xfc, 0x00, 0x7f, 0xf8, 0x01, 0xff, 0xfe, 0xfa, 0x00, 0x08, 0x01, 0xff,
  0xf8, 0x00, 0xff, 0xf8, 0x00, 0xff, 0xfc, 0xf9, 0x00, 0x07, 0x7f, 0xf0, 0x00, 0xff, 0xf8, 0x00, 0x7f, 0xf0, 0xf9, 0x00, 0x04, 0x1f, 0x00, 0x00,
  0xff, 0xf8, 0x81, 0x00, 0x81, 0x00, 0xba, 0x00, 0x81, 0x00, 0xd7, 0x00, 0x01, 0x0f, 0xe0, 0xf9, 0x00, 0x01, 0x7f, 0xe0, 0xfd, 0x00, 0x01, 0x7f,
  0xfc, 0xfa, 0x00, 0x02, 0x01, 0xff, 0xf8, 0xfe, 0x00, 0x02, 0x01, 0xff, 0xfe, 0xfa, 0x00, 0x02, 0x07, 0xff, 0xfc, 0xfe, 0x00, 0x02, 0x03, 0xff,
  0xff, 0xfa, 0x00, 0x02, 0x07, 0xff, 0xfe, 0xfe, 0x00, 0x03, 0x03, 0xff, 0xff, 0x80, 0xfb, 0x00, 0x02, 0x07, 0xff, 0xfe, 0xfe, 0x00, 0x03, 0x07,
  0xff, 0xff, 0x80, 0xfb, 0x00, 0x02, 0x0f, 0xff, 0xff, 0xfe, 0x00, 0x03, 0x07, 0xff, 0xff, 0x80, 0xfb, 0x00, 0x02, 0x0f, 0xff, 0xff, 0xfe, 0x00,
  0x03, 0x07, 0xff, 0xff, 0xc0, 0xfb, 0x00, 0x02, 0x1f, 0xff, 0xff, 0xfe, 0x00, 0x03, 0x07, 0xff, 0xff, 0xc0, 0xfb, 0x00, 0x02, 0x1f, 0xff, 0xff,
  0xfe, 0x00, 0x03, 0x07, 0xff, 0xff, 0xc0, 0xfb, 0x00, 0x02, 0x1f, 0xff, 0xff, 0xfe, 0x00, 0x03, 0x07, 0xff, 0xff, 0xc0, 0xfb, 0x00, 0x02, 0x1f,
  0xff, 0xff, 0xfe, 0x00, 0x03, 0x07, 0xff, 0xff, 0xc0, 0xfb, 0x00, 0x02, 0x1f, 0xff, 0xff, 0xfe, 0x00, 0x03, 0x07, 0xff, 0xff, 0xc0, 0xfb, 0x00,
  0x02, 0x1f, 0xff, 0xff, 0xfe, 0x00, 0x03, 0x07, 0xff, 0xff, 0xc0, 0xfb, 0x00, 0x02, 0x1f, 0xff, 0xff, 0xfe, 0x00, 0x03, 0x07, 0xff, 0xff, 0xc0,
  0xfb, 0x00, 0x02, 0x1f, 0xff, 0xff, 0xfe, 0x00, 0x03, 0x07, 0xff, 0xff, 0xc0, 0xfb, 0x00, 0x02, 0x1f, 0xff, 0xff, 0xfe, 0x00, 0x03, 0x07, 0xff,
  0xff, 0xc0, 0xfb, 0x00, 0x02, 0x1f, 0xff, 0xff, 0xfe, 0x00, 0x03, 0x07, 0xff, 0xff, 0xc0, 0xfb, 0x00, 0x02, 0x1f, 0xff, 0xff, 0xfe, 0x00, 0x03,
  0x07, 0xff, 0xff, 0xc0, 0xfb, 0x00, 0x02, 0x1f, 0xff, 0xff, 0xfe, 0x00, 0x03, 0x07, 0xff, 0xff, 0xc0, 0xfb, 0x00, 0x02, 0x1f, 0xff, 0xff, 0xfe,
  0x00, 0x03, 0x07, 0xff, 0xff, 0xc0, 0xfb, 0x00, 0x02, 0x1f, 0xff, 0xff, 0xfe, 0x00, 0x03, 0x07, 0xff, 0xff, 0xc0, 0xfb, 0x00, 0x02, 0x1f, 0xff,
  0xff, 0xfe, 0x00, 0x03, 0x07, 0xff, 0xff, 0xc0, 0xfb, 0x00, 0x02, 0x0f, 0xff, 0xff, 0xfe, 0x00, 0x03, 0x07, 0xff, 0xff, 0xc0, 0xfb, 0x00, 0x02,
  0x0f, 0xff, 0xff, 0xfe, 0x00, 0x03, 0x07, 0xff, 0xff, 0x80, 0xfb, 0x00, 0x02, 0x0f, 0xff, 0xff, 0xfe, 0x00, 0x03, 0x07, 0xff, 0xff, 0x80, 0xfb,
  0x00, 0x02, 0x0f, 0xff, 0xff, 0xfe, 0x00, 0x03, 0x03, 0xff, 0xff, 0x80, 0xfb, 0x00, 0x08, 0x07, 0xff, 0xff, 0x00, 0x07, 0xc0, 0x03, 0xff, 0xff,
  0xfa, 0x00, 0x08, 0x07, 0xff, 0xfe, 0x00, 0x1f, 0xf0, 0x03, 0xff, 0xff, 0xfa, 0x00, 0x08, 0x03, 0xff, 0xfe, 0x00, 0x3f, 0xf8, 0x03, 0xff, 0xfe,
  0xfa, 0x00, 0x08, 0x03, 0xff, 0xfc, 0x00, 0x7f, 0xf8, 0x01, 0xff, 0xfe, 0xfa, 0x00, 0x08, 0x01, 0xff, 0xf8, 0x00, 0xff, 0xf8, 0x00, 0xff, 0xfc,
  0xf9, 0x00, 0x07, 0x7f, 0xf0, 0x00, 0xff, 0xf8, 0x00, 0x7f, 0xf0, 0xf9, 0x00, 0x04, 0x1f, 0x00, 0x00, 0xff, 0xf8, 0x81, 0x00, 0x81, 0x00, 0xba,
  0x00, 0x81, 0x00, 0xd7, 0x00, 0x01, 0x0f, 0xe0, 0xf9, 0x00, 0x01, 0x7f, 0xe0, 0xfd, 0x00, 0x01, 0x7f, 0xfc, 0xfa, 0x00, 0x02, 0x01, 0xff, 0xf8,
  0xfe, 0x00, 0x02, 0x01, 0xff, 0xfe, 0xfa, 0x00, 0x02, 0x07, 0xff, 0xfc, 0xfe, 0x00, 0x02, 0x03, 0xff, 0xff, 0xfa, 0x00, 0x02, 0x07, 0xff, 0xfe,
  0xfe, 0x00, 0x03, 0x03, 0xff, 0xff, 0x80, 0xfb, 0x00, 0x02, 0x07, 0xff, 0xfe, 0xfe, 0x00, 0x03, 0x07, 0xff, 0xff, 0x80, 0xfb, 0x00, 0x02, 0x0f,
  0xff, 0xff, 0xfe, 0x00, 0x03, 0x07, 0xff, 0xff, 0x80, 0xfb, 0x00, 0x02, 0x0f, 0xff, 0xff, 0xfe, 0x00, 0x03, 0x07, 0xff, 0xff, 0xc0, 0xfb, 0x00,
  0x02, 0x1f, 0xff, 0xff, 0xfe, 0x00, 0x03, 0x07, 0xff, 0xff, 0xc0, 0xfb, 0x00, 0x02, 0x1f, 0xff, 0xff, 0xfe, 0x00, 0x03, 0x07, 0xff, 0xff, 0xc0,
  0xfb, 0x00, 0x02, 0x1f, 0xff, 0xff, 0xfe, 0x00, 0x03, 0x07, 0xff, 0xff, 0xc0, 0xfb, 0x00, 0x02, 0x1f, 0xff, 0xff, 0xfe, 0x00, 0x03, 0x07, 0xff,
  0xff, 0xc0, 0xfb, 0x00, 0x02, 0x1f, 0xff, 0xff, 0xfe, 0x00, 0x03, 0x07, 0xff, 0xff, 0xc0, 0xfb, 0x00, 0x02, 0x1f, 0xff, 0xff, 0xfe, 0x00, 0x03,
  0x07, 0xff, 0xff, 0xc0, 0xfb, 0x00, 0x02, 0x1f, 0xff, 0xff, 0xfe, 0x00, 0x03, 0x07, 0xff, 0xff, 0xc0, 0xfb, 0x00, 0x02, 0x1f, 0xff, 0xff, 0xfe,
  0x00, 0x03, 0x07, 0xff, 0xff, 0xc0, 0xfb, 0x00, 0x02, 0x1f, 0xff, 0xff, 0xfe, 0x00, 0x03, 0x07, 0xff, 0xff, 0xc0, 0xfb, 0x00, 0x02, 0x1f, 0xff,
  0xff, 0xfe, 0x00, 0x03, 0x07, 0xff, 0xff, 0xc0, 0xfb, 0x00, 0x02, 0x1f, 0xff, 0xff, 0xfe, 0x00, 0x03, 0x07, 0xff, 0xff, 0xc0, 0xfb, 0x00, 0x02,
  0x1f, 0xff, 0xff, 0xfe, 0x00, 0x03, 0x07, 0xff, 0xff, 0xc0, 0xfb, 0x00, 0x02, 0x1f, 0xff, 0xff, 0xfe, 0x00, 0x03, 0x07, 0xff, 0xff, 0xc0, 0xfb,
  0x00, 0x02, 0x1f, 0xff, 0xff, 0xfe, 0x00, 0x03, 0x07, 0xff, 0xff, 0xc0, 0xfb, 0x00, 0x02, 0x1f, 0xff, 0xff, 0xfe, 0x00, 0x03, 0x07, 0xff, 0xff,
  0xc0, 0xfb, 0x00, 0x02, 0x0f, 0xff, 0xff, 0xfe, 0x00, 0x03, 0x07, 0xff, 0xff, 0xc0, 0xfb, 0x00, 0x02, 0x0f, 0xff, 0xff, 0xfe, 0x00, 0x03, 0x07,
  0xff, 0xff, 0x80, 0xfb, 0x00, 0x02, 0x0f, 0xff, 0xff, 0xfe, 0x00, 0x03, 0x07, 0xff, 0xff, 0x80, 0xfb, 0x00, 0x02, 0x0f, 0xff, 0xff, 0xfe, 0x00,
  0x03, 0x03, 0xff, 0xff, 0x80, 0xfb, 0x00, 0x08, 0x07, 0xff, 0xff, 0x00, 0x07, 0xc0, 0x03, 0xff, 0xff, 0xfa, 0x00, 0x08, 0x07, 0xff, 0xfe, 0x00,
  0x1f, 0xf0, 0x03, 0xff, 0xff, 0xfa, 0x00, 0x08, 0x03, 0xff, 0xfe, 0x00, 0x3f, 0xf8, 0x03, 0xff, 0xfe, 0xfa, 0x00, 0x08, 0x03, 0xff, 0xfc, 0x00,
  0x7f, 0xf8, 0x01, 0xff, 0xfe, 0xfa, 0x00, 0x08, 0x01, 0xff, 0xf8, 0x00, 0xff, 0xf8, 0x00, 0xff, 0xfc, 0xf9, 0x00, 0x07, 0x7f, 0xf0, 0x00, 0xff,
  0xf8, 0x00, 0x7f, 0xf0, 0xf9, 0x00, 0x04, 0x1f, 0x00, 0x00, 0xff, 0xf8, 0x81, 0x00, 0x81, 0x00, 0xba, 0x00, 0x81, 0x00, 0xd7, 0x00, 0x01, 0x0f,
  0xe0, 0xf9, 0x00, 0x01, 0x7f, 0xe0, 0xfd, 0x00, 0x01, 0x7f, 0xfc, 0xfa, 0x00, 0x02, 0x01, 0xff, 0xf8, 0xfe, 0x00, 0x02, 0x01, 0xff, 0xfe, 0xfa,
  0x00, 0x02, 0x07, 0xff, 0xfc, 0xfe, 0x00, 0x02, 0x03, 0xff, 0xff, 0xfa, 0x00, 0x02, 0x07, 0xff, 0xfe, 0xfe, 0x00, 0x03, 0x03, 0xff, 0xff, 0x80,
  0xfb, 0x00, 0x02, 0x07, 0xff, 0xfe, 0xfe, 0x00, 0x03, 0x07, 0xff, 0xff, 0x80, 0xfb, 0x00, 0x02, 0x0f, 0xff, 0xff, 0xfe, 0x00, 0x03, 0x07, 0xff,
  0xff, 0x80, 0xfb, 0x00, 0x02, 0x0f, 0xff, 0xff, 0xfe, 0x00, 0x03, 0x07, 0xff, 0xff, 0xc0, 0xfb, 0x00, 0x02, 0x1f, 0xff, 0xff, 0xfe, 0x00, 0x03,
  0x07, 0xff, 0xff, 0xc0, 0xfb, 0x00, 0x02, 0x1f, 0xff, 0xff, 0xfe, 0x00, 0x03, 0x07, 0xff, 0xff, 0xc0, 0xfb, 0x00, 0x02, 0x1f, 0xff, 0xff, 0xfe,
  0x00, 0x03, 0x07, 0xff, 0xff, 0xc0, 0xfb, 0x00, 0x02, 0x1f, 0xff, 0xff, 0xfe, 0x00, 0x03, 0x07, 0xff, 0xff, 0xc0, 0xfb, 0x00, 0x02, 0x1f, 0xff,
  0xff, 0xfe, 0x00, 0x03, 0x07, 0xff, 0xff, 0xc0, 0xfb, 0x00, 0x02, 0x1f, 0xff, 0xff, 0xfe, 0x00, 0x03, 0x07, 0xff, 0xff, 0xc0, 0xfb, 0x00, 0x02,
  0x1f, 0xff, 0xff, 0xfe, 0x00, 0x03, 0x07, 0xff, 0xff, 0xc0, 0xfb, 0x00, 0x02, 0x1f, 0xff, 0xff, 0xfe, 0x00, 0x03, 0x07, 0xff, 0xff, 0xc0, 0xfb,
  0x00, 0x02, 0x1f, 0xff, 0xff, 0xfe, 0x00, 0x03, 0x07, 0xff, 0xff, 0xc0, 0xfb, 0x00, 0x02, 0x1f, 0xff, 0xff, 0xfe, 0x00, 0x03, 0x07, 0xff, 0xff,
  0xc0, 0xfb, 0x00, 0x02, 0x1f, 0xff, 0xff, 0xfe, 0x00, 0x03, 0x07, 0xff, 0xff, 0xc0, 0xfb, 0x00, 0x02, 0x1f, 0xff, 0xff, 0xfe, 0x00, 0x03, 0x07,
  0xff, 0xff, 0xc0, 0xfb, 0x00, 0x02, 0x1f, 0xff, 0xff, 0xfe, 0x00, 0x03, 0x07, 0xff, 0xff, 0xc0, 0xfb, 0x00, 0x02, 0x1f, 0xff, 0xff, 0xfe, 0x00,
  0x03, 0x07, 0xff, 0xff, 0xc0, 0xfb, 0x00, 0x02, 0x1f, 0xff, 0xff, 0xfe, 0x00, 0x03, 0x07, 0xff, 0xff, 0xc0, 0xfb, 0x00, 0x02, 0x0f, 0xff, 0xff,
  0xfe, 0x00, 0x03, 0x07, 0xff, 0xff, 0xc0, 0xfb, 0x00, 0x02, 0x0f, 0xff, 0xff, 0xfe, 0x00, 0x03, 0x07, 0xff, 0xff, 0x80, 0xfb, 0x00, 0x02, 0x0f,
  0xff, 0xff, 0xfe, 0x00, 0x03, 0x07, 0xff, 0xff, 0x80, 0xfb, 0x00, 0x02, 0x0f, 0xff, 0xff, 0xfe, 0x00, 0x03, 0x03, 0xff, 0xff, 0x80, 0xfb, 0x00,
  0x08, 0x07, 0xff, 0xff, 0x00, 0x07, 0xc0, 0x03, 0xff, 0xff, 0xfa, 0x00, 0x08, 0x07, 0xff, 0xfe, 0x00, 0x1f, 0xf0, 0x03, 0xff, 0xff, 0xfa, 0x00,
  0x08, 0x03, 0xff, 0xfe, 0x00, 0x3f, 0xf8, 0x03, 0xff, 0xfe, 0xfa, 0x00, 0x08, 0x03, 0xff, 0xfc, 0x00, 0x7f, 0xf8, 0x01, 0xff, 0xfe, 0xfa, 0x00,
  0x08, 0x01, 0xff, 0xf8, 0x00, 0xff, 0xf8, 0x00, 0xff, 0xfc, 0xf9, 0x00, 0x07, 0x7f, 0xf0, 0x00, 0xff, 0xf8, 0x00, 0x7f, 0xf0, 0xf9, 0x00, 0x04,
  0x1f, 0x00, 0x00, 0xff, 0xf8, 0x81, 0x00, 0x81, 0x00, 0xba, 0x00, 0x81, 0x00, 0xd7, 0x00, 0x01, 0x0f, 0xc0, 0xf9, 0x00, 0x01, 0x7f, 0xe0, 0xfd,
  0x00, 0x01, 0x7f, 0xfc, 0xfa, 0x00, 0x02, 0x01, 0xff, 0xf8, 0xfe, 0x00, 0x02, 0x01, 0xff, 0xfe, 0xfa, 0x00, 0x02, 0x07, 0xff, 0xfc, 0xfe, 0x00,
  0x02, 0x03, 0xff, 0xff, 0xfa, 0x00, 0x02, 0x07, 0xff, 0xfe, 0xfe, 0x00, 0x02, 0x03, 0xff, 0xff, 0xfa, 0x00, 0x02, 0x07, 0xff, 0xfe, 0xfe, 0x00,
  0x03, 0x07, 0xff, 0xff, 0x80, 0xfb, 0x00, 0x02, 0x0f, 0xff, 0xff, 0xfe, 0x00, 0x03, 0x07, 0xff, 0xff, 0x80, 0xfb, 0x00, 0x02, 0x0f, 0xff, 0xff,
  0xfe, 0x00, 0x03, 0x07, 0xff, 0xff, 0xc0, 0xfb, 0x00, 0x02, 0x1f, 0xff, 0xff, 0xfe, 0x00, 0x03, 0x07, 0xff, 0xff, 0xc0, 0xfb, 0x00, 0x02, 0x1f,
  0xff, 0xff, 0xfe, 0x00, 0x03, 0x07, 0xff, 0xff, 0xc0, 0xfb, 0x00, 0x02, 0x1f, 0xff, 0xff, 0xfe, 0x00, 0x03, 0x07, 0xff, 0xff, 0xc0, 0xfb, 0x00,
  0x02, 0x1f, 0xff, 0xff, 0xfe, 0x00, 0x03, 0x07, 0xff, 0xff, 0xc0, 0xfb, 0x00, 0x02, 0x1f, 0xff, 0xff, 0xfe, 0x00, 0x03, 0x07, 0xff, 0xff, 0xc0,
  0xfb, 0x00, 0x02, 0x1f, 0xff, 0xff, 0xfe, 0x00, 0x03, 0x07, 0xff, 0xff, 0xc0, 0xfb, 0x00, 0x02, 0x1f, 0xff, 0xff, 0xfe, 0x00, 0x03, 0x07, 0xff,
  0xff, 0xc0, 0xfb, 0x00, 0x02, 0x1f, 0xff, 0xff, 0xfe, 0x00, 0x03, 0x07, 0xff, 0xff, 0xc0, 0xfb, 0x00, 0x02, 0x1f, 0xff, 0xff, 0xfe, 0x00, 0x03,
  0x07, 0xff, 0xff, 0xc0, 0xfb, 0x00, 0x02, 0x1f, 0xff, 0xff, 0xfe, 0x00, 0x03, 0x07, 0xff, 0xff, 0xc0, 0xfb, 0x00, 0x02, 0x1f, 0xff, 0xff, 0xfe,
  0x00, 0x03, 0x07, 0xff, 0xff, 0xc0, 0xfb, 0x00, 0x02, 0x1f, 0xff, 0xff, 0xfe, 0x00, 0x03, 0x07, 0xff, 0xff, 0xc0, 0xfb, 0x00, 0x02, 0x1f, 0xff,
  0xff, 0xfe, 0x00, 0x03, 0x07, 0xff, 0xff, 0xc0, 0xfb, 0x00, 0x02, 0x1f, 0xff, 0xff, 0xfe, 0x00, 0x03, 0x07, 0xff, 0xff, 0xc0, 0xfb, 0x00, 0x02,
  0x1f, 0xff, 0xff, 0xfe, 0x00, 0x03, 0x07, 0xff, 0xff, 0xc0, 0xfb, 0x00, 0x02, 0x0f, 0xff, 0xff, 0xfe, 0x00, 0x03, 0x07, 0xff, 0xff, 0x80, 0xfb,
  0x00, 0x02, 0x0f, 0xff, 0xff, 0xfe, 0x00, 0x03, 0x07, 0xff, 0xff, 0x80, 0xfb, 0x00, 0x02, 0x0f, 0xff, 0xff, 0xfe, 0x00, 0x03, 0x07, 0xff, 0xff,
  0x80, 0xfb, 0x00, 0x02, 0x0f, 0xff, 0xff, 0xfe, 0x00, 0x03, 0x03, 0xff, 0xff, 0x80, 0xfb, 0x00, 0x02, 0x07, 0xff, 0xff, 0xfe, 0x00, 0x02, 0x03,
  0xff, 0xff, 0xfa, 0x00, 0x08, 0x07, 0xff, 0xfe, 0x00, 0x1f, 0xe0, 0x03, 0xff, 0xff, 0xfa, 0x00, 0x08, 0x03, 0xff, 0xfe, 0x00, 0xff, 0xf8, 0x03,
  0xff, 0xfe, 0xfa, 0x00, 0x08, 0x03, 0xff, 0xfc, 0x01, 0xff, 0xfc, 0x01, 0xff, 0xfc, 0xf9, 0x00, 0x07, 0xff, 0xf8, 0x03, 0xff, 0xfc, 0x00, 0xff,
  0xf8, 0xf9, 0x00, 0x07, 0x7f, 0xf0, 0x01, 0xff, 0xfc, 0x00, 0x1f, 0xc0, 0xf6, 0x00, 0x01, 0xff, 0xf8, 0x81, 0x00, 0x81, 0x00, 0xba, 0x00, 0x81,
  0x00, 0xcd, 0x00, 0x01, 0x1f, 0xc0, 0xfd, 0x00, 0x01, 0x7f, 0xf0, 0xfa, 0x00, 0x02, 0x01, 0xff, 0xf8, 0xfd, 0x00, 0x01, 0xff, 0xfc, 0xfa, 0x00,
  0x02, 0x03, 0xff, 0xfc, 0xfe, 0x00, 0x02, 0x03, 0xff, 0xfe, 0xfa, 0x00, 0x02, 0x07, 0xff, 0xfe, 0xfe, 0x00, 0x02, 0x03, 0xff, 0xff, 0xfa, 0x00,
  0x02, 0x07, 0xff, 0xfe, 0xfe, 0x00, 0x02, 0x07, 0xff, 0xff, 0xfa, 0x00, 0x02, 0x0f, 0xff, 0xfe, 0xfe, 0x00, 0x03, 0x07, 0xff, 0xff, 0x80, 0xfb,
  0x00, 0x02, 0x0f, 0xff, 0xff, 0xfe, 0x00, 0x03, 0x07, 0xff, 0xff, 0x80, 0xfb, 0x00, 0x02, 0x1f, 0xff, 0xff, 0xfe, 0x00, 0x03, 0x07, 0xff, 0xff,
  0x80, 0xfb, 0x00, 0x02, 0x1f, 0xff, 0xff, 0xfe, 0x00, 0x03, 0x07, 0xff, 0xff, 0xc0, 0xfb, 0x00, 0x02, 0x1f, 0xff, 0xff, 0xfe, 0x00, 0x03, 0x07,
  0xff, 0xff, 0xc0, 0xfb, 0x00, 0x02, 0x1f, 0xff, 0xff, 0xfe, 0x00, 0x03, 0x07, 0xff, 0xff, 0xc0, 0xfb, 0x00, 0x02, 0x1f, 0xff, 0xff, 0xfe, 0x00,
  0x03, 0x07, 0xff, 0xff, 0xc0, 0xfb, 0x00, 0x02, 0x1f, 0xff, 0xff, 0xfe, 0x00, 0x03, 0x07, 0xff, 0xff, 0xc0, 0xfb, 0x00, 0x02, 0x1f, 0xff, 0xfe,
  0xfe, 0x00, 0x03, 0x07, 0xff, 0xff, 0xc0, 0xfb, 0x00, 0x02, 0x1f, 0xff, 0xff, 0xfe, 0x00, 0x03, 0x07, 0xff, 0xff, 0xc0, 0xfb, 0x00, 0x02, 0x1f,
  0xff, 0xff, 0xfe, 0x00, 0x03, 0x07, 0xff, 0xff, 0xc0, 0xfb, 0x00, 0x02, 0x1f, 0xff, 0xff, 0xfe, 0x00, 0x03, 0x07, 0xff, 0xff, 0xc0, 0xfb, 0x00,
  0x02, 0x1f, 0xff, 0xff, 0xfe, 0x00, 0x03, 0x07, 0xff, 0xff, 0xc0, 0xfb, 0x00, 0x02, 0x1f, 0xff, 0xff, 0xfe, 0x00, 0x03, 0x07, 0xff, 0xff, 0xc0,
  0xfb, 0x00, 0x02, 0x1f, 0xff, 0xff, 0xfe, 0x00, 0x03, 0x07, 0xff, 0xff, 0xc0, 0xfb, 0x00, 0x02, 0x1f, 0xff, 0xff, 0xfe, 0x00, 0x03, 0x07, 0xff,
  0xff, 0xc0, 0xfb, 0x00, 0x02, 0x1f, 0xff, 0xff, 0xfe, 0x00, 0x03, 0x07, 0xff, 0xff, 0x80, 0xfb, 0x00, 0x02, 0x0f, 0xff, 0xff, 0xfe, 0x00, 0x03,
  0x07, 0xff, 0xff, 0x80, 0xfb, 0x00, 0x02, 0x0f, 0xff, 0xff, 0xfe, 0x00, 0x03, 0x07, 0xff, 0xff, 0x80, 0xfb, 0x00, 0x02, 0x0f, 0xff, 0xff, 0xfe,
  0x00, 0x03, 0x07, 0xff, 0xff, 0x80, 0xfb, 0x00, 0x02, 0x0f, 0xff, 0xff, 0xfe, 0x00, 0x02, 0x03, 0xff, 0xff, 0xfa, 0x00, 0x02, 0x07, 0xff, 0xff,
  0xfe, 0x00, 0x02, 0x03, 0xff, 0xff, 0xfa, 0x00, 0x08, 0x07, 0xff, 0xfe, 0x00, 0x3f, 0xe0, 0x03, 0xff, 0xff, 0xfa, 0x00, 0x08, 0x03, 0xff, 0xfe,
  0x00, 0xff, 0xfc, 0x01, 0xff, 0xfe, 0xfa, 0x00, 0x08, 0x03, 0xff, 0xfc, 0x01, 0xff, 0xfe, 0x01, 0xff, 0xfc, 0xf9, 0x00, 0x07, 0xff, 0xf8, 0x03,
  0xff, 0xfe, 0x00, 0x7f, 0xf8, 0xf9, 0x00, 0x07, 0x3f, 0xe0, 0x03, 0xff, 0xfc, 0x00, 0x1f, 0xc0, 0xf6, 0x00, 0x00, 0xe0, 0x81, 0x00, 0x81, 0x00,
  0xb9, 0x00, 0x81, 0x00, 0xc7, 0x00, 0x01, 0x03, 0x80, 0xf9, 0x00, 0x01, 0x7f, 0xe0, 0xfd, 0x00, 0x01, 0x7f, 0xf8, 0xfa, 0x00, 0x02, 0x03, 0xff,
  0xf8, 0xfe, 0x00, 0x02, 0x01, 0xff, 0xfe, 0xfa, 0x00, 0x02, 0x07, 0xff, 0xfc, 0xfe, 0x00, 0x02, 0x03, 0xff, 0xff, 0xfa, 0x00, 0x02, 0x07, 0xff,
  0xfe, 0xfe, 0x00, 0x02, 0x07, 0xff, 0xff, 0xfa, 0x00, 0x02, 0x0f, 0xff, 0xfe, 0xfe, 0x00, 0x03, 0x07, 0xff, 0xff, 0x80, 0xfb, 0x00, 0x02, 0x0f,
  0xff, 0xff, 0xfe, 0x00, 0x03, 0x07, 0xff, 0xff, 0x80, 0xfb, 0x00, 0x02, 0x1f, 0xff, 0xff, 0xfe, 0x00, 0x03, 0x07, 0xff, 0xff, 0x80, 0xfb, 0x00,
  0x02, 0x1f, 0xff, 0xff, 0xfe, 0x00, 0x03, 0x07, 0xff, 0xff, 0xc0, 0xfb, 0x00, 0x02, 0x1f, 0xff, 0xff, 0xfe, 0x00, 0x03, 0x07, 0xff, 0xff, 0xc0,
  0xfb, 0x00, 0x02, 0x1f, 0xff, 0xff, 0xfe, 0x00, 0x03, 0x07, 0xff, 0xff, 0xc0, 0xfb, 0x00, 0x02, 0x1f, 0xff, 0xff, 0xfe, 0x00, 0x03, 0x07, 0xff,
  0xff, 0xc0, 0xfb, 0x00, 0x02, 0x1f, 0xff, 0xff, 0xfe, 0x00, 0x03, 0x07, 0xff, 0xff, 0xc0, 0xfb, 0x00, 0x02, 0x1f, 0xff, 0xfe, 0xfe, 0x00, 0x03,
  0x07, 0xff, 0xff, 0xc0, 0xfb, 0x00, 0x02, 0x1f, 0xff, 0xff, 0xfe, 0x00, 0x03, 0x07, 0xff, 0xff, 0xc0, 0xfb, 0x00, 0x02, 0x1f, 0xff, 0xff, 0xfe,
  0x00, 0x03, 0x07, 0xff, 0xff, 0xc0, 0xfb, 0x00, 0x02, 0x1f, 0xff, 0xff, 0xfe, 0x00, 0x03, 0x07, 0xff, 0xff, 0xc0, 0xfb, 0x00, 0x02, 0x1f, 0xff,
  0xff, 0xfe, 0x00, 0x03, 0x07, 0xff, 0xff, 0xc0, 0xfb, 0x00, 0x02, 0x1f, 0xff, 0xff, 0xfe, 0x00, 0x03, 0x07, 0xff, 0xff, 0xc0, 0xfb, 0x00, 0x02,
  0x1f, 0xff, 0xff, 0xfe, 0x00, 0x03, 0x07, 0xff, 0xff, 0xc0, 0xfb, 0x00, 0x02, 0x1f, 0xff, 0xff, 0xfe, 0x00, 0x03, 0x07, 0xff, 0xff, 0xc0, 0xfb,
  0x00, 0x02, 0x1f, 0xff, 0xff, 0xfe, 0x00, 0x03, 0x07, 0xff, 0xff, 0x80, 0xfb, 0x00, 0x02, 0x0f, 0xff, 0xff, 0xfe, 0x00, 0x03, 0x07, 0xff, 0xff,
  0x80, 0xfb, 0x00, 0x02, 0x0f, 0xff, 0xff, 0xfe, 0x00, 0x03, 0x07, 0xff, 0xff, 0x80, 0xfb, 0x00, 0x02, 0x0f, 0xff, 0xff, 0xfe, 0x00, 0x03, 0x03,
  0xff, 0xff, 0x80, 0xfb, 0x00, 0x08, 0x07, 0xff, 0xff, 0x00, 0x00, 0x0c, 0x03, 0xff, 0xff, 0xfa, 0x00, 0x08, 0x07, 0xff, 0xfe, 0x07, 0xc0, 0x3e,
  0x03, 0xff, 0xff, 0xfa, 0x00, 0x08, 0x03, 0xff, 0xfe, 0x07, 0xf8, 0xff, 0x01, 0xff, 0xfe, 0xfa, 0x00, 0x08, 0x03, 0xff, 0xfc, 0x07, 0xff, 0xff,
  0x00, 0xff, 0xfc, 0xf9, 0x00, 0x07, 0xff, 0xf8, 0x07, 0xff, 0xfe, 0x00, 0x7f, 0xf0, 0xf9, 0x00, 0x04, 0x1f, 0xc0, 0x03, 0xff, 0xfe, 0xf4, 0x00,
  0x02, 0x01, 0xff, 0xfc, 0xf3, 0x00, 0x01, 0x7f, 0xf0, 0x81, 0x00, 0x81, 0x00, 0xba, 0x00, 0x81, 0x00, 0xbd, 0x00, 0x01, 0x3f, 0xc0, 0xfd, 0x00,
  0x01, 0x7f, 0xf8, 0xfa, 0x00, 0x02, 0x01, 0xff, 0xf8, 0xfe, 0x00, 0x02, 0x01, 0xff, 0xfc, 0xfa, 0x00, 0x02, 0x07, 0xff, 0xfc, 0xfe, 0x00, 0x02,
  0x03, 0xff, 0xfe, 0xfa, 0x00, 0x02, 0x07, 0xff, 0xfe, 0xfe, 0x00, 0x02, 0x03, 0xff, 0xff, 0xfa, 0x00, 0x02, 0x0f, 0xff, 0xfe, 0xfe, 0x00, 0x02,
  0x07, 0xff, 0xff, 0xfa, 0x00, 0x02, 0x0f, 0xff, 0xfe, 0xfe, 0x00, 0x03, 0x07, 0xff, 0xff, 0x80, 0xfb, 0x00, 0x02, 0x1f, 0xff, 0xff, 0xfe, 0x00,
  0x03, 0x07, 0xff, 0xff, 0x80, 0xfb, 0x00, 0x02, 0x1f, 0xff, 0xff, 0xfe, 0x00, 0x03, 0x07, 0xff, 0xff, 0x80, 0xfb, 0x00, 0x02, 0x1f, 0xff, 0xff,
  0xfe, 0x00, 0x03, 0x07, 0xff, 0xff, 0xc0, 0xfb, 0x00, 0x02, 0x1f, 0xff, 0xff, 0xfe, 0x00, 0x03, 0x07, 0xff, 0xff, 0xc0, 0xfb, 0x00, 0x02, 0x1f,
  0xff, 0xff, 0xfe, 0x00, 0x03, 0x07, 0xff, 0xff, 0xc0, 0xfb, 0x00, 0x02, 0x1f, 0xff, 0xff, 0xfe, 0x00, 0x03, 0x07, 0xff, 0xff, 0xc0, 0xfb, 0x00,
  0x02, 0x1f, 0xff, 0xfe, 0xfe, 0x00, 0x03, 0x07, 0xff, 0xff, 0xc0, 0xfb, 0x00, 0x02, 0x1f, 0xff, 0xff, 0xfe, 0x00, 0x03, 0x07, 0xff, 0xff, 0xc0,
  0xfb, 0x00, 0x02, 0x1f, 0xff, 0xff, 0xfe, 0x00, 0x03, 0x07, 0xff, 0xff, 0xc0, 0xfb, 0x00, 0x02, 0x1f, 0xff, 0xff, 0xfe, 0x00, 0x03, 0x07, 0xff,
  0xff, 0xc0, 0xfb, 0x00, 0x02, 0x1f, 0xff, 0xff, 0xfe, 0x00, 0x03, 0x07, 0xff, 0xff, 0xc0, 0xfb, 0x00, 0x02, 0x1f, 0xff, 0xff, 0xfe, 0x00, 0x03,
  0x07, 0xff, 0xff, 0xc0, 0xfb, 0x00, 0x02, 0x1f, 0xff, 0xff, 0xfe, 0x00, 0x03, 0x07, 0xff, 0xff, 0xc0, 0xfb, 0x00, 0x02, 0x1f, 0xff, 0xff, 0xfe,
  0x00, 0x03, 0x07, 0xff, 0xff, 0xc0, 0xfb, 0x00, 0x02, 0x1f, 0xff, 0xff, 0xfe, 0x00, 0x03, 0x07, 0xff, 0xff, 0x80, 0xfb, 0x00, 0x02, 0x0f, 0xff,
  0xff, 0xfe, 0x00, 0x03, 0x07, 0xff, 0xff, 0x80, 0xfb, 0x00, 0x02, 0x0f, 0xff, 0xff, 0xfe, 0x00, 0x03, 0x07, 0xff, 0xff, 0x80, 0xfb, 0x00, 0x02,
  0x0f, 0xff, 0xfe, 0xfe, 0x00, 0x02, 0x03, 0xff, 0xff, 0xfa, 0x00, 0x08, 0x07, 0xff, 0xfe, 0x03, 0x00, 0x0c, 0x03, 0xff, 0xff, 0xfa, 0x00, 0x08,
  0x07, 0xff, 0xfe, 0x07, 0xc0, 0x3f, 0x03, 0xff, 0xfe, 0xfa, 0x00, 0x08, 0x03, 0xff, 0xfe, 0x07, 0xfc, 0xff, 0x01, 0xff, 0xfe, 0xfa, 0x00, 0x08,
  0x01, 0xff, 0xfc, 0x07, 0xff, 0xff, 0x00, 0xff, 0xfc, 0xf9, 0x00, 0x07, 0xff, 0xf0, 0x07, 0xff, 0xfe, 0x00, 0x7f, 0xf0, 0xf9, 0x00, 0x04, 0x03,
  0x00, 0x03, 0xff, 0xfe, 0xf4, 0x00, 0x02, 0x01, 0xff, 0xfc, 0xf3, 0x00, 0x01, 0x7f, 0xf0, 0x81, 0x00, 0x81, 0x00, 0xba, 0x00, 0x81, 0x00, 0xbd,
  0x00, 0x01, 0x7f, 0xc0, 0xfd, 0x00, 0x01, 0x7f, 0xf8, 0xfa, 0x00, 0x02, 0x01, 0xff, 0xf8, 0xfe, 0x00, 0x02, 0x01, 0xff, 0xfe, 0xfa, 0x00, 0x02,
  0x07, 0xff, 0xfc, 0xfe, 0x00, 0x02, 0x03, 0xff, 0xfe, 0xfa, 0x00, 0x02, 0x07, 0xff, 0xfe, 0xfe, 0x00, 0x02, 0x03, 0xff, 0xff, 0xfa, 0x00, 0x02,
  0x0f, 0xff, 0xfe, 0xfe, 0x00, 0x03, 0x07, 0xff, 0xff, 0x80, 0xfb, 0x00, 0x02, 0x0f, 0xff, 0xfe, 0xfe, 0x00, 0x03, 0x07, 0xff, 0xff, 0x80, 0xfb,
  0x00, 0x02, 0x1f, 0xff, 0xff, 0xfe, 0x00, 0x03, 0x07, 0xff, 0xff, 0x80, 0xfb, 0x00, 0x02, 0x1f, 0xff, 0xff, 0xfe, 0x00, 0x03, 0x07, 0xff, 0xff,
  0xc0, 0xfb, 0x00, 0x02, 0x1f, 0xff, 0xff, 0xfe, 0x00, 0x03, 0x07, 0xff, 0xff, 0xc0, 0xfb, 0x00, 0x02, 0x1f, 0xff, 0xff, 0xfe, 0x00, 0x03, 0x07,
  0xff, 0xff, 0xc0, 0xfb, 0x00, 0x02, 0x1f, 0xff, 0xff, 0xfe, 0x00, 0x03, 0x07, 0xff, 0xff, 0xc0, 0xfb, 0x00, 0x02, 0x1f, 0xff, 0xff, 0xfe, 0x00,
  0x03, 0x07, 0xff, 0xff, 0xc0, 0xfb, 0x00, 0x02, 0x1f, 0xff, 0xfe, 0xfe, 0x00, 0x03, 0x07, 0xff, 0xff, 0xc0, 0xfb, 0x00, 0x02, 0x1f, 0xff, 0xff,
  0xfe, 0x00, 0x03, 0x07, 0xff, 0xff, 0xc0, 0xfb, 0x00, 0x02, 0x1f, 0xff, 0xff, 0xfe, 0x00, 0x03, 0x07, 0xff, 0xff, 0xc0, 0xfb, 0x00, 0x02, 0x1f,
  0xff, 0xff, 0xfe, 0x00, 0x03, 0x07, 0xff, 0xff, 0xc0, 0xfb, 0x00, 0x02, 0x1f, 0xff, 0xff, 0xfe, 0x00, 0x03, 0x07, 0xff, 0xff, 0xc0, 0xfb, 0x00,
  0x02, 0x1f, 0xff, 0xff, 0xfe, 0x00, 0x03, 0x07, 0xff, 0xff, 0xc0, 0xfb, 0x00, 0x02, 0x1f, 0xff, 0xff, 0xfe, 0x00, 0x03, 0x07, 0xff, 0xff, 0xc0,
  0xfb, 0x00, 0x02, 0x1f, 0xff, 0xff, 0xfe, 0x00, 0x03, 0x07, 0xff, 0xff, 0xc0, 0xfb, 0x00, 0x02, 0x1f, 0xff, 0xff, 0xfe, 0x00, 0x03, 0x07, 0xff,
  0xff, 0x80, 0xfb, 0x00, 0x02, 0x0f, 0xff, 0xff, 0xfe, 0x00, 0x03, 0x07, 0xff, 0xff, 0x80, 0xfb, 0x00, 0x02, 0x0f, 0xff, 0xff, 0xfe, 0x00, 0x03,
  0x07, 0xff, 0xff, 0x80, 0xfb, 0x00, 0x02, 0x0f, 0xff, 0xfe, 0xfe, 0x00, 0x02, 0x07, 0xff, 0xff, 0xfa, 0x00, 0x08, 0x07, 0xff, 0xfe, 0x03, 0x80,
  0x0e, 0x03, 0xff, 0xff, 0xfa, 0x00, 0x08, 0x07, 0xff, 0xfe, 0x07, 0xe0, 0x3f, 0x03, 0xff, 0xfe, 0xfa, 0x00, 0x08, 0x03, 0xff, 0xfe, 0x07, 0xfc,
  0xff, 0x01, 0xff, 0xfe, 0xfa, 0x00, 0x08, 0x01, 0xff, 0xfc, 0x07, 0xff, 0xff, 0x00, 0xff, 0xfc, 0xf9, 0x00, 0x07, 0xff, 0xf0, 0x07, 0xff, 0xfe,
  0x00, 0x7f, 0xf0, 0xf9, 0x00, 0x04, 0x03, 0x00, 0x03, 0xff, 0xfe, 0xf4, 0x00, 0x02, 0x01, 0xff, 0xfc, 0xf3, 0x00, 0x01, 0x7f, 0xf0, 0x81, 0x00,
  0x81, 0x00, 0xba, 0x00, 0x81, 0x00, 0xbd, 0x00, 0x01, 0x3f, 0xc0, 0xfd, 0x00, 0x01, 0x7f, 0xf8, 0xfa, 0x00, 0x02, 0x01, 0xff, 0xf8, 0xfe, 0x00,
  0x02, 0x01, 0xff, 0xfc, 0xfa, 0x00, 0x02, 0x07, 0xff, 0xfc, 0xfe, 0x00, 0x02, 0x03, 0xff, 0xfe, 0xfa, 0x00, 0x02, 0x07, 0xff, 0xfe, 0xfe, 0x00,
  0x02, 0x03, 0xff, 0xff, 0xfa, 0x00, 0x02, 0x0f, 0xff, 0xfe, 0xfe, 0x00, 0x02, 0x07, 0xff, 0xff, 0xfa, 0x00, 0x02, 0x0f, 0xff, 0xfe, 0xfe, 0x00,
  0x03, 0x07, 0xff, 0xff, 0x80, 0xfb, 0x00, 0x02, 0x1f, 0xff, 0xff, 0xfe, 0x00, 0x03, 0x07, 0xff, 0xff, 0x80, 0xfb, 0x00, 0x02, 0x1f, 0xff, 0xff,
  0xfe, 0x00, 0x03, 0x07, 0xff, 0xff, 0x80, 0xfb, 0x00, 0x02, 0x1f, 0xff, 0xff, 0xfe, 0x00, 0x03, 0x07, 0xff, 0xff, 0xc0, 0xfb, 0x00, 0x02, 0x1f,
  0xff, 0xff, 0xfe, 0x00, 0x03, 0x07, 0xff, 0xff, 0xc0, 0xfb, 0x00, 0x02, 0x1f, 0xff, 0xff, 0xfe, 0x00, 0x03, 0x07, 0xff, 0xff, 0xc0, 0xfb, 0x00,
  0x02, 0x1f, 0xff, 0xff, 0xfe, 0x00, 0x03, 0x07, 0xff, 0xff, 0xc0, 0xfb, 0x00, 0x02, 0x1f, 0xff, 0xfe, 0xfe, 0x00, 0x03, 0x07, 0xff, 0xff, 0xc0,
  0xfb, 0x00, 0x02, 0x1f, 0xff, 0xfe, 0xfe, 0x00, 0x03, 0x07, 0xff, 0xff, 0xc0, 0xfb, 0x00, 0x02, 0x1f, 0xff, 0xfe, 0xfe, 0x00, 0x03, 0x07, 0xff,
  0xff, 0xc0, 0xfb, 0x00, 0x02, 0x1f, 0xff, 0xfe, 0xfe, 0x00, 0x03, 0x07, 0xff, 0xff, 0xc0, 0xfb, 0x00, 0x02, 0x1f, 0xff, 0xfe, 0xfe, 0x00, 0x03,
  0x07, 0xff, 0xff, 0xc0, 0xfb, 0x00, 0x02, 0x1f, 0xff, 0xfe, 0xfe, 0x00, 0x03, 0x07, 0xff, 0xff, 0xc0, 0xfb, 0x00, 0x02, 0x1f, 0xff, 0xfe, 0xfe,
  0x00, 0x03, 0x07, 0xff, 0xff, 0xc0, 0xfb, 0x00, 0x02, 0x1f, 0xff, 0xfe, 0xfe, 0x00, 0x03, 0x07, 0xff, 0xff, 0xc0, 0xfb, 0x00, 0x02, 0x1f, 0xff,
  0xfe, 0xfe, 0x00, 0x03, 0x07, 0xff, 0xff, 0x80, 0xfb, 0x00, 0x02, 0x0f, 0xff, 0xfe, 0xfe, 0x00, 0x03, 0x07, 0xff, 0xff, 0x80, 0xfb, 0x00, 0x02,
  0x0f, 0xff, 0xfe, 0xfe, 0x00, 0x03, 0x07, 0xff, 0xff, 0x80, 0xfb, 0x00, 0x02, 0x0f, 0xff, 0xfe, 0xfe, 0x00, 0x02, 0x07, 0xff, 0xff, 0xfa, 0x00,
  0x08, 0x07, 0xff, 0xfe, 0x03, 0x80, 0x0e, 0x03, 0xff, 0xff, 0xfa, 0x00, 0x08, 0x07, 0xff, 0xfe, 0x07, 0xe0, 0x3f, 0x03, 0xff, 0xfe, 0xfa, 0x00,
  0x08, 0x03, 0xff, 0xfe, 0x07, 0xfc, 0xff, 0x01, 0xff, 0xfe, 0xfa, 0x00, 0x08, 0x01, 0xff, 0xfc, 0x07, 0xff, 0xff, 0x00, 0xff, 0xfc, 0xf9, 0x00,
  0x07, 0xff, 0xf0, 0x07, 0xff, 0xfe, 0x00, 0x7f, 0xf0, 0xf9, 0x00, 0x04, 0x03, 0x00, 0x03, 0xff, 0xfe, 0xf4, 0x00, 0x02, 0x01, 0xff, 0xfc, 0xf3,
  0x00, 0x01, 0x7f, 0xf0, 0x81, 0x00, 0x81, 0x00, 0xba, 0x00, 0x81, 0x00, 0xbd, 0x00, 0x01, 0x7f, 0xc0, 0xfd, 0x00, 0x01, 0x7f, 0xf8, 0xfa, 0x00,
  0x02, 0x03, 0xff, 0xf8, 0xfe, 0x00, 0x02, 0x01, 0xff, 0xfe, 0xfa, 0x00, 0x02, 0x07, 0xff, 0xfc, 0xfe, 0x00, 0x02, 0x03, 0xff, 0xfe, 0xfa, 0x00,
  0x02, 0x07, 0xff, 0xfe, 0xfe, 0x00, 0x02, 0x03, 0xff, 0xff, 0xfa, 0x00, 0x02, 0x0f, 0xff, 0xfe, 0xfe, 0x00, 0x03, 0x07, 0xff, 0xff, 0x80, 0xfb,
  0x00, 0x02, 0x0f, 0xff, 0xfe, 0xfe, 0x00, 0x03, 0x07, 0xff, 0xff, 0x80, 0xfb, 0x00, 0x02, 0x1f, 0xff, 0xff, 0xfe, 0x00, 0x03, 0x07, 0xff, 0xff,
  0x80, 0xfb, 0x00, 0x02, 0x1f, 0xff, 0xff, 0xfe, 0x00, 0x03, 0x07, 0xff, 0xff, 0xc0, 0xfb, 0x00, 0x02, 0x1f, 0xff, 0xff, 0xfe, 0x00, 0x03, 0x07,
  0xff, 0xff, 0xc0, 0xfb, 0x00, 0x02, 0x1f, 0xff, 0xff, 0xfe, 0x00, 0x03, 0x07, 0xff, 0xff, 0xc0, 0xfb, 0x00, 0x02, 0x1f, 0xff, 0xff, 0xfe, 0x00,
  0x03, 0x07, 0xff, 0xff, 0xc0, 0xfb, 0x00, 0x02, 0x1f, 0xff, 0xff, 0xfe, 0x00, 0x03, 0x07, 0xff, 0xff, 0xc0, 0xfb, 0x00, 0x02, 0x1f, 0xff, 0xff,
  0xfe, 0x00, 0x03, 0x07, 0xff, 0xff, 0xc0, 0xfb, 0x00, 0x02, 0x1f, 0xff, 0xff, 0xfe, 0x00, 0x03, 0x07, 0xff, 0xff, 0xc0, 0xfb, 0x00, 0x02, 0x1f,
  0xff, 0xfe, 0xfe, 0x00, 0x03, 0x07, 0xff, 0xff, 0xc0, 0xfb, 0x00, 0x02, 0x1f, 0xff, 0xfe, 0xfe, 0x00, 0x03, 0x07, 0xff, 0xff, 0xc0, 0xfb, 0x00,
  0x02, 0x1f, 0xff, 0xfe, 0xfe, 0x00, 0x03, 0x07, 0xff, 0xff, 0xc0, 0xfb, 0x00, 0x02, 0x1f, 0xff, 0xfe, 0xfe, 0x00, 0x03, 0x07, 0xff, 0xff, 0xc0,
  0xfb, 0x00, 0x02, 0x1f, 0xff, 0xfe, 0xfe, 0x00, 0x03, 0x07, 0xff, 0xff, 0xc0, 0xfb, 0x00, 0x02, 0x1f, 0xff, 0xfe, 0xfe, 0x00, 0x03, 0x07, 0xff,
  0xff, 0xc0, 0xfb, 0x00, 0x02, 0x1f, 0xff, 0xfe, 0xfe, 0x00, 0x03, 0x07, 0xff, 0xff, 0x80, 0xfb, 0x00, 0x02, 0x0f, 0xff, 0xfe, 0xfe, 0x00, 0x03,
  0x07, 0xff, 0xff, 0x80, 0xfb, 0x00, 0x02, 0x0f, 0xff, 0xfe, 0xfe, 0x00, 0x03, 0x07, 0xff, 0xff, 0x80, 0xfb, 0x00, 0x02, 0x0f, 0xff, 0xfe, 0xfe,
  0x00, 0x02, 0x07, 0xff, 0xff, 0xfa, 0x00, 0x08, 0x07, 0xff, 0xfe, 0x03, 0x80, 0x0e, 0x03, 0xff, 0xff, 0xfa, 0x00, 0x08, 0x07, 0xff, 0xfe, 0x07,
  0xe0, 0x3f, 0x03, 0xff, 0xfe, 0xfa, 0x00, 0x08, 0x03, 0xff, 0xfe, 0x07, 0xfc, 0xff, 0x01, 0xff, 0xfe, 0xfa, 0x00, 0x08, 0x01, 0xff, 0xfc, 0x07,
  0xff, 0xff, 0x00, 0xff, 0xfc, 0xf9, 0x00, 0x07, 0xff, 0xf0, 0x07, 0xff, 0xfe, 0x00, 0x7f, 0xf0, 0xf9, 0x00, 0x04, 0x03, 0x00, 0x03, 0xff, 0xfe,
  0xf4, 0x00, 0x02, 0x01, 0xff, 0xfc, 0xf3, 0x00, 0x01, 0x7f, 0xf0, 0x81, 0x00, 0x81, 0x00, 0xba, 0x00, 0x81, 0x00, 0xbd, 0x00, 0x01, 0x7f, 0xc0,
  0xfd, 0x00, 0x01, 0x7f, 0xf8, 0xfa, 0x00, 0x02, 0x01, 0xff, 0xf8, 0xfe, 0x00, 0x02, 0x01, 0xff, 0xfc, 0xfa, 0x00, 0x02, 0x07, 0xff, 0xfc, 0xfe,
  0x00, 0x02, 0x03, 0xff, 0xfe, 0xfa, 0x00, 0x02, 0x07, 0xff, 0xfe, 0xfe, 0x00, 0x02, 0x03, 0xff, 0xff, 0xfa, 0x00, 0x02, 0x0f, 0xff, 0xfe, 0xfe,
  0x00, 0x02, 0x07, 0xff, 0xff, 0xfa, 0x00, 0x02, 0x0f, 0xff, 0xfe, 0xfe, 0x00, 0x03, 0x07, 0xff, 0xff, 0x80, 0xfb, 0x00, 0x02, 0x1f, 0xff, 0xff,
  0xfe, 0x00, 0x03, 0x07, 0xff, 0xff, 0x80, 0xfb, 0x00, 0x02, 0x1f, 0xff, 0xff, 0xfe, 0x00, 0x03, 0x07, 0xff, 0xff, 0x80, 0xfb, 0x00, 0x02, 0x1f,
  0xff, 0xff, 0xfe, 0x00, 0x03, 0x07, 0xff, 0xff, 0xc0, 0xfb, 0x00, 0x02, 0x1f, 0xff, 0xff, 0xfe, 0x00, 0x03, 0x07, 0xff, 0xff, 0xc0, 0xfb, 0x00,
  0x02, 0x1f, 0xff, 0xff, 0xfe, 0x00, 0x03, 0x07, 0xff, 0xff, 0xc0, 0xfb, 0x00, 0x02, 0x1f, 0xff, 0xff, 0xfe, 0x00, 0x03, 0x07, 0xff, 0xff, 0xc0,
  0xfb, 0x00, 0x02, 0x1f, 0xff, 0xfe, 0xfe, 0x00, 0x03, 0x07, 0xff, 0xff, 0xc0, 0xfb, 0x00, 0x02, 0x1f, 0xff, 0xfe, 0xfe, 0x00, 0x03, 0x07, 0xff,
  0xff, 0xc0, 0xfb, 0x00, 0x02, 0x1f, 0xff, 0xfe, 0xfe, 0x00, 0x03, 0x07, 0xff, 0xff, 0xc0, 0xfb, 0x00, 0x02, 0x1f, 0xff, 0xfe, 0xfe, 0x00, 0x03,
  0x07, 0xff, 0xff, 0xc0, 0xfb, 0x00, 0x02, 0x1f, 0xff, 0xfe, 0xfe, 0x00, 0x03, 0x07, 0xff, 0xff, 0xc0, 0xfb, 0x00, 0x02, 0x1f, 0xff, 0xfe, 0xfe,
  0x00, 0x03, 0x07, 0xff, 0xff, 0xc0, 0xfb, 0x00, 0x02, 0x1f, 0xff, 0xfe, 0xfe, 0x00, 0x03, 0x07, 0xff, 0xff, 0xc0, 0xfb, 0x00, 0x02, 0x1f, 0xff,
  0xff, 0xfe, 0x00, 0x03, 0x07, 0xff, 0xff, 0xc0, 0xfb, 0x00, 0x02, 0x1f, 0xff, 0xfe, 0xfe, 0x00, 0x03, 0x07, 0xff, 0xff, 0x80, 0xfb, 0x00, 0x02,
  0x0f, 0xff, 0xfe, 0xfe, 0x00, 0x03, 0x07, 0xff, 0xff, 0x80, 0xfb, 0x00, 0x02, 0x0f, 0xff, 0xfe, 0xfe, 0x00, 0x03, 0x07, 0xff, 0xff, 0x80, 0xfb,
  0x00, 0x02, 0x0f, 0xff, 0xfe, 0xfe, 0x00, 0x02, 0x07, 0xff, 0xff, 0xfa, 0x00, 0x08, 0x07, 0xff, 0xfe, 0x03, 0x80, 0x0e, 0x03, 0xff, 0xff, 0xfa,
  0x00, 0x08, 0x07, 0xff, 0xfe, 0x07, 0xe0, 0x3f, 0x03, 0xff, 0xfe, 0xfa, 0x00, 0x08, 0x03, 0xff, 0xfe, 0x07, 0xfc, 0xff, 0x01, 0xff, 0xfe, 0xfa,
  0x00, 0x08, 0x01, 0xff, 0xfc, 0x07, 0xff, 0xff, 0x00, 0xff, 0xfc, 0xf9, 0x00, 0x07, 0xff, 0xf0, 0x07, 0xff, 0xfe, 0x00, 0x7f, 0xf0, 0xf9, 0x00,
  0x04, 0x03, 0x00, 0x03, 0xff, 0xfe, 0xf4, 0x00, 0x02, 0x01, 0xff, 0xfc, 0xf3, 0x00, 0x01, 0x7f, 0xf0, 0x81, 0x00, 0x81, 0x00, 0xba, 0x00, 0x81,
  0x00, 0xbd, 0x00, 0x01, 0x3f, 0xc0, 0xfd, 0x00, 0x01, 0x7f, 0xf8, 0xfa, 0x00, 0x02, 0x01, 0xff, 0xf8, 0xfe, 0x00, 0x02, 0x01, 0xff, 0xfc, 0xfa,
  0x00, 0x02, 0x07, 0xff, 0xfc, 0xfe, 0x00, 0x02, 0x03, 0xff, 0xfe, 0xfa, 0x00, 0x02, 0x07, 0xff, 0xfe, 0xfe, 0x00, 0x02, 0x03, 0xff, 0xff, 0xfa,
  0x00, 0x02, 0x0f, 0xff, 0xfe, 0xfe, 0x00, 0x02, 0x07, 0xff, 0xff, 0xfa, 0x00, 0x02, 0x0f, 0xff, 0xfe, 0xfe, 0x00, 0x03, 0x07, 0xff, 0xff, 0x80,
  0xfb, 0x00, 0x02, 0x1f, 0xff, 0xff, 0xfe, 0x00, 0x03, 0x07, 0xff, 0xff, 0x80, 0xfb, 0x00, 0x02, 0x1f, 0xff, 0xff, 0xfe, 0x00, 0x03, 0x07, 0xff,
  0xff, 0x80, 0xfb, 0x00, 0x02, 0x1f, 0xff, 0xff, 0xfe, 0x00, 0x03, 0x07, 0xff, 0xff, 0xc0, 0xfb, 0x00, 0x02, 0x1f, 0xff, 0xff, 0xfe, 0x00, 0x03,
  0x07, 0xff, 0xff, 0xc0, 0xfb, 0x00, 0x02, 0x1f, 0xff, 0xff, 0xfe, 0x00, 0x03, 0x07, 0xff, 0xff, 0xc0, 0xfb, 0x00, 0x02, 0x3f, 0xff, 0xff, 0xfe,
  0x00, 0x03, 0x07, 0xff, 0xff, 0xc0, 0xfb, 0x00, 0x02, 0x1f, 0xff, 0xfe, 0xfe, 0x00, 0x03, 0x07, 0xff, 0xff, 0xc0, 0xfb, 0x00, 0x02, 0x3f, 0xff,
  0xfe, 0xfe, 0x00, 0x03, 0x07, 0xff, 0xff, 0xc0, 0xfb, 0x00, 0x02, 0x1f, 0xff, 0xfe, 0xfe, 0x00, 0x03, 0x07, 0xff, 0xff, 0xc0, 0xfb, 0x00, 0x02,
  0x1f, 0xff, 0xfe, 0xfe, 0x00, 0x03, 0x07, 0xff, 0xff, 0xc0, 0xfb, 0x00, 0x02, 0x1f, 0xff, 0xfe, 0xfe, 0x00, 0x03, 0x07, 0xff, 0xff, 0xc0, 0xfb,
  0x00, 0x02, 0x1f, 0xff, 0xfe, 0xfe, 0x00, 0x03, 0x07, 0xff, 0xff, 0xc0, 0xfb, 0x00, 0x02, 0x1f, 0xff, 0xfe, 0xfe, 0x00, 0x03, 0x07, 0xff, 0xff,
  0xc0, 0xfb, 0x00, 0x02, 0x1f, 0xff, 0xfe, 0xfe, 0x00, 0x03, 0x07, 0xff, 0xff, 0xc0, 0xfb, 0x00, 0x02, 0x1f, 0xff, 0xfe, 0xfe, 0x00, 0x03, 0x07,
  0xff, 0xff, 0x80, 0xfb, 0x00, 0x02, 0x0f, 0xff, 0xfe, 0xfe, 0x00, 0x03, 0x07, 0xff, 0xff, 0x80, 0xfb, 0x00, 0x02, 0x0f, 0xff, 0xfe, 0xfe, 0x00,
  0x03, 0x07, 0xff, 0xff, 0x80, 0xfb, 0x00, 0x02, 0x0f, 0xff, 0xfe, 0xfe, 0x00, 0x02, 0x07, 0xff, 0xff, 0xfa, 0x00, 0x08, 0x07, 0xff, 0xfe, 0x03,
  0x00, 0x0c, 0x03, 0xff, 0xff, 0xfa, 0x00, 0x08, 0x07, 0xff, 0xfe, 0x07, 0xc0, 0x3e, 0x03, 0xff, 0xfe, 0xfa, 0x00, 0x08, 0x03, 0xff, 0xfe, 0x07,
  0xf8, 0xff, 0x03, 0xff, 0xfe, 0xfa, 0x00, 0x08, 0x03, 0xff, 0xfc, 0x07, 0xff, 0xff, 0x01, 0xff, 0xfc, 0xf9, 0x00, 0x07, 0xff, 0xf0, 0x07, 0xff,
  0xfe, 0x00, 0x7f, 0xf0, 0xf9, 0x00, 0x04, 0x0f, 0x80, 0x03, 0xff, 0xfe, 0xf4, 0x00, 0x02, 0x01, 0xff, 0xfc, 0xf3, 0x00, 0x01, 0x7f, 0xf0, 0x81,
  0x00, 0x81, 0x00, 0xba, 0x00, 0x81, 0x00, 0xbd, 0x00, 0x01, 0x1f, 0xc0, 0xfd, 0x00, 0x01, 0x7f, 0xf0, 0xfa, 0x00, 0x02, 0x01, 0xff, 0xf8, 0xfe,
  0x00, 0x02, 0x01, 0xff, 0xfc, 0xfa, 0x00, 0x02, 0x07, 0xff, 0xfc, 0xfe, 0x00, 0x02, 0x03, 0xff, 0xfe, 0xfa, 0x00, 0x02, 0x07, 0xff, 0xfe, 0xfe,
  0x00, 0x02, 0x03, 0xff, 0xff, 0xfa, 0x00, 0x02, 0x0f, 0xff, 0xfe, 0xfe, 0x00, 0x02, 0x07, 0xff, 0xff, 0xfa, 0x00, 0x02, 0x0f, 0xff, 0xfe, 0xfe,
  0x00, 0x03, 0x07, 0xff, 0xff, 0x80, 0xfb, 0x00, 0x02, 0x1f, 0xff, 0xff, 0xfe, 0x00, 0x03, 0x07, 0xff, 0xff, 0x80, 0xfb, 0x00, 0x02, 0x1f, 0xff,
  0xff, 0xfe, 0x00, 0x03, 0x07, 0xff, 0xff, 0x80, 0xfb, 0x00, 0x02, 0x1f, 0xff, 0xff, 0xfe, 0x00, 0x03, 0x07, 0xff, 0xff, 0xc0, 0xfb, 0x00, 0x02,
  0x1f, 0xff, 0xff, 0xfe, 0x00, 0x03, 0x07, 0xff, 0xff, 0xc0, 0xfb, 0x00, 0x02, 0x1f, 0xff, 0xff, 0xfe, 0x00, 0x03, 0x07, 0xff, 0xff, 0xc0, 0xfb,
  0x00, 0x02, 0x3f, 0xff, 0xff, 0xfe, 0x00, 0x03, 0x07, 0xff, 0xff, 0xc0, 0xfb, 0x00, 0x02, 0x1f, 0xff, 0xfe, 0xfe, 0x00, 0x03, 0x07, 0xff, 0xff,
  0xc0, 0xfb, 0x00, 0x02, 0x3f, 0xff, 0xfe, 0xfe, 0x00, 0x03, 0x07, 0xff, 0xff, 0xc0, 0xfb, 0x00, 0x02, 0x1f, 0xff, 0xfe, 0xfe, 0x00, 0x03, 0x07,
  0xff, 0xff, 0xc0, 0xfb, 0x00, 0x02, 0x1f, 0xff, 0xfe, 0xfe, 0x00, 0x03, 0x07, 0xff, 0xff, 0xc0, 0xfb, 0x00, 0x02, 0x1f, 0xff, 0xfe, 0xfe, 0x00,
  0x03, 0x07, 0xff, 0xff, 0xc0, 0xfb, 0x00, 0x02, 0x1f, 0xff, 0xfe, 0xfe, 0x00, 0x03, 0x07, 0xff, 0xff, 0xc0, 0xfb, 0x00, 0x02, 0x1f, 0xff, 0xfe,
  0xfe, 0x00, 0x03, 0x07, 0xff, 0xff, 0xc0, 0xfb, 0x00, 0x02, 0x1f, 0xff, 0xfe, 0xfe, 0x00, 0x03, 0x07, 0xff, 0xff, 0xc0, 0xfb, 0x00, 0x02, 0x1f,
  0xff, 0xfe, 0xfe, 0x00, 0x03, 0x07, 0xff, 0xff, 0x80, 0xfb, 0x00, 0x02, 0x0f, 0xff, 0xfe, 0xfe, 0x00, 0x03, 0x07, 0xff, 0xff, 0x80, 0xfb, 0x00,
  0x02, 0x0f, 0xff, 0xfe, 0xfe, 0x00, 0x03, 0x07, 0xff, 0xff, 0x80, 0xfb, 0x00, 0x02, 0x0f, 0xff, 0xfe, 0xfe, 0x00, 0x02, 0x07, 0xff, 0xff, 0xfa,
  0x00, 0x08, 0x07, 0xff, 0xfe, 0x03, 0x00, 0x0c, 0x03, 0xff, 0xff, 0xfa, 0x00, 0x08, 0x07, 0xff, 0xfe, 0x07, 0xe0, 0x3e, 0x03, 0xff, 0xfe, 0xfa,
  0x00, 0x08, 0x03, 0xff, 0xfe, 0x07, 0xf8, 0xff, 0x03, 0xff, 0xfe, 0xfa, 0x00, 0x08, 0x03, 0xff, 0xfc, 0x07, 0xff, 0xff, 0x01, 0xff, 0xfc, 0xf9,
  0x00, 0x07, 0xff, 0xf8, 0x07, 0xff, 0xfe, 0x00, 0x7f, 0xf0, 0xf9, 0x00, 0x04, 0x1f, 0xc0, 0x03, 0xff, 0xfe, 0xf4, 0x00, 0x02, 0x01, 0xff, 0xfc,
  0xf3, 0x00, 0x01, 0x7f, 0xf0, 0x81, 0x00, 0x81, 0x00, 0xba, 0x00, 0x81, 0x00, 0xbd, 0x00, 0x01, 0x1f, 0xc0, 0xfd, 0x00, 0x01, 0x7f, 0xf8, 0xfa,
  0x00, 0x02, 0x01, 0xff, 0xf8, 0xfe, 0x00, 0x02, 0x01, 0xff, 0xfc, 0xfa, 0x00, 0x02, 0x07, 0xff, 0xfc, 0xfe, 0x00, 0x02, 0x03, 0xff, 0xfe, 0xfa,
  0x00, 0x02, 0x07, 0xff, 0xfe, 0xfe, 0x00, 0x02, 0x03, 0xff, 0xff, 0xfa, 0x00, 0x02, 0x0f, 0xff, 0xfe, 0xfe, 0x00, 0x02, 0x07, 0xff, 0xff, 0xfa,
  0x00, 0x02, 0x0f, 0xff, 0xfe, 0xfe, 0x00, 0x03, 0x07, 0xff, 0xff, 0x80, 0xfb, 0x00, 0x02, 0x1f, 0xff, 0xff, 0xfe, 0x00, 0x03, 0x07, 0xff, 0xff,
  0x80, 0xfb, 0x00, 0x02, 0x1f, 0xff, 0xff, 0xfe, 0x00, 0x03, 0x07, 0xff, 0xff, 0x80, 0xfb, 0x00, 0x02, 0x1f, 0xff, 0xff, 0xfe, 0x00, 0x03, 0x07,
  0xff, 0xff, 0xc0, 0xfb, 0x00, 0x02, 0x1f, 0xff, 0xff, 0xfe, 0x00, 0x03, 0x07, 0xff, 0xff, 0xc0, 0xfb, 0x00, 0x02, 0x1f, 0xff, 0xff, 0xfe, 0x00,
  0x03, 0x07, 0xff, 0xff, 0xc0, 0xfb, 0x00, 0x02, 0x3f, 0xff, 0xff, 0xfe, 0x00, 0x03, 0x07, 0xff, 0xff, 0xc0, 0xfb, 0x00, 0x02, 0x1f, 0xff, 0xfe,
  0xfe, 0x00, 0x03, 0x07, 0xff, 0xff, 0xc0, 0xfb, 0x00, 0x02, 0x3f, 0xff, 0xfe, 0xfe, 0x00, 0x03, 0x07, 0xff, 0xff, 0xc0, 0xfb, 0x00, 0x02, 0x1f,
  0xff, 0xfe, 0xfe, 0x00, 0x03, 0x07, 0xff, 0xff, 0xc0, 0xfb, 0x00, 0x02, 0x1f, 0xff, 0xfe, 0xfe, 0x00, 0x03, 0x07, 0xff, 0xff, 0xc0, 0xfb, 0x00,
  0x02, 0x1f, 0xff, 0xfe, 0xfe, 0x00, 0x03, 0x07, 0xff, 0xff, 0xc0, 0xfb, 0x00, 0x02, 0x1f, 0xff, 0xfe, 0xfe, 0x00, 0x03, 0x07, 0xff, 0xff, 0xc0,
  0xfb, 0x00, 0x02, 0x1f, 0xff, 0xfe, 0xfe, 0x00, 0x03, 0x07, 0xff, 0xff, 0xc0, 0xfb, 0x00, 0x02, 0x1f, 0xff, 0xfe, 0xfe, 0x00, 0x03, 0x07, 0xff,
  0xff, 0xc0, 0xfb, 0x00, 0x02, 0x1f, 0xff, 0xff, 0xfe, 0x00, 0x03, 0x07, 0xff, 0xff, 0x80, 0xfb, 0x00, 0x02, 0x0f, 0xff, 0xff, 0xfe, 0x00, 0x03,
  0x07, 0xff, 0xff, 0x80, 0xfb, 0x00, 0x02, 0x0f, 0xff, 0xfe, 0xfe, 0x00, 0x03, 0x07, 0xff, 0xff, 0x80, 0xfb, 0x00, 0x02, 0x0f, 0xff, 0xfe, 0xfe,
  0x00, 0x02, 0x07, 0xff, 0xff, 0xfa, 0x00, 0x08, 0x07, 0xff, 0xfe, 0x03, 0x00, 0x0c, 0x03, 0xff, 0xff, 0xfa, 0x00, 0x08, 0x07, 0xff, 0xfe, 0x07,
  0xc0, 0x3e, 0x03, 0xff, 0xfe, 0xfa, 0x00, 0x08, 0x03, 0xff, 0xfe, 0x07, 0xf8, 0xff, 0x03, 0xff, 0xfe, 0xfa, 0x00, 0x08, 0x03, 0xff, 0xfc, 0x07,
  0xff, 0xff, 0x01, 0xff, 0xfc, 0xf9, 0x00, 0x07, 0xff, 0xf8, 0x07, 0xff, 0xfe, 0x00, 0x7f, 0xf0, 0xf9, 0x00, 0x04, 0x1f, 0xc0, 0x03, 0xff, 0xfe,
  0xf4, 0x00, 0x02, 0x01, 0xff, 0xfc, 0xf3, 0x00, 0x01, 0x7f, 0xf0, 0x81, 0x00, 0x81, 0x00, 0xba, 0x00, 0x81, 0x00, 0xbd, 0x00, 0x01, 0x1f, 0x80,
  0xfd, 0x00, 0x01, 0x7f, 0xf8, 0xfa, 0x00, 0x02, 0x01, 0xff, 0xf0, 0xfe, 0x00, 0x02, 0x01, 0xff, 0xfc, 0xfa, 0x00, 0x02, 0x07, 0xff, 0xfc, 0xfe,
  0x00, 0x02, 0x03, 0xff, 0xfe, 0xfa, 0x00, 0x02, 0x07, 0xff, 0xfe, 0xfe, 0x00, 0x02, 0x03, 0xff, 0xff, 0xfa, 0x00, 0x02, 0x0f, 0xff, 0xfe, 0xfe,
  0x00, 0x02, 0x07, 0xff, 0xff, 0xfa, 0x00, 0x02, 0x0f, 0xff, 0xfe, 0xfe, 0x00, 0x03, 0x07, 0xff, 0xff, 0x80, 0xfb, 0x00, 0x02, 0x1f, 0xff, 0xff,
  0xfe, 0x00, 0x03, 0x07, 0xff, 0xff, 0x80, 0xfb, 0x00, 0x02, 0x1f, 0xff, 0xff, 0xfe, 0x00, 0x03, 0x07, 0xff, 0xff, 0x80, 0xfb, 0x00, 0x02, 0x1f,
  0xff, 0xff, 0xfe, 0x00, 0x03, 0x07, 0xff, 0xff, 0xc0, 0xfb, 0x00, 0x02, 0x1f, 0xff, 0xff, 0xfe, 0x00, 0x03, 0x07, 0xff, 0xff, 0xc0, 0xfb, 0x00,
  0x02, 0x1f, 0xff, 0xff, 0xfe, 0x00, 0x03, 0x07, 0xff, 0xff, 0xc0, 0xfb, 0x00, 0x02, 0x3f, 0xff, 0xff, 0xfe, 0x00, 0x03, 0x07, 0xff, 0xff, 0xc0,
  0xfb, 0x00, 0x02, 0x1f, 0xff, 0xfe, 0xfe, 0x00, 0x03, 0x07, 0xff, 0xff, 0xc0, 0xfb, 0x00, 0x02, 0x3f, 0xff, 0xfe, 0xfe, 0x00, 0x03, 0x07, 0xff,
  0xff, 0xc0, 0xfb, 0x00, 0x02, 0x1f, 0xff, 0xfe, 0xfe, 0x00, 0x03, 0x07, 0xff, 0xff, 0xc0, 0xfb, 0x00, 0x02, 0x1f, 0xff, 0xfe, 0xfe, 0x00, 0x03,
  0x07, 0xff, 0xff, 0xc0, 0xfb, 0x00, 0x02, 0x1f, 0xff, 0xfe, 0xfe, 0x00, 0x03, 0x07, 0xff, 0xff, 0xc0, 0xfb, 0x00, 0x02, 0x1f, 0xff, 0xfe, 0xfe,
  0x00, 0x03, 0x07, 0xff, 0xff, 0xc0, 0xfb, 0x00, 0x02, 0x1f, 0xff, 0xfe, 0xfe, 0x00, 0x03, 0x07, 0xff, 0xff, 0xc0, 0xfb, 0x00, 0x02, 0x1f, 0xff,
  0xfe, 0xfe, 0x00, 0x03, 0x07, 0xff, 0xff, 0xc0, 0xfb, 0x00, 0x02, 0x1f, 0xff, 0xff, 0xfe, 0x00, 0x03, 0x07, 0xff, 0xff, 0x80, 0xfb, 0x00, 0x02,
  0x0f, 0xff, 0xff, 0xfe, 0x00, 0x03, 0x07, 0xff, 0xff, 0x80, 0xfb, 0x00, 0x02, 0x0f, 0xff, 0xff, 0xfe, 0x00, 0x03, 0x07, 0xff, 0xff, 0x80, 0xfb,
  0x00, 0x02, 0x0f, 0xff, 0xfe, 0xfe, 0x00, 0x02, 0x07, 0xff, 0xff, 0xfa, 0x00, 0x08, 0x07, 0xff, 0xfe, 0x03, 0x00, 0x0c, 0x03, 0xff, 0xff, 0xfa,
  0x00, 0x08, 0x07, 0xff, 0xfe, 0x07, 0xe0, 0x3e, 0x03, 0xff, 0xfe, 0xfa, 0x00, 0x08, 0x03, 0xff, 0xfe, 0x07, 0xf8, 0xff, 0x03, 0xff, 0xfe, 0xfa,
  0x00, 0x08, 0x03, 0xff, 0xfc, 0x07, 0xff, 0xff, 0x01, 0xff, 0xfc, 0xf9, 0x00, 0x07, 0xff, 0xf8, 0x07, 0xff, 0xff, 0x00, 0x7f, 0xf0, 0xf9, 0x00,
  0x04, 0x1f, 0xc0, 0x03, 0xff, 0xfe, 0xf4, 0x00, 0x02, 0x01, 0xff, 0xfc, 0xf3, 0x00, 0x01, 0x7f, 0xf0, 0x81, 0x00, 0x81, 0x00, 0xba, 0x00, 0x81,
  0x00, 0xbd, 0x00, 0x01, 0x1f, 0xc0, 0xfd, 0x00, 0x01, 0x7f, 0xf8, 0xfa, 0x00, 0x02, 0x01, 0xff, 0xf8, 0xfe, 0x00, 0x02, 0x01, 0xff, 0xfc, 0xfa,
  0x00, 0x02, 0x03, 0xff, 0xfc, 0xfe, 0x00, 0x02, 0x03, 0xff, 0xfe, 0xfa, 0x00, 0x02, 0x07, 0xff, 0xfe, 0xfe, 0x00, 0x02, 0x03, 0xff, 0xff, 0xfa,
  0x00, 0x02, 0x0f, 0xff, 0xfe, 0xfe, 0x00, 0x02, 0x07, 0xff, 0xff, 0xfa, 0x00, 0x02, 0x0f, 0xff, 0xfe, 0xfe, 0x00, 0x03, 0x07, 0xff, 0xff, 0x80,
  0xfb, 0x00, 0x02, 0x1f, 0xff, 0xff, 0xfe, 0x00, 0x03, 0x07, 0xff, 0xff, 0x80, 0xfb, 0x00, 0x02, 0x1f, 0xff, 0xff, 0xfe, 0x00, 0x03, 0x07, 0xff,
  0xff, 0x80, 0xfb, 0x00, 0x02, 0x1f, 0xff, 0xff, 0xfe, 0x00, 0x03, 0x07, 0xff, 0xff, 0xc0, 0xfb, 0x00, 0x02, 0x1f, 0xff, 0xff, 0xfe, 0x00, 0x03,
  0x07, 0xff, 0xff, 0xc0, 0xfb, 0x00, 0x02, 0x1f, 0xff, 0xff, 0xfe, 0x00, 0x03, 0x07, 0xff, 0xff, 0xc0, 0xfb, 0x00, 0x02, 0x3f, 0xff, 0xff, 0xfe,
  0x00, 0x03, 0x07, 0xff, 0xff, 0xc0, 0xfb, 0x00, 0x02, 0x1f, 0xff, 0xfe, 0xfe, 0x00, 0x03, 0x07, 0xff, 0xff, 0xc0, 0xfb, 0x00, 0x02, 0x3f, 0xff,
  0xfe, 0xfe, 0x00, 0x03, 0x07, 0xff, 0xff, 0xc0, 0xfb, 0x00, 0x02, 0x1f, 0xff, 0xfe, 0xfe, 0x00, 0x03, 0x07, 0xff, 0xff, 0xc0, 0xfb, 0x00, 0x02,
  0x1f, 0xff, 0xfe, 0xfe, 0x00, 0x03, 0x07, 0xff, 0xff, 0xc0, 0xfb, 0x00, 0x02, 0x1f, 0xff, 0xfe, 0xfe, 0x00, 0x03, 0x07, 0xff, 0xff, 0xc0, 0xfb,
  0x00, 0x02, 0x1f, 0xff, 0xfe, 0xfe, 0x00, 0x03, 0x07, 0xff, 0xff, 0xc0, 0xfb, 0x00, 0x02, 0x1f, 0xff, 0xfe, 0xfe, 0x00, 0x03, 0x07, 0xff, 0xff,
  0xc0, 0xfb, 0x00, 0x02, 0x1f, 0xff, 0xfe, 0xfe, 0x00, 0x03, 0x07, 0xff, 0xff, 0xc0, 0xfb, 0x00, 0x02, 0x1f, 0xff, 0xff, 0xfe, 0x00, 0x03, 0x07,
  0xff, 0xff, 0x80, 0xfb, 0x00, 0x02, 0x0f, 0xff, 0xff, 0xfe, 0x00, 0x03, 0x07, 0xff, 0xff, 0x80, 0xfb, 0x00, 0x02, 0x0f, 0xff, 0xff, 0xfe, 0x00,
  0x03, 0x07, 0xff, 0xff, 0x80, 0xfb, 0x00, 0x02, 0x0f, 0xff, 0xfe, 0xfe, 0x00, 0x02, 0x07, 0xff, 0xff, 0xfa, 0x00, 0x08, 0x07, 0xff, 0xfe, 0x03,
  0x00, 0x0c, 0x03, 0xff, 0xff, 0xfa, 0x00, 0x08, 0x07, 0xff, 0xfe, 0x07, 0xc0, 0x3e, 0x03, 0xff, 0xfe, 0xfa, 0x00, 0x08, 0x03, 0xff, 0xfe, 0x07,
  0xf8, 0x7f, 0x03, 0xff, 0xfe, 0xfa, 0x00, 0x08, 0x03, 0xff, 0xfc, 0x07, 0xff, 0xff, 0x01, 0xff, 0xfc, 0xf9, 0x00, 0x07, 0xff, 0xf8, 0x07, 0xff,
  0xfe, 0x00, 0x7f, 0xf0, 0xf9, 0x00, 0x04, 0x1f, 0xc0, 0x03, 0xff, 0xfe, 0xf4, 0x00, 0x02, 0x01, 0xff, 0xfc, 0xf3, 0x00, 0x01, 0x7f, 0xf0, 0x81,
  0x00, 0x81, 0x00, 0xba, 0x00, 0x81, 0x00, 0xbd, 0x00, 0x00, 0x0f, 0xfc, 0x00, 0x01, 0x7f, 0xf0, 0xfa, 0x00, 0x02, 0x01, 0xff, 0xf0, 0xfe, 0x00,
  0x02, 0x01, 0xff, 0xfc, 0xfa, 0x00, 0x02, 0x03, 0xff, 0xfc, 0xfe, 0x00, 0x02, 0x03, 0xff, 0xfe, 0xfa, 0x00, 0x02, 0x07, 0xff, 0xfe, 0xfe, 0x00,
  0x02, 0x03, 0xff, 0xff, 0xfa, 0x00, 0x02, 0x0f, 0xff, 0xfe, 0xfe, 0x00, 0x02, 0x07, 0xff, 0xff, 0xfa, 0x00, 0x02, 0x0f, 0xff, 0xfe, 0xfe, 0x00,
  0x03, 0x07, 0xff, 0xff, 0x80, 0xfb, 0x00, 0x02, 0x1f, 0xff, 0xff, 0xfe, 0x00, 0x03, 0x07, 0xff, 0xff, 0x80, 0xfb, 0x00, 0x02, 0x1f, 0xff, 0xff,
  0xfe, 0x00, 0x03, 0x07, 0xff, 0xff, 0x80, 0xfb, 0x00, 0x02, 0x1f, 0xff, 0xff, 0xfe, 0x00, 0x03, 0x07, 0xff, 0xff, 0xc0, 0xfb, 0x00, 0x02, 0x1f,
  0xff, 0xff, 0xfe, 0x00, 0x03, 0x07, 0xff, 0xff, 0xc0, 0xfb, 0x00, 0x02, 0x1f, 0xff, 0xff, 0xfe, 0x00, 0x03, 0x07, 0xff, 0xff, 0xc0, 0xfb, 0x00,
  0x02, 0x3f, 0xff, 0xff, 0xfe, 0x00, 0x03, 0x07, 0xff, 0xff, 0xc0, 0xfb, 0x00, 0x02, 0x1f, 0xff, 0xfe, 0xfe, 0x00, 0x03, 0x07, 0xff, 0xff, 0xc0,
  0xfb, 0x00, 0x02, 0x3f, 0xff, 0xfe, 0xfe, 0x00, 0x03, 0x07, 0xff, 0xff, 0xc0, 0xfb, 0x00, 0x02, 0x1f, 0xff, 0xfe, 0xfe, 0x00, 0x03, 0x07, 0xff,
  0xff, 0xc0, 0xfb, 0x00, 0x02, 0x1f, 0xff, 0xfe, 0xfe, 0x00, 0x03, 0x07, 0xff, 0xff, 0xc0, 0xfb, 0x00, 0x02, 0x1f, 0xff, 0xfe, 0xfe, 0x00, 0x03,
  0x07, 0xff, 0xff, 0xc0, 0xfb, 0x00, 0x02, 0x1f, 0xff, 0xfe, 0xfe, 0x00, 0x03, 0x07, 0xff, 0xff, 0xc0, 0xfb, 0x00, 0x02, 0x1f, 0xff, 0xfe, 0xfe,
  0x00, 0x03, 0x07, 0xff, 0xff, 0xc0, 0xfb, 0x00, 0x02, 0x1f, 0xff, 0xfe, 0xfe, 0x00, 0x03, 0x07, 0xff, 0xff, 0xc0, 0xfb, 0x00, 0x02, 0x1f, 0xff,
  0xff, 0xfe, 0x00, 0x03, 0x07, 0xff, 0xff, 0x80, 0xfb, 0x00, 0x02, 0x0f, 0xff, 0xff, 0xfe, 0x00, 0x03, 0x07, 0xff, 0xff, 0x80, 0xfb, 0x00, 0x02,
  0x0f, 0xff, 0xff, 0xfe, 0x00, 0x03, 0x07, 0xff, 0xff, 0x80, 0xfb, 0x00, 0x02, 0x0f, 0xff, 0xfe, 0xfe, 0x00, 0x02, 0x07, 0xff, 0xff, 0xfa, 0x00,
  0x08, 0x07, 0xff, 0xfe, 0x03, 0x00, 0x0c, 0x03, 0xff, 0xff, 0xfa, 0x00, 0x08, 0x07, 0xff, 0xfe, 0x07, 0xc0, 0x3e, 0x03, 0xff, 0xfe, 0xfa, 0x00,
  0x08, 0x07, 0xff, 0xfe, 0x07, 0xf8, 0xff, 0x03, 0xff, 0xfe, 0xfa, 0x00, 0x08, 0x03, 0xff, 0xfc, 0x07, 0xff, 0xff, 0x01, 0xff, 0xfc, 0xfa, 0x00,
  0x08, 0x01, 0xff, 0xf8, 0x07, 0xff, 0xfe, 0x00, 0x7f, 0xf0, 0xf9, 0x00, 0x04, 0x1f, 0xc0, 0x03, 0xff, 0xfe, 0xf4, 0x00, 0x02, 0x01, 0xff, 0xfc,
  0xf3, 0x00, 0x01, 0x7f, 0xf0, 0x81, 0x00, 0x81, 0x00, 0xba, 0x00,
};
