// happy_2.gif: 75 frames, 15 fps, 128x64 1-bit
// Each frame: 1024 bytes (16 per row, MSB = left pixel), PackBits-compressed.
#pragma once

#define ANIM_HAPPY_2_FRAMES 75
#define ANIM_HAPPY_2_FPS 15

const uint8_t anim_happy_2[] PROGMEM = {
  0xd7, 0x00, 0x01, 0x1f, 0xf0, 0xf3, 0x00, 0x01, 0x7f, 0xf8, 0xf3, 0x00, 0x01, 0xff, 0xfc, 0xf4, 0x00, 0x02, 0x01, 0xff, 0xfe, 0xf4, 0x00, 0x02,
  0x03, 0xff, 0xff, 0xf4, 0x00, 0x03, 0x03, 0xff, 0xff, 0x80, 0xf5, 0x00, 0x03, 0x07, 0xff, 0xff, 0x80, 0xf7, 0x00, 0x05, 0x0f, 0xf8, 0x07, 0xff,
  0xff, 0xc0, 0xf7, 0x00, 0x05, 0x3f, 0xfe, 0x07, 0xff, 0xff, 0xc0, 0xf7, 0x00, 0x05, 0xff, 0xff, 0x07, 0xff, 0xff, 0xc0, 0xf8, 0x00, 0x06, 0x01,
  0xff, 0xff, 0x87, 0xff, 0xff, 0xe0, 0xf8, 0x00, 0x06, 0x03, 0xff, 0xff, 0x87, 0xff, 0xff, 0xe0, 0xf8, 0x00, 0x06, 0x07, 0xff, 0xff, 0x87, 0xff,
  0xff, 0xe0, 0xf8, 0x00, 0x06, 0x0f, 0xff, 0xff, 0x87, 0xff, 0xff, 0xf0, 0xfa, 0x00, 0x08, 0x3f, 0xf0, 0x0f, 0xf0, 0x0f, 0x83, 0xff, 0xff, 0xf0,
  0xfb, 0x00, 0x09, 0x03, 0xff, 0xff, 0x9f, 0xc0, 0x07, 0xe3, 0xff, 0xff, 0xf0, 0xfb, 0x00, 0x09, 0x07, 0xff, 0xff, 0xdf, 0x80, 0x01, 0xe3, 0xff,
  0xff, 0xf0, 0xfb, 0x00, 0x09, 0x07, 0xff, 0xff, 0xdf, 0x80, 0x01, 0xc3, 0xff, 0xff, 0xf0, 0xfb, 0x00, 0x09, 0x0f, 0xff, 0xff, 0xdf, 0x00, 0x00,
  0x03, 0xff, 0xff, 0xf8, 0xfb, 0x00, 0x09, 0x0f, 0xff, 0xff, 0xcc, 0x00, 0x00, 0x03, 0xff, 0xff, 0xf8, 0xfb, 0x00, 0x09, 0x0f, 0xff, 0xff, 0xc0,
  0x00, 0x00, 0x03, 0xff, 0xff, 0xf8, 0xfb, 0x00, 0x09, 0x0f, 0xff, 0xff, 0xc0, 0x00, 0x00, 0x03, 0xff, 0xff, 0xf8, 0xfb, 0x00, 0x09, 0x1f, 0xff,
  0xff, 0xc0, 0x00, 0x00, 0x01, 0xff, 0xff, 0xf8, 0xfb, 0x00, 0x09, 0x1f, 0xff, 0xff, 0xc0, 0x00, 0x00, 0x01, 0xff, 0xff, 0xf8, 0xfb, 0x00, 0x09,
  0x1f, 0xff, 0xff, 0xc0, 0x00, 0x00, 0x01, 0xff, 0xff, 0xf8, 0xfb, 0x00, 0x09, 0x1f, 0xff, 0xff, 0x80, 0x00, 0x00, 0x01, 0xff, 0xff, 0xf8, 0xfb,
  0x00, 0x09, 0x1f, 0xff, 0xff, 0x80, 0x00, 0x00, 0x01, 0xff, 0xff, 0xf8, 0xfb, 0x00, 0x09, 0x1f, 0xff, 0xff, 0x80, 0x00, 0x00, 0x01, 0xff, 0xff,
  0xf8, 0xfb, 0x00, 0x09, 0x1f, 0xff, 0xff, 0x80, 0x00, 0x00, 0x01, 0xff, 0xff, 0xf0, 0xfb, 0x00, 0x09, 0x1f, 0xff, 0xff, 0x80, 0x00, 0x00, 0x01,
  0xff, 0xff, 0xf0, 0xfb, 0x00, 0x09, 0x1f, 0xff, 0xff, 0x80, 0x00, 0x00, 0x03, 0xff, 0xff, 0xf0, 0xfb, 0x00, 0x09, 0x1f, 0xff, 0xff, 0x80, 0x00,
  0x00, 0x01, 0xff, 0xff, 0xf0, 0xfb, 0x00, 0x09, 0x1f, 0xff, 0xff, 0x80, 0x00, 0x00, 0x01, 0xff, 0xff, 0xf0, 0xfb, 0x00, 0x09, 0x0f, 0xff, 0xff,
  0xc0, 0x00, 0x00, 0x01, 0xff, 0xff, 0xe0, 0xfb, 0x00, 0x09, 0x0f, 0xff, 0xff, 0xc0, 0x00, 0x00, 0x01, 0xff, 0xff, 0xe0, 0xfb, 0x00, 0x09, 0x0f,
  0xff, 0xff, 0xc0, 0x00, 0x00, 0x01, 0xff, 0xff, 0xc0, 0xfb, 0x00, 0x03, 0x0f, 0xff, 0xff, 0xc0, 0xfe, 0x00, 0x02, 0xff, 0xff, 0x80, 0xfb, 0x00,
  0x03, 0x0f, 0xff, 0xff, 0xe0, 0xfe, 0x00, 0x02, 0x7f, 0xff, 0x80, 0xfb, 0x00, 0x03, 0x07, 0xff, 0xff, 0xe0, 0xfe, 0x00, 0x01, 0x1f, 0xfe, 0xfa,
  0x00, 0x03, 0x07, 0xff, 0xff, 0xe0, 0xf5, 0x00, 0x03, 0x07, 0xff, 0xff, 0xe0, 0xf5, 0x00, 0x03, 0x03, 0xff, 0xff, 0xe0, 0xf5, 0x00, 0x03, 0x03,
  0xff, 0xff, 0xe0, 0xf5, 0x00, 0x03, 0x01, 0xff, 0xff, 0xc0, 0xf4, 0x00, 0x02, 0xff, 0xff, 0x80, 0xf4, 0x00, 0x01, 0x7f, 0xff, 0xf3, 0x00, 0x01,
  0x3f, 0xfc, 0xf3, 0x00, 0x01, 0x03, 0x80, 0x81, 0x00, 0x97, 0x00, 0x81, 0x00, 0xe9, 0x00, 0x00, 0xf8, 0xf3, 0x00, 0x01, 0x07, 0xfe, 0xf3, 0x00,
  0x01, 0x0f, 0xff, 0xf3, 0x00, 0x02, 0x1f, 0xff, 0x80, 0xf7, 0x00, 0x05, 0x7f, 0xfc, 0x00, 0x3f, 0xff, 0xc0, 0xf7, 0x00, 0x07, 0xff, 0xff, 0x00,
  0x3f, 0xff, 0xe0, 0x0f, 0xfc, 0xfa, 0x00, 0x08, 0x01, 0xff, 0xff, 0x80, 0x3f, 0xff, 0xe0, 0x3f, 0xff, 0xfa, 0x00, 0x09, 0x03, 0xff, 0xff, 0x80,
  0x3f, 0x1f, 0xe0, 0xff, 0xff, 0x80, 0xfb, 0x00, 0x09, 0x07, 0xff, 0xff, 0xc0, 0x18, 0x07, 0xe0, 0xff, 0xff, 0xc0, 0xfb, 0x00, 0x09, 0x07, 0xff,
  0xff, 0xc0, 0x00, 0x03, 0xe1, 0xff, 0xff, 0xe0, 0xfb, 0x00, 0x09, 0x0f, 0xff, 0xff, 0xc0, 0x00, 0x03, 0xe1, 0xff, 0xff, 0xe0, 0xfb, 0x00, 0x09,
  0x0f, 0xff, 0xff, 0xc0, 0x00, 0x00, 0xc1, 0xff, 0xff, 0xe0, 0xfb, 0x00, 0x09, 0x1f, 0xff, 0xff, 0xc0, 0x00, 0x00, 0x01, 0xff, 0xff, 0xf0, 0xfb,
  0x00, 0x09, 0x1f, 0xff, 0xff, 0xc0, 0x00, 0x00, 0x01, 0xff, 0xff, 0xf0, 0xfb, 0x00, 0x09, 0x1f, 0xff, 0xff, 0xc0, 0x00, 0x00, 0x01, 0xff, 0xff,
  0xf0, 0xfb, 0x00, 0x09, 0x1f, 0xff, 0xff, 0xc0, 0x00, 0x00, 0x01, 0xff, 0xff, 0xf0, 0xfb, 0x00, 0x09, 0x1f, 0xff, 0xff, 0x80, 0x00, 0x00, 0x01,
  0xff, 0xff, 0xf8, 0xfb, 0x00, 0x09, 0x1f, 0xff, 0xff, 0x80, 0x00, 0x00, 0x01, 0xff, 0xff, 0xf8, 0xfb, 0x00, 0x09, 0x1f, 0xff, 0xff, 0x80, 0x00,
  0x00, 0x03, 0xff, 0xff, 0xf8, 0xfb, 0x00, 0x09, 0x1f, 0xff, 0xff, 0x80, 0x00, 0x00, 0x03, 0xff, 0xff, 0xf8, 0xfb, 0x00, 0x09, 0x1f, 0xff, 0xff,
  0x80, 0x00, 0x00, 0x03, 0xff, 0xff, 0xf8, 0xfb, 0x00, 0x09, 0x1f, 0xff, 0xff, 0x80, 0x00, 0x00, 0x03, 0xff, 0xff, 0xf8, 0xfb, 0x00, 0x09, 0x1f,
  0xff, 0xff, 0x80, 0x00, 0x00, 0x03, 0xff, 0xff, 0xf8, 0xfb, 0x00, 0x09, 0x0f, 0xff, 0xff, 0x80, 0x00, 0x00, 0x03, 0xff, 0xff, 0xf8, 0xfb, 0x00,
  0x09, 0x0f, 0xff, 0xff, 0x80, 0x00, 0x00, 0x03, 0xff, 0xff, 0xf0, 0xfb, 0x00, 0x09, 0x07, 0xff, 0xff, 0x80, 0x00, 0x00, 0x03, 0xff, 0xff, 0xf0,
  0xfb, 0x00, 0x09, 0x07, 0xff, 0xff, 0x80, 0x00, 0x00, 0x03, 0xff, 0xff, 0xf0, 0xfb, 0x00, 0x02, 0x03, 0xff, 0xff, 0xfe, 0x00, 0x03, 0x03, 0xff,
  0xff, 0xe0, 0xfb, 0x00, 0x02, 0x01, 0xff, 0xfc, 0xfe, 0x00, 0x03, 0x03, 0xff, 0xff, 0xe0, 0xfa, 0x00, 0x01, 0xff, 0xf0, 0xfe, 0x00, 0x03, 0x01,
  0xff, 0xff, 0xc0, 0xf4, 0x00, 0x02, 0xff, 0xff, 0xc0, 0xf4, 0x00, 0x01, 0x3f, 0xff, 0xf3, 0x00, 0x01, 0x03, 0xf0, 0x81, 0x00, 0x81, 0x00, 0x9d,
  0x00, 0x81, 0x00, 0xe9, 0x00, 0x00, 0xf0, 0xf3, 0x00, 0x01, 0x07, 0xfe, 0xf3, 0x00, 0x01, 0x0f, 0xff, 0xf3, 0x00, 0x02, 0x1f, 0xff, 0x80, 0xf7,
  0x00, 0x07, 0x3f, 0xfc, 0x00, 0x3f, 0xff, 0xc0, 0x03, 0xf0, 0xf9, 0x00, 0x07, 0xff, 0xff, 0x00, 0x3f, 0xff, 0xe0, 0x3f, 0xfe, 0xfa, 0x00, 0x09,
  0x01, 0xff, 0xff, 0x80, 0x3f, 0xff, 0xe0, 0x7f, 0xff, 0x80, 0xfb, 0x00, 0x09, 0x03, 0xff, 0xff, 0x80, 0x3e, 0x0f, 0xe0, 0xff, 0xff, 0x80, 0xfb,
  0x00, 0x09, 0x07, 0xff, 0xff, 0xc0, 0x00, 0x07, 0xe1, 0xff, 0xff, 0xc0, 0xfb, 0x00, 0x09, 0x07, 0xff, 0xff, 0xc0, 0x00, 0x03, 0xe1, 0xff, 0xff,
  0xe0, 0xfb, 0x00, 0x09, 0x07, 0xff, 0xff, 0xc0, 0x00, 0x01, 0xc1, 0xff, 0xff, 0xe0, 0xfb, 0x00, 0x09, 0x0f, 0xff, 0xff, 0xc0, 0x00, 0x00, 0x01,
  0xff, 0xff, 0xe0, 0xfb, 0x00, 0x09, 0x0f, 0xff, 0xff, 0xc0, 0x00, 0x00, 0x01, 0xff, 0xff, 0xf0, 0xfb, 0x00, 0x09, 0x0f, 0xff, 0xff, 0xc0, 0x00,
  0x00, 0x01, 0xff, 0xff, 0xf0, 0xfb, 0x00, 0x09, 0x0f, 0xff, 0xff, 0xc0, 0x00, 0x00, 0x01, 0xff, 0xff, 0xf0, 0xfb, 0x00, 0x09, 0x1f, 0xff, 0xff,
  0xc0, 0x00, 0x00, 0x01, 0xff, 0xff, 0xf0, 0xfb, 0x00, 0x09, 0x1f, 0xff, 0xff, 0xc0, 0x00, 0x00, 0x03, 0xff, 0xff, 0xf8, 0xfb, 0x00, 0x09, 0x1f,
  0xff, 0xff, 0x80, 0x00, 0x00, 0x01, 0xff, 0xff, 0xf8, 0xfb, 0x00, 0x09, 0x1f, 0xff, 0xff, 0x80, 0x00, 0x00, 0x03, 0xff, 0xff, 0xf8, 0xfb, 0x00,
  0x09, 0x1f, 0xff, 0xff, 0x80, 0x00, 0x00, 0x03, 0xff, 0xff, 0xf8, 0xfb, 0x00, 0x09, 0x1f, 0xff, 0xff, 0x80, 0x00, 0x00, 0x03, 0xff, 0xff, 0xf8,
  0xfb, 0x00, 0x09, 0x0f, 0xff, 0xff, 0x80, 0x00, 0x00, 0x03, 0xff, 0xff, 0xf8, 0xfb, 0x00, 0x09, 0x0f, 0xff, 0xff, 0x80, 0x00, 0x00, 0x03, 0xff,
  0xff, 0xf8, 0xfb, 0x00, 0x09, 0x0f, 0xff, 0xff, 0x80, 0x00, 0x00, 0x03, 0xff, 0xff, 0xf0, 0xfb, 0x00, 0x09, 0x0f, 0xff, 0xff, 0x80, 0x00, 0x00,
  0x03, 0xff, 0xff, 0xf0, 0xfb, 0x00, 0x09, 0x07, 0xff, 0xff, 0x80, 0x00, 0x00, 0x03, 0xff, 0xff, 0xf0, 0xfb, 0x00, 0x09, 0x07, 0xff, 0xff, 0x80,
  0x00, 0x00, 0x03, 0xff, 0xff, 0xe0, 0xfb, 0x00, 0x09, 0x07, 0xff, 0xff, 0x80, 0x00, 0x00, 0x03, 0xff, 0xff, 0xe0, 0xfb, 0x00, 0x02, 0x03, 0xff,
  0xff, 0xfe, 0x00, 0x03, 0x01, 0xff, 0xff, 0xe0, 0xfb, 0x00, 0x02, 0x01, 0xff, 0xfc, 0xfe, 0x00, 0x03, 0x01, 0xff, 0xff, 0xc0, 0xfa, 0x00, 0x01,
  0x7f, 0xf8, 0xfd, 0x00, 0x02, 0xff, 0xff, 0x80, 0xf4, 0x00, 0x01, 0x3f, 0xff, 0xf3, 0x00, 0x01, 0x03, 0xf0, 0x81, 0x00, 0x81, 0x00, 0x9d, 0x00,
  0x81, 0x00, 0xea, 0x00, 0x01, 0x03, 0xc0, 0xf3, 0x00, 0x01, 0x1f, 0xfc, 0xf3, 0x00, 0x01, 0x7f, 0xfe, 0xf3, 0x00, 0x04, 0xff, 0xff, 0x80, 0x01,
  0x80, 0xf9, 0x00, 0x07, 0x1f, 0xf8, 0x01, 0xff, 0xff, 0xc0, 0x1f, 0xfc, 0xf9, 0x00, 0x07, 0x7f, 0xfe, 0x01, 0xff, 0xff, 0xc0, 0x7f, 0xff, 0xf9,
  0x00, 0x08, 0xff, 0xff, 0x01, 0xfe, 0x7f, 0xc0, 0xff, 0xff, 0x80, 0xfb, 0x00, 0x09, 0x01, 0xff, 0xff, 0x80, 0xf8, 0x0f, 0xc0, 0xff, 0xff, 0xc0,
  0xfb, 0x00, 0x09, 0x03, 0xff, 0xff, 0x80, 0x40, 0x03, 0xc1, 0xff, 0xff, 0xc0, 0xfb, 0x00, 0x09, 0x03, 0xff, 0xff, 0x80, 0x00, 0x01, 0x01, 0xff,
  0xff, 0xe0, 0xfb, 0x00, 0x09, 0x03, 0xff, 0xff, 0x80, 0x00, 0x00, 0x01, 0xff, 0xff, 0xe0, 0xfb, 0x00, 0x09, 0x07, 0xff, 0xff, 0x80, 0x00, 0x00,
  0x01, 0xff, 0xff, 0xe0, 0xfb, 0x00, 0x09, 0x07, 0xff, 0xff, 0x80, 0x00, 0x00, 0x01, 0xff, 0xff, 0xe0, 0xfb, 0x00, 0x09, 0x07, 0xff, 0xff, 0x80,
  0x00, 0x00, 0x01, 0xff, 0xff, 0xf0, 0xfb, 0x00, 0x09, 0x07, 0xff, 0xff, 0x80, 0x00, 0x00, 0x01, 0xff, 0xff, 0xf0, 0xfb, 0x00, 0x09, 0x07, 0xff,
  0xff, 0x80, 0x00, 0x00, 0x01, 0xff, 0xff, 0xf0, 0xfb, 0x00, 0x09, 0x07, 0xff, 0xff, 0x80, 0x00, 0x00, 0x01, 0xff, 0xff, 0xf0, 0xfb, 0x00, 0x09,
  0x07, 0xff, 0xff, 0x80, 0x00, 0x00, 0x01, 0xff, 0xff, 0xf0, 0xfb, 0x00, 0x09, 0x07, 0xff, 0xff, 0x80, 0x00, 0x00, 0x01, 0xff, 0xff, 0xf0, 0xfb,
  0x00, 0x09, 0x07, 0xff, 0xff, 0x80, 0x00, 0x00, 0x01, 0xff, 0xff, 0xf0, 0xfb, 0x00, 0x09, 0x07, 0xff, 0xff, 0x80, 0x00, 0x00, 0x01, 0xff, 0xff,
  0xf0, 0xfb, 0x00, 0x09, 0x07, 0xff, 0xff, 0x80, 0x00, 0x00, 0x01, 0xff, 0xff, 0xf0, 0xfb, 0x00, 0x09, 0x07, 0xff, 0xff, 0xc0, 0x00, 0x00, 0x01,
  0xff, 0xff, 0xf0, 0xfb, 0x00, 0x09, 0x07, 0xff, 0xff, 0xc0, 0x00, 0x00, 0x01, 0xff, 0xff, 0xf0, 0xfb, 0x00, 0x09, 0x07, 0xff, 0xff, 0xc0, 0x00,
  0x00, 0x01, 0xff, 0xff, 0xf0, 0xfb, 0x00, 0x09, 0x07, 0xff, 0xff, 0xc0, 0x00, 0x00, 0x01, 0xff, 0xff, 0xf0, 0xfb, 0x00, 0x09, 0x07, 0xff, 0xff,
  0xc0, 0x00, 0x00, 0x01, 0xff, 0xff, 0xe0, 0xfb, 0x00, 0x09, 0x03, 0xff, 0xff, 0xc0, 0x00, 0x00, 0x01, 0xff, 0xff, 0xe0, 0xfb, 0x00, 0x09, 0x03,
  0xff, 0xff, 0x80, 0x00, 0x00, 0x01, 0xff, 0xff, 0xc0, 0xfb, 0x00, 0x03, 0x01, 0xff, 0xff, 0x80, 0xfe, 0x00, 0x02, 0xff, 0xff, 0xc0, 0xfb, 0x00,
  0x02, 0x01, 0xff, 0xff, 0xfd, 0x00, 0x02, 0x7f, 0xff, 0x80, 0xfa, 0x00, 0x01, 0xff, 0xfe, 0xfd, 0x00, 0x01, 0x3f, 0xff, 0xf9, 0x00, 0x01, 0x1f,
  0xf8, 0xfd, 0x00, 0x01, 0x01, 0xe0, 0x81, 0x00, 0x81, 0x00, 0x9d, 0x00, 0x81, 0x00, 0xea, 0x00, 0x01, 0x03, 0xc0, 0xf3, 0x00, 0x01, 0x1f, 0xfc,
  0xf3, 0x00, 0x01, 0x7f, 0xfe, 0xf3, 0x00, 0x04, 0xff, 0xff, 0x80, 0x0f, 0xf8, 0xf9, 0x00, 0x07, 0x1f, 0xf8, 0x01, 0xff, 0xff, 0x80, 0x3f, 0xfe,
  0xf9, 0x00, 0x07, 0x7f, 0xfe, 0x01, 0xff, 0xff, 0xc0, 0x7f, 0xff, 0xf9, 0x00, 0x08, 0xff, 0xff, 0x01, 0xfe, 0x3f, 0xc0, 0xff, 0xff, 0x80, 0xfb,
  0x00, 0x09, 0x01, 0xff, 0xff, 0x81, 0xf0, 0x0f, 0x81, 0xff, 0xff, 0xc0, 0xfb, 0x00, 0x09, 0x03, 0xff, 0xff, 0x80, 0xc0, 0x03, 0x01, 0xff, 0xff,
  0xc0, 0xfb, 0x00, 0x09, 0x03, 0xff, 0xff, 0x80, 0x00, 0x00, 0x01, 0xff, 0xff, 0xe0, 0xfb, 0x00, 0x09, 0x03, 0xff, 0xff, 0xc0, 0x00, 0x00, 0x01,
  0xff, 0xff, 0xe0, 0xfb, 0x00, 0x09, 0x07, 0xff, 0xff, 0xc0, 0x00, 0x00, 0x01, 0xff, 0xff, 0xe0, 0xfb, 0x00, 0x09, 0x07, 0xff, 0xff, 0xc0, 0x00,
  0x00, 0x01, 0xff, 0xff, 0xe0, 0xfb, 0x00, 0x09, 0x07, 0xff, 0xff, 0x80, 0x00, 0x00, 0x01, 0xff, 0xff, 0xf0, 0xfb, 0x00, 0x09, 0x07, 0xff, 0xff,
  0x80, 0x00, 0x00, 0x01, 0xff, 0xff, 0xf0, 0xfb, 0x00, 0x09, 0x07, 0xff, 0xff, 0x80, 0x00, 0x00, 0x01, 0xff, 0xff, 0xf0, 0xfb, 0x00, 0x09, 0x07,
  0xff, 0xff, 0x80, 0x00, 0x00, 0x01, 0xff, 0xff, 0xf0, 0xfb, 0x00, 0x09, 0x07, 0xff, 0xff, 0x80, 0x00, 0x00, 0x01, 0xff, 0xff, 0xf0, 0xfb, 0x00,
  0x09, 0x07, 0xff, 0xff, 0x80, 0x00, 0x00, 0x01, 0xff, 0xff, 0xf0, 0xfb, 0x00, 0x09, 0x07, 0xff, 0xff, 0x80, 0x00, 0x00, 0x01, 0xff, 0xff, 0xf0,
  0xfb, 0x00, 0x09, 0x07, 0xff, 0xff, 0x80, 0x00, 0x00, 0x01, 0xff, 0xff, 0xf0, 0xfb, 0x00, 0x09, 0x07, 0xff, 0xff, 0x80, 0x00, 0x00, 0x01, 0xff,
  0xff, 0xf0, 0xfb, 0x00, 0x09, 0x07, 0xff, 0xff, 0xc0, 0x00, 0x00, 0x01, 0xff, 0xff, 0xf0, 0xfb, 0x00, 0x09, 0x07, 0xff, 0xff, 0xc0, 0x00, 0x00,
  0x01, 0xff, 0xff, 0xf0, 0xfb, 0x00, 0x09, 0x07, 0xff, 0xff, 0xc0, 0x00, 0x00, 0x01, 0xff, 0xff, 0xf0, 0xfb, 0x00, 0x09, 0x07, 0xff, 0xff, 0xc0,
  0x00, 0x00, 0x01, 0xff, 0xff, 0xe0, 0xfb, 0x00, 0x09, 0x07, 0xff, 0xff, 0xc0, 0x00, 0x00, 0x01, 0xff, 0xff, 0xe0, 0xfb, 0x00, 0x09, 0x03, 0xff,
  0xff, 0xc0, 0x00, 0x00, 0x01, 0xff, 0xff, 0xe0, 0xfb, 0x00, 0x03, 0x03, 0xff, 0xff, 0x80, 0xfe, 0x00, 0x02, 0xff, 0xff, 0xc0, 0xfb, 0x00, 0x03,
  0x01, 0xff, 0xff, 0x80, 0xfe, 0x00, 0x02, 0xff, 0xff, 0xc0, 0xfb, 0x00, 0x03, 0x01, 0xff, 0xff, 0x80, 0xfe, 0x00, 0x02, 0x7f, 0xff, 0x80, 0xfa,
  0x00, 0x01, 0xff, 0xfe, 0xfd, 0x00, 0x01, 0x3f, 0xfe, 0xf9, 0x00, 0x01, 0x3f, 0xf8, 0x81, 0x00, 0x81, 0x00, 0x97, 0x00, 0x81, 0x00, 0xea, 0x00,
  0x01, 0x03, 0xc0, 0xf3, 0x00, 0x01, 0x1f, 0xfc, 0xf3, 0x00, 0x01, 0x7f, 0xfe, 0xf3, 0x00, 0x04, 0xff, 0xff, 0x80, 0x0f, 0xf8, 0xf9, 0x00, 0x07,
  0x1f, 0xf8, 0x01, 0xff, 0xff, 0x80, 0x3f, 0xfe, 0xf9, 0x00, 0x07, 0x7f, 0xfe, 0x01, 0xff, 0xff, 0xc0, 0x7f, 0xff, 0xf9, 0x00, 0x08, 0xff, 0xff,
  0x01, 0xfe, 0x3f, 0xc0, 0xff, 0xff, 0x80, 0xfb, 0x00, 0x09, 0x01, 0xff, 0xff, 0x81, 0xf0, 0x0f, 0x81, 0xff, 0xff, 0xc0, 0xfb, 0x00, 0x09, 0x03,
  0xff, 0xff, 0x80, 0xc0, 0x03, 0x01, 0xff, 0xff, 0xc0, 0xfb, 0x00, 0x09, 0x03, 0xff, 0xff, 0x80, 0x00, 0x00, 0x01, 0xff, 0xff, 0xc0, 0xfb, 0x00,
  0x09, 0x03, 0xff, 0xff, 0x80, 0x00, 0x00, 0x01, 0xff, 0xff, 0xe0, 0xfb, 0x00, 0x09, 0x07, 0xff, 0xff, 0x80, 0x00, 0x00, 0x01, 0xff, 0xff, 0xe0,
  0xfb, 0x00, 0x09, 0x07, 0xff, 0xff, 0x80, 0x00, 0x00, 0x01, 0xff, 0xff, 0xe0, 0xfb, 0x00, 0x09, 0x07, 0xff, 0xff, 0x80, 0x00, 0x00, 0x01, 0xff,
  0xff, 0xe0, 0xfb, 0x00, 0x09, 0x07, 0xff, 0xff, 0x80, 0x00, 0x00, 0x01, 0xff, 0xff, 0xf0, 0xfb, 0x00, 0x09, 0x07, 0xff, 0xff, 0x80, 0x00, 0x00,
  0x01, 0xff, 0xff, 0xf0, 0xfb, 0x00, 0x09, 0x07, 0xff, 0xff, 0x80, 0x00, 0x00, 0x01, 0xff, 0xff, 0xf0, 0xfb, 0x00, 0x09, 0x07, 0xff, 0xff, 0x80,
  0x00, 0x00, 0x01, 0xff, 0xff, 0xf0, 0xfb, 0x00, 0x09, 0x07, 0xff, 0xff, 0x80, 0x00, 0x00, 0x01, 0xff, 0xff, 0xf0, 0xfb, 0x00, 0x09, 0x07, 0xff,
  0xff, 0x80, 0x00, 0x00, 0x01, 0xff, 0xff, 0xf0, 0xfb, 0x00, 0x09, 0x07, 0xff, 0xff, 0x80, 0x00, 0x00, 0x01, 0xff, 0xff, 0xf0, 0xfb, 0x00, 0x09,
  0x07, 0xff, 0xff, 0x80, 0x00, 0x00, 0x01, 0xff, 0xff, 0xf0, 0xfb, 0x00, 0x09, 0x07, 0xff, 0xff, 0xc0, 0x00, 0x00, 0x01, 0xff, 0xff, 0xf0, 0xfb,
  0x00, 0x09, 0x07, 0xff, 0xff, 0xc0, 0x00, 0x00, 0x01, 0xff, 0xff, 0xf0, 0xfb, 0x00, 0x09, 0x07, 0xff, 0xff, 0xc0, 0x00, 0x00, 0x01, 0xff, 0xff,
  0xe0, 0xfb, 0x00, 0x09, 0x07, 0xff, 0xff, 0xc0, 0x00, 0x00, 0x01, 0xff, 0xff, 0xe0, 0xfb, 0x00, 0x09, 0x07, 0xff, 0xff, 0xc0, 0x00, 0x00, 0x01,
  0xff, 0xff, 0xe0, 0xfb, 0x00, 0x09, 0x03, 0xff, 0xff, 0xc0, 0x00, 0x00, 0x01, 0xff, 0xff, 0xe0, 0xfb, 0x00, 0x03, 0x03, 0xff, 0xff, 0x80, 0xfe,
  0x00, 0x02, 0xff, 0xff, 0xc0, 0xfb, 0x00, 0x03, 0x01, 0xff, 0xff, 0x80, 0xfe, 0x00, 0x02, 0xff, 0xff, 0xc0, 0xfb, 0x00, 0x03, 0x01, 0xff, 0xff,
  0x80, 0xfe, 0x00, 0x02, 0x7f, 0xff, 0x80, 0xfa, 0x00, 0x01, 0xff, 0xfe, 0xfd, 0x00, 0x01, 0x3f, 0xfe, 0xf9, 0x00, 0x01, 0x3f, 0xf8, 0x81, 0x00,
  0x81, 0x00, 0x97, 0x00, 0x81, 0x00, 0xea, 0x00, 0x01, 0x03, 0xc0, 0xf3, 0x00, 0x01, 0x1f, 0xfc, 0xf3, 0x00, 0x01, 0x7f, 0xfe, 0xf3, 0x00, 0x04,
  0xff, 0xff, 0x80, 0x0f, 0xf8, 0xf9, 0x00, 0x07, 0x1f, 0xf8, 0x01, 0xff, 0xff, 0x80, 0x3f, 0xfe, 0xf9, 0x00, 0x07, 0x7f, 0xfe, 0x01, 0xff, 0xff,
  0xc0, 0xff, 0xff, 0xf9, 0x00, 0x08, 0xff, 0xff, 0x01, 0xfe, 0x3f, 0xc0, 0xff, 0xff, 0x80, 0xfb, 0x00, 0x09, 0x01, 0xff, 0xff, 0x81, 0xf0, 0x0f,
  0x81, 0xff, 0xff, 0xc0, 0xfb, 0x00, 0x09, 0x03, 0xff, 0xff, 0x80, 0xc0, 0x03, 0x01, 0xff, 0xff, 0xc0, 0xfb, 0x00, 0x09, 0x03, 0xff, 0xff, 0x80,
  0x00, 0x00, 0x01, 0xff, 0xff, 0xe0, 0xfb, 0x00, 0x09, 0x03, 0xff, 0xff, 0xc0, 0x00, 0x00, 0x01, 0xff, 0xff, 0xe0, 0xfb, 0x00, 0x09, 0x07, 0xff,
  0xff, 0xc0, 0x00, 0x00, 0x01, 0xff, 0xff, 0xe0, 0xfb, 0x00, 0x09, 0x07, 0xff, 0xff, 0xc0, 0x00, 0x00, 0x01, 0xff, 0xff, 0xe0, 0xfb, 0x00, 0x09,
  0x07, 0xff, 0xff, 0x80, 0x00, 0x00, 0x01, 0xff, 0xff, 0xf0, 0xfb, 0x00, 0x09, 0x07, 0xff, 0xff, 0x80, 0x00, 0x00, 0x01, 0xff, 0xff, 0xf0, 0xfb,
  0x00, 0x09, 0x07, 0xff, 0xff, 0x80, 0x00, 0x00, 0x01, 0xff, 0xff, 0xf0, 0xfb, 0x00, 0x09, 0x07, 0xff, 0xff, 0x80, 0x00, 0x00, 0x01, 0xff, 0xff,
  0xf0, 0xfb, 0x00, 0x09, 0x07, 0xff, 0xff, 0x80, 0x00, 0x00, 0x01, 0xff, 0xff, 0xf0, 0xfb, 0x00, 0x09, 0x07, 0xff, 0xff, 0x80, 0x00, 0x00, 0x01,
  0xff, 0xff, 0xf0, 0xfb, 0x00, 0x09, 0x07, 0xff, 0xff, 0x80, 0x00, 0x00, 0x01, 0xff, 0xff, 0xf0, 0xfb, 0x00, 0x09, 0x07, 0xff, 0xff, 0xc0, 0x00,
  0x00, 0x01, 0xff, 0xff, 0xf0, 0xfb, 0x00, 0x09, 0x07, 0xff, 0xff, 0xc0, 0x00, 0x00, 0x01, 0xff, 0xff, 0xf0, 0xfb, 0x00, 0x09, 0x07, 0xff, 0xff,
  0xc0, 0x00, 0x00, 0x01, 0xff, 0xff, 0xf0, 0xfb, 0x00, 0x09, 0x07, 0xff, 0xff, 0xc0, 0x00, 0x00, 0x01, 0xff, 0xff, 0xf0, 0xfb, 0x00, 0x09, 0x07,
  0xff, 0xff, 0xc0, 0x00, 0x00, 0x01, 0xff, 0xff, 0xf0, 0xfb, 0x00, 0x09, 0x07, 0xff, 0xff, 0xc0, 0x00, 0x00, 0x01, 0xff, 0xff, 0xe0, 0xfb, 0x00,
  0x09, 0x07, 0xff, 0xff, 0xc0, 0x00, 0x00, 0x01, 0xff, 0xff, 0xe0, 0xfb, 0x00, 0x09, 0x03, 0xff, 0xff, 0xc0, 0x00, 0x00, 0x01, 0xff, 0xff, 0xe0,
  0xfb, 0x00, 0x03, 0x03, 0xff, 0xff, 0x80, 0xfe, 0x00, 0x02, 0xff, 0xff, 0xc0, 0xfb, 0x00, 0x03, 0x01, 0xff, 0xff, 0x80, 0xfe, 0x00, 0x02, 0xff,
  0xff, 0xc0, 0xfb, 0x00, 0x03, 0x01, 0xff, 0xff, 0x80, 0xfe, 0x00, 0x02, 0x7f, 0xff, 0x80, 0xfa, 0x00, 0x01, 0xff, 0xfe, 0xfd, 0x00, 0x01, 0x3f,
  0xfe, 0xf9, 0x00, 0x01, 0x3f, 0xf8, 0x81, 0x00, 0x81, 0x00, 0x97, 0x00, 0x81, 0x00, 0xea, 0x00, 0x01, 0x03, 0xf0, 0xf3, 0x00, 0x01, 0x1f, 0xfc,
  0xf3, 0x00, 0x01, 0x7f, 0xfe, 0xf3, 0x00, 0x04, 0xff, 0xff, 0x80, 0x0f, 0xf8, 0xf9, 0x00, 0x07, 0x1f, 0xf8, 0x01, 0xff, 0xff, 0x80, 0x3f, 0xfe,
  0xf9, 0x00, 0x07, 0x7f, 0xfe, 0x01, 0xff, 0xff, 0xc0, 0x7f, 0xff, 0xf9, 0x00, 0x08, 0xff, 0xff, 0x01, 0xfe, 0x3f, 0xc0, 0xff, 0xff, 0x80, 0xfb,
  0x00, 0x09, 0x01, 0xff, 0xff, 0x81, 0xf0, 0x0f, 0x81, 0xff, 0xff, 0xc0, 0xfb, 0x00, 0x09, 0x01, 0xff, 0xff, 0x80, 0xc0, 0x03, 0x01, 0xff, 0xff,
  0xc0, 0xfb, 0x00, 0x09, 0x03, 0xff, 0xff, 0x80, 0x00, 0x00, 0x01, 0xff, 0xff, 0xe0, 0xfb, 0x00, 0x09, 0x03, 0xff, 0xff, 0x80, 0x00, 0x00, 0x01,
  0xff, 0xff, 0xe0, 0xfb, 0x00, 0x09, 0x07, 0xff, 0xff, 0x80, 0x00, 0x00, 0x01, 0xff, 0xff, 0xe0, 0xfb, 0x00, 0x09, 0x07, 0xff, 0xff, 0x80, 0x00,
  0x00, 0x01, 0xff, 0xff, 0xe0, 0xfb, 0x00, 0x09, 0x07, 0xff, 0xff, 0x80, 0x00, 0x00, 0x01, 0xff, 0xff, 0xf0, 0xfb, 0x00, 0x09, 0x07, 0xff, 0xff,
  0xc0, 0x00, 0x00, 0x01, 0xff, 0xff, 0xf0, 0xfb, 0x00, 0x09, 0x07, 0xff, 0xff, 0xc0, 0x00, 0x00, 0x01, 0xff, 0xff, 0xf0, 0xfb, 0x00, 0x09, 0x07,
  0xff, 0xff, 0xc0, 0x00, 0x00, 0x01, 0xff, 0xff, 0xf0, 0xfb, 0x00, 0x09, 0x07, 0xff, 0xff, 0x80, 0x00, 0x00, 0x01, 0xff, 0xff, 0xf0, 0xfb, 0x00,
  0x09, 0x07, 0xff, 0xff, 0x80, 0x00, 0x00, 0x01, 0xff, 0xff, 0xf0, 0xfb, 0x00, 0x09, 0x07, 0xff, 0xff, 0x80, 0x00, 0x00, 0x01, 0xff, 0xff, 0xf0,
  0xfb, 0x00, 0x09, 0x07, 0xff, 0xff, 0xc0, 0x00, 0x00, 0x01, 0xff, 0xff, 0xf0, 0xfb, 0x00, 0x09, 0x07, 0xff, 0xff, 0xc0, 0x00, 0x00, 0x01, 0xff,
  0xff, 0xf0, 0xfb, 0x00, 0x09, 0x07, 0xff, 0xff, 0xc0, 0x00, 0x00, 0x01, 0xff, 0xff, 0xf0, 0xfb, 0x00, 0x09, 0x07, 0xff, 0xff, 0xc0, 0x00, 0x00,
  0x01, 0xff, 0xff, 0xf0, 0xfb, 0x00, 0x09, 0x07, 0xff, 0xff, 0xc0, 0x00, 0x00, 0x01, 0xff, 0xff, 0xf0, 0xfb, 0x00, 0x09, 0x07, 0xff, 0xff, 0xc0,
  0x00, 0x00, 0x01, 0xff, 0xff, 0xe0, 0xfb, 0x00, 0x09, 0x07, 0xff, 0xff, 0xc0, 0x00, 0x00, 0x01, 0xff, 0xff, 0xe0, 0xfb, 0x00, 0x09, 0x03, 0xff,
  0xff, 0xc0, 0x00, 0x00, 0x01, 0xff, 0xff, 0xe0, 0xfb, 0x00, 0x03, 0x03, 0xff, 0xff, 0x80, 0xfe, 0x00, 0x02, 0xff, 0xff, 0xc0, 0xfb, 0x00, 0x03,
  0x01, 0xff, 0xff, 0x80, 0xfe, 0x00, 0x02, 0xff, 0xff, 0xc0, 0xfb, 0x00, 0x03, 0x01, 0xff, 0xff, 0x80, 0xfe, 0x00, 0x02, 0x7f, 0xff, 0x80, 0xfa,
  0x00, 0x01, 0xff, 0xfe, 0xfd, 0x00, 0x01, 0x3f, 0xfe, 0xf9, 0x00, 0x01, 0x3f, 0xf8, 0x81, 0x00, 0x81, 0x00, 0x97, 0x00, 0x81, 0x00, 0xea, 0x00,
  0x01, 0x03, 0xc0, 0xf3, 0x00, 0x01, 0x1f, 0xfc, 0xf3, 0x00, 0x01, 0x7f, 0xfe, 0xf3, 0x00, 0x04, 0xff, 0xff, 0x80, 0x0f, 0xf8, 0xf9, 0x00, 0x07,
  0x1f, 0xf8, 0x01, 0xff, 0xff, 0x80, 0x3f, 0xfe, 0xf9, 0x00, 0x07, 0x7f, 0xfe, 0x01, 0xff, 0xff, 0xc0, 0x7f, 0xff, 0xf9, 0x00, 0x08, 0xff, 0xff,
  0x01, 0xfe, 0x3f, 0xc0, 0xff, 0xff, 0x80, 0xfb, 0x00, 0x09, 0x01, 0xff, 0xff, 0x81, 0xf8, 0x0f, 0x81, 0xff, 0xff, 0xc0, 0xfb, 0x00, 0x09, 0x03,
  0xff, 0xff, 0x80, 0xc0, 0x03, 0x01, 0xff, 0xff, 0xc0, 0xfb, 0x00, 0x09, 0x03, 0xff, 0xff, 0xc0, 0x00, 0x00, 0x01, 0xff, 0xff, 0xe0, 0xfb, 0x00,
  0x09, 0x03, 0xff, 0xff, 0xc0, 0x00, 0x00, 0x01, 0xff, 0xff, 0xe0, 0xfb, 0x00, 0x09, 0x07, 0xff, 0xff, 0xc0, 0x00, 0x00, 0x01, 0xff, 0xff, 0xe0,
  0xfb, 0x00, 0x09, 0x07, 0xff, 0xff, 0xc0, 0x00, 0x00, 0x01, 0xff, 0xff, 0xe0, 0xfb, 0x00, 0x09, 0x07, 0xff, 0xff, 0xc0, 0x00, 0x00, 0x01, 0xff,
  0xff, 0xf0, 0xfb, 0x00, 0x09, 0x07, 0xff, 0xff, 0xc0, 0x00, 0x00, 0x01, 0xff, 0xff, 0xf0, 0xfb, 0x00, 0x09, 0x07, 0xff, 0xff, 0xc0, 0x00, 0x00,
  0x01, 0xff, 0xff, 0xf0, 0xfb, 0x00, 0x09, 0x07, 0xff, 0xff, 0xc0, 0x00, 0x00, 0x01, 0xff, 0xff, 0xf0, 0xfb, 0x00, 0x09, 0x07, 0xff, 0xff, 0x80,
  0x00, 0x00, 0x01, 0xff, 0xff, 0xf0, 0xfb, 0x00, 0x09, 0x07, 0xff, 0xff, 0x80, 0x00, 0x00, 0x01, 0xff, 0xff, 0xf0, 0xfb, 0x00, 0x09, 0x07, 0xff,
  0xff, 0x80, 0x00, 0x00, 0x01, 0xff, 0xff, 0xf0, 0xfb, 0x00, 0x09, 0x07, 0xff, 0xff, 0xc0, 0x00, 0x00, 0x01, 0xff, 0xff, 0xf0, 0xfb, 0x00, 0x09,
  0x07, 0xff, 0xff, 0xc0, 0x00, 0x00, 0x01, 0xff, 0xff, 0xf0, 0xfb, 0x00, 0x09, 0x07, 0xff, 0xff, 0xc0, 0x00, 0x00, 0x01, 0xff, 0xff, 0xf0, 0xfb,
  0x00, 0x09, 0x07, 0xff, 0xff, 0xc0, 0x00, 0x00, 0x01, 0xff, 0xff, 0xf0, 0xfb, 0x00, 0x09, 0x07, 0xff, 0xff, 0xc0, 0x00, 0x00, 0x01, 0xff, 0xff,
  0xf0, 0xfb, 0x00, 0x09, 0x07, 0xff, 0xff, 0xc0, 0x00, 0x00, 0x01, 0xff, 0xff, 0xe0, 0xfb, 0x00, 0x09, 0x07, 0xff, 0xff, 0xc0, 0x00, 0x00, 0x01,
  0xff, 0xff, 0xe0, 0xfb, 0x00, 0x09, 0x03, 0xff, 0xff, 0xc0, 0x00, 0x00, 0x01, 0xff, 0xff, 0xe0, 0xfb, 0x00, 0x03, 0x03, 0xff, 0xff, 0x80, 0xfe,
  0x00, 0x02, 0xff, 0xff, 0xc0, 0xfb, 0x00, 0x03, 0x01, 0xff, 0xff, 0x80, 0xfe, 0x00, 0x02, 0xff, 0xff, 0xc0, 0xfb, 0x00, 0x03, 0x01, 0xff, 0xff,
  0x80, 0xfe, 0x00, 0x02, 0x7f, 0xff, 0x80, 0xfa, 0x00, 0x01, 0xff, 0xfe, 0xfd, 0x00, 0x01, 0x3f, 0xfe, 0xf9, 0x00, 0x01, 0x3f, 0xf8, 0x81, 0x00,
  0x81, 0x00, 0x97, 0x00, 0x81, 0x00, 0xea, 0x00, 0x01, 0x03, 0xc0, 0xf3, 0x00, 0x01, 0x1f, 0xfc, 0xf3, 0x00, 0x01, 0x7f, 0xfe, 0xf3, 0x00, 0x04,
  0xff, 0xff, 0x80, 0x07, 0xf8, 0xf9, 0x00, 0x07, 0x1f, 0xf8, 0x01, 0xff, 0xff, 0x80, 0x3f, 0xfe, 0xf9, 0x00, 0x07, 0x7f, 0xfe, 0x01, 0xff, 0xff,
  0xc0, 0x7f, 0xff, 0xf9, 0x00, 0x08, 0xff, 0xff, 0x01, 0xfe, 0x3f, 0xc0, 0xff, 0xff, 0x80, 0xfb, 0x00, 0x09, 0x01, 0xff, 0xff, 0x81, 0xf0, 0x0f,
  0x81, 0xff, 0xff, 0xc0, 0xfb, 0x00, 0x09, 0x01, 0xff, 0xff, 0x80, 0xc0, 0x03, 0x01, 0xff, 0xff, 0xc0, 0xfb, 0x00, 0x09, 0x03, 0xff, 0xff, 0x80,
  0x00, 0x00, 0x01, 0xff, 0xff, 0xc0, 0xfb, 0x00, 0x09, 0x03, 0xff, 0xff, 0xc0, 0x00, 0x00, 0x01, 0xff, 0xff, 0xe0, 0xfb, 0x00, 0x09, 0x07, 0xff,
  0xff, 0x80, 0x00, 0x00, 0x01, 0xff, 0xff, 0xe0, 0xfb, 0x00, 0x09, 0x07, 0xff, 0xff, 0x80, 0x00, 0x00, 0x01, 0xff, 0xff, 0xe0, 0xfb, 0x00, 0x09,
  0x07, 0xff, 0xff, 0xc0, 0x00, 0x00, 0x01, 0xff, 0xff, 0xf0, 0xfb, 0x00, 0x09, 0x07, 0xff, 0xff, 0x80, 0x00, 0x00, 0x01, 0xff, 0xff, 0xf0, 0xfb,
  0x00, 0x09, 0x07, 0xff, 0xff, 0x80, 0x00, 0x00, 0x01, 0xff, 0xff, 0xf0, 0xfb, 0x00, 0x09, 0x07, 0xff, 0xff, 0x80, 0x00, 0x00, 0x01, 0xff, 0xff,
  0xf0, 0xfb, 0x00, 0x09, 0x07, 0xff, 0xff, 0xc0, 0x00, 0x00, 0x01, 0xff, 0xff, 0xf0, 0xfb, 0x00, 0x09, 0x07, 0xff, 0xff, 0xc0, 0x00, 0x00, 0x01,
  0xff, 0xff, 0xf0, 0xfb, 0x00, 0x09, 0x07, 0xff, 0xff, 0xc0, 0x00, 0x00, 0x01, 0xff, 0xff, 0xf0, 0xfb, 0x00, 0x09, 0x07, 0xff, 0xff, 0xc0, 0x00,
  0x00, 0x01, 0xff, 0xff, 0xf0, 0xfb, 0x00, 0x09, 0x07, 0xff, 0xff, 0xc0, 0x00, 0x00, 0x01, 0xff, 0xff, 0xf0, 0xfb, 0x00, 0x09, 0x07, 0xff, 0xff,
  0xc0, 0x00, 0x00, 0x01, 0xff, 0xff, 0xf0, 0xfb, 0x00, 0x09, 0x07, 0xff, 0xff, 0xc0, 0x00, 0x00, 0x01, 0xff, 0xff, 0xf0, 0xfb, 0x00, 0x09, 0x07,
  0xff, 0xff, 0xc0, 0x00, 0x00, 0x01, 0xff, 0xff, 0xf0, 0xfb, 0x00, 0x09, 0x07, 0xff, 0xff, 0xc0, 0x00, 0x00, 0x01, 0xff, 0xff, 0xf0, 0xfb, 0x00,
  0x09, 0x07, 0xff, 0xff, 0xc0, 0x00, 0x00, 0x01, 0xff, 0xff, 0xe0, 0xfb, 0x00, 0x09, 0x03, 0xff, 0xff, 0xc0, 0x00, 0x00, 0x01, 0xff, 0xff, 0xe0,
  0xfb, 0x00, 0x03, 0x03, 0xff, 0xff, 0x80, 0xfe, 0x00, 0x02, 0xff, 0xff, 0xc0, 0xfb, 0x00, 0x03, 0x01, 0xff, 0xff, 0x80, 0xfe, 0x00, 0x02, 0xff,
  0xff, 0xc0, 0xfb, 0x00, 0x03, 0x01, 0xff, 0xff, 0x80, 0xfe, 0x00, 0x02, 0x7f, 0xff, 0x80, 0xfa, 0x00, 0x01, 0xff, 0xfe, 0xfd, 0x00, 0x01, 0x3f,
  0xfe, 0xf9, 0x00, 0x01, 0x3f, 0xf8, 0x81, 0x00, 0x81, 0x00, 0x97, 0x00, 0x81, 0x00, 0xea, 0x00, 0x01, 0x03, 0xc0, 0xf3, 0x00, 0x01, 0x1f, 0xfc,
  0xf3, 0x00, 0x01, 0x7f, 0xfe, 0xf3, 0x00, 0x04, 0xff, 0xff, 0x80, 0x0f, 0xf8, 0xf9, 0x00, 0x07, 0x3f, 0xf8, 0x01, 0xff, 0xff, 0x80, 0x3f, 0xfe,
  0xf9, 0x00, 0x07, 0x7f, 0xfe, 0x01, 0xff, 0xff, 0xc0, 0x7f, 0xff, 0xf9, 0x00, 0x08, 0xff, 0xff, 0x01, 0xfe, 0x3f, 0xc0, 0xff, 0xff, 0x80, 0xfb,
  0x00, 0x09, 0x01, 0xff, 0xff, 0x81, 0xf8, 0x0f, 0x81, 0xff, 0xff, 0xc0, 0xfb, 0x00, 0x09, 0x03, 0xff, 0xff, 0x80, 0xc0, 0x03, 0x01, 0xff, 0xff,
  0xc0, 0xfb, 0x00, 0x09, 0x03, 0xff, 0xff, 0xc0, 0x00, 0x00, 0x01, 0xff, 0xff, 0xe0, 0xfb, 0x00, 0x09, 0x03, 0xff, 0xff, 0xc0, 0x00, 0x00, 0x01,
  0xff, 0xff, 0xe0, 0xfb, 0x00, 0x09, 0x07, 0xff, 0xff, 0xc0, 0x00, 0x00, 0x01, 0xff, 0xff, 0xe0, 0xfb, 0x00, 0x09, 0x07, 0xff, 0xff, 0xc0, 0x00,
  0x00, 0x01, 0xff, 0xff, 0xe0, 0xfb, 0x00, 0x09, 0x07, 0xff, 0xff, 0xc0, 0x00, 0x00, 0x01, 0xff, 0xff, 0xf0, 0xfb, 0x00, 0x09, 0x07, 0xff, 0xff,
  0xc0, 0x00, 0x00, 0x01, 0xff, 0xff, 0xf0, 0xfb, 0x00, 0x09, 0x07, 0xff, 0xff, 0xc0, 0x00, 0x00, 0x01, 0xff, 0xff, 0xf0, 0xfb, 0x00, 0x09, 0x07,
  0xff, 0xff, 0xc0, 0x00, 0x00, 0x01, 0xff, 0xff, 0xf0, 0xfb, 0x00, 0x09, 0x07, 0xff, 0xff, 0xc0, 0x00, 0x00, 0x01, 0xff, 0xff, 0xf0, 0xfb, 0x00,
  0x09, 0x07, 0xff, 0xff, 0xc0, 0x00, 0x00, 0x01, 0xff, 0xff, 0xf0, 0xfb, 0x00, 0x09, 0x07, 0xff, 0xff, 0xc0, 0x00, 0x00, 0x01, 0xff, 0xff, 0xf0,
  0xfb, 0x00, 0x09, 0x07, 0xff, 0xff, 0xc0, 0x00, 0x00, 0x01, 0xff, 0xff, 0xf0, 0xfb, 0x00, 0x09, 0x07, 0xff, 0xff, 0xc0, 0x00, 0x00, 0x01, 0xff,
  0xff, 0xf0, 0xfb, 0x00, 0x09, 0x07, 0xff, 0xff, 0xc0, 0x00, 0x00, 0x01, 0xff, 0xff, 0xf0, 0xfb, 0x00, 0x09, 0x07, 0xff, 0xff, 0xc0, 0x00, 0x00,
  0x01, 0xff, 0xff, 0xf0, 0xfb, 0x00, 0x09, 0x07, 0xff, 0xff, 0xc0, 0x00, 0x00, 0x01, 0xff, 0xff, 0xf0, 0xfb, 0x00, 0x09, 0x07, 0xff, 0xff, 0xc0,
  0x00, 0x00, 0x01, 0xff, 0xff, 0xe0, 0xfb, 0x00, 0x09, 0x07, 0xff, 0xff, 0xc0, 0x00, 0x00, 0x01, 0xff, 0xff, 0xe0, 0xfb, 0x00, 0x09, 0x03, 0xff,
  0xff, 0xc0, 0x00, 0x00, 0x01, 0xff, 0xff, 0xe0, 0xfb, 0x00, 0x03, 0x03, 0xff, 0xff, 0x80, 0xfe, 0x00, 0x02, 0xff, 0xff, 0xc0, 0xfb, 0x00, 0x03,
  0x01, 0xff, 0xff, 0x80, 0xfe, 0x00, 0x02, 0xff, 0xff, 0xc0, 0xfb, 0x00, 0x03, 0x01, 0xff, 0xff, 0x80, 0xfe, 0x00, 0x02, 0x7f, 0xff, 0x80, 0xfa,
  0x00, 0x01, 0xff, 0xfe, 0xfd, 0x00, 0x01, 0x3f, 0xfe, 0xf9, 0x00, 0x01, 0x3f, 0xf8, 0x81, 0x00, 0x81, 0x00, 0x97, 0x00, 0x81, 0x00, 0xea, 0x00,
  0x01, 0x03, 0x40, 0xf3, 0x00, 0x01, 0x1f, 0xfc, 0xf3, 0x00, 0x01, 0x7f, 0xfe, 0xf3, 0x00, 0x04, 0xff, 0xff, 0x80, 0x0f, 0xf8, 0xf9, 0x00, 0x07,
  0x3f, 0xf8, 0x01, 0xff, 0xff, 0x80, 0x3f, 0xfe, 0xf9, 0x00, 0x07, 0x7f, 0xfe, 0x01, 0xff, 0xff, 0xc0, 0x7f, 0xff, 0xf9, 0x00, 0x08, 0xff, 0xff,
  0x01, 0xfe, 0x3f, 0xc0, 0xff, 0xff, 0x80, 0xfb, 0x00, 0x09, 0x01, 0xff, 0xff, 0x81, 0xf8, 0x0f, 0x81, 0xff, 0xff, 0xc0, 0xfb, 0x00, 0x09, 0x01,
  0xff, 0xff, 0x80, 0xc0, 0x03, 0x01, 0xff, 0xff, 0xc0, 0xfb, 0x00, 0x09, 0x03, 0xff, 0xff, 0x80, 0x00, 0x00, 0x01, 0xff, 0xff, 0xe0, 0xfb, 0x00,
  0x09, 0x03, 0xff, 0xff, 0xc0, 0x00, 0x00, 0x01, 0xff, 0xff, 0xe0, 0xfb, 0x00, 0x09, 0x07, 0xff, 0xff, 0x80, 0x00, 0x00, 0x01, 0xff, 0xff, 0xe0,
  0xfb, 0x00, 0x09, 0x07, 0xff, 0xff, 0x80, 0x00, 0x00, 0x01, 0xff, 0xff, 0xe0, 0xfb, 0x00, 0x09, 0x07, 0xff, 0xff, 0xc0, 0x00, 0x00, 0x01, 0xff,
  0xff, 0xf0, 0xfb, 0x00, 0x09, 0x07, 0xff, 0xff, 0x80, 0x00, 0x00, 0x01, 0xff, 0xff, 0xf0, 0xfb, 0x00, 0x09, 0x07, 0xff, 0xff, 0x80, 0x00, 0x00,
  0x01, 0xff, 0xff, 0xf0, 0xfb, 0x00, 0x09, 0x07, 0xff, 0xff, 0x80, 0x00, 0x00, 0x01, 0xff, 0xff, 0xf0, 0xfb, 0x00, 0x09, 0x07, 0xff, 0xff, 0xc0,
  0x00, 0x00, 0x01, 0xff, 0xff, 0xf0, 0xfb, 0x00, 0x09, 0x07, 0xff, 0xff, 0xc0, 0x00, 0x00, 0x01, 0xff, 0xff, 0xf0, 0xfb, 0x00, 0x09, 0x07, 0xff,
  0xff, 0xc0, 0x00, 0x00, 0x01, 0xff, 0xff, 0xf0, 0xfb, 0x00, 0x09, 0x07, 0xff, 0xff, 0xc0, 0x00, 0x00, 0x01, 0xff, 0xff, 0xf0, 0xfb, 0x00, 0x09,
  0x07, 0xff, 0xff, 0xc0, 0x00, 0x00, 0x01, 0xff, 0xff, 0xf0, 0xfb, 0x00, 0x09, 0x07, 0xff, 0xff, 0xc0, 0x00, 0x00, 0x01, 0xff, 0xff, 0xf0, 0xfb,
  0x00, 0x09, 0x07, 0xff, 0xff, 0xc0, 0x00, 0x00, 0x01, 0xff, 0xff, 0xf0, 0xfb, 0x00, 0x09, 0x07, 0xff, 0xff, 0xc0, 0x00, 0x00, 0x01, 0xff, 0xff,
  0xf0, 0xfb, 0x00, 0x09, 0x07, 0xff, 0xff, 0xc0, 0x00, 0x00, 0x01, 0xff, 0xff, 0xe0, 0xfb, 0x00, 0x09, 0x07, 0xff, 0xff, 0xc0, 0x00, 0x00, 0x01,
  0xff, 0xff, 0xe0, 0xfb, 0x00, 0x09, 0x03, 0xff, 0xff, 0xc0, 0x00, 0x00, 0x01, 0xff, 0xff, 0xc0, 0xfb, 0x00, 0x03, 0x03, 0xff, 0xff, 0x80, 0xfe,
  0x00, 0x02, 0xff, 0xff, 0xc0, 0xfb, 0x00, 0x03, 0x01, 0xff, 0xff, 0x80, 0xfe, 0x00, 0x02, 0xff, 0xff, 0xc0, 0xfb, 0x00, 0x03, 0x01, 0xff, 0xff,
  0x80, 0xfe, 0x00, 0x02, 0x7f, 0xff, 0x80, 0xfa, 0x00, 0x01, 0xff, 0xfe, 0xfd, 0x00, 0x01, 0x1f, 0xfe, 0xf9, 0x00, 0x01, 0x3f, 0xf8, 0x81, 0x00,
  0x81, 0x00, 0x97, 0x00, 0x81, 0x00, 0xea, 0x00, 0x01, 0x03, 0x40, 0xf3, 0x00, 0x01, 0x1f, 0xfc, 0xf3, 0x00, 0x01, 0x7f, 0xfe, 0xf3, 0x00, 0x04,
  0xff, 0xff, 0x80, 0x0f, 0xf8, 0xf9, 0x00, 0x07, 0x3f, 0xfc, 0x01, 0xff, 0xff, 0x80, 0x3f, 0xfe, 0xf9, 0x00, 0x07, 0x7f, 0xfe, 0x01, 0xff, 0xff,
  0xc0, 0x7f, 0xff, 0xf9, 0x00, 0x08, 0xff, 0xff, 0x01, 0xfe, 0x7f, 0xc0, 0xff, 0xff, 0x80, 0xfb, 0x00, 0x09, 0x01, 0xff, 0xff, 0x81, 0xf8, 0x0f,
  0x81, 0xff, 0xff, 0xc0, 0xfb, 0x00, 0x09, 0x03, 0xff, 0xff, 0x80, 0xc0, 0x03, 0x01, 0xff, 0xff, 0xc0, 0xfb, 0x00, 0x09, 0x03, 0xff, 0xff, 0xc0,
  0x00, 0x00, 0x01, 0xff, 0xff, 0xe0, 0xfb, 0x00, 0x09, 0x03, 0xff, 0xff, 0xc0, 0x00, 0x00, 0x01, 0xff, 0xff, 0xe0, 0xfb, 0x00, 0x09, 0x07, 0xff,
  0xff, 0xc0, 0x00, 0x00, 0x01, 0xff, 0xff, 0xe0, 0xfb, 0x00, 0x09, 0x07, 0xff, 0xff, 0xc0, 0x00, 0x00, 0x01, 0xff, 0xff, 0xe0, 0xfb, 0x00, 0x09,
  0x07, 0xff, 0xff, 0xc0, 0x00, 0x00, 0x01, 0xff, 0xff, 0xf0, 0xfb, 0x00, 0x09, 0x07, 0xff, 0xff, 0xc0, 0x00, 0x00, 0x01, 0xff, 0xff, 0xf0, 0xfb,
  0x00, 0x09, 0x07, 0xff, 0xff, 0xc0, 0x00, 0x00, 0x01, 0xff, 0xff, 0xf0, 0xfb, 0x00, 0x09, 0x07, 0xff, 0xff, 0xc0, 0x00, 0x00, 0x01, 0xff, 0xff,
  0xf0, 0xfb, 0x00, 0x09, 0x07, 0xff, 0xff, 0xc0, 0x00, 0x00, 0x01, 0xff, 0xff, 0xf0, 0xfb, 0x00, 0x09, 0x07, 0xff, 0xff, 0xc0, 0x00, 0x00, 0x01,
  0xff, 0xff, 0xf0, 0xfb, 0x00, 0x09, 0x07, 0xff, 0xff, 0xc0, 0x00, 0x00, 0x01, 0xff, 0xff, 0xf0, 0xfb, 0x00, 0x09, 0x07, 0xff, 0xff, 0xc0, 0x00,
  0x00, 0x01, 0xff, 0xff, 0xf0, 0xfb, 0x00, 0x09, 0x07, 0xff, 0xff, 0xc0, 0x00, 0x00, 0x01, 0xff, 0xff, 0xf0, 0xfb, 0x00, 0x09, 0x07, 0xff, 0xff,
  0xc0, 0x00, 0x00, 0x01, 0xff, 0xff, 0xf0, 0xfb, 0x00, 0x09, 0x07, 0xff, 0xff, 0xc0, 0x00, 0x00, 0x01, 0xff, 0xff, 0xf0, 0xfb, 0x00, 0x09, 0x07,
  0xff, 0xff, 0xc0, 0x00, 0x00, 0x01, 0xff, 0xff, 0xf0, 0xfb, 0x00, 0x09, 0x07, 0xff, 0xff, 0xc0, 0x00, 0x00, 0x01, 0xff, 0xff, 0xe0, 0xfb, 0x00,
  0x09, 0x07, 0xff, 0xff, 0xc0, 0x00, 0x00, 0x01, 0xff, 0xff, 0xe0, 0xfb, 0x00, 0x09, 0x03, 0xff, 0xff, 0xc0, 0x00, 0x00, 0x01, 0xff, 0xff, 0xe0,
  0xfb, 0x00, 0x03, 0x03, 0xff, 0xff, 0x80, 0xfe, 0x00, 0x02, 0xff, 0xff, 0xc0, 0xfb, 0x00, 0x03, 0x01, 0xff, 0xff, 0x80, 0xfe, 0x00, 0x02, 0xff,
  0xff, 0xc0, 0xfb, 0x00, 0x03, 0x01, 0xff, 0xff, 0x80, 0xfe, 0x00, 0x02, 0x7f, 0xff, 0x80, 0xfa, 0x00, 0x01, 0xff, 0xfe, 0xfd, 0x00, 0x01, 0x1f,
  0xfe, 0xf9, 0x00, 0x01, 0x3f, 0xf8, 0x81, 0x00, 0x81, 0x00, 0x97, 0x00, 0x81, 0x00, 0xea, 0x00, 0x00, 0x01, 0xf2, 0x00, 0x01, 0x1f, 0xf8, 0xf3,
  0x00, 0x01, 0x7f, 0xfe, 0xf3, 0x00, 0x04, 0xff, 0xff, 0x80, 0x07, 0xf0, 0xf9, 0x00, 0x07, 0x1f, 0xf8, 0x01, 0xff, 0xff, 0x80, 0x3f, 0xfe, 0xf9,
  0x00, 0x07, 0x7f, 0xfe, 0x01, 0xff, 0xff, 0xc0, 0x7f, 0xff, 0xf9, 0x00, 0x08, 0xff, 0xff, 0x01, 0xfe, 0x3f, 0xc0, 0xff, 0xff, 0x80, 0xfb, 0x00,
  0x09, 0x01, 0xff, 0xff, 0x81, 0xf8, 0x0f, 0x81, 0xff, 0xff, 0xc0, 0xfb, 0x00, 0x09, 0x01, 0xff, 0xff, 0x80, 0xc0, 0x03, 0x01, 0xff, 0xff, 0xc0,
  0xfb, 0x00, 0x09, 0x03, 0xff, 0xff, 0x80, 0x00, 0x00, 0x01, 0xff, 0xff, 0xe0, 0xfb, 0x00, 0x09, 0x03, 0xff, 0xff, 0xc0, 0x00, 0x00, 0x01, 0xff,
  0xff, 0xe0, 0xfb, 0x00, 0x09, 0x07, 0xff, 0xff, 0xc0, 0x00, 0x00, 0x01, 0xff, 0xff, 0xe0, 0xfb, 0x00, 0x09, 0x07, 0xff, 0xff, 0xc0, 0x00, 0x00,
  0x01, 0xff, 0xff, 0xe0, 0xfb, 0x00, 0x09, 0x07, 0xff, 0xff, 0xc0, 0x00, 0x00, 0x01, 0xff, 0xff, 0xe0, 0xfb, 0x00, 0x09, 0x07, 0xff, 0xff, 0xc0,
  0x00, 0x00, 0x01, 0xff, 0xff, 0xf0, 0xfb, 0x00, 0x09, 0x07, 0xff, 0xff, 0xc0, 0x00, 0x00, 0x01, 0xff, 0xff, 0xf0, 0xfb, 0x00, 0x09, 0x07, 0xff,
  0xff, 0xc0, 0x00, 0x00, 0x01, 0xff, 0xff, 0xf0, 0xfb, 0x00, 0x09, 0x07, 0xff, 0xff, 0xc0, 0x00, 0x00, 0x01, 0xff, 0xff, 0xf0, 0xfb, 0x00, 0x09,
  0x07, 0xff, 0xff, 0xc0, 0x00, 0x00, 0x01, 0xff, 0xff, 0xf0, 0xfb, 0x00, 0x09, 0x07, 0xff, 0xff, 0x80, 0x00, 0x00, 0x01, 0xff, 0xff, 0xf0, 0xfb,
  0x00, 0x09, 0x07, 0xff, 0xff, 0xc0, 0x00, 0x00, 0x01, 0xff, 0xff, 0xf0, 0xfb, 0x00, 0x09, 0x07, 0xff, 0xff, 0xc0, 0x00, 0x00, 0x01, 0xff, 0xff,
  0xf0, 0xfb, 0x00, 0x09, 0x07, 0xff, 0xff, 0xc0, 0x00, 0x00, 0x01, 0xff, 0xff, 0xf0, 0xfb, 0x00, 0x09, 0x07, 0xff, 0xff, 0xc0, 0x00, 0x00, 0x01,
  0xff, 0xff, 0xf0, 0xfb, 0x00, 0x09, 0x07, 0xff, 0xff, 0xc0, 0x00, 0x00, 0x01, 0xff, 0xff, 0xf0, 0xfb, 0x00, 0x09, 0x07, 0xff, 0xff, 0xc0, 0x00,
  0x00, 0x01, 0xff, 0xff, 0xe0, 0xfb, 0x00, 0x09, 0x07, 0xff, 0xff, 0xc0, 0x00, 0x00, 0x01, 0xff, 0xff, 0xe0, 0xfb, 0x00, 0x09, 0x03, 0xff, 0xff,
  0xc0, 0x00, 0x00, 0x01, 0xff, 0xff, 0xe0, 0xfb, 0x00, 0x03, 0x03, 0xff, 0xff, 0x80, 0xfe, 0x00, 0x02, 0xff, 0xff, 0xc0, 0xfb, 0x00, 0x03, 0x01,
  0xff, 0xff, 0x80, 0xfe, 0x00, 0x02, 0xff, 0xff, 0xc0, 0xfb, 0x00, 0x03, 0x01, 0xff, 0xff, 0x80, 0xfe, 0x00, 0x02, 0x7f, 0xff, 0x80, 0xfa, 0x00,
  0x01, 0xff, 0xfe, 0xfd, 0x00, 0x01, 0x1f, 0xfe, 0xf9, 0x00, 0x01, 0x3f, 0xf8, 0x81, 0x00, 0x81, 0x00, 0x97, 0x00, 0x81, 0x00, 0xda, 0x00, 0x01,
  0x1f, 0xf8, 0xf3, 0x00, 0x01, 0x7f, 0xfe, 0xf3, 0x00, 0x04, 0xff, 0xff, 0x80, 0x0f, 0xf8, 0xf9, 0x00, 0x07, 0x3f, 0xfc, 0x01, 0xff, 0xff, 0x80,
  0x3f, 0xfe, 0xf9, 0x00, 0x07, 0x7f, 0xfe, 0x01, 0xff, 0xff, 0xc0, 0x7f, 0xff, 0xf9, 0x00, 0x08, 0xff, 0xff, 0x01, 0xfe, 0x7f, 0xc0, 0xff, 0xff,
  0x80, 0xfb, 0x00, 0x09, 0x01, 0xff, 0xff, 0x81, 0xf8, 0x0f, 0x81, 0xff, 0xff, 0xc0, 0xfb, 0x00, 0x09, 0x03, 0xff, 0xff, 0x80, 0xc0, 0x03, 0x01,
  0xff, 0xff, 0xc0, 0xfb, 0x00, 0x09, 0x03, 0xff, 0xff, 0x80, 0x00, 0x00, 0x01, 0xff, 0xff, 0xe0, 0xfb, 0x00, 0x09, 0x03, 0xff, 0xff, 0xc0, 0x00,
  0x00, 0x01, 0xff, 0xff, 0xe0, 0xfb, 0x00, 0x09, 0x07, 0xff, 0xff, 0xc0, 0x00, 0x00, 0x01, 0xff, 0xff, 0xe0, 0xfb, 0x00, 0x09, 0x07, 0xff, 0xff,
  0xc0, 0x00, 0x00, 0x01, 0xff, 0xff, 0xe0, 0xfb, 0x00, 0x09, 0x07, 0xff, 0xff, 0xc0, 0x00, 0x00, 0x01, 0xff, 0xff, 0xe0, 0xfb, 0x00, 0x09, 0x07,
  0xff, 0xff, 0xc0, 0x00, 0x00, 0x01, 0xff, 0xff, 0xf0, 0xfb, 0x00, 0x09, 0x07, 0xff, 0xff, 0xc0, 0x00, 0x00, 0x01, 0xff, 0xff, 0xf0, 0xfb, 0x00,
  0x09, 0x07, 0xff, 0xff, 0xc0, 0x00, 0x00, 0x01, 0xff, 0xff, 0xf0, 0xfb, 0x00, 0x09, 0x07, 0xff, 0xff, 0xc0, 0x00, 0x00, 0x01, 0xff, 0xff, 0xf0,
  0xfb, 0x00, 0x09, 0x07, 0xff, 0xff, 0xc0, 0x00, 0x00, 0x01, 0xff, 0xff, 0xf0, 0xfb, 0x00, 0x09, 0x07, 0xff, 0xff, 0xc0, 0x00, 0x00, 0x01, 0xff,
  0xff, 0xf0, 0xfb, 0x00, 0x09, 0x07, 0xff, 0xff, 0xc0, 0x00, 0x00, 0x01, 0xff, 0xff, 0xf0, 0xfb, 0x00, 0x09, 0x07, 0xff, 0xff, 0xc0, 0x00, 0x00,
  0x01, 0xff, 0xff, 0xf0, 0xfb, 0x00, 0x09, 0x07, 0xff, 0xff, 0xc0, 0x00, 0x00, 0x01, 0xff, 0xff, 0xf0, 0xfb, 0x00, 0x09, 0x07, 0xff, 0xff, 0xc0,
  0x00, 0x00, 0x01, 0xff, 0xff, 0xf0, 0xfb, 0x00, 0x09, 0x07, 0xff, 0xff, 0xc0, 0x00, 0x00, 0x01, 0xff, 0xff, 0xf0, 0xfb, 0x00, 0x09, 0x07, 0xff,
  0xff, 0xc0, 0x00, 0x00, 0x01, 0xff, 0xff, 0xe0, 0xfb, 0x00, 0x09, 0x07, 0xff, 0xff, 0xc0, 0x00, 0x00, 0x01, 0xff, 0xff, 0xe0, 0xfb, 0x00, 0x09,
  0x03, 0xff, 0xff, 0xc0, 0x00, 0x00, 0x01, 0xff, 0xff, 0xe0, 0xfb, 0x00, 0x03, 0x03, 0xff, 0xff, 0x80, 0xfe, 0x00, 0x02, 0xff, 0xff, 0xc0, 0xfb,
  0x00, 0x03, 0x01, 0xff, 0xff, 0x80, 0xfe, 0x00, 0x02, 0xff, 0xff, 0xc0, 0xfb, 0x00, 0x03, 0x01, 0xff, 0xff, 0x80, 0xfe, 0x00, 0x02, 0x7f, 0xff,
  0x80, 0xfa, 0x00, 0x01, 0xff, 0xfe, 0xfd, 0x00, 0x01, 0x1f, 0xfe, 0xf9, 0x00, 0x01, 0x3f, 0xf8, 0x81, 0x00, 0x81, 0x00, 0x97, 0x00, 0x81, 0x00,
  0xda, 0x00, 0x01, 0x1f, 0xf8, 0xf3, 0x00, 0x01, 0x7f, 0xfe, 0xf3, 0x00, 0x02, 0xff, 0xff, 0x80, 0xf5, 0x00, 0x05, 0x01, 0xff, 0xff, 0x80, 0x1f,
  0xfc, 0xf7, 0x00, 0x05, 0x01, 0xff, 0xff, 0xc0, 0x7f, 0xff, 0xf7, 0x00, 0x05, 0x01, 0xfe, 0x7f, 0xc0, 0xff, 0xff, 0xf7, 0x00, 0x06, 0x01, 0xf8,
  0x0f, 0x80, 0xff, 0xff, 0x80, 0xfb, 0x00, 0x09, 0x01, 0xff, 0xc0, 0x00, 0xc0, 0x03, 0x01, 0xff, 0xff, 0xc0, 0xfb, 0x00, 0x09, 0x03, 0xff, 0xff,
  0x80, 0x00, 0x00, 0x01, 0xff, 0xff, 0xc0, 0xfb, 0x00, 0x09, 0x03, 0xff, 0xff, 0x80, 0x00, 0x00, 0x01, 0xff, 0xff, 0xe0, 0xfb, 0x00, 0x09, 0x07,
  0xff, 0xff, 0x80, 0x00, 0x00, 0x01, 0xff, 0xff, 0xe0, 0xfb, 0x00, 0x09, 0x07, 0xff, 0xff, 0x80, 0x00, 0x00, 0x01, 0xff, 0xff, 0xe0, 0xfb, 0x00,
  0x09, 0x07, 0xff, 0xff, 0x80, 0x00, 0x00, 0x01, 0xff, 0xff, 0xe0, 0xfb, 0x00, 0x09, 0x07, 0xff, 0xff, 0x80, 0x00, 0x00, 0x01, 0xff, 0xff, 0xf0,
  0xfb, 0x00, 0x09, 0x07, 0xff, 0xff, 0x80, 0x00, 0x00, 0x01, 0xff, 0xff, 0xf0, 0xfb, 0x00, 0x09, 0x07, 0xff, 0xff, 0x80, 0x00, 0x00, 0x01, 0xff,
  0xff, 0xf0, 0xfb, 0x00, 0x09, 0x07, 0xff, 0xff, 0x80, 0x00, 0x00, 0x01, 0xff, 0xff, 0xf0, 0xfb, 0x00, 0x09, 0x07, 0xff, 0xff, 0x80, 0x00, 0x00,
  0x01, 0xff, 0xff, 0xf0, 0xfb, 0x00, 0x09, 0x07, 0xff, 0xff, 0xc0, 0x00, 0x00, 0x01, 0xff, 0xff, 0xf0, 0xfb, 0x00, 0x09, 0x07, 0xff, 0xff, 0xc0,
  0x00, 0x00, 0x01, 0xff, 0xff, 0xf0, 0xfb, 0x00, 0x09, 0x07, 0xff, 0xff, 0xc0, 0x00, 0x00, 0x01, 0xff, 0xff, 0xf0, 0xfb, 0x00, 0x09, 0x07, 0xff,
  0xff, 0xc0, 0x00, 0x00, 0x01, 0xff, 0xff, 0xf0, 0xfb, 0x00, 0x09, 0x07, 0xff, 0xff, 0xc0, 0x00, 0x00, 0x01, 0xff, 0xff, 0xf0, 0xfb, 0x00, 0x09,
  0x07, 0xff, 0xff, 0xc0, 0x00, 0x00, 0x01, 0xff, 0xff, 0xf0, 0xfb, 0x00, 0x09, 0x07, 0xff, 0xff, 0xc0, 0x00, 0x00, 0x01, 0xff, 0xff, 0xe0, 0xfb,
  0x00, 0x09, 0x07, 0xff, 0xff, 0xc0, 0x00, 0x00, 0x01, 0xff, 0xff, 0xe0, 0xfb, 0x00, 0x09, 0x03, 0xff, 0xff, 0xc0, 0x00, 0x00, 0x01, 0xff, 0xff,
  0xe0, 0xfb, 0x00, 0x09, 0x03, 0xff, 0xff, 0x80, 0x00, 0x00, 0x01, 0xff, 0xff, 0xc0, 0xfb, 0x00, 0x03, 0x01, 0xff, 0xff, 0x80, 0xfe, 0x00, 0x02,
  0xff, 0xff, 0xc0, 0xfb, 0x00, 0x03, 0x01, 0xff, 0xff, 0x80, 0xfe, 0x00, 0x02, 0x7f, 0xff, 0x80, 0xfa, 0x00, 0x01, 0xff, 0xfe, 0xfd, 0x00, 0x01,
  0x3f, 0xfe, 0xf9, 0x00, 0x01, 0x3f, 0xf8, 0xfd, 0x00, 0x01, 0x03, 0xf0, 0x81, 0x00, 0x81, 0x00, 0x9d, 0x00, 0x81, 0x00, 0xda, 0x00, 0x01, 0x1f,
  0xf8, 0xf3, 0x00, 0x01, 0x7f, 0xfe, 0xf3, 0x00, 0x01, 0xff, 0xff, 0xf4, 0x00, 0x03, 0x01, 0xff, 0xff, 0x80, 0xf5, 0x00, 0x03, 0x01, 0xff, 0xff,
  0xc0, 0xf5, 0x00, 0x03, 0x01, 0xff, 0x7f, 0xc0, 0xf5, 0x00, 0x03, 0x01, 0xf8, 0x0f, 0x80, 0xf4, 0x00, 0x05, 0xc0, 0x03, 0x00, 0x3f, 0xff, 0xc0,
  0xf4, 0x00, 0x02, 0xff, 0xff, 0xc0, 0xf5, 0x00, 0x03, 0x01, 0xff, 0xff, 0xe0, 0xf5, 0x00, 0x03, 0x01, 0xff, 0xff, 0xe0, 0xf5, 0x00, 0x03, 0x01,
  0xff, 0xff, 0xe0, 0xf5, 0x00, 0x03, 0x01, 0xff, 0xff, 0xe0, 0xf5, 0x00, 0x03, 0x01, 0xff, 0xff, 0xf0, 0xf5, 0x00, 0x03, 0x01, 0xff, 0xff, 0xf0,
  0xf5, 0x00, 0x03, 0x01, 0xff, 0xff, 0xf0, 0xf5, 0x00, 0x03, 0x01, 0xff, 0xff, 0xf0, 0xfb, 0x00, 0x02, 0x07, 0xff, 0xff, 0xfe, 0x00, 0x03, 0x01,
  0xff, 0xff, 0xf0, 0xfb, 0x00, 0x09, 0x0f, 0xff, 0xff, 0xc0, 0x00, 0x00, 0x01, 0xff, 0xff, 0xf0, 0xfb, 0x00, 0x09, 0x0f, 0xff, 0xff, 0xc0, 0x00,
  0x00, 0x01, 0xff, 0xff, 0xf0, 0xfb, 0x00, 0x09, 0x0f, 0xff, 0xff, 0xc0, 0x00, 0x00, 0x01, 0xff, 0xff, 0xf0, 0xfb, 0x00, 0x09, 0x0f, 0xff, 0xff,
  0xc0, 0x00, 0x00, 0x01, 0xff, 0xff, 0xf0, 0xfb, 0x00, 0x09, 0x0f, 0xff, 0xff, 0xc0, 0x00, 0x00, 0x01, 0xff, 0xff, 0xf0, 0xfb, 0x00, 0x09, 0x0f,
  0xff, 0xff, 0xc0, 0x00, 0x00, 0x01, 0xff, 0xff, 0xe0, 0xfb, 0x00, 0x09, 0x07, 0xff, 0xff, 0xc0, 0x00, 0x00, 0x01, 0xff, 0xff, 0xe0, 0xfb, 0x00,
  0x09, 0x07, 0xff, 0xff, 0xc0, 0x00, 0x00, 0x01, 0xff, 0xff, 0xe0, 0xfb, 0x00, 0x09, 0x07, 0xff, 0xff, 0xc0, 0x00, 0x00, 0x01, 0xff, 0xff, 0xe0,
  0xfb, 0x00, 0x09, 0x07, 0xff, 0xff, 0xc0, 0x00, 0x00, 0x01, 0xff, 0xff, 0xc0, 0xfb, 0x00, 0x03, 0x03, 0xff, 0xff, 0x80, 0xfe, 0x00, 0x02, 0xff,
  0xff, 0xc0, 0xfb, 0x00, 0x03, 0x03, 0xff, 0xff, 0x80, 0xfe, 0x00, 0x02, 0x7f, 0xff, 0x80, 0xfb, 0x00, 0x02, 0x01, 0xff, 0xff, 0xfd, 0x00, 0x01,
  0x3f, 0xff, 0xf9, 0x00, 0x01, 0x7f, 0xfc, 0xfd, 0x00, 0x01, 0x07, 0xf0, 0xf9, 0x00, 0x01, 0x0f, 0xf0, 0x81, 0x00, 0x81, 0x00, 0xa7, 0x00, 0x81,
  0x00, 0xda, 0x00, 0x01, 0x1f, 0xf8, 0xf3, 0x00, 0x01, 0x7f, 0xfe, 0xf3, 0x00, 0x01, 0xff, 0xff, 0xf4, 0x00, 0x03, 0x01, 0xff, 0xff, 0x80, 0xf5,
  0x00, 0x03, 0x01, 0xff, 0xff, 0x80, 0xf5, 0x00, 0x03, 0x01, 0xfe, 0x7f, 0x80, 0xf5, 0x00, 0x03, 0x01, 0xf8, 0x0f, 0x80, 0xf4, 0x00, 0x01, 0xc0,
  0x03, 0x81, 0x00, 0xdf, 0x00, 0x01, 0x7f, 0xf0, 0xf5, 0x00, 0x03, 0x01, 0xff, 0xff, 0xf0, 0xf5, 0x00, 0x03, 0x01, 0xff, 0xff, 0xf0, 0xf5, 0x00,
  0x03, 0x01, 0xff, 0xff, 0xf0, 0xf5, 0x00, 0x03, 0x01, 0xff, 0xff, 0xf0, 0xf5, 0x00, 0x03, 0x01, 0xff, 0xff, 0xf0, 0xf5, 0x00, 0x03, 0x01, 0xff,
  0xff, 0xf0, 0xf5, 0x00, 0x03, 0x01, 0xff, 0xff, 0xf0, 0xf5, 0x00, 0x03, 0x01, 0xff, 0xff, 0xf0, 0xf5, 0x00, 0x03, 0x01, 0xff, 0xff, 0xe0, 0xf5,
  0x00, 0x03, 0x01, 0xff, 0xff, 0xe0, 0xfb, 0x00, 0x09, 0x07, 0xff, 0xff, 0xc0, 0x00, 0x00, 0x01, 0xff, 0xff, 0xf0, 0xfb, 0x00, 0x09, 0x07, 0xff,
  0xff, 0xc0, 0x00, 0x00, 0x03, 0xff, 0xff, 0xf0, 0xfb, 0x00, 0x09, 0x07, 0xff, 0xff, 0xc0, 0x00, 0x00, 0x01, 0xff, 0xff, 0xe0, 0xfb, 0x00, 0x03,
  0x03, 0xff, 0xff, 0x80, 0xfe, 0x00, 0x02, 0xff, 0xff, 0x80, 0xfa, 0x00, 0x01, 0xff, 0xff, 0xfd, 0x00, 0x01, 0x1f, 0xfc, 0xf9, 0x00, 0x01, 0x3f,
  0xf8, 0x81, 0x00, 0x81, 0x00, 0xb7, 0x00, 0x81, 0x00, 0xda, 0x00, 0x01, 0x1f, 0xf8, 0xf3, 0x00, 0x01, 0x7f, 0xfe, 0xf3, 0x00, 0x01, 0xff, 0xff,
  0xf4, 0x00, 0x03, 0x01, 0xff, 0xff, 0x80, 0xf5, 0x00, 0x03, 0x03, 0xff, 0xff, 0x80, 0xf5, 0x00, 0x03, 0x01, 0xff, 0xff, 0x80, 0xf5, 0x00, 0x03,
  0x01, 0xf8, 0x0f, 0x80, 0xf4, 0x00, 0x01, 0xc0, 0x03, 0x81, 0x00, 0x97, 0x00, 0x03, 0x07, 0xff, 0xff, 0x80, 0xf5, 0x00, 0x03, 0x07, 0xff, 0xff,
  0xc0, 0xf5, 0x00, 0x03, 0x07, 0xff, 0xff, 0xc0, 0xf5, 0x00, 0x03, 0x03, 0xff, 0xff, 0xc0, 0xf5, 0x00, 0x03, 0x03, 0xff, 0xff, 0xc0, 0xf5, 0x00,
  0x09, 0x03, 0xff, 0xff, 0x80, 0x00, 0x00, 0x01, 0xe0, 0x07, 0xf0, 0xfb, 0x00, 0x09, 0x07, 0xff, 0xff, 0xc0, 0x00, 0x00, 0x03, 0xff, 0xff, 0xf0,
  0xfb, 0x00, 0x09, 0x07, 0xff, 0xff, 0xc0, 0x00, 0x00, 0x03, 0xff, 0xff, 0xf0, 0xfb, 0x00, 0x09, 0x07, 0xff, 0xff, 0xc0, 0x00, 0x00, 0x03, 0xff,
  0xff, 0xf0, 0xfb, 0x00, 0x03, 0x03, 0xff, 0xff, 0x80, 0xfe, 0x00, 0x02, 0xff, 0xff, 0x80, 0xfa, 0x00, 0x01, 0xff, 0xfe, 0xfd, 0x00, 0x01, 0x1f,
  0xfc, 0xf9, 0x00, 0x01, 0x1f, 0xf8, 0x81, 0x00, 0x81, 0x00, 0xb7, 0x00, 0x81, 0x00, 0xda, 0x00, 0x01, 0x1f, 0xf8, 0xf3, 0x00, 0x01, 0x7f, 0xfe,
  0xf3, 0x00, 0x01, 0xff, 0xff, 0xf4, 0x00, 0x03, 0x01, 0xff, 0xff, 0x80, 0xf5, 0x00, 0x03, 0x03, 0xff, 0xff, 0x80, 0xf5, 0x00, 0x03, 0x01, 0xff,
  0xff, 0x80, 0xf5, 0x00, 0x03, 0x01, 0xf8, 0x0f, 0x80, 0xf4, 0x00, 0x01, 0xc0, 0x03, 0x81, 0x00, 0xa7, 0x00, 0x01, 0x07, 0x80, 0xfb, 0x00, 0x01,
  0xff, 0xf0, 0xfb, 0x00, 0x09, 0x07, 0xff, 0xff, 0xc0, 0x00, 0x00, 0x03, 0xff, 0xff, 0xf0, 0xfb, 0x00, 0x09, 0x0f, 0xff, 0xff, 0xc0, 0x00, 0x00,
  0x03, 0xff, 0xff, 0xf0, 0xfb, 0x00, 0x09, 0x07, 0xff, 0xff, 0xc0, 0x00, 0x00, 0x03, 0xff, 0xff, 0xf0, 0xfb, 0x00, 0x09, 0x07, 0xff, 0xff, 0xc0,
  0x00, 0x00, 0x03, 0xff, 0xff, 0xe0, 0xfb, 0x00, 0x09, 0x07, 0xff, 0xff, 0xc0, 0x00, 0x00, 0x03, 0xff, 0xff, 0xe0, 0xfb, 0x00, 0x09, 0x03, 0xff,
  0xff, 0xc0, 0x00, 0x00, 0x01, 0xff, 0xff, 0xe0, 0xfb, 0x00, 0x09, 0x03, 0xff, 0xff, 0x80, 0x00, 0x00, 0x01, 0xff, 0xff, 0xf0, 0xfb, 0x00, 0x09,
  0x01, 0xff, 0xff, 0x80, 0x00, 0x00, 0x01, 0xff, 0xff, 0xf0, 0xfa, 0x00, 0x01, 0xff, 0xff, 0xfe, 0x00, 0x03, 0x01, 0xff, 0xff, 0xe0, 0xfa, 0x00,
  0x01, 0x7f, 0xfc, 0xfd, 0x00, 0x01, 0x7f, 0xff, 0xf9, 0x00, 0x01, 0x03, 0xc0, 0xfd, 0x00, 0x01, 0x0f, 0xf8, 0x81, 0x00, 0x81, 0x00, 0xad, 0x00,
  0x81, 0x00, 0xda, 0x00, 0x01, 0x1f, 0xf8, 0xf3, 0x00, 0x01, 0x7f, 0xfe, 0xf6, 0x00, 0x07, 0x0f, 0xf0, 0x00, 0xff, 0xff, 0x00, 0x07, 0xf0, 0xf9,
  0x00, 0x07, 0x7f, 0xfe, 0x01, 0xff, 0xff, 0x80, 0x3f, 0xfc, 0xf9, 0x00, 0x07, 0xff, 0xff, 0x03, 0xff, 0xff, 0x80, 0x7f, 0xfe, 0xf9, 0x00, 0x07,
  0xff, 0xff, 0x03, 0xff, 0xff, 0x80, 0xff, 0xff, 0xfa, 0x00, 0x09, 0x01, 0xff, 0xff, 0x81, 0xf8, 0x0f, 0x80, 0xff, 0xff, 0x80, 0xfb, 0x00, 0x09,
  0x03, 0xff, 0xff, 0x81, 0xc0, 0x03, 0x01, 0xff, 0xff, 0x80, 0xfb, 0x00, 0x09, 0x03, 0xff, 0xff, 0x80, 0x00, 0x00, 0x01, 0xff, 0xff, 0xc0, 0xfb,
  0x00, 0x09, 0x03, 0xff, 0xff, 0x80, 0x00, 0x00, 0x01, 0xff, 0xff, 0xc0, 0xfb, 0x00, 0x09, 0x03, 0xff, 0xff, 0x80, 0x00, 0x00, 0x01, 0xff, 0xff,
  0xc0, 0xfb, 0x00, 0x09, 0x07, 0xff, 0xff, 0x80, 0x00, 0x00, 0x01, 0xff, 0xff, 0xe0, 0xfb, 0x00, 0x09, 0x07, 0xff, 0xff, 0x80, 0x00, 0x00, 0x01,
  0xff, 0xff, 0xe0, 0xfb, 0x00, 0x09, 0x07, 0xff, 0xff, 0x80, 0x00, 0x00, 0x01, 0xff, 0xff, 0xe0, 0xfb, 0x00, 0x09, 0x07, 0xff, 0xff, 0x80, 0x00,
  0x00, 0x01, 0xff, 0xff, 0xe0, 0xfb, 0x00, 0x09, 0x07, 0xff, 0xff, 0x80, 0x00, 0x00, 0x01, 0xff, 0xff, 0xe0, 0xfb, 0x00, 0x09, 0x07, 0xff, 0xff,
  0x80, 0x00, 0x00, 0x01, 0xff, 0xff, 0xe0, 0xfb, 0x00, 0x09, 0x07, 0xff, 0xff, 0x80, 0x00, 0x00, 0x01, 0xff, 0xff, 0xe0, 0xfb, 0x00, 0x09, 0x07,
  0xff, 0xff, 0x80, 0x00, 0x00, 0x01, 0xff, 0xff, 0xe0, 0xfb, 0x00, 0x09, 0x07, 0xff, 0xff, 0x80, 0x00, 0x00, 0x01, 0xff, 0xff, 0xe0, 0xfb, 0x00,
  0x09, 0x07, 0xff, 0xff, 0x80, 0x00, 0x00, 0x01, 0xff, 0xff, 0xe0, 0xfb, 0x00, 0x09, 0x07, 0xff, 0xff, 0x80, 0x00, 0x00, 0x01, 0xff, 0xff, 0xf0,
  0xfb, 0x00, 0x09, 0x07, 0xff, 0xff, 0xc0, 0x00, 0x00, 0x03, 0xff, 0xff, 0xf0, 0xfb, 0x00, 0x09, 0x07, 0xff, 0xff, 0x80, 0x00, 0x00, 0x03, 0xff,
  0xff, 0xf0, 0xfb, 0x00, 0x09, 0x07, 0xff, 0xff, 0x80, 0x00, 0x00, 0x03, 0xff, 0xff, 0xf0, 0xfb, 0x00, 0x09, 0x07, 0xff, 0xff, 0x80, 0x00, 0x00,
  0x03, 0xff, 0xff, 0xe0, 0xfb, 0x00, 0x09, 0x03, 0xff, 0xff, 0x80, 0x00, 0x00, 0x03, 0xff, 0xff, 0xe0, 0xfb, 0x00, 0x09, 0x03, 0xff, 0xff, 0x80,
  0x00, 0x00, 0x01, 0xff, 0xff, 0xc0, 0xfb, 0x00, 0x09, 0x01, 0xff, 0xff, 0x80, 0x00, 0x00, 0x01, 0xff, 0xff, 0xc0, 0xfb, 0x00, 0x02, 0x01, 0xff,
  0xff, 0xfd, 0x00, 0x02, 0xff, 0xff, 0x80, 0xfa, 0x00, 0x01, 0xff, 0xfe, 0xfd, 0x00, 0x01, 0x7f, 0xff, 0xf9, 0x00, 0x01, 0x3f, 0xf8, 0xfd, 0x00,
  0x01, 0x0f, 0xf0, 0x81, 0x00, 0x81, 0x00, 0x9d, 0x00, 0x81, 0x00, 0xda, 0x00, 0x01, 0x1f, 0xf8, 0xf3, 0x00, 0x01, 0x7f, 0xfe, 0xf3, 0x00, 0x04,
  0xff, 0xff, 0x00, 0x1f, 0xf8, 0xf9, 0x00, 0x07, 0x1f, 0xf8, 0x01, 0xff, 0xff, 0x80, 0x7f, 0xfe, 0xf9, 0x00, 0x07, 0x7f, 0xfe, 0x03, 0xff, 0xff,
  0x80, 0xff, 0xff, 0xf9, 0x00, 0x08, 0xff, 0xff, 0x01, 0xff, 0xff, 0x80, 0xff, 0xff, 0x80, 0xfb, 0x00, 0x09, 0x01, 0xff, 0xff, 0x81, 0xf8, 0x0f,
  0x81, 0xff, 0xff, 0x80, 0xfb, 0x00, 0x09, 0x03, 0xff, 0xff, 0x81, 0xc0, 0x03, 0x01, 0xff, 0xff, 0xc0, 0xfb, 0x00, 0x09, 0x03, 0xff, 0xff, 0x80,
  0x00, 0x00, 0x01, 0xff, 0xff, 0xc0, 0xfb, 0x00, 0x09, 0x03, 0xff, 0xff, 0x80, 0x00, 0x00, 0x01, 0xff, 0xff, 0xc0, 0xfb, 0x00, 0x09, 0x07, 0xff,
  0xff, 0x80, 0x00, 0x00, 0x01, 0xff, 0xff, 0xe0, 0xfb, 0x00, 0x09, 0x07, 0xff, 0xff, 0x80, 0x00, 0x00, 0x01, 0xff, 0xff, 0xe0, 0xfb, 0x00, 0x09,
  0x07, 0xff, 0xff, 0x80, 0x00, 0x00, 0x01, 0xff, 0xff, 0xe0, 0xfb, 0x00, 0x09, 0x07, 0xff, 0xff, 0x80, 0x00, 0x00, 0x01, 0xff, 0xff, 0xe0, 0xfb,
  0x00, 0x09, 0x07, 0xff, 0xff, 0x80, 0x00, 0x00, 0x01, 0xff, 0xff, 0xe0, 0xfb, 0x00, 0x09, 0x07, 0xff, 0xff, 0x80, 0x00, 0x00, 0x01, 0xff, 0xff,
  0xf0, 0xfb, 0x00, 0x09, 0x07, 0xff, 0xff, 0x80, 0x00, 0x00, 0x01, 0xff, 0xff, 0xf0, 0xfb, 0x00, 0x09, 0x07, 0xff, 0xff, 0x80, 0x00, 0x00, 0x01,
  0xff, 0xff, 0xf0, 0xfb, 0x00, 0x09, 0x07, 0xff, 0xff, 0x80, 0x00, 0x00, 0x01, 0xff, 0xff, 0xf0, 0xfb, 0x00, 0x09, 0x07, 0xff, 0xff, 0x80, 0x00,
  0x00, 0x01, 0xff, 0xff, 0xf0, 0xfb, 0x00, 0x09, 0x07, 0xff, 0xff, 0x80, 0x00, 0x00, 0x01, 0xff, 0xff, 0xe0, 0xfb, 0x00, 0x09, 0x07, 0xff, 0xff,
  0xc0, 0x00, 0x00, 0x01, 0xff, 0xff, 0xe0, 0xfb, 0x00, 0x09, 0x07, 0xff, 0xff, 0xc0, 0x00, 0x00, 0x01, 0xff, 0xff, 0xe0, 0xfb, 0x00, 0x09, 0x07,
  0xff, 0xff, 0xc0, 0x00, 0x00, 0x01, 0xff, 0xff, 0xe0, 0xfb, 0x00, 0x09, 0x07, 0xff, 0xff, 0xc0, 0x00, 0x00, 0x01, 0xff, 0xff, 0xe0, 0xfb, 0x00,
  0x09, 0x07, 0xff, 0xff, 0xc0, 0x00, 0x00, 0x01, 0xff, 0xff, 0xe0, 0xfb, 0x00, 0x09, 0x03, 0xff, 0xff, 0xc0, 0x00, 0x00, 0x01, 0xff, 0xff, 0xc0,
  0xfb, 0x00, 0x09, 0x03, 0xff, 0xff, 0x80, 0x00, 0x00, 0x01, 0xff, 0xff, 0xc0, 0xfb, 0x00, 0x03, 0x01, 0xff, 0xff, 0x80, 0xfe, 0x00, 0x02, 0xff,
  0xff, 0x80, 0xfb, 0x00, 0x03, 0x01, 0xff, 0xff, 0x80, 0xfe, 0x00, 0x02, 0x7f, 0xff, 0x80, 0xfa, 0x00, 0x01, 0xff, 0xff, 0xfd, 0x00, 0x01, 0x3f,
  0xfe, 0xf9, 0x00, 0x01, 0x3f, 0xfc, 0xfd, 0x00, 0x01, 0x03, 0xe0, 0xf9, 0x00, 0x01, 0x03, 0x80, 0x81, 0x00, 0x81, 0x00, 0xa7, 0x00, 0x81, 0x00,
  0xda, 0x00, 0x01, 0x1f, 0xf8, 0xf3, 0x00, 0x01, 0x7f, 0xfe, 0xf3, 0x00, 0x04, 0xff, 0xff, 0x00, 0x0f, 0xf8, 0xf9, 0x00, 0x07, 0x1f, 0xf8, 0x01,
  0xff, 0xff, 0x80, 0x7f, 0xfe, 0xf9, 0x00, 0x07, 0x7f, 0xfe, 0x03, 0xff, 0xff, 0x80, 0x7f, 0xff, 0xf9, 0x00, 0x08, 0xff, 0xff, 0x03, 0xff, 0xff,
  0x80, 0xff, 0xff, 0x80, 0xfb, 0x00, 0x09, 0x01, 0xff, 0xff, 0x81, 0xf8, 0x0f, 0x81, 0xff, 0xff, 0x80, 0xfb, 0x00, 0x09, 0x03, 0xff, 0xff, 0x81,
  0xc0, 0x03, 0x01, 0xff, 0xff, 0xc0, 0xfb, 0x00, 0x09, 0x03, 0xff, 0xff, 0x80, 0x00, 0x00, 0x01, 0xff, 0xff, 0xc0, 0xfb, 0x00, 0x09, 0x03, 0xff,
  0xff, 0x80, 0x00, 0x00, 0x01, 0xff, 0xff, 0xc0, 0xfb, 0x00, 0x09, 0x07, 0xff, 0xff, 0x80, 0x00, 0x00, 0x01, 0xff, 0xff, 0xe0, 0xfb, 0x00, 0x09,
  0x07, 0xff, 0xff, 0x80, 0x00, 0x00, 0x01, 0xff, 0xff, 0xe0, 0xfb, 0x00, 0x09, 0x07, 0xff, 0xff, 0x80, 0x00, 0x00, 0x01, 0xff, 0xff, 0xe0, 0xfb,
  0x00, 0x09, 0x07, 0xff, 0xff, 0x80, 0x00, 0x00, 0x01, 0xff, 0xff, 0xf0, 0xfb, 0x00, 0x09, 0x07, 0xff, 0xff, 0x80, 0x00, 0x00, 0x01, 0xff, 0xff,
  0xf0, 0xfb, 0x00, 0x09, 0x07, 0xff, 0xff, 0x80, 0x00, 0x00, 0x01, 0xff, 0xff, 0xf0, 0xfb, 0x00, 0x09, 0x0f, 0xff, 0xff, 0x80, 0x00, 0x00, 0x01,
  0xff, 0xff, 0xf0, 0xfb, 0x00, 0x09, 0x0f, 0xff, 0xff, 0x80, 0x00, 0x00, 0x01, 0xff, 0xff, 0xf0, 0xfb, 0x00, 0x09, 0x0f, 0xff, 0xff, 0x80, 0x00,
  0x00, 0x01, 0xff, 0xff, 0xf0, 0xfb, 0x00, 0x09, 0x0f, 0xff, 0xff, 0x80, 0x00, 0x00, 0x01, 0xff, 0xff, 0xf0, 0xfb, 0x00, 0x09, 0x0f, 0xff, 0xff,
  0x80, 0x00, 0x00, 0x01, 0xff, 0xff, 0xf0, 0xfb, 0x00, 0x09, 0x07, 0xff, 0xff, 0xc0, 0x00, 0x00, 0x01, 0xff, 0xff, 0xf0, 0xfb, 0x00, 0x09, 0x07,
  0xff, 0xff, 0xc0, 0x00, 0x00, 0x01, 0xff, 0xff, 0xf0, 0xfb, 0x00, 0x09, 0x07, 0xff, 0xff, 0xc0, 0x00, 0x00, 0x01, 0xff, 0xff, 0xe0, 0xfb, 0x00,
  0x09, 0x07, 0xff, 0xff, 0xc0, 0x00, 0x00, 0x01, 0xff, 0xff, 0xe0, 0xfb, 0x00, 0x09, 0x07, 0xff, 0xff, 0xc0, 0x00, 0x00, 0x01, 0xff, 0xff, 0xe0,
  0xfb, 0x00, 0x09, 0x07, 0xff, 0xff, 0xc0, 0x00, 0x00, 0x01, 0xff, 0xff, 0xc0, 0xfb, 0x00, 0x09, 0x03, 0xff, 0xff, 0x80, 0x00, 0x00, 0x01, 0xff,
  0xff, 0xc0, 0xfb, 0x00, 0x03, 0x01, 0xff, 0xff, 0x80, 0xfe, 0x00, 0x02, 0xff, 0xff, 0xc0, 0xfb, 0x00, 0x03, 0x01, 0xff, 0xff, 0x80, 0xfe, 0x00,
  0x02, 0x7f, 0xff, 0x80, 0xfa, 0x00, 0x01, 0xff, 0xfe, 0xfd, 0x00, 0x01, 0x3f, 0xfe, 0xf9, 0x00, 0x01, 0x3f, 0xfc, 0xfd, 0x00, 0x01, 0x03, 0xd0,
  0xf9, 0x00, 0x01, 0x03, 0x80, 0x81, 0x00, 0x81, 0x00, 0xa7, 0x00, 0x81, 0x00, 0xda, 0x00, 0x01, 0x1f, 0xf8, 0xf3, 0x00, 0x01, 0x7f, 0xfe, 0xf3,
  0x00, 0x04, 0xff, 0xff, 0x00, 0x07, 0xf0, 0xf9, 0x00, 0x07, 0x1f, 0xf8, 0x01, 0xff, 0xff, 0x80, 0x3f, 0xfe, 0xf9, 0x00, 0x07, 0x7f, 0xfe, 0x03,
  0xff, 0xff, 0x80, 0x7f, 0xff, 0xf9, 0x00, 0x08, 0xff, 0xff, 0x03, 0xff, 0x7f, 0x80, 0xff, 0xff, 0x80, 0xfb, 0x00, 0x09, 0x01, 0xff, 0xff, 0x81,
  0xf0, 0x0f, 0x81, 0xff, 0xff, 0x80, 0xfb, 0x00, 0x09, 0x03, 0xff, 0xff, 0x81, 0xc0, 0x03, 0x01, 0xff, 0xff, 0xc0, 0xfb, 0x00, 0x09, 0x03, 0xff,
  0xff, 0x80, 0x00, 0x00, 0x01, 0xff, 0xff, 0xc0, 0xfb, 0x00, 0x09, 0x03, 0xff, 0xff, 0x80, 0x00, 0x00, 0x01, 0xff, 0xff, 0xc0, 0xfb, 0x00, 0x09,
  0x07, 0xff, 0xff, 0x80, 0x00, 0x00, 0x01, 0xff, 0xff, 0xe0, 0xfb, 0x00, 0x09, 0x07, 0xff, 0xff, 0x80, 0x00, 0x00, 0x01, 0xff, 0xff, 0xe0, 0xfb,
  0x00, 0x09, 0x07, 0xff, 0xff, 0x80, 0x00, 0x00, 0x01, 0xff, 0xff, 0xe0, 0xfb, 0x00, 0x09, 0x07, 0xff, 0xff, 0x80, 0x00, 0x00, 0x01, 0xff, 0xff,
  0xf0, 0xfb, 0x00, 0x09, 0x07, 0xff, 0xff, 0x80, 0x00, 0x00, 0x01, 0xff, 0xff, 0xf0, 0xfb, 0x00, 0x09, 0x07, 0xff, 0xff, 0x80, 0x00, 0x00, 0x01,
  0xff, 0xff, 0xf0, 0xfb, 0x00, 0x09, 0x07, 0xff, 0xff, 0x80, 0x00, 0x00, 0x01, 0xff, 0xff, 0xf0, 0xfb, 0x00, 0x09, 0x07, 0xff, 0xff, 0x80, 0x00,
  0x00, 0x01, 0xff, 0xff, 0xf0, 0xfb, 0x00, 0x09, 0x0f, 0xff, 0xff, 0x80, 0x00, 0x00, 0x01, 0xff, 0xff, 0xf0, 0xfb, 0x00, 0x09, 0x0f, 0xff, 0xff,
  0x80, 0x00, 0x00, 0x01, 0xff, 0xff, 0xf0, 0xfb, 0x00, 0x09, 0x07, 0xff, 0xff, 0x80, 0x00, 0x00, 0x01, 0xff, 0xff, 0xf0, 0xfb, 0x00, 0x09, 0x07,
  0xff, 0xff, 0xc0, 0x00, 0x00, 0x01, 0xff, 0xff, 0xf0, 0xfb, 0x00, 0x09, 0x07, 0xff, 0xff, 0xc0, 0x00, 0x00, 0x01, 0xff, 0xff, 0xf0, 0xfb, 0x00,
  0x09, 0x07, 0xff, 0xff, 0xc0, 0x00, 0x00, 0x01, 0xff, 0xff, 0xe0, 0xfb, 0x00, 0x09, 0x07, 0xff, 0xff, 0xc0, 0x00, 0x00, 0x01, 0xff, 0xff, 0xe0,
  0xfb, 0x00, 0x09, 0x07, 0xff, 0xff, 0xc0, 0x00, 0x00, 0x01, 0xff, 0xff, 0xe0, 0xfb, 0x00, 0x09, 0x07, 0xff, 0xff, 0xc0, 0x00, 0x00, 0x01, 0xff,
  0xff, 0xc0, 0xfb, 0x00, 0x09, 0x03, 0xff, 0xff, 0x80, 0x00, 0x00, 0x01, 0xff, 0xff, 0xc0, 0xfb, 0x00, 0x03, 0x03, 0xff, 0xff, 0x80, 0xfe, 0x00,
  0x02, 0xff, 0xff, 0xc0, 0xfb, 0x00, 0x03, 0x01, 0xff, 0xff, 0x80, 0xfe, 0x00, 0x02, 0xff, 0xff, 0x80, 0xfa, 0x00, 0x01, 0xff, 0xff, 0xfd, 0x00,
  0x01, 0x3f, 0xfe, 0xf9, 0x00, 0x01, 0x3f, 0xfc, 0xfd, 0x00, 0x01, 0x03, 0xd0, 0xf9, 0x00, 0x01, 0x03, 0x80, 0x81, 0x00, 0x81, 0x00, 0xa7, 0x00,
  0x81, 0x00, 0xda, 0x00, 0x01, 0x1f, 0xf8, 0xf3, 0x00, 0x01, 0x7f, 0xfe, 0xf3, 0x00, 0x04, 0xff, 0xff, 0x00, 0x07, 0xf0, 0xf9, 0x00, 0x07, 0x1f,
  0xf8, 0x01, 0xff, 0xff, 0x80, 0x3f, 0xfe, 0xf9, 0x00, 0x07, 0x7f, 0xfe, 0x03, 0xff, 0xff, 0x80, 0x7f, 0xff, 0xf9, 0x00, 0x08, 0xff, 0xff, 0x03,
  0xff, 0xff, 0x80, 0xff, 0xff, 0x80, 0xfb, 0x00, 0x09, 0x01, 0xff, 0xff, 0x83, 0xf8, 0x0f, 0x81, 0xff, 0xff, 0x80, 0xfb, 0x00, 0x09, 0x03, 0xff,
  0xff, 0x81, 0xc0, 0x07, 0x01, 0xff, 0xff, 0xc0, 0xfb, 0x00, 0x09, 0x03, 0xff, 0xff, 0x80, 0x00, 0x00, 0x01, 0xff, 0xff, 0xc0, 0xfb, 0x00, 0x09,
  0x03, 0xff, 0xff, 0x80, 0x00, 0x00, 0x01, 0xff, 0xff, 0xc0, 0xfb, 0x00, 0x09, 0x07, 0xff, 0xff, 0x80, 0x00, 0x00, 0x01, 0xff, 0xff, 0xe0, 0xfb,
  0x00, 0x09, 0x07, 0xff, 0xff, 0x80, 0x00, 0x00, 0x01, 0xff, 0xff, 0xe0, 0xfb, 0x00, 0x09, 0x07, 0xff, 0xff, 0x80, 0x00, 0x00, 0x01, 0xff, 0xff,
  0xe0, 0xfb, 0x00, 0x09, 0x07, 0xff, 0xff, 0x80, 0x00, 0x00, 0x01, 0xff, 0xff, 0xf0, 0xfb, 0x00, 0x09, 0x07, 0xff, 0xff, 0x80, 0x00, 0x00, 0x01,
  0xff, 0xff, 0xf0, 0xfb, 0x00, 0x09, 0x07, 0xff, 0xff, 0x80, 0x00, 0x00, 0x01, 0xff, 0xff, 0xf0, 0xfb, 0x00, 0x09, 0x07, 0xff, 0xff, 0x80, 0x00,
  0x00, 0x01, 0xff, 0xff, 0xf0, 0xfb, 0x00, 0x09, 0x07, 0xff, 0xff, 0x80, 0x00, 0x00, 0x01, 0xff, 0xff, 0xf0, 0xfb, 0x00, 0x09, 0x0f, 0xff, 0xff,
  0x80, 0x00, 0x00, 0x01, 0xff, 0xff, 0xf0, 0xfb, 0x00, 0x09, 0x0f, 0xff, 0xff, 0x80, 0x00, 0x00, 0x01, 0xff, 0xff, 0xf0, 0xfb, 0x00, 0x09, 0x07,
  0xff, 0xff, 0x80, 0x00, 0x00, 0x01, 0xff, 0xff, 0xf0, 0xfb, 0x00, 0x09, 0x07, 0xff, 0xff, 0xc0, 0x00, 0x00, 0x01, 0xff, 0xff, 0xf0, 0xfb, 0x00,
  0x09, 0x07, 0xff, 0xff, 0xc0, 0x00, 0x00, 0x01, 0xff, 0xff, 0xf0, 0xfb, 0x00, 0x09, 0x07, 0xff, 0xff, 0xc0, 0x00, 0x00, 0x01, 0xff, 0xff, 0xe0,
  0xfb, 0x00, 0x09, 0x07, 0xff, 0xff, 0xc0, 0x00, 0x00, 0x01, 0xff, 0xff, 0xe0, 0xfb, 0x00, 0x09, 0x07, 0xff, 0xff, 0xc0, 0x00, 0x00, 0x01, 0xff,
  0xff, 0xe0, 0xfb, 0x00, 0x09, 0x07, 0xff, 0xff, 0xc0, 0x00, 0x00, 0x01, 0xff, 0xff, 0xc0, 0xfb, 0x00, 0x09, 0x03, 0xff, 0xff, 0x80, 0x00, 0x00,
  0x01, 0xff, 0xff, 0xc0, 0xfb, 0x00, 0x03, 0x03, 0xff, 0xff, 0x80, 0xfe, 0x00, 0x02, 0xff, 0xff, 0xc0, 0xfb, 0x00, 0x03, 0x01, 0xff, 0xff, 0x80,
  0xfe, 0x00, 0x02, 0xff, 0xff, 0x80, 0xfa, 0x00, 0x01, 0xff, 0xff, 0xfd, 0x00, 0x01, 0x3f, 0xfe, 0xf9, 0x00, 0x01, 0x3f, 0xfc, 0xfd, 0x00, 0x01,
  0x03, 0xd0, 0xf9, 0x00, 0x01, 0x03, 0x80, 0x81, 0x00, 0x81, 0x00, 0xa7, 0x00, 0x81, 0x00, 0xda, 0x00, 0x01, 0x1f, 0xf8, 0xf3, 0x00, 0x01, 0x7f,
  0xfe, 0xf3, 0x00, 0x04, 0xff, 0xff, 0x00, 0x03, 0xe0, 0xf9, 0x00, 0x07, 0x1f, 0xf8, 0x01, 0xff, 0xff, 0x80, 0x3f, 0xfc, 0xf9, 0x00, 0x07, 0x7f,
  0xfe, 0x03, 0xff, 0xff, 0x80, 0x7f, 0xff, 0xf9, 0x00, 0x08, 0xff, 0xff, 0x03, 0xff, 0xff, 0x80, 0xff, 0xff, 0x80, 0xfb, 0x00, 0x09, 0x01, 0xff,
  0xff, 0x81, 0xf8, 0x0f, 0x81, 0xff, 0xff, 0x80, 0xfb, 0x00, 0x09, 0x01, 0xff, 0xff, 0x81, 0xc0, 0x07, 0x01, 0xff, 0xff, 0xc0, 0xfb, 0x00, 0x09,
  0x03, 0xff, 0xff, 0x80, 0x00, 0x00, 0x01, 0xff, 0xff, 0xc0, 0xfb, 0x00, 0x09, 0x03, 0xff, 0xff, 0x80, 0x00, 0x00, 0x01, 0xff, 0xff, 0xc0, 0xfb,
  0x00, 0x09, 0x07, 0xff, 0xff, 0x80, 0x00, 0x00, 0x01, 0xff, 0xff, 0xe0, 0xfb, 0x00, 0x09, 0x07, 0xff, 0xff, 0x80, 0x00, 0x00, 0x01, 0xff, 0xff,
  0xe0, 0xfb, 0x00, 0x09, 0x07, 0xff, 0xff, 0x80, 0x00, 0x00, 0x01, 0xff, 0xff, 0xe0, 0xfb, 0x00, 0x09, 0x07, 0xff, 0xff, 0x80, 0x00, 0x00, 0x01,
  0xff, 0xff, 0xf0, 0xfb, 0x00, 0x09, 0x07, 0xff, 0xff, 0x80, 0x00, 0x00, 0x01, 0xff, 0xff, 0xf0, 0xfb, 0x00, 0x09, 0x07, 0xff, 0xff, 0x80, 0x00,
  0x00, 0x01, 0xff, 0xff, 0xf0, 0xfb, 0x00, 0x09, 0x07, 0xff, 0xff, 0x80, 0x00, 0x00, 0x01, 0xff, 0xff, 0xf0, 0xfb, 0x00, 0x09, 0x07, 0xff, 0xff,
  0x80, 0x00, 0x00, 0x01, 0xff, 0xff, 0xf0, 0xfb, 0x00, 0x09, 0x0f, 0xff, 0xff, 0x80, 0x00, 0x00, 0x01, 0xff, 0xff, 0xf0, 0xfb, 0x00, 0x09, 0x0f,
  0xff, 0xff, 0x80, 0x00, 0x00, 0x01, 0xff, 0xff, 0xf0, 0xfb, 0x00, 0x09, 0x07, 0xff, 0xff, 0x80, 0x00, 0x00, 0x01, 0xff, 0xff, 0xf0, 0xfb, 0x00,
  0x09, 0x07, 0xff, 0xff, 0xc0, 0x00, 0x00, 0x01, 0xff, 0xff, 0xf0, 0xfb, 0x00, 0x09, 0x07, 0xff, 0xff, 0xc0, 0x00, 0x00, 0x01, 0xff, 0xff, 0xf0,
  0xfb, 0x00, 0x09, 0x07, 0xff, 0xff, 0xc0, 0x00, 0x00, 0x01, 0xff, 0xff, 0xe0, 0xfb, 0x00, 0x09, 0x07, 0xff, 0xff, 0xc0, 0x00, 0x00, 0x01, 0xff,
  0xff, 0xe0, 0xfb, 0x00, 0x09, 0x07, 0xff, 0xff, 0xc0, 0x00, 0x00, 0x01, 0xff, 0xff, 0xe0, 0xfb, 0x00, 0x09, 0x07, 0xff, 0xff, 0xc0, 0x00, 0x00,
  0x01, 0xff, 0xff, 0xc0, 0xfb, 0x00, 0x09, 0x03, 0xff, 0xff, 0x80, 0x00, 0x00, 0x01, 0xff, 0xff, 0xc0, 0xfb, 0x00, 0x03, 0x03, 0xff, 0xff, 0x80,
  0xfe, 0x00, 0x02, 0xff, 0xff, 0xc0, 0xfb, 0x00, 0x03, 0x01, 0xff, 0xff, 0x80, 0xfe, 0x00, 0x02, 0xff, 0xff, 0x80, 0xfa, 0x00, 0x01, 0xff, 0xff,
  0xfd, 0x00, 0x01, 0x3f, 0xff, 0xf9, 0x00, 0x01, 0x3f, 0xfc, 0xfd, 0x00, 0x01, 0x0f, 0xf8, 0xf9, 0x00, 0x01, 0x07, 0x80, 0x81, 0x00, 0x81, 0x00,
  0xa7, 0x00, 0x81, 0x00, 0xda, 0x00, 0x01, 0x1f, 0xf8, 0xf3, 0x00, 0x01, 0x7f, 0xfe, 0xf3, 0x00, 0x04, 0xff, 0xff, 0x00, 0x07, 0xf0, 0xf9, 0x00,
  0x07, 0x1f, 0xf8, 0x01, 0xff, 0xff, 0x80, 0x3f, 0xfe, 0xf9, 0x00, 0x07, 0x7f, 0xfe, 0x03, 0xff, 0xff, 0x80, 0x7f, 0xff, 0xf9, 0x00, 0x08, 0xff,
  0xff, 0x03, 0xff, 0xff, 0x80, 0xff, 0xff, 0x80, 0xfb, 0x00, 0x09, 0x01, 0xff, 0xff, 0x83, 0xf8, 0x0f, 0x81, 0xff, 0xff, 0x80, 0xfb, 0x00, 0x09,
  0x03, 0xff, 0xff, 0x81, 0xc0, 0x07, 0x01, 0xff, 0xff, 0xc0, 0xfb, 0x00, 0x09, 0x03, 0xff, 0xff, 0x80, 0x00, 0x00, 0x01, 0xff, 0xff, 0xc0, 0xfb,
  0x00, 0x09, 0x03, 0xff, 0xff, 0x80, 0x00, 0x00, 0x01, 0xff, 0xff, 0xc0, 0xfb, 0x00, 0x09, 0x07, 0xff, 0xff, 0x80, 0x00, 0x00, 0x01, 0xff, 0xff,
  0xe0, 0xfb, 0x00, 0x09, 0x07, 0xff, 0xff, 0x80, 0x00, 0x00, 0x01, 0xff, 0xff, 0xe0, 0xfb, 0x00, 0x09, 0x07, 0xff, 0xff, 0x80, 0x00, 0x00, 0x01,
  0xff, 0xff, 0xe0, 0xfb, 0x00, 0x09, 0x07, 0xff, 0xff, 0x80, 0x00, 0x00, 0x01, 0xff, 0xff, 0xf0, 0xfb, 0x00, 0x09, 0x07, 0xff, 0xff, 0x80, 0x00,
  0x00, 0x01, 0xff, 0xff, 0xf0, 0xfb, 0x00, 0x09, 0x07, 0xff, 0xff, 0x80, 0x00, 0x00, 0x01, 0xff, 0xff, 0xf0, 0xfb, 0x00, 0x09, 0x0f, 0xff, 0xff,
  0x80, 0x00, 0x00, 0x01, 0xff, 0xff, 0xf0, 0xfb, 0x00, 0x09, 0x0f, 0xff, 0xff, 0x80, 0x00, 0x00, 0x01, 0xff, 0xff, 0xf0, 0xfb, 0x00, 0x09, 0x0f,
  0xff, 0xff, 0x80, 0x00, 0x00, 0x01, 0xff, 0xff, 0xf0, 0xfb, 0x00, 0x09, 0x0f, 0xff, 0xff, 0x80, 0x00, 0x00, 0x01, 0xff, 0xff, 0xf0, 0xfb, 0x00,
  0x09, 0x0f, 0xff, 0xff, 0x80, 0x00, 0x00, 0x01, 0xff, 0xff, 0xf0, 0xfb, 0x00, 0x09, 0x0f, 0xff, 0xff, 0xc0, 0x00, 0x00, 0x01, 0xff, 0xff, 0xf0,
  0xfb, 0x00, 0x09, 0x07, 0xff, 0xff, 0xc0, 0x00, 0x00, 0x01, 0xff, 0xff, 0xf0, 0xfb, 0x00, 0x09, 0x07, 0xff, 0xff, 0xc0, 0x00, 0x00, 0x01, 0xff,
  0xff, 0xe0, 0xfb, 0x00, 0x09, 0x07, 0xff, 0xff, 0xc0, 0x00, 0x00, 0x01, 0xff, 0xff, 0xe0, 0xfb, 0x00, 0x09, 0x07, 0xff, 0xff, 0xc0, 0x00, 0x00,
  0x01, 0xff, 0xff, 0xe0, 0xfb, 0x00, 0x09, 0x07, 0xff, 0xff, 0xc0, 0x00, 0x00, 0x01, 0xff, 0xff, 0xc0, 0xfb, 0x00, 0x09, 0x03, 0xff, 0xff, 0x80,
  0x00, 0x00, 0x01, 0xff, 0xff, 0xc0, 0xfb, 0x00, 0x03, 0x03, 0xff, 0xff, 0x80, 0xfe, 0x00, 0x02, 0xff, 0xff, 0xc0, 0xfb, 0x00, 0x03, 0x01, 0xff,
  0xff, 0x80, 0xfe, 0x00, 0x02, 0xff, 0xff, 0x80, 0xfa, 0x00, 0x01, 0xff, 0xff, 0xfd, 0x00, 0x01, 0x3f, 0xff, 0xf9, 0x00, 0x01, 0x3f, 0xfc, 0xfd,
  0x00, 0x01, 0x0f, 0xf8, 0xf9, 0x00, 0x01, 0x07, 0x80, 0x81, 0x00, 0x81, 0x00, 0xa7, 0x00, 0x81, 0x00, 0xda, 0x00, 0x01, 0x1f, 0xf8, 0xf3, 0x00,
  0x01, 0x7f, 0xfe, 0xf3, 0x00, 0x04, 0xff, 0xff, 0x00, 0x03, 0x80, 0xf9, 0x00, 0x07, 0x1f, 0xf8, 0x01, 0xff, 0xff, 0x80, 0x3f, 0xfc, 0xf9, 0x00,
  0x07, 0x7f, 0xfe, 0x03, 0xff, 0xff, 0x80, 0x7f, 0xff, 0xf9, 0x00, 0x08, 0xff, 0xff, 0x03, 0xff, 0xff, 0x80, 0xff, 0xff, 0x80, 0xfb, 0x00, 0x09,
  0x01, 0xff, 0xff, 0x81, 0xf8, 0x0f, 0x81, 0xff, 0xff, 0x80, 0xfb, 0x00, 0x09, 0x01, 0xff, 0xff, 0x81, 0xc0, 0x07, 0x01, 0xff, 0xff, 0xc0, 0xfb,
  0x00, 0x09, 0x03, 0xff, 0xff, 0x80, 0x00, 0x00, 0x01, 0xff, 0xff, 0xc0, 0xfb, 0x00, 0x09, 0x03, 0xff, 0xff, 0x80, 0x00, 0x00, 0x01, 0xff, 0xff,
  0xc0, 0xfb, 0x00, 0x09, 0x07, 0xff, 0xff, 0x80, 0x00, 0x00, 0x01, 0xff, 0xff, 0xe0, 0xfb, 0x00, 0x09, 0x07, 0xff, 0xff, 0x80, 0x00, 0x00, 0x01,
  0xff, 0xff, 0xe0, 0xfb, 0x00, 0x09, 0x07, 0xff, 0xff, 0x80, 0x00, 0x00, 0x01, 0xff, 0xff, 0xe0, 0xfb, 0x00, 0x09, 0x07, 0xff, 0xff, 0x80, 0x00,
  0x00, 0x01, 0xff, 0xff, 0xf0, 0xfb, 0x00, 0x09, 0x07, 0xff, 0xff, 0x80, 0x00, 0x00, 0x01, 0xff, 0xff, 0xf0, 0xfb, 0x00, 0x09, 0x07, 0xff, 0xff,
  0x80, 0x00, 0x00, 0x01, 0xff, 0xff, 0xf0, 0xfb, 0x00, 0x09, 0x0f, 0xff, 0xff, 0x80, 0x00, 0x00, 0x01, 0xff, 0xff, 0xf0, 0xfb, 0x00, 0x09, 0x0f,
  0xff, 0xff, 0x80, 0x00, 0x00, 0x01, 0xff, 0xff, 0xf0, 0xfb, 0x00, 0x09, 0x0f, 0xff, 0xff, 0x80, 0x00, 0x00, 0x01, 0xff, 0xff, 0xf0, 0xfb, 0x00,
  0x09, 0x0f, 0xff, 0xff, 0x80, 0x00, 0x00, 0x01, 0xff, 0xff, 0xf0, 0xfb, 0x00, 0x09, 0x0f, 0xff, 0xff, 0x80, 0x00, 0x00, 0x01, 0xff, 0xff, 0xf0,
  0xfb, 0x00, 0x09, 0x0f, 0xff, 0xff, 0xc0, 0x00, 0x00, 0x01, 0xff, 0xff, 0xf0, 0xfb, 0x00, 0x09, 0x07, 0xff, 0xff, 0xc0, 0x00, 0x00, 0x01, 0xff,
  0xff, 0xf0, 0xfb, 0x00, 0x09, 0x07, 0xff, 0xff, 0xc0, 0x00, 0x00, 0x01, 0xff, 0xff, 0xe0, 0xfb, 0x00, 0x09, 0x07, 0xff, 0xff, 0xc0, 0x00, 0x00,
  0x01, 0xff, 0xff, 0xe0, 0xfb, 0x00, 0x09, 0x07, 0xff, 0xff, 0xc0, 0x00, 0x00, 0x01, 0xff, 0xff, 0xe0, 0xfb, 0x00, 0x09, 0x07, 0xff, 0xff, 0xc0,
  0x00, 0x00, 0x01, 0xff, 0xff, 0xc0, 0xfb, 0x00, 0x09, 0x03, 0xff, 0xff, 0x80, 0x00, 0x00, 0x01, 0xff, 0xff, 0xc0, 0xfb, 0x00, 0x03, 0x03, 0xff,
  0xff, 0x80, 0xfe, 0x00, 0x02, 0xff, 0xff, 0xc0, 0xfb, 0x00, 0x03, 0x01, 0xff, 0xff, 0x80, 0xfe, 0x00, 0x02, 0xff, 0xff, 0x80, 0xfa, 0x00, 0x01,
  0xff, 0xff, 0xfd, 0x00, 0x01, 0x3f, 0xff, 0xf9, 0x00, 0x01, 0x7f, 0xfc, 0xfd, 0x00, 0x01, 0x0f, 0xf8, 0xf9, 0x00, 0x01, 0x07, 0x80, 0x81, 0x00,
  0x81, 0x00, 0xa7, 0x00, 0x81, 0x00, 0xda, 0x00, 0x01, 0x1f, 0xf8, 0xf3, 0x00, 0x01, 0x7f, 0xfe, 0xf3, 0x00, 0x04, 0xff, 0xff, 0x00, 0x03, 0xe0,
  0xf9, 0x00, 0x07, 0x1f, 0xf8, 0x01, 0xff, 0xff, 0x80, 0x3f, 0xfe, 0xf9, 0x00, 0x07, 0x7f, 0xfe, 0x03, 0xff, 0xff, 0x80, 0x7f, 0xff, 0xf9, 0x00,
  0x08, 0xff, 0xff, 0x03, 0xff, 0xff, 0xc0, 0xff, 0xff, 0x80, 0xfb, 0x00, 0x09, 0x01, 0xff, 0xff, 0x83, 0xf8, 0x1f, 0x81, 0xff, 0xff, 0x80, 0xfb,
  0x00, 0x09, 0x03, 0xff, 0xff, 0x81, 0xe0, 0x07, 0x01, 0xff, 0xff, 0xc0, 0xfb, 0x00, 0x09, 0x03, 0xff, 0xff, 0x80, 0x00, 0x00, 0x01, 0xff, 0xff,
  0xc0, 0xfb, 0x00, 0x09, 0x03, 0xff, 0xff, 0x80, 0x00, 0x00, 0x01, 0xff, 0xff, 0xc0, 0xfb, 0x00, 0x09, 0x07, 0xff, 0xff, 0x80, 0x00, 0x00, 0x01,
  0xff, 0xff, 0xe0, 0xfb, 0x00, 0x09, 0x07, 0xff, 0xff, 0x80, 0x00, 0x00, 0x01, 0xff, 0xff, 0xe0, 0xfb, 0x00, 0x09, 0x07, 0xff, 0xff, 0x80, 0x00,
  0x00, 0x01, 0xff, 0xff, 0xe0, 0xfb, 0x00, 0x09, 0x07, 0xff, 0xff, 0x80, 0x00, 0x00, 0x01, 0xff, 0xff, 0xf0, 0xfb, 0x00, 0x09, 0x07, 0xff, 0xff,
  0x80, 0x00, 0x00, 0x01, 0xff, 0xff, 0xf0, 0xfb, 0x00, 0x09, 0x07, 0xff, 0xff, 0x80, 0x00, 0x00, 0x01, 0xff, 0xff, 0xf0, 0xfb, 0x00, 0x09, 0x07,
  0xff, 0xff, 0x80, 0x00, 0x00, 0x01, 0xff, 0xff, 0xf0, 0xfb, 0x00, 0x09, 0x0f, 0xff, 0xff, 0x80, 0x00, 0x00, 0x01, 0xff, 0xff, 0xf0, 0xfb, 0x00,
  0x09, 0x07, 0xff, 0xff, 0x80, 0x00, 0x00, 0x01, 0xff, 0xff, 0xf0, 0xfb, 0x00, 0x09, 0x07, 0xff, 0xff, 0x80, 0x00, 0x00, 0x01, 0xff, 0xff, 0xf0,
  0xfb, 0x00, 0x09, 0x07, 0xff, 0xff, 0x80, 0x00, 0x00, 0x01, 0xff, 0xff, 0xf0, 0xfb, 0x00, 0x09, 0x0f, 0xff, 0xff, 0xc0, 0x00, 0x00, 0x01, 0xff,
  0xff, 0xf0, 0xfb, 0x00, 0x09, 0x07, 0xff, 0xff, 0xc0, 0x00, 0x00, 0x01, 0xff, 0xff, 0xf0, 0xfb, 0x00, 0x09, 0x07, 0xff, 0xff, 0xc0, 0x00, 0x00,
  0x01, 0xff, 0xff, 0xf0, 0xfb, 0x00, 0x09, 0x07, 0xff, 0xff, 0xc0, 0x00, 0x00, 0x01, 0xff, 0xff, 0xe0, 0xfb, 0x00, 0x09, 0x07, 0xff, 0xff, 0xc0,
  0x00, 0x00, 0x01, 0xff, 0xff, 0xe0, 0xfb, 0x00, 0x09, 0x07, 0xff, 0xff, 0xc0, 0x00, 0x00, 0x01, 0xff, 0xff, 0xe0, 0xfb, 0x00, 0x09, 0x03, 0xff,
  0xff, 0x80, 0x00, 0x00, 0x01, 0xff, 0xff, 0xc0, 0xfb, 0x00, 0x03, 0x03, 0xff, 0xff, 0x80, 0xfe, 0x00, 0x02, 0xff, 0xff, 0xc0, 0xfb, 0x00, 0x03,
  0x01, 0xff, 0xff, 0x80, 0xfe, 0x00, 0x02, 0xff, 0xff, 0x80, 0xfa, 0x00, 0x01, 0xff, 0xff, 0xfd, 0x00, 0x01, 0x3f, 0xff, 0xf9, 0x00, 0x01, 0x3f,
  0xfc, 0xfd, 0x00, 0x01, 0x0f, 0xf8, 0xf9, 0x00, 0x01, 0x07, 0x80, 0x81, 0x00, 0x81, 0x00, 0xa7, 0x00, 0x81, 0x00, 0xda, 0x00, 0x01, 0x1f, 0xf8,
  0xf3, 0x00, 0x01, 0x7f, 0xfc, 0xf3, 0x00, 0x01, 0xff, 0xff, 0xf6, 0x00, 0x07, 0x1f, 0xf0, 0x01, 0xff, 0xff, 0x80, 0x3f, 0xfc, 0xf9, 0x00, 0x07,
  0x7f, 0xfc, 0x03, 0xff, 0xff, 0x80, 0x7f, 0xff, 0xf9, 0x00, 0x08, 0xff, 0xff, 0x03, 0xff, 0xff, 0x80, 0xff, 0xff, 0x80, 0xfb, 0x00, 0x09, 0x01,
  0xff, 0xff, 0x81, 0xf8, 0x1f, 0x81, 0xff, 0xff, 0x80, 0xfb, 0x00, 0x09, 0x01, 0xff, 0xff, 0x81, 0xe0, 0x07, 0x01, 0xff, 0xff, 0xc0, 0xfb, 0x00,
  0x09, 0x03, 0xff, 0xff, 0x80, 0x00, 0x00, 0x01, 0xff, 0xff, 0xc0, 0xfb, 0x00, 0x09, 0x03, 0xff, 0xff, 0x80, 0x00, 0x00, 0x01, 0xff, 0xff, 0xc0,
  0xfb, 0x00, 0x09, 0x07, 0xff, 0xff, 0x80, 0x00, 0x00, 0x01, 0xff, 0xff, 0xe0, 0xfb, 0x00, 0x09, 0x07, 0xff, 0xff, 0x80, 0x00, 0x00, 0x01, 0xff,
  0xff, 0xe0, 0xfb, 0x00, 0x09, 0x07, 0xff, 0xff, 0x80, 0x00, 0x00, 0x01, 0xff, 0xff, 0xe0, 0xfb, 0x00, 0x09, 0x07, 0xff, 0xff, 0x80, 0x00, 0x00,
  0x01, 0xff, 0xff, 0xe0, 0xfb, 0x00, 0x09, 0x07, 0xff, 0xff, 0x80, 0x00, 0x00, 0x01, 0xff, 0xff, 0xf0, 0xfb, 0x00, 0x09, 0x07, 0xff, 0xff, 0x80,
  0x00, 0x00, 0x01, 0xff, 0xff, 0xf0, 0xfb, 0x00, 0x09, 0x07, 0xff, 0xff, 0x80, 0x00, 0x00, 0x01, 0xff, 0xff, 0xf0, 0xfb, 0x00, 0x09, 0x0f, 0xff,
  0xff, 0x80, 0x00, 0x00, 0x01, 0xff, 0xff, 0xf0, 0xfb, 0x00, 0x09, 0x07, 0xff, 0xff, 0x80, 0x00, 0x00, 0x01, 0xff, 0xff, 0xf0, 0xfb, 0x00, 0x09,
  0x07, 0xff, 0xff, 0x80, 0x00, 0x00, 0x01, 0xff, 0xff, 0xf0, 0xfb, 0x00, 0x09, 0x07, 0xff, 0xff, 0x80, 0x00, 0x00, 0x01, 0xff, 0xff, 0xf0, 0xfb,
  0x00, 0x09, 0x0f, 0xff, 0xff, 0xc0, 0x00, 0x00, 0x01, 0xff, 0xff, 0xf0, 0xfb, 0x00, 0x09, 0x07, 0xff, 0xff, 0xc0, 0x00, 0x00, 0x01, 0xff, 0xff,
  0xf0, 0xfb, 0x00, 0x09, 0x07, 0xff, 0xff, 0xc0, 0x00, 0x00, 0x01, 0xff, 0xff, 0xf0, 0xfb, 0x00, 0x09, 0x07, 0xff, 0xff, 0xc0, 0x00, 0x00, 0x01,
  0xff, 0xff, 0xe0, 0xfb, 0x00, 0x09, 0x07, 0xff, 0xff, 0xc0, 0x00, 0x00, 0x01, 0xff, 0xff, 0xe0, 0xfb, 0x00, 0x09, 0x07, 0xff, 0xff, 0xc0, 0x00,
  0x00, 0x01, 0xff, 0xff, 0xe0, 0xfb, 0x00, 0x09, 0x03, 0xff, 0xff, 0x80, 0x00, 0x00, 0x01, 0xff, 0xff, 0xc0, 0xfb, 0x00, 0x03, 0x03, 0xff, 0xff,
  0x80, 0xfe, 0x00, 0x02, 0xff, 0xff, 0xc0, 0xfb, 0x00, 0x03, 0x01, 0xff, 0xff, 0x80, 0xfe, 0x00, 0x02, 0xff, 0xff, 0x80, 0xfa, 0x00, 0x01, 0xff,
  0xff, 0xfd, 0x00, 0x01, 0x7f, 0xff, 0xf9, 0x00, 0x01, 0x7f, 0xfe, 0xfd, 0x00, 0x01, 0x1f, 0xfc, 0xf9, 0x00, 0x01, 0x07, 0xc0, 0x81, 0x00, 0x81,
  0x00, 0xa7, 0x00, 0x81, 0x00, 0xda, 0x00, 0x01, 0x1f, 0xf8, 0xf3, 0x00, 0x01, 0x7f, 0xfe, 0xf3, 0x00, 0x01, 0xff, 0xff, 0xf6, 0x00, 0x07, 0x1f,
  0xf8, 0x01, 0xff, 0xff, 0x80, 0x3f, 0xfc, 0xf9, 0x00, 0x07, 0x7f, 0xfc, 0x03, 0xff, 0xff, 0x80, 0x7f, 0xff, 0xf9, 0x00, 0x08, 0xff, 0xff, 0x03,
  0xff, 0xff, 0xc0, 0xff, 0xff, 0x80, 0xfb, 0x00, 0x09, 0x01, 0xff, 0xff, 0x81, 0xf8, 0x1f, 0x81, 0xff, 0xff, 0x80, 0xfb, 0x00, 0x09, 0x01, 0xff,
  0xff, 0x81, 0xe0, 0x07, 0x81, 0xff, 0xff, 0xc0, 0xfb, 0x00, 0x09, 0x03, 0xff, 0xff, 0x80, 0x00, 0x00, 0x01, 0xff, 0xff, 0xc0, 0xfb, 0x00, 0x09,
  0x03, 0xff, 0xff, 0x80, 0x00, 0x00, 0x01, 0xff, 0xff, 0xc0, 0xfb, 0x00, 0x09, 0x07, 0xff, 0xff, 0x80, 0x00, 0x00, 0x01, 0xff, 0xff, 0xe0, 0xfb,
  0x00, 0x09, 0x07, 0xff, 0xff, 0x80, 0x00, 0x00, 0x01, 0xff, 0xff, 0xe0, 0xfb, 0x00, 0x09, 0x07, 0xff, 0xff, 0x80, 0x00, 0x00, 0x01, 0xff, 0xff,
  0xe0, 0xfb, 0x00, 0x09, 0x07, 0xff, 0xff, 0x80, 0x00, 0x00, 0x01, 0xff, 0xff, 0xe0, 0xfb, 0x00, 0x09, 0x07, 0xff, 0xff, 0x80, 0x00, 0x00, 0x01,
  0xff, 0xff, 0xf0, 0xfb, 0x00, 0x09, 0x07, 0xff, 0xff, 0x80, 0x00, 0x00, 0x01, 0xff, 0xff, 0xf0, 0xfb, 0x00, 0x09, 0x07, 0xff, 0xff, 0x80, 0x00,
  0x00, 0x01, 0xff, 0xff, 0xf0, 0xfb, 0x00, 0x09, 0x0f, 0xff, 0xff, 0x80, 0x00, 0x00, 0x01, 0xff, 0xff, 0xf0, 0xfb, 0x00, 0x09, 0x07, 0xff, 0xff,
  0x80, 0x00, 0x00, 0x01, 0xff, 0xff, 0xf0, 0xfb, 0x00, 0x09, 0x07, 0xff, 0xff, 0x80, 0x00, 0x00, 0x01, 0xff, 0xff, 0xf0, 0xfb, 0x00, 0x09, 0x07,
  0xff, 0xff, 0x80, 0x00, 0x00, 0x01, 0xff, 0xff, 0xf0, 0xfb, 0x00, 0x09, 0x0f, 0xff, 0xff, 0xc0, 0x00, 0x00, 0x01, 0xff, 0xff, 0xf0, 0xfb, 0x00,
  0x09, 0x07, 0xff, 0xff, 0xc0, 0x00, 0x00, 0x01, 0xff, 0xff, 0xf0, 0xfb, 0x00, 0x09, 0x07, 0xff, 0xff, 0xc0, 0x00, 0x00, 0x01, 0xff, 0xff, 0xf0,
  0xfb, 0x00, 0x09, 0x07, 0xff, 0xff, 0xc0, 0x00, 0x00, 0x01, 0xff, 0xff, 0xe0, 0xfb, 0x00, 0x09, 0x07, 0xff, 0xff, 0xc0, 0x00, 0x00, 0x01, 0xff,
  0xff, 0xe0, 0xfb, 0x00, 0x09, 0x07, 0xff, 0xff, 0xc0, 0x00, 0x00, 0x01, 0xff, 0xff, 0xe0, 0xfb, 0x00, 0x09, 0x03, 0xff, 0xff, 0x80, 0x00, 0x00,
  0x01, 0xff, 0xff, 0xc0, 0xfb, 0x00, 0x03, 0x03, 0xff, 0xff, 0x80, 0xfe, 0x00, 0x02, 0xff, 0xff, 0xc0, 0xfb, 0x00, 0x03, 0x01, 0xff, 0xff, 0x80,
  0xfe, 0x00, 0x02, 0xff, 0xff, 0x80, 0xfa, 0x00, 0x01, 0xff, 0xff, 0xfd, 0x00, 0x01, 0x7f, 0xff, 0xf9, 0x00, 0x01, 0x7f, 0xfc, 0xfd, 0x00, 0x01,
  0x1f, 0xfc, 0xf9, 0x00, 0x01, 0x07, 0xc0, 0x81, 0x00, 0x81, 0x00, 0xa7, 0x00, 0x81, 0x00, 0xda, 0x00, 0x01, 0x1f, 0xf0, 0xf3, 0x00, 0x01, 0x3f,
  0xfc, 0xf3, 0x00, 0x01, 0xff, 0xff, 0xf6, 0x00, 0x07, 0x1f, 0xf0, 0x01, 0xff, 0xff, 0x80, 0x1f, 0xfc, 0xf9, 0x00, 0x07, 0x7f, 0xfc, 0x03, 0xff,
  0xff, 0x80, 0x7f, 0xff, 0xf9, 0x00, 0x08, 0xff, 0xff, 0x03, 0xff, 0xff, 0x80, 0xff, 0xff, 0x80, 0xfb, 0x00, 0x09, 0x01, 0xff, 0xff, 0x01, 0xf8,
  0x1f, 0x81, 0xff, 0xff, 0x80, 0xfb, 0x00, 0x09, 0x01, 0xff, 0xff, 0x81, 0xe0, 0x07, 0x81, 0xff, 0xff, 0xc0, 0xfb, 0x00, 0x09, 0x03, 0xff, 0xff,
  0x80, 0x00, 0x00, 0x01, 0xff, 0xff, 0xc0, 0xfb, 0x00, 0x09, 0x03, 0xff, 0xff, 0x80, 0x00, 0x00, 0x01, 0xff, 0xff, 0xc0, 0xfb, 0x00, 0x09, 0x07,
  0xff, 0xff, 0x80, 0x00, 0x00, 0x01, 0xff, 0xff, 0xe0, 0xfb, 0x00, 0x09, 0x07, 0xff, 0xff, 0x80, 0x00, 0x00, 0x01, 0xff, 0xff, 0xe0, 0xfb, 0x00,
  0x09, 0x07, 0xff, 0xff, 0x80, 0x00, 0x00, 0x01, 0xff, 0xff, 0xe0, 0xfb, 0x00, 0x09, 0x07, 0xff, 0xff, 0x80, 0x00, 0x00, 0x01, 0xff, 0xff, 0xe0,
  0xfb, 0x00, 0x09, 0x07, 0xff, 0xff, 0x80, 0x00, 0x00, 0x01, 0xff, 0xff, 0xf0, 0xfb, 0x00, 0x09, 0x07, 0xff, 0xff, 0x80, 0x00, 0x00, 0x01, 0xff,
  0xff, 0xf0, 0xfb, 0x00, 0x09, 0x07, 0xff, 0xff, 0x80, 0x00, 0x00, 0x01, 0xff, 0xff, 0xf0, 0xfb, 0x00, 0x09, 0x0f, 0xff, 0xff, 0x80, 0x00, 0x00,
  0x01, 0xff, 0xff, 0xf0, 0xfb, 0x00, 0x09, 0x07, 0xff, 0xff, 0x80, 0x00, 0x00, 0x01, 0xff, 0xff, 0xf0, 0xfb, 0x00, 0x09, 0x07, 0xff, 0xff, 0x80,
  0x00, 0x00, 0x01, 0xff, 0xff, 0xf0, 0xfb, 0x00, 0x09, 0x07, 0xff, 0xff, 0x80, 0x00, 0x00, 0x01, 0xff, 0xff, 0xf0, 0xfb, 0x00, 0x09, 0x0f, 0xff,
  0xff, 0xc0, 0x00, 0x00, 0x01, 0xff, 0xff, 0xf0, 0xfb, 0x00, 0x09, 0x07, 0xff, 0xff, 0xc0, 0x00, 0x00, 0x01, 0xff, 0xff, 0xf0, 0xfb, 0x00, 0x09,
  0x07, 0xff, 0xff, 0xc0, 0x00, 0x00, 0x01, 0xff, 0xff, 0xf0, 0xfb, 0x00, 0x09, 0x07, 0xff, 0xff, 0xc0, 0x00, 0x00, 0x01, 0xff, 0xff, 0xe0, 0xfb,
  0x00, 0x09, 0x07, 0xff, 0xff, 0xc0, 0x00, 0x00, 0x01, 0xff, 0xff, 0xe0, 0xfb, 0x00, 0x09, 0x07, 0xff, 0xff, 0xc0, 0x00, 0x00, 0x01, 0xff, 0xff,
  0xe0, 0xfb, 0x00, 0x09, 0x03, 0xff, 0xff, 0x80, 0x00, 0x00, 0x01, 0xff, 0xff, 0xc0, 0xfb, 0x00, 0x03, 0x03, 0xff, 0xff, 0x80, 0xfe, 0x00, 0x02,
  0xff, 0xff, 0xc0, 0xfb, 0x00, 0x03, 0x01, 0xff, 0xff, 0x80, 0xfe, 0x00, 0x02, 0xff, 0xff, 0x80, 0xfa, 0x00, 0x01, 0xff, 0xff, 0xfd, 0x00, 0x01,
  0x7f, 0xff, 0xf9, 0x00, 0x01, 0x7f, 0xfe, 0xfd, 0x00, 0x01, 0x1f, 0xfc, 0xf9, 0x00, 0x01, 0x07, 0xc0, 0x81, 0x00, 0x81, 0x00, 0xa7, 0x00, 0x81,
  0x00, 0xda, 0x00, 0x01, 0x1f, 0xf8, 0xf3, 0x00, 0x01, 0x7f, 0xfc, 0xf3, 0x00, 0x01, 0xff, 0xff, 0xf6, 0x00, 0x07, 0x1f, 0xf8, 0x01, 0xff, 0xff,
  0x80, 0x3f, 0xfc, 0xf9, 0x00, 0x07, 0x7f, 0xfc, 0x03, 0xff, 0xff, 0x80, 0x7f, 0xff, 0xf9, 0x00, 0x08, 0xff, 0xff, 0x03, 0xff, 0xff, 0x80, 0xff,
  0xff, 0x80, 0xfb, 0x00, 0x09, 0x01, 0xff, 0xff, 0x03, 0xf8, 0x1f, 0x81, 0xff, 0xff, 0x80, 0xfb, 0x00, 0x09, 0x01, 0xff, 0xff, 0x81, 0xe0, 0x07,
  0x81, 0xff, 0xff, 0xc0, 0xfb, 0x00, 0x09, 0x03, 0xff, 0xff, 0x80, 0x80, 0x00, 0x01, 0xff, 0xff, 0xc0, 0xfb, 0x00, 0x09, 0x03, 0xff, 0xff, 0x80,
  0x00, 0x00, 0x01, 0xff, 0xff, 0xc0, 0xfb, 0x00, 0x09, 0x07, 0xff, 0xff, 0x80, 0x00, 0x00, 0x01, 0xff, 0xff, 0xe0, 0xfb, 0x00, 0x09, 0x07, 0xff,
  0xff, 0x80, 0x00, 0x00, 0x01, 0xff, 0xff, 0xe0, 0xfb, 0x00, 0x09, 0x07, 0xff, 0xff, 0x80, 0x00, 0x00, 0x01, 0xff, 0xff, 0xe0, 0xfb, 0x00, 0x09,
  0x07, 0xff, 0xff, 0x80, 0x00, 0x00, 0x01, 0xff, 0xff, 0xe0, 0xfb, 0x00, 0x09, 0x07, 0xff, 0xff, 0x80, 0x00, 0x00, 0x01, 0xff, 0xff, 0xf0, 0xfb,
  0x00, 0x09, 0x07, 0xff, 0xff, 0x80, 0x00, 0x00, 0x01, 0xff, 0xff, 0xf0, 0xfb, 0x00, 0x09, 0x07, 0xff, 0xff, 0x80, 0x00, 0x00, 0x01, 0xff, 0xff,
  0xf0, 0xfb, 0x00, 0x09, 0x0f, 0xff, 0xff, 0x80, 0x00, 0x00, 0x01, 0xff, 0xff, 0xf0, 0xfb, 0x00, 0x09, 0x07, 0xff, 0xff, 0x80, 0x00, 0x00, 0x01,
  0xff, 0xff, 0xf0, 0xfb, 0x00, 0x09, 0x07, 0xff, 0xff, 0x80, 0x00, 0x00, 0x01, 0xff, 0xff, 0xf0, 0xfb, 0x00, 0x09, 0x07, 0xff, 0xff, 0x80, 0x00,
  0x00, 0x01, 0xff, 0xff, 0xf0, 0xfb, 0x00, 0x09, 0x0f, 0xff, 0xff, 0xc0, 0x00, 0x00, 0x01, 0xff, 0xff, 0xf0, 0xfb, 0x00, 0x09, 0x07, 0xff, 0xff,
  0xc0, 0x00, 0x00, 0x01, 0xff, 0xff, 0xf0, 0xfb, 0x00, 0x09, 0x07, 0xff, 0xff, 0xc0, 0x00, 0x00, 0x03, 0xff, 0xff, 0xf0, 0xfb, 0x00, 0x09, 0x07,
  0xff, 0xff, 0xc0, 0x00, 0x00, 0x01, 0xff, 0xff, 0xe0, 0xfb, 0x00, 0x09, 0x07, 0xff, 0xff, 0xc0, 0x00, 0x00, 0x01, 0xff, 0xff, 0xe0, 0xfb, 0x00,
  0x09, 0x07, 0xff, 0xff, 0xc0, 0x00, 0x00, 0x01, 0xff, 0xff, 0xe0, 0xfb, 0x00, 0x09, 0x03, 0xff, 0xff, 0x80, 0x00, 0x00, 0x01, 0xff, 0xff, 0xc0,
  0xfb, 0x00, 0x03, 0x03, 0xff, 0xff, 0x80, 0xfe, 0x00, 0x02, 0xff, 0xff, 0xc0, 0xfb, 0x00, 0x03, 0x01, 0xff, 0xff, 0x80, 0xfe, 0x00, 0x02, 0xff,
  0xff, 0x80, 0xfa, 0x00, 0x01, 0xff, 0xff, 0xfd, 0x00, 0x01, 0x7f, 0xff, 0xf9, 0x00, 0x01, 0x7f, 0xfe, 0xfd, 0x00, 0x01, 0x1f, 0xfc, 0xf9, 0x00,
  0x01, 0x07, 0xc0, 0x81, 0x00, 0x81, 0x00, 0xa7, 0x00, 0x81, 0x00, 0xda, 0x00, 0x01, 0x1f, 0xf0, 0xf3, 0x00, 0x01, 0x3f, 0xfc, 0xf3, 0x00, 0x01,
  0xff, 0xff, 0xf6, 0x00, 0x07, 0x1f, 0xf0, 0x01, 0xff, 0xff, 0x80, 0x1f, 0xfc, 0xf9, 0x00, 0x07, 0x7f, 0xfc, 0x03, 0xff, 0xff, 0x80, 0x7f, 0xff,
  0xf9, 0x00, 0x08, 0xff, 0xff, 0x03, 0xff, 0xff, 0x80, 0xff, 0xff, 0x80, 0xfb, 0x00, 0x09, 0x01, 0xff, 0xff, 0x01, 0xf8, 0x1f, 0x81, 0xff, 0xff,
  0x80, 0xfb, 0x00, 0x09, 0x01, 0xff, 0xff, 0x81, 0xe0, 0x07, 0x81, 0xff, 0xff, 0xc0, 0xfb, 0x00, 0x09, 0x03, 0xff, 0xff, 0x80, 0x00, 0x00, 0x01,
  0xff, 0xff, 0xc0, 0xfb, 0x00, 0x09, 0x03, 0xff, 0xff, 0x80, 0x00, 0x00, 0x01, 0xff, 0xff, 0xc0, 0xfb, 0x00, 0x09, 0x07, 0xff, 0xff, 0x80, 0x00,
  0x00, 0x01, 0xff, 0xff, 0xe0, 0xfb, 0x00, 0x09, 0x07, 0xff, 0xff, 0x80, 0x00, 0x00, 0x01, 0xff, 0xff, 0xe0, 0xfb, 0x00, 0x09, 0x07, 0xff, 0xff,
  0x80, 0x00, 0x00, 0x01, 0xff, 0xff, 0xe0, 0xfb, 0x00, 0x09, 0x07, 0xff, 0xff, 0x80, 0x00, 0x00, 0x01, 0xff, 0xff, 0xe0, 0xfb, 0x00, 0x09, 0x07,
  0xff, 0xff, 0x80, 0x00, 0x00, 0x01, 0xff, 0xff, 0xf0, 0xfb, 0x00, 0x09, 0x07, 0xff, 0xff, 0x80, 0x00, 0x00, 0x01, 0xff, 0xff, 0xf0, 0xfb, 0x00,
  0x09, 0x07, 0xff, 0xff, 0x80, 0x00, 0x00, 0x01, 0xff, 0xff, 0xf0, 0xfb, 0x00, 0x09, 0x0f, 0xff, 0xff, 0x80, 0x00, 0x00, 0x01, 0xff, 0xff, 0xf0,
  0xfb, 0x00, 0x09, 0x07, 0xff, 0xff, 0x80, 0x00, 0x00, 0x01, 0xff, 0xff, 0xf0, 0xfb, 0x00, 0x09, 0x07, 0xff, 0xff, 0x80, 0x00, 0x00, 0x01, 0xff,
  0xff, 0xf0, 0xfb, 0x00, 0x09, 0x07, 0xff, 0xff, 0x80, 0x00, 0x00, 0x01, 0xff, 0xff, 0xf0, 0xfb, 0x00, 0x09, 0x0f, 0xff, 0xff, 0xc0, 0x00, 0x00,
  0x01, 0xff, 0xff, 0xf0, 0xfb, 0x00, 0x09, 0x07, 0xff, 0xff, 0xc0, 0x00, 0x00, 0x01, 0xff, 0xff, 0xf0, 0xfb, 0x00, 0x09, 0x07, 0xff, 0xff, 0xc0,
  0x00, 0x00, 0x03, 0xff, 0xff, 0xf0, 0xfb, 0x00, 0x09, 0x07, 0xff, 0xff, 0xc0, 0x00, 0x00, 0x01, 0xff, 0xff, 0xe0, 0xfb, 0x00, 0x09, 0x07, 0xff,
  0xff, 0xc0, 0x00, 0x00, 0x01, 0xff, 0xff, 0xe0, 0xfb, 0x00, 0x09, 0x07, 0xff, 0xff, 0xc0, 0x00, 0x00, 0x01, 0xff, 0xff, 0xe0, 0xfb, 0x00, 0x09,
  0x03, 0xff, 0xff, 0x80, 0x00, 0x00, 0x01, 0xff, 0xff, 0xc0, 0xfb, 0x00, 0x03, 0x03, 0xff, 0xff, 0x80, 0xfe, 0x00, 0x02, 0xff, 0xff, 0xc0, 0xfb,
  0x00, 0x03, 0x01, 0xff, 0xff, 0x80, 0xfe, 0x00, 0x02, 0xff, 0xff, 0x80, 0xfb, 0x00, 0x02, 0x01, 0xff, 0xff, 0xfd, 0x00, 0x01, 0x7f, 0xff, 0xf9,
  0x00, 0x01, 0x7f, 0xfe, 0xfd, 0x00, 0x01, 0x1f, 0xfc, 0xf9, 0x00, 0x01, 0x07, 0xc0, 0x81, 0x00, 0x81, 0x00, 0xa7, 0x00, 0x81, 0x00, 0xda, 0x00,
  0x01, 0x1f, 0xf8, 0xf3, 0x00, 0x01, 0x7f, 0xfc, 0xf3, 0x00, 0x01, 0xff, 0xff, 0xf6, 0x00, 0x07, 0x1f, 0xf8, 0x01, 0xff, 0xff, 0x80, 0x3f, 0xfc,
  0xf9, 0x00, 0x07, 0x7f, 0xfc, 0x03, 0xff, 0xff, 0x80, 0x7f, 0xff, 0xf9, 0x00, 0x08, 0xff, 0xff, 0x03, 0xff, 0xff, 0x80, 0xff, 0xff, 0x80, 0xfb,
  0x00, 0x09, 0x01, 0xff, 0xff, 0x03, 0xf8, 0x1f, 0x81, 0xff, 0xff, 0x80, 0xfb, 0x00, 0x09, 0x01, 0xff, 0xff, 0x81, 0xe0, 0x07, 0x81, 0xff, 0xff,
  0xc0, 0xfb, 0x00, 0x09, 0x03, 0xff, 0xff, 0x80, 0x00, 0x00, 0x01, 0xff, 0xff, 0xc0, 0xfb, 0x00, 0x09, 0x03, 0xff, 0xff, 0x80, 0x00, 0x00, 0x01,
  0xff, 0xff, 0xc0, 0xfb, 0x00, 0x09, 0x07, 0xff, 0xff, 0x80, 0x00, 0x00, 0x01, 0xff, 0xff, 0xe0, 0xfb, 0x00, 0x09, 0x07, 0xff, 0xff, 0x80, 0x00,
  0x00, 0x01, 0xff, 0xff, 0xe0, 0xfb, 0x00, 0x09, 0x07, 0xff, 0xff, 0x80, 0x00, 0x00, 0x01, 0xff, 0xff, 0xe0, 0xfb, 0x00, 0x09, 0x07, 0xff, 0xff,
  0x80, 0x00, 0x00, 0x01, 0xff, 0xff, 0xe0, 0xfb, 0x00, 0x09, 0x07, 0xff, 0xff, 0x80, 0x00, 0x00, 0x01, 0xff, 0xff, 0xf0, 0xfb, 0x00, 0x09, 0x07,
  0xff, 0xff, 0x80, 0x00, 0x00, 0x01, 0xff, 0xff, 0xf0, 0xfb, 0x00, 0x09, 0x0f, 0xff, 0xff, 0x80, 0x00, 0x00, 0x01, 0xff, 0xff, 0xf0, 0xfb, 0x00,
  0x09, 0x0f, 0xff, 0xff, 0x80, 0x00, 0x00, 0x01, 0xff, 0xff, 0xf0, 0xfb, 0x00, 0x09, 0x0f, 0xff, 0xff, 0x80, 0x00, 0x00, 0x01, 0xff, 0xff, 0xf0,
  0xfb, 0x00, 0x09, 0x0f, 0xff, 0xff, 0x80, 0x00, 0x00, 0x01, 0xff, 0xff, 0xf0, 0xfb, 0x00, 0x09, 0x0f, 0xff, 0xff, 0x80, 0x00, 0x00, 0x01, 0xff,
  0xff, 0xf0, 0xfb, 0x00, 0x09, 0x0f, 0xff, 0xff, 0xc0, 0x00, 0x00, 0x01, 0xff, 0xff, 0xf0, 0xfb, 0x00, 0x09, 0x07, 0xff, 0xff, 0xc0, 0x00, 0x00,
  0x01, 0xff, 0xff, 0xf0, 0xfb, 0x00, 0x09, 0x07, 0xff, 0xff, 0xc0, 0x00, 0x00, 0x03, 0xff, 0xff, 0xf0, 0xfb, 0x00, 0x09, 0x07, 0xff, 0xff, 0xc0,
  0x00, 0x00, 0x01, 0xff, 0xff, 0xe0, 0xfb, 0x00, 0x09, 0x07, 0xff, 0xff, 0xc0, 0x00, 0x00, 0x01, 0xff, 0xff, 0xe0, 0xfb, 0x00, 0x09, 0x07, 0xff,
  0xff, 0xc0, 0x00, 0x00, 0x01, 0xff, 0xff, 0xe0, 0xfb, 0x00, 0x09, 0x03, 0xff, 0xff, 0x80, 0x00, 0x00, 0x01, 0xff, 0xff, 0xc0, 0xfb, 0x00, 0x03,
  0x03, 0xff, 0xff, 0x80, 0xfe, 0x00, 0x02, 0xff, 0xff, 0xc0, 0xfb, 0x00, 0x03, 0x01, 0xff, 0xff, 0x80, 0xfe, 0x00, 0x02, 0xff, 0xff, 0x80, 0xfa,
  0x00, 0x01, 0xff, 0xff, 0xfd, 0x00, 0x01, 0x7f, 0xff, 0xf9, 0x00, 0x01, 0x7f, 0xfc, 0xfd, 0x00, 0x01, 0x1f, 0xfc, 0xf9, 0x00, 0x01, 0x07, 0xc0,
  0x81, 0x00, 0x81, 0x00, 0xa7, 0x00, 0x81, 0x00, 0xda, 0x00, 0x01, 0x1f, 0xf0, 0xf3, 0x00, 0x01, 0x7f, 0xfc, 0xf3, 0x00, 0x01, 0xff, 0xff, 0xf6,
  0x00, 0x07, 0x1f, 0xf0, 0x01, 0xff, 0xff, 0x80, 0x3f, 0xfc, 0xf9, 0x00, 0x07, 0x7f, 0xfc, 0x03, 0xff, 0xff, 0x80, 0x7f, 0xff, 0xf9, 0x00, 0x08,
  0xff, 0xff, 0x03, 0xff, 0xff, 0x80, 0xff, 0xff, 0x80, 0xfb, 0x00, 0x09, 0x01, 0xff, 0xff, 0x03, 0xf8, 0x1f, 0x81, 0xff, 0xff, 0x80, 0xfb, 0x00,
  0x09, 0x01, 0xff, 0xff, 0x81, 0xe0, 0x07, 0x01, 0xff, 0xff, 0xc0, 0xfb, 0x00, 0x09, 0x03, 0xff, 0xff, 0x80, 0x80, 0x00, 0x01, 0xff, 0xff, 0xc0,
  0xfb, 0x00, 0x09, 0x03, 0xff, 0xff, 0x80, 0x00, 0x00, 0x01, 0xff, 0xff, 0xc0, 0xfb, 0x00, 0x09, 0x07, 0xff, 0xff, 0x80, 0x00, 0x00, 0x01, 0xff,
  0xff, 0xe0, 0xfb, 0x00, 0x09, 0x07, 0xff, 0xff, 0x80, 0x00, 0x00, 0x01, 0xff, 0xff, 0xe0, 0xfb, 0x00, 0x09, 0x07, 0xff, 0xff, 0x80, 0x00, 0x00,
  0x01, 0xff, 0xff, 0xe0, 0xfb, 0x00, 0x09, 0x07, 0xff, 0xff, 0x80, 0x00, 0x00, 0x01, 0xff, 0xff, 0xe0, 0xfb, 0x00, 0x09, 0x07, 0xff, 0xff, 0x80,
  0x00, 0x00, 0x01, 0xff, 0xff, 0xf0, 0xfb, 0x00, 0x09, 0x07, 0xff, 0xff, 0x80, 0x00, 0x00, 0x01, 0xff, 0xff, 0xf0, 0xfb, 0x00, 0x09, 0x0f, 0xff,
  0xff, 0x80, 0x00, 0x00, 0x01, 0xff, 0xff, 0xf0, 0xfb, 0x00, 0x09, 0x0f, 0xff, 0xff, 0x80, 0x00, 0x00, 0x01, 0xff, 0xff, 0xf0, 0xfb, 0x00, 0x09,
  0x0f, 0xff, 0xff, 0x80, 0x00, 0x00, 0x01, 0xff, 0xff, 0xf0, 0xfb, 0x00, 0x09, 0x0f, 0xff, 0xff, 0x80, 0x00, 0x00, 0x01, 0xff, 0xff, 0xf0, 0xfb,
  0x00, 0x09, 0x0f, 0xff, 0xff, 0x80, 0x00, 0x00, 0x01, 0xff, 0xff, 0xf0, 0xfb, 0x00, 0x09, 0x0f, 0xff, 0xff, 0xc0, 0x00, 0x00, 0x01, 0xff, 0xff,
  0xf0, 0xfb, 0x00, 0x09, 0x07, 0xff, 0xff, 0xc0, 0x00, 0x00, 0x01, 0xff, 0xff, 0xf0, 0xfb, 0x00, 0x09, 0x07, 0xff, 0xff, 0xc0, 0x00, 0x00, 0x01,
  0xff, 0xff, 0xf0, 0xfb, 0x00, 0x09, 0x07, 0xff, 0xff, 0xc0, 0x00, 0x00, 0x01, 0xff, 0xff, 0xe0, 0xfb, 0x00, 0x09, 0x07, 0xff, 0xff, 0xc0, 0x00,
  0x00, 0x01, 0xff, 0xff, 0xe0, 0xfb, 0x00, 0x09, 0x07, 0xff, 0xff, 0xc0, 0x00, 0x00, 0x01, 0xff, 0xff, 0xe0, 0xfb, 0x00, 0x09, 0x03, 0xff, 0xff,
  0x80, 0x00, 0x00, 0x01, 0xff, 0xff, 0xc0, 0xfb, 0x00, 0x03, 0x03, 0xff, 0xff, 0x80, 0xfe, 0x00, 0x02, 0xff, 0xff, 0xc0, 0xfb, 0x00, 0x03, 0x01,
  0xff, 0xff, 0x80, 0xfe, 0x00, 0x02, 0xff, 0xff, 0x80, 0xfb, 0x00, 0x02, 0x01, 0xff, 0xff, 0xfd, 0x00, 0x01, 0x7f, 0xff, 0xf9, 0x00, 0x01, 0x7f,
  0xfe, 0xfd, 0x00, 0x01, 0x1f, 0xfc, 0xf9, 0x00, 0x01, 0x07, 0xc0, 0x81, 0x00, 0x81, 0x00, 0xa7, 0x00, 0x81, 0x00, 0xda, 0x00, 0x01, 0x1f, 0xf8,
  0xf3, 0x00, 0x01, 0x7f, 0xfc, 0xf3, 0x00, 0x03, 0xff, 0xff, 0x00, 0x01, 0xf8, 0x00, 0x07, 0x1f, 0xf8, 0x01, 0xff, 0xff, 0x80, 0x3f, 0xfc, 0xf9,
  0x00, 0x07, 0x7f, 0xfc, 0x03, 0xff, 0xff, 0x80, 0x7f, 0xff, 0xf9, 0x00, 0x08, 0xff, 0xff, 0x03, 0xff, 0xff, 0xc0, 0xff, 0xff, 0x80, 0xfb, 0x00,
  0x09, 0x01, 0xff, 0xff, 0x03, 0xf8, 0x1f, 0x81, 0xff, 0xff, 0x80, 0xfb, 0x00, 0x09, 0x01, 0xff, 0xff, 0x81, 0xe0, 0x07, 0x81, 0xff, 0xff, 0xc0,
  0xfb, 0x00, 0x09, 0x03, 0xff, 0xff, 0x80, 0x00, 0x00, 0x01, 0xff, 0xff, 0xc0, 0xfb, 0x00, 0x09, 0x03, 0xff, 0xff, 0x80, 0x00, 0x00, 0x01, 0xff,
  0xff, 0xc0, 0xfb, 0x00, 0x09, 0x07, 0xff, 0xff, 0x80, 0x00, 0x00, 0x01, 0xff, 0xff, 0xe0, 0xfb, 0x00, 0x09, 0x07, 0xff, 0xff, 0x80, 0x00, 0x00,
  0x01, 0xff, 0xff, 0xe0, 0xfb, 0x00, 0x09, 0x07, 0xff, 0xff, 0x80, 0x00, 0x00, 0x01, 0xff, 0xff, 0xe0, 0xfb, 0x00, 0x09, 0x07, 0xff, 0xff, 0x80,
  0x00, 0x00, 0x01, 0xff, 0xff, 0xe0, 0xfb, 0x00, 0x09, 0x07, 0xff, 0xff, 0x80, 0x00, 0x00, 0x01, 0xff, 0xff, 0xf0, 0xfb, 0x00, 0x09, 0x07, 0xff,
  0xff, 0x80, 0x00, 0x00, 0x01, 0xff, 0xff, 0xf0, 0xfb, 0x00, 0x09, 0x0f, 0xff, 0xff, 0x80, 0x00, 0x00, 0x01, 0xff, 0xff, 0xf0, 0xfb, 0x00, 0x09,
  0x0f, 0xff, 0xff, 0x80, 0x00, 0x00, 0x01, 0xff, 0xff, 0xf0, 0xfb, 0x00, 0x09, 0x0f, 0xff, 0xff, 0x80, 0x00, 0x00, 0x01, 0xff, 0xff, 0xf0, 0xfb,
  0x00, 0x09, 0x0f, 0xff, 0xff, 0x80, 0x00, 0x00, 0x01, 0xff, 0xff, 0xf0, 0xfb, 0x00, 0x09, 0x0f, 0xff, 0xff, 0x80, 0x00, 0x00, 0x01, 0xff, 0xff,
  0xf0, 0xfb, 0x00, 0x09, 0x0f, 0xff, 0xff, 0xc0, 0x00, 0x00, 0x01, 0xff, 0xff, 0xf0, 0xfb, 0x00, 0x09, 0x07, 0xff, 0xff, 0xc0, 0x00, 0x00, 0x01,
  0xff, 0xff, 0xf0, 0xfb, 0x00, 0x09, 0x07, 0xff, 0xff, 0xc0, 0x00, 0x00, 0x01, 0xff, 0xff, 0xf0, 0xfb, 0x00, 0x09, 0x07, 0xff, 0xff, 0xc0, 0x00,
  0x00, 0x01, 0xff, 0xff, 0xe0, 0xfb, 0x00, 0x09, 0x07, 0xff, 0xff, 0xc0, 0x00, 0x00, 0x01, 0xff, 0xff, 0xe0, 0xfb, 0x00, 0x09, 0x07, 0xff, 0xff,
  0xc0, 0x00, 0x00, 0x01, 0xff, 0xff, 0xe0, 0xfb, 0x00, 0x09, 0x03, 0xff, 0xff, 0x80, 0x00, 0x00, 0x01, 0xff, 0xff, 0xc0, 0xfb, 0x00, 0x03, 0x03,
  0xff, 0xff, 0x80, 0xfe, 0x00, 0x02, 0xff, 0xff, 0xc0, 0xfb, 0x00, 0x03, 0x01, 0xff, 0xff, 0x80, 0xfe, 0x00, 0x02, 0xff, 0xff, 0x80, 0xfa, 0x00,
  0x01, 0xff, 0xff, 0xfd, 0x00, 0x01, 0x7f, 0xff, 0xf9, 0x00, 0x01, 0x7f, 0xfc, 0xfd, 0x00, 0x01, 0x1f, 0xfc, 0xf9, 0x00, 0x01, 0x07, 0xc0, 0x81,
  0x00, 0x81, 0x00, 0xa7, 0x00, 0x81, 0x00, 0xda, 0x00, 0x01, 0x1f, 0xf8, 0xf3, 0x00, 0x01, 0x7f, 0xfc, 0xf3, 0x00, 0x01, 0xff, 0xff, 0xf6, 0x00,
  0x07, 0x1f, 0xf0, 0x01, 0xff, 0xff, 0x80, 0x3f, 0xfc, 0xf9, 0x00, 0x07, 0x7f, 0xfc, 0x03, 0xff, 0xff, 0x80, 0x7f, 0xff, 0xf9, 0x00, 0x08, 0xff,
  0xff, 0x03, 0xff, 0xff, 0x80, 0xff, 0xff, 0x80, 0xfb, 0x00, 0x09, 0x01, 0xff, 0xff, 0x03, 0xf8, 0x1f, 0x81, 0xff, 0xff, 0x80, 0xfb, 0x00, 0x09,
  0x01, 0xff, 0xff, 0x81, 0xe0, 0x07, 0x01, 0xff, 0xff, 0xc0, 0xfb, 0x00, 0x09, 0x03, 0xff, 0xff, 0x80, 0x00, 0x00, 0x01, 0xff, 0xff, 0xc0, 0xfb,
  0x00, 0x09, 0x03, 0xff, 0xff, 0x80, 0x00, 0x00, 0x01, 0xff, 0xff, 0xc0, 0xfb, 0x00, 0x09, 0x07, 0xff, 0xff, 0x80, 0x00, 0x00, 0x01, 0xff, 0xff,
  0xe0, 0xfb, 0x00, 0x09, 0x07, 0xff, 0xff, 0x80, 0x00, 0x00, 0x01, 0xff, 0xff, 0xe0, 0xfb, 0x00, 0x09, 0x07, 0xff, 0xff, 0x80, 0x00, 0x00, 0x01,
  0xff, 0xff, 0xe0, 0xfb, 0x00, 0x09, 0x07, 0xff, 0xff, 0x80, 0x00, 0x00, 0x01, 0xff, 0xff, 0xe0, 0xfb, 0x00, 0x09, 0x07, 0xff, 0xff, 0x80, 0x00,
  0x00, 0x01, 0xff, 0xff, 0xf0, 0xfb, 0x00, 0x09, 0x07, 0xff, 0xff, 0x80, 0x00, 0x00, 0x01, 0xff, 0xff, 0xf0, 0xfb, 0x00, 0x09, 0x0f, 0xff, 0xff,
  0x80, 0x00, 0x00, 0x01, 0xff, 0xff, 0xf0, 0xfb, 0x00, 0x09, 0x0f, 0xff, 0xff, 0x80, 0x00, 0x00, 0x01, 0xff, 0xff, 0xf0, 0xfb, 0x00, 0x09, 0x0f,
  0xff, 0xff, 0x80, 0x00, 0x00, 0x01, 0xff, 0xff, 0xf0, 0xfb, 0x00, 0x09, 0x0f, 0xff, 0xff, 0x80, 0x00, 0x00, 0x01, 0xff, 0xff, 0xf0, 0xfb, 0x00,
  0x09, 0x0f, 0xff, 0xff, 0x80, 0x00, 0x00, 0x01, 0xff, 0xff, 0xf0, 0xfb, 0x00, 0x09, 0x0f, 0xff, 0xff, 0xc0, 0x00, 0x00, 0x01, 0xff, 0xff, 0xf0,
  0xfb, 0x00, 0x09, 0x07, 0xff, 0xff, 0xc0, 0x00, 0x00, 0x01, 0xff, 0xff, 0xf0, 0xfb, 0x00, 0x09, 0x07, 0xff, 0xff, 0xc0, 0x00, 0x00, 0x01, 0xff,
  0xff, 0xf0, 0xfb, 0x00, 0x09, 0x07, 0xff, 0xff, 0xc0, 0x00, 0x00, 0x01, 0xff, 0xff, 0xe0, 0xfb, 0x00, 0x09, 0x07, 0xff, 0xff, 0xc0, 0x00, 0x00,
  0x01, 0xff, 0xff, 0xe0, 0xfb, 0x00, 0x09, 0x07, 0xff, 0xff, 0xc0, 0x00, 0x00, 0x01, 0xff, 0xff, 0xe0, 0xfb, 0x00, 0x09, 0x03, 0xff, 0xff, 0x80,
  0x00, 0x00, 0x01, 0xff, 0xff, 0xc0, 0xfb, 0x00, 0x03, 0x03, 0xff, 0xff, 0x80, 0xfe, 0x00, 0x02, 0xff, 0xff, 0xc0, 0xfb, 0x00, 0x03, 0x01, 0xff,
  0xff, 0x80, 0xfe, 0x00, 0x02, 0xff, 0xff, 0x80, 0xfa, 0x00, 0x01, 0xff, 0xff, 0xfd, 0x00, 0x01, 0x7f, 0xff, 0xf9, 0x00, 0x01, 0x7f, 0xfe, 0xfd,
  0x00, 0x01, 0x1f, 0xfc, 0xf9, 0x00, 0x01, 0x07, 0xc0, 0x81, 0x00, 0x81, 0x00, 0xa7, 0x00, 0x81, 0x00, 0xda, 0x00, 0x01, 0x1f, 0xf8, 0xf3, 0x00,
  0x01, 0x7f, 0xfe, 0xf3, 0x00, 0x04, 0xff, 0xff, 0x00, 0x03, 0xc0, 0xf9, 0x00, 0x07, 0x1f, 0xf8, 0x01, 0xff, 0xff, 0x80, 0x3f, 0xfc, 0xf9, 0x00,
  0x07, 0x7f, 0xfc, 0x03, 0xff, 0xff, 0x80, 0x7f, 0xff, 0xf9, 0x00, 0x08, 0xff, 0xff, 0x03, 0xff, 0xff, 0x80, 0xff, 0xff, 0x80, 0xfb, 0x00, 0x09,
  0x01, 0xff, 0xff, 0x03, 0xf8, 0x1f, 0x81, 0xff, 0xff, 0x80, 0xfb, 0x00, 0x09, 0x01, 0xff, 0xff, 0x81, 0xe0, 0x07, 0x01, 0xff, 0xff, 0xc0, 0xfb,
  0x00, 0x09, 0x03, 0xff, 0xff, 0x80, 0x00, 0x00, 0x01, 0xff, 0xff, 0xc0, 0xfb, 0x00, 0x09, 0x03, 0xff, 0xff, 0x80, 0x00, 0x00, 0x01, 0xff, 0xff,
  0xc0, 0xfb, 0x00, 0x09, 0x07, 0xff, 0xff, 0x80, 0x00, 0x00, 0x01, 0xff, 0xff, 0xe0, 0xfb, 0x00, 0x09, 0x07, 0xff, 0xff, 0x80, 0x00, 0x00, 0x01,
  0xff, 0xff, 0xe0, 0xfb, 0x00, 0x09, 0x07, 0xff, 0xff, 0x80, 0x00, 0x00, 0x01, 0xff, 0xff, 0xe0, 0xfb, 0x00, 0x09, 0x07, 0xff, 0xff, 0x80, 0x00,
  0x00, 0x01, 0xff, 0xff, 0xe0, 0xfb, 0x00, 0x09, 0x07, 0xff, 0xff, 0x80, 0x00, 0x00, 0x01, 0xff, 0xff, 0xf0, 0xfb, 0x00, 0x09, 0x07, 0xff, 0xff,
  0x80, 0x00, 0x00, 0x01, 0xff, 0xff, 0xf0, 0xfb, 0x00, 0x09, 0x0f, 0xff, 0xff, 0x80, 0x00, 0x00, 0x01, 0xff, 0xff, 0xf0, 0xfb, 0x00, 0x09, 0x0f,
  0xff, 0xff, 0x80, 0x00, 0x00, 0x01, 0xff, 0xff, 0xf0, 0xfb, 0x00, 0x09, 0x0f, 0xff, 0xff, 0x80, 0x00, 0x00, 0x01, 0xff, 0xff, 0xf0, 0xfb, 0x00,
  0x09, 0x0f, 0xff, 0xff, 0x80, 0x00, 0x00, 0x01, 0xff, 0xff, 0xf0, 0xfb, 0x00, 0x09, 0x0f, 0xff, 0xff, 0x80, 0x00, 0x00, 0x01, 0xff, 0xff, 0xf0,
  0xfb, 0x00, 0x09, 0x0f, 0xff, 0xff, 0xc0, 0x00, 0x00, 0x01, 0xff, 0xff, 0xf0, 0xfb, 0x00, 0x09, 0x07, 0xff, 0xff, 0xc0, 0x00, 0x00, 0x01, 0xff,
  0xff, 0xf0, 0xfb, 0x00, 0x09, 0x07, 0xff, 0xff, 0xc0, 0x00, 0x00, 0x01, 0xff, 0xff, 0xf0, 0xfb, 0x00, 0x09, 0x07, 0xff, 0xff, 0xc0, 0x00, 0x00,
  0x01, 0xff, 0xff, 0xe0, 0xfb, 0x00, 0x09, 0x07, 0xff, 0xff, 0xc0, 0x00, 0x00, 0x01, 0xff, 0xff, 0xe0, 0xfb, 0x00, 0x09, 0x07, 0xff, 0xff, 0xc0,
  0x00, 0x00, 0x01, 0xff, 0xff, 0xe0, 0xfb, 0x00, 0x09, 0x03, 0xff, 0xff, 0x80, 0x00, 0x00, 0x01, 0xff, 0xff, 0xc0, 0xfb, 0x00, 0x03, 0x03, 0xff,
  0xff, 0x80, 0xfe, 0x00, 0x02, 0xff, 0xff, 0xc0, 0xfb, 0x00, 0x03, 0x01, 0xff, 0xff, 0x80, 0xfe, 0x00, 0x02, 0xff, 0xff, 0x80, 0xfa, 0x00, 0x01,
  0xff, 0xff, 0xfd, 0x00, 0x01, 0x7f, 0xff, 0xf9, 0x00, 0x01, 0x7f, 0xfc, 0xfd, 0x00, 0x01, 0x1f, 0xf8, 0xf9, 0x00, 0x01, 0x07, 0xc0, 0x81, 0x00,
  0x81, 0x00, 0xa7, 0x00, 0x81, 0x00, 0xda, 0x00, 0x01, 0x1f, 0xf8, 0xf3, 0x00, 0x01, 0x7f, 0xfe, 0xf3, 0x00, 0x04, 0xff, 0xff, 0x00, 0x01, 0x80,
  0xf9, 0x00, 0x07, 0x1f, 0xf8, 0x01, 0xff, 0xff, 0x80, 0x3f, 0xfc, 0xf9, 0x00, 0x07, 0x7f, 0xfc, 0x03, 0xff, 0xff, 0x80, 0x7f, 0xff, 0xf9, 0x00,
  0x08, 0xff, 0xff, 0x03, 0xff, 0xff, 0x80, 0xff, 0xff, 0x80, 0xfb, 0x00, 0x09, 0x01, 0xff, 0xff, 0x03, 0xf8, 0x0f, 0x81, 0xff, 0xff, 0x80, 0xfb,
  0x00, 0x09, 0x01, 0xff, 0xff, 0x81, 0xe0, 0x07, 0x01, 0xff, 0xff, 0xc0, 0xfb, 0x00, 0x09, 0x03, 0xff, 0xff, 0x80, 0x00, 0x00, 0x01, 0xff, 0xff,
  0xc0, 0xfb, 0x00, 0x09, 0x03, 0xff, 0xff, 0x80, 0x00, 0x00, 0x01, 0xff, 0xff, 0xc0, 0xfb, 0x00, 0x09, 0x07, 0xff, 0xff, 0x80, 0x00, 0x00, 0x01,
  0xff, 0xff, 0xe0, 0xfb, 0x00, 0x09, 0x07, 0xff, 0xff, 0x80, 0x00, 0x00, 0x01, 0xff, 0xff, 0xe0, 0xfb, 0x00, 0x09, 0x07, 0xff, 0xff, 0x80, 0x00,
  0x00, 0x01, 0xff, 0xff, 0xe0, 0xfb, 0x00, 0x09, 0x07, 0xff, 0xff, 0x80, 0x00, 0x00, 0x01, 0xff, 0xff, 0xe0, 0xfb, 0x00, 0x09, 0x07, 0xff, 0xff,
  0x80, 0x00, 0x00, 0x01, 0xff, 0xff, 0xf0, 0xfb, 0x00, 0x09, 0x07, 0xff, 0xff, 0x80, 0x00, 0x00, 0x01, 0xff, 0xff, 0xf0, 0xfb, 0x00, 0x09, 0x0f,
  0xff, 0xff, 0x80, 0x00, 0x00, 0x01, 0xff, 0xff, 0xf0, 0xfb, 0x00, 0x09, 0x0f, 0xff, 0xff, 0x80, 0x00, 0x00, 0x01, 0xff, 0xff, 0xf0, 0xfb, 0x00,
  0x09, 0x0f, 0xff, 0xff, 0x80, 0x00, 0x00, 0x01, 0xff, 0xff, 0xf0, 0xfb, 0x00, 0x09, 0x0f, 0xff, 0xff, 0x80, 0x00, 0x00, 0x01, 0xff, 0xff, 0xf0,
  0xfb, 0x00, 0x09, 0x0f, 0xff, 0xff, 0x80, 0x00, 0x00, 0x01, 0xff, 0xff, 0xf0, 0xfb, 0x00, 0x09, 0x0f, 0xff, 0xff, 0xc0, 0x00, 0x00, 0x01, 0xff,
  0xff, 0xf0, 0xfb, 0x00, 0x09, 0x07, 0xff, 0xff, 0xc0, 0x00, 0x00, 0x01, 0xff, 0xff, 0xf0, 0xfb, 0x00, 0x09, 0x07, 0xff, 0xff, 0xc0, 0x00, 0x00,
  0x01, 0xff, 0xff, 0xf0, 0xfb, 0x00, 0x09, 0x07, 0xff, 0xff, 0xc0, 0x00, 0x00, 0x01, 0xff, 0xff, 0xe0, 0xfb, 0x00, 0x09, 0x07, 0xff, 0xff, 0xc0,
  0x00, 0x00, 0x01, 0xff, 0xff, 0xe0, 0xfb, 0x00, 0x09, 0x07, 0xff, 0xff, 0xc0, 0x00, 0x00, 0x01, 0xff, 0xff, 0xe0, 0xfb, 0x00, 0x09, 0x03, 0xff,
  0xff, 0x80, 0x00, 0x00, 0x01, 0xff, 0xff, 0xc0, 0xfb, 0x00, 0x03, 0x03, 0xff, 0xff, 0x80, 0xfe, 0x00, 0x02, 0xff, 0xff, 0xc0, 0xfb, 0x00, 0x03,
  0x01, 0xff, 0xff, 0x80, 0xfe, 0x00, 0x02, 0xff, 0xff, 0x80, 0xfa, 0x00, 0x01, 0xff, 0xff, 0xfd, 0x00, 0x01, 0x7f, 0xff, 0xf9, 0x00, 0x01, 0x7f,
  0xfc, 0xfd, 0x00, 0x01, 0x0f, 0xf8, 0xf9, 0x00, 0x01, 0x07, 0xc0, 0x81, 0x00, 0x81, 0x00, 0xa7, 0x00, 0x81, 0x00, 0xda, 0x00, 0x01, 0x1f, 0xf8,
  0xf3, 0x00, 0x01, 0x7f, 0xfe, 0xf3, 0x00, 0x04, 0xff, 0xff, 0x00, 0x03, 0xc0, 0xf9, 0x00, 0x07, 0x1f, 0xf8, 0x01, 0xff, 0xff, 0x80, 0x3f, 0xfc,
  0xf9, 0x00, 0x07, 0x7f, 0xfe, 0x03, 0xff, 0xff, 0x80, 0x7f, 0xff, 0xf9, 0x00, 0x08, 0xff, 0xff, 0x03, 0xff, 0xff, 0x80, 0xff, 0xff, 0x80, 0xfb,
  0x00, 0x09, 0x01, 0xff, 0xff, 0x03, 0xf8, 0x0f, 0x81, 0xff, 0xff, 0x80, 0xfb, 0x00, 0x09, 0x01, 0xff, 0xff, 0x81, 0xe0, 0x07, 0x01, 0xff, 0xff,
  0xc0, 0xfb, 0x00, 0x09, 0x03, 0xff, 0xff, 0x80, 0x00, 0x00, 0x01, 0xff, 0xff, 0xc0, 0xfb, 0x00, 0x09, 0x03, 0xff, 0xff, 0x80, 0x00, 0x00, 0x01,
  0xff, 0xff, 0xc0, 0xfb, 0x00, 0x09, 0x07, 0xff, 0xff, 0x80, 0x00, 0x00, 0x01, 0xff, 0xff, 0xe0, 0xfb, 0x00, 0x09, 0x07, 0xff, 0xff, 0x80, 0x00,
  0x00, 0x01, 0xff, 0xff, 0xe0, 0xfb, 0x00, 0x09, 0x07, 0xff, 0xff, 0x80, 0x00, 0x00, 0x01, 0xff, 0xff, 0xe0, 0xfb, 0x00, 0x09, 0x07, 0xff, 0xff,
  0x80, 0x00, 0x00, 0x01, 0xff, 0xff, 0xe0, 0xfb, 0x00, 0x09, 0x07, 0xff, 0xff, 0x80, 0x00, 0x00, 0x01, 0xff, 0xff, 0xf0, 0xfb, 0x00, 0x09, 0x07,
  0xff, 0xff, 0x80, 0x00, 0x00, 0x01, 0xff, 0xff, 0xf0, 0xfb, 0x00, 0x09, 0x0f, 0xff, 0xff, 0x80, 0x00, 0x00, 0x01, 0xff, 0xff, 0xf0, 0xfb, 0x00,
  0x09, 0x0f, 0xff, 0xff, 0x80, 0x00, 0x00, 0x01, 0xff, 0xff, 0xf0, 0xfb, 0x00, 0x09, 0x0f, 0xff, 0xff, 0x80, 0x00, 0x00, 0x01, 0xff, 0xff, 0xf0,
  0xfb, 0x00, 0x09, 0x0f, 0xff, 0xff, 0x80, 0x00, 0x00, 0x01, 0xff, 0xff, 0xf0, 0xfb, 0x00, 0x09, 0x0f, 0xff, 0xff, 0x80, 0x00, 0x00, 0x01, 0xff,
  0xff, 0xf0, 0xfb, 0x00, 0x09, 0x0f, 0xff, 0xff, 0xc0, 0x00, 0x00, 0x01, 0xff, 0xff, 0xf0, 0xfb, 0x00, 0x09, 0x07, 0xff, 0xff, 0xc0, 0x00, 0x00,
  0x01, 0xff, 0xff, 0xf0, 0xfb, 0x00, 0x09, 0x07, 0xff, 0xff, 0xc0, 0x00, 0x00, 0x03, 0xff, 0xff, 0xe0, 0xfb, 0x00, 0x09, 0x07, 0xff, 0xff, 0xc0,
  0x00, 0x00, 0x01, 0xff, 0xff, 0xe0, 0xfb, 0x00, 0x09, 0x07, 0xff, 0xff, 0xc0, 0x00, 0x00, 0x01, 0xff, 0xff, 0xe0, 0xfb, 0x00, 0x09, 0x07, 0xff,
  0xff, 0xc0, 0x00, 0x00, 0x01, 0xff, 0xff, 0xc0, 0xfb, 0x00, 0x09, 0x03, 0xff, 0xff, 0x80, 0x00, 0x00, 0x01, 0xff, 0xff, 0xc0, 0xfb, 0x00, 0x03,
  0x03, 0xff, 0xff, 0x80, 0xfe, 0x00, 0x02, 0xff, 0xff, 0xc0, 0xfb, 0x00, 0x03, 0x01, 0xff, 0xff, 0x80, 0xfe, 0x00, 0x02, 0xff, 0xff, 0x80, 0xfa,
  0x00, 0x01, 0xff, 0xff, 0xfd, 0x00, 0x01, 0x7f, 0xff, 0xf9, 0x00, 0x01, 0x7f, 0xfc, 0xfd, 0x00, 0x01, 0x0f, 0xf8, 0xf9, 0x00, 0x01, 0x07, 0x80,
  0x81, 0x00, 0x81, 0x00, 0xa7, 0x00, 0x81, 0x00, 0xda, 0x00, 0x01, 0x1f, 0xf8, 0xf3, 0x00, 0x01, 0x7f, 0xfc, 0xf3, 0x00, 0x04, 0xff, 0xff, 0x00,
  0x01, 0x80, 0xf9, 0x00, 0x07, 0x1f, 0xf8, 0x01, 0xff, 0xff, 0x80, 0x3f, 0xfc, 0xf9, 0x00, 0x07, 0x7f, 0xfc, 0x03, 0xff, 0xff, 0x80, 0x7f, 0xff,
  0xf9, 0x00, 0x08, 0xff, 0xff, 0x03, 0xff, 0xff, 0x80, 0xff, 0xff, 0x80, 0xfb, 0x00, 0x09, 0x01, 0xff, 0xff, 0x03, 0xf8, 0x0f, 0x81, 0xff, 0xff,
  0x80, 0xfb, 0x00, 0x09, 0x01, 0xff, 0xff, 0x81, 0xe0, 0x07, 0x01, 0xff, 0xff, 0xc0, 0xfb, 0x00, 0x09, 0x03, 0xff, 0xff, 0x80, 0x00, 0x00, 0x01,
  0xff, 0xff, 0xc0, 0xfb, 0x00, 0x09, 0x03, 0xff, 0xff, 0x80, 0x00, 0x00, 0x01, 0xff, 0xff, 0xc0, 0xfb, 0x00, 0x09, 0x07, 0xff, 0xff, 0x80, 0x00,
  0x00, 0x01, 0xff, 0xff, 0xe0, 0xfb, 0x00, 0x09, 0x07, 0xff, 0xff, 0x80, 0x00, 0x00, 0x01, 0xff, 0xff, 0xe0, 0xfb, 0x00, 0x09, 0x07, 0xff, 0xff,
  0x80, 0x00, 0x00, 0x01, 0xff, 0xff, 0xe0, 0xfb, 0x00, 0x09, 0x07, 0xff, 0xff, 0x80, 0x00, 0x00, 0x01, 0xff, 0xff, 0xe0, 0xfb, 0x00, 0x09, 0x07,
  0xff, 0xff, 0x80, 0x00, 0x00, 0x01, 0xff, 0xff, 0xf0, 0xfb, 0x00, 0x09, 0x07, 0xff, 0xff, 0x80, 0x00, 0x00, 0x01, 0xff, 0xff, 0xf0, 0xfb, 0x00,
  0x09, 0x0f, 0xff, 0xff, 0x80, 0x00, 0x00, 0x01, 0xff, 0xff, 0xf0, 0xfb, 0x00, 0x09, 0x0f, 0xff, 0xff, 0x80, 0x00, 0x00, 0x01, 0xff, 0xff, 0xf0,
  0xfb, 0x00, 0x09, 0x0f, 0xff, 0xff, 0x80, 0x00, 0x00, 0x01, 0xff, 0xff, 0xf0, 0xfb, 0x00, 0x09, 0x0f, 0xff, 0xff, 0x80, 0x00, 0x00, 0x01, 0xff,
  0xff, 0xf0, 0xfb, 0x00, 0x09, 0x0f, 0xff, 0xff, 0x80, 0x00, 0x00, 0x01, 0xff, 0xff, 0xf0, 0xfb, 0x00, 0x09, 0x0f, 0xff, 0xff, 0xc0, 0x00, 0x00,
  0x01, 0xff, 0xff, 0xf0, 0xfb, 0x00, 0x09, 0x07, 0xff, 0xff, 0xc0, 0x00, 0x00, 0x01, 0xff, 0xff, 0xf0, 0xfb, 0x00, 0x09, 0x07, 0xff, 0xff, 0xc0,
  0x00, 0x00, 0x03, 0xff, 0xff, 0xf0, 0xfb, 0x00, 0x09, 0x07, 0xff, 0xff, 0xc0, 0x00, 0x00, 0x03, 0xff, 0xff, 0xe0, 0xfb, 0x00, 0x09, 0x07, 0xff,
  0xff, 0xc0, 0x00, 0x00, 0x01, 0xff, 0xff, 0xe0, 0xfb, 0x00, 0x09, 0x07, 0xff, 0xff, 0xc0, 0x00, 0x00, 0x01, 0xff, 0xff, 0xe0, 0xfb, 0x00, 0x09,
  0x03, 0xff, 0xff, 0x80, 0x00, 0x00, 0x01, 0xff, 0xff, 0xc0, 0xfb, 0x00, 0x03, 0x03, 0xff, 0xff, 0x80, 0xfe, 0x00, 0x02, 0xff, 0xff, 0xc0, 0xfb,
  0x00, 0x03, 0x01, 0xff, 0xff, 0x80, 0xfe, 0x00, 0x02, 0xff, 0xff, 0x80, 0xfa, 0x00, 0x01, 0xff, 0xff, 0xfd, 0x00, 0x01, 0x7f, 0xff, 0xf9, 0x00,
  0x01, 0x7f, 0xfc, 0xfd, 0x00, 0x01, 0x0f, 0xf8, 0xf9, 0x00, 0x01, 0x07, 0xc0, 0x81, 0x00, 0x81, 0x00, 0xa7, 0x00, 0x81, 0x00, 0xda, 0x00, 0x01,
  0x1f, 0xf8, 0xf3, 0x00, 0x01, 0x7f, 0xfc, 0xf4, 0x00, 0x05, 0x01, 0xff, 0xff, 0x00, 0x07, 0xf0, 0xf9, 0x00, 0x07, 0x0f, 0xf0, 0x01, 0xff, 0xff,
  0x80, 0x3f, 0xfe, 0xf9, 0x00, 0x07, 0x7f, 0xfc, 0x03, 0xff, 0xff, 0x80, 0xff, 0xff, 0xf9, 0x00, 0x08, 0xff, 0xfe, 0x03, 0xff, 0xff, 0x80, 0xff,
  0xff, 0x80, 0xfb, 0x00, 0x09, 0x01, 0xff, 0xff, 0x03, 0xf8, 0x0f, 0x81, 0xff, 0xff, 0x80, 0xfb, 0x00, 0x09, 0x03, 0xff, 0xff, 0x81, 0xe0, 0x07,
  0x01, 0xff, 0xff, 0xc0, 0xfb, 0x00, 0x09, 0x03, 0xff, 0xff, 0x80, 0x00, 0x00, 0x03, 0xff, 0xff, 0xc0, 0xfb, 0x00, 0x09, 0x03, 0xff, 0xff, 0x80,
  0x00, 0x00, 0x01, 0xff, 0xff, 0xc0, 0xfb, 0x00, 0x09, 0x07, 0xff, 0xff, 0x80, 0x00, 0x00, 0x03, 0xff, 0xff, 0xe0, 0xfb, 0x00, 0x09, 0x07, 0xff,
  0xff, 0x80, 0x00, 0x00, 0x03, 0xff, 0xff, 0xe0, 0xfb, 0x00, 0x09, 0x07, 0xff, 0xff, 0x80, 0x00, 0x00, 0x03, 0xff, 0xff, 0xe0, 0xfb, 0x00, 0x09,
  0x07, 0xff, 0xff, 0x80, 0x00, 0x00, 0x01, 0xff, 0xff, 0xf0, 0xfb, 0x00, 0x09, 0x0f, 0xff, 0xff, 0x80, 0x00, 0x00, 0x01, 0xff, 0xff, 0xf0, 0xfb,
  0x00, 0x09, 0x0f, 0xff, 0xff, 0x80, 0x00, 0x00, 0x01, 0xff, 0xff, 0xf0, 0xfb, 0x00, 0x09, 0x0f, 0xff, 0xff, 0x80, 0x00, 0x00, 0x01, 0xff, 0xff,
  0xf0, 0xfb, 0x00, 0x09, 0x0f, 0xff, 0xff, 0x80, 0x00, 0x00, 0x01, 0xff, 0xff, 0xf0, 0xfb, 0x00, 0x09, 0x0f, 0xff, 0xff, 0x80, 0x00, 0x00, 0x01,
  0xff, 0xff, 0xf0, 0xfb, 0x00, 0x09, 0x0f, 0xff, 0xff, 0x80, 0x00, 0x00, 0x01, 0xff, 0xff, 0xf0, 0xfb, 0x00, 0x09, 0x0f, 0xff, 0xff, 0x80, 0x00,
  0x00, 0x03, 0xff, 0xff, 0xf0, 0xfb, 0x00, 0x09, 0x0f, 0xff, 0xff, 0xc0, 0x00, 0x00, 0x03, 0xff, 0xff, 0xf0, 0xfb, 0x00, 0x09, 0x0f, 0xff, 0xff,
  0xc0, 0x00, 0x00, 0x03, 0xff, 0xff, 0xf0, 0xfb, 0x00, 0x09, 0x07, 0xff, 0xff, 0xc0, 0x00, 0x00, 0x03, 0xff, 0xff, 0xe0, 0xfb, 0x00, 0x09, 0x07,
  0xff, 0xff, 0xc0, 0x00, 0x00, 0x03, 0xff, 0xff, 0xe0, 0xfb, 0x00, 0x09, 0x07, 0xff, 0xff, 0xc0, 0x00, 0x00, 0x01, 0xff, 0xff, 0xe0, 0xfb, 0x00,
  0x09, 0x07, 0xff, 0xff, 0xc0, 0x00, 0x00, 0x01, 0xff, 0xff, 0xc0, 0xfb, 0x00, 0x09, 0x03, 0xff, 0xff, 0x80, 0x00, 0x00, 0x01, 0xff, 0xff, 0xc0,
  0xfb, 0x00, 0x03, 0x03, 0xff, 0xff, 0x80, 0xfe, 0x00, 0x02, 0xff, 0xff, 0x80, 0xfb, 0x00, 0x03, 0x01, 0xff, 0xff, 0x80, 0xfe, 0x00, 0x02, 0x7f,
  0xff, 0x80, 0xfb, 0x00, 0x02, 0x01, 0xff, 0xff, 0xfd, 0x00, 0x01, 0x3f, 0xfe, 0xf9, 0x00, 0x01, 0x7f, 0xfe, 0xf3, 0x00, 0x01, 0x0f, 0xe0, 0x81,
  0x00, 0x81, 0x00, 0xa7, 0x00, 0x81, 0x00, 0xda, 0x00, 0x01, 0x1f, 0xf0, 0xf3, 0x00, 0x01, 0x7f, 0xfc, 0xf3, 0x00, 0x04, 0xff, 0xfe, 0x00, 0x1f,
  0xf0, 0xf7, 0x00, 0x05, 0x01, 0xff, 0xff, 0x00, 0x7f, 0xfe, 0xf9, 0x00, 0x07, 0x1f, 0xf8, 0x03, 0xff, 0xff, 0x80, 0xff, 0xff, 0xf9, 0x00, 0x08,
  0x7f, 0xfe, 0x03, 0xff, 0xff, 0x81, 0xff, 0xff, 0x80, 0xfb, 0x00, 0x09, 0x01, 0xff, 0xff, 0x03, 0xf8, 0x3f, 0x81, 0xff, 0xff, 0xc0, 0xfb, 0x00,
  0x09, 0x03, 0xff, 0xff, 0x83, 0xe0, 0x07, 0x03, 0xff, 0xff, 0xc0, 0xfb, 0x00, 0x09, 0x03, 0xff, 0xff, 0x81, 0xc0, 0x00, 0x03, 0xff, 0xff, 0xc0,
  0xfb, 0x00, 0x09, 0x03, 0xff, 0xff, 0x80, 0x00, 0x00, 0x03, 0xff, 0xff, 0xc0, 0xfb, 0x00, 0x09, 0x07, 0xff, 0xff, 0x80, 0x00, 0x00, 0x03, 0xff,
  0xff, 0xe0, 0xfb, 0x00, 0x09, 0x07, 0xff, 0xff, 0x80, 0x00, 0x00, 0x03, 0xff, 0xff, 0xe0, 0xfb, 0x00, 0x09, 0x07, 0xff, 0xff, 0x80, 0x00, 0x00,
  0x03, 0xff, 0xff, 0xe0, 0xfb, 0x00, 0x09, 0x0f, 0xff, 0xff, 0x80, 0x00, 0x00, 0x03, 0xff, 0xff, 0xf0, 0xfb, 0x00, 0x09, 0x0f, 0xff, 0xff, 0x80,
  0x00, 0x00, 0x01, 0xff, 0xff, 0xf0, 0xfb, 0x00, 0x09, 0x0f, 0xff, 0xff, 0x80, 0x00, 0x00, 0x01, 0xff, 0xff, 0xf0, 0xfb, 0x00, 0x09, 0x0f, 0xff,
  0xff, 0x80, 0x00, 0x00, 0x01, 0xff, 0xff, 0xf0, 0xfb, 0x00, 0x09, 0x0f, 0xff, 0xff, 0x80, 0x00, 0x00, 0x01, 0xff, 0xff, 0xf0, 0xfb, 0x00, 0x09,
  0x0f, 0xff, 0xff, 0xc0, 0x00, 0x00, 0x01, 0xff, 0xff, 0xf0, 0xfb, 0x00, 0x09, 0x0f, 0xff, 0xff, 0xc0, 0x00, 0x00, 0x01, 0xff, 0xff, 0xf0, 0xfb,
  0x00, 0x09, 0x0f, 0xff, 0xff, 0xc0, 0x00, 0x00, 0x03, 0xff, 0xff, 0xf0, 0xfb, 0x00, 0x09, 0x0f, 0xff, 0xff, 0xc0, 0x00, 0x00, 0x03, 0xff, 0xff,
  0xf0, 0xfb, 0x00, 0x09, 0x0f, 0xff, 0xff, 0xc0, 0x00, 0x00, 0x03, 0xff, 0xff, 0xf0, 0xfb, 0x00, 0x09, 0x0f, 0xff, 0xff, 0xc0, 0x00, 0x00, 0x03,
  0xff, 0xff, 0xf0, 0xfb, 0x00, 0x09, 0x0f, 0xff, 0xff, 0xe0, 0x00, 0x00, 0x03, 0xff, 0xff, 0xe0, 0xfb, 0x00, 0x09, 0x07, 0xff, 0xff, 0xe0, 0x00,
  0x00, 0x01, 0xff, 0xff, 0xe0, 0xfb, 0x00, 0x09, 0x07, 0xff, 0xff, 0xe0, 0x00, 0x00, 0x01, 0xff, 0xff, 0xc0, 0xfb, 0x00, 0x03, 0x07, 0xff, 0xff,
  0xc0, 0xfe, 0x00, 0x02, 0xff, 0xff, 0xc0, 0xfb, 0x00, 0x03, 0x03, 0xff, 0xff, 0xc0, 0xfe, 0x00, 0x02, 0xff, 0xff, 0x80, 0xfb, 0x00, 0x03, 0x03,
  0xff, 0xff, 0xc0, 0xfe, 0x00, 0x01, 0x7f, 0xff, 0xfa, 0x00, 0x03, 0x01, 0xff, 0xff, 0x80, 0xfe, 0x00, 0x01, 0x1f, 0xfc, 0xf9, 0x00, 0x01, 0xff,
  0xfe, 0xf3, 0x00, 0x01, 0x1f, 0xf8, 0x81, 0x00, 0x81, 0x00, 0xa7, 0x00, 0x81, 0x00, 0xea, 0x00, 0x00, 0x03, 0xf2, 0x00, 0x01, 0x1f, 0xf0, 0xf3,
  0x00, 0x01, 0x7f, 0xfc, 0xf4, 0x00, 0x05, 0x01, 0xff, 0xfe, 0x00, 0x3f, 0xf8, 0xf7, 0x00, 0x05, 0x01, 0xff, 0xff, 0x00, 0xff, 0xfe, 0xf9, 0x00,
  0x07, 0x03, 0xc0, 0x03, 0xff, 0xff, 0x01, 0xff, 0xff, 0xf9, 0x00, 0x08, 0x7f, 0xfc, 0x03, 0xff, 0xff, 0x03, 0xff, 0xff, 0x80, 0xfa, 0x00, 0x08,
  0xff, 0xfe, 0x03, 0xf8, 0x3f, 0x03, 0xff, 0xff, 0xc0, 0xfb, 0x00, 0x09, 0x03, 0xff, 0xff, 0x03, 0xe0, 0x0e, 0x07, 0xff, 0xff, 0xc0, 0xfb, 0x00,
  0x09, 0x03, 0xff, 0xff, 0x81, 0xc0, 0x00, 0x07, 0xff, 0xff, 0xe0, 0xfb, 0x00, 0x09, 0x03, 0xff, 0xff, 0x80, 0x00, 0x00, 0x07, 0xff, 0xff, 0xe0,
  0xfb, 0x00, 0x09, 0x07, 0xff, 0xff, 0x80, 0x00, 0x00, 0x03, 0xff, 0xff, 0xe0, 0xfb, 0x00, 0x09, 0x07, 0xff, 0xff, 0x80, 0x00, 0x00, 0x03, 0xff,
  0xff, 0xf0, 0xfb, 0x00, 0x09, 0x07, 0xff, 0xff, 0x80, 0x00, 0x00, 0x03, 0xff, 0xff, 0xf0, 0xfb, 0x00, 0x09, 0x0f, 0xff, 0xff, 0x80, 0x00, 0x00,
  0x03, 0xff, 0xff, 0xf0, 0xfb, 0x00, 0x09, 0x0f, 0xff, 0xff, 0xc0, 0x00, 0x00, 0x03, 0xff, 0xff, 0xf0, 0xfb, 0x00, 0x09, 0x0f, 0xff, 0xff, 0xc0,
  0x00, 0x00, 0x03, 0xff, 0xff, 0xf0, 0xfb, 0x00, 0x09, 0x0f, 0xff, 0xff, 0xc0, 0x00, 0x00, 0x03, 0xff, 0xff, 0xf0, 0xfb, 0x00, 0x09, 0x0f, 0xff,
  0xff, 0xc0, 0x00, 0x00, 0x03, 0xff, 0xff, 0xf0, 0xfb, 0x00, 0x09, 0x0f, 0xff, 0xff, 0xc0, 0x00, 0x00, 0x03, 0xff, 0xff, 0xf0, 0xfb, 0x00, 0x09,
  0x0f, 0xff, 0xff, 0xc0, 0x00, 0x00, 0x03, 0xff, 0xff, 0xf0, 0xfb, 0x00, 0x09, 0x0f, 0xff, 0xff, 0xc0, 0x00, 0x00, 0x03, 0xff, 0xff, 0xf0, 0xfb,
  0x00, 0x09, 0x0f, 0xff, 0xff, 0xe0, 0x00, 0x00, 0x03, 0xff, 0xff, 0xf0, 0xfb, 0x00, 0x09, 0x0f, 0xff, 0xff, 0xe0, 0x00, 0x00, 0x03, 0xff, 0xff,
  0xf0, 0xfb, 0x00, 0x09, 0x0f, 0xff, 0xff, 0xe0, 0x00, 0x00, 0x03, 0xff, 0xff, 0xf0, 0xfb, 0x00, 0x09, 0x0f, 0xff, 0xff, 0xe0, 0x00, 0x00, 0x01,
  0xff, 0xff, 0xe0, 0xfb, 0x00, 0x09, 0x07, 0xff, 0xff, 0xe0, 0x00, 0x00, 0x01, 0xff, 0xff, 0xe0, 0xfb, 0x00, 0x09, 0x07, 0xff, 0xff, 0xe0, 0x00,
  0x00, 0x01, 0xff, 0xff, 0xc0, 0xfb, 0x00, 0x03, 0x07, 0xff, 0xff, 0xe0, 0xfe, 0x00, 0x02, 0xff, 0xff, 0xc0, 0xfb, 0x00, 0x03, 0x03, 0xff, 0xff,
  0xe0, 0xfe, 0x00, 0x02, 0x7f, 0xff, 0x80, 0xfb, 0x00, 0x03, 0x03, 0xff, 0xff, 0xc0, 0xfe, 0x00, 0x01, 0x3f, 0xfe, 0xfa, 0x00, 0x03, 0x01, 0xff,
  0xff, 0x80, 0xfe, 0x00, 0x01, 0x03, 0xe0, 0xf9, 0x00, 0x01, 0xff, 0xff, 0xf3, 0x00, 0x01, 0x1f, 0xf8, 0x81, 0x00, 0x81, 0x00, 0xa7, 0x00, 0x81,
  0x00, 0xda, 0x00, 0x01, 0x1f, 0xf0, 0xf3, 0x00, 0x01, 0x7f, 0xfc, 0xf4, 0x00, 0x05, 0x01, 0xff, 0xfc, 0x00, 0x7f, 0xfc, 0xf7, 0x00, 0x05, 0x01,
  0xff, 0xfe, 0x01, 0xff, 0xff, 0xf7, 0x00, 0x05, 0x03, 0xff, 0xff, 0x03, 0xff, 0xff, 0xf7, 0x00, 0x06, 0x03, 0xff, 0xff, 0x03, 0xff, 0xff, 0x80,
  0xfa, 0x00, 0x08, 0x7f, 0xf8, 0x03, 0xf8, 0x3e, 0x07, 0xff, 0xff, 0xc0, 0xfb, 0x00, 0x09, 0x01, 0xff, 0xfe, 0x03, 0xe0, 0x0e, 0x07, 0xff, 0xff,
  0xc0, 0xfb, 0x00, 0x09, 0x03, 0xff, 0xff, 0x03, 0xc0, 0x00, 0x07, 0xff, 0xff, 0xe0, 0xfb, 0x00, 0x02, 0x03, 0xff, 0xff, 0xfe, 0x00, 0x03, 0x07,
  0xff, 0xff, 0xe0, 0xfb, 0x00, 0x09, 0x07, 0xff, 0xff, 0x80, 0x00, 0x00, 0x07, 0xff, 0xff, 0xe0, 0xfb, 0x00, 0x09, 0x07, 0xff, 0xff, 0x80, 0x00,
  0x00, 0x07, 0xff, 0xff, 0xf0, 0xfb, 0x00, 0x09, 0x0f, 0xff, 0xff, 0x80, 0x00, 0x00, 0x07, 0xff, 0xff, 0xf0, 0xfb, 0x00, 0x09, 0x0f, 0xff, 0xff,
  0x80, 0x00, 0x00, 0x03, 0xff, 0xff, 0xf0, 0xfb, 0x00, 0x09, 0x0f, 0xff, 0xff, 0xc0, 0x00, 0x00, 0x03, 0xff, 0xff, 0xf0, 0xfb, 0x00, 0x09, 0x0f,
  0xff, 0xff, 0xc0, 0x00, 0x00, 0x03, 0xff, 0xff, 0xf0, 0xfb, 0x00, 0x09, 0x0f, 0xff, 0xff, 0xc0, 0x00, 0x00, 0x03, 0xff, 0xff, 0xf0, 0xfb, 0x00,
  0x09, 0x0f, 0xff, 0xff, 0xc0, 0x00, 0x00, 0x03, 0xff, 0xff, 0xf0, 0xfb, 0x00, 0x09, 0x0f, 0xff, 0xff, 0xc0, 0x00, 0x00, 0x03, 0xff, 0xff, 0xf8,
  0xfb, 0x00, 0x09, 0x0f, 0xff, 0xff, 0xe0, 0x00, 0x00, 0x03, 0xff, 0xff, 0xf0, 0xfb, 0x00, 0x09, 0x0f, 0xff, 0xff, 0xe0, 0x00, 0x00, 0x03, 0xff,
  0xff, 0xf0, 0xfb, 0x00, 0x09, 0x0f, 0xff, 0xff, 0xe0, 0x00, 0x00, 0x03, 0xff, 0xff, 0xf0, 0xfb, 0x00, 0x09, 0x0f, 0xff, 0xff, 0xe0, 0x00, 0x00,
  0x03, 0xff, 0xff, 0xf0, 0xfb, 0x00, 0x09, 0x0f, 0xff, 0xff, 0xf0, 0x00, 0x00, 0x03, 0xff, 0xff, 0xf0, 0xfb, 0x00, 0x09, 0x0f, 0xff, 0xff, 0xf0,
  0x00, 0x00, 0x01, 0xff, 0xff, 0xe0, 0xfb, 0x00, 0x09, 0x0f, 0xff, 0xff, 0xf0, 0x00, 0x00, 0x01, 0xff, 0xff, 0xe0, 0xfb, 0x00, 0x03, 0x07, 0xff,
  0xff, 0xf0, 0xfe, 0x00, 0x02, 0xff, 0xff, 0xc0, 0xfb, 0x00, 0x03, 0x07, 0xff, 0xff, 0xf0, 0xfe, 0x00, 0x02, 0x3f, 0xff, 0x80, 0xfb, 0x00, 0x03,
  0x07, 0xff, 0xff, 0xf0, 0xfe, 0x00, 0x01, 0x1f, 0xfe, 0xfa, 0x00, 0x03, 0x03, 0xff, 0xff, 0xe0, 0xf5, 0x00, 0x03, 0x01, 0xff, 0xff, 0xc0, 0xf4,
  0x00, 0x02, 0xff, 0xff, 0x80, 0xf4, 0x00, 0x01, 0x7f, 0xfe, 0x81, 0x00, 0x81, 0x00, 0xa7, 0x00, 0x81, 0x00, 0xea, 0x00, 0x01, 0x03, 0xc0, 0xf3,
  0x00, 0x01, 0x1f, 0xf8, 0xf3, 0x00, 0x01, 0x7f, 0xfc, 0xf3, 0x00, 0x01, 0xff, 0xfe, 0xf4, 0x00, 0x05, 0x01, 0xff, 0xff, 0x00, 0x7f, 0xfc, 0xf7,
  0x00, 0x05, 0x03, 0xff, 0xff, 0x00, 0xff, 0xff, 0xf9, 0x00, 0x08, 0x7f, 0xf0, 0x03, 0xff, 0xff, 0x01, 0xff, 0xff, 0x80, 0xfa, 0x00, 0x08, 0xff,
  0xfc, 0x03, 0xf8, 0x3f, 0x03, 0xff, 0xff, 0xc0, 0xfb, 0x00, 0x09, 0x03, 0xff, 0xfe, 0x01, 0xf0, 0x0e, 0x03, 0xff, 0xff, 0xc0, 0xfb, 0x00, 0x09,
  0x03, 0xff, 0xff, 0x01, 0xc0, 0x00, 0x03, 0xff, 0xff, 0xe0, 0xfb, 0x00, 0x02, 0x07, 0xff, 0xff, 0xfe, 0x00, 0x03, 0x03, 0xff, 0xff, 0xe0, 0xfb,
  0x00, 0x09, 0x07, 0xff, 0xff, 0x80, 0x00, 0x00, 0x03, 0xff, 0xff, 0xe0, 0xfb, 0x00, 0x09, 0x07, 0xff, 0xff, 0x80, 0x00, 0x00, 0x03, 0xff, 0xff,
  0xf0, 0xfb, 0x00, 0x09, 0x0f, 0xff, 0xff, 0x80, 0x00, 0x00, 0x03, 0xff, 0xff, 0xf0, 0xfb, 0x00, 0x09, 0x0f, 0xff, 0xff, 0x80, 0x00, 0x00, 0x03,
  0xff, 0xff, 0xf0, 0xfb, 0x00, 0x09, 0x0f, 0xff, 0xff, 0x80, 0x00, 0x00, 0x03, 0xff, 0xff, 0xf0, 0xfb, 0x00, 0x09, 0x0f, 0xff, 0xff, 0x80, 0x00,
  0x00, 0x03, 0xff, 0xff, 0xf0, 0xfb, 0x00, 0x09, 0x1f, 0xff, 0xff, 0xc0, 0x00, 0x00, 0x03, 0xff, 0xff, 0xf0, 0xfb, 0x00, 0x09, 0x0f, 0xff, 0xff,
  0xc0, 0x00, 0x00, 0x03, 0xff, 0xff, 0xf0, 0xfb, 0x00, 0x09, 0x0f, 0xff, 0xff, 0xc0, 0x00, 0x00, 0x03, 0xff, 0xff, 0xf8, 0xfb, 0x00, 0x09, 0x0f,
  0xff, 0xff, 0xc0, 0x00, 0x00, 0x03, 0xff, 0xff, 0xf0, 0xfb, 0x00, 0x09, 0x0f, 0xff, 0xff, 0xe0, 0x00, 0x00, 0x03, 0xff, 0xff, 0xf0, 0xfb, 0x00,
  0x09, 0x0f, 0xff, 0xff, 0xe0, 0x00, 0x00, 0x03, 0xff, 0xff, 0xf0, 0xfb, 0x00, 0x09, 0x0f, 0xff, 0xff, 0xe0, 0x00, 0x00, 0x03, 0xff, 0xff, 0xf0,
  0xfb, 0x00, 0x09, 0x0f, 0xff, 0xff, 0xe0, 0x00, 0x00, 0x03, 0xff, 0xff, 0xf0, 0xfb, 0x00, 0x09, 0x07, 0xff, 0xff, 0xe0, 0x00, 0x00, 0x03, 0xff,
  0xff, 0xe0, 0xfb, 0x00, 0x09, 0x07, 0xff, 0xff, 0xe0, 0x00, 0x00, 0x01, 0xff, 0xff, 0xe0, 0xfb, 0x00, 0x03, 0x07, 0xff, 0xff, 0xe0, 0xfe, 0x00,
  0x02, 0xff, 0xff, 0xe0, 0xfb, 0x00, 0x03, 0x07, 0xff, 0xff, 0xe0, 0xfe, 0x00, 0x02, 0xff, 0xff, 0xc0, 0xfb, 0x00, 0x03, 0x03, 0xff, 0xff, 0xe0,
  0xfe, 0x00, 0x02, 0x7f, 0xff, 0x80, 0xfb, 0x00, 0x03, 0x03, 0xff, 0xff, 0xc0, 0xfe, 0x00, 0x01, 0x1f, 0xff, 0xfa, 0x00, 0x03, 0x01, 0xff, 0xff,
  0x80, 0xfe, 0x00, 0x01, 0x01, 0xf8, 0xf9, 0x00, 0x01, 0x7f, 0xfe, 0xf3, 0x00, 0x01, 0x0f, 0xe0, 0x81, 0x00, 0x81, 0x00, 0xa7, 0x00, 0x81, 0x00,
  0xda, 0x00, 0x01, 0x1f, 0xf0, 0xf3, 0x00, 0x01, 0x7f, 0xfc, 0xf3, 0x00, 0x01, 0xff, 0xfe, 0xf6, 0x00, 0x07, 0x3f, 0xf0, 0x01, 0xff, 0xff, 0x80,
  0x1f, 0xe0, 0xf9, 0x00, 0x07, 0xff, 0xf8, 0x01, 0xff, 0xff, 0x80, 0x7f, 0xfc, 0xfa, 0x00, 0x08, 0x01, 0xff, 0xfe, 0x01, 0xff, 0xff, 0xc0, 0xff,
  0xff, 0xfa, 0x00, 0x09, 0x03, 0xff, 0xfe, 0x01, 0xf8, 0x3f, 0xc1, 0xff, 0xff, 0x80, 0xfb, 0x00, 0x09, 0x07, 0xff, 0xff, 0x01, 0xe0, 0x0f, 0xc1,
  0xff, 0xff, 0xc0, 0xfb, 0x00, 0x09, 0x07, 0xff, 0xff, 0x00, 0x00, 0x03, 0x83, 0xff, 0xff, 0xc0, 0xfb, 0x00, 0x02, 0x07, 0xff, 0xff, 0xfe, 0x00,
  0x03, 0x03, 0xff, 0xff, 0xc0, 0xfb, 0x00, 0x09, 0x07, 0xff, 0xff, 0x80, 0x00, 0x00, 0x03, 0xff, 0xff, 0xe0, 0xfb, 0x00, 0x09, 0x0f, 0xff, 0xff,
  0x80, 0x00, 0x00, 0x03, 0xff, 0xff, 0xe0, 0xfb, 0x00, 0x09, 0x0f, 0xff, 0xff, 0x80, 0x00, 0x00, 0x03, 0xff, 0xff, 0xe0, 0xfb, 0x00, 0x09, 0x0f,
  0xff, 0xff, 0x80, 0x00, 0x00, 0x03, 0xff, 0xff, 0xf0, 0xfb, 0x00, 0x09, 0x0f, 0xff, 0xff, 0x80, 0x00, 0x00, 0x03, 0xff, 0xff, 0xf0, 0xfb, 0x00,
  0x09, 0x0f, 0xff, 0xff, 0x80, 0x00, 0x00, 0x03, 0xff, 0xff, 0xf0, 0xfb, 0x00, 0x09, 0x1f, 0xff, 0xff, 0x80, 0x00, 0x00, 0x03, 0xff, 0xff, 0xf0,
  0xfb, 0x00, 0x09, 0x0f, 0xff, 0xff, 0xc0, 0x00, 0x00, 0x03, 0xff, 0xff, 0xf0, 0xfb, 0x00, 0x09, 0x0f, 0xff, 0xff, 0xc0, 0x00, 0x00, 0x03, 0xff,
  0xff, 0xf0, 0xfb, 0x00, 0x09, 0x0f, 0xff, 0xff, 0xc0, 0x00, 0x00, 0x03, 0xff, 0xff, 0xf0, 0xfb, 0x00, 0x09, 0x0f, 0xff, 0xff, 0xc0, 0x00, 0x00,
  0x03, 0xff, 0xff, 0xf0, 0xfb, 0x00, 0x09, 0x0f, 0xff, 0xff, 0xe0, 0x00, 0x00, 0x03, 0xff, 0xff, 0xf0, 0xfb, 0x00, 0x09, 0x0f, 0xff, 0xff, 0xe0,
  0x00, 0x00, 0x03, 0xff, 0xff, 0xf0, 0xfb, 0x00, 0x09, 0x0f, 0xff, 0xff, 0xe0, 0x00, 0x00, 0x03, 0xff, 0xff, 0xf0, 0xfb, 0x00, 0x09, 0x07, 0xff,
  0xff, 0xe0, 0x00, 0x00, 0x03, 0xff, 0xff, 0xf0, 0xfb, 0x00, 0x09, 0x07, 0xff, 0xff, 0xe0, 0x00, 0x00, 0x03, 0xff, 0xff, 0xf0, 0xfb, 0x00, 0x09,
  0x07, 0xff, 0xff, 0xe0, 0x00, 0x00, 0x03, 0xff, 0xff, 0xe0, 0xfb, 0x00, 0x09, 0x03, 0xff, 0xff, 0xe0, 0x00, 0x00, 0x03, 0xff, 0xff, 0xe0, 0xfb,
  0x00, 0x09, 0x03, 0xff, 0xff, 0xc0, 0x00, 0x00, 0x01, 0xff, 0xff, 0xe0, 0xfb, 0x00, 0x03, 0x01, 0xff, 0xff, 0xc0, 0xfe, 0x00, 0x02, 0xff, 0xff,
  0xc0, 0xfa, 0x00, 0x01, 0xff, 0xff, 0xfd, 0x00, 0x02, 0x7f, 0xff, 0xc0, 0xfa, 0x00, 0x01, 0x3f, 0xfc, 0xfd, 0x00, 0x02, 0x3f, 0xff, 0x80, 0xf4,
  0x00, 0x01, 0x1f, 0xfe, 0xf3, 0x00, 0x01, 0x03, 0xfc, 0x81, 0x00, 0x81, 0x00, 0xbd, 0x00, 0xdd, 0x00, 0x07, 0x3f, 0xff, 0xff, 0xf0, 0x1f, 0xff,
  0xff, 0xfc, 0xf9, 0x00, 0x07, 0x7f, 0xff, 0xff, 0xc0, 0x07, 0xff, 0xff, 0xfe, 0xf9, 0x00, 0x07, 0x7f, 0xff, 0xff, 0x00, 0x01, 0xff, 0xff, 0xfe,
  0xf9, 0x00, 0x07, 0xff, 0xff, 0xfe, 0x00, 0x00, 0x7f, 0xff, 0xff, 0xf9, 0x00, 0x07, 0xff, 0xff, 0xf8, 0x00, 0x00, 0x3f, 0xff, 0xff, 0xfa, 0x00,
  0x08, 0x01, 0xff, 0xff, 0xf8, 0x00, 0x00, 0x1f, 0xff, 0xff, 0xfa, 0x00, 0x08, 0x01, 0xff, 0xff, 0xf0, 0x00, 0x00, 0x1f, 0xff, 0xff, 0xfa, 0x00,
  0x09, 0x03, 0xff, 0xff, 0xe0, 0x00, 0x00, 0x0f, 0xff, 0xff, 0x80, 0xfb, 0x00, 0x09, 0x03, 0xff, 0xff, 0xe0, 0x01, 0xe0, 0x0f, 0xff, 0xff, 0x80,
  0xfb, 0x00, 0x09, 0x07, 0xff, 0xff, 0xc0, 0x03, 0xfc, 0x07, 0xff, 0xff, 0x80, 0xfb, 0x00, 0x09, 0x07, 0xff, 0xff, 0xc0, 0x07, 0xfe, 0x07, 0xff,
  0xff, 0x80, 0xfb, 0x00, 0x09, 0x07, 0xff, 0xff, 0xc0, 0x07, 0xff, 0x83, 0xff, 0xff, 0x80, 0xfb, 0x00, 0x09, 0x07, 0xff, 0xff, 0x80, 0x03, 0xff,
  0xc3, 0xff, 0xff, 0x80, 0xfb, 0x00, 0x09, 0x0f, 0xff, 0xff, 0x80, 0x01, 0xff, 0xe1, 0xff, 0xff, 0x80, 0xfb, 0x00, 0x08, 0x0f, 0xff, 0xff, 0x80,
  0x00, 0x3f, 0xf1, 0xff, 0xff, 0xfa, 0x00, 0x08, 0x0f, 0xff, 0xff, 0x80, 0x00, 0x0f, 0xf8, 0xff, 0xff, 0xfa, 0x00, 0x08, 0x0f, 0xff, 0xff, 0x80,
  0x00, 0x03, 0xf8, 0xff, 0xfe, 0xfa, 0x00, 0x08, 0x1f, 0xff, 0xff, 0x80, 0x00, 0x01, 0xfc, 0x7f, 0xfc, 0xfa, 0x00, 0x08, 0x1f, 0xff, 0xff, 0x80,
  0x00, 0x00, 0xfc, 0x3f, 0xfe, 0xfa, 0x00, 0x08, 0x1f, 0xff, 0xff, 0x80, 0x00, 0x00, 0xfe, 0x7f, 0xff, 0xfa, 0x00, 0x09, 0x1f, 0xff, 0xff, 0x80,
  0x00, 0x00, 0x7e, 0xff, 0xff, 0x80, 0xfb, 0x00, 0x09, 0x1f, 0xff, 0xff, 0x80, 0x00, 0x00, 0x7e, 0xff, 0xff, 0xc0, 0xfb, 0x00, 0x09, 0x1f, 0xff,
  0xff, 0x80, 0x00, 0x00, 0x3e, 0xff, 0xff, 0xc0, 0xfb, 0x00, 0x09, 0x1f, 0xff, 0xff, 0x80, 0x00, 0x00, 0x3f, 0xff, 0xff, 0xe0, 0xfb, 0x00, 0x09,
  0x1f, 0xff, 0xff, 0x80, 0x00, 0x00, 0x3f, 0xff, 0xff, 0xe0, 0xfb, 0x00, 0x09, 0x0f, 0xff, 0xff, 0x80, 0x00, 0x00, 0x1f, 0xff, 0xff, 0xe0, 0xfb,
  0x00, 0x09, 0x0f, 0xff, 0xff, 0x80, 0x00, 0x00, 0x1f, 0xff, 0xff, 0xe0, 0xfb, 0x00, 0x09, 0x0f, 0xff, 0xff, 0x80, 0x00, 0x00, 0x3f, 0xff, 0xff,
  0xe0, 0xfb, 0x00, 0x09, 0x0f, 0xff, 0xff, 0x80, 0x00, 0x00, 0x3f, 0xff, 0xff, 0xe0, 0xfb, 0x00, 0x09, 0x07, 0xff, 0xff, 0x80, 0x00, 0x00, 0x3f,
  0xff, 0xff, 0xe0, 0xfb, 0x00, 0x09, 0x07, 0xff, 0xff, 0x80, 0x00, 0x00, 0x7f, 0xff, 0xff, 0xe0, 0xfb, 0x00, 0x09, 0x07, 0xff, 0xff, 0x80, 0x00,
  0x00, 0x7f, 0xff, 0xff, 0xe0, 0xfb, 0x00, 0x05, 0x03, 0xff, 0xff, 0x80, 0x00, 0x00, 0xfe, 0xff, 0x00, 0xe0, 0xfb, 0x00, 0x05, 0x01, 0xff, 0xff,
  0xc0, 0x00, 0x01, 0xfe, 0xff, 0x00, 0xe0, 0xfb, 0x00, 0x05, 0x01, 0xff, 0xff, 0xc0, 0x00, 0x03, 0xfe, 0xff, 0x00, 0xe0, 0xfb, 0x00, 0x09, 0x01,
  0xff, 0xff, 0xe0, 0x00, 0x07, 0xef, 0xff, 0xff, 0xe0, 0xfa, 0x00, 0x08, 0xff, 0xff, 0xe0, 0x00, 0x0f, 0xcf, 0xff, 0xff, 0xe0, 0xfa, 0x00, 0x08,
  0xff, 0xff, 0xf0, 0x00, 0x07, 0x8f, 0xff, 0xff, 0xc0, 0xfa, 0x00, 0x08, 0xff, 0xff, 0xf8, 0x00, 0x00, 0x1f, 0xff, 0xff, 0xc0, 0xfa, 0x00, 0x08,
  0xff, 0xff, 0xf8, 0x00, 0x00, 0x3f, 0xff, 0xff, 0xc0, 0xfa, 0x00, 0x08, 0xff, 0xff, 0xfe, 0x00, 0x00, 0x7f, 0xff, 0xff, 0xc0, 0xfa, 0x00, 0x04,
  0x7f, 0xff, 0xff, 0x00, 0x01, 0xfe, 0xff, 0x00, 0x80, 0xfa, 0x00, 0x04, 0x7f, 0xff, 0xff, 0xc0, 0x07, 0xfe, 0xff, 0x00, 0x80, 0xfa, 0x00, 0x00,
  0x3f, 0xfa, 0xff, 0xf9, 0x00, 0x00, 0x3f, 0xfa, 0xff, 0xf9, 0x00, 0x00, 0x1f, 0xfb, 0xff, 0x00, 0xfe, 0xf9, 0x00, 0x00, 0x1f, 0xfb, 0xff, 0x00,
  0xfc, 0xf9, 0x00, 0x00, 0x0f, 0xfb, 0xff, 0x00, 0xf8, 0xf9, 0x00, 0x00, 0x0f, 0xfb, 0xff, 0x00, 0xf0, 0xf9, 0x00, 0x00, 0x07, 0xfb, 0xff, 0x00,
  0xf0, 0xf9, 0x00, 0x00, 0x03, 0xfb, 0xff, 0x00, 0xe0, 0xf9, 0x00, 0x00, 0x03, 0xfb, 0xff, 0x00, 0xc0, 0xf9, 0x00, 0x00, 0x01, 0xfb, 0xff, 0x00,
  0x80, 0xf8, 0x00, 0xfb, 0xff, 0xf7, 0x00, 0x00, 0x7f, 0xfd, 0xff, 0x00, 0xfe, 0x8c, 0x00, 0xf8, 0x00, 0x02, 0x3f, 0xff, 0xff, 0xf4, 0x00, 0x02,
  0x3f, 0xff, 0xff, 0xf4, 0x00, 0x03, 0x3f, 0xff, 0xff, 0x80, 0xf5, 0x00, 0x03, 0x3f, 0xff, 0xff, 0x80, 0xf5, 0x00, 0x03, 0x3f, 0xff, 0xff, 0xc0,
  0xf5, 0x00, 0x03, 0x1f, 0xff, 0xff, 0xc0, 0xf5, 0x00, 0x03, 0x1f, 0xff, 0xff, 0xc0, 0xf5, 0x00, 0x03, 0x1f, 0xff, 0xff, 0xe0, 0xf5, 0x00, 0x03,
  0x0f, 0xff, 0xff, 0xe0, 0xf5, 0x00, 0x03, 0x0f, 0xff, 0xff, 0xe0, 0xf5, 0x00, 0x03, 0x0f, 0xff, 0xff, 0xf0, 0xf5, 0x00, 0x03, 0x07, 0xff, 0xff,
  0xf0, 0xf5, 0x00, 0x03, 0x07, 0xff, 0xff, 0xf0, 0xf5, 0x00, 0x03, 0x07, 0xff, 0xff, 0xf0, 0xf5, 0x00, 0x03, 0x03, 0xff, 0xff, 0xf8, 0xf5, 0x00,
  0x03, 0x03, 0xff, 0xff, 0xf8, 0xfa, 0x00, 0x01, 0x1f, 0xc0, 0xfe, 0x00, 0x03, 0x03, 0xff, 0xff, 0xf8, 0xfa, 0x00, 0x01, 0xff, 0xf8, 0xfe, 0x00,
  0x03, 0x03, 0xff, 0xff, 0xf8, 0xfb, 0x00, 0x02, 0x01, 0xff, 0xfc, 0xfe, 0x00, 0x03, 0x03, 0xff, 0xff, 0xf8, 0xfb, 0x00, 0x02, 0x03, 0xff, 0xfe,
  0xfe, 0x00, 0x03, 0x01, 0xff, 0xff, 0xf8, 0xfb, 0x00, 0x02, 0x03, 0xff, 0xfe, 0xfe, 0x00, 0x03, 0x01, 0xff, 0xff, 0xf0, 0xfb, 0x00, 0x02, 0x07,
  0xff, 0xff, 0xfe, 0x00, 0x03, 0x01, 0xff, 0xff, 0xf0, 0xfb, 0x00, 0x02, 0x07, 0xff, 0xff, 0xfe, 0x00, 0x03, 0x01, 0xff, 0xff, 0xf0, 0xfb, 0x00,
  0x09, 0x07, 0xff, 0xff, 0x80, 0x00, 0x00, 0x1d, 0xff, 0xff, 0xf0, 0xfb, 0x00, 0x09, 0x0f, 0xff, 0xff, 0x80, 0x00, 0x00, 0x3e, 0xff, 0xff, 0xf0,
  0xfb, 0x00, 0x09, 0x0f, 0xff, 0xff, 0x80, 0x00, 0x00, 0x3f, 0xff, 0xff, 0xf0, 0xfb, 0x00, 0x09, 0x0f, 0xff, 0xff, 0xc0, 0x00, 0x00, 0x1e, 0xff,
  0xff, 0xe0, 0xfb, 0x00, 0x09, 0x0f, 0xff, 0xff, 0xc0, 0x00, 0x00, 0x1e, 0xff, 0xff, 0xe0, 0xfb, 0x00, 0x09, 0x0f, 0xff, 0xff, 0xc0, 0x00, 0x00,
  0x3e, 0xff, 0xff, 0xc0, 0xfb, 0x00, 0x09, 0x0f, 0xff, 0xff, 0xc0, 0x00, 0x00, 0x3e, 0x7f, 0xff, 0x80, 0xfb, 0x00, 0x09, 0x0f, 0xff, 0xff, 0xe0,
  0x00, 0x00, 0x7e, 0x7f, 0xff, 0x80, 0xfb, 0x00, 0x09, 0x0f, 0xff, 0xff, 0xe0, 0x00, 0x00, 0xfe, 0x7f, 0xff, 0x80, 0xfb, 0x00, 0x09, 0x0f, 0xff,
  0xff, 0xe0, 0x00, 0x01, 0xfc, 0x7f, 0xff, 0x80, 0xfb, 0x00, 0x09, 0x0f, 0xff, 0xff, 0xe0, 0x00, 0x03, 0xfc, 0xff, 0xff, 0x80, 0xfb, 0x00, 0x09,
  0x0f, 0xff, 0xff, 0xf0, 0xe0, 0x07, 0xfc, 0xff, 0xff, 0x80, 0xfb, 0x00, 0x09, 0x07, 0xff, 0xff, 0xf1, 0xf8, 0x1f, 0xf9, 0xff, 0xff, 0xc0, 0xfb,
  0x00, 0x09, 0x07, 0xff, 0xff, 0xf9, 0xff, 0xff, 0xfb, 0xff, 0xff, 0xc0, 0xfb, 0x00, 0x09, 0x07, 0xff, 0xff, 0xf9, 0xff, 0xff, 0xf3, 0xff, 0xff,
  0x80, 0xfb, 0x00, 0x09, 0x07, 0xff, 0xff, 0xfd, 0xff, 0xff, 0xe7, 0xff, 0xff, 0x80, 0xfb, 0x00, 0x09, 0x03, 0xff, 0xff, 0xfc, 0xff, 0xff, 0xcf,
  0xff, 0xff, 0x80, 0xfb, 0x00, 0x09, 0x03, 0xff, 0xff, 0xfc, 0x7f, 0xff, 0x0f, 0xff, 0xff, 0x80, 0xfb, 0x00, 0x08, 0x03, 0xff, 0xff, 0xfe, 0x3f,
  0xfc, 0x1f, 0xff, 0xff, 0xfa, 0x00, 0x05, 0x01, 0xff, 0xff, 0xfe, 0x1f, 0xf0, 0xf7, 0x00, 0x00, 0x01, 0xfe, 0xff, 0xf5, 0x00, 0x00, 0x01, 0xfe,
  0xff, 0x00, 0x80, 0xf5, 0x00, 0xfe, 0xff, 0x00, 0x80, 0xf5, 0x00, 0x03, 0x7f, 0xff, 0xff, 0x80, 0xf5, 0x00, 0x03, 0x7f, 0xff, 0xff, 0x80, 0xf5,
  0x00, 0x03, 0x7f, 0xff, 0xff, 0x80, 0xf5, 0x00, 0x03, 0x3f, 0xff, 0xff, 0x80, 0xf5, 0x00, 0x03, 0x1f, 0xff, 0xff, 0x80, 0xf5, 0x00, 0x03, 0x1f,
  0xff, 0xff, 0x80, 0xf5, 0x00, 0x02, 0x0f, 0xff, 0xff, 0xf4, 0x00, 0x02, 0x07, 0xff, 0xff, 0xf4, 0x00, 0x02, 0x07, 0xff, 0xfe, 0xf4, 0x00, 0x02,
  0x03, 0xff, 0xfe, 0xf4, 0x00, 0x02, 0x01, 0xff, 0xfc, 0xf3, 0x00, 0x01, 0x7f, 0xf8, 0x98, 0x00, 0xd7, 0x00, 0x01, 0x07, 0xf8, 0xf3, 0x00, 0x01,
  0x3f, 0xfe, 0xf3, 0x00, 0x01, 0x7f, 0xff, 0xf4, 0x00, 0x03, 0x01, 0xff, 0xff, 0x80, 0xf5, 0x00, 0x03, 0x03, 0xff, 0xff, 0xc0, 0xf5, 0x00, 0x03,
  0x03, 0xff, 0xff, 0xe0, 0xf5, 0x00, 0x03, 0x03, 0xff, 0xff, 0xe0, 0xf5, 0x00, 0x03, 0x03, 0xff, 0xff, 0xf0, 0xf5, 0x00, 0x03, 0x03, 0xff, 0xff,
  0xf0, 0xfa, 0x00, 0x01, 0x7f, 0xf8, 0xfe, 0x00, 0x03, 0x03, 0xff, 0xff, 0xf0, 0xfb, 0x00, 0x02, 0x01, 0xff, 0xfe, 0xfe, 0x00, 0x03, 0x03, 0xff,
  0xff, 0xf8, 0xfb, 0x00, 0x09, 0x03, 0xff, 0xff, 0x80, 0x00, 0x00, 0x03, 0xff, 0xff, 0xf8, 0xfb, 0x00, 0x09, 0x03, 0xff, 0xff, 0x80, 0x00, 0x00,
  0x03, 0xff, 0xff, 0xf8, 0xfb, 0x00, 0x09, 0x07, 0xff, 0xff, 0x80, 0x00, 0x00, 0x01, 0xff, 0xff, 0xf8, 0xfb, 0x00, 0x09, 0x07, 0xff, 0xff, 0xc0,
  0x00, 0x00, 0x01, 0xff, 0xff, 0xf8, 0xfb, 0x00, 0x09, 0x07, 0xff, 0xff, 0xc0, 0x00, 0x00, 0x01, 0xff, 0xff, 0xf8, 0xfb, 0x00, 0x09, 0x0f, 0xff,
  0xff, 0xc0, 0x00, 0x00, 0x01, 0xff, 0xff, 0xf8, 0xfb, 0x00, 0x09, 0x0f, 0xff, 0xff, 0xc0, 0x00, 0x00, 0x01, 0xff, 0xff, 0xf8, 0xfb, 0x00, 0x09,
  0x0f, 0xff, 0xff, 0xc0, 0x00, 0x00, 0x01, 0xff, 0xff, 0xf8, 0xfb, 0x00, 0x09, 0x0f, 0xff, 0xff, 0xc0, 0x00, 0x00, 0x01, 0xff, 0xff, 0xf8, 0xfb,
  0x00, 0x09, 0x0f, 0xff, 0xff, 0xc0, 0x00, 0x00, 0x01, 0xff, 0xff, 0xf8, 0xfb, 0x00, 0x09, 0x0f, 0xff, 0xff, 0xc0, 0x00, 0x00, 0x01, 0xff, 0xff,
  0xf8, 0xfb, 0x00, 0x09, 0x0f, 0xff, 0xff, 0xc0, 0x00, 0x00, 0x01, 0xff, 0xff, 0xf8, 0xfb, 0x00, 0x09, 0x0f, 0xff, 0xff, 0xc0, 0x00, 0x00, 0x01,
  0xff, 0xff, 0xf8, 0xfb, 0x00, 0x09, 0x0f, 0xff, 0xff, 0xc0, 0x00, 0x00, 0x01, 0xff, 0xff, 0xf8, 0xfb, 0x00, 0x09, 0x0f, 0xff, 0xff, 0xc0, 0x00,
  0x00, 0x01, 0xff, 0xff, 0xf8, 0xfb, 0x00, 0x09, 0x0f, 0xff, 0xff, 0xc0, 0x00, 0x00, 0x01, 0xff, 0xff, 0xf8, 0xfb, 0x00, 0x09, 0x0f, 0xff, 0xff,
  0xc0, 0x00, 0x00, 0x01, 0xff, 0xff, 0xf0, 0xfb, 0x00, 0x09, 0x0f, 0xff, 0xff, 0xc0, 0x00, 0x00, 0x71, 0xff, 0xff, 0xf0, 0xfb, 0x00, 0x09, 0x0f,
  0xff, 0xff, 0xc0, 0x00, 0x00, 0x7b, 0xff, 0xff, 0xf0, 0xfb, 0x00, 0x09, 0x0f, 0xff, 0xff, 0xc3, 0x80, 0x00, 0xfb, 0xff, 0xff, 0xf0, 0xfb, 0x00,
  0x09, 0x07, 0xff, 0xff, 0xc7, 0xc0, 0x01, 0xf9, 0xff, 0xff, 0xe0, 0xfb, 0x00, 0x09, 0x07, 0xff, 0xff, 0xc7, 0xe0, 0x07, 0xf9, 0xff, 0xff, 0xc0,
  0xfb, 0x00, 0x09, 0x07, 0xff, 0xff, 0xe7, 0xf8, 0x7f, 0xf0, 0xff, 0xff, 0xc0, 0xfb, 0x00, 0x09, 0x07, 0xff, 0xff, 0xe7, 0xff, 0xff, 0xf0, 0xff,
  0xff, 0x80, 0xfb, 0x00, 0x08, 0x07, 0xff, 0xff, 0xe3, 0xff, 0xff, 0xe0, 0x7f, 0xfe, 0xfa, 0x00, 0x07, 0x03, 0xff, 0xff, 0xe1, 0xff, 0xff, 0xc0,
  0x07, 0xf9, 0x00, 0x06, 0x03, 0xff, 0xff, 0xe0, 0xff, 0xff, 0x80, 0xf8, 0x00, 0x05, 0x03, 0xff, 0xff, 0xe0, 0xff, 0xff, 0xf7, 0x00, 0x05, 0x01,
  0xff, 0xff, 0xe0, 0x3f, 0xfc, 0xf7, 0x00, 0x05, 0x01, 0xff, 0xff, 0xe0, 0x0f, 0xf0, 0xf6, 0x00, 0x02, 0xff, 0xff, 0xc0, 0xf4, 0x00, 0x02, 0x7f,
  0xff, 0xc0, 0xf4, 0x00, 0x02, 0x7f, 0xff, 0x80, 0xf4, 0x00, 0x01, 0x3f, 0xff, 0xf3, 0x00, 0x01, 0x1f, 0xfe, 0xf3, 0x00, 0x01, 0x07, 0xf8, 0xf2,
  0x00, 0x00, 0x80, 0x81, 0x00, 0x97, 0x00, 0x81, 0x00, 0xdd, 0x00, 0x01, 0x7f, 0xf8, 0xf4, 0x00, 0x02, 0x01, 0xff, 0xfe, 0xf4, 0x00, 0x02, 0x03,
  0xff, 0xff, 0xf4, 0x00, 0x03, 0x03, 0xff, 0xff, 0x80, 0xfe, 0x00, 0x01, 0x0f, 0xff, 0xfa, 0x00, 0x03, 0x07, 0xff, 0xff, 0xc0, 0xfe, 0x00, 0x02,
  0x3f, 0xff, 0xc0, 0xfb, 0x00, 0x03, 0x07, 0xff, 0xff, 0xc0, 0xfe, 0x00, 0x02, 0x7f, 0xff, 0xe0, 0xfb, 0x00, 0x03, 0x0f, 0xff, 0xff, 0xc0, 0xfe,
  0x00, 0x02, 0xff, 0xff, 0xe0, 0xfb, 0x00, 0x09, 0x0f, 0xff, 0xff, 0xc0, 0x00, 0x00, 0x01, 0xff, 0xff, 0xf0, 0xfb, 0x00, 0x09, 0x0f, 0xff, 0xff,
  0xc0, 0x00, 0x00, 0x01, 0xff, 0xff, 0xf0, 0xfb, 0x00, 0x09, 0x0f, 0xff, 0xff, 0xc0, 0x00, 0x00, 0x01, 0xff, 0xff, 0xf8, 0xfb, 0x00, 0x09, 0x0f,
  0xff, 0xff, 0xc0, 0x00, 0x00, 0x01, 0xff, 0xff, 0xf8, 0xfb, 0x00, 0x09, 0x0f, 0xff, 0xff, 0xc0, 0x00, 0x00, 0x01, 0xff, 0xff, 0xf8, 0xfb, 0x00,
  0x09, 0x1f, 0xff, 0xff, 0xc0, 0x00, 0x00, 0x01, 0xff, 0xff, 0xf8, 0xfb, 0x00, 0x09, 0x1f, 0xff, 0xff, 0xc0, 0x00, 0x00, 0x01, 0xff, 0xff, 0xf8,
  0xfb, 0x00, 0x09, 0x0f, 0xff, 0xff, 0xc0, 0x00, 0x00, 0x01, 0xff, 0xff, 0xf8, 0xfb, 0x00, 0x09, 0x0f, 0xff, 0xff, 0x80, 0x00, 0x00, 0x01, 0xff,
  0xff, 0xf8, 0xfb, 0x00, 0x09, 0x0f, 0xff, 0xff, 0x80, 0x00, 0x00, 0x01, 0xff, 0xff, 0xf8, 0xfb, 0x00, 0x09, 0x0f, 0xff, 0xff, 0x80, 0x00, 0x00,
  0x01, 0xff, 0xff, 0xf8, 0xfb, 0x00, 0x09, 0x0f, 0xff, 0xff, 0x80, 0x00, 0x00, 0x03, 0xff, 0xff, 0xf8, 0xfb, 0x00, 0x09, 0x0f, 0xff, 0xff, 0x80,
  0x00, 0x00, 0x03, 0xff, 0xff, 0xf8, 0xfb, 0x00, 0x09, 0x07, 0xff, 0xff, 0x80, 0x00, 0x00, 0x03, 0xff, 0xff, 0xf8, 0xfb, 0x00, 0x09, 0x07, 0xff,
  0xff, 0x83, 0x80, 0x00, 0x03, 0xff, 0xff, 0xf0, 0xfb, 0x00, 0x09, 0x07, 0xff, 0xff, 0x87, 0xc0, 0x00, 0x03, 0xff, 0xff, 0xf0, 0xfb, 0x00, 0x09,
  0x03, 0xff, 0xff, 0x87, 0xe0, 0x00, 0x03, 0xff, 0xff, 0xf0, 0xfb, 0x00, 0x09, 0x03, 0xff, 0xff, 0x87, 0xf0, 0x3c, 0x03, 0xff, 0xff, 0xe0, 0xfb,
  0x00, 0x09, 0x01, 0xff, 0xff, 0x07, 0xff, 0xfc, 0x01, 0xff, 0xff, 0xe0, 0xfa, 0x00, 0x08, 0x7f, 0xfc, 0x07, 0xff, 0xfc, 0x00, 0xff, 0xff, 0xc0,
  0xfa, 0x00, 0x08, 0x07, 0xc0, 0x07, 0xff, 0xfc, 0x00, 0x7f, 0xff, 0x80, 0xf8, 0x00, 0x05, 0x03, 0xff, 0xfc, 0x00, 0x3f, 0xfe, 0xf7, 0x00, 0x02,
  0x01, 0xff, 0xf8, 0xf3, 0x00, 0x01, 0xff, 0xf8, 0xf3, 0x00, 0x01, 0x3f, 0xe0, 0xf3, 0x00, 0x00, 0x07, 0x81, 0x00, 0x81, 0x00, 0xa9, 0x00, 0x81,
  0x00, 0xdd, 0x00, 0x01, 0x7f, 0xf8, 0xf3, 0x00, 0x01, 0xff, 0xfe, 0xf4, 0x00, 0x02, 0x03, 0xff, 0xff, 0xfd, 0x00, 0x01, 0x0f, 0xfc, 0xfa, 0x00,
  0x03, 0x03, 0xff, 0xff, 0x80, 0xfe, 0x00, 0x02, 0x3f, 0xff, 0x80, 0xfb, 0x00, 0x03, 0x07, 0xff, 0xff, 0xc0, 0xfe, 0x00, 0x02, 0x7f, 0xff, 0xc0,
  0xfb, 0x00, 0x03, 0x07, 0xff, 0xff, 0xc0, 0xfe, 0x00, 0x02, 0xff, 0xff, 0xe0, 0xfb, 0x00, 0x09, 0x07, 0xff, 0xff, 0xc0, 0x00, 0x00, 0x01, 0xff,
  0xff, 0xe0, 0xfb, 0x00, 0x09, 0x0f, 0xff, 0xff, 0xc0, 0x00, 0x00, 0x01, 0xff, 0xff, 0xf0, 0xfb, 0x00, 0x09, 0x0f, 0xff, 0xff, 0xc0, 0x00, 0x00,
  0x01, 0xff, 0xff, 0xf0, 0xfb, 0x00, 0x09, 0x0f, 0xff, 0xff, 0xc0, 0x00, 0x00, 0x01, 0xff, 0xff, 0xf0, 0xfb, 0x00, 0x09, 0x0f, 0xff, 0xff, 0xc0,
  0x00, 0x00, 0x01, 0xff, 0xff, 0xf8, 0xfb, 0x00, 0x09, 0x0f, 0xff, 0xff, 0xc0, 0x00, 0x00, 0x01, 0xff, 0xff, 0xf8, 0xfb, 0x00, 0x09, 0x0f, 0xff,
  0xff, 0xc0, 0x00, 0x00, 0x01, 0xff, 0xff, 0xf8, 0xfb, 0x00, 0x09, 0x0f, 0xff, 0xff, 0xc0, 0x00, 0x00, 0x01, 0xff, 0xff, 0xf8, 0xfb, 0x00, 0x09,
  0x0f, 0xff, 0xff, 0xc0, 0x00, 0x00, 0x01, 0xff, 0xff, 0xf8, 0xfb, 0x00, 0x09, 0x0f, 0xff, 0xff, 0x80, 0x00, 0x00, 0x01, 0xff, 0xff, 0xf8, 0xfb,
  0x00, 0x09, 0x0f, 0xff, 0xff, 0x80, 0x00, 0x00, 0x01, 0xff, 0xff, 0xf8, 0xfb, 0x00, 0x09, 0x0f, 0xff, 0xff, 0x80, 0x00, 0x00, 0x01, 0xff, 0xff,
  0xf8, 0xfb, 0x00, 0x09, 0x0f, 0xff, 0xff, 0x80, 0x00, 0x00, 0x01, 0xff, 0xff, 0xf8, 0xfb, 0x00, 0x09, 0x0f, 0xff, 0xff, 0x80, 0x00, 0x00, 0x01,
  0xff, 0xff, 0xf0, 0xfb, 0x00, 0x09, 0x07, 0xff, 0xff, 0x80, 0x00, 0x00, 0x03, 0xff, 0xff, 0xf0, 0xfb, 0x00, 0x09, 0x07, 0xff, 0xff, 0x80, 0x00,
  0x00, 0x03, 0xff, 0xff, 0xf0, 0xfb, 0x00, 0x09, 0x07, 0xff, 0xff, 0x83, 0x80, 0x00, 0x03, 0xff, 0xff, 0xf0, 0xfb, 0x00, 0x09, 0x03, 0xff, 0xff,
  0x87, 0xc0, 0x00, 0x03, 0xff, 0xff, 0xe0, 0xfb, 0x00, 0x09, 0x03, 0xff, 0xff, 0x87, 0xe0, 0x00, 0x01, 0xff, 0xff, 0xe0, 0xfb, 0x00, 0x09, 0x01,
  0xff, 0xff, 0x07, 0xf8, 0x7c, 0x01, 0xff, 0xff, 0xc0, 0xfa, 0x00, 0x08, 0xff, 0xfe, 0x07, 0xff, 0xfe, 0x00, 0xff, 0xff, 0x80, 0xfa, 0x00, 0x07,
  0x1f, 0xf8, 0x03, 0xff, 0xfe, 0x00, 0x7f, 0xff, 0xf7, 0x00, 0x05, 0x03, 0xff, 0xfc, 0x00, 0x3f, 0xfc, 0xf7, 0x00, 0x02, 0x01, 0xff, 0xfc, 0xf3,
  0x00, 0x01, 0xff, 0xf8, 0xf3, 0x00, 0x01, 0x3f, 0xe0, 0xf3, 0x00, 0x00, 0x01, 0x81, 0x00, 0x81, 0x00, 0xa9, 0x00, 0x81, 0x00, 0xdd, 0x00, 0x01,
  0x1f, 0xf0, 0xfd, 0x00, 0x01, 0x1f, 0xfc, 0xf9, 0x00, 0x01, 0xff, 0xfe, 0xfd, 0x00, 0x01, 0x7f, 0xff, 0xfa, 0x00, 0x02, 0x01, 0xff, 0xff, 0xfd,
  0x00, 0x02, 0xff, 0xff, 0x80, 0xfb, 0x00, 0x09, 0x03, 0xff, 0xff, 0x80, 0x00, 0x00, 0x01, 0xff, 0xff, 0xc0, 0xfb, 0x00, 0x09, 0x03, 0xff, 0xff,
  0x80, 0x00, 0x00, 0x01, 0xff, 0xff, 0xc0, 0xfb, 0x00, 0x09, 0x07, 0xff, 0xff, 0x80, 0x00, 0x00, 0x01, 0xff, 0xff, 0xe0, 0xfb, 0x00, 0x09, 0x07,
  0xff, 0xff, 0xc0, 0x00, 0x00, 0x03, 0xff, 0xff, 0xe0, 0xfb, 0x00, 0x09, 0x07, 0xff, 0xff, 0xc0, 0x00, 0x00, 0x03, 0xff, 0xff, 0xe0, 0xfb, 0x00,
  0x09, 0x0f, 0xff, 0xff, 0xc0, 0x00, 0x00, 0x03, 0xff, 0xff, 0xe0, 0xfb, 0x00, 0x09, 0x0f, 0xff, 0xff, 0xc0, 0x00, 0x00, 0x01, 0xff, 0xff, 0xf0,
  0xfb, 0x00, 0x09, 0x0f, 0xff, 0xff, 0xc0, 0x00, 0x00, 0x01, 0xff, 0xff, 0xf0, 0xfb, 0x00, 0x09, 0x0f, 0xff, 0xff, 0x80, 0x00, 0x00, 0x01, 0xff,
  0xff, 0xf0, 0xfb, 0x00, 0x09, 0x0f, 0xff, 0xff, 0x80, 0x00, 0x00, 0x01, 0xff, 0xff, 0xf0, 0xfb, 0x00, 0x09, 0x0f, 0xff, 0xff, 0x80, 0x00, 0x00,
  0x01, 0xff, 0xff, 0xf0, 0xfb, 0x00, 0x09, 0x0f, 0xff, 0xff, 0x80, 0x00, 0x00, 0x01, 0xff, 0xff, 0xf0, 0xfb, 0x00, 0x09, 0x0f, 0xff, 0xff, 0x80,
  0x00, 0x00, 0x01, 0xff, 0xff, 0xf0, 0xfb, 0x00, 0x09, 0x0f, 0xff, 0xff, 0x80, 0x00, 0x00, 0x01, 0xff, 0xff, 0xf0, 0xfb, 0x00, 0x09, 0x0f, 0xff,
  0xff, 0x80, 0x00, 0x00, 0x01, 0xff, 0xff, 0xf0, 0xfb, 0x00, 0x09, 0x07, 0xff, 0xff, 0x80, 0x00, 0x00, 0x01, 0xff, 0xff, 0xe0, 0xfb, 0x00, 0x09,
  0x07, 0xff, 0xff, 0x80, 0x00, 0x00, 0x01, 0xff, 0xff, 0xe0, 0xfb, 0x00, 0x09, 0x07, 0xff, 0xff, 0x80, 0x00, 0x00, 0x01, 0xff, 0xff, 0xe0, 0xfb,
  0x00, 0x09, 0x07, 0xff, 0xff, 0x80, 0x00, 0x00, 0x01, 0xff, 0xff, 0xe0, 0xfb, 0x00, 0x09, 0x07, 0xff, 0xff, 0x80, 0x00, 0x00, 0x01, 0xff, 0xff,
  0xc0, 0xfb, 0x00, 0x09, 0x03, 0xff, 0xff, 0x81, 0x80, 0x00, 0x01, 0xff, 0xff, 0xc0, 0xfb, 0x00, 0x09, 0x03, 0xff, 0xff, 0x83, 0xe0, 0x02, 0x01,
  0xff, 0xff, 0xc0, 0xfb, 0x00, 0x09, 0x01, 0xff, 0xff, 0x83, 0xf8, 0x0f, 0x80, 0xff, 0xff, 0x80, 0xfb, 0x00, 0x08, 0x01, 0xff, 0xff, 0x03, 0xff,
  0xff, 0x80, 0xff, 0xff, 0xf9, 0x00, 0x07, 0x7f, 0xfe, 0x03, 0xff, 0xff, 0x80, 0x7f, 0xfe, 0xf9, 0x00, 0x07, 0x1f, 0xf8, 0x03, 0xff, 0xff, 0x80,
  0x1f, 0xfc, 0xf7, 0x00, 0x02, 0x01, 0xff, 0xff, 0xf3, 0x00, 0x01, 0x7f, 0xfe, 0xf3, 0x00, 0x01, 0x1f, 0xfc, 0xf3, 0x00, 0x00, 0x01, 0x81, 0x00,
  0x81, 0x00, 0xa9, 0x00, 0x81, 0x00, 0xdd, 0x00, 0x01, 0x1f, 0xf0, 0xfd, 0x00, 0x01, 0x1f, 0xfc, 0xf9, 0x00, 0x01, 0x7f, 0xfc, 0xfd, 0x00, 0x01,
  0x7f, 0xff, 0xfa, 0x00, 0x02, 0x01, 0xff, 0xff, 0xfd, 0x00, 0x02, 0xff, 0xff, 0x80, 0xfb, 0x00, 0x09, 0x03, 0xff, 0xff, 0x80, 0x00, 0x00, 0x01,
  0xff, 0xff, 0xc0, 0xfb, 0x00, 0x09, 0x03, 0xff, 0xff, 0x80, 0x00, 0x00, 0x01, 0xff, 0xff, 0xc0, 0xfb, 0x00, 0x09, 0x03, 0xff, 0xff, 0x80, 0x00,
  0x00, 0x01, 0xff, 0xff, 0xe0, 0xfb, 0x00, 0x09, 0x07, 0xff, 0xff, 0xc0, 0x00, 0x00, 0x03, 0xff, 0xff, 0xe0, 0xfb, 0x00, 0x09, 0x07, 0xff, 0xff,
  0xc0, 0x00, 0x00, 0x03, 0xff, 0xff, 0xe0, 0xfb, 0x00, 0x09, 0x07, 0xff, 0xff, 0xc0, 0x00, 0x00, 0x03, 0xff, 0xff, 0xe0, 0xfb, 0x00, 0x09, 0x07,
  0xff, 0xff, 0xc0, 0x00, 0x00, 0x01, 0xff, 0xff, 0xf0, 0xfb, 0x00, 0x09, 0x07, 0xff, 0xff, 0xc0, 0x00, 0x00, 0x01, 0xff, 0xff, 0xf0, 0xfb, 0x00,
  0x09, 0x0f, 0xff, 0xff, 0xc0, 0x00, 0x00, 0x01, 0xff, 0xff, 0xf0, 0xfb, 0x00, 0x09, 0x0f, 0xff, 0xff, 0x80, 0x00, 0x00, 0x01, 0xff, 0xff, 0xf0,
  0xfb, 0x00, 0x09, 0x0f, 0xff, 0xff, 0x80, 0x00, 0x00, 0x01, 0xff, 0xff, 0xf0, 0xfb, 0x00, 0x09, 0x0f, 0xff, 0xff, 0x80, 0x00, 0x00, 0x01, 0xff,
  0xff, 0xf0, 0xfb, 0x00, 0x09, 0x0f, 0xff, 0xff, 0x80, 0x00, 0x00, 0x01, 0xff, 0xff, 0xf0, 0xfb, 0x00, 0x09, 0x07, 0xff, 0xff, 0x80, 0x00, 0x00,
  0x01, 0xff, 0xff, 0xf0, 0xfb, 0x00, 0x09, 0x07, 0xff, 0xff, 0x80, 0x00, 0x00, 0x01, 0xff, 0xff, 0xf0, 0xfb, 0x00, 0x09, 0x07, 0xff, 0xff, 0x80,
  0x00, 0x00, 0x01, 0xff, 0xff, 0xe0, 0xfb, 0x00, 0x09, 0x07, 0xff, 0xff, 0x80, 0x00, 0x00, 0x01, 0xff, 0xff, 0xe0, 0xfb, 0x00, 0x09, 0x07, 0xff,
  0xff, 0x80, 0x00, 0x00, 0x01, 0xff, 0xff, 0xe0, 0xfb, 0x00, 0x09, 0x07, 0xff, 0xff, 0x80, 0x00, 0x00, 0x01, 0xff, 0xff, 0xe0, 0xfb, 0x00, 0x09,
  0x07, 0xff, 0xff, 0x80, 0x00, 0x00, 0x01, 0xff, 0xff, 0xc0, 0xfb, 0x00, 0x09, 0x03, 0xff, 0xff, 0x80, 0x00, 0x00, 0x01, 0xff, 0xff, 0xc0, 0xfb,
  0x00, 0x09, 0x03, 0xff, 0xff, 0x80, 0xc0, 0x03, 0x01, 0xff, 0xff, 0xc0, 0xfb, 0x00, 0x09, 0x01, 0xff, 0xff, 0x81, 0xf0, 0x0f, 0x80, 0xff, 0xff,
  0x80, 0xfb, 0x00, 0x08, 0x01, 0xff, 0xff, 0x01, 0xfe, 0x3f, 0xc0, 0xff, 0xff, 0xf9, 0x00, 0x07, 0xff, 0xff, 0x01, 0xff, 0xff, 0x80, 0x7f, 0xfe,
  0xf9, 0x00, 0x07, 0x3f, 0xfc, 0x01, 0xff, 0xff, 0x80, 0x1f, 0xfc, 0xf8, 0x00, 0x03, 0x80, 0x00, 0xff, 0xff, 0xf3, 0x00, 0x01, 0x7f, 0xfe, 0xf3,
  0x00, 0x01, 0x1f, 0xf8, 0xf3, 0x00, 0x00, 0x01, 0x81, 0x00, 0x81, 0x00, 0xa9, 0x00, 0x81, 0x00, 0xdd, 0x00, 0x01, 0x0f, 0xf0, 0xfd, 0x00, 0x01,
  0x1f, 0xfc, 0xf9, 0x00, 0x01, 0x7f, 0xfc, 0xfd, 0x00, 0x01, 0x7f, 0xff, 0xfa, 0x00, 0x02, 0x01, 0xff, 0xff, 0xfd, 0x00, 0x02, 0xff, 0xff, 0x80,
  0xfb, 0x00, 0x09, 0x03, 0xff, 0xff, 0x80, 0x00, 0x00, 0x01, 0xff, 0xff, 0xc0, 0xfb, 0x00, 0x09, 0x03, 0xff, 0xff, 0x80, 0x00, 0x00, 0x01, 0xff,
  0xff, 0xc0, 0xfb, 0x00, 0x09, 0x03, 0xff, 0xff, 0x80, 0x00, 0x00, 0x01, 0xff, 0xff, 0xe0, 0xfb, 0x00, 0x09, 0x07, 0xff, 0xff, 0xc0, 0x00, 0x00,
  0x03, 0xff, 0xff, 0xe0, 0xfb, 0x00, 0x09, 0x07, 0xff, 0xff, 0xc0, 0x00, 0x00, 0x03, 0xff, 0xff, 0xe0, 0xfb, 0x00, 0x09, 0x07, 0xff, 0xff, 0xc0,
  0x00, 0x00, 0x03, 0xff, 0xff, 0xe0, 0xfb, 0x00, 0x09, 0x07, 0xff, 0xff, 0xc0, 0x00, 0x00, 0x01, 0xff, 0xff, 0xf0, 0xfb, 0x00, 0x09, 0x07, 0xff,
  0xff, 0xc0, 0x00, 0x00, 0x01, 0xff, 0xff, 0xf0, 0xfb, 0x00, 0x09, 0x0f, 0xff, 0xff, 0xc0, 0x00, 0x00, 0x01, 0xff, 0xff, 0xf0, 0xfb, 0x00, 0x09,
  0x0f, 0xff, 0xff, 0x80, 0x00, 0x00, 0x01, 0xff, 0xff, 0xf0, 0xfb, 0x00, 0x09, 0x0f, 0xff, 0xff, 0x80, 0x00, 0x00, 0x01, 0xff, 0xff, 0xf0, 0xfb,
  0x00, 0x09, 0x0f, 0xff, 0xff, 0x80, 0x00, 0x00, 0x01, 0xff, 0xff, 0xf0, 0xfb, 0x00, 0x09, 0x0f, 0xff, 0xff, 0x80, 0x00, 0x00, 0x01, 0xff, 0xff,
  0xf0, 0xfb, 0x00, 0x09, 0x07, 0xff, 0xff, 0x80, 0x00, 0x00, 0x01, 0xff, 0xff, 0xf0, 0xfb, 0x00, 0x09, 0x07, 0xff, 0xff, 0x80, 0x00, 0x00, 0x01,
  0xff, 0xff, 0xf0, 0xfb, 0x00, 0x09, 0x07, 0xff, 0xff, 0x80, 0x00, 0x00, 0x01, 0xff, 0xff, 0xe0, 0xfb, 0x00, 0x09, 0x07, 0xff, 0xff, 0x80, 0x00,
  0x00, 0x01, 0xff, 0xff, 0xe0, 0xfb, 0x00, 0x09, 0x07, 0xff, 0xff, 0x80, 0x00, 0x00, 0x01, 0xff, 0xff, 0xe0, 0xfb, 0x00, 0x09, 0x07, 0xff, 0xff,
  0x80, 0x00, 0x00, 0x01, 0xff, 0xff, 0xe0, 0xfb, 0x00, 0x09, 0x07, 0xff, 0xff, 0x80, 0x00, 0x00, 0x01, 0xff, 0xff, 0xc0, 0xfb, 0x00, 0x09, 0x03,
  0xff, 0xff, 0x80, 0x00, 0x00, 0x01, 0xff, 0xff, 0xc0, 0xfb, 0x00, 0x09, 0x03, 0xff, 0xff, 0x80, 0xe0, 0x03, 0x01, 0xff, 0xff, 0xc0, 0xfb, 0x00,
  0x09, 0x01, 0xff, 0xff, 0x81, 0xf8, 0x0f, 0x81, 0xff, 0xff, 0x80, 0xfb, 0x00, 0x09, 0x01, 0xff, 0xff, 0x81, 0xff, 0xff, 0xc0, 0xff, 0xff, 0x80,
  0xfa, 0x00, 0x07, 0xff, 0xff, 0x01, 0xff, 0xff, 0xc0, 0x7f, 0xfe, 0xf9, 0x00, 0x07, 0x3f, 0xfc, 0x01, 0xff, 0xff, 0x80, 0x1f, 0xfc, 0xf9, 0x00,
  0x05, 0x01, 0x80, 0x00, 0xff, 0xff, 0x80, 0xf4, 0x00, 0x01, 0x7f, 0xfe, 0xf3, 0x00, 0x01, 0x1f, 0xf8, 0xf3, 0x00, 0x00, 0x01, 0x81, 0x00, 0x81,
  0x00, 0xa9, 0x00, 0x81, 0x00, 0xdd, 0x00, 0x01, 0x0f, 0xf0, 0xfd, 0x00, 0x01, 0x1f, 0xfc, 0xf9, 0x00, 0x01, 0x7f, 0xfc, 0xfd, 0x00, 0x01, 0x7f,
  0xff, 0xfa, 0x00, 0x02, 0x01, 0xff, 0xff, 0xfd, 0x00, 0x02, 0xff, 0xff, 0x80, 0xfb, 0x00, 0x09, 0x03, 0xff, 0xff, 0x80, 0x00, 0x00, 0x01, 0xff,
  0xff, 0xc0, 0xfb, 0x00, 0x09, 0x03, 0xff, 0xff, 0x80, 0x00, 0x00, 0x01, 0xff, 0xff, 0xc0, 0xfb, 0x00, 0x09, 0x03, 0xff, 0xff, 0x80, 0x00, 0x00,
  0x01, 0xff, 0xff, 0xe0, 0xfb, 0x00, 0x09, 0x07, 0xff, 0xff, 0xc0, 0x00, 0x00, 0x03, 0xff, 0xff, 0xe0, 0xfb, 0x00, 0x09, 0x07, 0xff, 0xff, 0xc0,
  0x00, 0x00, 0x03, 0xff, 0xff, 0xe0, 0xfb, 0x00, 0x09, 0x07, 0xff, 0xff, 0xc0, 0x00, 0x00, 0x03, 0xff, 0xff, 0xf0, 0xfb, 0x00, 0x09, 0x07, 0xff,
  0xff, 0xc0, 0x00, 0x00, 0x01, 0xff, 0xff, 0xf0, 0xfb, 0x00, 0x09, 0x07, 0xff, 0xff, 0xc0, 0x00, 0x00, 0x01, 0xff, 0xff, 0xf0, 0xfb, 0x00, 0x09,
  0x0f, 0xff, 0xff, 0xc0, 0x00, 0x00, 0x01, 0xff, 0xff, 0xf0, 0xfb, 0x00, 0x09, 0x0f, 0xff, 0xff, 0x80, 0x00, 0x00, 0x01, 0xff, 0xff, 0xf0, 0xfb,
  0x00, 0x09, 0x0f, 0xff, 0xff, 0x80, 0x00, 0x00, 0x01, 0xff, 0xff, 0xf0, 0xfb, 0x00, 0x09, 0x0f, 0xff, 0xff, 0x80, 0x00, 0x00, 0x01, 0xff, 0xff,
  0xf0, 0xfb, 0x00, 0x09, 0x07, 0xff, 0xff, 0x80, 0x00, 0x00, 0x01, 0xff, 0xff, 0xf0, 0xfb, 0x00, 0x09, 0x07, 0xff, 0xff, 0x80, 0x00, 0x00, 0x01,
  0xff, 0xff, 0xf0, 0xfb, 0x00, 0x09, 0x07, 0xff, 0xff, 0x80, 0x00, 0x00, 0x01, 0xff, 0xff, 0xf0, 0xfb, 0x00, 0x09, 0x07, 0xff, 0xff, 0x80, 0x00,
  0x00, 0x01, 0xff, 0xff, 0xe0, 0xfb, 0x00, 0x09, 0x07, 0xff, 0xff, 0x80, 0x00, 0x00, 0x01, 0xff, 0xff, 0xe0, 0xfb, 0x00, 0x09, 0x07, 0xff, 0xff,
  0x80, 0x00, 0x00, 0x01, 0xff, 0xff, 0xe0, 0xfb, 0x00, 0x09, 0x07, 0xff, 0xff, 0x80, 0x00, 0x00, 0x01, 0xff, 0xff, 0xe0, 0xfb, 0x00, 0x09, 0x07,
  0xff, 0xff, 0x80, 0x00, 0x00, 0x01, 0xff, 0xff, 0xc0, 0xfb, 0x00, 0x09, 0x03, 0xff, 0xff, 0x80, 0x00, 0x00, 0x01, 0xff, 0xff, 0xc0, 0xfb, 0x00,
  0x09, 0x03, 0xff, 0xff, 0x80, 0xc0, 0x03, 0x01, 0xff, 0xff, 0xc0, 0xfb, 0x00, 0x09, 0x01, 0xff, 0xff, 0x81, 0xf8, 0x0f, 0x80, 0xff, 0xff, 0x80,
  0xfa, 0x00, 0x08, 0xff, 0xff, 0x81, 0xff, 0xff, 0xc0, 0xff, 0xff, 0x80, 0xfa, 0x00, 0x07, 0xff, 0xff, 0x01, 0xff, 0xff, 0xc0, 0x7f, 0xfe, 0xf9,
  0x00, 0x07, 0x3f, 0xfc, 0x01, 0xff, 0xff, 0x80, 0x1f, 0xfc, 0xf9, 0x00, 0x05, 0x01, 0x80, 0x00, 0xff, 0xff, 0x80, 0xf4, 0x00, 0x01, 0x7f, 0xfe,
  0xf3, 0x00, 0x01, 0x1f, 0xf8, 0xf3, 0x00, 0x00, 0x01, 0x81, 0x00, 0x81, 0x00, 0xa9, 0x00, 0x81, 0x00, 0xdd, 0x00, 0x01, 0x1f, 0xf0, 0xfd, 0x00,
  0x01, 0x1f, 0xfc, 0xf9, 0x00, 0x01, 0x7f, 0xfc, 0xfd, 0x00, 0x01, 0x7f, 0xff, 0xfa, 0x00, 0x02, 0x01, 0xff, 0xff, 0xfd, 0x00, 0x02, 0xff, 0xff,
  0x80, 0xfb, 0x00, 0x09, 0x03, 0xff, 0xff, 0x80, 0x00, 0x00, 0x01, 0xff, 0xff, 0xc0, 0xfb, 0x00, 0x09, 0x03, 0xff, 0xff, 0x80, 0x00, 0x00, 0x01,
  0xff, 0xff, 0xc0, 0xfb, 0x00, 0x09, 0x03, 0xff, 0xff, 0x80, 0x00, 0x00, 0x01, 0xff, 0xff, 0xe0, 0xfb, 0x00, 0x09, 0x07, 0xff, 0xff, 0xc0, 0x00,
  0x00, 0x01, 0xff, 0xff, 0xe0, 0xfb, 0x00, 0x09, 0x07, 0xff, 0xff, 0xc0, 0x00, 0x00, 0x03, 0xff, 0xff, 0xe0, 0xfb, 0x00, 0x09, 0x07, 0xff, 0xff,
  0xc0, 0x00, 0x00, 0x03, 0xff, 0xff, 0xf0, 0xfb, 0x00, 0x09, 0x07, 0xff, 0xff, 0xc0, 0x00, 0x00, 0x01, 0xff, 0xff, 0xf0, 0xfb, 0x00, 0x09, 0x07,
  0xff, 0xff, 0xc0, 0x00, 0x00, 0x01, 0xff, 0xff, 0xf0, 0xfb, 0x00, 0x09, 0x0f, 0xff, 0xff, 0xc0, 0x00, 0x00, 0x01, 0xff, 0xff, 0xf0, 0xfb, 0x00,
  0x09, 0x0f, 0xff, 0xff, 0x80, 0x00, 0x00, 0x01, 0xff, 0xff, 0xf0, 0xfb, 0x00, 0x09, 0x0f, 0xff, 0xff, 0x80, 0x00, 0x00, 0x01, 0xff, 0xff, 0xf0,
  0xfb, 0x00, 0x09, 0x0f, 0xff, 0xff, 0x80, 0x00, 0x00, 0x01, 0xff, 0xff, 0xf0, 0xfb, 0x00, 0x09, 0x07, 0xff, 0xff, 0x80, 0x00, 0x00, 0x01, 0xff,
  0xff, 0xf0, 0xfb, 0x00, 0x09, 0x07, 0xff, 0xff, 0x80, 0x00, 0x00, 0x01, 0xff, 0xff, 0xf0, 0xfb, 0x00, 0x09, 0x07, 0xff, 0xff, 0x80, 0x00, 0x00,
  0x01, 0xff, 0xff, 0xf0, 0xfb, 0x00, 0x09, 0x07, 0xff, 0xff, 0x80, 0x00, 0x00, 0x01, 0xff, 0xff, 0xe0, 0xfb, 0x00, 0x09, 0x07, 0xff, 0xff, 0x80,
  0x00, 0x00, 0x01, 0xff, 0xff, 0xe0, 0xfb, 0x00, 0x09, 0x07, 0xff, 0xff, 0x80, 0x00, 0x00, 0x01, 0xff, 0xff, 0xe0, 0xfb, 0x00, 0x09, 0x07, 0xff,
  0xff, 0x80, 0x00, 0x00, 0x01, 0xff, 0xff, 0xe0, 0xfb, 0x00, 0x09, 0x07, 0xff, 0xff, 0x80, 0x00, 0x00, 0x01, 0xff, 0xff, 0xc0, 0xfb, 0x00, 0x09,
  0x03, 0xff, 0xff, 0x80, 0x00, 0x00, 0x01, 0xff, 0xff, 0xc0, 0xfb, 0x00, 0x09, 0x03, 0xff, 0xff, 0x80, 0xe0, 0x03, 0x01, 0xff, 0xff, 0xc0, 0xfb,
  0x00, 0x09, 0x01, 0xff, 0xff, 0x81, 0xf8, 0x0f, 0x80, 0xff, 0xff, 0x80, 0xfb, 0x00, 0x08, 0x01, 0xff, 0xff, 0x81, 0xff, 0xff, 0xc0, 0xff, 0xff,
  0xf9, 0x00, 0x07, 0xff, 0xff, 0x01, 0xff, 0xff, 0xc0, 0x7f, 0xfe, 0xf9, 0x00, 0x07, 0x3f, 0xfc, 0x01, 0xff, 0xff, 0x80, 0x1f, 0xf8, 0xf9, 0x00,
  0x05, 0x01, 0x80, 0x00, 0xff, 0xff, 0x80, 0xf4, 0x00, 0x01, 0x7f, 0xfe, 0xf3, 0x00, 0x01, 0x1f, 0xf8, 0x81, 0x00, 0x81, 0x00, 0x9a, 0x00, 0x81,
  0x00, 0xdd, 0x00, 0x01, 0x1f, 0xf0, 0xfd, 0x00, 0x01, 0x1f, 0xfe, 0xf9, 0x00, 0x01, 0x7f, 0xfc, 0xfd, 0x00, 0x01, 0x7f, 0xff, 0xfa, 0x00, 0x02,
  0x01, 0xff, 0xff, 0xfd, 0x00, 0x02, 0xff, 0xff, 0x80, 0xfb, 0x00, 0x09, 0x03, 0xff, 0xff, 0x80, 0x00, 0x00, 0x01, 0xff, 0xff, 0xc0, 0xfb, 0x00,
  0x09, 0x03, 0xff, 0xff, 0x80, 0x00, 0x00, 0x01, 0xff, 0xff, 0xc0, 0xfb, 0x00, 0x09, 0x07, 0xff, 0xff, 0x80, 0x00, 0x00, 0x01, 0xff, 0xff, 0xe0,
  0xfb, 0x00, 0x09, 0x07, 0xff, 0xff, 0xc0, 0x00, 0x00, 0x03, 0xff, 0xff, 0xe0, 0xfb, 0x00, 0x09, 0x07, 0xff, 0xff, 0xc0, 0x00, 0x00, 0x03, 0xff,
  0xff, 0xe0, 0xfb, 0x00, 0x09, 0x07, 0xff, 0xff, 0xc0, 0x00, 0x00, 0x03, 0xff, 0xff, 0xf0, 0xfb, 0x00, 0x09, 0x07, 0xff, 0xff, 0xc0, 0x00, 0x00,
  0x01, 0xff, 0xff, 0xf0, 0xfb, 0x00, 0x09, 0x07, 0xff, 0xff, 0xc0, 0x00, 0x00, 0x01, 0xff, 0xff, 0xf0, 0xfb, 0x00, 0x09, 0x0f, 0xff, 0xff, 0xc0,
  0x00, 0x00, 0x01, 0xff, 0xff, 0xf0, 0xfb, 0x00, 0x09, 0x0f, 0xff, 0xff, 0x80, 0x00, 0x00, 0x01, 0xff, 0xff, 0xf0, 0xfb, 0x00, 0x09, 0x0f, 0xff,
  0xff, 0x80, 0x00, 0x00, 0x01, 0xff, 0xff, 0xf0, 0xfb, 0x00, 0x09, 0x0f, 0xff, 0xff, 0x80, 0x00, 0x00, 0x01, 0xff, 0xff, 0xf0, 0xfb, 0x00, 0x09,
  0x07, 0xff, 0xff, 0x80, 0x00, 0x00, 0x01, 0xff, 0xff, 0xf0, 0xfb, 0x00, 0x09, 0x07, 0xff, 0xff, 0x80, 0x00, 0x00, 0x01, 0xff, 0xff, 0xf0, 0xfb,
  0x00, 0x09, 0x07, 0xff, 0xff, 0x80, 0x00, 0x00, 0x01, 0xff, 0xff, 0xf0, 0xfb, 0x00, 0x09, 0x07, 0xff, 0xff, 0x80, 0x00, 0x00, 0x01, 0xff, 0xff,
  0xe0, 0xfb, 0x00, 0x09, 0x07, 0xff, 0xff, 0x80, 0x00, 0x00, 0x01, 0xff, 0xff, 0xe0, 0xfb, 0x00, 0x09, 0x07, 0xff, 0xff, 0x80, 0x00, 0x00, 0x01,
  0xff, 0xff, 0xe0, 0xfb, 0x00, 0x09, 0x07, 0xff, 0xff, 0x80, 0x00, 0x00, 0x01, 0xff, 0xff, 0xe0, 0xfb, 0x00, 0x09, 0x03, 0xff, 0xff, 0x80, 0x00,
  0x00, 0x01, 0xff, 0xff, 0xc0, 0xfb, 0x00, 0x09, 0x03, 0xff, 0xff, 0x80, 0x00, 0x00, 0x01, 0xff, 0xff, 0xc0, 0xfb, 0x00, 0x09, 0x03, 0xff, 0xff,
  0x80, 0xe0, 0x03, 0x01, 0xff, 0xff, 0xc0, 0xfb, 0x00, 0x09, 0x01, 0xff, 0xff, 0x81, 0xf8, 0x0f, 0x80, 0xff, 0xff, 0x80, 0xfa, 0x00, 0x07, 0xff,
  0xff, 0x01, 0xff, 0xff, 0xc0, 0xff, 0xff, 0xf9, 0x00, 0x07, 0xff, 0xfe, 0x01, 0xff, 0xff, 0xc0, 0x3f, 0xfe, 0xf9, 0x00, 0x07, 0x3f, 0xfc, 0x01,
  0xff, 0xff, 0x80, 0x1f, 0xf8, 0xf8, 0x00, 0x03, 0x80, 0x00, 0xff, 0xff, 0xf3, 0x00, 0x01, 0x7f, 0xfe, 0xf3, 0x00, 0x01, 0x1f, 0xf8, 0x81, 0x00,
  0x81, 0x00, 0x9a, 0x00, 0x81, 0x00, 0xdd, 0x00, 0x01, 0x1f, 0xf8, 0xfd, 0x00, 0x01, 0x1f, 0xfe, 0xf9, 0x00, 0x01, 0x7f, 0xfc, 0xfd, 0x00, 0x02,
  0x7f, 0xff, 0x80, 0xfb, 0x00, 0x02, 0x01, 0xff, 0xff, 0xfd, 0x00, 0x02, 0xff, 0xff, 0x80, 0xfb, 0x00, 0x09, 0x03, 0xff, 0xff, 0x80, 0x00, 0x00,
  0x01, 0xff, 0xff, 0xc0, 0xfb, 0x00, 0x09, 0x03, 0xff, 0xff, 0x80, 0x00, 0x00, 0x01, 0xff, 0xff, 0xc0, 0xfb, 0x00, 0x09, 0x07, 0xff, 0xff, 0x80,
  0x00, 0x00, 0x01, 0xff, 0xff, 0xe0, 0xfb, 0x00, 0x09, 0x07, 0xff, 0xff, 0xc0, 0x00, 0x00, 0x03, 0xff, 0xff, 0xe0, 0xfb, 0x00, 0x09, 0x07, 0xff,
  0xff, 0xc0, 0x00, 0x00, 0x03, 0xff, 0xff, 0xe0, 0xfb, 0x00, 0x09, 0x07, 0xff, 0xff, 0xc0, 0x00, 0x00, 0x03, 0xff, 0xff, 0xf0, 0xfb, 0x00, 0x09,
  0x07, 0xff, 0xff, 0xc0, 0x00, 0x00, 0x01, 0xff, 0xff, 0xf0, 0xfb, 0x00, 0x09, 0x07, 0xff, 0xff, 0xc0, 0x00, 0x00, 0x01, 0xff, 0xff, 0xf0, 0xfb,
  0x00, 0x09, 0x0f, 0xff, 0xff, 0x80, 0x00, 0x00, 0x01, 0xff, 0xff, 0xf0, 0xfb, 0x00, 0x09, 0x0f, 0xff, 0xff, 0x80, 0x00, 0x00, 0x01, 0xff, 0xff,
  0xf0, 0xfb, 0x00, 0x09, 0x0f, 0xff, 0xff, 0x80, 0x00, 0x00, 0x01, 0xff, 0xff, 0xf0, 0xfb, 0x00, 0x09, 0x0f, 0xff, 0xff, 0x80, 0x00, 0x00, 0x01,
  0xff, 0xff, 0xf0, 0xfb, 0x00, 0x09, 0x07, 0xff, 0xff, 0x80, 0x00, 0x00, 0x01, 0xff, 0xff, 0xf0, 0xfb, 0x00, 0x09, 0x07, 0xff, 0xff, 0x80, 0x00,
  0x00, 0x01, 0xff, 0xff, 0xf0, 0xfb, 0x00, 0x09, 0x07, 0xff, 0xff, 0x80, 0x00, 0x00, 0x01, 0xff, 0xff, 0xf0, 0xfb, 0x00, 0x09, 0x07, 0xff, 0xff,
  0x80, 0x00, 0x00, 0x01, 0xff, 0xff, 0xe0, 0xfb, 0x00, 0x09, 0x07, 0xff, 0xff, 0x80, 0x00, 0x00, 0x01, 0xff, 0xff, 0xe0, 0xfb, 0x00, 0x09, 0x07,
  0xff, 0xff, 0x80, 0x00, 0x00, 0x01, 0xff, 0xff, 0xe0, 0xfb, 0x00, 0x09, 0x07, 0xff, 0xff, 0x80, 0x00, 0x00, 0x01, 0xff, 0xff, 0xe0, 0xfb, 0x00,
  0x09, 0x07, 0xff, 0xff, 0x80, 0x00, 0x00, 0x01, 0xff, 0xff, 0xc0, 0xfb, 0x00, 0x09, 0x03, 0xff, 0xff, 0x80, 0x00, 0x00, 0x01, 0xff, 0xff, 0xc0,
  0xfb, 0x00, 0x09, 0x03, 0xff, 0xff, 0x81, 0xe0, 0x07, 0x81, 0xff, 0xff, 0xc0, 0xfb, 0x00, 0x09, 0x01, 0xff, 0xff, 0x81, 0xf8, 0x0f, 0x80, 0xff,
  0xff, 0x80, 0xfb, 0x00, 0x08, 0x01, 0xff, 0xff, 0x01, 0xff, 0xff, 0xc0, 0xff, 0xff, 0xf9, 0x00, 0x07, 0xff, 0xfe, 0x01, 0xff, 0xff, 0xc0, 0x3f,
  0xfe, 0xf9, 0x00, 0x07, 0x3f, 0xfc, 0x01, 0xff, 0xff, 0x80, 0x1f, 0xf8, 0xf8, 0x00, 0x03, 0x80, 0x00, 0xff, 0xff, 0xf3, 0x00, 0x01, 0x7f, 0xfe,
  0xf3, 0x00, 0x01, 0x1f, 0xf8, 0x81, 0x00, 0x81, 0x00, 0x9a, 0x00, 0x81, 0x00, 0xe7, 0x00, 0x01, 0x01, 0xc0, 0xf9, 0x00, 0x01, 0x1f, 0xf8, 0xfd,
  0x00, 0x01, 0x3f, 0xfe, 0xf9, 0x00, 0x01, 0xff, 0xfe, 0xfd, 0x00, 0x02, 0x7f, 0xff, 0x80, 0xfb, 0x00, 0x02, 0x01, 0xff, 0xff, 0xfd, 0x00, 0x02,
  0xff, 0xff, 0x80, 0xfb, 0x00, 0x09, 0x03, 0xff, 0xff, 0x80, 0x00, 0x00, 0x01, 0xff, 0xff, 0xc0, 0xfb, 0x00, 0x09, 0x03, 0xff, 0xff, 0x80, 0x00,
  0x00, 0x01, 0xff, 0xff, 0xc0, 0xfb, 0x00, 0x09, 0x07, 0xff, 0xff, 0x80, 0x00, 0x00, 0x01, 0xff, 0xff, 0xe0, 0xfb, 0x00, 0x09, 0x07, 0xff, 0xff,
  0xc0, 0x00, 0x00, 0x03, 0xff, 0xff, 0xe0, 0xfb, 0x00, 0x09, 0x07, 0xff, 0xff, 0xc0, 0x00, 0x00, 0x03, 0xff, 0xff, 0xe0, 0xfb, 0x00, 0x09, 0x07,
  0xff, 0xff, 0xc0, 0x00, 0x00, 0x03, 0xff, 0xff, 0xf0, 0xfb, 0x00, 0x09, 0x07, 0xff, 0xff, 0xc0, 0x00, 0x00, 0x01, 0xff, 0xff, 0xf0, 0xfb, 0x00,
  0x09, 0x07, 0xff, 0xff, 0xc0, 0x00, 0x00, 0x01, 0xff, 0xff, 0xf0, 0xfb, 0x00, 0x09, 0x0f, 0xff, 0xff, 0x80, 0x00, 0x00, 0x01, 0xff, 0xff, 0xf0,
  0xfb, 0x00, 0x09, 0x0f, 0xff, 0xff, 0x80, 0x00, 0x00, 0x01, 0xff, 0xff, 0xf0, 0xfb, 0x00, 0x09, 0x0f, 0xff, 0xff, 0x80, 0x00, 0x00, 0x01, 0xff,
  0xff, 0xf0, 0xfb, 0x00, 0x09, 0x0f, 0xff, 0xff, 0x80, 0x00, 0x00, 0x01, 0xff, 0xff, 0xf0, 0xfb, 0x00, 0x09, 0x07, 0xff, 0xff, 0x80, 0x00, 0x00,
  0x01, 0xff, 0xff, 0xf0, 0xfb, 0x00, 0x09, 0x07, 0xff, 0xff, 0x80, 0x00, 0x00, 0x01, 0xff, 0xff, 0xf0, 0xfb, 0x00, 0x09, 0x07, 0xff, 0xff, 0x80,
  0x00, 0x00, 0x01, 0xff, 0xff, 0xf0, 0xfb, 0x00, 0x09, 0x07, 0xff, 0xff, 0x80, 0x00, 0x00, 0x01, 0xff, 0xff, 0xe0, 0xfb, 0x00, 0x09, 0x07, 0xff,
  0xff, 0x80, 0x00, 0x00, 0x01, 0xff, 0xff, 0xe0, 0xfb, 0x00, 0x09, 0x07, 0xff, 0xff, 0x80, 0x00, 0x00, 0x01, 0xff, 0xff, 0xe0, 0xfb, 0x00, 0x09,
  0x07, 0xff, 0xff, 0x80, 0x00, 0x00, 0x01, 0xff, 0xff, 0xe0, 0xfb, 0x00, 0x09, 0x03, 0xff, 0xff, 0x80, 0x00, 0x00, 0x01, 0xff, 0xff, 0xc0, 0xfb,
  0x00, 0x09, 0x03, 0xff, 0xff, 0x80, 0x00, 0x00, 0x01, 0xff, 0xff, 0xc0, 0xfb, 0x00, 0x09, 0x03, 0xff, 0xff, 0x80, 0xe0, 0x07, 0x81, 0xff, 0xff,
  0xc0, 0xfb, 0x00, 0x09, 0x01, 0xff, 0xff, 0x81, 0xf8, 0x0f, 0x80, 0xff, 0xff, 0x80, 0xfa, 0x00, 0x07, 0xff, 0xff, 0x01, 0xff, 0xff, 0xc0, 0x7f,
  0xff, 0xf9, 0x00, 0x07, 0xff, 0xfe, 0x01, 0xff, 0xff, 0xc0, 0x3f, 0xfe, 0xf9, 0x00, 0x07, 0x3f, 0xfc, 0x01, 0xff, 0xff, 0x80, 0x0f, 0xf8, 0xf8,
  0x00, 0x03, 0x80, 0x00, 0xff, 0xff, 0xf3, 0x00, 0x01, 0x7f, 0xfe, 0xf3, 0x00, 0x01, 0x1f, 0xf8, 0x81, 0x00, 0x81, 0x00, 0x9a, 0x00, 0x81, 0x00,
  0xe7, 0x00, 0x01, 0x01, 0xc0, 0xf9, 0x00, 0x01, 0x1f, 0xf8, 0xfd, 0x00, 0x01, 0x3f, 0xfe, 0xf9, 0x00, 0x01, 0xff, 0xfe, 0xfd, 0x00, 0x02, 0x7f,
  0xff, 0x80, 0xfb, 0x00, 0x02, 0x01, 0xff, 0xff, 0xfd, 0x00, 0x02, 0xff, 0xff, 0x80, 0xfb, 0x00, 0x09, 0x03, 0xff, 0xff, 0x80, 0x00, 0x00, 0x01,
  0xff, 0xff, 0xc0, 0xfb, 0x00, 0x09, 0x03, 0xff, 0xff, 0x80, 0x00, 0x00, 0x01, 0xff, 0xff, 0xc0, 0xfb, 0x00, 0x09, 0x07, 0xff, 0xff, 0x80, 0x00,
  0x00, 0x01, 0xff, 0xff, 0xe0, 0xfb, 0x00, 0x09, 0x07, 0xff, 0xff, 0xc0, 0x00, 0x00, 0x03, 0xff, 0xff, 0xe0, 0xfb, 0x00, 0x09, 0x07, 0xff, 0xff,
  0xc0, 0x00, 0x00, 0x03, 0xff, 0xff, 0xe0, 0xfb, 0x00, 0x09, 0x07, 0xff, 0xff, 0xc0, 0x00, 0x00, 0x03, 0xff, 0xff, 0xf0, 0xfb, 0x00, 0x09, 0x07,
  0xff, 0xff, 0xc0, 0x00, 0x00, 0x01, 0xff, 0xff, 0xf0, 0xfb, 0x00, 0x09, 0x07, 0xff, 0xff, 0xc0, 0x00, 0x00, 0x01, 0xff, 0xff, 0xf0, 0xfb, 0x00,
  0x09, 0x0f, 0xff, 0xff, 0x80, 0x00, 0x00, 0x01, 0xff, 0xff, 0xf0, 0xfb, 0x00, 0x09, 0x0f, 0xff, 0xff, 0x80, 0x00, 0x00, 0x01, 0xff, 0xff, 0xf0,
  0xfb, 0x00, 0x09, 0x0f, 0xff, 0xff, 0x80, 0x00, 0x00, 0x01, 0xff, 0xff, 0xf0, 0xfb, 0x00, 0x09, 0x0f, 0xff, 0xff, 0x80, 0x00, 0x00, 0x01, 0xff,
  0xff, 0xf0, 0xfb, 0x00, 0x09, 0x07, 0xff, 0xff, 0x80, 0x00, 0x00, 0x01, 0xff, 0xff, 0xf0, 0xfb, 0x00, 0x09, 0x07, 0xff, 0xff, 0x80, 0x00, 0x00,
  0x01, 0xff, 0xff, 0xf0, 0xfb, 0x00, 0x09, 0x07, 0xff, 0xff, 0x80, 0x00, 0x00, 0x01, 0xff, 0xff, 0xf0, 0xfb, 0x00, 0x09, 0x07, 0xff, 0xff, 0x80,
  0x00, 0x00, 0x01, 0xff, 0xff, 0xe0, 0xfb, 0x00, 0x09, 0x07, 0xff, 0xff, 0x80, 0x00, 0x00, 0x01, 0xff, 0xff, 0xe0, 0xfb, 0x00, 0x09, 0x07, 0xff,
  0xff, 0x80, 0x00, 0x00, 0x01, 0xff, 0xff, 0xe0, 0xfb, 0x00, 0x09, 0x07, 0xff, 0xff, 0x80, 0x00, 0x00, 0x01, 0xff, 0xff, 0xe0, 0xfb, 0x00, 0x09,
  0x03, 0xff, 0xff, 0x80, 0x00, 0x00, 0x01, 0xff, 0xff, 0xc0, 0xfb, 0x00, 0x09, 0x03, 0xff, 0xff, 0x80, 0x00, 0x00, 0x01, 0xff, 0xff, 0xc0, 0xfb,
  0x00, 0x09, 0x03, 0xff, 0xff, 0x81, 0xe0, 0x07, 0x81, 0xff, 0xff, 0x80, 0xfb, 0x00, 0x09, 0x01, 0xff, 0xff, 0x81, 0xf8, 0x0f, 0xc0, 0xff, 0xff,
  0x80, 0xfa, 0x00, 0x07, 0xff, 0xff, 0x01, 0xff, 0xff, 0xc0, 0x7f, 0xff, 0xf9, 0x00, 0x07, 0xff, 0xfe, 0x01, 0xff, 0xff, 0xc0, 0x3f, 0xfe, 0xf9,
  0x00, 0x07, 0x3f, 0xfc, 0x01, 0xff, 0xff, 0x80, 0x0f, 0xf8, 0xf8, 0x00, 0x03, 0x80, 0x00, 0xff, 0xff, 0xf3, 0x00, 0x01, 0x7f, 0xfe, 0xf3, 0x00,
  0x01, 0x1f, 0xf8, 0x81, 0x00, 0x81, 0x00, 0x9a, 0x00, 0x81, 0x00, 0xe7, 0x00, 0x01, 0x0f, 0xe0, 0xf9, 0x00, 0x01, 0x7f, 0xf0, 0xfd, 0x00, 0x01,
  0x7f, 0xfc, 0xfa, 0x00, 0x02, 0x01, 0xff, 0xfc, 0xfd, 0x00, 0x01, 0xff, 0xff, 0xfa, 0x00, 0x02, 0x03, 0xff, 0xfe, 0xfe, 0x00, 0x03, 0x01, 0xff,
  0xff, 0x80, 0xfb, 0x00, 0x02, 0x07, 0xff, 0xff, 0xfe, 0x00, 0x03, 0x03, 0xff, 0xff, 0x80, 0xfb, 0x00, 0x02, 0x07, 0xff, 0xff, 0xfe, 0x00, 0x03,
  0x03, 0xff, 0xff, 0x80, 0xfb, 0x00, 0x02, 0x0f, 0xff, 0xff, 0xfe, 0x00, 0x03, 0x03, 0xff, 0xff, 0xc0, 0xfb, 0x00, 0x09, 0x0f, 0xff, 0xff, 0x80,
  0x00, 0x00, 0x03, 0xff, 0xff, 0xc0, 0xfb, 0x00, 0x09, 0x0f, 0xff, 0xff, 0x80, 0x00, 0x00, 0x03, 0xff, 0xff, 0xc0, 0xfb, 0x00, 0x09, 0x0f, 0xff,
  0xff, 0x80, 0x00, 0x00, 0x07, 0xff, 0xff, 0xe0, 0xfb, 0x00, 0x09, 0x0f, 0xff, 0xff, 0x80, 0x00, 0x00, 0x07, 0xff, 0xff, 0xe0, 0xfb, 0x00, 0x09,
  0x0f, 0xff, 0xff, 0x80, 0x00, 0x00, 0x03, 0xff, 0xff, 0xe0, 0xfb, 0x00, 0x02, 0x1f, 0xff, 0xff, 0xfe, 0x00, 0x03, 0x03, 0xff, 0xff, 0xe0, 0xfb,
  0x00, 0x02, 0x1f, 0xff, 0xff, 0xfe, 0x00, 0x03, 0x03, 0xff, 0xff, 0xe0, 0xfb, 0x00, 0x02, 0x1f, 0xff, 0xff, 0xfe, 0x00, 0x03, 0x03, 0xff, 0xff,
  0xe0, 0xfb, 0x00, 0x02, 0x1f, 0xff, 0xff, 0xfe, 0x00, 0x03, 0x03, 0xff, 0xff, 0xe0, 0xfb, 0x00, 0x02, 0x1f, 0xff, 0xff, 0xfe, 0x00, 0x03, 0x03,
  0xff, 0xff, 0xe0, 0xfb, 0x00, 0x02, 0x0f, 0xff, 0xff, 0xfe, 0x00, 0x03, 0x03, 0xff, 0xff, 0xe0, 0xfb, 0x00, 0x02, 0x0f, 0xff, 0xff, 0xfe, 0x00,
  0x03, 0x03, 0xff, 0xff, 0xe0, 0xfb, 0x00, 0x02, 0x0f, 0xff, 0xff, 0xfe, 0x00, 0x03, 0x03, 0xff, 0xff, 0xc0, 0xfb, 0x00, 0x02, 0x0f, 0xff, 0xff,
  0xfe, 0x00, 0x03, 0x03, 0xff, 0xff, 0xc0, 0xfb, 0x00, 0x02, 0x0f, 0xff, 0xff, 0xfe, 0x00, 0x03, 0x03, 0xff, 0xff, 0xc0, 0xfb, 0x00, 0x02, 0x0f,
  0xff, 0xff, 0xfe, 0x00, 0x03, 0x03, 0xff, 0xff, 0xc0, 0xfb, 0x00, 0x02, 0x07, 0xff, 0xff, 0xfe, 0x00, 0x03, 0x03, 0xff, 0xff, 0x80, 0xfb, 0x00,
  0x02, 0x07, 0xff, 0xff, 0xfe, 0x00, 0x03, 0x03, 0xff, 0xff, 0x80, 0xfb, 0x00, 0x09, 0x03, 0xff, 0xff, 0x03, 0xc0, 0x0c, 0x03, 0xff, 0xff, 0x80,
  0xfb, 0x00, 0x08, 0x03, 0xff, 0xff, 0x07, 0xe0, 0x3e, 0x01, 0xff, 0xff, 0xfa, 0x00, 0x08, 0x03, 0xff, 0xfe, 0x07, 0xff, 0xff, 0x00, 0xff, 0xfe,
  0xf9, 0x00, 0x07, 0xff, 0xfc, 0x07, 0xff, 0xfe, 0x00, 0x7f, 0xf8, 0xf9, 0x00, 0x07, 0x7f, 0xf0, 0x03, 0xff, 0xfe, 0x00, 0x1f, 0xe0, 0xf9, 0x00,
  0x04, 0x01, 0x00, 0x03, 0xff, 0xfc, 0xf3, 0x00, 0x01, 0xff, 0xf8, 0xf3, 0x00, 0x01, 0x7f, 0xf0, 0xf3, 0x00, 0x01, 0x0f, 0x80, 0x81, 0x00, 0x81,
  0x00, 0xaa, 0x00, 0x81, 0x00, 0xe7, 0x00, 0x01, 0x03, 0xc0, 0xf9, 0x00, 0x01, 0x7f, 0xf0, 0xfd, 0x00, 0x01, 0x7f, 0xfc, 0xfa, 0x00, 0x02, 0x01,
  0xff, 0xfc, 0xfd, 0x00, 0x01, 0xff, 0xff, 0xfa, 0x00, 0x02, 0x03, 0xff, 0xfe, 0xfe, 0x00, 0x02, 0x01, 0xff, 0xff, 0xfa, 0x00, 0x02, 0x07, 0xff,
  0xff, 0xfe, 0x00, 0x03, 0x03, 0xff, 0xff, 0x80, 0xfb, 0x00, 0x02, 0x07, 0xff, 0xff, 0xfe, 0x00, 0x03, 0x03, 0xff, 0xff, 0x80, 0xfb, 0x00, 0x02,
  0x0f, 0xff, 0xff, 0xfe, 0x00, 0x03, 0x03, 0xff, 0xff, 0xc0, 0xfb, 0x00, 0x09, 0x0f, 0xff, 0xff, 0x80, 0x00, 0x00, 0x03, 0xff, 0xff, 0xc0, 0xfb,
  0x00, 0x09, 0x0f, 0xff, 0xff, 0x80, 0x00, 0x00, 0x03, 0xff, 0xff, 0xc0, 0xfb, 0x00, 0x09, 0x0f, 0xff, 0xff, 0x80, 0x00, 0x00, 0x07, 0xff, 0xff,
  0xe0, 0xfb, 0x00, 0x09, 0x0f, 0xff, 0xff, 0x80, 0x00, 0x00, 0x07, 0xff, 0xff, 0xe0, 0xfb, 0x00, 0x09, 0x0f, 0xff, 0xff, 0x80, 0x00, 0x00, 0x03,
  0xff, 0xff, 0xe0, 0xfb, 0x00, 0x02, 0x1f, 0xff, 0xff, 0xfe, 0x00, 0x03, 0x03, 0xff, 0xff, 0xe0, 0xfb, 0x00, 0x02, 0x1f, 0xff, 0xff, 0xfe, 0x00,
  0x03, 0x03, 0xff, 0xff, 0xe0, 0xfb, 0x00, 0x02, 0x1f, 0xff, 0xff, 0xfe, 0x00, 0x03, 0x03, 0xff, 0xff, 0xe0, 0xfb, 0x00, 0x02, 0x1f, 0xff, 0xff,
  0xfe, 0x00, 0x03, 0x03, 0xff, 0xff, 0xe0, 0xfb, 0x00, 0x02, 0x1f, 0xff, 0xff, 0xfe, 0x00, 0x03, 0x03, 0xff, 0xff, 0xe0, 0xfb, 0x00, 0x02, 0x0f,
  0xff, 0xff, 0xfe, 0x00, 0x03, 0x03, 0xff, 0xff, 0xe0, 0xfb, 0x00, 0x02, 0x0f, 0xff, 0xff, 0xfe, 0x00, 0x03, 0x03, 0xff, 0xff, 0xc0, 0xfb, 0x00,
  0x02, 0x0f, 0xff, 0xff, 0xfe, 0x00, 0x03, 0x03, 0xff, 0xff, 0xc0, 0xfb, 0x00, 0x02, 0x0f, 0xff, 0xff, 0xfe, 0x00, 0x03, 0x03, 0xff, 0xff, 0xc0,
  0xfb, 0x00, 0x02, 0x0f, 0xff, 0xff, 0xfe, 0x00, 0x03, 0x03, 0xff, 0xff, 0xc0, 0xfb, 0x00, 0x02, 0x0f, 0xff, 0xff, 0xfe, 0x00, 0x03, 0x03, 0xff,
  0xff, 0xc0, 0xfb, 0x00, 0x02, 0x07, 0xff, 0xff, 0xfe, 0x00, 0x03, 0x03, 0xff, 0xff, 0x80, 0xfb, 0x00, 0x09, 0x07, 0xff, 0xff, 0x01, 0x00, 0x00,
  0x03, 0xff, 0xff, 0x80, 0xfb, 0x00, 0x09, 0x07, 0xff, 0xff, 0x03, 0xc0, 0x1c, 0x03, 0xff, 0xff, 0x80, 0xfb, 0x00, 0x08, 0x03, 0xff, 0xff, 0x07,
  0xe0, 0x7e, 0x01, 0xff, 0xff, 0xfa, 0x00, 0x08, 0x03, 0xff, 0xfe, 0x07, 0xff, 0xfe, 0x01, 0xff, 0xfe, 0xf9, 0x00, 0x07, 0xff, 0xfc, 0x07, 0xff,
  0xfe, 0x00, 0x7f, 0xfc, 0xf9, 0x00, 0x07, 0x7f, 0xf0, 0x03, 0xff, 0xfe, 0x00, 0x1f, 0xe0, 0xf9, 0x00, 0x04, 0x01, 0x00, 0x03, 0xff, 0xfc, 0xf4,
  0x00, 0x02, 0x01, 0xff, 0xf8, 0xf3, 0x00, 0x01, 0x7f, 0xf0, 0xf3, 0x00, 0x01, 0x1f, 0xc0, 0x81, 0x00, 0x81, 0x00, 0xaa, 0x00, 0x81, 0x00, 0xe7,
  0x00, 0x01, 0x0b, 0xe0, 0xf9, 0x00, 0x01, 0x7f, 0xf0, 0xfd, 0x00, 0x01, 0x7f, 0xfc, 0xfa, 0x00, 0x02, 0x01, 0xff, 0xfc, 0xfd, 0x00, 0x01, 0xff,
  0xff, 0xfa, 0x00, 0x02, 0x03, 0xff, 0xfe, 0xfe, 0x00, 0x03, 0x01, 0xff, 0xff, 0x80, 0xfb, 0x00, 0x02, 0x07, 0xff, 0xff, 0xfe, 0x00, 0x03, 0x03,
  0xff, 0xff, 0x80, 0xfb, 0x00, 0x02, 0x07, 0xff, 0xff, 0xfe, 0x00, 0x03, 0x03, 0xff, 0xff, 0x80, 0xfb, 0x00, 0x02, 0x0f, 0xff, 0xff, 0xfe, 0x00,
  0x03, 0x03, 0xff, 0xff, 0xc0, 0xfb, 0x00, 0x09, 0x0f, 0xff, 0xff, 0x80, 0x00, 0x00, 0x03, 0xff, 0xff, 0xc0, 0xfb, 0x00, 0x09, 0x0f, 0xff, 0xff,
  0x80, 0x00, 0x00, 0x03, 0xff, 0xff, 0xc0, 0xfb, 0x00, 0x09, 0x0f, 0xff, 0xff, 0x80, 0x00, 0x00, 0x07, 0xff, 0xff, 0xe0, 0xfb, 0x00, 0x09, 0x0f,
  0xff, 0xff, 0x80, 0x00, 0x00, 0x07, 0xff, 0xff, 0xe0, 0xfb, 0x00, 0x09, 0x0f, 0xff, 0xff, 0x80, 0x00, 0x00, 0x03, 0xff, 0xff, 0xe0, 0xfb, 0x00,
  0x02, 0x1f, 0xff, 0xff, 0xfe, 0x00, 0x03, 0x03, 0xff, 0xff, 0xe0, 0xfb, 0x00, 0x02, 0x1f, 0xff, 0xff, 0xfe, 0x00, 0x03, 0x03, 0xff, 0xff, 0xe0,
  0xfb, 0x00, 0x02, 0x1f, 0xff, 0xff, 0xfe, 0x00, 0x03, 0x03, 0xff, 0xff, 0xe0, 0xfb, 0x00, 0x02, 0x1f, 0xff, 0xff, 0xfe, 0x00, 0x03, 0x03, 0xff,
  0xff, 0xe0, 0xfb, 0x00, 0x02, 0x1f, 0xff, 0xff, 0xfe, 0x00, 0x03, 0x03, 0xff, 0xff, 0xe0, 0xfb, 0x00, 0x02, 0x0f, 0xff, 0xff, 0xfe, 0x00, 0x03,
  0x03, 0xff, 0xff, 0xe0, 0xfb, 0x00, 0x02, 0x0f, 0xff, 0xff, 0xfe, 0x00, 0x03, 0x03, 0xff, 0xff, 0xc0, 0xfb, 0x00, 0x02, 0x0f, 0xff, 0xff, 0xfe,
  0x00, 0x03, 0x03, 0xff, 0xff, 0xc0, 0xfb, 0x00, 0x02, 0x0f, 0xff, 0xff, 0xfe, 0x00, 0x03, 0x03, 0xff, 0xff, 0xc0, 0xfb, 0x00, 0x02, 0x0f, 0xff,
  0xff, 0xfe, 0x00, 0x03, 0x03, 0xff, 0xff, 0xc0, 0xfb, 0x00, 0x02, 0x0f, 0xff, 0xff, 0xfe, 0x00, 0x03, 0x03, 0xff, 0xff, 0xc0, 0xfb, 0x00, 0x02,
  0x07, 0xff, 0xff, 0xfe, 0x00, 0x03, 0x03, 0xff, 0xff, 0x80, 0xfb, 0x00, 0x02, 0x07, 0xff, 0xff, 0xfe, 0x00, 0x03, 0x03, 0xff, 0xff, 0x80, 0xfb,
  0x00, 0x09, 0x03, 0xff, 0xff, 0x07, 0x80, 0x18, 0x03, 0xff, 0xff, 0x80, 0xfb, 0x00, 0x08, 0x03, 0xff, 0xff, 0x07, 0xe0, 0x7c, 0x01, 0xff, 0xff,
  0xfa, 0x00, 0x08, 0x03, 0xff, 0xfe, 0x07, 0xff, 0xfe, 0x01, 0xff, 0xfe, 0xf9, 0x00, 0x07, 0xff, 0xfc, 0x07, 0xff, 0xfe, 0x00, 0x7f, 0xfc, 0xf9,
  0x00, 0x07, 0x7f, 0xf0, 0x03, 0xff, 0xfe, 0x00, 0x1f, 0xe0, 0xf9, 0x00, 0x04, 0x01, 0x00, 0x03, 0xff, 0xfc, 0xf4, 0x00, 0x02, 0x01, 0xff, 0xf8,
  0xf3, 0x00, 0x01, 0x7f, 0xf0, 0xf3, 0x00, 0x01, 0x3f, 0xc0, 0x81, 0x00, 0x81, 0x00, 0xaa, 0x00, 0x81, 0x00, 0xe7, 0x00, 0x01, 0x03, 0xc0, 0xf9,
  0x00, 0x01, 0x7f, 0xf0, 0xfd, 0x00, 0x01, 0x7f, 0xfc, 0xfa, 0x00, 0x02, 0x01, 0xff, 0xfc, 0xfd, 0x00, 0x01, 0xff, 0xfe, 0xfa, 0x00, 0x02, 0x03,
  0xff, 0xfe, 0xfe, 0x00, 0x02, 0x01, 0xff, 0xff, 0xfa, 0x00, 0x02, 0x07, 0xff, 0xff, 0xfe, 0x00, 0x03, 0x03, 0xff, 0xff, 0x80, 0xfb, 0x00, 0x02,
  0x07, 0xff, 0xff, 0xfe, 0x00, 0x03, 0x03, 0xff, 0xff, 0x80, 0xfb, 0x00, 0x02, 0x0f, 0xff, 0xff, 0xfe, 0x00, 0x03, 0x03, 0xff, 0xff, 0xc0, 0xfb,
  0x00, 0x09, 0x0f, 0xff, 0xff, 0x80, 0x00, 0x00, 0x03, 0xff, 0xff, 0xc0, 0xfb, 0x00, 0x09, 0x0f, 0xff, 0xff, 0x80, 0x00, 0x00, 0x03, 0xff, 0xff,
  0xc0, 0xfb, 0x00, 0x09, 0x0f, 0xff, 0xff, 0x80, 0x00, 0x00, 0x07, 0xff, 0xff, 0xe0, 0xfb, 0x00, 0x09, 0x0f, 0xff, 0xff, 0x80, 0x00, 0x00, 0x07,
  0xff, 0xff, 0xe0, 0xfb, 0x00, 0x09, 0x0f, 0xff, 0xff, 0x80, 0x00, 0x00, 0x03, 0xff, 0xff, 0xe0, 0xfb, 0x00, 0x02, 0x1f, 0xff, 0xff, 0xfe, 0x00,
  0x03, 0x03, 0xff, 0xff, 0xe0, 0xfb, 0x00, 0x02, 0x1f, 0xff, 0xff, 0xfe, 0x00, 0x03, 0x03, 0xff, 0xff, 0xe0, 0xfb, 0x00, 0x02, 0x1f, 0xff, 0xff,
  0xfe, 0x00, 0x03, 0x03, 0xff, 0xff, 0xe0, 0xfb, 0x00, 0x02, 0x1f, 0xff, 0xff, 0xfe, 0x00, 0x03, 0x03, 0xff, 0xff, 0xe0, 0xfb, 0x00, 0x02, 0x1f,
  0xff, 0xff, 0xfe, 0x00, 0x03, 0x03, 0xff, 0xff, 0xe0, 0xfb, 0x00, 0x02, 0x0f, 0xff, 0xff, 0xfe, 0x00, 0x03, 0x03, 0xff, 0xff, 0xe0, 0xfb, 0x00,
  0x02, 0x0f, 0xff, 0xff, 0xfe, 0x00, 0x03, 0x03, 0xff, 0xff, 0xc0, 0xfb, 0x00, 0x02, 0x0f, 0xff, 0xff, 0xfe, 0x00, 0x03, 0x03, 0xff, 0xff, 0xc0,
  0xfb, 0x00, 0x02, 0x0f, 0xff, 0xff, 0xfe, 0x00, 0x03, 0x03, 0xff, 0xff, 0xc0, 0xfb, 0x00, 0x02, 0x0f, 0xff, 0xff, 0xfe, 0x00, 0x03, 0x03, 0xff,
  0xff, 0xc0, 0xfb, 0x00, 0x02, 0x0f, 0xff, 0xff, 0xfe, 0x00, 0x03, 0x03, 0xff, 0xff, 0xc0, 0xfb, 0x00, 0x02, 0x07, 0xff, 0xff, 0xfe, 0x00, 0x03,
  0x03, 0xff, 0xff, 0x80, 0xfb, 0x00, 0x09, 0x07, 0xff, 0xff, 0x01, 0x00, 0x00, 0x03, 0xff, 0xff, 0x80, 0xfb, 0x00, 0x09, 0x07, 0xff, 0xff, 0x07,
  0xc0, 0x18, 0x03, 0xff, 0xff, 0x80, 0xfb, 0x00, 0x08, 0x03, 0xff, 0xff, 0x07, 0xe0, 0x7c, 0x01, 0xff, 0xff, 0xfa, 0x00, 0x08, 0x03, 0xff, 0xfe,
  0x07, 0xff, 0xfe, 0x01, 0xff, 0xfe, 0xf9, 0x00, 0x07, 0xff, 0xfc, 0x07, 0xff, 0xfe, 0x00, 0x7f, 0xfc, 0xf9, 0x00, 0x07, 0x7f, 0xf8, 0x07, 0xff,
  0xfc, 0x00, 0x1f, 0xf0, 0xf9, 0x00, 0x04, 0x01, 0x00, 0x03, 0xff, 0xfc, 0xf4, 0x00, 0x02, 0x01, 0xff, 0xf8, 0xf3, 0x00, 0x01, 0xff, 0xf0, 0xf3,
  0x00, 0x01, 0x3f, 0xc0, 0xf3, 0x00, 0x00, 0x03, 0x81, 0x00, 0x81, 0x00, 0xb9, 0x00, 0x81, 0x00, 0xe7, 0x00, 0x01, 0x03, 0xc0, 0xf9, 0x00, 0x01,
  0x7f, 0xf0, 0xfd, 0x00, 0x01, 0x7f, 0xfc, 0xfa, 0x00, 0x02, 0x01, 0xff, 0xfc, 0xfd, 0x00, 0x01, 0xff, 0xff, 0xfa, 0x00, 0x02, 0x03, 0xff, 0xfe,
  0xfe, 0x00, 0x02, 0x01, 0xff, 0xff, 0xfa, 0x00, 0x02, 0x07, 0xff, 0xff, 0xfe, 0x00, 0x03, 0x03, 0xff, 0xff, 0x80, 0xfb, 0x00, 0x02, 0x07, 0xff,
  0xff, 0xfe, 0x00, 0x03, 0x03, 0xff, 0xff, 0x80, 0xfb, 0x00, 0x02, 0x0f, 0xff, 0xff, 0xfe, 0x00, 0x03, 0x03, 0xff, 0xff, 0xc0, 0xfb, 0x00, 0x09,
  0x0f, 0xff, 0xff, 0x80, 0x00, 0x00, 0x03, 0xff, 0xff, 0xc0, 0xfb, 0x00, 0x09, 0x0f, 0xff, 0xff, 0x80, 0x00, 0x00, 0x03, 0xff, 0xff, 0xc0, 0xfb,
  0x00, 0x09, 0x0f, 0xff, 0xff, 0x80, 0x00, 0x00, 0x07, 0xff, 0xff, 0xe0, 0xfb, 0x00, 0x09, 0x0f, 0xff, 0xff, 0x80, 0x00, 0x00, 0x07, 0xff, 0xff,
  0xe0, 0xfb, 0x00, 0x09, 0x0f, 0xff, 0xff, 0x80, 0x00, 0x00, 0x03, 0xff, 0xff, 0xe0, 0xfb, 0x00, 0x02, 0x1f, 0xff, 0xff, 0xfe, 0x00, 0x03, 0x03,
  0xff, 0xff, 0xe0, 0xfb, 0x00, 0x02, 0x1f, 0xff, 0xff, 0xfe, 0x00, 0x03, 0x03, 0xff, 0xff, 0xe0, 0xfb, 0x00, 0x02, 0x1f, 0xff, 0xff, 0xfe, 0x00,
  0x03, 0x03, 0xff, 0xff, 0xe0, 0xfb, 0x00, 0x02, 0x1f, 0xff, 0xff, 0xfe, 0x00, 0x03, 0x03, 0xff, 0xff, 0xe0, 0xfb, 0x00, 0x02, 0x1f, 0xff, 0xff,
  0xfe, 0x00, 0x03, 0x03, 0xff, 0xff, 0xe0, 0xfb, 0x00, 0x02, 0x0f, 0xff, 0xff, 0xfe, 0x00, 0x03, 0x03, 0xff, 0xff, 0xe0, 0xfb, 0x00, 0x02, 0x0f,
  0xff, 0xff, 0xfe, 0x00, 0x03, 0x03, 0xff, 0xff, 0xc0, 0xfb, 0x00, 0x02, 0x0f, 0xff, 0xff, 0xfe, 0x00, 0x03, 0x03, 0xff, 0xff, 0xc0, 0xfb, 0x00,
  0x02, 0x0f, 0xff, 0xff, 0xfe, 0x00, 0x03, 0x03, 0xff, 0xff, 0xc0, 0xfb, 0x00, 0x02, 0x0f, 0xff, 0xff, 0xfe, 0x00, 0x03, 0x03, 0xff, 0xff, 0xc0,
  0xfb, 0x00, 0x02, 0x0f, 0xff, 0xff, 0xfe, 0x00, 0x03, 0x03, 0xff, 0xff, 0xc0, 0xfb, 0x00, 0x02, 0x07, 0xff, 0xff, 0xfe, 0x00, 0x03, 0x03, 0xff,
  0xff, 0x80, 0xfb, 0x00, 0x09, 0x07, 0xff, 0xff, 0x02, 0x00, 0x00, 0x03, 0xff, 0xff, 0x80, 0xfb, 0x00, 0x09, 0x07, 0xff, 0xff, 0x07, 0x80, 0x3c,
  0x03, 0xff, 0xff, 0x80, 0xfb, 0x00, 0x08, 0x03, 0xff, 0xff, 0x07, 0xe0, 0x7c, 0x01, 0xff, 0xff, 0xfa, 0x00, 0x08, 0x03, 0xff, 0xfe, 0x07, 0xfb,
  0xfe, 0x01, 0xff, 0xfe, 0xf9, 0x00, 0x07, 0xff, 0xfc, 0x07, 0xff, 0xfe, 0x00, 0x7f, 0xfc, 0xf9, 0x00, 0x07, 0x7f, 0xf0, 0x07, 0xff, 0xfc, 0x00,
  0x1f, 0xe0, 0xf9, 0x00, 0x04, 0x01, 0x00, 0x03, 0xff, 0xfc, 0xf4, 0x00, 0x02, 0x01, 0xff, 0xf8, 0xf3, 0x00, 0x01, 0xff, 0xf0, 0xf3, 0x00, 0x01,
  0x3f, 0xe0, 0xf3, 0x00, 0x00, 0x02, 0x81, 0x00, 0x81, 0x00, 0xb9, 0x00, 0x81, 0x00, 0xdd, 0x00, 0x01, 0x7f, 0xf0, 0xfd, 0x00, 0x01, 0x7f, 0xfc,
  0xfa, 0x00, 0x02, 0x01, 0xff, 0xfc, 0xfd, 0x00, 0x01, 0xff, 0xff, 0xfa, 0x00, 0x02, 0x03, 0xff, 0xfe, 0xfe, 0x00, 0x02, 0x01, 0xff, 0xff, 0xfa,
  0x00, 0x02, 0x07, 0xff, 0xff, 0xfe, 0x00, 0x03, 0x03, 0xff, 0xff, 0x80, 0xfb, 0x00, 0x02, 0x07, 0xff, 0xff, 0xfe, 0x00, 0x03, 0x03, 0xff, 0xff,
  0x80, 0xfb, 0x00, 0x02, 0x0f, 0xff, 0xff, 0xfe, 0x00, 0x03, 0x03, 0xff, 0xff, 0xc0, 0xfb, 0x00, 0x09, 0x0f, 0xff, 0xff, 0x80, 0x00, 0x00, 0x03,
  0xff, 0xff, 0xc0, 0xfb, 0x00, 0x09, 0x0f, 0xff, 0xff, 0x80, 0x00, 0x00, 0x03, 0xff, 0xff, 0xc0, 0xfb, 0x00, 0x09, 0x0f, 0xff, 0xff, 0x80, 0x00,
  0x00, 0x07, 0xff, 0xff, 0xe0, 0xfb, 0x00, 0x09, 0x0f, 0xff, 0xff, 0x80, 0x00, 0x00, 0x07, 0xff, 0xff, 0xe0, 0xfb, 0x00, 0x09, 0x0f, 0xff, 0xff,
  0x80, 0x00, 0x00, 0x03, 0xff, 0xff, 0xe0, 0xfb, 0x00, 0x02, 0x1f, 0xff, 0xff, 0xfe, 0x00, 0x03, 0x03, 0xff, 0xff, 0xe0, 0xfb, 0x00, 0x02, 0x1f,
  0xff, 0xff, 0xfe, 0x00, 0x03, 0x03, 0xff, 0xff, 0xe0, 0xfb, 0x00, 0x02, 0x1f, 0xff, 0xff, 0xfe, 0x00, 0x03, 0x03, 0xff, 0xff, 0xe0, 0xfb, 0x00,
  0x02, 0x1f, 0xff, 0xff, 0xfe, 0x00, 0x03, 0x03, 0xff, 0xff, 0xe0, 0xfb, 0x00, 0x02, 0x1f, 0xff, 0xff, 0xfe, 0x00, 0x03, 0x03, 0xff, 0xff, 0xe0,
  0xfb, 0x00, 0x02, 0x0f, 0xff, 0xff, 0xfe, 0x00, 0x03, 0x03, 0xff, 0xff, 0xe0, 0xfb, 0x00, 0x02, 0x0f, 0xff, 0xff, 0xfe, 0x00, 0x03, 0x03, 0xff,
  0xff, 0xc0, 0xfb, 0x00, 0x02, 0x0f, 0xff, 0xff, 0xfe, 0x00, 0x03, 0x03, 0xff, 0xff, 0xc0, 0xfb, 0x00, 0x02, 0x0f, 0xff, 0xff, 0xfe, 0x00, 0x03,
  0x03, 0xff, 0xff, 0xc0, 0xfb, 0x00, 0x02, 0x0f, 0xff, 0xff, 0xfe, 0x00, 0x03, 0x03, 0xff, 0xff, 0xc0, 0xfb, 0x00, 0x02, 0x0f, 0xff, 0xff, 0xfe,
  0x00, 0x03, 0x03, 0xff, 0xff, 0xc0, 0xfb, 0x00, 0x02, 0x07, 0xff, 0xff, 0xfe, 0x00, 0x03, 0x03, 0xff, 0xff, 0x80, 0xfb, 0x00, 0x09, 0x07, 0xff,
  0xff, 0x03, 0x00, 0x0c, 0x03, 0xff, 0xff, 0x80, 0xfb, 0x00, 0x09, 0x07, 0xff, 0xff, 0x07, 0x80, 0x3e, 0x03, 0xff, 0xff, 0x80, 0xfb, 0x00, 0x08,
  0x03, 0xff, 0xff, 0x07, 0xe0, 0x7e, 0x01, 0xff, 0xff, 0xfa, 0x00, 0x08, 0x03, 0xff, 0xfe, 0x07, 0xff, 0xfe, 0x01, 0xff, 0xfe, 0xfa, 0x00, 0x08,
  0x01, 0xff, 0xfc, 0x07, 0xff, 0xfe, 0x00, 0x7f, 0xfc, 0xf9, 0x00, 0x07, 0x7f, 0xf8, 0x07, 0xff, 0xfe, 0x00, 0x3f, 0xf0, 0xf9, 0x00, 0x04, 0x01,
  0x00, 0x03, 0xff, 0xfc, 0xf4, 0x00, 0x02, 0x01, 0xff, 0xfc, 0xf3, 0x00, 0x01, 0xff, 0xf0, 0xf3, 0x00, 0x01, 0x3f, 0xe0, 0xf3, 0x00, 0x00, 0x07,
  0x81, 0x00, 0x81, 0x00, 0xb9, 0x00, 0x81, 0x00, 0xe7, 0x00, 0x01, 0x03, 0xc0, 0xf9, 0x00, 0x01, 0x7f, 0xf0, 0xfd, 0x00, 0x01, 0x7f, 0xfc, 0xfa,
  0x00, 0x02, 0x01, 0xff, 0xfc, 0xfd, 0x00, 0x01, 0xff, 0xff, 0xfa, 0x00, 0x02, 0x03, 0xff, 0xfe, 0xfe, 0x00, 0x02, 0x01, 0xff, 0xff, 0xfa, 0x00,
  0x02, 0x07, 0xff, 0xff, 0xfe, 0x00, 0x03, 0x03, 0xff, 0xff, 0x80, 0xfb, 0x00, 0x02, 0x07, 0xff, 0xff, 0xfe, 0x00, 0x03, 0x03, 0xff, 0xff, 0x80,
  0xfb, 0x00, 0x02, 0x0f, 0xff, 0xff, 0xfe, 0x00, 0x03, 0x03, 0xff, 0xff, 0xc0, 0xfb, 0x00, 0x09, 0x0f, 0xff, 0xff, 0x80, 0x00, 0x00, 0x03, 0xff,
  0xff, 0xc0, 0xfb, 0x00, 0x09, 0x0f, 0xff, 0xff, 0x80, 0x00, 0x00, 0x03, 0xff, 0xff, 0xc0, 0xfb, 0x00, 0x09, 0x0f, 0xff, 0xff, 0x80, 0x00, 0x00,
  0x07, 0xff, 0xff, 0xe0, 0xfb, 0x00, 0x09, 0x0f, 0xff, 0xff, 0x80, 0x00, 0x00, 0x07, 0xff, 0xff, 0xe0, 0xfb, 0x00, 0x09, 0x0f, 0xff, 0xff, 0x80,
  0x00, 0x00, 0x07, 0xff, 0xff, 0xe0, 0xfb, 0x00, 0x02, 0x1f, 0xff, 0xff, 0xfe, 0x00, 0x03, 0x03, 0xff, 0xff, 0xe0, 0xfb, 0x00, 0x02, 0x1f, 0xff,
  0xff, 0xfe, 0x00, 0x03, 0x03, 0xff, 0xff, 0xe0, 0xfb, 0x00, 0x02, 0x1f, 0xff, 0xff, 0xfe, 0x00, 0x03, 0x03, 0xff, 0xff, 0xe0, 0xfb, 0x00, 0x02,
  0x1f, 0xff, 0xff, 0xfe, 0x00, 0x03, 0x03, 0xff, 0xff, 0xe0, 0xfb, 0x00, 0x02, 0x1f, 0xff, 0xff, 0xfe, 0x00, 0x03, 0x03, 0xff, 0xff, 0xe0, 0xfb,
  0x00, 0x02, 0x0f, 0xff, 0xff, 0xfe, 0x00, 0x03, 0x03, 0xff, 0xff, 0xe0, 0xfb, 0x00, 0x02, 0x0f, 0xff, 0xff, 0xfe, 0x00, 0x03, 0x03, 0xff, 0xff,
  0xc0, 0xfb, 0x00, 0x02, 0x0f, 0xff, 0xff, 0xfe, 0x00, 0x03, 0x03, 0xff, 0xff, 0xc0, 0xfb, 0x00, 0x02, 0x0f, 0xff, 0xff, 0xfe, 0x00, 0x03, 0x03,
  0xff, 0xff, 0xc0, 0xfb, 0x00, 0x02, 0x0f, 0xff, 0xff, 0xfe, 0x00, 0x03, 0x03, 0xff, 0xff, 0xc0, 0xfb, 0x00, 0x02, 0x0f, 0xff, 0xff, 0xfe, 0x00,
  0x03, 0x03, 0xff, 0xff, 0xc0, 0xfb, 0x00, 0x02, 0x07, 0xff, 0xff, 0xfe, 0x00, 0x03, 0x03, 0xff, 0xff, 0x80, 0xfb, 0x00, 0x09, 0x07, 0xff, 0xff,
  0x00, 0x00, 0x1e, 0x03, 0xff, 0xff, 0x80, 0xfb, 0x00, 0x09, 0x07, 0xff, 0xff, 0x07, 0x80, 0x3e, 0x03, 0xff, 0xff, 0x80, 0xfb, 0x00, 0x08, 0x03,
  0xff, 0xff, 0x07, 0xe0, 0x7f, 0x01, 0xff, 0xff, 0xfa, 0x00, 0x08, 0x03, 0xff, 0xfe, 0x07, 0xff, 0xff, 0x01, 0xff, 0xfe, 0xf9, 0x00, 0x07, 0xff,
  0xfc, 0x07, 0xff, 0xfe, 0x00, 0x7f, 0xfc, 0xf9, 0x00, 0x07, 0x7f, 0xf8, 0x07, 0xff, 0xfe, 0x00, 0x3f, 0xf0, 0xf9, 0x00, 0x04, 0x03, 0x00, 0x03,
  0xff, 0xfc, 0xf4, 0x00, 0x02, 0x01, 0xff, 0xfc, 0xf3, 0x00, 0x01, 0xff, 0xf0, 0xf3, 0x00, 0x01, 0x3f, 0xe0, 0xf3, 0x00, 0x00, 0x02, 0x81, 0x00,
  0x81, 0x00, 0xb9, 0x00, 0x81, 0x00, 0xdd, 0x00, 0x01, 0x7f, 0xf0, 0xfd, 0x00, 0x01, 0x7f, 0xfc, 0xfa, 0x00, 0x02, 0x01, 0xff, 0xfc, 0xfd, 0x00,
  0x01, 0xff, 0xfe, 0xfa, 0x00, 0x02, 0x03, 0xff, 0xfe, 0xfe, 0x00, 0x02, 0x01, 0xff, 0xff, 0xfa, 0x00, 0x02, 0x07, 0xff, 0xff, 0xfe, 0x00, 0x03,
  0x03, 0xff, 0xff, 0x80, 0xfb, 0x00, 0x02, 0x07, 0xff, 0xff, 0xfe, 0x00, 0x03, 0x03, 0xff, 0xff, 0x80, 0xfb, 0x00, 0x02, 0x0f, 0xff, 0xff, 0xfe,
  0x00, 0x03, 0x03, 0xff, 0xff, 0xc0, 0xfb, 0x00, 0x09, 0x0f, 0xff, 0xff, 0x80, 0x00, 0x00, 0x07, 0xff, 0xff, 0xc0, 0xfb, 0x00, 0x02, 0x0f, 0xff,
  0xff, 0xfe, 0x00, 0x03, 0x07, 0xff, 0xff, 0xc0, 0xfb, 0x00, 0x09, 0x0f, 0xff, 0xff, 0x80, 0x00, 0x00, 0x07, 0xff, 0xff, 0xc0, 0xfb, 0x00, 0x09,
  0x0f, 0xff, 0xff, 0x80, 0x00, 0x00, 0x07, 0xff, 0xff, 0xe0, 0xfb, 0x00, 0x09, 0x1f, 0xff, 0xff, 0x80, 0x00, 0x00, 0x07, 0xff, 0xff, 0xe0, 0xfb,
  0x00, 0x02, 0x1f, 0xff, 0xff, 0xfe, 0x00, 0x03, 0x03, 0xff, 0xff, 0xe0, 0xfb, 0x00, 0x02, 0x1f, 0xff, 0xff, 0xfe, 0x00, 0x03, 0x03, 0xff, 0xff,
  0xe0, 0xfb, 0x00, 0x02, 0x1f, 0xff, 0xff, 0xfe, 0x00, 0x03, 0x03, 0xff, 0xff, 0xe0, 0xfb, 0x00, 0x02, 0x1f, 0xff, 0xff, 0xfe, 0x00, 0x03, 0x03,
  0xff, 0xff, 0xe0, 0xfb, 0x00, 0x02, 0x1f, 0xff, 0xff, 0xfe, 0x00, 0x03, 0x03, 0xff, 0xff, 0xe0, 0xfb, 0x00, 0x02, 0x0f, 0xff, 0xff, 0xfe, 0x00,
  0x03, 0x03, 0xff, 0xff, 0xe0, 0xfb, 0x00, 0x02, 0x0f, 0xff, 0xff, 0xfe, 0x00, 0x03, 0x03, 0xff, 0xff, 0xc0, 0xfb, 0x00, 0x09, 0x0f, 0xff, 0xff,
  0x00, 0x00, 0x0e, 0x03, 0xff, 0xff, 0xc0, 0xfb, 0x00, 0x09, 0x0f, 0xff, 0xff, 0x00, 0x00, 0x1f, 0x03, 0xff, 0xff, 0xc0, 0xfb, 0x00, 0x09, 0x0f,
  0xff, 0xff, 0x00, 0x00, 0x1f, 0x83, 0xff, 0xff, 0xc0, 0xfb, 0x00, 0x09, 0x0f, 0xff, 0xff, 0x00, 0x00, 0x1f, 0x83, 0xff, 0xff, 0xc0, 0xfb, 0x00,
  0x09, 0x07, 0xff, 0xff, 0x00, 0x00, 0x1f, 0x83, 0xff, 0xff, 0x80, 0xfb, 0x00, 0x09, 0x07, 0xff, 0xff, 0x03, 0x00, 0x3f, 0x83, 0xff, 0xff, 0x80,
  0xfb, 0x00, 0x09, 0x07, 0xff, 0xff, 0x07, 0xc0, 0x7f, 0x83, 0xff, 0xff, 0x80, 0xfb, 0x00, 0x08, 0x03, 0xff, 0xff, 0x07, 0xf0, 0x7f, 0x83, 0xff,
  0xff, 0xfa, 0x00, 0x08, 0x03, 0xff, 0xfe, 0x07, 0xff, 0xff, 0x81, 0xff, 0xfe, 0xfa, 0x00, 0x08, 0x01, 0xff, 0xfc, 0x07, 0xff, 0xff, 0x00, 0x7f,
  0xfc, 0xf9, 0x00, 0x07, 0x7f, 0xf8, 0x03, 0xff, 0xfe, 0x00, 0x3f, 0xf0, 0xf9, 0x00, 0x04, 0x03, 0x00, 0x03, 0xff, 0xfe, 0xf4, 0x00, 0x02, 0x01,
  0xff, 0xfc, 0xf3, 0x00, 0x01, 0xff, 0xf8, 0xf3, 0x00, 0x01, 0x3f, 0xe0, 0x81, 0x00, 0x81, 0x00, 0xaa, 0x00, 0x81, 0x00, 0xe7, 0x00, 0x00, 0x02,
  0xf8, 0x00, 0x01, 0x7f, 0xf0, 0xfd, 0x00, 0x01, 0x7f, 0xfc, 0xfa, 0x00, 0x02, 0x01, 0xff, 0xfc, 0xfd, 0x00, 0x01, 0xff, 0xfe, 0xfa, 0x00, 0x02,
  0x03, 0xff, 0xfe, 0xfe, 0x00, 0x02, 0x01, 0xff, 0xff, 0xfa, 0x00, 0x02, 0x07, 0xff, 0xff, 0xfe, 0x00, 0x03, 0x03, 0xff, 0xff, 0x80, 0xfb, 0x00,
  0x02, 0x07, 0xff, 0xff, 0xfe, 0x00, 0x03, 0x03, 0xff, 0xff, 0x80, 0xfb, 0x00, 0x02, 0x0f, 0xff, 0xff, 0xfe, 0x00, 0x03, 0x03, 0xff, 0xff, 0xc0,
  0xfb, 0x00, 0x02, 0x0f, 0xff, 0xff, 0xfe, 0x00, 0x03, 0x07, 0xff, 0xff, 0xc0, 0xfb, 0x00, 0x02, 0x0f, 0xff, 0xff, 0xfe, 0x00, 0x03, 0x07, 0xff,
  0xff, 0xc0, 0xfb, 0x00, 0x09, 0x0f, 0xff, 0xff, 0x80, 0x00, 0x00, 0x07, 0xff, 0xff, 0xc0, 0xfb, 0x00, 0x09, 0x0f, 0xff, 0xff, 0x80, 0x00, 0x00,
  0x07, 0xff, 0xff, 0xe0, 0xfb, 0x00, 0x09, 0x1f, 0xff, 0xff, 0x80, 0x00, 0x00, 0x07, 0xff, 0xff, 0xe0, 0xfb, 0x00, 0x02, 0x1f, 0xff, 0xff, 0xfe,
  0x00, 0x03, 0x03, 0xff, 0xff, 0xe0, 0xfb, 0x00, 0x09, 0x1f, 0xff, 0xff, 0x00, 0x01, 0xc0, 0x03, 0xff, 0xff, 0xe0, 0xfb, 0x00, 0x09, 0x1f, 0xff,
  0xff, 0x00, 0x03, 0xf0, 0x03, 0xff, 0xff, 0xe0, 0xfb, 0x00, 0x09, 0x1f, 0xff, 0xff, 0x00, 0x07, 0xfc, 0x03, 0xff, 0xff, 0xe0, 0xfb, 0x00, 0x09,
  0x1f, 0xff, 0xff, 0x00, 0x07, 0xfe, 0x03, 0xff, 0xff, 0xe0, 0xfb, 0x00, 0x09, 0x0f, 0xff, 0xff, 0x00, 0x07, 0xff, 0x03, 0xff, 0xff, 0xe0, 0xfb,
  0x00, 0x09, 0x0f, 0xff, 0xff, 0x00, 0x03, 0xff, 0x03, 0xff, 0xff, 0xc0, 0xfb, 0x00, 0x09, 0x0f, 0xff, 0xff, 0x00, 0x01, 0xff, 0x83, 0xff, 0xff,
  0xc0, 0xfb, 0x00, 0x09, 0x0f, 0xff, 0xff, 0x00, 0x00, 0x7f, 0x83, 0xff, 0xff, 0xc0, 0xfb, 0x00, 0x09, 0x0f, 0xff, 0xff, 0x00, 0x00, 0x3f, 0xc3,
  0xff, 0xff, 0xc0, 0xfb, 0x00, 0x09, 0x0f, 0xff, 0xff, 0x00, 0x00, 0x3f, 0xc3, 0xff, 0xff, 0xc0, 0xfb, 0x00, 0x09, 0x07, 0xff, 0xff, 0x00, 0x00,
  0x3f, 0xc3, 0xff, 0xff, 0x80, 0xfb, 0x00, 0x09, 0x07, 0xff, 0xff, 0x00, 0x00, 0x3f, 0xc3, 0xff, 0xff, 0x80, 0xfb, 0x00, 0x09, 0x07, 0xff, 0xff,
  0x03, 0xe0, 0x7f, 0xc3, 0xff, 0xff, 0x80, 0xfb, 0x00, 0x08, 0x03, 0xff, 0xff, 0x07, 0xf8, 0xff, 0x81, 0xff, 0xff, 0xfa, 0x00, 0x08, 0x03, 0xff,
  0xfe, 0x07, 0xff, 0xff, 0x81, 0xff, 0xfe, 0xfa, 0x00, 0x08, 0x01, 0xff, 0xfc, 0x03, 0xff, 0xff, 0x00, 0x7f, 0xfc, 0xf9, 0x00, 0x07, 0x7f, 0xf8,
  0x03, 0xff, 0xff, 0x00, 0x3f, 0xf0, 0xf9, 0x00, 0x04, 0x03, 0x00, 0x03, 0xff, 0xfe, 0xf4, 0x00, 0x02, 0x01, 0xff, 0xfc, 0xf3, 0x00, 0x01, 0x7f,
  0xf8, 0xf3, 0x00, 0x01, 0x3f, 0xe0, 0x81, 0x00, 0x81, 0x00, 0xaa, 0x00, 0x81, 0x00, 0xdd, 0x00, 0x01, 0x7f, 0xe0, 0xfd, 0x00, 0x01, 0x3f, 0xf8,
  0xfa, 0x00, 0x02, 0x01, 0xff, 0xf8, 0xfd, 0x00, 0x01, 0xff, 0xfe, 0xfa, 0x00, 0x08, 0x03, 0xff, 0xfe, 0x01, 0xf0, 0x00, 0x01, 0xff, 0xff, 0xfa,
  0x00, 0x09, 0x07, 0xff, 0xff, 0x03, 0xf8, 0x00, 0x03, 0xff, 0xff, 0x80, 0xfb, 0x00, 0x09, 0x07, 0xff, 0xff, 0x07, 0xfc, 0x00, 0x03, 0xff, 0xff,
  0x80, 0xfb, 0x00, 0x09, 0x0f, 0xff, 0xff, 0x07, 0xfc, 0x00, 0x03, 0xff, 0xff, 0xc0, 0xfb, 0x00, 0x09, 0x0f, 0xff, 0xff, 0x07, 0xfc, 0x00, 0x07,
  0xff, 0xff, 0xc0, 0xfb, 0x00, 0x09, 0x0f, 0xff, 0xff, 0x07, 0xfc, 0x00, 0x07, 0xff, 0xff, 0xc0, 0xfb, 0x00, 0x09, 0x0f, 0xff, 0xff, 0x0f, 0xfc,
  0x00, 0x07, 0xff, 0xff, 0xc0, 0xfb, 0x00, 0x09, 0x0f, 0xff, 0xff, 0x07, 0xfc, 0x00, 0x07, 0xff, 0xff, 0xe0, 0xfb, 0x00, 0x09, 0x1f, 0xff, 0xff,
  0x07, 0xfc, 0x00, 0x07, 0xff, 0xff, 0xe0, 0xfb, 0x00, 0x09, 0x1f, 0xff, 0xff, 0x87, 0xfe, 0x00, 0x03, 0xff, 0xff, 0xe0, 0xfb, 0x00, 0x09, 0x1f,
  0xff, 0xff, 0x03, 0xff, 0x80, 0x03, 0xff, 0xff, 0xe0, 0xfb, 0x00, 0x09, 0x1f, 0xff, 0xff, 0x03, 0xff, 0xe0, 0x03, 0xff, 0xff, 0xe0, 0xfb, 0x00,
  0x09, 0x1f, 0xff, 0xff, 0x01, 0xff, 0xf8, 0x03, 0xff, 0xff, 0xe0, 0xfb, 0x00, 0x09, 0x1f, 0xff, 0xff, 0x00, 0x7f, 0xfe, 0x03, 0xff, 0xff, 0xe0,
  0xfb, 0x00, 0x09, 0x0f, 0xff, 0xff, 0x00, 0x3f, 0xff, 0x03, 0xff, 0xff, 0xe0, 0xfb, 0x00, 0x09, 0x0f, 0xff, 0xff, 0x00, 0x0f, 0xff, 0x83, 0xff,
  0xff, 0xc0, 0xfb, 0x00, 0x09, 0x0f, 0xff, 0xff, 0x00, 0x03, 0xff, 0xc3, 0xff, 0xff, 0xc0, 0xfb, 0x00, 0x09, 0x0f, 0xff, 0xff, 0x00, 0x00, 0xff,
  0xc3, 0xff, 0xff, 0xc0, 0xfb, 0x00, 0x09, 0x0f, 0xff, 0xff, 0x00, 0x00, 0x7f, 0xc3, 0xff, 0xff, 0xc0, 0xfb, 0x00, 0x09, 0x0f, 0xff, 0xff, 0x00,
  0x00, 0x7f, 0xe3, 0xff, 0xff, 0xc0, 0xfb, 0x00, 0x09, 0x0f, 0xff, 0xff, 0x00, 0x00, 0x7f, 0xe3, 0xff, 0xff, 0x80, 0xfb, 0x00, 0x09, 0x07, 0xff,
  0xff, 0x00, 0xe0, 0xff, 0xe3, 0xff, 0xff, 0x80, 0xfb, 0x00, 0x09, 0x07, 0xff, 0xff, 0x03, 0xff, 0xff, 0xe3, 0xff, 0xff, 0x80, 0xfb, 0x00, 0x08,
  0x03, 0xff, 0xff, 0x03, 0xff, 0xff, 0xc3, 0xff, 0xff, 0xfa, 0x00, 0x08, 0x03, 0xff, 0xfe, 0x03, 0xff, 0xff, 0xc1, 0xff, 0xfe, 0xfa, 0x00, 0x08,
  0x01, 0xff, 0xfc, 0x03, 0xff, 0xff, 0x80, 0xff, 0xfc, 0xf9, 0x00, 0x07, 0x7f, 0xf8, 0x01, 0xff, 0xff, 0x00, 0x3f, 0xf0, 0xf9, 0x00, 0x04, 0x03,
  0x00, 0x01, 0xff, 0xff, 0xf3, 0x00, 0x01, 0xff, 0xfe, 0xf3, 0x00, 0x01, 0x7f, 0xf8, 0xf3, 0x00, 0x01, 0x0f, 0xf0, 0x81, 0x00, 0x81, 0x00, 0xaa,
  0x00, 0x9a, 0x00, 0x01, 0x1f, 0xe0, 0xf3, 0x00, 0x01, 0x7f, 0xf8, 0xf3, 0x00, 0x01, 0xff, 0xfc, 0xf4, 0x00, 0x04, 0x01, 0xff, 0xfe, 0x00, 0x02,
  0xf8, 0x00, 0x07, 0x7f, 0xf0, 0x03, 0xff, 0xfe, 0x00, 0x7f, 0xfc, 0xfa, 0x00, 0x08, 0x01, 0xff, 0xfc, 0x07, 0xff, 0xff, 0x00, 0xff, 0xfe, 0xfa,
  0x00, 0x08, 0x03, 0xff, 0xfe, 0x07, 0xff, 0xfe, 0x01, 0xff, 0xff, 0xfa, 0x00, 0x09, 0x07, 0xff, 0xff, 0x07, 0xff, 0xfe, 0x03, 0xff, 0xff, 0x80,
  0xfb, 0x00, 0x09, 0x07, 0xff, 0xff, 0x07, 0xff, 0xfe, 0x03, 0xff, 0xff, 0x80, 0xfb, 0x00, 0x09, 0x0f, 0xff, 0xff, 0x0f, 0xff, 0xfe, 0x03, 0xff,
  0xff, 0xc0, 0xfb, 0x00, 0x09, 0x0f, 0xff, 0xff, 0x8f, 0xff, 0xfe, 0x07, 0xff, 0xff, 0xc0, 0xfb, 0x00, 0x09, 0x0f, 0xff, 0xff, 0x8f, 0xff, 0xfc,
  0x07, 0xff, 0xff, 0xc0, 0xfb, 0x00, 0x09, 0x0f, 0xff, 0xff, 0x8f, 0xff, 0xf8, 0x07, 0xff, 0xff, 0xc0, 0xfb, 0x00, 0x09, 0x0f, 0xff, 0xff, 0x8f,
  0xff, 0x80, 0x07, 0xff, 0xff, 0xe0, 0xfb, 0x00, 0x09, 0x1f, 0xff, 0xff, 0x87, 0xff, 0xc0, 0x07, 0xff, 0xff, 0xe0, 0xfb, 0x00, 0x09, 0x1f, 0xff,
  0xff, 0x87, 0xff, 0xf0, 0x03, 0xff, 0xff, 0xe0, 0xfb, 0x00, 0x09, 0x1f, 0xff, 0xff, 0x07, 0xff, 0xfc, 0x03, 0xff, 0xff, 0xe0, 0xfb, 0x00, 0x09,
  0x1f, 0xff, 0xff, 0x03, 0xff, 0xfe, 0x03, 0xff, 0xff, 0xe0, 0xfb, 0x00, 0x09, 0x1f, 0xff, 0xff, 0x01, 0xff, 0xff, 0x03, 0xff, 0xff, 0xe0, 0xfb,
  0x00, 0x09, 0x1f, 0xff, 0xff, 0x00, 0xff, 0xff, 0x83, 0xff, 0xff, 0xe0, 0xfb, 0x00, 0x09, 0x0f, 0xff, 0xff, 0x00, 0x3f, 0xff, 0xc3, 0xff, 0xff,
  0xe0, 0xfb, 0x00, 0x09, 0x0f, 0xff, 0xff, 0x00, 0x0f, 0xff, 0xc3, 0xff, 0xff, 0xc0, 0xfb, 0x00, 0x09, 0x0f, 0xff, 0xff, 0x00, 0x03, 0xff, 0xe3,
  0xff, 0xff, 0xc0, 0xfb, 0x00, 0x09, 0x0f, 0xff, 0xff, 0x00, 0x01, 0xff, 0xe3, 0xff, 0xff, 0xc0, 0xfb, 0x00, 0x09, 0x0f, 0xff, 0xff, 0x00, 0x00,
  0xff, 0xe3, 0xff, 0xff, 0xc0, 0xfb, 0x00, 0x09, 0x0f, 0xff, 0xff, 0x00, 0x3d, 0xff, 0xe3, 0xff, 0xff, 0xc0, 0xfb, 0x00, 0x09, 0x07, 0xff, 0xff,
  0x00, 0x7f, 0xff, 0xe3, 0xff, 0xff, 0x80, 0xfb, 0x00, 0x09, 0x07, 0xff, 0xff, 0x00, 0x7f, 0xff, 0xe3, 0xff, 0xff, 0x80, 0xfb, 0x00, 0x09, 0x07,
  0xff, 0xff, 0x00, 0x7f, 0xff, 0xe3, 0xff, 0xff, 0x80, 0xfb, 0x00, 0x08, 0x03, 0xff, 0xff, 0x00, 0x7f, 0xff, 0xe1, 0xff, 0xff, 0xfa, 0x00, 0x08,
  0x03, 0xff, 0xfe, 0x00, 0x7f, 0xff, 0xc1, 0xff, 0xfe, 0xfa, 0x00, 0x08, 0x01, 0xff, 0xfc, 0x00, 0x7f, 0xff, 0x80, 0x7f, 0xfc, 0xf9, 0x00, 0x07,
  0x7f, 0xf8, 0x00, 0x7f, 0xff, 0x80, 0x3f, 0xf0, 0xf9, 0x00, 0x04, 0x03, 0x00, 0x00, 0x7f, 0xff, 0xf3, 0x00, 0x01, 0x3f, 0xfc, 0xf3, 0x00, 0x01,
  0x07, 0xc0, 0x81, 0x00, 0x81, 0x00, 0x9a, 0x00, 0x9a, 0x00, 0x00, 0x06, 0xf2, 0x00, 0x01, 0x3f, 0xf0, 0xf3, 0x00, 0x01, 0x7f, 0xfc, 0xf5, 0x00,
  0x03, 0x7e, 0x01, 0xff, 0xfc, 0xf6, 0x00, 0x07, 0x7f, 0xff, 0x03, 0xff, 0xfe, 0x00, 0x3f, 0xf8, 0xfa, 0x00, 0x08, 0x03, 0xff, 0xff, 0x83, 0xff,
  0xfe, 0x00, 0xff, 0xfe, 0xfa, 0x00, 0x08, 0x03, 0xff, 0xff, 0x87, 0xff, 0xfe, 0x01, 0xff, 0xff, 0xfa, 0x00, 0x09, 0x07, 0xff, 0xff, 0x87, 0xff,
  0xfe, 0x03, 0xff, 0xff, 0x80, 0xfb, 0x00, 0x09, 0x0f, 0xff, 0xff, 0xcf, 0xff, 0xfe, 0x03, 0xff, 0xff, 0x80, 0xfb, 0x00, 0x09, 0x0f, 0xff, 0xff,
  0xcf, 0xff, 0xfe, 0x03, 0xff, 0xff, 0xc0, 0xfb, 0x00, 0x09, 0x0f, 0xff, 0xff, 0xcf, 0xff, 0xfc, 0x07, 0xff, 0xff, 0xc0, 0xfb, 0x00, 0x09, 0x0f,
  0xff, 0xff, 0xcf, 0xff, 0xfc, 0x07, 0xff, 0xff, 0xc0, 0xfb, 0x00, 0x09, 0x0f, 0xff, 0xff, 0x8f, 0xff, 0xf8, 0x07, 0xff, 0xff, 0xc0, 0xfb, 0x00,
  0x09, 0x1f, 0xff, 0xff, 0x8f, 0xff, 0x00, 0x07, 0xff, 0xff, 0xe0, 0xfb, 0x00, 0x09, 0x1f, 0xff, 0xff, 0x0f, 0xff, 0x80, 0x07, 0xff, 0xff, 0xe0,
  0xfb, 0x00, 0x09, 0x1f, 0xff, 0xff, 0x07, 0xff, 0xe0, 0x03, 0xff, 0xff, 0xe0, 0xfb, 0x00, 0x09, 0x1f, 0xff, 0xff, 0x07, 0xff, 0xf8, 0x03, 0xff,
  0xff, 0xe0, 0xfb, 0x00, 0x09, 0x1f, 0xff, 0xff, 0x03, 0xff, 0xfc, 0x03, 0xff, 0xff, 0xe0, 0xfb, 0x00, 0x09, 0x1f, 0xff, 0xff, 0x01, 0xff, 0xfe,
  0x03, 0xff, 0xff, 0xe0, 0xfb, 0x00, 0x09, 0x1f, 0xff, 0xff, 0x00, 0xff, 0xff, 0x03, 0xff, 0xff, 0xe0, 0xfb, 0x00, 0x09, 0x1f, 0xff, 0xff, 0x00,
  0x7f, 0xff, 0x83, 0xff, 0xff, 0xe0, 0xfb, 0x00, 0x09, 0x1f, 0xff, 0xff, 0x00, 0x1f, 0xff, 0xc3, 0xff, 0xff, 0xc0, 0xfb, 0x00, 0x09, 0x0f, 0xff,
  0xff, 0x00, 0x07, 0xff, 0xc3, 0xff, 0xff, 0xc0, 0xfb, 0x00, 0x09, 0x0f, 0xff, 0xff, 0x00, 0x01, 0xff, 0xe3, 0xff, 0xff, 0xc0, 0xfb, 0x00, 0x09,
  0x0f, 0xff, 0xfe, 0x00, 0x00, 0xff, 0xe3, 0xff, 0xff, 0xc0, 0xfb, 0x00, 0x09, 0x0f, 0xff, 0xfe, 0x00, 0x3b, 0xff, 0xe3, 0xff, 0xff, 0xc0, 0xfb,
  0x00, 0x09, 0x0f, 0xff, 0xfe, 0x00, 0x7f, 0xff, 0xe3, 0xff, 0xff, 0x80, 0xfb, 0x00, 0x09, 0x07, 0xff, 0xfe, 0x00, 0xff, 0xff, 0xe3, 0xff, 0xff,
  0x80, 0xfb, 0x00, 0x09, 0x07, 0xff, 0xfe, 0x00, 0xff, 0xff, 0xe3, 0xff, 0xff, 0x80, 0xfb, 0x00, 0x08, 0x03, 0xff, 0xfc, 0x00, 0xff, 0xff, 0xe3,
  0xff, 0xff, 0xfa, 0x00, 0x08, 0x01, 0xff, 0xf8, 0x00, 0xff, 0xff, 0xc1, 0xff, 0xfe, 0xf9, 0x00, 0x07, 0x7f, 0xf0, 0x00, 0xff, 0xff, 0x80, 0xff,
  0xfc, 0xf6, 0x00, 0x04, 0xff, 0xff, 0x80, 0x3f, 0xf8, 0xf6, 0x00, 0x01, 0xff, 0xff, 0xf3, 0x00, 0x01, 0x3f, 0xfc, 0xf3, 0x00, 0x01, 0x07, 0xe0,
  0x81, 0x00, 0x81, 0x00, 0x9a, 0x00, 0x8b, 0x00, 0x02, 0xf0, 0x1f, 0xf0, 0xf5, 0x00, 0x03, 0x1f, 0xfe, 0x7f, 0xf8, 0xf6, 0x00, 0x00, 0x7f, 0xfe,
  0xff, 0x00, 0xfc, 0xf7, 0x00, 0x00, 0x01, 0xfd, 0xff, 0x03, 0xfe, 0x00, 0x7f, 0xf8, 0xfa, 0x00, 0x00, 0x07, 0xfd, 0xff, 0x03, 0xfe, 0x00, 0xff,
  0xfe, 0xfa, 0x00, 0x00, 0x07, 0xfd, 0xff, 0x03, 0xfe, 0x01, 0xff, 0xff, 0xfa, 0x00, 0x00, 0x07, 0xfd, 0xff, 0x04, 0xfe, 0x03, 0xff, 0xff, 0x80,
  0xfb, 0x00, 0x00, 0x0f, 0xfd, 0xff, 0x04, 0xfc, 0x03, 0xff, 0xff, 0x80, 0xfb, 0x00, 0x00, 0x0f, 0xfd, 0xff, 0x04, 0xfc, 0x03, 0xff, 0xff, 0xc0,
  0xfb, 0x00, 0x00, 0x0f, 0xfd, 0xff, 0x04, 0xfc, 0x07, 0xff, 0xff, 0xc0, 0xfb, 0x00, 0x00, 0x0f, 0xfd, 0xff, 0x04, 0xfc, 0x07, 0xff, 0xff, 0xc0,
  0xfb, 0x00, 0x09, 0x1f, 0xff, 0xff, 0x8f, 0xff, 0x98, 0x07, 0xff, 0xff, 0xc0, 0xfb, 0x00, 0x09, 0x1f, 0xff, 0xff, 0x8f, 0xff, 0x00, 0x07, 0xff,
  0xff, 0xe0, 0xfb, 0x00, 0x09, 0x1f, 0xff, 0xff, 0x0f, 0xff, 0x00, 0x07, 0xff, 0xff, 0xe0, 0xfb, 0x00, 0x09, 0x1f, 0xff, 0xff, 0x0f, 0xff, 0xc0,
  0x03, 0xff, 0xff, 0xe0, 0xfb, 0x00, 0x09, 0x1f, 0xff, 0xff, 0x07, 0xff, 0xf8, 0x03, 0xff, 0xff, 0xe0, 0xfb, 0x00, 0x09, 0x1f, 0xff, 0xff, 0x03,
  0xff, 0xfc, 0x03, 0xff, 0xff, 0xe0, 0xfb, 0x00, 0x09, 0x1f, 0xff, 0xff, 0x03, 0xff, 0xfe, 0x03, 0xff, 0xff, 0xe0, 0xfb, 0x00, 0x09, 0x1f, 0xff,
  0xff, 0x00, 0xff, 0xff, 0x03, 0xff, 0xff, 0xe0, 0xfb, 0x00, 0x09, 0x1f, 0xff, 0xff, 0x00, 0x7f, 0xff, 0x83, 0xff, 0xff, 0xe0, 0xfb, 0x00, 0x09,
  0x1f, 0xff, 0xff, 0x00, 0x1f, 0xff, 0xc3, 0xff, 0xff, 0xc0, 0xfb, 0x00, 0x09, 0x0f, 0xff, 0xff, 0x00, 0x07, 0xff, 0xc3, 0xff, 0xff, 0xc0, 0xfb,
  0x00, 0x09, 0x0f, 0xff, 0xfe, 0x00, 0x01, 0xff, 0xc3, 0xff, 0xff, 0xc0, 0xfb, 0x00, 0x09, 0x0f, 0xff, 0xfe, 0x00, 0x00, 0xff, 0xe3, 0xff, 0xff,
  0xc0, 0xfb, 0x00, 0x09, 0x0f, 0xff, 0xfe, 0x00, 0x21, 0xff, 0xe3, 0xff, 0xff, 0xc0, 0xfb, 0x00, 0x09, 0x0f, 0xff, 0xfe, 0x00, 0x7f, 0xff, 0xe3,
  0xff, 0xff, 0x80, 0xfb, 0x00, 0x09, 0x07, 0xff, 0xfe, 0x00, 0xff, 0xff, 0xe3, 0xff, 0xff, 0x80, 0xfb, 0x00, 0x09, 0x03, 0xff, 0xfe, 0x00, 0xff,
  0xff, 0xe3, 0xff, 0xff, 0x80, 0xfb, 0x00, 0x08, 0x03, 0xff, 0xfc, 0x00, 0xff, 0xff, 0xc3, 0xff, 0xff, 0xfa, 0x00, 0x08, 0x01, 0xff, 0xf8, 0x00,
  0xff, 0xff, 0xc1, 0xff, 0xfe, 0xf9, 0x00, 0x07, 0x7f, 0xe0, 0x00, 0xff, 0xff, 0x80, 0x7f, 0xfc, 0xf6, 0x00, 0x04, 0xff, 0xff, 0x80, 0x3f, 0xf0,
  0xf6, 0x00, 0x01, 0xff, 0xff, 0xf3, 0x00, 0x01, 0x7f, 0xfc, 0xf3, 0x00, 0x01, 0x07, 0xe0, 0x81, 0x00, 0x81, 0x00, 0x9a, 0x00,
};
