// happy.gif: 75 frames, 15 fps, 128x64 1-bit
// Each frame: 1024 bytes (16 per row, MSB = left pixel), PackBits-compressed.
#pragma once

#define ANIM_HAPPY_FRAMES 75
#define ANIM_HAPPY_FPS 15

const uint8_t anim_happy[] PROGMEM = {
  0x81, 0x00, 0xb7, 0x00, 0x01, 0x3f, 0xf8, 0xf9, 0x00, 0x01, 0xff, 0xf8, 0xfd, 0x00, 0x01, 0xff, 0xfe, 0xfa, 0x00, 0x02, 0x03, 0xff, 0xfc, 0xfe,
  0x00, 0x02, 0x01, 0xff, 0xff, 0xfa, 0x00, 0x02, 0x03, 0xff, 0xfe, 0xfe, 0x00, 0x03, 0x01, 0xff, 0xff, 0x80, 0xfb, 0x00, 0x02, 0x07, 0xff, 0xff,
  0xfe, 0x00, 0x03, 0x03, 0xff, 0xff, 0x80, 0xfb, 0x00, 0x02, 0x07, 0xff, 0xff, 0xfe, 0x00, 0x03, 0x03, 0xff, 0xff, 0xc0, 0xfb, 0x00, 0x09, 0x07,
  0xff, 0xff, 0x80, 0x00, 0x00, 0x03, 0xff, 0xff, 0xc0, 0xfb, 0x00, 0x09, 0x0f, 0xff, 0xff, 0x80, 0x00, 0x00, 0x03, 0xff, 0xff, 0xc0, 0xfb, 0x00,
  0x09, 0x0f, 0xff, 0xff, 0x80, 0x00, 0x00, 0x03, 0xff, 0xff, 0xe0, 0xfb, 0x00, 0x09, 0x0f, 0xff, 0xff, 0x80, 0x00, 0x00, 0x03, 0xff, 0xff, 0xe0,
  0xfb, 0x00, 0x09, 0x0f, 0xff, 0xff, 0x80, 0x00, 0x00, 0x03, 0xff, 0xff, 0xe0, 0xfb, 0x00, 0x09, 0x0f, 0xff, 0xff, 0x80, 0x00, 0x00, 0x03, 0xff,
  0xff, 0xe0, 0xfb, 0x00, 0x02, 0x0f, 0xff, 0xff, 0xfe, 0x00, 0x03, 0x03, 0xff, 0xff, 0xe0, 0xfb, 0x00, 0x09, 0x0f, 0xff, 0xff, 0x80, 0x00, 0x00,
  0x03, 0xff, 0xff, 0xe0, 0xfb, 0x00, 0x02, 0x0f, 0xff, 0xff, 0xfe, 0x00, 0x03, 0x03, 0xff, 0xff, 0xe0, 0xfb, 0x00, 0x09, 0x0f, 0xff, 0xff, 0x80,
  0x00, 0x00, 0x03, 0xff, 0xff, 0xe0, 0xfb, 0x00, 0x02, 0x0f, 0xff, 0xff, 0xfe, 0x00, 0x03, 0x03, 0xff, 0xff, 0xe0, 0xfb, 0x00, 0x09, 0x0f, 0xff,
  0xff, 0x80, 0x00, 0x00, 0x03, 0xff, 0xff, 0xe0, 0xfb, 0x00, 0x09, 0x0f, 0xff, 0xff, 0x80, 0x00, 0x00, 0x03, 0xff, 0xff, 0xc0, 0xfb, 0x00, 0x09,
  0x0f, 0xff, 0xff, 0x80, 0x00, 0x00, 0x03, 0xff, 0xff, 0xc0, 0xfb, 0x00, 0x09, 0x0f, 0xff, 0xff, 0x80, 0x00, 0x00, 0x03, 0xff, 0xff, 0xc0, 0xfb,
  0x00, 0x09, 0x0f, 0xff, 0xff, 0x80, 0x00, 0x00, 0x03, 0xff, 0xff, 0xc0, 0xfb, 0x00, 0x09, 0x07, 0xff, 0xff, 0x80, 0x00, 0x00, 0x03, 0xff, 0xff,
  0x80, 0xfb, 0x00, 0x02, 0x07, 0xff, 0xff, 0xfe, 0x00, 0x03, 0x03, 0xff, 0xff, 0x80, 0xfb, 0x00, 0x09, 0x07, 0xff, 0xff, 0x00, 0x00, 0x02, 0x03,
  0xff, 0xff, 0x80, 0xfb, 0x00, 0x08, 0x03, 0xff, 0xff, 0x03, 0xe0, 0x0f, 0x01, 0xff, 0xff, 0xfa, 0x00, 0x08, 0x03, 0xff, 0xff, 0x03, 0xf8, 0x3f,
  0x81, 0xff, 0xff, 0xfa, 0x00, 0x08, 0x01, 0xff, 0xfe, 0x03, 0xff, 0xff, 0x80, 0xff, 0xfe, 0xf9, 0x00, 0x07, 0x7f, 0xf8, 0x03, 0xff, 0xff, 0x80,
  0x3f, 0xf8, 0xf9, 0x00, 0x04, 0x1f, 0xe0, 0x01, 0xff, 0xff, 0xf3, 0x00, 0x01, 0xff, 0xfe, 0xf3, 0x00, 0x01, 0x3f, 0xf8, 0xf3, 0x00, 0x00, 0x03,
  0x81, 0x00, 0x81, 0x00, 0xc9, 0x00, 0x81, 0x00, 0xb7, 0x00, 0x01, 0x1f, 0xf8, 0xf9, 0x00, 0x01, 0x7f, 0xf8, 0xfd, 0x00, 0x01, 0x7f, 0xfe, 0xfa,
  0x00, 0x02, 0x01, 0xff, 0xfc, 0xfe, 0x00, 0x02, 0x01, 0xff, 0xff, 0xfa, 0x00, 0x02, 0x03, 0xff, 0xfe, 0xfe, 0x00, 0x03, 0x01, 0xff, 0xff, 0x80,
  0xfb, 0x00, 0x02, 0x07, 0xff, 0xff, 0xfe, 0x00, 0x03, 0x03, 0xff, 0xff, 0x80, 0xfb, 0x00, 0x02, 0x07, 0xff, 0xff, 0xfe, 0x00, 0x03, 0x03, 0xff,
  0xff, 0xc0, 0xfb, 0x00, 0x09, 0x07, 0xff, 0xff, 0x80, 0x00, 0x00, 0x03, 0xff, 0xff, 0xc0, 0xfb, 0x00, 0x09, 0x0f, 0xff, 0xff, 0x80, 0x00, 0x00,
  0x03, 0xff, 0xff, 0xc0, 0xfb, 0x00, 0x09, 0x0f, 0xff, 0xff, 0x80, 0x00, 0x00, 0x03, 0xff, 0xff, 0xe0, 0xfb, 0x00, 0x09, 0x0f, 0xff, 0xff, 0x80,
  0x00, 0x00, 0x03, 0xff, 0xff, 0xe0, 0xfb, 0x00, 0x09, 0x0f, 0xff, 0xff, 0x80, 0x00, 0x00, 0x03, 0xff, 0xff, 0xe0, 0xfb, 0x00, 0x09, 0x0f, 0xff,
  0xff, 0x80, 0x00, 0x00, 0x03, 0xff, 0xff, 0xe0, 0xfb, 0x00, 0x02, 0x0f, 0xff, 0xff, 0xfe, 0x00, 0x03, 0x03, 0xff, 0xff, 0xe0, 0xfb, 0x00, 0x09,
  0x0f, 0xff, 0xff, 0x80, 0x00, 0x00, 0x03, 0xff, 0xff, 0xe0, 0xfb, 0x00, 0x02, 0x0f, 0xff, 0xff, 0xfe, 0x00, 0x03, 0x03, 0xff, 0xff, 0xe0, 0xfb,
  0x00, 0x09, 0x0f, 0xff, 0xff, 0x80, 0x00, 0x00, 0x03, 0xff, 0xff, 0xe0, 0xfb, 0x00, 0x02, 0x0f, 0xff, 0xff, 0xfe, 0x00, 0x03, 0x03, 0xff, 0xff,
  0xe0, 0xfb, 0x00, 0x09, 0x0f, 0xff, 0xff, 0x80, 0x00, 0x00, 0x03, 0xff, 0xff, 0xe0, 0xfb, 0x00, 0x09, 0x0f, 0xff, 0xff, 0x80, 0x00, 0x00, 0x03,
  0xff, 0xff, 0xc0, 0xfb, 0x00, 0x09, 0x0f, 0xff, 0xff, 0x80, 0x00, 0x00, 0x03, 0xff, 0xff, 0xc0, 0xfb, 0x00, 0x09, 0x0f, 0xff, 0xff, 0x80, 0x00,
  0x00, 0x03, 0xff, 0xff, 0xc0, 0xfb, 0x00, 0x09, 0x07, 0xff, 0xff, 0x80, 0x00, 0x00, 0x03, 0xff, 0xff, 0xc0, 0xfb, 0x00, 0x09, 0x07, 0xff, 0xff,
  0x80, 0x00, 0x00, 0x03, 0xff, 0xff, 0x80, 0xfb, 0x00, 0x02, 0x07, 0xff, 0xff, 0xfe, 0x00, 0x03, 0x03, 0xff, 0xff, 0x80, 0xfb, 0x00, 0x09, 0x07,
  0xff, 0xff, 0x00, 0x00, 0x02, 0x03, 0xff, 0xff, 0x80, 0xfb, 0x00, 0x08, 0x03, 0xff, 0xff, 0x03, 0xe0, 0x0f, 0x01, 0xff, 0xff, 0xfa, 0x00, 0x08,
  0x01, 0xff, 0xff, 0x03, 0xf8, 0x3f, 0x81, 0xff, 0xff, 0xfa, 0x00, 0x08, 0x01, 0xff, 0xfe, 0x03, 0xff, 0xff, 0x80, 0xff, 0xfe, 0xf9, 0x00, 0x07,
  0x7f, 0xfc, 0x03, 0xff, 0xff, 0x80, 0x3f, 0xf8, 0xf9, 0x00, 0x04, 0x1f, 0xe0, 0x01, 0xff, 0xff, 0xf3, 0x00, 0x01, 0xff, 0xfe, 0xf3, 0x00, 0x01,
  0x3f, 0xf8, 0xf3, 0x00, 0x00, 0x03, 0x81, 0x00, 0x81, 0x00, 0xc9, 0x00, 0x81, 0x00, 0xb7, 0x00, 0x01, 0x1f, 0xf8, 0xf9, 0x00, 0x01, 0x7f, 0xf8,
  0xfd, 0x00, 0x01, 0xff, 0xfe, 0xfa, 0x00, 0x02, 0x01, 0xff, 0xfc, 0xfe, 0x00, 0x02, 0x01, 0xff, 0xff, 0xfa, 0x00, 0x02, 0x03, 0xff, 0xfe, 0xfe,
  0x00, 0x03, 0x01, 0xff, 0xff, 0x80, 0xfb, 0x00, 0x02, 0x07, 0xff, 0xff, 0xfe, 0x00, 0x03, 0x03, 0xff, 0xff, 0x80, 0xfb, 0x00, 0x02, 0x07, 0xff,
  0xff, 0xfe, 0x00, 0x03, 0x03, 0xff, 0xff, 0xc0, 0xfb, 0x00, 0x09, 0x07, 0xff, 0xff, 0x80, 0x00, 0x00, 0x03, 0xff, 0xff, 0xc0, 0xfb, 0x00, 0x09,
  0x0f, 0xff, 0xff, 0x80, 0x00, 0x00, 0x03, 0xff, 0xff, 0xc0, 0xfb, 0x00, 0x09, 0x0f, 0xff, 0xff, 0x80, 0x00, 0x00, 0x03, 0xff, 0xff, 0xe0, 0xfb,
  0x00, 0x09, 0x0f, 0xff, 0xff, 0x80, 0x00, 0x00, 0x03, 0xff, 0xff, 0xe0, 0xfb, 0x00, 0x09, 0x0f, 0xff, 0xff, 0x80, 0x00, 0x00, 0x03, 0xff, 0xff,
  0xe0, 0xfb, 0x00, 0x09, 0x0f, 0xff, 0xff, 0x80, 0x00, 0x00, 0x03, 0xff, 0xff, 0xe0, 0xfb, 0x00, 0x09, 0x0f, 0xff, 0xff, 0x80, 0x00, 0x00, 0x03,
  0xff, 0xff, 0xe0, 0xfb, 0x00, 0x09, 0x0f, 0xff, 0xff, 0x80, 0x00, 0x00, 0x03, 0xff, 0xff, 0xe0, 0xfb, 0x00, 0x09, 0x0f, 0xff, 0xff, 0x80, 0x00,
  0x00, 0x03, 0xff, 0xff, 0xe0, 0xfb, 0x00, 0x09, 0x0f, 0xff, 0xff, 0x80, 0x00, 0x00, 0x03, 0xff, 0xff, 0xe0, 0xfb, 0x00, 0x09, 0x0f, 0xff, 0xff,
  0x80, 0x00, 0x00, 0x03, 0xff, 0xff, 0xe0, 0xfb, 0x00, 0x09, 0x0f, 0xff, 0xff, 0x80, 0x00, 0x00, 0x03, 0xff, 0xff, 0xe0, 0xfb, 0x00, 0x09, 0x0f,
  0xff, 0xff, 0x80, 0x00, 0x00, 0x03, 0xff, 0xff, 0xc0, 0xfb, 0x00, 0x09, 0x0f, 0xff, 0xff, 0x80, 0x00, 0x00, 0x03, 0xff, 0xff, 0xc0, 0xfb, 0x00,
  0x09, 0x0f, 0xff, 0xff, 0x80, 0x00, 0x00, 0x03, 0xff, 0xff, 0xc0, 0xfb, 0x00, 0x09, 0x0f, 0xff, 0xff, 0x80, 0x00, 0x00, 0x03, 0xff, 0xff, 0xc0,
  0xfb, 0x00, 0x09, 0x07, 0xff, 0xff, 0x80, 0x00, 0x00, 0x03, 0xff, 0xff, 0xc0, 0xfb, 0x00, 0x02, 0x07, 0xff, 0xff, 0xfe, 0x00, 0x03, 0x03, 0xff,
  0xff, 0xc0, 0xfb, 0x00, 0x09, 0x07, 0xff, 0xff, 0x00, 0x00, 0x06, 0x03, 0xff, 0xff, 0x80, 0xfb, 0x00, 0x08, 0x03, 0xff, 0xff, 0x03, 0xe0, 0x0f,
  0x01, 0xff, 0xff, 0xfa, 0x00, 0x08, 0x03, 0xff, 0xff, 0x03, 0xf8, 0x3f, 0x81, 0xff, 0xff, 0xfa, 0x00, 0x08, 0x01, 0xff, 0xfe, 0x03, 0xff, 0xff,
  0x80, 0xff, 0xfe, 0xf9, 0x00, 0x07, 0x7f, 0xfc, 0x03, 0xff, 0xff, 0x80, 0x3f, 0xf8, 0xf9, 0x00, 0x04, 0x1f, 0xe0, 0x01, 0xff, 0xff, 0xf3, 0x00,
  0x01, 0xff, 0xfe, 0xf3, 0x00, 0x01, 0x3f, 0xf8, 0xf3, 0x00, 0x00, 0x03, 0x81, 0x00, 0x81, 0x00, 0xc9, 0x00, 0x81, 0x00, 0xbd, 0x00, 0x00, 0x03,
  0xfc, 0x00, 0x01, 0x3f, 0xf8, 0xf9, 0x00, 0x01, 0xff, 0xf8, 0xfd, 0x00, 0x01, 0xff, 0xfe, 0xfa, 0x00, 0x02, 0x01, 0xff, 0xfe, 0xfe, 0x00, 0x02,
  0x01, 0xff, 0xff, 0xfa, 0x00, 0x02, 0x03, 0xff, 0xff, 0xfe, 0x00, 0x03, 0x01, 0xff, 0xff, 0x80, 0xfb, 0x00, 0x02, 0x07, 0xff, 0xff, 0xfe, 0x00,
  0x03, 0x03, 0xff, 0xff, 0x80, 0xfb, 0x00, 0x02, 0x07, 0xff, 0xff, 0xfe, 0x00, 0x03, 0x03, 0xff, 0xff, 0xc0, 0xfb, 0x00, 0x09, 0x07, 0xff, 0xff,
  0x80, 0x00, 0x00, 0x03, 0xff, 0xff, 0xc0, 0xfb, 0x00, 0x09, 0x0f, 0xff, 0xff, 0x80, 0x00, 0x00, 0x03, 0xff, 0xff, 0xc0, 0xfb, 0x00, 0x09, 0x0f,
  0xff, 0xff, 0x80, 0x00, 0x00, 0x03, 0xff, 0xff, 0xe0, 0xfb, 0x00, 0x09, 0x0f, 0xff, 0xff, 0x80, 0x00, 0x00, 0x03, 0xff, 0xff, 0xe0, 0xfb, 0x00,
  0x09, 0x0f, 0xff, 0xff, 0x80, 0x00, 0x00, 0x03, 0xff, 0xff, 0xe0, 0xfb, 0x00, 0x09, 0x0f, 0xff, 0xff, 0x80, 0x00, 0x00, 0x03, 0xff, 0xff, 0xe0,
  0xfb, 0x00, 0x09, 0x0f, 0xff, 0xff, 0x80, 0x00, 0x00, 0x03, 0xff, 0xff, 0xe0, 0xfb, 0x00, 0x09, 0x0f, 0xff, 0xff, 0x80, 0x00, 0x00, 0x03, 0xff,
  0xff, 0xe0, 0xfb, 0x00, 0x09, 0x0f, 0xff, 0xff, 0x80, 0x00, 0x00, 0x03, 0xff, 0xff, 0xe0, 0xfb, 0x00, 0x09, 0x0f, 0xff, 0xff, 0x80, 0x00, 0x00,
  0x03, 0xff, 0xff, 0xe0, 0xfb, 0x00, 0x09, 0x0f, 0xff, 0xff, 0x80, 0x00, 0x00, 0x03, 0xff, 0xff, 0xe0, 0xfb, 0x00, 0x09, 0x0f, 0xff, 0xff, 0x80,
  0x00, 0x00, 0x03, 0xff, 0xff, 0xe0, 0xfb, 0x00, 0x09, 0x0f, 0xff, 0xff, 0x80, 0x00, 0x00, 0x03, 0xff, 0xff, 0xc0, 0xfb, 0x00, 0x09, 0x0f, 0xff,
  0xff, 0x80, 0x00, 0x00, 0x03, 0xff, 0xff, 0xc0, 0xfb, 0x00, 0x09, 0x0f, 0xff, 0xff, 0x80, 0x00, 0x00, 0x03, 0xff, 0xff, 0xc0, 0xfb, 0x00, 0x09,
  0x07, 0xff, 0xff, 0x80, 0x00, 0x00, 0x03, 0xff, 0xff, 0xc0, 0xfb, 0x00, 0x09, 0x07, 0xff, 0xff, 0x80, 0x00, 0x00, 0x03, 0xff, 0xff, 0xc0, 0xfb,
  0x00, 0x02, 0x07, 0xff, 0xff, 0xfe, 0x00, 0x03, 0x03, 0xff, 0xff, 0xc0, 0xfb, 0x00, 0x09, 0x03, 0xff, 0xff, 0x00, 0x00, 0x06, 0x01, 0xff, 0xff,
  0x80, 0xfb, 0x00, 0x08, 0x03, 0xff, 0xff, 0x03, 0xe0, 0x0f, 0x01, 0xff, 0xff, 0xfa, 0x00, 0x08, 0x01, 0xff, 0xff, 0x03, 0xf8, 0x3f, 0x81, 0xff,
  0xff, 0xfa, 0x00, 0x08, 0x01, 0xff, 0xfe, 0x03, 0xff, 0xff, 0x80, 0xff, 0xfe, 0xf9, 0x00, 0x07, 0x7f, 0xfc, 0x03, 0xff, 0xff, 0x80, 0x3f, 0xf8,
  0xf9, 0x00, 0x04, 0x1f, 0xe0, 0x01, 0xff, 0xff, 0xf3, 0x00, 0x01, 0xff, 0xfe, 0xf3, 0x00, 0x01, 0x3f, 0xf8, 0xf3, 0x00, 0x00, 0x03, 0x81, 0x00,
  0x81, 0x00, 0xc9, 0x00, 0x81, 0x00, 0xbd, 0x00, 0x00, 0x03, 0xfc, 0x00, 0x01, 0x3f, 0xf8, 0xf9, 0x00, 0x01, 0xff, 0xf8, 0xfd, 0x00, 0x01, 0xff,
  0xfe, 0xfa, 0x00, 0x02, 0x01, 0xff, 0xfe, 0xfe, 0x00, 0x02, 0x01, 0xff, 0xff, 0xfa, 0x00, 0x02, 0x03, 0xff, 0xff, 0xfe, 0x00, 0x03, 0x01, 0xff,
  0xff, 0x80, 0xfb, 0x00, 0x02, 0x07, 0xff, 0xff, 0xfe, 0x00, 0x03, 0x03, 0xff, 0xff, 0x80, 0xfb, 0x00, 0x02, 0x07, 0xff, 0xff, 0xfe, 0x00, 0x03,
  0x03, 0xff, 0xff, 0xc0, 0xfb, 0x00, 0x09, 0x07, 0xff, 0xff, 0x80, 0x00, 0x00, 0x03, 0xff, 0xff, 0xc0, 0xfb, 0x00, 0x09, 0x0f, 0xff, 0xff, 0x80,
  0x00, 0x00, 0x03, 0xff, 0xff, 0xc0, 0xfb, 0x00, 0x09, 0x0f, 0xff, 0xff, 0x80, 0x00, 0x00, 0x03, 0xff, 0xff, 0xe0, 0xfb, 0x00, 0x09, 0x0f, 0xff,
  0xff, 0x80, 0x00, 0x00, 0x03, 0xff, 0xff, 0xe0, 0xfb, 0x00, 0x09, 0x0f, 0xff, 0xff, 0x80, 0x00, 0x00, 0x03, 0xff, 0xff, 0xe0, 0xfb, 0x00, 0x09,
  0x0f, 0xff, 0xff, 0x80, 0x00, 0x00, 0x03, 0xff, 0xff, 0xe0, 0xfb, 0x00, 0x09, 0x0f, 0xff, 0xff, 0x80, 0x00, 0x00, 0x03, 0xff, 0xff, 0xe0, 0xfb,
  0x00, 0x09, 0x0f, 0xff, 0xff, 0x80, 0x00, 0x00, 0x03, 0xff, 0xff, 0xe0, 0xfb, 0x00, 0x09, 0x0f, 0xff, 0xff, 0x80, 0x00, 0x00, 0x03, 0xff, 0xff,
  0xe0, 0xfb, 0x00, 0x09, 0x0f, 0xff, 0xff, 0x80, 0x00, 0x00, 0x03, 0xff, 0xff, 0xe0, 0xfb, 0x00, 0x09, 0x0f, 0xff, 0xff, 0x80, 0x00, 0x00, 0x03,
  0xff, 0xff, 0xe0, 0xfb, 0x00, 0x09, 0x0f, 0xff, 0xff, 0x80, 0x00, 0x00, 0x03, 0xff, 0xff, 0xe0, 0xfb, 0x00, 0x09, 0x0f, 0xff, 0xff, 0x80, 0x00,
  0x00, 0x03, 0xff, 0xff, 0xc0, 0xfb, 0x00, 0x09, 0x0f, 0xff, 0xff, 0x80, 0x00, 0x00, 0x03, 0xff, 0xff, 0xc0, 0xfb, 0x00, 0x09, 0x0f, 0xff, 0xff,
  0x80, 0x00, 0x00, 0x03, 0xff, 0xff, 0xc0, 0xfb, 0x00, 0x09, 0x07, 0xff, 0xff, 0x80, 0x00, 0x00, 0x03, 0xff, 0xff, 0xc0, 0xfb, 0x00, 0x09, 0x07,
  0xff, 0xff, 0x80, 0x00, 0x00, 0x03, 0xff, 0xff, 0xc0, 0xfb, 0x00, 0x02, 0x07, 0xff, 0xff, 0xfe, 0x00, 0x03, 0x03, 0xff, 0xff, 0xc0, 0xfb, 0x00,
  0x09, 0x03, 0xff, 0xff, 0x01, 0x80, 0x06, 0x01, 0xff, 0xff, 0x80, 0xfb, 0x00, 0x08, 0x03, 0xff, 0xff, 0x03, 0xe0, 0x0f, 0x01, 0xff, 0xff, 0xfa,
  0x00, 0x08, 0x01, 0xff, 0xff, 0x03, 0xf8, 0x3f, 0x81, 0xff, 0xff, 0xfa, 0x00, 0x08, 0x01, 0xff, 0xfe, 0x03, 0xff, 0xff, 0x80, 0xff, 0xfe, 0xf9,
  0x00, 0x07, 0x7f, 0xfc, 0x03, 0xff, 0xff, 0x80, 0x3f, 0xf8, 0xf9, 0x00, 0x04, 0x1f, 0xe0, 0x01, 0xff, 0xff, 0xf3, 0x00, 0x01, 0xff, 0xfe, 0xf3,
  0x00, 0x01, 0x3f, 0xf8, 0xf3, 0x00, 0x00, 0x03, 0x81, 0x00, 0x81, 0x00, 0xc9, 0x00, 0x81, 0x00, 0xbd, 0x00, 0x00, 0x03, 0xfc, 0x00, 0x01, 0x3f,
  0xf8, 0xf9, 0x00, 0x01, 0xff, 0xf8, 0xfd, 0x00, 0x01, 0xff, 0xfe, 0xfa, 0x00, 0x02, 0x01, 0xff, 0xfe, 0xfe, 0x00, 0x02, 0x01, 0xff, 0xff, 0xfa,
  0x00, 0x02, 0x03, 0xff, 0xff, 0xfe, 0x00, 0x03, 0x01, 0xff, 0xff, 0x80, 0xfb, 0x00, 0x02, 0x07, 0xff, 0xff, 0xfe, 0x00, 0x03, 0x03, 0xff, 0xff,
  0x80, 0xfb, 0x00, 0x09, 0x07, 0xff, 0xff, 0x80, 0x00, 0x00, 0x03, 0xff, 0xff, 0xc0, 0xfb, 0x00, 0x09, 0x07, 0xff, 0xff, 0x80, 0x00, 0x00, 0x03,
  0xff, 0xff, 0xc0, 0xfb, 0x00, 0x09, 0x0f, 0xff, 0xff, 0x80, 0x00, 0x00, 0x03, 0xff, 0xff, 0xc0, 0xfb, 0x00, 0x09, 0x0f, 0xff, 0xff, 0x80, 0x00,
  0x00, 0x03, 0xff, 0xff, 0xe0, 0xfb, 0x00, 0x09, 0x0f, 0xff, 0xff, 0x80, 0x00, 0x00, 0x03, 0xff, 0xff, 0xe0, 0xfb, 0x00, 0x09, 0x0f, 0xff, 0xff,
  0x80, 0x00, 0x00, 0x03, 0xff, 0xff, 0xe0, 0xfb, 0x00, 0x09, 0x0f, 0xff, 0xff, 0x80, 0x00, 0x00, 0x03, 0xff, 0xff, 0xe0, 0xfb, 0x00, 0x09, 0x0f,
  0xff, 0xff, 0x80, 0x00, 0x00, 0x03, 0xff, 0xff, 0xe0, 0xfb, 0x00, 0x09, 0x0f, 0xff, 0xff, 0x80, 0x00, 0x00, 0x03, 0xff, 0xff, 0xe0, 0xfb, 0x00,
  0x09, 0x0f, 0xff, 0xff, 0x80, 0x00, 0x00, 0x03, 0xff, 0xff, 0xe0, 0xfb, 0x00, 0x09, 0x0f, 0xff, 0xff, 0x80, 0x00, 0x00, 0x03, 0xff, 0xff, 0xe0,
  0xfb, 0x00, 0x09, 0x0f, 0xff, 0xff, 0x80, 0x00, 0x00, 0x03, 0xff, 0xff, 0xe0, 0xfb, 0x00, 0x09, 0x0f, 0xff, 0xff, 0x80, 0x00, 0x00, 0x03, 0xff,
  0xff, 0xe0, 0xfb, 0x00, 0x09, 0x0f, 0xff, 0xff, 0x80, 0x00, 0x00, 0x03, 0xff, 0xff, 0xc0, 0xfb, 0x00, 0x09, 0x0f, 0xff, 0xff, 0x80, 0x00, 0x00,
  0x03, 0xff, 0xff, 0xc0, 0xfb, 0x00, 0x09, 0x0f, 0xff, 0xff, 0x80, 0x00, 0x00, 0x03, 0xff, 0xff, 0xc0, 0xfb, 0x00, 0x09, 0x07, 0xff, 0xff, 0x80,
  0x00, 0x00, 0x03, 0xff, 0xff, 0xc0, 0xfb, 0x00, 0x09, 0x07, 0xff, 0xff, 0x80, 0x00, 0x00, 0x03, 0xff, 0xff, 0xc0, 0xfb, 0x00, 0x02, 0x07, 0xff,
  0xff, 0xfe, 0x00, 0x03, 0x03, 0xff, 0xff, 0xc0, 0xfb, 0x00, 0x09, 0x03, 0xff, 0xff, 0x00, 0x00, 0x02, 0x01, 0xff, 0xff, 0x80, 0xfb, 0x00, 0x08,
  0x03, 0xff, 0xff, 0x03, 0xe0, 0x0f, 0x01, 0xff, 0xff, 0xfa, 0x00, 0x08, 0x01, 0xff, 0xff, 0x03, 0xf8, 0x3f, 0x81, 0xff, 0xff, 0xfa, 0x00, 0x08,
  0x01, 0xff, 0xfe, 0x03, 0xff, 0xff, 0x80, 0xff, 0xfe, 0xf9, 0x00, 0x07, 0x7f, 0xfc, 0x03, 0xff, 0xff, 0x80, 0x3f, 0xf8, 0xf9, 0x00, 0x04, 0x1f,
  0xe0, 0x01, 0xff, 0xff, 0xf3, 0x00, 0x01, 0xff, 0xfe, 0xf3, 0x00, 0x01, 0x3f, 0xf8, 0xf3, 0x00, 0x00, 0x03, 0x81, 0x00, 0x81, 0x00, 0xc9, 0x00,
  0x81, 0x00, 0xbd, 0x00, 0x00, 0x03, 0xfc, 0x00, 0x01, 0x3f, 0xf8, 0xf9, 0x00, 0x01, 0x7f, 0xf8, 0xfd, 0x00, 0x01, 0xff, 0xfe, 0xfa, 0x00, 0x02,
  0x01, 0xff, 0xfe, 0xfe, 0x00, 0x02, 0x01, 0xff, 0xff, 0xfa, 0x00, 0x02, 0x03, 0xff, 0xff, 0xfe, 0x00, 0x03, 0x01, 0xff, 0xff, 0x80, 0xfb, 0x00,
  0x02, 0x07, 0xff, 0xff, 0xfe, 0x00, 0x03, 0x03, 0xff, 0xff, 0x80, 0xfb, 0x00, 0x09, 0x07, 0xff, 0xff, 0x80, 0x00, 0x00, 0x03, 0xff, 0xff, 0xc0,
  0xfb, 0x00, 0x09, 0x07, 0xff, 0xff, 0x80, 0x00, 0x00, 0x03, 0xff, 0xff, 0xc0, 0xfb, 0x00, 0x09, 0x0f, 0xff, 0xff, 0x80, 0x00, 0x00, 0x03, 0xff,
  0xff, 0xc0, 0xfb, 0x00, 0x09, 0x0f, 0xff, 0xff, 0x80, 0x00, 0x00, 0x03, 0xff, 0xff, 0xe0, 0xfb, 0x00, 0x09, 0x0f, 0xff, 0xff, 0x80, 0x00, 0x00,
  0x03, 0xff, 0xff, 0xe0, 0xfb, 0x00, 0x09, 0x0f, 0xff, 0xff, 0x80, 0x00, 0x00, 0x03, 0xff, 0xff, 0xe0, 0xfb, 0x00, 0x09, 0x0f, 0xff, 0xff, 0x80,
  0x00, 0x00, 0x03, 0xff, 0xff, 0xe0, 0xfb, 0x00, 0x09, 0x0f, 0xff, 0xff, 0x80, 0x00, 0x00, 0x03, 0xff, 0xff, 0xe0, 0xfb, 0x00, 0x09, 0x0f, 0xff,
  0xff, 0x80, 0x00, 0x00, 0x03, 0xff, 0xff, 0xe0, 0xfb, 0x00, 0x09, 0x0f, 0xff, 0xff, 0x80, 0x00, 0x00, 0x03, 0xff, 0xff, 0xe0, 0xfb, 0x00, 0x09,
  0x0f, 0xff, 0xff, 0x80, 0x00, 0x00, 0x03, 0xff, 0xff, 0xe0, 0xfb, 0x00, 0x09, 0x0f, 0xff, 0xff, 0x80, 0x00, 0x00, 0x03, 0xff, 0xff, 0xe0, 0xfb,
  0x00, 0x09, 0x0f, 0xff, 0xff, 0x80, 0x00, 0x00, 0x03, 0xff, 0xff, 0xe0, 0xfb, 0x00, 0x09, 0x0f, 0xff, 0xff, 0x80, 0x00, 0x00, 0x03, 0xff, 0xff,
  0xc0, 0xfb, 0x00, 0x09, 0x0f, 0xff, 0xff, 0x80, 0x00, 0x00, 0x03, 0xff, 0xff, 0xc0, 0xfb, 0x00, 0x09, 0x0f, 0xff, 0xff, 0x80, 0x00, 0x00, 0x03,
  0xff, 0xff, 0xc0, 0xfb, 0x00, 0x09, 0x07, 0xff, 0xff, 0x80, 0x00, 0x00, 0x03, 0xff, 0xff, 0xc0, 0xfb, 0x00, 0x09, 0x07, 0xff, 0xff, 0x80, 0x00,
  0x00, 0x03, 0xff, 0xff, 0xc0, 0xfb, 0x00, 0x09, 0x07, 0xff, 0xff, 0x80, 0x00, 0x00, 0x03, 0xff, 0xff, 0xc0, 0xfb, 0x00, 0x09, 0x03, 0xff, 0xff,
  0x81, 0x80, 0x07, 0x01, 0xff, 0xff, 0x80, 0xfb, 0x00, 0x08, 0x03, 0xff, 0xff, 0x03, 0xe0, 0x0f, 0x81, 0xff, 0xff, 0xfa, 0x00, 0x08, 0x01, 0xff,
  0xff, 0x03, 0xfc, 0x3f, 0x80, 0xff, 0xff, 0xfa, 0x00, 0x08, 0x01, 0xff, 0xfe, 0x03, 0xff, 0xff, 0x80, 0xff, 0xfe, 0xf9, 0x00, 0x07, 0x7f, 0xfc,
  0x03, 0xff, 0xff, 0x80, 0x3f, 0xf8, 0xf9, 0x00, 0x04, 0x1f, 0xe0, 0x01, 0xff, 0xff, 0xf3, 0x00, 0x01, 0xff, 0xfe, 0xf3, 0x00, 0x01, 0x3f, 0xf8,
  0xf3, 0x00, 0x00, 0x03, 0x81, 0x00, 0x81, 0x00, 0xc9, 0x00, 0x81, 0x00, 0xbd, 0x00, 0x00, 0x03, 0xfc, 0x00, 0x01, 0x1f, 0xf8, 0xf9, 0x00, 0x01,
  0x7f, 0xf8, 0xfd, 0x00, 0x01, 0xff, 0xfe, 0xfa, 0x00, 0x02, 0x01, 0xff, 0xfe, 0xfe, 0x00, 0x02, 0x01, 0xff, 0xff, 0xfa, 0x00, 0x02, 0x03, 0xff,
  0xff, 0xfe, 0x00, 0x03, 0x01, 0xff, 0xff, 0x80, 0xfb, 0x00, 0x02, 0x03, 0xff, 0xff, 0xfe, 0x00, 0x03, 0x03, 0xff, 0xff, 0x80, 0xfb, 0x00, 0x09,
  0x07, 0xff, 0xff, 0x80, 0x00, 0x00, 0x03, 0xff, 0xff, 0xc0, 0xfb, 0x00, 0x09, 0x07, 0xff, 0xff, 0x80, 0x00, 0x00, 0x03, 0xff, 0xff, 0xc0, 0xfb,
  0x00, 0x09, 0x0f, 0xff, 0xff, 0x80, 0x00, 0x00, 0x03, 0xff, 0xff, 0xe0, 0xfb, 0x00, 0x09, 0x0f, 0xff, 0xff, 0x80, 0x00, 0x00, 0x03, 0xff, 0xff,
  0xe0, 0xfb, 0x00, 0x09, 0x0f, 0xff, 0xff, 0x80, 0x00, 0x00, 0x03, 0xff, 0xff, 0xe0, 0xfb, 0x00, 0x09, 0x0f, 0xff, 0xff, 0x80, 0x00, 0x00, 0x03,
  0xff, 0xff, 0xe0, 0xfb, 0x00, 0x09, 0x0f, 0xff, 0xff, 0x80, 0x00, 0x00, 0x03, 0xff, 0xff, 0xe0, 0xfb, 0x00, 0x09, 0x0f, 0xff, 0xff, 0x80, 0x00,
  0x00, 0x03, 0xff, 0xff, 0xe0, 0xfb, 0x00, 0x09, 0x0f, 0xff, 0xff, 0x80, 0x00, 0x00, 0x03, 0xff, 0xff, 0xe0, 0xfb, 0x00, 0x09, 0x0f, 0xff, 0xff,
  0x80, 0x00, 0x00, 0x03, 0xff, 0xff, 0xe0, 0xfb, 0x00, 0x09, 0x0f, 0xff, 0xff, 0x80, 0x00, 0x00, 0x03, 0xff, 0xff, 0xe0, 0xfb, 0x00, 0x09, 0x0f,
  0xff, 0xff, 0x80, 0x00, 0x00, 0x03, 0xff, 0xff, 0xe0, 0xfb, 0x00, 0x09, 0x0f, 0xff, 0xff, 0x80, 0x00, 0x00, 0x03, 0xff, 0xff, 0xe0, 0xfb, 0x00,
  0x09, 0x0f, 0xff, 0xff, 0x80, 0x00, 0x00, 0x03, 0xff, 0xff, 0xc0, 0xfb, 0x00, 0x09, 0x0f, 0xff, 0xff, 0x80, 0x00, 0x00, 0x03, 0xff, 0xff, 0xc0,
  0xfb, 0x00, 0x09, 0x0f, 0xff, 0xff, 0x80, 0x00, 0x00, 0x03, 0xff, 0xff, 0xc0, 0xfb, 0x00, 0x09, 0x07, 0xff, 0xff, 0x80, 0x00, 0x00, 0x03, 0xff,
  0xff, 0xc0, 0xfb, 0x00, 0x09, 0x07, 0xff, 0xff, 0x80, 0x00, 0x00, 0x03, 0xff, 0xff, 0xc0, 0xfb, 0x00, 0x09, 0x07, 0xff, 0xff, 0x80, 0x00, 0x00,
  0x03, 0xff, 0xff, 0xc0, 0xfb, 0x00, 0x09, 0x03, 0xff, 0xff, 0x80, 0x00, 0x02, 0x01, 0xff, 0xff, 0x80, 0xfb, 0x00, 0x08, 0x03, 0xff, 0xff, 0x03,
  0xe0, 0x0f, 0x01, 0xff, 0xff, 0xfa, 0x00, 0x08, 0x01, 0xff, 0xff, 0x03, 0xf8, 0x3f, 0x80, 0xff, 0xff, 0xfa, 0x00, 0x08, 0x01, 0xff, 0xfe, 0x03,
  0xff, 0xff, 0x80, 0x7f, 0xfe, 0xf9, 0x00, 0x07, 0x7f, 0xfc, 0x03, 0xff, 0xff, 0x80, 0x3f, 0xf8, 0xf9, 0x00, 0x04, 0x1f, 0xe0, 0x01, 0xff, 0xff,
  0xf3, 0x00, 0x01, 0xff, 0xfe, 0xf3, 0x00, 0x01, 0x3f, 0xf8, 0xf3, 0x00, 0x00, 0x03, 0x81, 0x00, 0x81, 0x00, 0xc9, 0x00, 0x81, 0x00, 0xb7, 0x00,
  0x01, 0x1f, 0xf8, 0xf9, 0x00, 0x01, 0x7f, 0xf8, 0xfd, 0x00, 0x01, 0xff, 0xfe, 0xfa, 0x00, 0x02, 0x01, 0xff, 0xfe, 0xfe, 0x00, 0x02, 0x01, 0xff,
  0xff, 0xfa, 0x00, 0x02, 0x03, 0xff, 0xff, 0xfe, 0x00, 0x03, 0x01, 0xff, 0xff, 0x80, 0xfb, 0x00, 0x02, 0x03, 0xff, 0xff, 0xfe, 0x00, 0x03, 0x03,
  0xff, 0xff, 0x80, 0xfb, 0x00, 0x09, 0x07, 0xff, 0xff, 0x80, 0x00, 0x00, 0x03, 0xff, 0xff, 0xc0, 0xfb, 0x00, 0x09, 0x07, 0xff, 0xff, 0x80, 0x00,
  0x00, 0x03, 0xff, 0xff, 0xc0, 0xfb, 0x00, 0x09, 0x0f, 0xff, 0xff, 0x80, 0x00, 0x00, 0x03, 0xff, 0xff, 0xe0, 0xfb, 0x00, 0x09, 0x0f, 0xff, 0xff,
  0x80, 0x00, 0x00, 0x03, 0xff, 0xff, 0xe0, 0xfb, 0x00, 0x09, 0x0f, 0xff, 0xff, 0x80, 0x00, 0x00, 0x03, 0xff, 0xff, 0xe0, 0xfb, 0x00, 0x09, 0x0f,
  0xff, 0xff, 0x80, 0x00, 0x00, 0x03, 0xff, 0xff, 0xe0, 0xfb, 0x00, 0x09, 0x0f, 0xff, 0xff, 0x80, 0x00, 0x00, 0x03, 0xff, 0xff, 0xe0, 0xfb, 0x00,
  0x09, 0x0f, 0xff, 0xff, 0x80, 0x00, 0x00, 0x03, 0xff, 0xff, 0xe0, 0xfb, 0x00, 0x09, 0x0f, 0xff, 0xff, 0x80, 0x00, 0x00, 0x03, 0xff, 0xff, 0xe0,
  0xfb, 0x00, 0x09, 0x0f, 0xff, 0xff, 0x80, 0x00, 0x00, 0x03, 0xff, 0xff, 0xe0, 0xfb, 0x00, 0x09, 0x0f, 0xff, 0xff, 0x80, 0x00, 0x00, 0x03, 0xff,
  0xff, 0xe0, 0xfb, 0x00, 0x09, 0x0f, 0xff, 0xff, 0x80, 0x00, 0x00, 0x03, 0xff, 0xff, 0xe0, 0xfb, 0x00, 0x09, 0x0f, 0xff, 0xff, 0x80, 0x00, 0x00,
  0x03, 0xff, 0xff, 0xe0, 0xfb, 0x00, 0x09, 0x0f, 0xff, 0xff, 0x80, 0x00, 0x00, 0x03, 0xff, 0xff, 0xc0, 0xfb, 0x00, 0x09, 0x0f, 0xff, 0xff, 0x80,
  0x00, 0x00, 0x03, 0xff, 0xff, 0xc0, 0xfb, 0x00, 0x09, 0x0f, 0xff, 0xff, 0x80, 0x00, 0x00, 0x03, 0xff, 0xff, 0xc0, 0xfb, 0x00, 0x09, 0x07, 0xff,
  0xff, 0x80, 0x00, 0x00, 0x03, 0xff, 0xff, 0xc0, 0xfb, 0x00, 0x09, 0x07, 0xff, 0xff, 0x80, 0x00, 0x00, 0x03, 0xff, 0xff, 0xc0, 0xfb, 0x00, 0x09,
  0x07, 0xff, 0xff, 0x80, 0x00, 0x00, 0x03, 0xff, 0xff, 0xc0, 0xfb, 0x00, 0x09, 0x03, 0xff, 0xff, 0x80, 0x00, 0x02, 0x01, 0xff, 0xff, 0x80, 0xfb,
  0x00, 0x08, 0x03, 0xff, 0xff, 0x03, 0xe0, 0x0f, 0x01, 0xff, 0xff, 0xfa, 0x00, 0x08, 0x01, 0xff, 0xff, 0x03, 0xfc, 0x3f, 0x81, 0xff, 0xff, 0xfa,
  0x00, 0x08, 0x01, 0xff, 0xfe, 0x03, 0xff, 0xff, 0x80, 0xff, 0xfe, 0xf9, 0x00, 0x07, 0x7f, 0xfc, 0x03, 0xff, 0xff, 0x80, 0x3f, 0xf8, 0xf9, 0x00,
  0x04, 0x1f, 0xe0, 0x01, 0xff, 0xff, 0xf3, 0x00, 0x01, 0xff, 0xfe, 0xf3, 0x00, 0x01, 0x3f, 0xf8, 0xf3, 0x00, 0x00, 0x03, 0x81, 0x00, 0x81, 0x00,
  0xc9, 0x00, 0x81, 0x00, 0xb7, 0x00, 0x01, 0x1f, 0xf8, 0xf9, 0x00, 0x01, 0x7f, 0xf8, 0xfd, 0x00, 0x01, 0xff, 0xfe, 0xfa, 0x00, 0x02, 0x01, 0xff,
  0xfe, 0xfe, 0x00, 0x02, 0x01, 0xff, 0xff, 0xfa, 0x00, 0x02, 0x03, 0xff, 0xff, 0xfe, 0x00, 0x03, 0x01, 0xff, 0xff, 0x80, 0xfb, 0x00, 0x02, 0x03,
  0xff, 0xff, 0xfe, 0x00, 0x03, 0x03, 0xff, 0xff, 0x80, 0xfb, 0x00, 0x09, 0x07, 0xff, 0xff, 0x80, 0x00, 0x00, 0x03, 0xff, 0xff, 0xc0, 0xfb, 0x00,
  0x09, 0x07, 0xff, 0xff, 0x80, 0x00, 0x00, 0x03, 0xff, 0xff, 0xc0, 0xfb, 0x00, 0x09, 0x0f, 0xff, 0xff, 0x80, 0x00, 0x00, 0x03, 0xff, 0xff, 0xe0,
  0xfb, 0x00, 0x09, 0x0f, 0xff, 0xff, 0x80, 0x00, 0x00, 0x03, 0xff, 0xff, 0xe0, 0xfb, 0x00, 0x09, 0x0f, 0xff, 0xff, 0x80, 0x00, 0x00, 0x03, 0xff,
  0xff, 0xe0, 0xfb, 0x00, 0x09, 0x0f, 0xff, 0xff, 0x80, 0x00, 0x00, 0x03, 0xff, 0xff, 0xe0, 0xfb, 0x00, 0x09, 0x0f, 0xff, 0xff, 0x80, 0x00, 0x00,
  0x03, 0xff, 0xff, 0xe0, 0xfb, 0x00, 0x09, 0x0f, 0xff, 0xff, 0x80, 0x00, 0x00, 0x03, 0xff, 0xff, 0xe0, 0xfb, 0x00, 0x09, 0x0f, 0xff, 0xff, 0x80,
  0x00, 0x00, 0x03, 0xff, 0xff, 0xe0, 0xfb, 0x00, 0x09, 0x0f, 0xff, 0xff, 0x80, 0x00, 0x00, 0x03, 0xff, 0xff, 0xe0, 0xfb, 0x00, 0x09, 0x0f, 0xff,
  0xff, 0x80, 0x00, 0x00, 0x03, 0xff, 0xff, 0xe0, 0xfb, 0x00, 0x09, 0x0f, 0xff, 0xff, 0x80, 0x00, 0x00, 0x03, 0xff, 0xff, 0xe0, 0xfb, 0x00, 0x09,
  0x0f, 0xff, 0xff, 0x80, 0x00, 0x00, 0x03, 0xff, 0xff, 0xe0, 0xfb, 0x00, 0x09, 0x0f, 0xff, 0xff, 0x80, 0x00, 0x00, 0x03, 0xff, 0xff, 0xc0, 0xfb,
  0x00, 0x09, 0x0f, 0xff, 0xff, 0x80, 0x00, 0x00, 0x03, 0xff, 0xff, 0xc0, 0xfb, 0x00, 0x09, 0x0f, 0xff, 0xff, 0x80, 0x00, 0x00, 0x03, 0xff, 0xff,
  0xc0, 0xfb, 0x00, 0x09, 0x07, 0xff, 0xff, 0x80, 0x00, 0x00, 0x03, 0xff, 0xff, 0xc0, 0xfb, 0x00, 0x09, 0x07, 0xff, 0xff, 0x80, 0x00, 0x00, 0x03,
  0xff, 0xff, 0xc0, 0xfb, 0x00, 0x09, 0x07, 0xff, 0xff, 0x80, 0x00, 0x00, 0x03, 0xff, 0xff, 0xc0, 0xfb, 0x00, 0x09, 0x03, 0xff, 0xff, 0x80, 0x00,
  0x02, 0x01, 0xff, 0xff, 0x80, 0xfb, 0x00, 0x08, 0x03, 0xff, 0xff, 0x03, 0xe0, 0x0f, 0x01, 0xff, 0xff, 0xfa, 0x00, 0x08, 0x01, 0xff, 0xff, 0x03,
  0xf8, 0x3f, 0x80, 0xff, 0xff, 0xfa, 0x00, 0x08, 0x01, 0xff, 0xfe, 0x03, 0xff, 0xff, 0x80, 0xff, 0xfe, 0xf9, 0x00, 0x07, 0x7f, 0xfc, 0x03, 0xff,
  0xff, 0x80, 0x3f, 0xf8, 0xf9, 0x00, 0x04, 0x1f, 0xe0, 0x01, 0xff, 0xff, 0xf3, 0x00, 0x01, 0xff, 0xfe, 0xf3, 0x00, 0x01, 0x3f, 0xf8, 0xf3, 0x00,
  0x00, 0x03, 0x81, 0x00, 0x81, 0x00, 0xc9, 0x00, 0x81, 0x00, 0xb7, 0x00, 0x01, 0x1f, 0xf8, 0xf9, 0x00, 0x01, 0x7f, 0xf8, 0xfd, 0x00, 0x01, 0x7f,
  0xfe, 0xfa, 0x00, 0x02, 0x01, 0xff, 0xfc, 0xfe, 0x00, 0x02, 0x01, 0xff, 0xff, 0xfa, 0x00, 0x02, 0x03, 0xff, 0xff, 0xfe, 0x00, 0x03, 0x01, 0xff,
  0xff, 0x80, 0xfb, 0x00, 0x02, 0x03, 0xff, 0xff, 0xfe, 0x00, 0x03, 0x03, 0xff, 0xff, 0x80, 0xfb, 0x00, 0x09, 0x07, 0xff, 0xff, 0x80, 0x00, 0x00,
  0x03, 0xff, 0xff, 0xc0, 0xfb, 0x00, 0x09, 0x07, 0xff, 0xff, 0x80, 0x00, 0x00, 0x03, 0xff, 0xff, 0xc0, 0xfb, 0x00, 0x09, 0x0f, 0xff, 0xff, 0x80,
  0x00, 0x00, 0x03, 0xff, 0xff, 0xe0, 0xfb, 0x00, 0x09, 0x0f, 0xff, 0xff, 0x80, 0x00, 0x00, 0x03, 0xff, 0xff, 0xe0, 0xfb, 0x00, 0x09, 0x0f, 0xff,
  0xff, 0x80, 0x00, 0x00, 0x03, 0xff, 0xff, 0xe0, 0xfb, 0x00, 0x09, 0x0f, 0xff, 0xff, 0x80, 0x00, 0x00, 0x03, 0xff, 0xff, 0xe0, 0xfb, 0x00, 0x09,
  0x0f, 0xff, 0xff, 0x80, 0x00, 0x00, 0x03, 0xff, 0xff, 0xe0, 0xfb, 0x00, 0x09, 0x0f, 0xff, 0xff, 0x80, 0x00, 0x00, 0x03, 0xff, 0xff, 0xe0, 0xfb,
  0x00, 0x09, 0x0f, 0xff, 0xff, 0x80, 0x00, 0x00, 0x03, 0xff, 0xff, 0xe0, 0xfb, 0x00, 0x09, 0x0f, 0xff, 0xff, 0x80, 0x00, 0x00, 0x03, 0xff, 0xff,
  0xe0, 0xfb, 0x00, 0x09, 0x0f, 0xff, 0xff, 0x80, 0x00, 0x00, 0x03, 0xff, 0xff, 0xe0, 0xfb, 0x00, 0x09, 0x0f, 0xff, 0xff, 0x80, 0x00, 0x00, 0x03,
  0xff, 0xff, 0xe0, 0xfb, 0x00, 0x09, 0x0f, 0xff, 0xff, 0x80, 0x00, 0x00, 0x03, 0xff, 0xff, 0xe0, 0xfb, 0x00, 0x09, 0x0f, 0xff, 0xff, 0x80, 0x00,
  0x00, 0x03, 0xff, 0xff, 0xc0, 0xfb, 0x00, 0x09, 0x0f, 0xff, 0xff, 0x80, 0x00, 0x00, 0x03, 0xff, 0xff, 0xc0, 0xfb, 0x00, 0x09, 0x0f, 0xff, 0xff,
  0x80, 0x00, 0x00, 0x03, 0xff, 0xff, 0xc0, 0xfb, 0x00, 0x09, 0x07, 0xff, 0xff, 0x80, 0x00, 0x00, 0x03, 0xff, 0xff, 0xc0, 0xfb, 0x00, 0x09, 0x07,
  0xff, 0xff, 0x80, 0x00, 0x00, 0x03, 0xff, 0xff, 0xc0, 0xfb, 0x00, 0x09, 0x07, 0xff, 0xff, 0x80, 0x00, 0x00, 0x03, 0xff, 0xff, 0xc0, 0xfb, 0x00,
  0x09, 0x03, 0xff, 0xff, 0x80, 0x00, 0x02, 0x01, 0xff, 0xff, 0x80, 0xfb, 0x00, 0x09, 0x03, 0xff, 0xff, 0x03, 0xe0, 0x0f, 0x01, 0xff, 0xff, 0x80,
  0xfb, 0x00, 0x08, 0x01, 0xff, 0xff, 0x03, 0xf8, 0x3f, 0x81, 0xff, 0xff, 0xfa, 0x00, 0x08, 0x01, 0xff, 0xfe, 0x03, 0xff, 0xff, 0x80, 0xff, 0xfe,
  0xf9, 0x00, 0x07, 0xff, 0xfc, 0x03, 0xff, 0xff, 0x80, 0x3f, 0xf8, 0xf9, 0x00, 0x04, 0x1f, 0xf0, 0x01, 0xff, 0xff, 0xf3, 0x00, 0x01, 0xff, 0xfe,
  0xf3, 0x00, 0x01, 0x3f, 0xf8, 0xf3, 0x00, 0x01, 0x07, 0xc0, 0x81, 0x00, 0x81, 0x00, 0xca, 0x00, 0x81, 0x00, 0xb7, 0x00, 0x01, 0x1f, 0xf8, 0xf9,
  0x00, 0x01, 0x7f, 0xf8, 0xfd, 0x00, 0x01, 0x7f, 0xfe, 0xfa, 0x00, 0x02, 0x01, 0xff, 0xfc, 0xfe, 0x00, 0x02, 0x01, 0xff, 0xff, 0xfa, 0x00, 0x02,
  0x03, 0xff, 0xff, 0xfe, 0x00, 0x03, 0x01, 0xff, 0xff, 0x80, 0xfb, 0x00, 0x02, 0x03, 0xff, 0xff, 0xfe, 0x00, 0x03, 0x03, 0xff, 0xff, 0x80, 0xfb,
  0x00, 0x09, 0x07, 0xff, 0xff, 0x80, 0x00, 0x00, 0x03, 0xff, 0xff, 0xc0, 0xfb, 0x00, 0x09, 0x07, 0xff, 0xff, 0x80, 0x00, 0x00, 0x03, 0xff, 0xff,
  0xc0, 0xfb, 0x00, 0x09, 0x0f, 0xff, 0xff, 0x80, 0x00, 0x00, 0x03, 0xff, 0xff, 0xe0, 0xfb, 0x00, 0x09, 0x0f, 0xff, 0xff, 0x80, 0x00, 0x00, 0x03,
  0xff, 0xff, 0xe0, 0xfb, 0x00, 0x09, 0x0f, 0xff, 0xff, 0x80, 0x00, 0x00, 0x03, 0xff, 0xff, 0xe0, 0xfb, 0x00, 0x09, 0x0f, 0xff, 0xff, 0x80, 0x00,
  0x00, 0x03, 0xff, 0xff, 0xe0, 0xfb, 0x00, 0x09, 0x0f, 0xff, 0xff, 0x80, 0x00, 0x00, 0x03, 0xff, 0xff, 0xe0, 0xfb, 0x00, 0x09, 0x0f, 0xff, 0xff,
  0x80, 0x00, 0x00, 0x03, 0xff, 0xff, 0xe0, 0xfb, 0x00, 0x09, 0x0f, 0xff, 0xff, 0x80, 0x00, 0x00, 0x03, 0xff, 0xff, 0xe0, 0xfb, 0x00, 0x09, 0x0f,
  0xff, 0xff, 0x80, 0x00, 0x00, 0x03, 0xff, 0xff, 0xe0, 0xfb, 0x00, 0x09, 0x0f, 0xff, 0xff, 0x80, 0x00, 0x00, 0x03, 0xff, 0xff, 0xe0, 0xfb, 0x00,
  0x09, 0x0f, 0xff, 0xff, 0x80, 0x00, 0x00, 0x03, 0xff, 0xff, 0xe0, 0xfb, 0x00, 0x09, 0x0f, 0xff, 0xff, 0x80, 0x00, 0x00, 0x03, 0xff, 0xff, 0xe0,
  0xfb, 0x00, 0x09, 0x0f, 0xff, 0xff, 0x80, 0x00, 0x00, 0x03, 0xff, 0xff, 0xc0, 0xfb, 0x00, 0x09, 0x0f, 0xff, 0xff, 0x80, 0x00, 0x00, 0x03, 0xff,
  0xff, 0xc0, 0xfb, 0x00, 0x09, 0x0f, 0xff, 0xff, 0x80, 0x00, 0x00, 0x03, 0xff, 0xff, 0xc0, 0xfb, 0x00, 0x09, 0x07, 0xff, 0xff, 0x80, 0x00, 0x00,
  0x03, 0xff, 0xff, 0xc0, 0xfb, 0x00, 0x09, 0x07, 0xff, 0xff, 0x80, 0x00, 0x00, 0x03, 0xff, 0xff, 0xc0, 0xfb, 0x00, 0x09, 0x07, 0xff, 0xff, 0x80,
  0x00, 0x00, 0x03, 0xff, 0xff, 0xc0, 0xfb, 0x00, 0x09, 0x03, 0xff, 0xff, 0x80, 0x00, 0x00, 0x01, 0xff, 0xff, 0x80, 0xfb, 0x00, 0x09, 0x03, 0xff,
  0xff, 0x03, 0xe0, 0x0f, 0x01, 0xff, 0xff, 0x80, 0xfb, 0x00, 0x08, 0x01, 0xff, 0xff, 0x03, 0xf8, 0x3f, 0x81, 0xff, 0xff, 0xfa, 0x00, 0x08, 0x01,
  0xff, 0xfe, 0x03, 0xff, 0xff, 0x80, 0xff, 0xfe, 0xf9, 0x00, 0x07, 0xff, 0xfc, 0x03, 0xff, 0xff, 0x80, 0x3f, 0xf8, 0xf9, 0x00, 0x04, 0x1f, 0xf0,
  0x01, 0xff, 0xff, 0xf3, 0x00, 0x01, 0xff, 0xfe, 0xf3, 0x00, 0x01, 0x3f, 0xf8, 0xf3, 0x00, 0x01, 0x07, 0xc0, 0x81, 0x00, 0x81, 0x00, 0xca, 0x00,
  0x81, 0x00, 0xb7, 0x00, 0x01, 0x1f, 0xf8, 0xf9, 0x00, 0x01, 0x7f, 0xf8, 0xfd, 0x00, 0x01, 0x7f, 0xfe, 0xfa, 0x00, 0x02, 0x01, 0xff, 0xfc, 0xfd,
  0x00, 0x01, 0xff, 0xff, 0xfa, 0x00, 0x02, 0x03, 0xff, 0xfe, 0xfe, 0x00, 0x03, 0x01, 0xff, 0xff, 0x80, 0xfb, 0x00, 0x02, 0x03, 0xff, 0xff, 0xfe,
  0x00, 0x03, 0x03, 0xff, 0xff, 0x80, 0xfb, 0x00, 0x02, 0x07, 0xff, 0xff, 0xfe, 0x00, 0x03, 0x03, 0xff, 0xff, 0xc0, 0xfb, 0x00, 0x09, 0x07, 0xff,
  0xff, 0x80, 0x00, 0x00, 0x03, 0xff, 0xff, 0xc0, 0xfb, 0x00, 0x09, 0x0f, 0xff, 0xff, 0x80, 0x00, 0x00, 0x03, 0xff, 0xff, 0xc0, 0xfb, 0x00, 0x09,
  0x0f, 0xff, 0xff, 0x80, 0x00, 0x00, 0x03, 0xff, 0xff, 0xe0, 0xfb, 0x00, 0x09, 0x0f, 0xff, 0xff, 0x80, 0x00, 0x00, 0x03, 0xff, 0xff, 0xe0, 0xfb,
  0x00, 0x09, 0x0f, 0xff, 0xff, 0x80, 0x00, 0x00, 0x03, 0xff, 0xff, 0xe0, 0xfb, 0x00, 0x09, 0x0f, 0xff, 0xff, 0x80, 0x00, 0x00, 0x03, 0xff, 0xff,
  0xe0, 0xfb, 0x00, 0x09, 0x0f, 0xff, 0xff, 0x80, 0x00, 0x00, 0x03, 0xff, 0xff, 0xe0, 0xfb, 0x00, 0x09, 0x0f, 0xff, 0xff, 0x80, 0x00, 0x00, 0x03,
  0xff, 0xff, 0xe0, 0xfb, 0x00, 0x09, 0x0f, 0xff, 0xff, 0x80, 0x00, 0x00, 0x03, 0xff, 0xff, 0xe0, 0xfb, 0x00, 0x09, 0x0f, 0xff, 0xff, 0x80, 0x00,
  0x00, 0x03, 0xff, 0xff, 0xe0, 0xfb, 0x00, 0x09, 0x0f, 0xff, 0xff, 0x80, 0x00, 0x00, 0x03, 0xff, 0xff, 0xe0, 0xfb, 0x00, 0x09, 0x0f, 0xff, 0xff,
  0x80, 0x00, 0x00, 0x03, 0xff, 0xff, 0xe0, 0xfb, 0x00, 0x09, 0x0f, 0xff, 0xff, 0x80, 0x00, 0x00, 0x03, 0xff, 0xff, 0xc0, 0xfb, 0x00, 0x09, 0x0f,
  0xff, 0xff, 0x80, 0x00, 0x00, 0x03, 0xff, 0xff, 0xc0, 0xfb, 0x00, 0x09, 0x0f, 0xff, 0xff, 0x80, 0x00, 0x00, 0x03, 0xff, 0xff, 0xc0, 0xfb, 0x00,
  0x09, 0x07, 0xff, 0xff, 0x80, 0x00, 0x00, 0x03, 0xff, 0xff, 0xc0, 0xfb, 0x00, 0x09, 0x07, 0xff, 0xff, 0x80, 0x00, 0x00, 0x03, 0xff, 0xff, 0xc0,
  0xfb, 0x00, 0x09, 0x07, 0xff, 0xff, 0x80, 0x00, 0x00, 0x03, 0xff, 0xff, 0xc0, 0xfb, 0x00, 0x09, 0x03, 0xff, 0xff, 0x80, 0x00, 0x02, 0x03, 0xff,
  0xff, 0x80, 0xfb, 0x00, 0x09, 0x03, 0xff, 0xff, 0x03, 0xe0, 0x0f, 0x01, 0xff, 0xff, 0x80, 0xfb, 0x00, 0x08, 0x03, 0xff, 0xff, 0x03, 0xf8, 0x3f,
  0x81, 0xff, 0xff, 0xfa, 0x00, 0x08, 0x01, 0xff, 0xfe, 0x03, 0xff, 0xff, 0x80, 0xff, 0xfe, 0xf9, 0x00, 0x07, 0xff, 0xfc, 0x03, 0xff, 0xff, 0x80,
  0x3f, 0xfc, 0xf9, 0x00, 0x04, 0x3f, 0xf0, 0x01, 0xff, 0xff, 0xf3, 0x00, 0x01, 0xff, 0xfe, 0xf3, 0x00, 0x01, 0x3f, 0xfc, 0xf3, 0x00, 0x01, 0x0f,
  0xe0, 0x81, 0x00, 0x81, 0x00, 0xca, 0x00, 0x81, 0x00, 0xb7, 0x00, 0x01, 0x1f, 0xf0, 0xf9, 0x00, 0x01, 0x7f, 0xf8, 0xfd, 0x00, 0x01, 0x7f, 0xfe,
  0xfa, 0x00, 0x02, 0x01, 0xff, 0xfc, 0xfd, 0x00, 0x01, 0xff, 0xff, 0xfa, 0x00, 0x02, 0x03, 0xff, 0xfe, 0xfe, 0x00, 0x03, 0x01, 0xff, 0xff, 0x80,
  0xfb, 0x00, 0x02, 0x03, 0xff, 0xff, 0xfe, 0x00, 0x03, 0x03, 0xff, 0xff, 0x80, 0xfb, 0x00, 0x02, 0x07, 0xff, 0xff, 0xfe, 0x00, 0x03, 0x03, 0xff,
  0xff, 0xc0, 0xfb, 0x00, 0x09, 0x07, 0xff, 0xff, 0x80, 0x00, 0x00, 0x03, 0xff, 0xff, 0xc0, 0xfb, 0x00, 0x09, 0x0f, 0xff, 0xff, 0x80, 0x00, 0x00,
  0x03, 0xff, 0xff, 0xc0, 0xfb, 0x00, 0x09, 0x0f, 0xff, 0xff, 0x80, 0x00, 0x00, 0x03, 0xff, 0xff, 0xe0, 0xfb, 0x00, 0x09, 0x0f, 0xff, 0xff, 0x80,
  0x00, 0x00, 0x03, 0xff, 0xff, 0xe0, 0xfb, 0x00, 0x09, 0x0f, 0xff, 0xff, 0x80, 0x00, 0x00, 0x03, 0xff, 0xff, 0xe0, 0xfb, 0x00, 0x09, 0x0f, 0xff,
  0xff, 0x80, 0x00, 0x00, 0x03, 0xff, 0xff, 0xe0, 0xfb, 0x00, 0x09, 0x0f, 0xff, 0xff, 0x80, 0x00, 0x00, 0x03, 0xff, 0xff, 0xe0, 0xfb, 0x00, 0x09,
  0x0f, 0xff, 0xff, 0x80, 0x00, 0x00, 0x03, 0xff, 0xff, 0xe0, 0xfb, 0x00, 0x09, 0x0f, 0xff, 0xff, 0x80, 0x00, 0x00, 0x03, 0xff, 0xff, 0xe0, 0xfb,
  0x00, 0x09, 0x0f, 0xff, 0xff, 0x80, 0x00, 0x00, 0x03, 0xff, 0xff, 0xe0, 0xfb, 0x00, 0x09, 0x0f, 0xff, 0xff, 0x80, 0x00, 0x00, 0x03, 0xff, 0xff,
  0xe0, 0xfb, 0x00, 0x09, 0x0f, 0xff, 0xff, 0x80, 0x00, 0x00, 0x03, 0xff, 0xff, 0xe0, 0xfb, 0x00, 0x09, 0x0f, 0xff, 0xff, 0x80, 0x00, 0x00, 0x03,
  0xff, 0xff, 0xc0, 0xfb, 0x00, 0x09, 0x0f, 0xff, 0xff, 0x80, 0x00, 0x00, 0x03, 0xff, 0xff, 0xc0, 0xfb, 0x00, 0x09, 0x0f, 0xff, 0xff, 0x80, 0x00,
  0x00, 0x03, 0xff, 0xff, 0xc0, 0xfb, 0x00, 0x09, 0x07, 0xff, 0xff, 0x80, 0x00, 0x00, 0x03, 0xff, 0xff, 0xc0, 0xfb, 0x00, 0x09, 0x07, 0xff, 0xff,
  0x80, 0x00, 0x00, 0x03, 0xff, 0xff, 0xc0, 0xfb, 0x00, 0x09, 0x07, 0xff, 0xff, 0x80, 0x00, 0x00, 0x03, 0xff, 0xff, 0xc0, 0xfb, 0x00, 0x09, 0x03,
  0xff, 0xff, 0x80, 0x00, 0x00, 0x01, 0xff, 0xff, 0x80, 0xfb, 0x00, 0x09, 0x03, 0xff, 0xff, 0x01, 0xe0, 0x0f, 0x01, 0xff, 0xff, 0x80, 0xfb, 0x00,
  0x08, 0x01, 0xff, 0xff, 0x03, 0xf8, 0x3f, 0x81, 0xff, 0xff, 0xfa, 0x00, 0x08, 0x01, 0xff, 0xfe, 0x03, 0xff, 0xff, 0x80, 0xff, 0xfe, 0xf9, 0x00,
  0x07, 0xff, 0xfc, 0x03, 0xff, 0xff, 0x80, 0x3f, 0xfc, 0xf9, 0x00, 0x04, 0x3f, 0xf0, 0x01, 0xff, 0xff, 0xf3, 0x00, 0x01, 0xff, 0xfe, 0xf3, 0x00,
  0x01, 0x3f, 0xfc, 0xf3, 0x00, 0x01, 0x0f, 0xe0, 0x81, 0x00, 0x81, 0x00, 0xca, 0x00, 0x81, 0x00, 0xb7, 0x00, 0x01, 0x07, 0xf0, 0xf9, 0x00, 0x01,
  0x7f, 0xf8, 0xfd, 0x00, 0x01, 0x7f, 0xfe, 0xfa, 0x00, 0x02, 0x01, 0xff, 0xfc, 0xfd, 0x00, 0x01, 0xff, 0xff, 0xfa, 0x00, 0x02, 0x03, 0xff, 0xfe,
  0xfe, 0x00, 0x03, 0x01, 0xff, 0xff, 0x80, 0xfb, 0x00, 0x02, 0x03, 0xff, 0xff, 0xfe, 0x00, 0x03, 0x01, 0xff, 0xff, 0x80, 0xfb, 0x00, 0x02, 0x07,
  0xff, 0xff, 0xfe, 0x00, 0x03, 0x03, 0xff, 0xff, 0xc0, 0xfb, 0x00, 0x09, 0x07, 0xff, 0xff, 0x80, 0x00, 0x00, 0x03, 0xff, 0xff, 0xc0, 0xfb, 0x00,
  0x09, 0x0f, 0xff, 0xff, 0x80, 0x00, 0x00, 0x03, 0xff, 0xff, 0xc0, 0xfb, 0x00, 0x09, 0x0f, 0xff, 0xff, 0x80, 0x00, 0x00, 0x03, 0xff, 0xff, 0xe0,
  0xfb, 0x00, 0x09, 0x0f, 0xff, 0xff, 0x80, 0x00, 0x00, 0x03, 0xff, 0xff, 0xe0, 0xfb, 0x00, 0x09, 0x0f, 0xff, 0xff, 0x80, 0x00, 0x00, 0x03, 0xff,
  0xff, 0xe0, 0xfb, 0x00, 0x09, 0x0f, 0xff, 0xff, 0x80, 0x00, 0x00, 0x03, 0xff, 0xff, 0xe0, 0xfb, 0x00, 0x09, 0x0f, 0xff, 0xff, 0x80, 0x00, 0x00,
  0x03, 0xff, 0xff, 0xe0, 0xfb, 0x00, 0x09, 0x0f, 0xff, 0xff, 0x80, 0x00, 0x00, 0x03, 0xff, 0xff, 0xe0, 0xfb, 0x00, 0x09, 0x0f, 0xff, 0xff, 0x80,
  0x00, 0x00, 0x03, 0xff, 0xff, 0xe0, 0xfb, 0x00, 0x09, 0x0f, 0xff, 0xff, 0x80, 0x00, 0x00, 0x03, 0xff, 0xff, 0xe0, 0xfb, 0x00, 0x09, 0x0f, 0xff,
  0xff, 0x80, 0x00, 0x00, 0x03, 0xff, 0xff, 0xe0, 0xfb, 0x00, 0x09, 0x0f, 0xff, 0xff, 0x80, 0x00, 0x00, 0x03, 0xff, 0xff, 0xe0, 0xfb, 0x00, 0x09,
  0x0f, 0xff, 0xff, 0x80, 0x00, 0x00, 0x03, 0xff, 0xff, 0xc0, 0xfb, 0x00, 0x09, 0x0f, 0xff, 0xff, 0x80, 0x00, 0x00, 0x03, 0xff, 0xff, 0xc0, 0xfb,
  0x00, 0x09, 0x0f, 0xff, 0xff, 0x80, 0x00, 0x00, 0x03, 0xff, 0xff, 0xc0, 0xfb, 0x00, 0x09, 0x07, 0xff, 0xff, 0x80, 0x00, 0x00, 0x03, 0xff, 0xff,
  0xc0, 0xfb, 0x00, 0x09, 0x07, 0xff, 0xff, 0x80, 0x00, 0x00, 0x03, 0xff, 0xff, 0xc0, 0xfb, 0x00, 0x09, 0x07, 0xff, 0xff, 0x80, 0x00, 0x00, 0x03,
  0xff, 0xff, 0xc0, 0xfb, 0x00, 0x09, 0x03, 0xff, 0xff, 0x80, 0x00, 0x00, 0x03, 0xff, 0xff, 0x80, 0xfb, 0x00, 0x09, 0x03, 0xff, 0xff, 0x01, 0xe0,
  0x0f, 0x01, 0xff, 0xff, 0x80, 0xfb, 0x00, 0x09, 0x03, 0xff, 0xff, 0x03, 0xf8, 0x1f, 0x81, 0xff, 0xff, 0x80, 0xfb, 0x00, 0x08, 0x01, 0xff, 0xff,
  0x03, 0xff, 0xff, 0x80, 0xff, 0xfe, 0xf9, 0x00, 0x07, 0xff, 0xfe, 0x03, 0xff, 0xff, 0x80, 0x7f, 0xfc, 0xf9, 0x00, 0x07, 0x3f, 0xf8, 0x03, 0xff,
  0xff, 0x00, 0x07, 0xe0, 0xf7, 0x00, 0x02, 0x01, 0xff, 0xfe, 0xf3, 0x00, 0x01, 0x7f, 0xfc, 0xf3, 0x00, 0x01, 0x1f, 0xe0, 0x81, 0x00, 0x81, 0x00,
  0xca, 0x00, 0x81, 0x00, 0xb7, 0x00, 0x01, 0x0f, 0xe0, 0xf9, 0x00, 0x01, 0x7f, 0xf8, 0xfd, 0x00, 0x01, 0x7f, 0xfe, 0xfa, 0x00, 0x02, 0x01, 0xff,
  0xfc, 0xfd, 0x00, 0x01, 0xff, 0xff, 0xfa, 0x00, 0x02, 0x03, 0xff, 0xfe, 0xfe, 0x00, 0x03, 0x01, 0xff, 0xff, 0x80, 0xfb, 0x00, 0x02, 0x03, 0xff,
  0xff, 0xfe, 0x00, 0x03, 0x01, 0xff, 0xff, 0x80, 0xfb, 0x00, 0x02, 0x07, 0xff, 0xff, 0xfe, 0x00, 0x03, 0x03, 0xff, 0xff, 0xc0, 0xfb, 0x00, 0x09,
  0x07, 0xff, 0xff, 0x80, 0x00, 0x00, 0x03, 0xff, 0xff, 0xc0, 0xfb, 0x00, 0x09, 0x0f, 0xff, 0xff, 0x80, 0x00, 0x00, 0x03, 0xff, 0xff, 0xc0, 0xfb,
  0x00, 0x09, 0x0f, 0xff, 0xff, 0x80, 0x00, 0x00, 0x03, 0xff, 0xff, 0xe0, 0xfb, 0x00, 0x09, 0x0f, 0xff, 0xff, 0x80, 0x00, 0x00, 0x03, 0xff, 0xff,
  0xe0, 0xfb, 0x00, 0x09, 0x0f, 0xff, 0xff, 0x80, 0x00, 0x00, 0x03, 0xff, 0xff, 0xe0, 0xfb, 0x00, 0x09, 0x0f, 0xff, 0xff, 0x80, 0x00, 0x00, 0x03,
  0xff, 0xff, 0xe0, 0xfb, 0x00, 0x09, 0x0f, 0xff, 0xff, 0x80, 0x00, 0x00, 0x03, 0xff, 0xff, 0xe0, 0xfb, 0x00, 0x09, 0x0f, 0xff, 0xff, 0x80, 0x00,
  0x00, 0x03, 0xff, 0xff, 0xe0, 0xfb, 0x00, 0x09, 0x0f, 0xff, 0xff, 0x80, 0x00, 0x00, 0x03, 0xff, 0xff, 0xe0, 0xfb, 0x00, 0x09, 0x0f, 0xff, 0xff,
  0x80, 0x00, 0x00, 0x03, 0xff, 0xff, 0xe0, 0xfb, 0x00, 0x09, 0x0f, 0xff, 0xff, 0x80, 0x00, 0x00, 0x03, 0xff, 0xff, 0xe0, 0xfb, 0x00, 0x09, 0x0f,
  0xff, 0xff, 0x80, 0x00, 0x00, 0x03, 0xff, 0xff, 0xe0, 0xfb, 0x00, 0x09, 0x0f, 0xff, 0xff, 0x80, 0x00, 0x00, 0x03, 0xff, 0xff, 0xe0, 0xfb, 0x00,
  0x09, 0x0f, 0xff, 0xff, 0x80, 0x00, 0x00, 0x03, 0xff, 0xff, 0xe0, 0xfb, 0x00, 0x09, 0x0f, 0xff, 0xff, 0x80, 0x00, 0x00, 0x03, 0xff, 0xff, 0xc0,
  0xfb, 0x00, 0x09, 0x07, 0xff, 0xff, 0x80, 0x00, 0x00, 0x03, 0xff, 0xff, 0xc0, 0xfb, 0x00, 0x09, 0x07, 0xff, 0xff, 0x80, 0x00, 0x00, 0x03, 0xff,
  0xff, 0xc0, 0xfb, 0x00, 0x09, 0x07, 0xff, 0xff, 0x80, 0x00, 0x00, 0x03, 0xff, 0xff, 0xc0, 0xfb, 0x00, 0x09, 0x03, 0xff, 0xff, 0x80, 0x00, 0x00,
  0x03, 0xff, 0xff, 0x80, 0xfb, 0x00, 0x09, 0x03, 0xff, 0xff, 0x01, 0xc0, 0x0f, 0x01, 0xff, 0xff, 0x80, 0xfb, 0x00, 0x08, 0x03, 0xff, 0xff, 0x03,
  0xf8, 0x1f, 0x81, 0xff, 0xff, 0xfa, 0x00, 0x08, 0x01, 0xff, 0xff, 0x03, 0xff, 0xff, 0x80, 0xff, 0xfe, 0xf9, 0x00, 0x07, 0xff, 0xfc, 0x03, 0xff,
  0xff, 0x80, 0x7f, 0xfc, 0xf9, 0x00, 0x07, 0x3f, 0xf8, 0x01, 0xff, 0xff, 0x00, 0x07, 0xc0, 0xf6, 0x00, 0x01, 0xff, 0xfe, 0xf3, 0x00, 0x01, 0x7f,
  0xfc, 0xf3, 0x00, 0x01, 0x1f, 0xf0, 0x81, 0x00, 0x81, 0x00, 0xca, 0x00, 0x81, 0x00, 0xb7, 0x00, 0x01, 0x07, 0xe0, 0xf9, 0x00, 0x01, 0x7f, 0xf8,
  0xfd, 0x00, 0x01, 0x7f, 0xfe, 0xfa, 0x00, 0x02, 0x01, 0xff, 0xfc, 0xfd, 0x00, 0x01, 0xff, 0xff, 0xfa, 0x00, 0x02, 0x03, 0xff, 0xfe, 0xfe, 0x00,
  0x03, 0x01, 0xff, 0xff, 0x80, 0xfb, 0x00, 0x02, 0x03, 0xff, 0xff, 0xfe, 0x00, 0x03, 0x01, 0xff, 0xff, 0x80, 0xfb, 0x00, 0x02, 0x07, 0xff, 0xff,
  0xfe, 0x00, 0x03, 0x03, 0xff, 0xff, 0xc0, 0xfb, 0x00, 0x09, 0x07, 0xff, 0xff, 0x80, 0x00, 0x00, 0x03, 0xff, 0xff, 0xc0, 0xfb, 0x00, 0x09, 0x0f,
  0xff, 0xff, 0x80, 0x00, 0x00, 0x03, 0xff, 0xff, 0xc0, 0xfb, 0x00, 0x09, 0x0f, 0xff, 0xff, 0x80, 0x00, 0x00, 0x03, 0xff, 0xff, 0xe0, 0xfb, 0x00,
  0x09, 0x0f, 0xff, 0xff, 0x80, 0x00, 0x00, 0x03, 0xff, 0xff, 0xe0, 0xfb, 0x00, 0x09, 0x0f, 0xff, 0xff, 0x80, 0x00, 0x00, 0x03, 0xff, 0xff, 0xe0,
  0xfb, 0x00, 0x09, 0x0f, 0xff, 0xff, 0x80, 0x00, 0x00, 0x03, 0xff, 0xff, 0xe0, 0xfb, 0x00, 0x09, 0x0f, 0xff, 0xff, 0x80, 0x00, 0x00, 0x03, 0xff,
  0xff, 0xe0, 0xfb, 0x00, 0x09, 0x0f, 0xff, 0xff, 0x80, 0x00, 0x00, 0x03, 0xff, 0xff, 0xe0, 0xfb, 0x00, 0x09, 0x0f, 0xff, 0xff, 0x80, 0x00, 0x00,
  0x03, 0xff, 0xff, 0xe0, 0xfb, 0x00, 0x09, 0x0f, 0xff, 0xff, 0x80, 0x00, 0x00, 0x03, 0xff, 0xff, 0xe0, 0xfb, 0x00, 0x09, 0x0f, 0xff, 0xff, 0x80,
  0x00, 0x00, 0x03, 0xff, 0xff, 0xe0, 0xfb, 0x00, 0x09, 0x0f, 0xff, 0xff, 0x80, 0x00, 0x00, 0x03, 0xff, 0xff, 0xe0, 0xfb, 0x00, 0x09, 0x0f, 0xff,
  0xff, 0x80, 0x00, 0x00, 0x03, 0xff, 0xff, 0xe0, 0xfb, 0x00, 0x09, 0x0f, 0xff, 0xff, 0x80, 0x00, 0x00, 0x03, 0xff, 0xff, 0xe0, 0xfb, 0x00, 0x09,
  0x0f, 0xff, 0xff, 0x80, 0x00, 0x00, 0x03, 0xff, 0xff, 0xc0, 0xfb, 0x00, 0x09, 0x07, 0xff, 0xff, 0x80, 0x00, 0x00, 0x03, 0xff, 0xff, 0xc0, 0xfb,
  0x00, 0x09, 0x07, 0xff, 0xff, 0x80, 0x00, 0x00, 0x03, 0xff, 0xff, 0xc0, 0xfb, 0x00, 0x09, 0x07, 0xff, 0xff, 0x80, 0x00, 0x00, 0x03, 0xff, 0xff,
  0xc0, 0xfb, 0x00, 0x09, 0x03, 0xff, 0xff, 0x80, 0x00, 0x00, 0x03, 0xff, 0xff, 0x80, 0xfb, 0x00, 0x09, 0x03, 0xff, 0xff, 0x01, 0xe0, 0x0f, 0x01,
  0xff, 0xff, 0x80, 0xfb, 0x00, 0x08, 0x03, 0xff, 0xff, 0x03, 0xf8, 0x1f, 0x81, 0xff, 0xff, 0xfa, 0x00, 0x08, 0x01, 0xff, 0xff, 0x03, 0xff, 0xff,
  0x80, 0xff, 0xfe, 0xf9, 0x00, 0x07, 0xff, 0xfe, 0x03, 0xff, 0xff, 0x80, 0x7f, 0xfc, 0xf9, 0x00, 0x07, 0x3f, 0xf8, 0x03, 0xff, 0xff, 0x00, 0x07,
  0xc0, 0xf9, 0x00, 0x04, 0x01, 0x00, 0x01, 0xff, 0xfe, 0xf3, 0x00, 0x01, 0x7f, 0xfc, 0xf3, 0x00, 0x01, 0x1f, 0xf0, 0x81, 0x00, 0x81, 0x00, 0xca,
  0x00, 0x81, 0x00, 0xb7, 0x00, 0x01, 0x0f, 0xe0, 0xf9, 0x00, 0x01, 0x7f, 0xf8, 0xfd, 0x00, 0x01, 0x7f, 0xfe, 0xfa, 0x00, 0x02, 0x01, 0xff, 0xfc,
  0xfd, 0x00, 0x01, 0xff, 0xff, 0xfa, 0x00, 0x02, 0x03, 0xff, 0xfe, 0xfe, 0x00, 0x03, 0x01, 0xff, 0xff, 0x80, 0xfb, 0x00, 0x02, 0x03, 0xff, 0xff,
  0xfe, 0x00, 0x03, 0x01, 0xff, 0xff, 0x80, 0xfb, 0x00, 0x02, 0x07, 0xff, 0xff, 0xfe, 0x00, 0x03, 0x03, 0xff, 0xff, 0xc0, 0xfb, 0x00, 0x09, 0x07,
  0xff, 0xff, 0x80, 0x00, 0x00, 0x03, 0xff, 0xff, 0xc0, 0xfb, 0x00, 0x09, 0x0f, 0xff, 0xff, 0x80, 0x00, 0x00, 0x03, 0xff, 0xff, 0xc0, 0xfb, 0x00,
  0x09, 0x0f, 0xff, 0xff, 0x80, 0x00, 0x00, 0x03, 0xff, 0xff, 0xe0, 0xfb, 0x00, 0x09, 0x0f, 0xff, 0xff, 0x80, 0x00, 0x00, 0x03, 0xff, 0xff, 0xe0,
  0xfb, 0x00, 0x09, 0x0f, 0xff, 0xff, 0x80, 0x00, 0x00, 0x03, 0xff, 0xff, 0xe0, 0xfb, 0x00, 0x09, 0x0f, 0xff, 0xff, 0x80, 0x00, 0x00, 0x03, 0xff,
  0xff, 0xe0, 0xfb, 0x00, 0x09, 0x0f, 0xff, 0xff, 0x80, 0x00, 0x00, 0x03, 0xff, 0xff, 0xe0, 0xfb, 0x00, 0x09, 0x0f, 0xff, 0xff, 0x80, 0x00, 0x00,
  0x03, 0xff, 0xff, 0xe0, 0xfb, 0x00, 0x09, 0x0f, 0xff, 0xff, 0x80, 0x00, 0x00, 0x03, 0xff, 0xff, 0xe0, 0xfb, 0x00, 0x09, 0x0f, 0xff, 0xff, 0x80,
  0x00, 0x00, 0x03, 0xff, 0xff, 0xe0, 0xfb, 0x00, 0x09, 0x0f, 0xff, 0xff, 0x80, 0x00, 0x00, 0x03, 0xff, 0xff, 0xe0, 0xfb, 0x00, 0x09, 0x0f, 0xff,
  0xff, 0x80, 0x00, 0x00, 0x03, 0xff, 0xff, 0xe0, 0xfb, 0x00, 0x09, 0x0f, 0xff, 0xff, 0x80, 0x00, 0x00, 0x03, 0xff, 0xff, 0xe0, 0xfb, 0x00, 0x09,
  0x0f, 0xff, 0xff, 0x80, 0x00, 0x00, 0x03, 0xff, 0xff, 0xe0, 0xfb, 0x00, 0x09, 0x0f, 0xff, 0xff, 0x80, 0x00, 0x00, 0x03, 0xff, 0xff, 0xc0, 0xfb,
  0x00, 0x09, 0x07, 0xff, 0xff, 0x80, 0x00, 0x00, 0x03, 0xff, 0xff, 0xc0, 0xfb, 0x00, 0x09, 0x07, 0xff, 0xff, 0x80, 0x00, 0x00, 0x03, 0xff, 0xff,
  0xc0, 0xfb, 0x00, 0x09, 0x07, 0xff, 0xff, 0x80, 0x00, 0x00, 0x03, 0xff, 0xff, 0xc0, 0xfb, 0x00, 0x09, 0x03, 0xff, 0xff, 0x80, 0x00, 0x00, 0x03,
  0xff, 0xff, 0x80, 0xfb, 0x00, 0x09, 0x03, 0xff, 0xff, 0x01, 0xc0, 0x0f, 0x01, 0xff, 0xff, 0x80, 0xfb, 0x00, 0x08, 0x03, 0xff, 0xff, 0x03, 0xf8,
  0x1f, 0x81, 0xff, 0xff, 0xfa, 0x00, 0x08, 0x01, 0xff, 0xff, 0x03, 0xff, 0xff, 0x80, 0xff, 0xfe, 0xf9, 0x00, 0x07, 0xff, 0xfe, 0x03, 0xff, 0xff,
  0x80, 0x7f, 0xfc, 0xf9, 0x00, 0x07, 0x3f, 0xf8, 0x03, 0xff, 0xff, 0x00, 0x07, 0xc0, 0xf7, 0x00, 0x02, 0x01, 0xff, 0xfe, 0xf3, 0x00, 0x01, 0x7f,
  0xfc, 0xf3, 0x00, 0x01, 0x1f, 0xf0, 0x81, 0x00, 0x81, 0x00, 0xca, 0x00, 0x81, 0x00, 0xb7, 0x00, 0x01, 0x07, 0xe0, 0xf9, 0x00, 0x01, 0x7f, 0xf8,
  0xfd, 0x00, 0x01, 0x7f, 0xfe, 0xfa, 0x00, 0x02, 0x01, 0xff, 0xfc, 0xfd, 0x00, 0x01, 0xff, 0xff, 0xfa, 0x00, 0x02, 0x03, 0xff, 0xfe, 0xfe, 0x00,
  0x03, 0x01, 0xff, 0xff, 0x80, 0xfb, 0x00, 0x02, 0x03, 0xff, 0xff, 0xfe, 0x00, 0x03, 0x01, 0xff, 0xff, 0x80, 0xfb, 0x00, 0x02, 0x07, 0xff, 0xff,
  0xfe, 0x00, 0x03, 0x03, 0xff, 0xff, 0xc0, 0xfb, 0x00, 0x09, 0x07, 0xff, 0xff, 0x80, 0x00, 0x00, 0x03, 0xff, 0xff, 0xc0, 0xfb, 0x00, 0x09, 0x0f,
  0xff, 0xff, 0x80, 0x00, 0x00, 0x03, 0xff, 0xff, 0xc0, 0xfb, 0x00, 0x09, 0x0f, 0xff, 0xff, 0x80, 0x00, 0x00, 0x03, 0xff, 0xff, 0xe0, 0xfb, 0x00,
  0x09, 0x0f, 0xff, 0xff, 0x80, 0x00, 0x00, 0x03, 0xff, 0xff, 0xe0, 0xfb, 0x00, 0x09, 0x0f, 0xff, 0xff, 0x80, 0x00, 0x00, 0x03, 0xff, 0xff, 0xe0,
  0xfb, 0x00, 0x09, 0x0f, 0xff, 0xff, 0x80, 0x00, 0x00, 0x03, 0xff, 0xff, 0xe0, 0xfb, 0x00, 0x09, 0x0f, 0xff, 0xff, 0x80, 0x00, 0x00, 0x03, 0xff,
  0xff, 0xe0, 0xfb, 0x00, 0x09, 0x0f, 0xff, 0xff, 0x80, 0x00, 0x00, 0x03, 0xff, 0xff, 0xe0, 0xfb, 0x00, 0x09, 0x0f, 0xff, 0xff, 0x80, 0x00, 0x00,
  0x03, 0xff, 0xff, 0xe0, 0xfb, 0x00, 0x09, 0x0f, 0xff, 0xff, 0x80, 0x00, 0x00, 0x03, 0xff, 0xff, 0xe0, 0xfb, 0x00, 0x09, 0x0f, 0xff, 0xff, 0x80,
  0x00, 0x00, 0x03, 0xff, 0xff, 0xe0, 0xfb, 0x00, 0x09, 0x0f, 0xff, 0xff, 0x80, 0x00, 0x00, 0x03, 0xff, 0xff, 0xe0, 0xfb, 0x00, 0x09, 0x0f, 0xff,
  0xff, 0x80, 0x00, 0x00, 0x03, 0xff, 0xff, 0xe0, 0xfb, 0x00, 0x09, 0x0f, 0xff, 0xff, 0x80, 0x00, 0x00, 0x03, 0xff, 0xff, 0xe0, 0xfb, 0x00, 0x09,
  0x0f, 0xff, 0xff, 0x80, 0x00, 0x00, 0x03, 0xff, 0xff, 0xc0, 0xfb, 0x00, 0x09, 0x07, 0xff, 0xff, 0x80, 0x00, 0x00, 0x03, 0xff, 0xff, 0xc0, 0xfb,
  0x00, 0x09, 0x07, 0xff, 0xff, 0x80, 0x00, 0x00, 0x03, 0xff, 0xff, 0xc0, 0xfb, 0x00, 0x09, 0x07, 0xff, 0xff, 0x80, 0x00, 0x00, 0x03, 0xff, 0xff,
  0xc0, 0xfb, 0x00, 0x09, 0x03, 0xff, 0xff, 0x80, 0x00, 0x00, 0x03, 0xff, 0xff, 0x80, 0xfb, 0x00, 0x09, 0x03, 0xff, 0xff, 0x01, 0xe0, 0x0f, 0x01,
  0xff, 0xff, 0x80, 0xfb, 0x00, 0x08, 0x03, 0xff, 0xff, 0x03, 0xf8, 0x1f, 0x81, 0xff, 0xff, 0xfa, 0x00, 0x08, 0x01, 0xff, 0xff, 0x03, 0xff, 0xff,
  0x80, 0xff, 0xfe, 0xf9, 0x00, 0x07, 0xff, 0xfc, 0x03, 0xff, 0xff, 0x80, 0x7f, 0xfc, 0xf9, 0x00, 0x07, 0x3f, 0xf8, 0x03, 0xff, 0xff, 0x00, 0x07,
  0xc0, 0xf7, 0x00, 0x02, 0x01, 0xff, 0xfe, 0xf3, 0x00, 0x01, 0x7f, 0xfc, 0xf3, 0x00, 0x01, 0x1f, 0xf0, 0x81, 0x00, 0x81, 0x00, 0xca, 0x00, 0x81,
  0x00, 0xb7, 0x00, 0x01, 0x0f, 0xe0, 0xf9, 0x00, 0x01, 0x7f, 0xf8, 0xfd, 0x00, 0x01, 0x7f, 0xfe, 0xfa, 0x00, 0x02, 0x01, 0xff, 0xfc, 0xfd, 0x00,
  0x01, 0xff, 0xff, 0xfa, 0x00, 0x02, 0x03, 0xff, 0xfe, 0xfe, 0x00, 0x03, 0x01, 0xff, 0xff, 0x80, 0xfb, 0x00, 0x02, 0x03, 0xff, 0xff, 0xfe, 0x00,
  0x03, 0x03, 0xff, 0xff, 0x80, 0xfb, 0x00, 0x02, 0x07, 0xff, 0xff, 0xfe, 0x00, 0x03, 0x03, 0xff, 0xff, 0xc0, 0xfb, 0x00, 0x09, 0x07, 0xff, 0xff,
  0x80, 0x00, 0x00, 0x03, 0xff, 0xff, 0xc0, 0xfb, 0x00, 0x09, 0x0f, 0xff, 0xff, 0x80, 0x00, 0x00, 0x03, 0xff, 0xff, 0xc0, 0xfb, 0x00, 0x09, 0x0f,
  0xff, 0xff, 0x80, 0x00, 0x00, 0x03, 0xff, 0xff, 0xe0, 0xfb, 0x00, 0x09, 0x0f, 0xff, 0xff, 0x80, 0x00, 0x00, 0x03, 0xff, 0xff, 0xe0, 0xfb, 0x00,
  0x09, 0x0f, 0xff, 0xff, 0x80, 0x00, 0x00, 0x03, 0xff, 0xff, 0xe0, 0xfb, 0x00, 0x09, 0x0f, 0xff, 0xff, 0x80, 0x00, 0x00, 0x03, 0xff, 0xff, 0xe0,
  0xfb, 0x00, 0x09, 0x0f, 0xff, 0xff, 0x80, 0x00, 0x00, 0x03, 0xff, 0xff, 0xe0, 0xfb, 0x00, 0x09, 0x0f, 0xff, 0xff, 0x80, 0x00, 0x00, 0x03, 0xff,
  0xff, 0xe0, 0xfb, 0x00, 0x09, 0x0f, 0xff, 0xff, 0x80, 0x00, 0x00, 0x03, 0xff, 0xff, 0xe0, 0xfb, 0x00, 0x09, 0x0f, 0xff, 0xff, 0x80, 0x00, 0x00,
  0x03, 0xff, 0xff, 0xe0, 0xfb, 0x00, 0x09, 0x0f, 0xff, 0xff, 0x80, 0x00, 0x00, 0x03, 0xff, 0xff, 0xe0, 0xfb, 0x00, 0x09, 0x0f, 0xff, 0xff, 0x80,
  0x00, 0x00, 0x03, 0xff, 0xff, 0xe0, 0xfb, 0x00, 0x09, 0x0f, 0xff, 0xff, 0x80, 0x00, 0x00, 0x03, 0xff, 0xff, 0xe0, 0xfb, 0x00, 0x09, 0x0f, 0xff,
  0xff, 0x80, 0x00, 0x00, 0x03, 0xff, 0xff, 0xe0, 0xfb, 0x00, 0x09, 0x0f, 0xff, 0xff, 0x80, 0x00, 0x00, 0x03, 0xff, 0xff, 0xc0, 0xfb, 0x00, 0x09,
  0x07, 0xff, 0xff, 0x80, 0x00, 0x00, 0x03, 0xff, 0xff, 0xc0, 0xfb, 0x00, 0x09, 0x07, 0xff, 0xff, 0x80, 0x00, 0x00, 0x03, 0xff, 0xff, 0xc0, 0xfb,
  0x00, 0x09, 0x07, 0xff, 0xff, 0x80, 0x00, 0x00, 0x03, 0xff, 0xff, 0xc0, 0xfb, 0x00, 0x09, 0x03, 0xff, 0xff, 0x80, 0x00, 0x00, 0x03, 0xff, 0xff,
  0x80, 0xfb, 0x00, 0x09, 0x03, 0xff, 0xff, 0x01, 0xc0, 0x0f, 0x01, 0xff, 0xff, 0x80, 0xfb, 0x00, 0x08, 0x03, 0xff, 0xff, 0x03, 0xf8, 0x1f, 0x81,
  0xff, 0xff, 0xfa, 0x00, 0x08, 0x01, 0xff, 0xff, 0x03, 0xff, 0xff, 0x80, 0xff, 0xfe, 0xf9, 0x00, 0x07, 0xff, 0xfc, 0x03, 0xff, 0xff, 0x80, 0x7f,
  0xfc, 0xf9, 0x00, 0x07, 0x3f, 0xf8, 0x03, 0xff, 0xff, 0x00, 0x07, 0xc0, 0xf7, 0x00, 0x02, 0x01, 0xff, 0xfe, 0xf3, 0x00, 0x01, 0x7f, 0xfc, 0xf3,
  0x00, 0x01, 0x1f, 0xf0, 0x81, 0x00, 0x81, 0x00, 0xca, 0x00, 0x81, 0x00, 0xb7, 0x00, 0x01, 0x07, 0xe0, 0xf9, 0x00, 0x01, 0x7f, 0xf8, 0xfd, 0x00,
  0x01, 0x7f, 0xfc, 0xfa, 0x00, 0x02, 0x01, 0xff, 0xfc, 0xfd, 0x00, 0x01, 0xff, 0xff, 0xfa, 0x00, 0x02, 0x03, 0xff, 0xfe, 0xfe, 0x00, 0x03, 0x01,
  0xff, 0xff, 0x80, 0xfb, 0x00, 0x02, 0x03, 0xff, 0xff, 0xfe, 0x00, 0x03, 0x01, 0xff, 0xff, 0x80, 0xfb, 0x00, 0x02, 0x07, 0xff, 0xff, 0xfe, 0x00,
  0x03, 0x03, 0xff, 0xff, 0xc0, 0xfb, 0x00, 0x09, 0x07, 0xff, 0xff, 0x80, 0x00, 0x00, 0x03, 0xff, 0xff, 0xc0, 0xfb, 0x00, 0x09, 0x0f, 0xff, 0xff,
  0x80, 0x00, 0x00, 0x03, 0xff, 0xff, 0xc0, 0xfb, 0x00, 0x09, 0x0f, 0xff, 0xff, 0x80, 0x00, 0x00, 0x03, 0xff, 0xff, 0xe0, 0xfb, 0x00, 0x09, 0x0f,
  0xff, 0xff, 0x80, 0x00, 0x00, 0x03, 0xff, 0xff, 0xe0, 0xfb, 0x00, 0x09, 0x0f, 0xff, 0xff, 0x80, 0x00, 0x00, 0x03, 0xff, 0xff, 0xe0, 0xfb, 0x00,
  0x09, 0x0f, 0xff, 0xff, 0x80, 0x00, 0x00, 0x03, 0xff, 0xff, 0xe0, 0xfb, 0x00, 0x09, 0x0f, 0xff, 0xff, 0x80, 0x00, 0x00, 0x03, 0xff, 0xff, 0xe0,
  0xfb, 0x00, 0x09, 0x0f, 0xff, 0xff, 0x80, 0x00, 0x00, 0x03, 0xff, 0xff, 0xe0, 0xfb, 0x00, 0x09, 0x0f, 0xff, 0xff, 0x80, 0x00, 0x00, 0x03, 0xff,
  0xff, 0xe0, 0xfb, 0x00, 0x09, 0x0f, 0xff, 0xff, 0x80, 0x00, 0x00, 0x03, 0xff, 0xff, 0xe0, 0xfb, 0x00, 0x09, 0x0f, 0xff, 0xff, 0x80, 0x00, 0x00,
  0x03, 0xff, 0xff, 0xe0, 0xfb, 0x00, 0x09, 0x0f, 0xff, 0xff, 0x80, 0x00, 0x00, 0x03, 0xff, 0xff, 0xe0, 0xfb, 0x00, 0x09, 0x0f, 0xff, 0xff, 0x80,
  0x00, 0x00, 0x03, 0xff, 0xff, 0xe0, 0xfb, 0x00, 0x09, 0x0f, 0xff, 0xff, 0x80, 0x00, 0x00, 0x03, 0xff, 0xff, 0xe0, 0xfb, 0x00, 0x09, 0x0f, 0xff,
  0xff, 0x80, 0x00, 0x00, 0x03, 0xff, 0xff, 0xc0, 0xfb, 0x00, 0x09, 0x07, 0xff, 0xff, 0x80, 0x00, 0x00, 0x03, 0xff, 0xff, 0xc0, 0xfb, 0x00, 0x09,
  0x07, 0xff, 0xff, 0x80, 0x00, 0x00, 0x03, 0xff, 0xff, 0xc0, 0xfb, 0x00, 0x09, 0x07, 0xff, 0xff, 0x80, 0x00, 0x00, 0x03, 0xff, 0xff, 0xc0, 0xfb,
  0x00, 0x09, 0x03, 0xff, 0xff, 0x80, 0x00, 0x00, 0x03, 0xff, 0xff, 0x80, 0xfb, 0x00, 0x09, 0x03, 0xff, 0xff, 0x01, 0xe0, 0x0f, 0x01, 0xff, 0xff,
  0x80, 0xfb, 0x00, 0x08, 0x03, 0xff, 0xff, 0x03, 0xf8, 0x1f, 0x81, 0xff, 0xff, 0xfa, 0x00, 0x08, 0x01, 0xff, 0xff, 0x03, 0xff, 0xff, 0x80, 0xff,
  0xfe, 0xf9, 0x00, 0x07, 0xff, 0xfe, 0x03, 0xff, 0xff, 0x80, 0x7f, 0xfc, 0xf9, 0x00, 0x07, 0x3f, 0xf8, 0x03, 0xff, 0xff, 0x00, 0x07, 0xc0, 0xf9,
  0x00, 0x04, 0x01, 0x00, 0x01, 0xff, 0xfe, 0xf3, 0x00, 0x01, 0xff, 0xfc, 0xf3, 0x00, 0x01, 0x1f, 0xf0, 0x81, 0x00, 0x81, 0x00, 0xca, 0x00, 0x81,
  0x00, 0xb7, 0x00, 0x01, 0x0f, 0xe0, 0xf9, 0x00, 0x01, 0x7f, 0xf8, 0xfd, 0x00, 0x01, 0x7f, 0xfe, 0xfa, 0x00, 0x02, 0x01, 0xff, 0xfc, 0xfd, 0x00,
  0x01, 0xff, 0xff, 0xfa, 0x00, 0x02, 0x03, 0xff, 0xfe, 0xfe, 0x00, 0x03, 0x01, 0xff, 0xff, 0x80, 0xfb, 0x00, 0x02, 0x03, 0xff, 0xff, 0xfe, 0x00,
  0x03, 0x01, 0xff, 0xff, 0x80, 0xfb, 0x00, 0x02, 0x07, 0xff, 0xff, 0xfe, 0x00, 0x03, 0x03, 0xff, 0xff, 0xc0, 0xfb, 0x00, 0x09, 0x07, 0xff, 0xff,
  0x80, 0x00, 0x00, 0x03, 0xff, 0xff, 0xc0, 0xfb, 0x00, 0x09, 0x0f, 0xff, 0xff, 0x80, 0x00, 0x00, 0x03, 0xff, 0xff, 0xc0, 0xfb, 0x00, 0x09, 0x0f,
  0xff, 0xff, 0x80, 0x00, 0x00, 0x03, 0xff, 0xff, 0xe0, 0xfb, 0x00, 0x09, 0x0f, 0xff, 0xff, 0x80, 0x00, 0x00, 0x03, 0xff, 0xff, 0xe0, 0xfb, 0x00,
  0x09, 0x0f, 0xff, 0xff, 0x80, 0x00, 0x00, 0x03, 0xff, 0xff, 0xe0, 0xfb, 0x00, 0x09, 0x0f, 0xff, 0xff, 0x80, 0x00, 0x00, 0x03, 0xff, 0xff, 0xe0,
  0xfb, 0x00, 0x09, 0x0f, 0xff, 0xff, 0x80, 0x00, 0x00, 0x03, 0xff, 0xff, 0xe0, 0xfb, 0x00, 0x09, 0x0f, 0xff, 0xff, 0x80, 0x00, 0x00, 0x03, 0xff,
  0xff, 0xe0, 0xfb, 0x00, 0x09, 0x0f, 0xff, 0xff, 0x80, 0x00, 0x00, 0x03, 0xff, 0xff, 0xe0, 0xfb, 0x00, 0x09, 0x0f, 0xff, 0xff, 0x80, 0x00, 0x00,
  0x03, 0xff, 0xff, 0xe0, 0xfb, 0x00, 0x09, 0x0f, 0xff, 0xff, 0x80, 0x00, 0x00, 0x03, 0xff, 0xff, 0xe0, 0xfb, 0x00, 0x09, 0x0f, 0xff, 0xff, 0x80,
  0x00, 0x00, 0x03, 0xff, 0xff, 0xe0, 0xfb, 0x00, 0x09, 0x0f, 0xff, 0xff, 0x80, 0x00, 0x00, 0x03, 0xff, 0xff, 0xe0, 0xfb, 0x00, 0x09, 0x0f, 0xff,
  0xff, 0x80, 0x00, 0x00, 0x03, 0xff, 0xff, 0xc0, 0xfb, 0x00, 0x09, 0x0f, 0xff, 0xff, 0x80, 0x00, 0x00, 0x03, 0xff, 0xff, 0xc0, 0xfb, 0x00, 0x09,
  0x07, 0xff, 0xff, 0x80, 0x00, 0x00, 0x03, 0xff, 0xff, 0xc0, 0xfb, 0x00, 0x09, 0x07, 0xff, 0xff, 0x80, 0x00, 0x00, 0x03, 0xff, 0xff, 0xc0, 0xfb,
  0x00, 0x09, 0x07, 0xff, 0xff, 0x80, 0x00, 0x00, 0x03, 0xff, 0xff, 0xc0, 0xfb, 0x00, 0x09, 0x03, 0xff, 0xff, 0x80, 0x00, 0x00, 0x03, 0xff, 0xff,
  0x80, 0xfb, 0x00, 0x09, 0x03, 0xff, 0xff, 0x01, 0xc0, 0x0f, 0x01, 0xff, 0xff, 0x80, 0xfb, 0x00, 0x08, 0x03, 0xff, 0xff, 0x03, 0xf0, 0x1f, 0x81,
  0xff, 0xff, 0xfa, 0x00, 0x08, 0x01, 0xff, 0xff, 0x03, 0xff, 0xff, 0x80, 0xff, 0xfe, 0xf9, 0x00, 0x07, 0xff, 0xfe, 0x03, 0xff, 0xff, 0x80, 0x7f,
  0xfc, 0xf9, 0x00, 0x07, 0x3f, 0xf8, 0x03, 0xff, 0xff, 0x00, 0x07, 0xc0, 0xf7, 0x00, 0x02, 0x01, 0xff, 0xfe, 0xf3, 0x00, 0x01, 0x7f, 0xfc, 0xf3,
  0x00, 0x01, 0x1f, 0xf0, 0x81, 0x00, 0x81, 0x00, 0xca, 0x00, 0x81, 0x00, 0xb7, 0x00, 0x01, 0x07, 0xe0, 0xf9, 0x00, 0x01, 0x7f, 0xf0, 0xfd, 0x00,
  0x01, 0x7f, 0xfe, 0xfa, 0x00, 0x02, 0x01, 0xff, 0xfc, 0xfd, 0x00, 0x01, 0xff, 0xff, 0xfa, 0x00, 0x02, 0x03, 0xff, 0xfe, 0xfe, 0x00, 0x03, 0x01,
  0xff, 0xff, 0x80, 0xfb, 0x00, 0x02, 0x03, 0xff, 0xff, 0xfe, 0x00, 0x03, 0x01, 0xff, 0xff, 0x80, 0xfb, 0x00, 0x02, 0x07, 0xff, 0xff, 0xfe, 0x00,
  0x03, 0x03, 0xff, 0xff, 0xc0, 0xfb, 0x00, 0x09, 0x07, 0xff, 0xff, 0x80, 0x00, 0x00, 0x03, 0xff, 0xff, 0xc0, 0xfb, 0x00, 0x09, 0x0f, 0xff, 0xff,
  0x80, 0x00, 0x00, 0x03, 0xff, 0xff, 0xc0, 0xfb, 0x00, 0x09, 0x0f, 0xff, 0xff, 0x80, 0x00, 0x00, 0x03, 0xff, 0xff, 0xe0, 0xfb, 0x00, 0x09, 0x0f,
  0xff, 0xff, 0x80, 0x00, 0x00, 0x03, 0xff, 0xff, 0xe0, 0xfb, 0x00, 0x09, 0x0f, 0xff, 0xff, 0x80, 0x00, 0x00, 0x03, 0xff, 0xff, 0xe0, 0xfb, 0x00,
  0x09, 0x0f, 0xff, 0xff, 0x80, 0x00, 0x00, 0x03, 0xff, 0xff, 0xe0, 0xfb, 0x00, 0x09, 0x0f, 0xff, 0xff, 0x80, 0x00, 0x00, 0x03, 0xff, 0xff, 0xe0,
  0xfb, 0x00, 0x09, 0x0f, 0xff, 0xff, 0x80, 0x00, 0x00, 0x03, 0xff, 0xff, 0xe0, 0xfb, 0x00, 0x09, 0x0f, 0xff, 0xff, 0x80, 0x00, 0x00, 0x03, 0xff,
  0xff, 0xe0, 0xfb, 0x00, 0x09, 0x0f, 0xff, 0xff, 0x80, 0x00, 0x00, 0x03, 0xff, 0xff, 0xe0, 0xfb, 0x00, 0x09, 0x0f, 0xff, 0xff, 0x80, 0x00, 0x00,
  0x03, 0xff, 0xff, 0xe0, 0xfb, 0x00, 0x09, 0x0f, 0xff, 0xff, 0x80, 0x00, 0x00, 0x03, 0xff, 0xff, 0xe0, 0xfb, 0x00, 0x09, 0x0f, 0xff, 0xff, 0x80,
  0x00, 0x00, 0x03, 0xff, 0xff, 0xe0, 0xfb, 0x00, 0x09, 0x0f, 0xff, 0xff, 0x80, 0x00, 0x00, 0x03, 0xff, 0xff, 0xc0, 0xfb, 0x00, 0x09, 0x0f, 0xff,
  0xff, 0x80, 0x00, 0x00, 0x03, 0xff, 0xff, 0xc0, 0xfb, 0x00, 0x09, 0x07, 0xff, 0xff, 0x80, 0x00, 0x00, 0x03, 0xff, 0xff, 0xc0, 0xfb, 0x00, 0x09,
  0x07, 0xff, 0xff, 0x80, 0x00, 0x00, 0x03, 0xff, 0xff, 0xc0, 0xfb, 0x00, 0x09, 0x07, 0xff, 0xff, 0x80, 0x00, 0x00, 0x03, 0xff, 0xff, 0xc0, 0xfb,
  0x00, 0x09, 0x03, 0xff, 0xff, 0x80, 0x00, 0x00, 0x03, 0xff, 0xff, 0x80, 0xfb, 0x00, 0x09, 0x03, 0xff, 0xff, 0x01, 0xc0, 0x0f, 0x01, 0xff, 0xff,
  0x80, 0xfb, 0x00, 0x08, 0x03, 0xff, 0xff, 0x03, 0xf8, 0x1f, 0x81, 0xff, 0xff, 0xfa, 0x00, 0x08, 0x01, 0xff, 0xff, 0x03, 0xff, 0xff, 0x80, 0xff,
  0xfe, 0xf9, 0x00, 0x07, 0xff, 0xfe, 0x03, 0xff, 0xff, 0x80, 0x7f, 0xfc, 0xf9, 0x00, 0x07, 0x3f, 0xf8, 0x03, 0xff, 0xff, 0x00, 0x0f, 0xc0, 0xf7,
  0x00, 0x02, 0x01, 0xff, 0xfe, 0xf3, 0x00, 0x01, 0xff, 0xfc, 0xf3, 0x00, 0x01, 0x1f, 0xf0, 0x81, 0x00, 0x81, 0x00, 0xca, 0x00, 0x81, 0x00, 0xb7,
  0x00, 0x01, 0x07, 0xe0, 0xf9, 0x00, 0x01, 0x7f, 0xf8, 0xfd, 0x00, 0x01, 0x7f, 0xfe, 0xfa, 0x00, 0x02, 0x01, 0xff, 0xfc, 0xfd, 0x00, 0x01, 0xff,
  0xff, 0xfa, 0x00, 0x02, 0x03, 0xff, 0xfe, 0xfe, 0x00, 0x03, 0x01, 0xff, 0xff, 0x80, 0xfb, 0x00, 0x02, 0x03, 0xff, 0xff, 0xfe, 0x00, 0x03, 0x01,
  0xff, 0xff, 0x80, 0xfb, 0x00, 0x02, 0x07, 0xff, 0xff, 0xfe, 0x00, 0x03, 0x03, 0xff, 0xff, 0xc0, 0xfb, 0x00, 0x09, 0x07, 0xff, 0xff, 0x80, 0x00,
  0x00, 0x03, 0xff, 0xff, 0xc0, 0xfb, 0x00, 0x09, 0x0f, 0xff, 0xff, 0x80, 0x00, 0x00, 0x03, 0xff, 0xff, 0xc0, 0xfb, 0x00, 0x09, 0x0f, 0xff, 0xff,
  0x80, 0x00, 0x00, 0x03, 0xff, 0xff, 0xe0, 0xfb, 0x00, 0x09, 0x0f, 0xff, 0xff, 0x80, 0x00, 0x00, 0x03, 0xff, 0xff, 0xe0, 0xfb, 0x00, 0x09, 0x0f,
  0xff, 0xff, 0x80, 0x00, 0x00, 0x03, 0xff, 0xff, 0xe0, 0xfb, 0x00, 0x09, 0x0f, 0xff, 0xff, 0x80, 0x00, 0x00, 0x03, 0xff, 0xff, 0xe0, 0xfb, 0x00,
  0x09, 0x0f, 0xff, 0xff, 0x80, 0x00, 0x00, 0x03, 0xff, 0xff, 0xe0, 0xfb, 0x00, 0x09, 0x0f, 0xff, 0xff, 0x80, 0x00, 0x00, 0x03, 0xff, 0xff, 0xe0,
  0xfb, 0x00, 0x09, 0x0f, 0xff, 0xff, 0x80, 0x00, 0x00, 0x03, 0xff, 0xff, 0xe0, 0xfb, 0x00, 0x09, 0x0f, 0xff, 0xff, 0x80, 0x00, 0x00, 0x03, 0xff,
  0xff, 0xe0, 0xfb, 0x00, 0x09, 0x0f, 0xff, 0xff, 0x80, 0x00, 0x00, 0x03, 0xff, 0xff, 0xe0, 0xfb, 0x00, 0x09, 0x0f, 0xff, 0xff, 0x80, 0x00, 0x00,
  0x03, 0xff, 0xff, 0xe0, 0xfb, 0x00, 0x09, 0x0f, 0xff, 0xff, 0x80, 0x00, 0x00, 0x03, 0xff, 0xff, 0xe0, 0xfb, 0x00, 0x09, 0x0f, 0xff, 0xff, 0x80,
  0x00, 0x00, 0x03, 0xff, 0xff, 0xc0, 0xfb, 0x00, 0x09, 0x0f, 0xff, 0xff, 0x80, 0x00, 0x00, 0x03, 0xff, 0xff, 0xc0, 0xfb, 0x00, 0x09, 0x07, 0xff,
  0xff, 0x80, 0x00, 0x00, 0x03, 0xff, 0xff, 0xc0, 0xfb, 0x00, 0x09, 0x07, 0xff, 0xff, 0x80, 0x00, 0x00, 0x03, 0xff, 0xff, 0xc0, 0xfb, 0x00, 0x09,
  0x07, 0xff, 0xff, 0x80, 0x00, 0x00, 0x03, 0xff, 0xff, 0xc0, 0xfb, 0x00, 0x09, 0x03, 0xff, 0xff, 0x80, 0x00, 0x00, 0x03, 0xff, 0xff, 0x80, 0xfb,
  0x00, 0x09, 0x03, 0xff, 0xff, 0x01, 0xc0, 0x0f, 0x01, 0xff, 0xff, 0x80, 0xfb, 0x00, 0x08, 0x03, 0xff, 0xff, 0x03, 0xf0, 0x1f, 0x81, 0xff, 0xff,
  0xfa, 0x00, 0x08, 0x01, 0xff, 0xff, 0x03, 0xff, 0xff, 0x80, 0xff, 0xfe, 0xf9, 0x00, 0x07, 0xff, 0xfe, 0x03, 0xff, 0xff, 0x80, 0x7f, 0xfc, 0xf9,
  0x00, 0x07, 0x3f, 0xf8, 0x03, 0xff, 0xff, 0x00, 0x0f, 0xc0, 0xf9, 0x00, 0x04, 0x01, 0x00, 0x01, 0xff, 0xfe, 0xf3, 0x00, 0x01, 0xff, 0xfc, 0xf3,
  0x00, 0x01, 0x1f, 0xf0, 0x81, 0x00, 0x81, 0x00, 0xca, 0x00, 0x81, 0x00, 0xb7, 0x00, 0x01, 0x01, 0xc0, 0xf9, 0x00, 0x01, 0x7f, 0xf0, 0xfd, 0x00,
  0x01, 0x7f, 0xfc, 0xfa, 0x00, 0x02, 0x01, 0xff, 0xfc, 0xfd, 0x00, 0x01, 0xff, 0xff, 0xfa, 0x00, 0x02, 0x03, 0xff, 0xfe, 0xfe, 0x00, 0x03, 0x01,
  0xff, 0xff, 0x80, 0xfb, 0x00, 0x02, 0x03, 0xff, 0xff, 0xfe, 0x00, 0x03, 0x01, 0xff, 0xff, 0x80, 0xfb, 0x00, 0x02, 0x07, 0xff, 0xff, 0xfe, 0x00,
  0x03, 0x03, 0xff, 0xff, 0xc0, 0xfb, 0x00, 0x09, 0x07, 0xff, 0xff, 0x80, 0x00, 0x00, 0x03, 0xff, 0xff, 0xc0, 0xfb, 0x00, 0x09, 0x0f, 0xff, 0xff,
  0x80, 0x00, 0x00, 0x03, 0xff, 0xff, 0xc0, 0xfb, 0x00, 0x09, 0x0f, 0xff, 0xff, 0x80, 0x00, 0x00, 0x03, 0xff, 0xff, 0xe0, 0xfb, 0x00, 0x09, 0x0f,
  0xff, 0xff, 0x80, 0x00, 0x00, 0x03, 0xff, 0xff, 0xe0, 0xfb, 0x00, 0x09, 0x0f, 0xff, 0xff, 0x80, 0x00, 0x00, 0x03, 0xff, 0xff, 0xe0, 0xfb, 0x00,
  0x09, 0x0f, 0xff, 0xff, 0x80, 0x00, 0x00, 0x03, 0xff, 0xff, 0xe0, 0xfb, 0x00, 0x09, 0x0f, 0xff, 0xff, 0x80, 0x00, 0x00, 0x03, 0xff, 0xff, 0xe0,
  0xfb, 0x00, 0x09, 0x0f, 0xff, 0xff, 0x80, 0x00, 0x00, 0x03, 0xff, 0xff, 0xe0, 0xfb, 0x00, 0x09, 0x0f, 0xff, 0xff, 0x80, 0x00, 0x00, 0x03, 0xff,
  0xff, 0xe0, 0xfb, 0x00, 0x09, 0x0f, 0xff, 0xff, 0x80, 0x00, 0x00, 0x03, 0xff, 0xff, 0xe0, 0xfb, 0x00, 0x09, 0x0f, 0xff, 0xff, 0x80, 0x00, 0x00,
  0x03, 0xff, 0xff, 0xe0, 0xfb, 0x00, 0x09, 0x0f, 0xff, 0xff, 0x80, 0x00, 0x00, 0x03, 0xff, 0xff, 0xe0, 0xfb, 0x00, 0x09, 0x0f, 0xff, 0xff, 0x80,
  0x00, 0x00, 0x03, 0xff, 0xff, 0xe0, 0xfb, 0x00, 0x09, 0x0f, 0xff, 0xff, 0x80, 0x00, 0x00, 0x03, 0xff, 0xff, 0xc0, 0xfb, 0x00, 0x09, 0x0f, 0xff,
  0xff, 0x80, 0x00, 0x00, 0x03, 0xff, 0xff, 0xc0, 0xfb, 0x00, 0x09, 0x07, 0xff, 0xff, 0x80, 0x00, 0x00, 0x03, 0xff, 0xff, 0xc0, 0xfb, 0x00, 0x09,
  0x07, 0xff, 0xff, 0x80, 0x00, 0x00, 0x03, 0xff, 0xff, 0xc0, 0xfb, 0x00, 0x09, 0x07, 0xff, 0xff, 0x80, 0x00, 0x00, 0x03, 0xff, 0xff, 0xc0, 0xfb,
  0x00, 0x09, 0x07, 0xff, 0xff, 0x80, 0x00, 0x00, 0x03, 0xff, 0xff, 0x80, 0xfb, 0x00, 0x09, 0x03, 0xff, 0xff, 0x01, 0xc0, 0x0f, 0x01, 0xff, 0xff,
  0x80, 0xfb, 0x00, 0x08, 0x03, 0xff, 0xff, 0x03, 0xf0, 0x1f, 0x81, 0xff, 0xff, 0xfa, 0x00, 0x08, 0x01, 0xff, 0xff, 0x03, 0xff, 0xff, 0x80, 0xff,
  0xfe, 0xf9, 0x00, 0x07, 0xff, 0xfe, 0x03, 0xff, 0xff, 0x80, 0x7f, 0xfc, 0xf9, 0x00, 0x07, 0x3f, 0xf8, 0x03, 0xff, 0xff, 0x00, 0x0f, 0xe0, 0xf9,
  0x00, 0x04, 0x01, 0x00, 0x01, 0xff, 0xfe, 0xf3, 0x00, 0x01, 0xff, 0xfc, 0xf3, 0x00, 0x01, 0x1f, 0xf0, 0x81, 0x00, 0x81, 0x00, 0xca, 0x00, 0x81,
  0x00, 0xb7, 0x00, 0x01, 0x07, 0xe0, 0xf9, 0x00, 0x01, 0x7f, 0xf8, 0xfd, 0x00, 0x01, 0x7f, 0xfe, 0xfa, 0x00, 0x02, 0x01, 0xff, 0xfc, 0xfd, 0x00,
  0x01, 0xff, 0xff, 0xfa, 0x00, 0x02, 0x03, 0xff, 0xfe, 0xfe, 0x00, 0x03, 0x01, 0xff, 0xff, 0x80, 0xfb, 0x00, 0x02, 0x03, 0xff, 0xff, 0xfe, 0x00,
  0x03, 0x03, 0xff, 0xff, 0x80, 0xfb, 0x00, 0x02, 0x07, 0xff, 0xff, 0xfe, 0x00, 0x03, 0x03, 0xff, 0xff, 0xc0, 0xfb, 0x00, 0x09, 0x07, 0xff, 0xff,
  0x80, 0x00, 0x00, 0x03, 0xff, 0xff, 0xc0, 0xfb, 0x00, 0x09, 0x0f, 0xff, 0xff, 0x80, 0x00, 0x00, 0x03, 0xff, 0xff, 0xc0, 0xfb, 0x00, 0x09, 0x0f,
  0xff, 0xff, 0x80, 0x00, 0x00, 0x03, 0xff, 0xff, 0xe0, 0xfb, 0x00, 0x09, 0x0f, 0xff, 0xff, 0x80, 0x00, 0x00, 0x03, 0xff, 0xff, 0xe0, 0xfb, 0x00,
  0x09, 0x0f, 0xff, 0xff, 0x80, 0x00, 0x00, 0x03, 0xff, 0xff, 0xe0, 0xfb, 0x00, 0x09, 0x0f, 0xff, 0xff, 0x80, 0x00, 0x00, 0x03, 0xff, 0xff, 0xe0,
  0xfb, 0x00, 0x09, 0x0f, 0xff, 0xff, 0x80, 0x00, 0x00, 0x03, 0xff, 0xff, 0xe0, 0xfb, 0x00, 0x09, 0x0f, 0xff, 0xff, 0x80, 0x00, 0x00, 0x03, 0xff,
  0xff, 0xe0, 0xfb, 0x00, 0x09, 0x0f, 0xff, 0xff, 0x80, 0x00, 0x00, 0x03, 0xff, 0xff, 0xe0, 0xfb, 0x00, 0x02, 0x0f, 0xff, 0xff, 0xfe, 0x00, 0x03,
  0x03, 0xff, 0xff, 0xe0, 0xfb, 0x00, 0x09, 0x0f, 0xff, 0xff, 0x80, 0x00, 0x00, 0x03, 0xff, 0xff, 0xe0, 0xfb, 0x00, 0x09, 0x0f, 0xff, 0xff, 0x80,
  0x00, 0x00, 0x03, 0xff, 0xff, 0xe0, 0xfb, 0x00, 0x09, 0x0f, 0xff, 0xff, 0x80, 0x00, 0x00, 0x03, 0xff, 0xff, 0xe0, 0xfb, 0x00, 0x09, 0x0f, 0xff,
  0xff, 0x80, 0x00, 0x00, 0x03, 0xff, 0xff, 0xc0, 0xfb, 0x00, 0x09, 0x0f, 0xff, 0xff, 0x80, 0x00, 0x00, 0x03, 0xff, 0xff, 0xc0, 0xfb, 0x00, 0x09,
  0x0f, 0xff, 0xff, 0x80, 0x00, 0x00, 0x03, 0xff, 0xff, 0xc0, 0xfb, 0x00, 0x09, 0x07, 0xff, 0xff, 0x80, 0x00, 0x00, 0x03, 0xff, 0xff, 0xc0, 0xfb,
  0x00, 0x09, 0x07, 0xff, 0xff, 0x80, 0x00, 0x00, 0x03, 0xff, 0xff, 0xc0, 0xfb, 0x00, 0x09, 0x07, 0xff, 0xff, 0x80, 0x00, 0x00, 0x03, 0xff, 0xff,
  0x80, 0xfb, 0x00, 0x09, 0x03, 0xff, 0xff, 0x01, 0xc0, 0x0f, 0x01, 0xff, 0xff, 0x80, 0xfb, 0x00, 0x08, 0x03, 0xff, 0xff, 0x03, 0xf0, 0x1f, 0x81,
  0xff, 0xff, 0xfa, 0x00, 0x08, 0x01, 0xff, 0xff, 0x03, 0xff, 0xff, 0x80, 0xff, 0xfe, 0xf9, 0x00, 0x07, 0xff, 0xfe, 0x03, 0xff, 0xff, 0x80, 0x7f,
  0xfc, 0xf9, 0x00, 0x07, 0x3f, 0xf8, 0x03, 0xff, 0xff, 0x00, 0x0f, 0xe0, 0xf9, 0x00, 0x04, 0x01, 0x00, 0x01, 0xff, 0xfe, 0xf3, 0x00, 0x01, 0xff,
  0xfc, 0xf3, 0x00, 0x01, 0x1f, 0xf0, 0x81, 0x00, 0x81, 0x00, 0xca, 0x00, 0x81, 0x00, 0xb7, 0x00, 0x01, 0x03, 0xc0, 0xf9, 0x00, 0x01, 0x7f, 0xf0,
  0xfd, 0x00, 0x01, 0x7f, 0xfc, 0xfa, 0x00, 0x02, 0x01, 0xff, 0xfc, 0xfd, 0x00, 0x01, 0xff, 0xff, 0xfa, 0x00, 0x02, 0x03, 0xff, 0xfe, 0xfe, 0x00,
  0x02, 0x01, 0xff, 0xff, 0xfa, 0x00, 0x02, 0x03, 0xff, 0xff, 0xfe, 0x00, 0x03, 0x03, 0xff, 0xff, 0x80, 0xfb, 0x00, 0x02, 0x07, 0xff, 0xff, 0xfe,
  0x00, 0x03, 0x03, 0xff, 0xff, 0xc0, 0xfb, 0x00, 0x02, 0x07, 0xff, 0xff, 0xfe, 0x00, 0x03, 0x03, 0xff, 0xff, 0xc0, 0xfb, 0x00, 0x09, 0x0f, 0xff,
  0xff, 0x80, 0x00, 0x00, 0x03, 0xff, 0xff, 0xc0, 0xfb, 0x00, 0x09, 0x0f, 0xff, 0xff, 0x80, 0x00, 0x00, 0x03, 0xff, 0xff, 0xc0, 0xfb, 0x00, 0x09,
  0x0f, 0xff, 0xff, 0x80, 0x00, 0x00, 0x03, 0xff, 0xff, 0xe0, 0xfb, 0x00, 0x09, 0x0f, 0xff, 0xff, 0x80, 0x00, 0x00, 0x03, 0xff, 0xff, 0xe0, 0xfb,
  0x00, 0x09, 0x0f, 0xff, 0xff, 0x80, 0x00, 0x00, 0x03, 0xff, 0xff, 0xe0, 0xfb, 0x00, 0x09, 0x0f, 0xff, 0xff, 0x80, 0x00, 0x00, 0x03, 0xff, 0xff,
  0xe0, 0xfb, 0x00, 0x09, 0x0f, 0xff, 0xff, 0x80, 0x00, 0x00, 0x03, 0xff, 0xff, 0xe0, 0xfb, 0x00, 0x02, 0x0f, 0xff, 0xff, 0xfe, 0x00, 0x03, 0x03,
  0xff, 0xff, 0xe0, 0xfb, 0x00, 0x02, 0x0f, 0xff, 0xff, 0xfe, 0x00, 0x03, 0x03, 0xff, 0xff, 0xe0, 0xfb, 0x00, 0x02, 0x0f, 0xff, 0xff, 0xfe, 0x00,
  0x03, 0x03, 0xff, 0xff, 0xe0, 0xfb, 0x00, 0x02, 0x0f, 0xff, 0xff, 0xfe, 0x00, 0x03, 0x03, 0xff, 0xff, 0xe0, 0xfb, 0x00, 0x09, 0x0f, 0xff, 0xff,
  0x80, 0x00, 0x00, 0x03, 0xff, 0xff, 0xe0, 0xfb, 0x00, 0x09, 0x0f, 0xff, 0xff, 0x80, 0x00, 0x00, 0x03, 0xff, 0xff, 0xc0, 0xfb, 0x00, 0x09, 0x0f,
  0xff, 0xff, 0x80, 0x00, 0x00, 0x03, 0xff, 0xff, 0xc0, 0xfb, 0x00, 0x09, 0x0f, 0xff, 0xff, 0x80, 0x00, 0x00, 0x03, 0xff, 0xff, 0xc0, 0xfb, 0x00,
  0x09, 0x07, 0xff, 0xff, 0x80, 0x00, 0x00, 0x03, 0xff, 0xff, 0xc0, 0xfb, 0x00, 0x02, 0x07, 0xff, 0xff, 0xfe, 0x00, 0x03, 0x03, 0xff, 0xff, 0xc0,
  0xfb, 0x00, 0x02, 0x07, 0xff, 0xff, 0xfe, 0x00, 0x03, 0x03, 0xff, 0xff, 0x80, 0xfb, 0x00, 0x09, 0x03, 0xff, 0xff, 0x01, 0xc0, 0x0f, 0x01, 0xff,
  0xff, 0x80, 0xfb, 0x00, 0x08, 0x03, 0xff, 0xff, 0x03, 0xf0, 0x1f, 0x81, 0xff, 0xff, 0xfa, 0x00, 0x08, 0x01, 0xff, 0xff, 0x03, 0xff, 0xff, 0x80,
  0xff, 0xfe, 0xf9, 0x00, 0x07, 0xff, 0xfe, 0x03, 0xff, 0xff, 0x80, 0x7f, 0xfc, 0xf9, 0x00, 0x07, 0x3f, 0xf8, 0x03, 0xff, 0xff, 0x00, 0x0f, 0xe0,
  0xf9, 0x00, 0x04, 0x01, 0x00, 0x01, 0xff, 0xfe, 0xf3, 0x00, 0x01, 0xff, 0xfc, 0xf3, 0x00, 0x01, 0x1f, 0xf0, 0x81, 0x00, 0x81, 0x00, 0xca, 0x00,
  0x81, 0x00, 0xb7, 0x00, 0x01, 0x07, 0xe0, 0xf9, 0x00, 0x01, 0x7f, 0xf8, 0xfd, 0x00, 0x01, 0x7f, 0xfe, 0xfa, 0x00, 0x02, 0x01, 0xff, 0xfc, 0xfd,
  0x00, 0x01, 0xff, 0xff, 0xfa, 0x00, 0x02, 0x03, 0xff, 0xfe, 0xfe, 0x00, 0x03, 0x01, 0xff, 0xff, 0x80, 0xfb, 0x00, 0x02, 0x03, 0xff, 0xff, 0xfe,
  0x00, 0x03, 0x03, 0xff, 0xff, 0x80, 0xfb, 0x00, 0x02, 0x07, 0xff, 0xff, 0xfe, 0x00, 0x03, 0x03, 0xff, 0xff, 0xc0, 0xfb, 0x00, 0x09, 0x07, 0xff,
  0xff, 0x80, 0x00, 0x00, 0x03, 0xff, 0xff, 0xc0, 0xfb, 0x00, 0x09, 0x0f, 0xff, 0xff, 0x80, 0x00, 0x00, 0x03, 0xff, 0xff, 0xc0, 0xfb, 0x00, 0x09,
  0x0f, 0xff, 0xff, 0x80, 0x00, 0x00, 0x03, 0xff, 0xff, 0xc0, 0xfb, 0x00, 0x09, 0x0f, 0xff, 0xff, 0x80, 0x00, 0x00, 0x03, 0xff, 0xff, 0xe0, 0xfb,
  0x00, 0x09, 0x0f, 0xff, 0xff, 0x80, 0x00, 0x00, 0x03, 0xff, 0xff, 0xe0, 0xfb, 0x00, 0x09, 0x0f, 0xff, 0xff, 0x80, 0x00, 0x00, 0x03, 0xff, 0xff,
  0xe0, 0xfb, 0x00, 0x09, 0x0f, 0xff, 0xff, 0x80, 0x00, 0x00, 0x03, 0xff, 0xff, 0xe0, 0xfb, 0x00, 0x09, 0x0f, 0xff, 0xff, 0x80, 0x00, 0x00, 0x03,
  0xff, 0xff, 0xe0, 0xfb, 0x00, 0x09, 0x0f, 0xff, 0xff, 0x80, 0x00, 0x00, 0x03, 0xff, 0xff, 0xe0, 0xfb, 0x00, 0x02, 0x0f, 0xff, 0xff, 0xfe, 0x00,
  0x03, 0x03, 0xff, 0xff, 0xe0, 0xfb, 0x00, 0x09, 0x0f, 0xff, 0xff, 0x80, 0x00, 0x00, 0x03, 0xff, 0xff, 0xe0, 0xfb, 0x00, 0x09, 0x0f, 0xff, 0xff,
  0x80, 0x00, 0x00, 0x03, 0xff, 0xff, 0xe0, 0xfb, 0x00, 0x09, 0x0f, 0xff, 0xff, 0x80, 0x00, 0x00, 0x03, 0xff, 0xff, 0xe0, 0xfb, 0x00, 0x09, 0x0f,
  0xff, 0xff, 0x80, 0x00, 0x00, 0x03, 0xff, 0xff, 0xc0, 0xfb, 0x00, 0x09, 0x0f, 0xff, 0xff, 0x80, 0x00, 0x00, 0x03, 0xff, 0xff, 0xc0, 0xfb, 0x00,
  0x09, 0x0f, 0xff, 0xff, 0x80, 0x00, 0x00, 0x03, 0xff, 0xff, 0xc0, 0xfb, 0x00, 0x09, 0x07, 0xff, 0xff, 0x80, 0x00, 0x00, 0x03, 0xff, 0xff, 0xc0,
  0xfb, 0x00, 0x09, 0x07, 0xff, 0xff, 0x80, 0x00, 0x00, 0x03, 0xff, 0xff, 0xc0, 0xfb, 0x00, 0x02, 0x07, 0xff, 0xff, 0xfe, 0x00, 0x03, 0x03, 0xff,
  0xff, 0x80, 0xfb, 0x00, 0x09, 0x03, 0xff, 0xff, 0x01, 0xc0, 0x0f, 0x01, 0xff, 0xff, 0x80, 0xfb, 0x00, 0x08, 0x03, 0xff, 0xff, 0x03, 0xf0, 0x1f,
  0x81, 0xff, 0xff, 0xfa, 0x00, 0x08, 0x01, 0xff, 0xff, 0x03, 0xff, 0xff, 0x80, 0xff, 0xfe, 0xf9, 0x00, 0x07, 0xff, 0xfe, 0x03, 0xff, 0xff, 0x80,
  0x7f, 0xfc, 0xf9, 0x00, 0x07, 0x3f, 0xf8, 0x03, 0xff, 0xff, 0x00, 0x0f, 0xe0, 0xf9, 0x00, 0x04, 0x01, 0x00, 0x01, 0xff, 0xfe, 0xf3, 0x00, 0x01,
  0xff, 0xfc, 0xf3, 0x00, 0x01, 0x1f, 0xf0, 0x81, 0x00, 0x81, 0x00, 0xca, 0x00, 0x81, 0x00, 0xb7, 0x00, 0x01, 0x03, 0xc0, 0xf9, 0x00, 0x01, 0x7f,
  0xf0, 0xfd, 0x00, 0x01, 0x3f, 0xfc, 0xfa, 0x00, 0x02, 0x01, 0xff, 0xfc, 0xfd, 0x00, 0x01, 0xff, 0xff, 0xfa, 0x00, 0x02, 0x03, 0xff, 0xfe, 0xfe,
  0x00, 0x02, 0x01, 0xff, 0xff, 0xfa, 0x00, 0x02, 0x03, 0xff, 0xff, 0xfe, 0x00, 0x03, 0x03, 0xff, 0xff, 0x80, 0xfb, 0x00, 0x02, 0x07, 0xff, 0xff,
  0xfe, 0x00, 0x03, 0x03, 0xff, 0xff, 0xc0, 0xfb, 0x00, 0x02, 0x07, 0xff, 0xff, 0xfe, 0x00, 0x03, 0x03, 0xff, 0xff, 0xc0, 0xfb, 0x00, 0x09, 0x0f,
  0xff, 0xff, 0x80, 0x00, 0x00, 0x03, 0xff, 0xff, 0xc0, 0xfb, 0x00, 0x09, 0x0f, 0xff, 0xff, 0x80, 0x00, 0x00, 0x03, 0xff, 0xff, 0xc0, 0xfb, 0x00,
  0x09, 0x0f, 0xff, 0xff, 0x80, 0x00, 0x00, 0x03, 0xff, 0xff, 0xe0, 0xfb, 0x00, 0x09, 0x0f, 0xff, 0xff, 0x80, 0x00, 0x00, 0x03, 0xff, 0xff, 0xe0,
  0xfb, 0x00, 0x09, 0x0f, 0xff, 0xff, 0x80, 0x00, 0x00, 0x03, 0xff, 0xff, 0xe0, 0xfb, 0x00, 0x09, 0x0f, 0xff, 0xff, 0x80, 0x00, 0x00, 0x03, 0xff,
  0xff, 0xe0, 0xfb, 0x00, 0x02, 0x0f, 0xff, 0xff, 0xfe, 0x00, 0x03, 0x03, 0xff, 0xff, 0xe0, 0xfb, 0x00, 0x02, 0x0f, 0xff, 0xff, 0xfe, 0x00, 0x03,
  0x03, 0xff, 0xff, 0xe0, 0xfb, 0x00, 0x02, 0x0f, 0xff, 0xff, 0xfe, 0x00, 0x03, 0x03, 0xff, 0xff, 0xe0, 0xfb, 0x00, 0x09, 0x0f, 0xff, 0xff, 0x80,
  0x00, 0x00, 0x03, 0xff, 0xff, 0xe0, 0xfb, 0x00, 0x09, 0x0f, 0xff, 0xff, 0x80, 0x00, 0x00, 0x03, 0xff, 0xff, 0xe0, 0xfb, 0x00, 0x09, 0x0f, 0xff,
  0xff, 0x80, 0x00, 0x00, 0x03, 0xff, 0xff, 0xe0, 0xfb, 0x00, 0x09, 0x0f, 0xff, 0xff, 0x80, 0x00, 0x00, 0x03, 0xff, 0xff, 0xc0, 0xfb, 0x00, 0x09,
  0x0f, 0xff, 0xff, 0x80, 0x00, 0x00, 0x03, 0xff, 0xff, 0xc0, 0xfb, 0x00, 0x09, 0x0f, 0xff, 0xff, 0x80, 0x00, 0x00, 0x03, 0xff, 0xff, 0xc0, 0xfb,
  0x00, 0x09, 0x07, 0xff, 0xff, 0x80, 0x00, 0x00, 0x03, 0xff, 0xff, 0xc0, 0xfb, 0x00, 0x09, 0x07, 0xff, 0xff, 0x80, 0x00, 0x00, 0x03, 0xff, 0xff,
  0xc0, 0xfb, 0x00, 0x02, 0x07, 0xff, 0xff, 0xfe, 0x00, 0x03, 0x03, 0xff, 0xff, 0x80, 0xfb, 0x00, 0x09, 0x03, 0xff, 0xff, 0x01, 0xc0, 0x0f, 0x01,
  0xff, 0xff, 0x80, 0xfb, 0x00, 0x08, 0x03, 0xff, 0xff, 0x03, 0xf0, 0x1f, 0x81, 0xff, 0xff, 0xfa, 0x00, 0x08, 0x01, 0xff, 0xff, 0x03, 0xff, 0xff,
  0x80, 0xff, 0xfe, 0xf9, 0x00, 0x07, 0xff, 0xfe, 0x03, 0xff, 0xff, 0x80, 0x7f, 0xfc, 0xf9, 0x00, 0x07, 0x3f, 0xf8, 0x03, 0xff, 0xff, 0x00, 0x0f,
  0xe0, 0xf9, 0x00, 0x04, 0x01, 0x00, 0x01, 0xff, 0xfe, 0xf3, 0x00, 0x01, 0xff, 0xfc, 0xf3, 0x00, 0x01, 0x1f, 0xf0, 0x81, 0x00, 0x81, 0x00, 0xca,
  0x00, 0x81, 0x00, 0xb7, 0x00, 0x01, 0x03, 0xc0, 0xf9, 0x00, 0x01, 0x7f, 0xf8, 0xfd, 0x00, 0x01, 0x7f, 0xfc, 0xfa, 0x00, 0x02, 0x01, 0xff, 0xfc,
  0xfd, 0x00, 0x01, 0xff, 0xff, 0xfa, 0x00, 0x02, 0x03, 0xff, 0xfe, 0xfe, 0x00, 0x03, 0x01, 0xff, 0xff, 0x80, 0xfb, 0x00, 0x02, 0x03, 0xff, 0xff,
  0xfe, 0x00, 0x03, 0x03, 0xff, 0xff, 0x80, 0xfb, 0x00, 0x02, 0x07, 0xff, 0xff, 0xfe, 0x00, 0x03, 0x03, 0xff, 0xff, 0xc0, 0xfb, 0x00, 0x02, 0x07,
  0xff, 0xff, 0xfe, 0x00, 0x03, 0x03, 0xff, 0xff, 0xc0, 0xfb, 0x00, 0x09, 0x0f, 0xff, 0xff, 0x80, 0x00, 0x00, 0x03, 0xff, 0xff, 0xc0, 0xfb, 0x00,
  0x09, 0x0f, 0xff, 0xff, 0x80, 0x00, 0x00, 0x03, 0xff, 0xff, 0xc0, 0xfb, 0x00, 0x09, 0x0f, 0xff, 0xff, 0x80, 0x00, 0x00, 0x03, 0xff, 0xff, 0xe0,
  0xfb, 0x00, 0x09, 0x0f, 0xff, 0xff, 0x80, 0x00, 0x00, 0x03, 0xff, 0xff, 0xe0, 0xfb, 0x00, 0x09, 0x0f, 0xff, 0xff, 0x80, 0x00, 0x00, 0x03, 0xff,
  0xff, 0xe0, 0xfb, 0x00, 0x09, 0x0f, 0xff, 0xff, 0x80, 0x00, 0x00, 0x03, 0xff, 0xff, 0xe0, 0xfb, 0x00, 0x09, 0x0f, 0xff, 0xff, 0x80, 0x00, 0x00,
  0x03, 0xff, 0xff, 0xe0, 0xfb, 0x00, 0x09, 0x0f, 0xff, 0xff, 0x80, 0x00, 0x00, 0x03, 0xff, 0xff, 0xe0, 0xfb, 0x00, 0x02, 0x0f, 0xff, 0xff, 0xfe,
  0x00, 0x03, 0x03, 0xff, 0xff, 0xe0, 0xfb, 0x00, 0x09, 0x0f, 0xff, 0xff, 0x80, 0x00, 0x00, 0x03, 0xff, 0xff, 0xe0, 0xfb, 0x00, 0x09, 0x0f, 0xff,
  0xff, 0x80, 0x00, 0x00, 0x03, 0xff, 0xff, 0xe0, 0xfb, 0x00, 0x09, 0x0f, 0xff, 0xff, 0x80, 0x00, 0x00, 0x03, 0xff, 0xff, 0xe0, 0xfb, 0x00, 0x09,
  0x0f, 0xff, 0xff, 0x80, 0x00, 0x00, 0x03, 0xff, 0xff, 0xc0, 0xfb, 0x00, 0x09, 0x0f, 0xff, 0xff, 0x80, 0x00, 0x00, 0x03, 0xff, 0xff, 0xc0, 0xfb,
  0x00, 0x09, 0x0f, 0xff, 0xff, 0x80, 0x00, 0x00, 0x03, 0xff, 0xff, 0xc0, 0xfb, 0x00, 0x09, 0x07, 0xff, 0xff, 0x80, 0x00, 0x00, 0x03, 0xff, 0xff,
  0xc0, 0xfb, 0x00, 0x09, 0x07, 0xff, 0xff, 0x80, 0x00, 0x00, 0x03, 0xff, 0xff, 0xc0, 0xfb, 0x00, 0x02, 0x07, 0xff, 0xff, 0xfe, 0x00, 0x03, 0x03,
  0xff, 0xff, 0x80, 0xfb, 0x00, 0x09, 0x03, 0xff, 0xff, 0x01, 0xc0, 0x0f, 0x01, 0xff, 0xff, 0x80, 0xfb, 0x00, 0x08, 0x03, 0xff, 0xff, 0x03, 0xf0,
  0x1f, 0x81, 0xff, 0xff, 0xfa, 0x00, 0x08, 0x01, 0xff, 0xff, 0x03, 0xff, 0xff, 0x80, 0xff, 0xfe, 0xf9, 0x00, 0x07, 0xff, 0xfc, 0x03, 0xff, 0xff,
  0x80, 0x7f, 0xfc, 0xf9, 0x00, 0x07, 0x3f, 0xf8, 0x03, 0xff, 0xff, 0x00, 0x0f, 0xe0, 0xf9, 0x00, 0x04, 0x01, 0x00, 0x01, 0xff, 0xfe, 0xf3, 0x00,
  0x01, 0xff, 0xfc, 0xf3, 0x00, 0x01, 0x1f, 0xf0, 0x81, 0x00, 0x81, 0x00, 0xca, 0x00, 0x81, 0x00, 0xb7, 0x00, 0x01, 0x07, 0xc0, 0xf9, 0x00, 0x01,
  0x7f, 0xf0, 0xfd, 0x00, 0x01, 0x7f, 0xfc, 0xfa, 0x00, 0x02, 0x01, 0xff, 0xfc, 0xfd, 0x00, 0x01, 0xff, 0xff, 0xfa, 0x00, 0x02, 0x03, 0xff, 0xfe,
  0xfe, 0x00, 0x03, 0x01, 0xff, 0xff, 0x80, 0xfb, 0x00, 0x02, 0x03, 0xff, 0xff, 0xfe, 0x00, 0x03, 0x03, 0xff, 0xff, 0x80, 0xfb, 0x00, 0x02, 0x07,
  0xff, 0xff, 0xfe, 0x00, 0x03, 0x03, 0xff, 0xff, 0xc0, 0xfb, 0x00, 0x02, 0x07, 0xff, 0xff, 0xfe, 0x00, 0x03, 0x03, 0xff, 0xff, 0xc0, 0xfb, 0x00,
  0x09, 0x0f, 0xff, 0xff, 0x80, 0x00, 0x00, 0x03, 0xff, 0xff, 0xc0, 0xfb, 0x00, 0x09, 0x0f, 0xff, 0xff, 0x80, 0x00, 0x00, 0x03, 0xff, 0xff, 0xc0,
  0xfb, 0x00, 0x09, 0x0f, 0xff, 0xff, 0x80, 0x00, 0x00, 0x03, 0xff, 0xff, 0xe0, 0xfb, 0x00, 0x09, 0x0f, 0xff, 0xff, 0x80, 0x00, 0x00, 0x03, 0xff,
  0xff, 0xe0, 0xfb, 0x00, 0x09, 0x0f, 0xff, 0xff, 0x80, 0x00, 0x00, 0x03, 0xff, 0xff, 0xe0, 0xfb, 0x00, 0x09, 0x0f, 0xff, 0xff, 0x80, 0x00, 0x00,
  0x03, 0xff, 0xff, 0xe0, 0xfb, 0x00, 0x09, 0x0f, 0xff, 0xff, 0x80, 0x00, 0x00, 0x03, 0xff, 0xff, 0xe0, 0xfb, 0x00, 0x02, 0x0f, 0xff, 0xff, 0xfe,
  0x00, 0x03, 0x03, 0xff, 0xff, 0xe0, 0xfb, 0x00, 0x02, 0x0f, 0xff, 0xff, 0xfe, 0x00, 0x03, 0x03, 0xff, 0xff, 0xe0, 0xfb, 0x00, 0x02, 0x0f, 0xff,
  0xff, 0xfe, 0x00, 0x03, 0x03, 0xff, 0xff, 0xe0, 0xfb, 0x00, 0x02, 0x0f, 0xff, 0xff, 0xfe, 0x00, 0x03, 0x03, 0xff, 0xff, 0xe0, 0xfb, 0x00, 0x09,
  0x0f, 0xff, 0xff, 0x80, 0x00, 0x00, 0x03, 0xff, 0xff, 0xc0, 0xfb, 0x00, 0x09, 0x0f, 0xff, 0xff, 0x80, 0x00, 0x00, 0x03, 0xff, 0xff, 0xc0, 0xfb,
  0x00, 0x09, 0x0f, 0xff, 0xff, 0x80, 0x00, 0x00, 0x03, 0xff, 0xff, 0xc0, 0xfb, 0x00, 0x09, 0x0f, 0xff, 0xff, 0x80, 0x00, 0x00, 0x03, 0xff, 0xff,
  0xc0, 0xfb, 0x00, 0x09, 0x07, 0xff, 0xff, 0x80, 0x00, 0x00, 0x03, 0xff, 0xff, 0xc0, 0xfb, 0x00, 0x02, 0x07, 0xff, 0xff, 0xfe, 0x00, 0x03, 0x03,
  0xff, 0xff, 0xc0, 0xfb, 0x00, 0x02, 0x07, 0xff, 0xff, 0xfe, 0x00, 0x03, 0x03, 0xff, 0xff, 0x80, 0xfb, 0x00, 0x09, 0x03, 0xff, 0xff, 0x01, 0xc0,
  0x0f, 0x01, 0xff, 0xff, 0x80, 0xfb, 0x00, 0x08, 0x03, 0xff, 0xff, 0x03, 0xf0, 0x1f, 0x81, 0xff, 0xff, 0xfa, 0x00, 0x08, 0x01, 0xff, 0xfe, 0x03,
  0xff, 0xff, 0x80, 0xff, 0xfe, 0xf9, 0x00, 0x07, 0xff, 0xfc, 0x03, 0xff, 0xff, 0x80, 0x7f, 0xfc, 0xf9, 0x00, 0x07, 0x3f, 0xf8, 0x03, 0xff, 0xff,
  0x00, 0x0f, 0xc0, 0xf7, 0x00, 0x02, 0x01, 0xff, 0xfe, 0xf3, 0x00, 0x01, 0xff, 0xfc, 0xf3, 0x00, 0x01, 0x1f, 0xf0, 0x81, 0x00, 0x81, 0x00, 0xca,
  0x00, 0x81, 0x00, 0xb7, 0x00, 0x01, 0x07, 0xe0, 0xf9, 0x00, 0x01, 0x7f, 0xf8, 0xfd, 0x00, 0x01, 0x7f, 0xfe, 0xfa, 0x00, 0x02, 0x01, 0xff, 0xfc,
  0xfd, 0x00, 0x01, 0xff, 0xff, 0xfa, 0x00, 0x02, 0x03, 0xff, 0xfe, 0xfe, 0x00, 0x03, 0x01, 0xff, 0xff, 0x80, 0xfb, 0x00, 0x02, 0x03, 0xff, 0xff,
  0xfe, 0x00, 0x03, 0x03, 0xff, 0xff, 0x80, 0xfb, 0x00, 0x02, 0x07, 0xff, 0xff, 0xfe, 0x00, 0x03, 0x03, 0xff, 0xff, 0xc0, 0xfb, 0x00, 0x02, 0x07,
  0xff, 0xff, 0xfe, 0x00, 0x03, 0x03, 0xff, 0xff, 0xc0, 0xfb, 0x00, 0x09, 0x0f, 0xff, 0xff, 0x80, 0x00, 0x00, 0x03, 0xff, 0xff, 0xc0, 0xfb, 0x00,
  0x09, 0x0f, 0xff, 0xff, 0x80, 0x00, 0x00, 0x03, 0xff, 0xff, 0xe0, 0xfb, 0x00, 0x09, 0x0f, 0xff, 0xff, 0x80, 0x00, 0x00, 0x03, 0xff, 0xff, 0xe0,
  0xfb, 0x00, 0x09, 0x0f, 0xff, 0xff, 0x80, 0x00, 0x00, 0x03, 0xff, 0xff, 0xe0, 0xfb, 0x00, 0x09, 0x0f, 0xff, 0xff, 0x80, 0x00, 0x00, 0x03, 0xff,
  0xff, 0xe0, 0xfb, 0x00, 0x09, 0x0f, 0xff, 0xff, 0x80, 0x00, 0x00, 0x03, 0xff, 0xff, 0xe0, 0xfb, 0x00, 0x09, 0x0f, 0xff, 0xff, 0x80, 0x00, 0x00,
  0x03, 0xff, 0xff, 0xe0, 0xfb, 0x00, 0x09, 0x0f, 0xff, 0xff, 0x80, 0x00, 0x00, 0x03, 0xff, 0xff, 0xe0, 0xfb, 0x00, 0x02, 0x0f, 0xff, 0xff, 0xfe,
  0x00, 0x03, 0x03, 0xff, 0xff, 0xe0, 0xfb, 0x00, 0x09, 0x0f, 0xff, 0xff, 0x80, 0x00, 0x00, 0x03, 0xff, 0xff, 0xe0, 0xfb, 0x00, 0x09, 0x0f, 0xff,
  0xff, 0x80, 0x00, 0x00, 0x03, 0xff, 0xff, 0xe0, 0xfb, 0x00, 0x09, 0x0f, 0xff, 0xff, 0x80, 0x00, 0x00, 0x03, 0xff, 0xff, 0xe0, 0xfb, 0x00, 0x09,
  0x0f, 0xff, 0xff, 0x80, 0x00, 0x00, 0x03, 0xff, 0xff, 0xc0, 0xfb, 0x00, 0x09, 0x0f, 0xff, 0xff, 0x80, 0x00, 0x00, 0x03, 0xff, 0xff, 0xc0, 0xfb,
  0x00, 0x09, 0x0f, 0xff, 0xff, 0x80, 0x00, 0x00, 0x03, 0xff, 0xff, 0xc0, 0xfb, 0x00, 0x09, 0x07, 0xff, 0xff, 0x80, 0x00, 0x00, 0x03, 0xff, 0xff,
  0xc0, 0xfb, 0x00, 0x02, 0x07, 0xff, 0xff, 0xfe, 0x00, 0x03, 0x03, 0xff, 0xff, 0xc0, 0xfb, 0x00, 0x02, 0x07, 0xff, 0xff, 0xfe, 0x00, 0x03, 0x03,
  0xff, 0xff, 0x80, 0xfb, 0x00, 0x09, 0x03, 0xff, 0xff, 0x01, 0xc0, 0x0f, 0x01, 0xff, 0xff, 0x80, 0xfb, 0x00, 0x08, 0x03, 0xff, 0xff, 0x03, 0xf8,
  0x1f, 0x81, 0xff, 0xff, 0xfa, 0x00, 0x08, 0x01, 0xff, 0xfe, 0x03, 0xff, 0xff, 0x80, 0xff, 0xfe, 0xf9, 0x00, 0x07, 0xff, 0xfc, 0x03, 0xff, 0xff,
  0x80, 0x7f, 0xf8, 0xf9, 0x00, 0x07, 0x3f, 0xf8, 0x03, 0xff, 0xff, 0x00, 0x07, 0xc0, 0xf7, 0x00, 0x02, 0x01, 0xff, 0xfe, 0xf3, 0x00, 0x01, 0xff,
  0xfc, 0xf3, 0x00, 0x01, 0x1f, 0xf0, 0x81, 0x00, 0x81, 0x00, 0xca, 0x00, 0x81, 0x00, 0xb7, 0x00, 0x01, 0x07, 0xe0, 0xf9, 0x00, 0x01, 0x7f, 0xf8,
  0xfd, 0x00, 0x01, 0x7f, 0xfe, 0xfa, 0x00, 0x02, 0x01, 0xff, 0xfc, 0xfd, 0x00, 0x01, 0xff, 0xff, 0xfa, 0x00, 0x02, 0x03, 0xff, 0xfe, 0xfe, 0x00,
  0x03, 0x01, 0xff, 0xff, 0x80, 0xfb, 0x00, 0x02, 0x03, 0xff, 0xff, 0xfe, 0x00, 0x03, 0x03, 0xff, 0xff, 0x80, 0xfb, 0x00, 0x02, 0x07, 0xff, 0xff,
  0xfe, 0x00, 0x03, 0x03, 0xff, 0xff, 0xc0, 0xfb, 0x00, 0x02, 0x07, 0xff, 0xff, 0xfe, 0x00, 0x03, 0x03, 0xff, 0xff, 0xc0, 0xfb, 0x00, 0x09, 0x0f,
  0xff, 0xff, 0x80, 0x00, 0x00, 0x03, 0xff, 0xff, 0xc0, 0xfb, 0x00, 0x09, 0x0f, 0xff, 0xff, 0x80, 0x00, 0x00, 0x03, 0xff, 0xff, 0xe0, 0xfb, 0x00,
  0x09, 0x0f, 0xff, 0xff, 0x80, 0x00, 0x00, 0x03, 0xff, 0xff, 0xe0, 0xfb, 0x00, 0x09, 0x0f, 0xff, 0xff, 0x80, 0x00, 0x00, 0x03, 0xff, 0xff, 0xe0,
  0xfb, 0x00, 0x09, 0x0f, 0xff, 0xff, 0x80, 0x00, 0x00, 0x03, 0xff, 0xff, 0xe0, 0xfb, 0x00, 0x09, 0x0f, 0xff, 0xff, 0x80, 0x00, 0x00, 0x03, 0xff,
  0xff, 0xe0, 0xfb, 0x00, 0x09, 0x0f, 0xff, 0xff, 0x80, 0x00, 0x00, 0x03, 0xff, 0xff, 0xe0, 0xfb, 0x00, 0x09, 0x0f, 0xff, 0xff, 0x80, 0x00, 0x00,
  0x03, 0xff, 0xff, 0xe0, 0xfb, 0x00, 0x02, 0x0f, 0xff, 0xff, 0xfe, 0x00, 0x03, 0x03, 0xff, 0xff, 0xe0, 0xfb, 0x00, 0x09, 0x0f, 0xff, 0xff, 0x80,
  0x00, 0x00, 0x03, 0xff, 0xff, 0xe0, 0xfb, 0x00, 0x09, 0x0f, 0xff, 0xff, 0x80, 0x00, 0x00, 0x03, 0xff, 0xff, 0xe0, 0xfb, 0x00, 0x09, 0x0f, 0xff,
  0xff, 0x80, 0x00, 0x00, 0x03, 0xff, 0xff, 0xe0, 0xfb, 0x00, 0x09, 0x0f, 0xff, 0xff, 0x80, 0x00, 0x00, 0x03, 0xff, 0xff, 0xc0, 0xfb, 0x00, 0x09,
  0x0f, 0xff, 0xff, 0x80, 0x00, 0x00, 0x03, 0xff, 0xff, 0xc0, 0xfb, 0x00, 0x09, 0x07, 0xff, 0xff, 0x80, 0x00, 0x00, 0x03, 0xff, 0xff, 0xc0, 0xfb,
  0x00, 0x09, 0x07, 0xff, 0xff, 0x80, 0x00, 0x00, 0x03, 0xff, 0xff, 0xc0, 0xfb, 0x00, 0x02, 0x07, 0xff, 0xff, 0xfe, 0x00, 0x03, 0x03, 0xff, 0xff,
  0xc0, 0xfb, 0x00, 0x02, 0x07, 0xff, 0xff, 0xfe, 0x00, 0x03, 0x03, 0xff, 0xff, 0x80, 0xfb, 0x00, 0x09, 0x03, 0xff, 0xff, 0x01, 0xc0, 0x0f, 0x01,
  0xff, 0xff, 0x80, 0xfb, 0x00, 0x08, 0x03, 0xff, 0xff, 0x03, 0xf8, 0x1f, 0x81, 0xff, 0xff, 0xfa, 0x00, 0x08, 0x01, 0xff, 0xfe, 0x03, 0xff, 0xff,
  0x80, 0xff, 0xfe, 0xf9, 0x00, 0x07, 0xff, 0xfc, 0x03, 0xff, 0xff, 0x80, 0x7f, 0xfc, 0xf9, 0x00, 0x07, 0x3f, 0xf8, 0x03, 0xff, 0xff, 0x00, 0x07,
  0xc0, 0xf7, 0x00, 0x02, 0x01, 0xff, 0xfe, 0xf3, 0x00, 0x01, 0x7f, 0xfc, 0xf3, 0x00, 0x01, 0x0f, 0xe0, 0x81, 0x00, 0x81, 0x00, 0xca, 0x00, 0x81,
  0x00, 0xb7, 0x00, 0x01, 0x0f, 0xe0, 0xf9, 0x00, 0x01, 0x7f, 0xf8, 0xfd, 0x00, 0x01, 0x7f, 0xfe, 0xfa, 0x00, 0x02, 0x01, 0xff, 0xfc, 0xfd, 0x00,
  0x01, 0xff, 0xff, 0xfa, 0x00, 0x02, 0x03, 0xff, 0xfe, 0xfe, 0x00, 0x03, 0x01, 0xff, 0xff, 0x80, 0xfb, 0x00, 0x02, 0x03, 0xff, 0xff, 0xfe, 0x00,
  0x03, 0x03, 0xff, 0xff, 0x80, 0xfb, 0x00, 0x02, 0x07, 0xff, 0xff, 0xfe, 0x00, 0x03, 0x03, 0xff, 0xff, 0xc0, 0xfb, 0x00, 0x09, 0x07, 0xff, 0xff,
  0x80, 0x00, 0x00, 0x03, 0xff, 0xff, 0xc0, 0xfb, 0x00, 0x09, 0x0f, 0xff, 0xff, 0x80, 0x00, 0x00, 0x03, 0xff, 0xff, 0xc0, 0xfb, 0x00, 0x09, 0x0f,
  0xff, 0xff, 0x80, 0x00, 0x00, 0x03, 0xff, 0xff, 0xe0, 0xfb, 0x00, 0x09, 0x0f, 0xff, 0xff, 0x80, 0x00, 0x00, 0x03, 0xff, 0xff, 0xe0, 0xfb, 0x00,
  0x09, 0x0f, 0xff, 0xff, 0x80, 0x00, 0x00, 0x03, 0xff, 0xff, 0xe0, 0xfb, 0x00, 0x09, 0x0f, 0xff, 0xff, 0x80, 0x00, 0x00, 0x03, 0xff, 0xff, 0xe0,
  0xfb, 0x00, 0x09, 0x0f, 0xff, 0xff, 0x80, 0x00, 0x00, 0x03, 0xff, 0xff, 0xe0, 0xfb, 0x00, 0x09, 0x0f, 0xff, 0xff, 0x80, 0x00, 0x00, 0x03, 0xff,
  0xff, 0xe0, 0xfb, 0x00, 0x09, 0x0f, 0xff, 0xff, 0x80, 0x00, 0x00, 0x03, 0xff, 0xff, 0xe0, 0xfb, 0x00, 0x02, 0x0f, 0xff, 0xff, 0xfe, 0x00, 0x03,
  0x03, 0xff, 0xff, 0xe0, 0xfb, 0x00, 0x09, 0x0f, 0xff, 0xff, 0x80, 0x00, 0x00, 0x03, 0xff, 0xff, 0xe0, 0xfb, 0x00, 0x09, 0x0f, 0xff, 0xff, 0x80,
  0x00, 0x00, 0x03, 0xff, 0xff, 0xe0, 0xfb, 0x00, 0x09, 0x0f, 0xff, 0xff, 0x80, 0x00, 0x00, 0x03, 0xff, 0xff, 0xe0, 0xfb, 0x00, 0x09, 0x0f, 0xff,
  0xff, 0x80, 0x00, 0x00, 0x03, 0xff, 0xff, 0xc0, 0xfb, 0x00, 0x09, 0x0f, 0xff, 0xff, 0x80, 0x00, 0x00, 0x03, 0xff, 0xff, 0xc0, 0xfb, 0x00, 0x09,
  0x0f, 0xff, 0xff, 0x80, 0x00, 0x00, 0x03, 0xff, 0xff, 0xc0, 0xfb, 0x00, 0x09, 0x07, 0xff, 0xff, 0x80, 0x00, 0x00, 0x03, 0xff, 0xff, 0xc0, 0xfb,
  0x00, 0x02, 0x07, 0xff, 0xff, 0xfe, 0x00, 0x03, 0x03, 0xff, 0xff, 0xc0, 0xfb, 0x00, 0x02, 0x07, 0xff, 0xff, 0xfe, 0x00, 0x03, 0x03, 0xff, 0xff,
  0x80, 0xfb, 0x00, 0x09, 0x03, 0xff, 0xff, 0x01, 0xc0, 0x0f, 0x01, 0xff, 0xff, 0x80, 0xfb, 0x00, 0x08, 0x03, 0xff, 0xff, 0x03, 0xf8, 0x1f, 0x81,
  0xff, 0xff, 0xfa, 0x00, 0x08, 0x01, 0xff, 0xfe, 0x03, 0xff, 0xff, 0x80, 0xff, 0xfe, 0xf9, 0x00, 0x07, 0xff, 0xfc, 0x03, 0xff, 0xff, 0x80, 0x7f,
  0xfc, 0xf9, 0x00, 0x07, 0x3f, 0xf8, 0x03, 0xff, 0xff, 0x00, 0x07, 0xc0, 0xf7, 0x00, 0x02, 0x01, 0xff, 0xfe, 0xf3, 0x00, 0x01, 0x7f, 0xfc, 0xf3,
  0x00, 0x01, 0x0f, 0xe0, 0x81, 0x00, 0x81, 0x00, 0xca, 0x00, 0x81, 0x00, 0xb7, 0x00, 0x01, 0x0f, 0xe0, 0xf9, 0x00, 0x01, 0x7f, 0xf8, 0xfd, 0x00,
  0x01, 0x7f, 0xfe, 0xfa, 0x00, 0x02, 0x01, 0xff, 0xfc, 0xfd, 0x00, 0x01, 0xff, 0xff, 0xfa, 0x00, 0x02, 0x03, 0xff, 0xfe, 0xfe, 0x00, 0x03, 0x01,
  0xff, 0xff, 0x80, 0xfb, 0x00, 0x02, 0x03, 0xff, 0xff, 0xfe, 0x00, 0x03, 0x03, 0xff, 0xff, 0x80, 0xfb, 0x00, 0x02, 0x07, 0xff, 0xff, 0xfe, 0x00,
  0x03, 0x03, 0xff, 0xff, 0xc0, 0xfb, 0x00, 0x09, 0x07, 0xff, 0xff, 0x80, 0x00, 0x00, 0x03, 0xff, 0xff, 0xc0, 0xfb, 0x00, 0x09, 0x0f, 0xff, 0xff,
  0x80, 0x00, 0x00, 0x03, 0xff, 0xff, 0xc0, 0xfb, 0x00, 0x09, 0x0f, 0xff, 0xff, 0x80, 0x00, 0x00, 0x03, 0xff, 0xff, 0xc0, 0xfb, 0x00, 0x09, 0x0f,
  0xff, 0xff, 0x80, 0x00, 0x00, 0x03, 0xff, 0xff, 0xe0, 0xfb, 0x00, 0x09, 0x0f, 0xff, 0xff, 0x80, 0x00, 0x00, 0x03, 0xff, 0xff, 0xe0, 0xfb, 0x00,
  0x09, 0x0f, 0xff, 0xff, 0x80, 0x00, 0x00, 0x03, 0xff, 0xff, 0xe0, 0xfb, 0x00, 0x09, 0x0f, 0xff, 0xff, 0x80, 0x00, 0x00, 0x03, 0xff, 0xff, 0xe0,
  0xfb, 0x00, 0x09, 0x0f, 0xff, 0xff, 0x80, 0x00, 0x00, 0x03, 0xff, 0xff, 0xe0, 0xfb, 0x00, 0x09, 0x0f, 0xff, 0xff, 0x80, 0x00, 0x00, 0x03, 0xff,
  0xff, 0xe0, 0xfb, 0x00, 0x02, 0x0f, 0xff, 0xff, 0xfe, 0x00, 0x03, 0x03, 0xff, 0xff, 0xe0, 0xfb, 0x00, 0x02, 0x0f, 0xff, 0xff, 0xfe, 0x00, 0x03,
  0x03, 0xff, 0xff, 0xe0, 0xfb, 0x00, 0x09, 0x0f, 0xff, 0xff, 0x80, 0x00, 0x00, 0x03, 0xff, 0xff, 0xe0, 0xfb, 0x00, 0x09, 0x0f, 0xff, 0xff, 0x80,
  0x00, 0x00, 0x03, 0xff, 0xff, 0xe0, 0xfb, 0x00, 0x09, 0x0f, 0xff, 0xff, 0x80, 0x00, 0x00, 0x03, 0xff, 0xff, 0xc0, 0xfb, 0x00, 0x09, 0x0f, 0xff,
  0xff, 0x80, 0x00, 0x00, 0x03, 0xff, 0xff, 0xc0, 0xfb, 0x00, 0x09, 0x07, 0xff, 0xff, 0x80, 0x00, 0x00, 0x03, 0xff, 0xff, 0xc0, 0xfb, 0x00, 0x09,
  0x07, 0xff, 0xff, 0x80, 0x00, 0x00, 0x03, 0xff, 0xff, 0xc0, 0xfb, 0x00, 0x02, 0x07, 0xff, 0xff, 0xfe, 0x00, 0x03, 0x03, 0xff, 0xff, 0xc0, 0xfb,
  0x00, 0x02, 0x03, 0xff, 0xff, 0xfe, 0x00, 0x03, 0x03, 0xff, 0xff, 0x80, 0xfb, 0x00, 0x09, 0x03, 0xff, 0xff, 0x01, 0xc0, 0x0f, 0x01, 0xff, 0xff,
  0x80, 0xfb, 0x00, 0x08, 0x03, 0xff, 0xff, 0x03, 0xf8, 0x3f, 0x81, 0xff, 0xff, 0xfa, 0x00, 0x08, 0x01, 0xff, 0xfe, 0x03, 0xff, 0xff, 0x80, 0xff,
  0xfe, 0xf9, 0x00, 0x07, 0xff, 0xfc, 0x03, 0xff, 0xff, 0x80, 0x7f, 0xfc, 0xf9, 0x00, 0x07, 0x3f, 0xf0, 0x03, 0xff, 0xff, 0x00, 0x07, 0xc0, 0xf7,
  0x00, 0x02, 0x01, 0xff, 0xfe, 0xf3, 0x00, 0x01, 0x7f, 0xfc, 0xf3, 0x00, 0x01, 0x0f, 0xe0, 0x81, 0x00, 0x81, 0x00, 0xca, 0x00, 0x81, 0x00, 0xb7,
  0x00, 0x01, 0x0f, 0xe0, 0xf9, 0x00, 0x01, 0x7f, 0xf8, 0xfd, 0x00, 0x01, 0x7f, 0xfe, 0xfa, 0x00, 0x02, 0x01, 0xff, 0xfc, 0xfd, 0x00, 0x01, 0xff,
  0xff, 0xfa, 0x00, 0x02, 0x03, 0xff, 0xfe, 0xfe, 0x00, 0x03, 0x01, 0xff, 0xff, 0x80, 0xfb, 0x00, 0x02, 0x03, 0xff, 0xff, 0xfe, 0x00, 0x03, 0x03,
  0xff, 0xff, 0x80, 0xfb, 0x00, 0x02, 0x07, 0xff, 0xff, 0xfe, 0x00, 0x03, 0x03, 0xff, 0xff, 0xc0, 0xfb, 0x00, 0x09, 0x07, 0xff, 0xff, 0x80, 0x00,
  0x00, 0x03, 0xff, 0xff, 0xc0, 0xfb, 0x00, 0x09, 0x0f, 0xff, 0xff, 0x80, 0x00, 0x00, 0x03, 0xff, 0xff, 0xc0, 0xfb, 0x00, 0x09, 0x0f, 0xff, 0xff,
  0x80, 0x00, 0x00, 0x03, 0xff, 0xff, 0xe0, 0xfb, 0x00, 0x09, 0x0f, 0xff, 0xff, 0x80, 0x00, 0x00, 0x03, 0xff, 0xff, 0xe0, 0xfb, 0x00, 0x09, 0x0f,
  0xff, 0xff, 0x80, 0x00, 0x00, 0x03, 0xff, 0xff, 0xe0, 0xfb, 0x00, 0x09, 0x0f, 0xff, 0xff, 0x80, 0x00, 0x00, 0x03, 0xff, 0xff, 0xe0, 0xfb, 0x00,
  0x09, 0x0f, 0xff, 0xff, 0x80, 0x00, 0x00, 0x03, 0xff, 0xff, 0xe0, 0xfb, 0x00, 0x09, 0x0f, 0xff, 0xff, 0x80, 0x00, 0x00, 0x03, 0xff, 0xff, 0xe0,
  0xfb, 0x00, 0x09, 0x0f, 0xff, 0xff, 0x80, 0x00, 0x00, 0x03, 0xff, 0xff, 0xe0, 0xfb, 0x00, 0x09, 0x0f, 0xff, 0xff, 0x80, 0x00, 0x00, 0x03, 0xff,
  0xff, 0xe0, 0xfb, 0x00, 0x09, 0x0f, 0xff, 0xff, 0x80, 0x00, 0x00, 0x03, 0xff, 0xff, 0xe0, 0xfb, 0x00, 0x09, 0x0f, 0xff, 0xff, 0x80, 0x00, 0x00,
  0x03, 0xff, 0xff, 0xe0, 0xfb, 0x00, 0x09, 0x0f, 0xff, 0xff, 0x80, 0x00, 0x00, 0x03, 0xff, 0xff, 0xe0, 0xfb, 0x00, 0x09, 0x0f, 0xff, 0xff, 0x80,
  0x00, 0x00, 0x03, 0xff, 0xff, 0xc0, 0xfb, 0x00, 0x09, 0x0f, 0xff, 0xff, 0x80, 0x00, 0x00, 0x03, 0xff, 0xff, 0xc0, 0xfb, 0x00, 0x09, 0x0f, 0xff,
  0xff, 0x80, 0x00, 0x00, 0x03, 0xff, 0xff, 0xc0, 0xfb, 0x00, 0x09, 0x07, 0xff, 0xff, 0x80, 0x00, 0x00, 0x03, 0xff, 0xff, 0xc0, 0xfb, 0x00, 0x02,
  0x07, 0xff, 0xff, 0xfe, 0x00, 0x03, 0x03, 0xff, 0xff, 0xc0, 0xfb, 0x00, 0x02, 0x03, 0xff, 0xff, 0xfe, 0x00, 0x03, 0x03, 0xff, 0xff, 0x80, 0xfb,
  0x00, 0x09, 0x03, 0xff, 0xff, 0x01, 0xe0, 0x0f, 0x01, 0xff, 0xff, 0x80, 0xfb, 0x00, 0x08, 0x03, 0xff, 0xff, 0x03, 0xf8, 0x1f, 0x81, 0xff, 0xff,
  0xfa, 0x00, 0x08, 0x01, 0xff, 0xfe, 0x03, 0xff, 0xff, 0x80, 0xff, 0xfe, 0xf9, 0x00, 0x07, 0xff, 0xfc, 0x03, 0xff, 0xff, 0x80, 0x7f, 0xfc, 0xf9,
  0x00, 0x07, 0x3f, 0xf8, 0x03, 0xff, 0xff, 0x00, 0x07, 0xc0, 0xf7, 0x00, 0x02, 0x01, 0xff, 0xfe, 0xf3, 0x00, 0x01, 0x7f, 0xfc, 0xf3, 0x00, 0x01,
  0x0f, 0xe0, 0x81, 0x00, 0x81, 0x00, 0xca, 0x00, 0x81, 0x00, 0xb7, 0x00, 0x01, 0x0f, 0xf0, 0xf9, 0x00, 0x01, 0x7f, 0xf8, 0xfd, 0x00, 0x01, 0x7f,
  0xfe, 0xfa, 0x00, 0x02, 0x01, 0xff, 0xfc, 0xfd, 0x00, 0x01, 0xff, 0xff, 0xfa, 0x00, 0x02, 0x03, 0xff, 0xfe, 0xfe, 0x00, 0x03, 0x01, 0xff, 0xff,
  0x80, 0xfb, 0x00, 0x02, 0x03, 0xff, 0xff, 0xfe, 0x00, 0x03, 0x03, 0xff, 0xff, 0x80, 0xfb, 0x00, 0x02, 0x07, 0xff, 0xff, 0xfe, 0x00, 0x03, 0x03,
  0xff, 0xff, 0xc0, 0xfb, 0x00, 0x09, 0x07, 0xff, 0xff, 0x80, 0x00, 0x00, 0x03, 0xff, 0xff, 0xc0, 0xfb, 0x00, 0x09, 0x0f, 0xff, 0xff, 0x80, 0x00,
  0x00, 0x03, 0xff, 0xff, 0xc0, 0xfb, 0x00, 0x09, 0x0f, 0xff, 0xff, 0x80, 0x00, 0x00, 0x03, 0xff, 0xff, 0xe0, 0xfb, 0x00, 0x09, 0x0f, 0xff, 0xff,
  0x80, 0x00, 0x00, 0x03, 0xff, 0xff, 0xe0, 0xfb, 0x00, 0x09, 0x0f, 0xff, 0xff, 0x80, 0x00, 0x00, 0x03, 0xff, 0xff, 0xe0, 0xfb, 0x00, 0x09, 0x0f,
  0xff, 0xff, 0x80, 0x00, 0x00, 0x03, 0xff, 0xff, 0xe0, 0xfb, 0x00, 0x09, 0x0f, 0xff, 0xff, 0x80, 0x00, 0x00, 0x03, 0xff, 0xff, 0xe0, 0xfb, 0x00,
  0x09, 0x0f, 0xff, 0xff, 0x80, 0x00, 0x00, 0x03, 0xff, 0xff, 0xe0, 0xfb, 0x00, 0x09, 0x0f, 0xff, 0xff, 0x80, 0x00, 0x00, 0x03, 0xff, 0xff, 0xe0,
  0xfb, 0x00, 0x09, 0x0f, 0xff, 0xff, 0x80, 0x00, 0x00, 0x03, 0xff, 0xff, 0xe0, 0xfb, 0x00, 0x09, 0x0f, 0xff, 0xff, 0x80, 0x00, 0x00, 0x03, 0xff,
  0xff, 0xe0, 0xfb, 0x00, 0x09, 0x0f, 0xff, 0xff, 0x80, 0x00, 0x00, 0x03, 0xff, 0xff, 0xe0, 0xfb, 0x00, 0x09, 0x0f, 0xff, 0xff, 0x80, 0x00, 0x00,
  0x03, 0xff, 0xff, 0xe0, 0xfb, 0x00, 0x09, 0x0f, 0xff, 0xff, 0x80, 0x00, 0x00, 0x03, 0xff, 0xff, 0xc0, 0xfb, 0x00, 0x09, 0x0f, 0xff, 0xff, 0x80,
  0x00, 0x00, 0x03, 0xff, 0xff, 0xc0, 0xfb, 0x00, 0x09, 0x07, 0xff, 0xff, 0x80, 0x00, 0x00, 0x03, 0xff, 0xff, 0xc0, 0xfb, 0x00, 0x09, 0x07, 0xff,
  0xff, 0x80, 0x00, 0x00, 0x03, 0xff, 0xff, 0xc0, 0xfb, 0x00, 0x02, 0x07, 0xff, 0xff, 0xfe, 0x00, 0x03, 0x03, 0xff, 0xff, 0xc0, 0xfb, 0x00, 0x02,
  0x03, 0xff, 0xff, 0xfe, 0x00, 0x03, 0x03, 0xff, 0xff, 0x80, 0xfb, 0x00, 0x09, 0x03, 0xff, 0xff, 0x01, 0xe0, 0x0f, 0x01, 0xff, 0xff, 0x80, 0xfb,
  0x00, 0x08, 0x03, 0xff, 0xff, 0x03, 0xf8, 0x3f, 0x81, 0xff, 0xff, 0xfa, 0x00, 0x08, 0x01, 0xff, 0xfe, 0x03, 0xff, 0xff, 0x80, 0xff, 0xfe, 0xf9,
  0x00, 0x07, 0xff, 0xfc, 0x03, 0xff, 0xff, 0x80, 0x3f, 0xf8, 0xf9, 0x00, 0x04, 0x3f, 0xf0, 0x01, 0xff, 0xff, 0xf3, 0x00, 0x01, 0xff, 0xfe, 0xf3,
  0x00, 0x01, 0x7f, 0xfc, 0xf3, 0x00, 0x01, 0x0f, 0xe0, 0x81, 0x00, 0x81, 0x00, 0xca, 0x00, 0x81, 0x00, 0xb7, 0x00, 0x01, 0x0f, 0xf0, 0xf9, 0x00,
  0x01, 0x7f, 0xf8, 0xfd, 0x00, 0x01, 0x7f, 0xfe, 0xfa, 0x00, 0x02, 0x01, 0xff, 0xfc, 0xfd, 0x00, 0x01, 0xff, 0xff, 0xfa, 0x00, 0x02, 0x03, 0xff,
  0xfe, 0xfe, 0x00, 0x03, 0x01, 0xff, 0xff, 0x80, 0xfb, 0x00, 0x02, 0x03, 0xff, 0xff, 0xfe, 0x00, 0x03, 0x03, 0xff, 0xff, 0x80, 0xfb, 0x00, 0x02,
  0x07, 0xff, 0xff, 0xfe, 0x00, 0x03, 0x03, 0xff, 0xff, 0xc0, 0xfb, 0x00, 0x09, 0x07, 0xff, 0xff, 0x80, 0x00, 0x00, 0x03, 0xff, 0xff, 0xc0, 0xfb,
  0x00, 0x09, 0x0f, 0xff, 0xff, 0x80, 0x00, 0x00, 0x03, 0xff, 0xff, 0xc0, 0xfb, 0x00, 0x09, 0x0f, 0xff, 0xff, 0x80, 0x00, 0x00, 0x03, 0xff, 0xff,
  0xe0, 0xfb, 0x00, 0x09, 0x0f, 0xff, 0xff, 0x80, 0x00, 0x00, 0x03, 0xff, 0xff, 0xe0, 0xfb, 0x00, 0x09, 0x0f, 0xff, 0xff, 0x80, 0x00, 0x00, 0x03,
  0xff, 0xff, 0xe0, 0xfb, 0x00, 0x09, 0x0f, 0xff, 0xff, 0x80, 0x00, 0x00, 0x03, 0xff, 0xff, 0xe0, 0xfb, 0x00, 0x09, 0x0f, 0xff, 0xff, 0x80, 0x00,
  0x00, 0x03, 0xff, 0xff, 0xe0, 0xfb, 0x00, 0x09, 0x0f, 0xff, 0xff, 0x80, 0x00, 0x00, 0x03, 0xff, 0xff, 0xe0, 0xfb, 0x00, 0x09, 0x0f, 0xff, 0xff,
  0x80, 0x00, 0x00, 0x03, 0xff, 0xff, 0xe0, 0xfb, 0x00, 0x09, 0x0f, 0xff, 0xff, 0x80, 0x00, 0x00, 0x03, 0xff, 0xff, 0xe0, 0xfb, 0x00, 0x09, 0x0f,
  0xff, 0xff, 0x80, 0x00, 0x00, 0x03, 0xff, 0xff, 0xe0, 0xfb, 0x00, 0x09, 0x0f, 0xff, 0xff, 0x80, 0x00, 0x00, 0x03, 0xff, 0xff, 0xe0, 0xfb, 0x00,
  0x09, 0x0f, 0xff, 0xff, 0x80, 0x00, 0x00, 0x03, 0xff, 0xff, 0xe0, 0xfb, 0x00, 0x09, 0x0f, 0xff, 0xff, 0x80, 0x00, 0x00, 0x03, 0xff, 0xff, 0xc0,
  0xfb, 0x00, 0x09, 0x0f, 0xff, 0xff, 0x80, 0x00, 0x00, 0x03, 0xff, 0xff, 0xc0, 0xfb, 0x00, 0x09, 0x0f, 0xff, 0xff, 0x80, 0x00, 0x00, 0x03, 0xff,
  0xff, 0xc0, 0xfb, 0x00, 0x09, 0x07, 0xff, 0xff, 0x80, 0x00, 0x00, 0x03, 0xff, 0xff, 0xc0, 0xfb, 0x00, 0x02, 0x07, 0xff, 0xff, 0xfe, 0x00, 0x03,
  0x03, 0xff, 0xff, 0xc0, 0xfb, 0x00, 0x02, 0x03, 0xff, 0xff, 0xfe, 0x00, 0x03, 0x03, 0xff, 0xff, 0x80, 0xfb, 0x00, 0x09, 0x03, 0xff, 0xff, 0x03,
  0xe0, 0x0f, 0x01, 0xff, 0xff, 0x80, 0xfb, 0x00, 0x08, 0x03, 0xff, 0xff, 0x03, 0xf8, 0x3f, 0x81, 0xff, 0xff, 0xfa, 0x00, 0x08, 0x01, 0xff, 0xfe,
  0x03, 0xff, 0xff, 0x80, 0xff, 0xfe, 0xf9, 0x00, 0x07, 0xff, 0xfc, 0x03, 0xff, 0xff, 0x80, 0x3f, 0xf8, 0xf9, 0x00, 0x04, 0x3f, 0xf0, 0x01, 0xff,
  0xff, 0xf3, 0x00, 0x01, 0xff, 0xfe, 0xf3, 0x00, 0x01, 0x3f, 0xf8, 0xf3, 0x00, 0x01, 0x07, 0xc0, 0x81, 0x00, 0x81, 0x00, 0xca, 0x00, 0x81, 0x00,
  0xb7, 0x00, 0x01, 0x1f, 0xf8, 0xf9, 0x00, 0x01, 0x7f, 0xf8, 0xfd, 0x00, 0x01, 0x7f, 0xfe, 0xfa, 0x00, 0x02, 0x01, 0xff, 0xfc, 0xfe, 0x00, 0x02,
  0x01, 0xff, 0xff, 0xfa, 0x00, 0x02, 0x03, 0xff, 0xfe, 0xfe, 0x00, 0x03, 0x01, 0xff, 0xff, 0x80, 0xfb, 0x00, 0x02, 0x07, 0xff, 0xff, 0xfe, 0x00,
  0x03, 0x03, 0xff, 0xff, 0x80, 0xfb, 0x00, 0x02, 0x07, 0xff, 0xff, 0xfe, 0x00, 0x03, 0x03, 0xff, 0xff, 0xc0, 0xfb, 0x00, 0x09, 0x07, 0xff, 0xff,
  0x80, 0x00, 0x00, 0x03, 0xff, 0xff, 0xc0, 0xfb, 0x00, 0x09, 0x0f, 0xff, 0xff, 0x80, 0x00, 0x00, 0x03, 0xff, 0xff, 0xc0, 0xfb, 0x00, 0x09, 0x0f,
  0xff, 0xff, 0x80, 0x00, 0x00, 0x03, 0xff, 0xff, 0xc0, 0xfb, 0x00, 0x09, 0x0f, 0xff, 0xff, 0x80, 0x00, 0x00, 0x03, 0xff, 0xff, 0xe0, 0xfb, 0x00,
  0x09, 0x0f, 0xff, 0xff, 0x80, 0x00, 0x00, 0x03, 0xff, 0xff, 0xe0, 0xfb, 0x00, 0x09, 0x0f, 0xff, 0xff, 0x80, 0x00, 0x00, 0x03, 0xff, 0xff, 0xe0,
  0xfb, 0x00, 0x09, 0x0f, 0xff, 0xff, 0x80, 0x00, 0x00, 0x03, 0xff, 0xff, 0xe0, 0xfb, 0x00, 0x09, 0x0f, 0xff, 0xff, 0x80, 0x00, 0x00, 0x03, 0xff,
  0xff, 0xe0, 0xfb, 0x00, 0x09, 0x0f, 0xff, 0xff, 0x80, 0x00, 0x00, 0x03, 0xff, 0xff, 0xe0, 0xfb, 0x00, 0x09, 0x0f, 0xff, 0xff, 0x80, 0x00, 0x00,
  0x03, 0xff, 0xff, 0xe0, 0xfb, 0x00, 0x09, 0x0f, 0xff, 0xff, 0x80, 0x00, 0x00, 0x03, 0xff, 0xff, 0xe0, 0xfb, 0x00, 0x09, 0x0f, 0xff, 0xff, 0x80,
  0x00, 0x00, 0x03, 0xff, 0xff, 0xe0, 0xfb, 0x00, 0x09, 0x0f, 0xff, 0xff, 0x80, 0x00, 0x00, 0x03, 0xff, 0xff, 0xc0, 0xfb, 0x00, 0x09, 0x0f, 0xff,
  0xff, 0x80, 0x00, 0x00, 0x03, 0xff, 0xff, 0xc0, 0xfb, 0x00, 0x09, 0x0f, 0xff, 0xff, 0x80, 0x00, 0x00, 0x03, 0xff, 0xff, 0xc0, 0xfb, 0x00, 0x09,
  0x07, 0xff, 0xff, 0x80, 0x00, 0x00, 0x03, 0xff, 0xff, 0xc0, 0xfb, 0x00, 0x09, 0x07, 0xff, 0xff, 0x80, 0x00, 0x00, 0x03, 0xff, 0xff, 0xc0, 0xfb,
  0x00, 0x02, 0x07, 0xff, 0xff, 0xfe, 0x00, 0x03, 0x03, 0xff, 0xff, 0xc0, 0xfb, 0x00, 0x02, 0x03, 0xff, 0xff, 0xfe, 0x00, 0x03, 0x03, 0xff, 0xff,
  0x80, 0xfb, 0x00, 0x09, 0x03, 0xff, 0xff, 0x03, 0xe0, 0x0f, 0x01, 0xff, 0xff, 0x80, 0xfb, 0x00, 0x08, 0x03, 0xff, 0xff, 0x03, 0xf8, 0x3f, 0x81,
  0xff, 0xff, 0xfa, 0x00, 0x08, 0x01, 0xff, 0xfe, 0x03, 0xff, 0xff, 0x80, 0xff, 0xfe, 0xf9, 0x00, 0x07, 0xff, 0xfc, 0x03, 0xff, 0xff, 0x80, 0x3f,
  0xf8, 0xf9, 0x00, 0x04, 0x3f, 0xf0, 0x01, 0xff, 0xff, 0xf3, 0x00, 0x01, 0xff, 0xfe, 0xf3, 0x00, 0x01, 0x3f, 0xf8, 0xf3, 0x00, 0x01, 0x07, 0xc0,
  0x81, 0x00, 0x81, 0x00, 0xca, 0x00, 0x81, 0x00, 0xb7, 0x00, 0x01, 0x0f, 0xf8, 0xf9, 0x00, 0x01, 0x7f, 0xf8, 0xfd, 0x00, 0x01, 0x7f, 0xfe, 0xfa,
  0x00, 0x02, 0x01, 0xff, 0xfc, 0xfe, 0x00, 0x02, 0x01, 0xff, 0xff, 0xfa, 0x00, 0x02, 0x03, 0xff, 0xfe, 0xfe, 0x00, 0x03, 0x01, 0xff, 0xff, 0x80,
  0xfb, 0x00, 0x02, 0x07, 0xff, 0xff, 0xfe, 0x00, 0x03, 0x03, 0xff, 0xff, 0x80, 0xfb, 0x00, 0x02, 0x07, 0xff, 0xff, 0xfe, 0x00, 0x03, 0x03, 0xff,
  0xff, 0xc0, 0xfb, 0x00, 0x09, 0x07, 0xff, 0xff, 0x80, 0x00, 0x00, 0x03, 0xff, 0xff, 0xc0, 0xfb, 0x00, 0x09, 0x0f, 0xff, 0xff, 0x80, 0x00, 0x00,
  0x03, 0xff, 0xff, 0xc0, 0xfb, 0x00, 0x09, 0x0f, 0xff, 0xff, 0x80, 0x00, 0x00, 0x03, 0xff, 0xff, 0xe0, 0xfb, 0x00, 0x09, 0x0f, 0xff, 0xff, 0x80,
  0x00, 0x00, 0x03, 0xff, 0xff, 0xe0, 0xfb, 0x00, 0x09, 0x0f, 0xff, 0xff, 0x80, 0x00, 0x00, 0x03, 0xff, 0xff, 0xe0, 0xfb, 0x00, 0x09, 0x0f, 0xff,
  0xff, 0x80, 0x00, 0x00, 0x03, 0xff, 0xff, 0xe0, 0xfb, 0x00, 0x09, 0x0f, 0xff, 0xff, 0x80, 0x00, 0x00, 0x03, 0xff, 0xff, 0xe0, 0xfb, 0x00, 0x09,
  0x0f, 0xff, 0xff, 0x80, 0x00, 0x00, 0x03, 0xff, 0xff, 0xe0, 0xfb, 0x00, 0x09, 0x0f, 0xff, 0xff, 0x80, 0x00, 0x00, 0x03, 0xff, 0xff, 0xe0, 0xfb,
  0x00, 0x09, 0x0f, 0xff, 0xff, 0x80, 0x00, 0x00, 0x03, 0xff, 0xff, 0xe0, 0xfb, 0x00, 0x09, 0x0f, 0xff, 0xff, 0x80, 0x00, 0x00, 0x03, 0xff, 0xff,
  0xe0, 0xfb, 0x00, 0x09, 0x0f, 0xff, 0xff, 0x80, 0x00, 0x00, 0x03, 0xff, 0xff, 0xe0, 0xfb, 0x00, 0x09, 0x0f, 0xff, 0xff, 0x80, 0x00, 0x00, 0x03,
  0xff, 0xff, 0xc0, 0xfb, 0x00, 0x09, 0x0f, 0xff, 0xff, 0x80, 0x00, 0x00, 0x03, 0xff, 0xff, 0xc0, 0xfb, 0x00, 0x09, 0x0f, 0xff, 0xff, 0x80, 0x00,
  0x00, 0x03, 0xff, 0xff, 0xc0, 0xfb, 0x00, 0x09, 0x07, 0xff, 0xff, 0x80, 0x00, 0x00, 0x03, 0xff, 0xff, 0xc0, 0xfb, 0x00, 0x09, 0x07, 0xff, 0xff,
  0x80, 0x00, 0x00, 0x03, 0xff, 0xff, 0xc0, 0xfb, 0x00, 0x02, 0x07, 0xff, 0xff, 0xfe, 0x00, 0x03, 0x03, 0xff, 0xff, 0xc0, 0xfb, 0x00, 0x09, 0x03,
  0xff, 0xff, 0x00, 0x00, 0x02, 0x03, 0xff, 0xff, 0x80, 0xfb, 0x00, 0x09, 0x03, 0xff, 0xff, 0x03, 0xe0, 0x0f, 0x01, 0xff, 0xff, 0x80, 0xfb, 0x00,
  0x08, 0x01, 0xff, 0xff, 0x03, 0xf8, 0x3f, 0x81, 0xff, 0xff, 0xfa, 0x00, 0x08, 0x01, 0xff, 0xfe, 0x03, 0xff, 0xff, 0x80, 0xff, 0xfe, 0xf9, 0x00,
  0x07, 0xff, 0xfc, 0x03, 0xff, 0xff, 0x80, 0x3f, 0xf8, 0xf9, 0x00, 0x04, 0x3f, 0xf0, 0x01, 0xff, 0xff, 0xf3, 0x00, 0x01, 0xff, 0xfe, 0xf3, 0x00,
  0x01, 0x3f, 0xf8, 0xf3, 0x00, 0x01, 0x07, 0x80, 0x81, 0x00, 0x81, 0x00, 0xca, 0x00, 0x81, 0x00, 0xb7, 0x00, 0x01, 0x1f, 0xf8, 0xf9, 0x00, 0x01,
  0x7f, 0xf8, 0xfd, 0x00, 0x01, 0x7f, 0xfe, 0xfa, 0x00, 0x02, 0x01, 0xff, 0xfc, 0xfe, 0x00, 0x02, 0x01, 0xff, 0xff, 0xfa, 0x00, 0x02, 0x03, 0xff,
  0xfe, 0xfe, 0x00, 0x03, 0x01, 0xff, 0xff, 0x80, 0xfb, 0x00, 0x02, 0x07, 0xff, 0xff, 0xfe, 0x00, 0x03, 0x03, 0xff, 0xff, 0x80, 0xfb, 0x00, 0x02,
  0x07, 0xff, 0xff, 0xfe, 0x00, 0x03, 0x03, 0xff, 0xff, 0xc0, 0xfb, 0x00, 0x09, 0x07, 0xff, 0xff, 0x80, 0x00, 0x00, 0x03, 0xff, 0xff, 0xc0, 0xfb,
  0x00, 0x09, 0x0f, 0xff, 0xff, 0x80, 0x00, 0x00, 0x03, 0xff, 0xff, 0xc0, 0xfb, 0x00, 0x09, 0x0f, 0xff, 0xff, 0x80, 0x00, 0x00, 0x03, 0xff, 0xff,
  0xc0, 0xfb, 0x00, 0x09, 0x0f, 0xff, 0xff, 0x80, 0x00, 0x00, 0x03, 0xff, 0xff, 0xe0, 0xfb, 0x00, 0x09, 0x0f, 0xff, 0xff, 0x80, 0x00, 0x00, 0x03,
  0xff, 0xff, 0xe0, 0xfb, 0x00, 0x09, 0x0f, 0xff, 0xff, 0x80, 0x00, 0x00, 0x03, 0xff, 0xff, 0xe0, 0xfb, 0x00, 0x09, 0x0f, 0xff, 0xff, 0x80, 0x00,
  0x00, 0x03, 0xff, 0xff, 0xe0, 0xfb, 0x00, 0x09, 0x0f, 0xff, 0xff, 0x80, 0x00, 0x00, 0x03, 0xff, 0xff, 0xe0, 0xfb, 0x00, 0x09, 0x0f, 0xff, 0xff,
  0x80, 0x00, 0x00, 0x03, 0xff, 0xff, 0xe0, 0xfb, 0x00, 0x09, 0x0f, 0xff, 0xff, 0x80, 0x00, 0x00, 0x03, 0xff, 0xff, 0xe0, 0xfb, 0x00, 0x09, 0x0f,
  0xff, 0xff, 0x80, 0x00, 0x00, 0x03, 0xff, 0xff, 0xe0, 0xfb, 0x00, 0x09, 0x0f, 0xff, 0xff, 0x80, 0x00, 0x00, 0x03, 0xff, 0xff, 0xe0, 0xfb, 0x00,
  0x09, 0x0f, 0xff, 0xff, 0x80, 0x00, 0x00, 0x03, 0xff, 0xff, 0xc0, 0xfb, 0x00, 0x09, 0x0f, 0xff, 0xff, 0x80, 0x00, 0x00, 0x03, 0xff, 0xff, 0xc0,
  0xfb, 0x00, 0x09, 0x0f, 0xff, 0xff, 0x80, 0x00, 0x00, 0x03, 0xff, 0xff, 0xc0, 0xfb, 0x00, 0x09, 0x07, 0xff, 0xff, 0x80, 0x00, 0x00, 0x03, 0xff,
  0xff, 0xc0, 0xfb, 0x00, 0x09, 0x07, 0xff, 0xff, 0x80, 0x00, 0x00, 0x03, 0xff, 0xff, 0x80, 0xfb, 0x00, 0x02, 0x07, 0xff, 0xff, 0xfe, 0x00, 0x03,
  0x03, 0xff, 0xff, 0xc0, 0xfb, 0x00, 0x09, 0x03, 0xff, 0xff, 0x00, 0x00, 0x02, 0x03, 0xff, 0xff, 0x80, 0xfb, 0x00, 0x08, 0x03, 0xff, 0xff, 0x03,
  0xe0, 0x0f, 0x01, 0xff, 0xff, 0xfa, 0x00, 0x08, 0x01, 0xff, 0xff, 0x03, 0xf8, 0x3f, 0x81, 0xff, 0xff, 0xfa, 0x00, 0x08, 0x01, 0xff, 0xfe, 0x03,
  0xff, 0xff, 0x80, 0xff, 0xfe, 0xf9, 0x00, 0x07, 0xff, 0xfc, 0x03, 0xff, 0xff, 0x80, 0x3f, 0xf8, 0xf9, 0x00, 0x04, 0x3f, 0xf0, 0x01, 0xff, 0xff,
  0xf3, 0x00, 0x01, 0xff, 0xfe, 0xf3, 0x00, 0x01, 0x3f, 0xf8, 0xf3, 0x00, 0x01, 0x07, 0x80, 0x81, 0x00, 0x81, 0x00, 0xca, 0x00, 0x81, 0x00, 0xb7,
  0x00, 0x01, 0x1f, 0xf8, 0xf9, 0x00, 0x01, 0x7f, 0xf8, 0xfd, 0x00, 0x01, 0x7f, 0xfe, 0xfa, 0x00, 0x02, 0x01, 0xff, 0xfc, 0xfe, 0x00, 0x02, 0x01,
  0xff, 0xff, 0xfa, 0x00, 0x02, 0x03, 0xff, 0xfe, 0xfe, 0x00, 0x03, 0x01, 0xff, 0xff, 0x80, 0xfb, 0x00, 0x02, 0x07, 0xff, 0xff, 0xfe, 0x00, 0x03,
  0x03, 0xff, 0xff, 0x80, 0xfb, 0x00, 0x02, 0x07, 0xff, 0xff, 0xfe, 0x00, 0x03, 0x03, 0xff, 0xff, 0xc0, 0xfb, 0x00, 0x09, 0x07, 0xff, 0xff, 0x80,
  0x00, 0x00, 0x03, 0xff, 0xff, 0xc0, 0xfb, 0x00, 0x09, 0x0f, 0xff, 0xff, 0x80, 0x00, 0x00, 0x03, 0xff, 0xff, 0xc0, 0xfb, 0x00, 0x09, 0x0f, 0xff,
  0xff, 0x80, 0x00, 0x00, 0x03, 0xff, 0xff, 0xc0, 0xfb, 0x00, 0x09, 0x0f, 0xff, 0xff, 0x80, 0x00, 0x00, 0x03, 0xff, 0xff, 0xe0, 0xfb, 0x00, 0x09,
  0x0f, 0xff, 0xff, 0x80, 0x00, 0x00, 0x03, 0xff, 0xff, 0xe0, 0xfb, 0x00, 0x09, 0x0f, 0xff, 0xff, 0x80, 0x00, 0x00, 0x03, 0xff, 0xff, 0xe0, 0xfb,
  0x00, 0x09, 0x0f, 0xff, 0xff, 0x80, 0x00, 0x00, 0x03, 0xff, 0xff, 0xe0, 0xfb, 0x00, 0x09, 0x0f, 0xff, 0xff, 0x80, 0x00, 0x00, 0x03, 0xff, 0xff,
  0xe0, 0xfb, 0x00, 0x09, 0x0f, 0xff, 0xff, 0x80, 0x00, 0x00, 0x03, 0xff, 0xff, 0xe0, 0xfb, 0x00, 0x09, 0x0f, 0xff, 0xff, 0x80, 0x00, 0x00, 0x03,
  0xff, 0xff, 0xe0, 0xfb, 0x00, 0x09, 0x0f, 0xff, 0xff, 0x80, 0x00, 0x00, 0x03, 0xff, 0xff, 0xe0, 0xfb, 0x00, 0x09, 0x0f, 0xff, 0xff, 0x80, 0x00,
  0x00, 0x03, 0xff, 0xff, 0xe0, 0xfb, 0x00, 0x09, 0x0f, 0xff, 0xff, 0x80, 0x00, 0x00, 0x03, 0xff, 0xff, 0xc0, 0xfb, 0x00, 0x09, 0x0f, 0xff, 0xff,
  0x80, 0x00, 0x00, 0x03, 0xff, 0xff, 0xc0, 0xfb, 0x00, 0x09, 0x0f, 0xff, 0xff, 0x80, 0x00, 0x00, 0x03, 0xff, 0xff, 0xc0, 0xfb, 0x00, 0x09, 0x07,
  0xff, 0xff, 0x80, 0x00, 0x00, 0x03, 0xff, 0xff, 0xc0, 0xfb, 0x00, 0x09, 0x07, 0xff, 0xff, 0x80, 0x00, 0x00, 0x03, 0xff, 0xff, 0x80, 0xfb, 0x00,
  0x02, 0x07, 0xff, 0xff, 0xfe, 0x00, 0x03, 0x03, 0xff, 0xff, 0x80, 0xfb, 0x00, 0x09, 0x03, 0xff, 0xff, 0x00, 0x00, 0x02, 0x03, 0xff, 0xff, 0x80,
  0xfb, 0x00, 0x08, 0x03, 0xff, 0xff, 0x03, 0xe0, 0x0f, 0x01, 0xff, 0xff, 0xfa, 0x00, 0x08, 0x01, 0xff, 0xff, 0x03, 0xf8, 0x3f, 0x81, 0xff, 0xff,
  0xfa, 0x00, 0x08, 0x01, 0xff, 0xfe, 0x03, 0xff, 0xff, 0x80, 0xff, 0xfe, 0xf9, 0x00, 0x07, 0xff, 0xfc, 0x03, 0xff, 0xff, 0x80, 0x3f, 0xf8, 0xf9,
  0x00, 0x04, 0x3f, 0xf0, 0x01, 0xff, 0xff, 0xf3, 0x00, 0x01, 0xff, 0xfe, 0xf3, 0x00, 0x01, 0x3f, 0xf8, 0xf3, 0x00, 0x01, 0x07, 0x80, 0x81, 0x00,
  0x81, 0x00, 0xca, 0x00, 0x81, 0x00, 0xb7, 0x00, 0x01, 0x1f, 0xf8, 0xf9, 0x00, 0x01, 0x7f, 0xf8, 0xfd, 0x00, 0x01, 0x7f, 0xfe, 0xfa, 0x00, 0x02,
  0x01, 0xff, 0xfc, 0xfe, 0x00, 0x02, 0x01, 0xff, 0xff, 0xfa, 0x00, 0x02, 0x03, 0xff, 0xfe, 0xfe, 0x00, 0x03, 0x01, 0xff, 0xff, 0x80, 0xfb, 0x00,
  0x02, 0x07, 0xff, 0xff, 0xfe, 0x00, 0x03, 0x03, 0xff, 0xff, 0x80, 0xfb, 0x00, 0x02, 0x07, 0xff, 0xff, 0xfe, 0x00, 0x03, 0x03, 0xff, 0xff, 0xc0,
  0xfb, 0x00, 0x09, 0x07, 0xff, 0xff, 0x80, 0x00, 0x00, 0x03, 0xff, 0xff, 0xc0, 0xfb, 0x00, 0x09, 0x0f, 0xff, 0xff, 0x80, 0x00, 0x00, 0x03, 0xff,
  0xff, 0xc0, 0xfb, 0x00, 0x09, 0x0f, 0xff, 0xff, 0x80, 0x00, 0x00, 0x03, 0xff, 0xff, 0xe0, 0xfb, 0x00, 0x09, 0x0f, 0xff, 0xff, 0x80, 0x00, 0x00,
  0x03, 0xff, 0xff, 0xe0, 0xfb, 0x00, 0x09, 0x0f, 0xff, 0xff, 0x80, 0x00, 0x00, 0x03, 0xff, 0xff, 0xe0, 0xfb, 0x00, 0x09, 0x0f, 0xff, 0xff, 0x80,
  0x00, 0x00, 0x03, 0xff, 0xff, 0xe0, 0xfb, 0x00, 0x02, 0x0f, 0xff, 0xff, 0xfe, 0x00, 0x03, 0x03, 0xff, 0xff, 0xe0, 0xfb, 0x00, 0x09, 0x0f, 0xff,
  0xff, 0x80, 0x00, 0x00, 0x03, 0xff, 0xff, 0xe0, 0xfb, 0x00, 0x09, 0x0f, 0xff, 0xff, 0x80, 0x00, 0x00, 0x03, 0xff, 0xff, 0xe0, 0xfb, 0x00, 0x09,
  0x0f, 0xff, 0xff, 0x80, 0x00, 0x00, 0x03, 0xff, 0xff, 0xe0, 0xfb, 0x00, 0x09, 0x0f, 0xff, 0xff, 0x80, 0x00, 0x00, 0x03, 0xff, 0xff, 0xe0, 0xfb,
  0x00, 0x09, 0x0f, 0xff, 0xff, 0x80, 0x00, 0x00, 0x03, 0xff, 0xff, 0xe0, 0xfb, 0x00, 0x09, 0x0f, 0xff, 0xff, 0x80, 0x00, 0x00, 0x03, 0xff, 0xff,
  0xc0, 0xfb, 0x00, 0x09, 0x0f, 0xff, 0xff, 0x80, 0x00, 0x00, 0x03, 0xff, 0xff, 0xc0, 0xfb, 0x00, 0x02, 0x0f, 0xff, 0xff, 0xfe, 0x00, 0x03, 0x03,
  0xff, 0xff, 0xc0, 0xfb, 0x00, 0x09, 0x0f, 0xff, 0xff, 0x80, 0x00, 0x00, 0x03, 0xff, 0xff, 0xc0, 0xfb, 0x00, 0x02, 0x07, 0xff, 0xff, 0xfe, 0x00,
  0x03, 0x03, 0xff, 0xff, 0x80, 0xfb, 0x00, 0x02, 0x07, 0xff, 0xff, 0xfe, 0x00, 0x03, 0x03, 0xff, 0xff, 0xc0, 0xfb, 0x00, 0x09, 0x03, 0xff, 0xff,
  0x00, 0x00, 0x02, 0x03, 0xff, 0xff, 0x80, 0xfb, 0x00, 0x08, 0x03, 0xff, 0xff, 0x03, 0xe0, 0x0f, 0x01, 0xff, 0xff, 0xfa, 0x00, 0x08, 0x01, 0xff,
  0xff, 0x03, 0xf8, 0x3f, 0x81, 0xff, 0xff, 0xfa, 0x00, 0x08, 0x01, 0xff, 0xfe, 0x03, 0xff, 0xff, 0x80, 0xff, 0xfe, 0xf9, 0x00, 0x07, 0xff, 0xfc,
  0x03, 0xff, 0xff, 0x80, 0x3f, 0xf8, 0xf9, 0x00, 0x04, 0x3f, 0xf0, 0x01, 0xff, 0xff, 0xf3, 0x00, 0x01, 0xff, 0xfe, 0xf3, 0x00, 0x01, 0x3f, 0xf8,
  0xf3, 0x00, 0x01, 0x07, 0x80, 0x81, 0x00, 0x81, 0x00, 0xca, 0x00, 0x81, 0x00, 0xb7, 0x00, 0x01, 0x1f, 0xf8, 0xf9, 0x00, 0x01, 0x7f, 0xf8, 0xfd,
  0x00, 0x01, 0x7f, 0xfe, 0xfa, 0x00, 0x02, 0x01, 0xff, 0xfc, 0xfe, 0x00, 0x02, 0x01, 0xff, 0xff, 0xfa, 0x00, 0x02, 0x03, 0xff, 0xfe, 0xfe, 0x00,
  0x03, 0x01, 0xff, 0xff, 0x80, 0xfb, 0x00, 0x02, 0x07, 0xff, 0xff, 0xfe, 0x00, 0x03, 0x03, 0xff, 0xff, 0x80, 0xfb, 0x00, 0x02, 0x07, 0xff, 0xff,
  0xfe, 0x00, 0x03, 0x03, 0xff, 0xff, 0xc0, 0xfb, 0x00, 0x09, 0x07, 0xff, 0xff, 0x80, 0x00, 0x00, 0x03, 0xff, 0xff, 0xc0, 0xfb, 0x00, 0x09, 0x0f,
  0xff, 0xff, 0x80, 0x00, 0x00, 0x03, 0xff, 0xff, 0xc0, 0xfb, 0x00, 0x09, 0x0f, 0xff, 0xff, 0x80, 0x00, 0x00, 0x03, 0xff, 0xff, 0xe0, 0xfb, 0x00,
  0x09, 0x0f, 0xff, 0xff, 0x80, 0x00, 0x00, 0x03, 0xff, 0xff, 0xe0, 0xfb, 0x00, 0x09, 0x0f, 0xff, 0xff, 0x80, 0x00, 0x00, 0x03, 0xff, 0xff, 0xe0,
  0xfb, 0x00, 0x09, 0x0f, 0xff, 0xff, 0x80, 0x00, 0x00, 0x03, 0xff, 0xff, 0xe0, 0xfb, 0x00, 0x09, 0x0f, 0xff, 0xff, 0x80, 0x00, 0x00, 0x03, 0xff,
  0xff, 0xe0, 0xfb, 0x00, 0x09, 0x0f, 0xff, 0xff, 0x80, 0x00, 0x00, 0x03, 0xff, 0xff, 0xe0, 0xfb, 0x00, 0x09, 0x0f, 0xff, 0xff, 0x80, 0x00, 0x00,
  0x03, 0xff, 0xff, 0xe0, 0xfb, 0x00, 0x09, 0x0f, 0xff, 0xff, 0x80, 0x00, 0x00, 0x03, 0xff, 0xff, 0xe0, 0xfb, 0x00, 0x09, 0x0f, 0xff, 0xff, 0x80,
  0x00, 0x00, 0x03, 0xff, 0xff, 0xe0, 0xfb, 0x00, 0x09, 0x0f, 0xff, 0xff, 0x80, 0x00, 0x00, 0x03, 0xff, 0xff, 0xe0, 0xfb, 0x00, 0x09, 0x0f, 0xff,
  0xff, 0x80, 0x00, 0x00, 0x03, 0xff, 0xff, 0xc0, 0xfb, 0x00, 0x09, 0x0f, 0xff, 0xff, 0x80, 0x00, 0x00, 0x03, 0xff, 0xff, 0xc0, 0xfb, 0x00, 0x09,
  0x0f, 0xff, 0xff, 0x80, 0x00, 0x00, 0x03, 0xff, 0xff, 0xc0, 0xfb, 0x00, 0x09, 0x0f, 0xff, 0xff, 0x80, 0x00, 0x00, 0x03, 0xff, 0xff, 0xc0, 0xfb,
  0x00, 0x09, 0x07, 0xff, 0xff, 0x80, 0x00, 0x00, 0x03, 0xff, 0xff, 0x80, 0xfb, 0x00, 0x02, 0x07, 0xff, 0xff, 0xfe, 0x00, 0x03, 0x03, 0xff, 0xff,
  0x80, 0xfb, 0x00, 0x02, 0x03, 0xff, 0xff, 0xfe, 0x00, 0x03, 0x03, 0xff, 0xff, 0x80, 0xfb, 0x00, 0x08, 0x03, 0xff, 0xff, 0x03, 0xe0, 0x0f, 0x01,
  0xff, 0xff, 0xfa, 0x00, 0x08, 0x01, 0xff, 0xff, 0x03, 0xf8, 0x3f, 0x81, 0xff, 0xff, 0xfa, 0x00, 0x08, 0x01, 0xff, 0xfe, 0x03, 0xff, 0xff, 0x80,
  0xff, 0xfe, 0xf9, 0x00, 0x07, 0xff, 0xfc, 0x03, 0xff, 0xff, 0x80, 0x3f, 0xf8, 0xf9, 0x00, 0x04, 0x3f, 0xf0, 0x01, 0xff, 0xff, 0xf3, 0x00, 0x01,
  0xff, 0xfe, 0xf3, 0x00, 0x01, 0x3f, 0xf8, 0xf3, 0x00, 0x01, 0x0f, 0xc0, 0x81, 0x00, 0x81, 0x00, 0xca, 0x00, 0x81, 0x00, 0xb7, 0x00, 0x01, 0x1f,
  0xf8, 0xf9, 0x00, 0x01, 0x7f, 0xf8, 0xfd, 0x00, 0x01, 0x7f, 0xfe, 0xfa, 0x00, 0x02, 0x01, 0xff, 0xfc, 0xfe, 0x00, 0x02, 0x01, 0xff, 0xff, 0xfa,
  0x00, 0x02, 0x03, 0xff, 0xfe, 0xfe, 0x00, 0x03, 0x01, 0xff, 0xff, 0x80, 0xfb, 0x00, 0x02, 0x07, 0xff, 0xff, 0xfe, 0x00, 0x03, 0x03, 0xff, 0xff,
  0x80, 0xfb, 0x00, 0x02, 0x07, 0xff, 0xff, 0xfe, 0x00, 0x03, 0x03, 0xff, 0xff, 0xc0, 0xfb, 0x00, 0x09, 0x0f, 0xff, 0xff, 0x80, 0x00, 0x00, 0x03,
  0xff, 0xff, 0xc0, 0xfb, 0x00, 0x09, 0x0f, 0xff, 0xff, 0x80, 0x00, 0x00, 0x03, 0xff, 0xff, 0xc0, 0xfb, 0x00, 0x09, 0x0f, 0xff, 0xff, 0x80, 0x00,
  0x00, 0x03, 0xff, 0xff, 0xe0, 0xfb, 0x00, 0x09, 0x0f, 0xff, 0xff, 0x80, 0x00, 0x00, 0x03, 0xff, 0xff, 0xe0, 0xfb, 0x00, 0x09, 0x0f, 0xff, 0xff,
  0x80, 0x00, 0x00, 0x03, 0xff, 0xff, 0xe0, 0xfb, 0x00, 0x09, 0x0f, 0xff, 0xff, 0x80, 0x00, 0x00, 0x03, 0xff, 0xff, 0xe0, 0xfb, 0x00, 0x09, 0x0f,
  0xff, 0xff, 0x80, 0x00, 0x00, 0x03, 0xff, 0xff, 0xe0, 0xfb, 0x00, 0x09, 0x0f, 0xff, 0xff, 0x80, 0x00, 0x00, 0x03, 0xff, 0xff, 0xe0, 0xfb, 0x00,
  0x09, 0x0f, 0xff, 0xff, 0x80, 0x00, 0x00, 0x03, 0xff, 0xff, 0xe0, 0xfb, 0x00, 0x09, 0x0f, 0xff, 0xff, 0x80, 0x00, 0x00, 0x03, 0xff, 0xff, 0xe0,
  0xfb, 0x00, 0x09, 0x0f, 0xff, 0xff, 0x80, 0x00, 0x00, 0x03, 0xff, 0xff, 0xe0, 0xfb, 0x00, 0x09, 0x0f, 0xff, 0xff, 0x80, 0x00, 0x00, 0x03, 0xff,
  0xff, 0xe0, 0xfb, 0x00, 0x09, 0x0f, 0xff, 0xff, 0x80, 0x00, 0x00, 0x03, 0xff, 0xff, 0xc0, 0xfb, 0x00, 0x09, 0x0f, 0xff, 0xff, 0x80, 0x00, 0x00,
  0x03, 0xff, 0xff, 0xc0, 0xfb, 0x00, 0x09, 0x0f, 0xff, 0xff, 0x80, 0x00, 0x00, 0x03, 0xff, 0xff, 0xc0, 0xfb, 0x00, 0x09, 0x07, 0xff, 0xff, 0x80,
  0x00, 0x00, 0x03, 0xff, 0xff, 0xc0, 0xfb, 0x00, 0x09, 0x07, 0xff, 0xff, 0x80, 0x00, 0x00, 0x03, 0xff, 0xff, 0x80, 0xfb, 0x00, 0x02, 0x07, 0xff,
  0xff, 0xfe, 0x00, 0x03, 0x03, 0xff, 0xff, 0xc0, 0xfb, 0x00, 0x02, 0x03, 0xff, 0xff, 0xfe, 0x00, 0x03, 0x03, 0xff, 0xff, 0x80, 0xfb, 0x00, 0x08,
  0x03, 0xff, 0xff, 0x03, 0xe0, 0x0f, 0x01, 0xff, 0xff, 0xfa, 0x00, 0x08, 0x01, 0xff, 0xff, 0x03, 0xf8, 0x3f, 0x81, 0xff, 0xff, 0xfa, 0x00, 0x08,
  0x01, 0xff, 0xfe, 0x03, 0xff, 0xff, 0x80, 0xff, 0xfe, 0xf9, 0x00, 0x07, 0xff, 0xfc, 0x03, 0xff, 0xff, 0x80, 0x3f, 0xf8, 0xf9, 0x00, 0x04, 0x3f,
  0xf0, 0x01, 0xff, 0xff, 0xf3, 0x00, 0x01, 0xff, 0xfe, 0xf3, 0x00, 0x01, 0x3f, 0xf8, 0xf3, 0x00, 0x01, 0x07, 0xc0, 0x81, 0x00, 0x81, 0x00, 0xca,
  0x00, 0x81, 0x00, 0xb7, 0x00, 0x01, 0x1f, 0xf8, 0xf9, 0x00, 0x01, 0x7f, 0xf8, 0xfd, 0x00, 0x01, 0x7f, 0xfe, 0xfa, 0x00, 0x02, 0x01, 0xff, 0xfc,
  0xfe, 0x00, 0x02, 0x01, 0xff, 0xff, 0xfa, 0x00, 0x02, 0x03, 0xff, 0xfe, 0xfe, 0x00, 0x03, 0x01, 0xff, 0xff, 0x80, 0xfb, 0x00, 0x02, 0x07, 0xff,
  0xff, 0xfe, 0x00, 0x03, 0x03, 0xff, 0xff, 0x80, 0xfb, 0x00, 0x02, 0x07, 0xff, 0xff, 0xfe, 0x00, 0x03, 0x03, 0xff, 0xff, 0xc0, 0xfb, 0x00, 0x09,
  0x0f, 0xff, 0xff, 0x80, 0x00, 0x00, 0x03, 0xff, 0xff, 0xc0, 0xfb, 0x00, 0x09, 0x0f, 0xff, 0xff, 0x80, 0x00, 0x00, 0x03, 0xff, 0xff, 0xc0, 0xfb,
  0x00, 0x09, 0x0f, 0xff, 0xff, 0x80, 0x00, 0x00, 0x03, 0xff, 0xff, 0xe0, 0xfb, 0x00, 0x09, 0x0f, 0xff, 0xff, 0x80, 0x00, 0x00, 0x03, 0xff, 0xff,
  0xe0, 0xfb, 0x00, 0x09, 0x0f, 0xff, 0xff, 0x80, 0x00, 0x00, 0x03, 0xff, 0xff, 0xe0, 0xfb, 0x00, 0x09, 0x0f, 0xff, 0xff, 0x80, 0x00, 0x00, 0x03,
  0xff, 0xff, 0xe0, 0xfb, 0x00, 0x09, 0x0f, 0xff, 0xff, 0x80, 0x00, 0x00, 0x03, 0xff, 0xff, 0xe0, 0xfb, 0x00, 0x09, 0x0f, 0xff, 0xff, 0x80, 0x00,
  0x00, 0x03, 0xff, 0xff, 0xe0, 0xfb, 0x00, 0x09, 0x0f, 0xff, 0xff, 0x80, 0x00, 0x00, 0x03, 0xff, 0xff, 0xe0, 0xfb, 0x00, 0x09, 0x0f, 0xff, 0xff,
  0x80, 0x00, 0x00, 0x03, 0xff, 0xff, 0xe0, 0xfb, 0x00, 0x09, 0x0f, 0xff, 0xff, 0x80, 0x00, 0x00, 0x03, 0xff, 0xff, 0xe0, 0xfb, 0x00, 0x09, 0x0f,
  0xff, 0xff, 0x80, 0x00, 0x00, 0x03, 0xff, 0xff, 0xe0, 0xfb, 0x00, 0x09, 0x0f, 0xff, 0xff, 0x80, 0x00, 0x00, 0x03, 0xff, 0xff, 0xc0, 0xfb, 0x00,
  0x09, 0x0f, 0xff, 0xff, 0x80, 0x00, 0x00, 0x03, 0xff, 0xff, 0xc0, 0xfb, 0x00, 0x09, 0x0f, 0xff, 0xff, 0x80, 0x00, 0x00, 0x03, 0xff, 0xff, 0xc0,
  0xfb, 0x00, 0x09, 0x0f, 0xff, 0xff, 0x80, 0x00, 0x00, 0x03, 0xff, 0xff, 0xc0, 0xfb, 0x00, 0x09, 0x07, 0xff, 0xff, 0x80, 0x00, 0x00, 0x03, 0xff,
  0xff, 0x80, 0xfb, 0x00, 0x02, 0x07, 0xff, 0xff, 0xfe, 0x00, 0x03, 0x03, 0xff, 0xff, 0xc0, 0xfb, 0x00, 0x09, 0x03, 0xff, 0xff, 0x00, 0x00, 0x02,
  0x03, 0xff, 0xff, 0x80, 0xfb, 0x00, 0x08, 0x03, 0xff, 0xff, 0x03, 0xe0, 0x0f, 0x01, 0xff, 0xff, 0xfa, 0x00, 0x08, 0x01, 0xff, 0xff, 0x03, 0xf8,
  0x3f, 0x81, 0xff, 0xff, 0xfa, 0x00, 0x08, 0x01, 0xff, 0xfe, 0x03, 0xff, 0xff, 0x80, 0xff, 0xfe, 0xf9, 0x00, 0x07, 0xff, 0xfc, 0x03, 0xff, 0xff,
  0x80, 0x3f, 0xf8, 0xf9, 0x00, 0x04, 0x3f, 0xf0, 0x01, 0xff, 0xff, 0xf3, 0x00, 0x01, 0xff, 0xfe, 0xf3, 0x00, 0x01, 0x3f, 0xf8, 0xf3, 0x00, 0x01,
  0x07, 0x80, 0x81, 0x00, 0x81, 0x00, 0xca, 0x00, 0x81, 0x00, 0xb7, 0x00, 0x01, 0x1f, 0xf8, 0xf9, 0x00, 0x01, 0x7f, 0xf8, 0xfd, 0x00, 0x01, 0xff,
  0xfe, 0xfa, 0x00, 0x02, 0x01, 0xff, 0xfc, 0xfe, 0x00, 0x02, 0x01, 0xff, 0xff, 0xfa, 0x00, 0x02, 0x03, 0xff, 0xfe, 0xfe, 0x00, 0x03, 0x01, 0xff,
  0xff, 0x80, 0xfb, 0x00, 0x02, 0x07, 0xff, 0xff, 0xfe, 0x00, 0x03, 0x03, 0xff, 0xff, 0x80, 0xfb, 0x00, 0x02, 0x07, 0xff, 0xff, 0xfe, 0x00, 0x03,
  0x03, 0xff, 0xff, 0xc0, 0xfb, 0x00, 0x09, 0x0f, 0xff, 0xff, 0x80, 0x00, 0x00, 0x03, 0xff, 0xff, 0xc0, 0xfb, 0x00, 0x09, 0x0f, 0xff, 0xff, 0x80,
  0x00, 0x00, 0x03, 0xff, 0xff, 0xc0, 0xfb, 0x00, 0x09, 0x0f, 0xff, 0xff, 0x80, 0x00, 0x00, 0x03, 0xff, 0xff, 0xe0, 0xfb, 0x00, 0x09, 0x0f, 0xff,
  0xff, 0x80, 0x00, 0x00, 0x03, 0xff, 0xff, 0xe0, 0xfb, 0x00, 0x09, 0x0f, 0xff, 0xff, 0x80, 0x00, 0x00, 0x03, 0xff, 0xff, 0xe0, 0xfb, 0x00, 0x09,
  0x0f, 0xff, 0xff, 0x80, 0x00, 0x00, 0x03, 0xff, 0xff, 0xe0, 0xfb, 0x00, 0x09, 0x0f, 0xff, 0xff, 0x80, 0x00, 0x00, 0x03, 0xff, 0xff, 0xe0, 0xfb,
  0x00, 0x09, 0x0f, 0xff, 0xff, 0x80, 0x00, 0x00, 0x03, 0xff, 0xff, 0xe0, 0xfb, 0x00, 0x09, 0x0f, 0xff, 0xff, 0x80, 0x00, 0x00, 0x03, 0xff, 0xff,
  0xe0, 0xfb, 0x00, 0x09, 0x0f, 0xff, 0xff, 0x80, 0x00, 0x00, 0x03, 0xff, 0xff, 0xe0, 0xfb, 0x00, 0x09, 0x0f, 0xff, 0xff, 0x80, 0x00, 0x00, 0x03,
  0xff, 0xff, 0xe0, 0xfb, 0x00, 0x09, 0x0f, 0xff, 0xff, 0x80, 0x00, 0x00, 0x03, 0xff, 0xff, 0xe0, 0xfb, 0x00, 0x09, 0x0f, 0xff, 0xff, 0x80, 0x00,
  0x00, 0x03, 0xff, 0xff, 0xc0, 0xfb, 0x00, 0x09, 0x0f, 0xff, 0xff, 0x80, 0x00, 0x00, 0x03, 0xff, 0xff, 0xc0, 0xfb, 0x00, 0x09, 0x0f, 0xff, 0xff,
  0x80, 0x00, 0x00, 0x03, 0xff, 0xff, 0xc0, 0xfb, 0x00, 0x09, 0x0f, 0xff, 0xff, 0x80, 0x00, 0x00, 0x03, 0xff, 0xff, 0xc0, 0xfb, 0x00, 0x09, 0x07,
  0xff, 0xff, 0x80, 0x00, 0x00, 0x03, 0xff, 0xff, 0x80, 0xfb, 0x00, 0x02, 0x07, 0xff, 0xff, 0xfe, 0x00, 0x03, 0x03, 0xff, 0xff, 0xc0, 0xfb, 0x00,
  0x09, 0x03, 0xff, 0xff, 0x00, 0x00, 0x02, 0x01, 0xff, 0xff, 0x80, 0xfb, 0x00, 0x08, 0x03, 0xff, 0xff, 0x03, 0xe0, 0x0f, 0x01, 0xff, 0xff, 0xfa,
  0x00, 0x08, 0x01, 0xff, 0xff, 0x03, 0xf8, 0x3f, 0x81, 0xff, 0xff, 0xfa, 0x00, 0x08, 0x01, 0xff, 0xfe, 0x03, 0xff, 0xff, 0x80, 0xff, 0xfe, 0xf9,
  0x00, 0x07, 0x7f, 0xfc, 0x03, 0xff, 0xff, 0x80, 0x3f, 0xf8, 0xf9, 0x00, 0x04, 0x1f, 0xf0, 0x01, 0xff, 0xff, 0xf3, 0x00, 0x01, 0xff, 0xfe, 0xf3,
  0x00, 0x01, 0x3f, 0xf8, 0xf3, 0x00, 0x00, 0x03, 0x81, 0x00, 0x81, 0x00, 0xc9, 0x00, 0x81, 0x00, 0xb7, 0x00, 0x01, 0x1f, 0xf8, 0xf9, 0x00, 0x01,
  0x7f, 0xf8, 0xfd, 0x00, 0x01, 0x7f, 0xfe, 0xfa, 0x00, 0x02, 0x01, 0xff, 0xfc, 0xfe, 0x00, 0x02, 0x01, 0xff, 0xff, 0xfa, 0x00, 0x02, 0x03, 0xff,
  0xfe, 0xfe, 0x00, 0x03, 0x01, 0xff, 0xff, 0x80, 0xfb, 0x00, 0x02, 0x07, 0xff, 0xff, 0xfe, 0x00, 0x03, 0x03, 0xff, 0xff, 0x80, 0xfb, 0x00, 0x02,
  0x07, 0xff, 0xff, 0xfe, 0x00, 0x03, 0x03, 0xff, 0xff, 0xc0, 0xfb, 0x00, 0x09, 0x0f, 0xff, 0xff, 0x80, 0x00, 0x00, 0x03, 0xff, 0xff, 0xc0, 0xfb,
  0x00, 0x09, 0x0f, 0xff, 0xff, 0x80, 0x00, 0x00, 0x03, 0xff, 0xff, 0xc0, 0xfb, 0x00, 0x09, 0x0f, 0xff, 0xff, 0x80, 0x00, 0x00, 0x03, 0xff, 0xff,
  0xe0, 0xfb, 0x00, 0x09, 0x0f, 0xff, 0xff, 0x80, 0x00, 0x00, 0x03, 0xff, 0xff, 0xe0, 0xfb, 0x00, 0x09, 0x0f, 0xff, 0xff, 0x80, 0x00, 0x00, 0x03,
  0xff, 0xff, 0xe0, 0xfb, 0x00, 0x09, 0x0f, 0xff, 0xff, 0x80, 0x00, 0x00, 0x03, 0xff, 0xff, 0xe0, 0xfb, 0x00, 0x09, 0x0f, 0xff, 0xff, 0x80, 0x00,
  0x00, 0x03, 0xff, 0xff, 0xe0, 0xfb, 0x00, 0x09, 0x0f, 0xff, 0xff, 0x80, 0x00, 0x00, 0x03, 0xff, 0xff, 0xe0, 0xfb, 0x00, 0x09, 0x0f, 0xff, 0xff,
  0x80, 0x00, 0x00, 0x03, 0xff, 0xff, 0xe0, 0xfb, 0x00, 0x09, 0x0f, 0xff, 0xff, 0x80, 0x00, 0x00, 0x03, 0xff, 0xff, 0xe0, 0xfb, 0x00, 0x09, 0x0f,
  0xff, 0xff, 0x80, 0x00, 0x00, 0x03, 0xff, 0xff, 0xe0, 0xfb, 0x00, 0x09, 0x0f, 0xff, 0xff, 0x80, 0x00, 0x00, 0x03, 0xff, 0xff, 0xe0, 0xfb, 0x00,
  0x09, 0x0f, 0xff, 0xff, 0x80, 0x00, 0x00, 0x03, 0xff, 0xff, 0xe0, 0xfb, 0x00, 0x09, 0x0f, 0xff, 0xff, 0x80, 0x00, 0x00, 0x03, 0xff, 0xff, 0xc0,
  0xfb, 0x00, 0x09, 0x0f, 0xff, 0xff, 0x80, 0x00, 0x00, 0x03, 0xff, 0xff, 0xc0, 0xfb, 0x00, 0x09, 0x0f, 0xff, 0xff, 0x80, 0x00, 0x00, 0x03, 0xff,
  0xff, 0xc0, 0xfb, 0x00, 0x09, 0x07, 0xff, 0xff, 0x80, 0x00, 0x00, 0x03, 0xff, 0xff, 0x80, 0xfb, 0x00, 0x02, 0x07, 0xff, 0xff, 0xfe, 0x00, 0x03,
  0x03, 0xff, 0xff, 0xc0, 0xfb, 0x00, 0x09, 0x03, 0xff, 0xff, 0x00, 0x00, 0x02, 0x01, 0xff, 0xff, 0x80, 0xfb, 0x00, 0x08, 0x03, 0xff, 0xff, 0x03,
  0xe0, 0x0f, 0x01, 0xff, 0xff, 0xfa, 0x00, 0x08, 0x01, 0xff, 0xff, 0x03, 0xf8, 0x3f, 0x81, 0xff, 0xff, 0xfa, 0x00, 0x08, 0x01, 0xff, 0xfe, 0x03,
  0xff, 0xff, 0x80, 0xff, 0xfe, 0xf9, 0x00, 0x07, 0x7f, 0xfc, 0x03, 0xff, 0xff, 0x80, 0x3f, 0xf8, 0xf9, 0x00, 0x04, 0x1f, 0xe0, 0x01, 0xff, 0xff,
  0xf3, 0x00, 0x01, 0xff, 0xfe, 0xf3, 0x00, 0x01, 0x3f, 0xf8, 0xf3, 0x00, 0x00, 0x03, 0x81, 0x00, 0x81, 0x00, 0xc9, 0x00, 0x81, 0x00, 0xbd, 0x00,
  0x00, 0x07, 0xfc, 0x00, 0x01, 0x3f, 0xf8, 0xf9, 0x00, 0x01, 0xff, 0xf8, 0xfd, 0x00, 0x01, 0xff, 0xfe, 0xfa, 0x00, 0x02, 0x03, 0xff, 0xfe, 0xfe,
  0x00, 0x02, 0x01, 0xff, 0xff, 0xfa, 0x00, 0x02, 0x03, 0xff, 0xff, 0xfe, 0x00, 0x03, 0x01, 0xff, 0xff, 0x80, 0xfb, 0x00, 0x02, 0x07, 0xff, 0xff,
  0xfe, 0x00, 0x03, 0x03, 0xff, 0xff, 0x80, 0xfb, 0x00, 0x02, 0x07, 0xff, 0xff, 0xfe, 0x00, 0x03, 0x03, 0xff, 0xff, 0xc0, 0xfb, 0x00, 0x09, 0x0f,
  0xff, 0xff, 0x80, 0x00, 0x00, 0x03, 0xff, 0xff, 0xc0, 0xfb, 0x00, 0x09, 0x0f, 0xff, 0xff, 0x80, 0x00, 0x00, 0x03, 0xff, 0xff, 0xc0, 0xfb, 0x00,
  0x09, 0x0f, 0xff, 0xff, 0x80, 0x00, 0x00, 0x03, 0xff, 0xff, 0xe0, 0xfb, 0x00, 0x09, 0x0f, 0xff, 0xff, 0x80, 0x00, 0x00, 0x03, 0xff, 0xff, 0xe0,
  0xfb, 0x00, 0x09, 0x0f, 0xff, 0xff, 0x80, 0x00, 0x00, 0x03, 0xff, 0xff, 0xe0, 0xfb, 0x00, 0x09, 0x0f, 0xff, 0xff, 0x80, 0x00, 0x00, 0x03, 0xff,
  0xff, 0xe0, 0xfb, 0x00, 0x09, 0x0f, 0xff, 0xff, 0x80, 0x00, 0x00, 0x03, 0xff, 0xff, 0xe0, 0xfb, 0x00, 0x09, 0x0f, 0xff, 0xff, 0x80, 0x00, 0x00,
  0x03, 0xff, 0xff, 0xe0, 0xfb, 0x00, 0x09, 0x0f, 0xff, 0xff, 0x80, 0x00, 0x00, 0x03, 0xff, 0xff, 0xe0, 0xfb, 0x00, 0x09, 0x0f, 0xff, 0xff, 0x80,
  0x00, 0x00, 0x03, 0xff, 0xff, 0xe0, 0xfb, 0x00, 0x09, 0x0f, 0xff, 0xff, 0x80, 0x00, 0x00, 0x03, 0xff, 0xff, 0xe0, 0xfb, 0x00, 0x09, 0x0f, 0xff,
  0xff, 0x80, 0x00, 0x00, 0x03, 0xff, 0xff, 0xe0, 0xfb, 0x00, 0x09, 0x0f, 0xff, 0xff, 0x80, 0x00, 0x00, 0x03, 0xff, 0xff, 0xc0, 0xfb, 0x00, 0x09,
  0x0f, 0xff, 0xff, 0x80, 0x00, 0x00, 0x03, 0xff, 0xff, 0xc0, 0xfb, 0x00, 0x09, 0x0f, 0xff, 0xff, 0x80, 0x00, 0x00, 0x03, 0xff, 0xff, 0xc0, 0xfb,
  0x00, 0x09, 0x07, 0xff, 0xff, 0x80, 0x00, 0x00, 0x03, 0xff, 0xff, 0xc0, 0xfb, 0x00, 0x09, 0x07, 0xff, 0xff, 0x80, 0x00, 0x00, 0x03, 0xff, 0xff,
  0x80, 0xfb, 0x00, 0x09, 0x07, 0xff, 0xff, 0x80, 0x00, 0x00, 0x03, 0xff, 0xff, 0xc0, 0xfb, 0x00, 0x09, 0x03, 0xff, 0xff, 0x00, 0x00, 0x02, 0x01,
  0xff, 0xff, 0x80, 0xfb, 0x00, 0x08, 0x03, 0xff, 0xff, 0x03, 0xe0, 0x0f, 0x01, 0xff, 0xff, 0xfa, 0x00, 0x08, 0x01, 0xff, 0xff, 0x03, 0xf8, 0x3f,
  0x80, 0xff, 0xff, 0xfa, 0x00, 0x08, 0x01, 0xff, 0xfe, 0x03, 0xff, 0xff, 0x80, 0xff, 0xfe, 0xf9, 0x00, 0x07, 0x7f, 0xfc, 0x03, 0xff, 0xff, 0x80,
  0x3f, 0xf8, 0xf9, 0x00, 0x04, 0x1f, 0xe0, 0x01, 0xff, 0xff, 0xf3, 0x00, 0x01, 0xff, 0xfe, 0xf3, 0x00, 0x01, 0x3f, 0xf8, 0xf3, 0x00, 0x00, 0x03,
  0x81, 0x00, 0x81, 0x00, 0xc9, 0x00, 0x81, 0x00, 0xbd, 0x00, 0x00, 0x01, 0xfc, 0x00, 0x01, 0x3f, 0xf8, 0xf9, 0x00, 0x01, 0x7f, 0xf8, 0xfd, 0x00,
  0x01, 0xff, 0xfe, 0xfa, 0x00, 0x02, 0x01, 0xff, 0xfe, 0xfe, 0x00, 0x02, 0x01, 0xff, 0xff, 0xfa, 0x00, 0x02, 0x03, 0xff, 0xff, 0xfe, 0x00, 0x03,
  0x01, 0xff, 0xff, 0x80, 0xfb, 0x00, 0x02, 0x07, 0xff, 0xff, 0xfe, 0x00, 0x03, 0x03, 0xff, 0xff, 0x80, 0xfb, 0x00, 0x02, 0x07, 0xff, 0xff, 0xfe,
  0x00, 0x03, 0x03, 0xff, 0xff, 0xc0, 0xfb, 0x00, 0x09, 0x0f, 0xff, 0xff, 0x80, 0x00, 0x00, 0x03, 0xff, 0xff, 0xc0, 0xfb, 0x00, 0x09, 0x0f, 0xff,
  0xff, 0x80, 0x00, 0x00, 0x03, 0xff, 0xff, 0xc0, 0xfb, 0x00, 0x09, 0x0f, 0xff, 0xff, 0x80, 0x00, 0x00, 0x03, 0xff, 0xff, 0xe0, 0xfb, 0x00, 0x09,
  0x0f, 0xff, 0xff, 0x80, 0x00, 0x00, 0x03, 0xff, 0xff, 0xe0, 0xfb, 0x00, 0x09, 0x0f, 0xff, 0xff, 0x80, 0x00, 0x00, 0x03, 0xff, 0xff, 0xe0, 0xfb,
  0x00, 0x09, 0x0f, 0xff, 0xff, 0x80, 0x00, 0x00, 0x03, 0xff, 0xff, 0xe0, 0xfb, 0x00, 0x09, 0x0f, 0xff, 0xff, 0x80, 0x00, 0x00, 0x03, 0xff, 0xff,
  0xe0, 0xfb, 0x00, 0x09, 0x0f, 0xff, 0xff, 0x80, 0x00, 0x00, 0x03, 0xff, 0xff, 0xe0, 0xfb, 0x00, 0x09, 0x0f, 0xff, 0xff, 0x80, 0x00, 0x00, 0x03,
  0xff, 0xff, 0xe0, 0xfb, 0x00, 0x09, 0x0f, 0xff, 0xff, 0x80, 0x00, 0x00, 0x03, 0xff, 0xff, 0xe0, 0xfb, 0x00, 0x09, 0x0f, 0xff, 0xff, 0x80, 0x00,
  0x00, 0x03, 0xff, 0xff, 0xe0, 0xfb, 0x00, 0x09, 0x0f, 0xff, 0xff, 0x80, 0x00, 0x00, 0x03, 0xff, 0xff, 0xe0, 0xfb, 0x00, 0x09, 0x0f, 0xff, 0xff,
  0x80, 0x00, 0x00, 0x03, 0xff, 0xff, 0xe0, 0xfb, 0x00, 0x09, 0x0f, 0xff, 0xff, 0x80, 0x00, 0x00, 0x03, 0xff, 0xff, 0xe0, 0xfb, 0x00, 0x09, 0x0f,
  0xff, 0xff, 0x80, 0x00, 0x00, 0x03, 0xff, 0xff, 0xc0, 0xfb, 0x00, 0x09, 0x07, 0xff, 0xff, 0x80, 0x00, 0x00, 0x03, 0xff, 0xff, 0xc0, 0xfb, 0x00,
  0x09, 0x07, 0xff, 0xff, 0x80, 0x00, 0x00, 0x03, 0xff, 0xff, 0x80, 0xfb, 0x00, 0x09, 0x07, 0xff, 0xff, 0x80, 0x00, 0x00, 0x03, 0xff, 0xff, 0xc0,
  0xfb, 0x00, 0x09, 0x03, 0xff, 0xff, 0x00, 0x00, 0x02, 0x01, 0xff, 0xff, 0x80, 0xfb, 0x00, 0x08, 0x03, 0xff, 0xff, 0x03, 0xe0, 0x0f, 0x01, 0xff,
  0xff, 0xfa, 0x00, 0x08, 0x01, 0xff, 0xff, 0x03, 0xf8, 0x3f, 0x80, 0xff, 0xff, 0xfa, 0x00, 0x08, 0x01, 0xff, 0xfe, 0x03, 0xff, 0xff, 0x80, 0xff,
  0xfe, 0xf9, 0x00, 0x07, 0x7f, 0xfc, 0x03, 0xff, 0xff, 0x80, 0x3f, 0xf8, 0xf9, 0x00, 0x04, 0x1f, 0xc0, 0x01, 0xff, 0xff, 0xf3, 0x00, 0x01, 0xff,
  0xfe, 0xf3, 0x00, 0x01, 0x3f, 0xf8, 0xf3, 0x00, 0x00, 0x03, 0x81, 0x00, 0x81, 0x00, 0xc9, 0x00, 0x81, 0x00, 0xbd, 0x00, 0x00, 0x01, 0xfc, 0x00,
  0x01, 0x3f, 0xf8, 0xf9, 0x00, 0x01, 0x7f, 0xf8, 0xfd, 0x00, 0x01, 0xff, 0xfe, 0xfa, 0x00, 0x02, 0x01, 0xff, 0xfe, 0xfe, 0x00, 0x02, 0x01, 0xff,
  0xff, 0xfa, 0x00, 0x02, 0x03, 0xff, 0xff, 0xfe, 0x00, 0x03, 0x01, 0xff, 0xff, 0x80, 0xfb, 0x00, 0x02, 0x07, 0xff, 0xff, 0xfe, 0x00, 0x03, 0x03,
  0xff, 0xff, 0x80, 0xfb, 0x00, 0x02, 0x07, 0xff, 0xff, 0xfe, 0x00, 0x03, 0x03, 0xff, 0xff, 0xc0, 0xfb, 0x00, 0x09, 0x0f, 0xff, 0xff, 0x80, 0x00,
  0x00, 0x03, 0xff, 0xff, 0xc0, 0xfb, 0x00, 0x09, 0x0f, 0xff, 0xff, 0x80, 0x00, 0x00, 0x03, 0xff, 0xff, 0xc0, 0xfb, 0x00, 0x09, 0x0f, 0xff, 0xff,
  0x80, 0x00, 0x00, 0x03, 0xff, 0xff, 0xe0, 0xfb, 0x00, 0x09, 0x0f, 0xff, 0xff, 0x80, 0x00, 0x00, 0x03, 0xff, 0xff, 0xe0, 0xfb, 0x00, 0x09, 0x0f,
  0xff, 0xff, 0x80, 0x00, 0x00, 0x03, 0xff, 0xff, 0xe0, 0xfb, 0x00, 0x09, 0x0f, 0xff, 0xff, 0x80, 0x00, 0x00, 0x03, 0xff, 0xff, 0xe0, 0xfb, 0x00,
  0x09, 0x0f, 0xff, 0xff, 0x80, 0x00, 0x00, 0x03, 0xff, 0xff, 0xe0, 0xfb, 0x00, 0x09, 0x0f, 0xff, 0xff, 0x80, 0x00, 0x00, 0x03, 0xff, 0xff, 0xe0,
  0xfb, 0x00, 0x09, 0x0f, 0xff, 0xff, 0x80, 0x00, 0x00, 0x03, 0xff, 0xff, 0xe0, 0xfb, 0x00, 0x09, 0x0f, 0xff, 0xff, 0x80, 0x00, 0x00, 0x03, 0xff,
  0xff, 0xe0, 0xfb, 0x00, 0x09, 0x0f, 0xff, 0xff, 0x80, 0x00, 0x00, 0x03, 0xff, 0xff, 0xe0, 0xfb, 0x00, 0x09, 0x0f, 0xff, 0xff, 0x80, 0x00, 0x00,
  0x03, 0xff, 0xff, 0xe0, 0xfb, 0x00, 0x09, 0x0f, 0xff, 0xff, 0x80, 0x00, 0x00, 0x03, 0xff, 0xff, 0xc0, 0xfb, 0x00, 0x09, 0x0f, 0xff, 0xff, 0x80,
  0x00, 0x00, 0x03, 0xff, 0xff, 0xc0, 0xfb, 0x00, 0x09, 0x0f, 0xff, 0xff, 0x80, 0x00, 0x00, 0x03, 0xff, 0xff, 0xc0, 0xfb, 0x00, 0x09, 0x07, 0xff,
  0xff, 0x80, 0x00, 0x00, 0x03, 0xff, 0xff, 0xc0, 0xfb, 0x00, 0x09, 0x07, 0xff, 0xff, 0x80, 0x00, 0x00, 0x03, 0xff, 0xff, 0x80, 0xfb, 0x00, 0x09,
  0x07, 0xff, 0xff, 0x80, 0x00, 0x00, 0x03, 0xff, 0xff, 0xc0, 0xfb, 0x00, 0x09, 0x03, 0xff, 0xff, 0x00, 0x00, 0x06, 0x01, 0xff, 0xff, 0x80, 0xfb,
  0x00, 0x08, 0x03, 0xff, 0xff, 0x03, 0xe0, 0x0f, 0x01, 0xff, 0xff, 0xfa, 0x00, 0x08, 0x01, 0xff, 0xff, 0x03, 0xf8, 0x3f, 0x80, 0xff, 0xff, 0xfa,
  0x00, 0x08, 0x01, 0xff, 0xfe, 0x03, 0xff, 0xff, 0x80, 0xff, 0xfe, 0xf9, 0x00, 0x07, 0x7f, 0xfc, 0x03, 0xff, 0xff, 0x80, 0x3f, 0xf8, 0xf9, 0x00,
  0x04, 0x1f, 0xc0, 0x01, 0xff, 0xff, 0xf3, 0x00, 0x01, 0xff, 0xfe, 0xf3, 0x00, 0x01, 0x3f, 0xf8, 0xf3, 0x00, 0x00, 0x03, 0x81, 0x00, 0x81, 0x00,
  0xc9, 0x00, 0x81, 0x00, 0xbd, 0x00, 0x00, 0x01, 0xfc, 0x00, 0x01, 0x3f, 0xf8, 0xf9, 0x00, 0x01, 0x7f, 0xf8, 0xfd, 0x00, 0x01, 0xff, 0xfe, 0xfa,
  0x00, 0x02, 0x01, 0xff, 0xfe, 0xfe, 0x00, 0x02, 0x01, 0xff, 0xff, 0xfa, 0x00, 0x02, 0x03, 0xff, 0xff, 0xfe, 0x00, 0x03, 0x01, 0xff, 0xff, 0x80,
  0xfb, 0x00, 0x02, 0x07, 0xff, 0xff, 0xfe, 0x00, 0x03, 0x03, 0xff, 0xff, 0x80, 0xfb, 0x00, 0x02, 0x07, 0xff, 0xff, 0xfe, 0x00, 0x03, 0x03, 0xff,
  0xff, 0xc0, 0xfb, 0x00, 0x09, 0x0f, 0xff, 0xff, 0x80, 0x00, 0x00, 0x03, 0xff, 0xff, 0xc0, 0xfb, 0x00, 0x09, 0x0f, 0xff, 0xff, 0x80, 0x00, 0x00,
  0x03, 0xff, 0xff, 0xc0, 0xfb, 0x00, 0x09, 0x0f, 0xff, 0xff, 0x80, 0x00, 0x00, 0x03, 0xff, 0xff, 0xe0, 0xfb, 0x00, 0x09, 0x0f, 0xff, 0xff, 0x80,
  0x00, 0x00, 0x03, 0xff, 0xff, 0xe0, 0xfb, 0x00, 0x09, 0x0f, 0xff, 0xff, 0x80, 0x00, 0x00, 0x03, 0xff, 0xff, 0xe0, 0xfb, 0x00, 0x09, 0x0f, 0xff,
  0xff, 0x80, 0x00, 0x00, 0x03, 0xff, 0xff, 0xe0, 0xfb, 0x00, 0x09, 0x0f, 0xff, 0xff, 0x80, 0x00, 0x00, 0x03, 0xff, 0xff, 0xe0, 0xfb, 0x00, 0x09,
  0x0f, 0xff, 0xff, 0x80, 0x00, 0x00, 0x03, 0xff, 0xff, 0xe0, 0xfb, 0x00, 0x09, 0x0f, 0xff, 0xff, 0x80, 0x00, 0x00, 0x03, 0xff, 0xff, 0xe0, 0xfb,
  0x00, 0x09, 0x0f, 0xff, 0xff, 0x80, 0x00, 0x00, 0x03, 0xff, 0xff, 0xe0, 0xfb, 0x00, 0x09, 0x0f, 0xff, 0xff, 0x80, 0x00, 0x00, 0x03, 0xff, 0xff,
  0xe0, 0xfb, 0x00, 0x09, 0x0f, 0xff, 0xff, 0x80, 0x00, 0x00, 0x03, 0xff, 0xff, 0xe0, 0xfb, 0x00, 0x09, 0x0f, 0xff, 0xff, 0x80, 0x00, 0x00, 0x03,
  0xff, 0xff, 0xe0, 0xfb, 0x00, 0x09, 0x0f, 0xff, 0xff, 0x80, 0x00, 0x00, 0x03, 0xff, 0xff, 0xe0, 0xfb, 0x00, 0x09, 0x0f, 0xff, 0xff, 0x80, 0x00,
  0x00, 0x03, 0xff, 0xff, 0xc0, 0xfb, 0x00, 0x09, 0x07, 0xff, 0xff, 0x80, 0x00, 0x00, 0x03, 0xff, 0xff, 0xc0, 0xfb, 0x00, 0x09, 0x07, 0xff, 0xff,
  0x80, 0x00, 0x00, 0x03, 0xff, 0xff, 0xc0, 0xfb, 0x00, 0x09, 0x07, 0xff, 0xff, 0x80, 0x00, 0x00, 0x03, 0xff, 0xff, 0xc0, 0xfb, 0x00, 0x09, 0x03,
  0xff, 0xff, 0x00, 0x00, 0x06, 0x01, 0xff, 0xff, 0x80, 0xfb, 0x00, 0x08, 0x03, 0xff, 0xff, 0x03, 0xe0, 0x0f, 0x01, 0xff, 0xff, 0xfa, 0x00, 0x08,
  0x01, 0xff, 0xff, 0x03, 0xf8, 0x3f, 0x80, 0xff, 0xff, 0xfa, 0x00, 0x08, 0x01, 0xff, 0xfe, 0x03, 0xff, 0xff, 0x80, 0xff, 0xfe, 0xf9, 0x00, 0x07,
  0x7f, 0xfc, 0x03, 0xff, 0xff, 0x80, 0x3f, 0xf8, 0xf9, 0x00, 0x04, 0x1f, 0xc0, 0x01, 0xff, 0xff, 0xf3, 0x00, 0x01, 0xff, 0xfe, 0xf3, 0x00, 0x01,
  0x3f, 0xf8, 0xf3, 0x00, 0x00, 0x03, 0x81, 0x00, 0x81, 0x00, 0xc9, 0x00, 0x81, 0x00, 0xbd, 0x00, 0x00, 0x01, 0xfc, 0x00, 0x01, 0x3f, 0xfc, 0xf9,
  0x00, 0x01, 0x7f, 0xf8, 0xfd, 0x00, 0x01, 0xff, 0xfe, 0xfa, 0x00, 0x02, 0x03, 0xff, 0xfe, 0xfe, 0x00, 0x02, 0x01, 0xff, 0xff, 0xfa, 0x00, 0x02,
  0x03, 0xff, 0xff, 0xfe, 0x00, 0x03, 0x01, 0xff, 0xff, 0x80, 0xfb, 0x00, 0x02, 0x07, 0xff, 0xff, 0xfe, 0x00, 0x03, 0x03, 0xff, 0xff, 0x80, 0xfb,
  0x00, 0x02, 0x07, 0xff, 0xff, 0xfe, 0x00, 0x03, 0x03, 0xff, 0xff, 0xc0, 0xfb, 0x00, 0x09, 0x07, 0xff, 0xff, 0x80, 0x00, 0x00, 0x03, 0xff, 0xff,
  0xc0, 0xfb, 0x00, 0x09, 0x0f, 0xff, 0xff, 0x80, 0x00, 0x00, 0x03, 0xff, 0xff, 0xc0, 0xfb, 0x00, 0x09, 0x0f, 0xff, 0xff, 0x80, 0x00, 0x00, 0x03,
  0xff, 0xff, 0xe0, 0xfb, 0x00, 0x09, 0x0f, 0xff, 0xff, 0x80, 0x00, 0x00, 0x03, 0xff, 0xff, 0xe0, 0xfb, 0x00, 0x09, 0x0f, 0xff, 0xff, 0x80, 0x00,
  0x00, 0x03, 0xff, 0xff, 0xe0, 0xfb, 0x00, 0x09, 0x0f, 0xff, 0xff, 0x80, 0x00, 0x00, 0x03, 0xff, 0xff, 0xe0, 0xfb, 0x00, 0x09, 0x0f, 0xff, 0xff,
  0x80, 0x00, 0x00, 0x03, 0xff, 0xff, 0xe0, 0xfb, 0x00, 0x09, 0x0f, 0xff, 0xff, 0x80, 0x00, 0x00, 0x03, 0xff, 0xff, 0xe0, 0xfb, 0x00, 0x09, 0x0f,
  0xff, 0xff, 0x80, 0x00, 0x00, 0x03, 0xff, 0xff, 0xe0, 0xfb, 0x00, 0x09, 0x0f, 0xff, 0xff, 0x80, 0x00, 0x00, 0x03, 0xff, 0xff, 0xe0, 0xfb, 0x00,
  0x09, 0x0f, 0xff, 0xff, 0x80, 0x00, 0x00, 0x03, 0xff, 0xff, 0xe0, 0xfb, 0x00, 0x09, 0x0f, 0xff, 0xff, 0x80, 0x00, 0x00, 0x03, 0xff, 0xff, 0xe0,
  0xfb, 0x00, 0x09, 0x0f, 0xff, 0xff, 0x80, 0x00, 0x00, 0x03, 0xff, 0xff, 0xc0, 0xfb, 0x00, 0x09, 0x0f, 0xff, 0xff, 0x80, 0x00, 0x00, 0x03, 0xff,
  0xff, 0xc0, 0xfb, 0x00, 0x09, 0x0f, 0xff, 0xff, 0x80, 0x00, 0x00, 0x03, 0xff, 0xff, 0xc0, 0xfb, 0x00, 0x09, 0x07, 0xff, 0xff, 0x80, 0x00, 0x00,
  0x03, 0xff, 0xff, 0xc0, 0xfb, 0x00, 0x09, 0x07, 0xff, 0xff, 0x80, 0x00, 0x00, 0x03, 0xff, 0xff, 0x80, 0xfb, 0x00, 0x09, 0x07, 0xff, 0xff, 0x80,
  0x00, 0x00, 0x03, 0xff, 0xff, 0x80, 0xfb, 0x00, 0x09, 0x03, 0xff, 0xff, 0x00, 0x00, 0x06, 0x01, 0xff, 0xff, 0x80, 0xfb, 0x00, 0x08, 0x03, 0xff,
  0xff, 0x03, 0xe0, 0x0f, 0x01, 0xff, 0xff, 0xfa, 0x00, 0x08, 0x01, 0xff, 0xff, 0x03, 0xf8, 0x3f, 0x80, 0xff, 0xff, 0xfa, 0x00, 0x08, 0x01, 0xff,
  0xfe, 0x03, 0xff, 0xff, 0x80, 0xff, 0xfe, 0xf9, 0x00, 0x07, 0x7f, 0xfc, 0x03, 0xff, 0xff, 0x80, 0x3f, 0xf8, 0xf9, 0x00, 0x04, 0x1f, 0xc0, 0x01,
  0xff, 0xff, 0xf3, 0x00, 0x01, 0xff, 0xfe, 0xf3, 0x00, 0x01, 0x3f, 0xf8, 0xf3, 0x00, 0x00, 0x03, 0x81, 0x00, 0x81, 0x00, 0xc9, 0x00, 0x81, 0x00,
  0xbd, 0x00, 0x00, 0x01, 0xfc, 0x00, 0x01, 0x3f, 0xf8, 0xf9, 0x00, 0x01, 0x7f, 0xf8, 0xfd, 0x00, 0x01, 0xff, 0xfe, 0xfa, 0x00, 0x02, 0x01, 0xff,
  0xfe, 0xfe, 0x00, 0x02, 0x01, 0xff, 0xff, 0xfa, 0x00, 0x02, 0x03, 0xff, 0xff, 0xfe, 0x00, 0x03, 0x01, 0xff, 0xff, 0x80, 0xfb, 0x00, 0x02, 0x07,
  0xff, 0xff, 0xfe, 0x00, 0x03, 0x03, 0xff, 0xff, 0x80, 0xfb, 0x00, 0x02, 0x07, 0xff, 0xff, 0xfe, 0x00, 0x03, 0x03, 0xff, 0xff, 0xc0, 0xfb, 0x00,
  0x09, 0x07, 0xff, 0xff, 0x80, 0x00, 0x00, 0x03, 0xff, 0xff, 0xc0, 0xfb, 0x00, 0x09, 0x0f, 0xff, 0xff, 0x80, 0x00, 0x00, 0x03, 0xff, 0xff, 0xc0,
  0xfb, 0x00, 0x09, 0x0f, 0xff, 0xff, 0x80, 0x00, 0x00, 0x03, 0xff, 0xff, 0xe0, 0xfb, 0x00, 0x09, 0x0f, 0xff, 0xff, 0x80, 0x00, 0x00, 0x03, 0xff,
  0xff, 0xe0, 0xfb, 0x00, 0x09, 0x0f, 0xff, 0xff, 0x80, 0x00, 0x00, 0x03, 0xff, 0xff, 0xe0, 0xfb, 0x00, 0x09, 0x0f, 0xff, 0xff, 0x80, 0x00, 0x00,
  0x03, 0xff, 0xff, 0xe0, 0xfb, 0x00, 0x09, 0x0f, 0xff, 0xff, 0x80, 0x00, 0x00, 0x03, 0xff, 0xff, 0xe0, 0xfb, 0x00, 0x09, 0x0f, 0xff, 0xff, 0x80,
  0x00, 0x00, 0x03, 0xff, 0xff, 0xe0, 0xfb, 0x00, 0x09, 0x0f, 0xff, 0xff, 0x80, 0x00, 0x00, 0x03, 0xff, 0xff, 0xe0, 0xfb, 0x00, 0x09, 0x0f, 0xff,
  0xff, 0x80, 0x00, 0x00, 0x03, 0xff, 0xff, 0xe0, 0xfb, 0x00, 0x09, 0x0f, 0xff, 0xff, 0x80, 0x00, 0x00, 0x03, 0xff, 0xff, 0xe0, 0xfb, 0x00, 0x09,
  0x0f, 0xff, 0xff, 0x80, 0x00, 0x00, 0x03, 0xff, 0xff, 0xe0, 0xfb, 0x00, 0x09, 0x0f, 0xff, 0xff, 0x80, 0x00, 0x00, 0x03, 0xff, 0xff, 0xe0, 0xfb,
  0x00, 0x09, 0x0f, 0xff, 0xff, 0x80, 0x00, 0x00, 0x03, 0xff, 0xff, 0xe0, 0xfb, 0x00, 0x09, 0x0f, 0xff, 0xff, 0x80, 0x00, 0x00, 0x03, 0xff, 0xff,
  0xc0, 0xfb, 0x00, 0x09, 0x07, 0xff, 0xff, 0x80, 0x00, 0x00, 0x03, 0xff, 0xff, 0xc0, 0xfb, 0x00, 0x09, 0x07, 0xff, 0xff, 0x80, 0x00, 0x00, 0x03,
  0xff, 0xff, 0x80, 0xfb, 0x00, 0x09, 0x07, 0xff, 0xff, 0x80, 0x00, 0x00, 0x03, 0xff, 0xff, 0xc0, 0xfb, 0x00, 0x09, 0x03, 0xff, 0xff, 0x00, 0x00,
  0x06, 0x01, 0xff, 0xff, 0x80, 0xfb, 0x00, 0x08, 0x03, 0xff, 0xff, 0x03, 0xe0, 0x0f, 0x01, 0xff, 0xff, 0xfa, 0x00, 0x08, 0x01, 0xff, 0xff, 0x03,
  0xf8, 0x3f, 0x80, 0xff, 0xff, 0xfa, 0x00, 0x08, 0x01, 0xff, 0xfe, 0x03, 0xff, 0xff, 0x80, 0xff, 0xfe, 0xf9, 0x00, 0x07, 0x7f, 0xfc, 0x03, 0xff,
  0xff, 0x80, 0x3f, 0xf8, 0xf9, 0x00, 0x04, 0x1f, 0xc0, 0x01, 0xff, 0xff, 0xf3, 0x00, 0x01, 0xff, 0xfe, 0xf3, 0x00, 0x01, 0x3f, 0xf8, 0xf3, 0x00,
  0x00, 0x03, 0x81, 0x00, 0x81, 0x00, 0xc9, 0x00, 0x81, 0x00, 0xbd, 0x00, 0x01, 0x07, 0x80, 0xfd, 0x00, 0x01, 0x3f, 0xf8, 0xf9, 0x00, 0x01, 0xff,
  0xf8, 0xfd, 0x00, 0x01, 0xff, 0xfe, 0xfa, 0x00, 0x02, 0x03, 0xff, 0xfe, 0xfe, 0x00, 0x02, 0x01, 0xff, 0xff, 0xfa, 0x00, 0x02, 0x03, 0xff, 0xff,
  0xfe, 0x00, 0x03, 0x01, 0xff, 0xff, 0x80, 0xfb, 0x00, 0x02, 0x07, 0xff, 0xff, 0xfe, 0x00, 0x03, 0x03, 0xff, 0xff, 0x80, 0xfb, 0x00, 0x02, 0x07,
  0xff, 0xff, 0xfe, 0x00, 0x03, 0x03, 0xff, 0xff, 0xc0, 0xfb, 0x00, 0x09, 0x07, 0xff, 0xff, 0x80, 0x00, 0x00, 0x03, 0xff, 0xff, 0xc0, 0xfb, 0x00,
  0x09, 0x0f, 0xff, 0xff, 0x80, 0x00, 0x00, 0x03, 0xff, 0xff, 0xc0, 0xfb, 0x00, 0x09, 0x0f, 0xff, 0xff, 0x80, 0x00, 0x00, 0x03, 0xff, 0xff, 0xe0,
  0xfb, 0x00, 0x09, 0x0f, 0xff, 0xff, 0x80, 0x00, 0x00, 0x03, 0xff, 0xff, 0xe0, 0xfb, 0x00, 0x09, 0x0f, 0xff, 0xff, 0x80, 0x00, 0x00, 0x03, 0xff,
  0xff, 0xe0, 0xfb, 0x00, 0x09, 0x0f, 0xff, 0xff, 0x80, 0x00, 0x00, 0x03, 0xff, 0xff, 0xe0, 0xfb, 0x00, 0x09, 0x0f, 0xff, 0xff, 0x80, 0x00, 0x00,
  0x03, 0xff, 0xff, 0xe0, 0xfb, 0x00, 0x09, 0x0f, 0xff, 0xff, 0x80, 0x00, 0x00, 0x03, 0xff, 0xff, 0xe0, 0xfb, 0x00, 0x09, 0x0f, 0xff, 0xff, 0x80,
  0x00, 0x00, 0x03, 0xff, 0xff, 0xe0, 0xfb, 0x00, 0x09, 0x0f, 0xff, 0xff, 0x80, 0x00, 0x00, 0x03, 0xff, 0xff, 0xe0, 0xfb, 0x00, 0x09, 0x0f, 0xff,
  0xff, 0x80, 0x00, 0x00, 0x03, 0xff, 0xff, 0xe0, 0xfb, 0x00, 0x09, 0x0f, 0xff, 0xff, 0x80, 0x00, 0x00, 0x03, 0xff, 0xff, 0xe0, 0xfb, 0x00, 0x09,
  0x0f, 0xff, 0xff, 0x80, 0x00, 0x00, 0x03, 0xff, 0xff, 0xc0, 0xfb, 0x00, 0x09, 0x0f, 0xff, 0xff, 0x80, 0x00, 0x00, 0x03, 0xff, 0xff, 0xc0, 0xfb,
  0x00, 0x09, 0x0f, 0xff, 0xff, 0x80, 0x00, 0x00, 0x03, 0xff, 0xff, 0xc0, 0xfb, 0x00, 0x09, 0x07, 0xff, 0xff, 0x80, 0x00, 0x00, 0x03, 0xff, 0xff,
  0xc0, 0xfb, 0x00, 0x09, 0x07, 0xff, 0xff, 0x80, 0x00, 0x00, 0x03, 0xff, 0xff, 0xc0, 0xfb, 0x00, 0x09, 0x07, 0xff, 0xff, 0x80, 0x00, 0x00, 0x03,
  0xff, 0xff, 0xc0, 0xfb, 0x00, 0x09, 0x03, 0xff, 0xff, 0x00, 0x00, 0x06, 0x01, 0xff, 0xff, 0x80, 0xfb, 0x00, 0x08, 0x03, 0xff, 0xff, 0x03, 0xe0,
  0x0f, 0x01, 0xff, 0xff, 0xfa, 0x00, 0x08, 0x01, 0xff, 0xff, 0x03, 0xf8, 0x3f, 0x80, 0xff, 0xff, 0xfa, 0x00, 0x08, 0x01, 0xff, 0xfe, 0x03, 0xff,
  0xff, 0x80, 0xff, 0xfe, 0xf9, 0x00, 0x07, 0x7f, 0xfc, 0x03, 0xff, 0xff, 0x80, 0x3f, 0xf8, 0xf9, 0x00, 0x04, 0x1f, 0xc0, 0x01, 0xff, 0xff, 0xf3,
  0x00, 0x01, 0xff, 0xfe, 0xf3, 0x00, 0x01, 0x3f, 0xf8, 0xf3, 0x00, 0x00, 0x03, 0x81, 0x00, 0x81, 0x00, 0xc9, 0x00, 0x81, 0x00, 0xb7, 0x00, 0x01,
  0x3f, 0xf8, 0xf9, 0x00, 0x01, 0xff, 0xf8, 0xfd, 0x00, 0x01, 0xff, 0xfe, 0xfa, 0x00, 0x02, 0x03, 0xff, 0xfc, 0xfe, 0x00, 0x02, 0x01, 0xff, 0xff,
  0xfa, 0x00, 0x02, 0x03, 0xff, 0xfe, 0xfe, 0x00, 0x03, 0x01, 0xff, 0xff, 0x80, 0xfb, 0x00, 0x02, 0x07, 0xff, 0xff, 0xfe, 0x00, 0x03, 0x03, 0xff,
  0xff, 0x80, 0xfb, 0x00, 0x02, 0x07, 0xff, 0xff, 0xfe, 0x00, 0x03, 0x03, 0xff, 0xff, 0xc0, 0xfb, 0x00, 0x09, 0x07, 0xff, 0xff, 0x80, 0x00, 0x00,
  0x03, 0xff, 0xff, 0xc0, 0xfb, 0x00, 0x09, 0x0f, 0xff, 0xff, 0x80, 0x00, 0x00, 0x03, 0xff, 0xff, 0xc0, 0xfb, 0x00, 0x09, 0x0f, 0xff, 0xff, 0x80,
  0x00, 0x00, 0x03, 0xff, 0xff, 0xe0, 0xfb, 0x00, 0x09, 0x0f, 0xff, 0xff, 0x80, 0x00, 0x00, 0x03, 0xff, 0xff, 0xe0, 0xfb, 0x00, 0x09, 0x0f, 0xff,
  0xff, 0x80, 0x00, 0x00, 0x03, 0xff, 0xff, 0xe0, 0xfb, 0x00, 0x09, 0x0f, 0xff, 0xff, 0x80, 0x00, 0x00, 0x03, 0xff, 0xff, 0xe0, 0xfb, 0x00, 0x09,
  0x0f, 0xff, 0xff, 0x80, 0x00, 0x00, 0x03, 0xff, 0xff, 0xe0, 0xfb, 0x00, 0x09, 0x0f, 0xff, 0xff, 0x80, 0x00, 0x00, 0x03, 0xff, 0xff, 0xe0, 0xfb,
  0x00, 0x09, 0x0f, 0xff, 0xff, 0x80, 0x00, 0x00, 0x03, 0xff, 0xff, 0xe0, 0xfb, 0x00, 0x09, 0x0f, 0xff, 0xff, 0x80, 0x00, 0x00, 0x03, 0xff, 0xff,
  0xe0, 0xfb, 0x00, 0x09, 0x0f, 0xff, 0xff, 0x80, 0x00, 0x00, 0x03, 0xff, 0xff, 0xe0, 0xfb, 0x00, 0x09, 0x0f, 0xff, 0xff, 0x80, 0x00, 0x00, 0x03,
  0xff, 0xff, 0xe0, 0xfb, 0x00, 0x09, 0x0f, 0xff, 0xff, 0x80, 0x00, 0x00, 0x03, 0xff, 0xff, 0xc0, 0xfb, 0x00, 0x09, 0x0f, 0xff, 0xff, 0x80, 0x00,
  0x00, 0x03, 0xff, 0xff, 0xc0, 0xfb, 0x00, 0x09, 0x0f, 0xff, 0xff, 0x80, 0x00, 0x00, 0x03, 0xff, 0xff, 0xc0, 0xfb, 0x00, 0x09, 0x0f, 0xff, 0xff,
  0x80, 0x00, 0x00, 0x03, 0xff, 0xff, 0xc0, 0xfb, 0x00, 0x09, 0x07, 0xff, 0xff, 0x80, 0x00, 0x00, 0x03, 0xff, 0xff, 0xc0, 0xfb, 0x00, 0x09, 0x07,
  0xff, 0xff, 0x80, 0x00, 0x00, 0x03, 0xff, 0xff, 0xc0, 0xfb, 0x00, 0x09, 0x07, 0xff, 0xff, 0x00, 0x00, 0x06, 0x03, 0xff, 0xff, 0x80, 0xfb, 0x00,
  0x08, 0x03, 0xff, 0xff, 0x03, 0xe0, 0x0f, 0x01, 0xff, 0xff, 0xfa, 0x00, 0x08, 0x01, 0xff, 0xff, 0x03, 0xf8, 0x3f, 0x81, 0xff, 0xff, 0xfa, 0x00,
  0x08, 0x01, 0xff, 0xfe, 0x03, 0xff, 0xff, 0x80, 0xff, 0xfe, 0xf9, 0x00, 0x07, 0x7f, 0xfc, 0x03, 0xff, 0xff, 0x80, 0x3f, 0xf8, 0xf9, 0x00, 0x04,
  0x1f, 0xc0, 0x01, 0xff, 0xff, 0xf3, 0x00, 0x01, 0xff, 0xfe, 0xf3, 0x00, 0x01, 0x3f, 0xf8, 0xf3, 0x00, 0x00, 0x03, 0x81, 0x00, 0x81, 0x00, 0xc9,
  0x00, 0x81, 0x00, 0xb7, 0x00, 0x01, 0x3f, 0xf8, 0xf9, 0x00, 0x01, 0xff, 0xf8, 0xfd, 0x00, 0x01, 0xff, 0xfe, 0xfa, 0x00, 0x02, 0x03, 0xff, 0xfc,
  0xfe, 0x00, 0x02, 0x01, 0xff, 0xff, 0xfa, 0x00, 0x02, 0x03, 0xff, 0xff, 0xfe, 0x00, 0x03, 0x01, 0xff, 0xff, 0x80, 0xfb, 0x00, 0x02, 0x07, 0xff,
  0xff, 0xfe, 0x00, 0x03, 0x03, 0xff, 0xff, 0x80, 0xfb, 0x00, 0x09, 0x07, 0xff, 0xff, 0x80, 0x00, 0x00, 0x03, 0xff, 0xff, 0xc0, 0xfb, 0x00, 0x09,
  0x07, 0xff, 0xff, 0x80, 0x00, 0x00, 0x03, 0xff, 0xff, 0xc0, 0xfb, 0x00, 0x09, 0x0f, 0xff, 0xff, 0x80, 0x00, 0x00, 0x03, 0xff, 0xff, 0xc0, 0xfb,
  0x00, 0x09, 0x0f, 0xff, 0xff, 0x80, 0x00, 0x00, 0x03, 0xff, 0xff, 0xe0, 0xfb, 0x00, 0x09, 0x0f, 0xff, 0xff, 0x80, 0x00, 0x00, 0x03, 0xff, 0xff,
  0xe0, 0xfb, 0x00, 0x09, 0x0f, 0xff, 0xff, 0x80, 0x00, 0x00, 0x03, 0xff, 0xff, 0xe0, 0xfb, 0x00, 0x09, 0x0f, 0xff, 0xff, 0x80, 0x00, 0x00, 0x03,
  0xff, 0xff, 0xe0, 0xfb, 0x00, 0x09, 0x0f, 0xff, 0xff, 0x80, 0x00, 0x00, 0x03, 0xff, 0xff, 0xe0, 0xfb, 0x00, 0x09, 0x0f, 0xff, 0xff, 0x80, 0x00,
  0x00, 0x03, 0xff, 0xff, 0xe0, 0xfb, 0x00, 0x09, 0x0f, 0xff, 0xff, 0x80, 0x00, 0x00, 0x03, 0xff, 0xff, 0xe0, 0xfb, 0x00, 0x09, 0x0f, 0xff, 0xff,
  0x80, 0x00, 0x00, 0x03, 0xff, 0xff, 0xe0, 0xfb, 0x00, 0x09, 0x0f, 0xff, 0xff, 0x80, 0x00, 0x00, 0x03, 0xff, 0xff, 0xe0, 0xfb, 0x00, 0x09, 0x0f,
  0xff, 0xff, 0x80, 0x00, 0x00, 0x03, 0xff, 0xff, 0xe0, 0xfb, 0x00, 0x09, 0x0f, 0xff, 0xff, 0x80, 0x00, 0x00, 0x03, 0xff, 0xff, 0xc0, 0xfb, 0x00,
  0x09, 0x0f, 0xff, 0xff, 0x80, 0x00, 0x00, 0x03, 0xff, 0xff, 0xc0, 0xfb, 0x00, 0x09, 0x0f, 0xff, 0xff, 0x80, 0x00, 0x00, 0x03, 0xff, 0xff, 0xc0,
  0xfb, 0x00, 0x09, 0x07, 0xff, 0xff, 0x80, 0x00, 0x00, 0x03, 0xff, 0xff, 0xc0, 0xfb, 0x00, 0x09, 0x07, 0xff, 0xff, 0x80, 0x00, 0x00, 0x03, 0xff,
  0xff, 0x80, 0xfb, 0x00, 0x09, 0x07, 0xff, 0xff, 0x80, 0x00, 0x00, 0x03, 0xff, 0xff, 0xc0, 0xfb, 0x00, 0x09, 0x03, 0xff, 0xff, 0x00, 0x00, 0x06,
  0x01, 0xff, 0xff, 0x80, 0xfb, 0x00, 0x08, 0x03, 0xff, 0xff, 0x03, 0xe0, 0x0f, 0x01, 0xff, 0xff, 0xfa, 0x00, 0x08, 0x01, 0xff, 0xff, 0x03, 0xf8,
  0x3f, 0x81, 0xff, 0xff, 0xfa, 0x00, 0x08, 0x01, 0xff, 0xfe, 0x03, 0xff, 0xff, 0x80, 0xff, 0xfe, 0xf9, 0x00, 0x07, 0x7f, 0xfc, 0x03, 0xff, 0xff,
  0x80, 0x3f, 0xf8, 0xf9, 0x00, 0x04, 0x1f, 0xc0, 0x01, 0xff, 0xff, 0xf3, 0x00, 0x01, 0xff, 0xfe, 0xf3, 0x00, 0x01, 0x3f, 0xf8, 0xf3, 0x00, 0x00,
  0x03, 0x81, 0x00, 0x81, 0x00, 0xc9, 0x00, 0x81, 0x00, 0xb7, 0x00, 0x01, 0x1f, 0xf8, 0xf9, 0x00, 0x01, 0x7f, 0xf8, 0xfd, 0x00, 0x01, 0xff, 0xfe,
  0xfa, 0x00, 0x02, 0x01, 0xff, 0xfc, 0xfe, 0x00, 0x02, 0x01, 0xff, 0xff, 0xfa, 0x00, 0x02, 0x03, 0xff, 0xfe, 0xfe, 0x00, 0x03, 0x01, 0xff, 0xff,
  0x80, 0xfb, 0x00, 0x02, 0x07, 0xff, 0xff, 0xfe, 0x00, 0x03, 0x03, 0xff, 0xff, 0x80, 0xfb, 0x00, 0x02, 0x07, 0xff, 0xff, 0xfe, 0x00, 0x03, 0x03,
  0xff, 0xff, 0xc0, 0xfb, 0x00, 0x09, 0x07, 0xff, 0xff, 0x80, 0x00, 0x00, 0x03, 0xff, 0xff, 0xc0, 0xfb, 0x00, 0x09, 0x0f, 0xff, 0xff, 0x80, 0x00,
  0x00, 0x03, 0xff, 0xff, 0xc0, 0xfb, 0x00, 0x09, 0x0f, 0xff, 0xff, 0x80, 0x00, 0x00, 0x03, 0xff, 0xff, 0xc0, 0xfb, 0x00, 0x09, 0x0f, 0xff, 0xff,
  0x80, 0x00, 0x00, 0x03, 0xff, 0xff, 0xe0, 0xfb, 0x00, 0x09, 0x0f, 0xff, 0xff, 0x80, 0x00, 0x00, 0x03, 0xff, 0xff, 0xe0, 0xfb, 0x00, 0x09, 0x0f,
  0xff, 0xff, 0x80, 0x00, 0x00, 0x03, 0xff, 0xff, 0xe0, 0xfb, 0x00, 0x09, 0x0f, 0xff, 0xff, 0x80, 0x00, 0x00, 0x03, 0xff, 0xff, 0xe0, 0xfb, 0x00,
  0x09, 0x0f, 0xff, 0xff, 0x80, 0x00, 0x00, 0x03, 0xff, 0xff, 0xe0, 0xfb, 0x00, 0x09, 0x0f, 0xff, 0xff, 0x80, 0x00, 0x00, 0x03, 0xff, 0xff, 0xe0,
  0xfb, 0x00, 0x02, 0x0f, 0xff, 0xff, 0xfe, 0x00, 0x03, 0x03, 0xff, 0xff, 0xe0, 0xfb, 0x00, 0x09, 0x0f, 0xff, 0xff, 0x80, 0x00, 0x00, 0x03, 0xff,
  0xff, 0xe0, 0xfb, 0x00, 0x09, 0x0f, 0xff, 0xff, 0x80, 0x00, 0x00, 0x03, 0xff, 0xff, 0xe0, 0xfb, 0x00, 0x09, 0x0f, 0xff, 0xff, 0x80, 0x00, 0x00,
  0x03, 0xff, 0xff, 0xc0, 0xfb, 0x00, 0x09, 0x0f, 0xff, 0xff, 0x80, 0x00, 0x00, 0x03, 0xff, 0xff, 0xc0, 0xfb, 0x00, 0x09, 0x0f, 0xff, 0xff, 0x80,
  0x00, 0x00, 0x03, 0xff, 0xff, 0xc0, 0xfb, 0x00, 0x09, 0x0f, 0xff, 0xff, 0x80, 0x00, 0x00, 0x03, 0xff, 0xff, 0xc0, 0xfb, 0x00, 0x09, 0x07, 0xff,
  0xff, 0x80, 0x00, 0x00, 0x03, 0xff, 0xff, 0x80, 0xfb, 0x00, 0x09, 0x07, 0xff, 0xff, 0x80, 0x00, 0x00, 0x03, 0xff, 0xff, 0xc0, 0xfb, 0x00, 0x09,
  0x07, 0xff, 0xff, 0x00, 0x00, 0x06, 0x03, 0xff, 0xff, 0x80, 0xfb, 0x00, 0x08, 0x03, 0xff, 0xff, 0x03, 0xe0, 0x0f, 0x01, 0xff, 0xff, 0xfa, 0x00,
  0x08, 0x03, 0xff, 0xff, 0x03, 0xf8, 0x3f, 0x81, 0xff, 0xff, 0xfa, 0x00, 0x08, 0x01, 0xff, 0xfe, 0x03, 0xff, 0xff, 0x80, 0xff, 0xfe, 0xf9, 0x00,
  0x07, 0xff, 0xfc, 0x03, 0xff, 0xff, 0x80, 0x3f, 0xf8, 0xf9, 0x00, 0x04, 0x3f, 0xe0, 0x01, 0xff, 0xff, 0xf3, 0x00, 0x01, 0xff, 0xfe, 0xf3, 0x00,
  0x01, 0x3f, 0xf8, 0xf3, 0x00, 0x00, 0x03, 0x81, 0x00, 0x81, 0x00, 0xc9, 0x00, 0x81, 0x00, 0xb7, 0x00, 0x01, 0x1f, 0xf8, 0xf9, 0x00, 0x01, 0x7f,
  0xf8, 0xfd, 0x00, 0x01, 0x7f, 0xfe, 0xfa, 0x00, 0x02, 0x01, 0xff, 0xfc, 0xfe, 0x00, 0x02, 0x01, 0xff, 0xff, 0xfa, 0x00, 0x02, 0x03, 0xff, 0xfe,
  0xfe, 0x00, 0x03, 0x01, 0xff, 0xff, 0x80, 0xfb, 0x00, 0x02, 0x07, 0xff, 0xff, 0xfe, 0x00, 0x03, 0x03, 0xff, 0xff, 0x80, 0xfb, 0x00, 0x09, 0x07,
  0xff, 0xff, 0x80, 0x00, 0x00, 0x03, 0xff, 0xff, 0xc0, 0xfb, 0x00, 0x09, 0x0f, 0xff, 0xff, 0x80, 0x00, 0x00, 0x03, 0xff, 0xff, 0xc0, 0xfb, 0x00,
  0x09, 0x0f, 0xff, 0xff, 0x80, 0x00, 0x00, 0x03, 0xff, 0xff, 0xc0, 0xfb, 0x00, 0x09, 0x0f, 0xff, 0xff, 0x80, 0x00, 0x00, 0x03, 0xff, 0xff, 0xe0,
  0xfb, 0x00, 0x09, 0x0f, 0xff, 0xff, 0x80, 0x00, 0x00, 0x03, 0xff, 0xff, 0xe0, 0xfb, 0x00, 0x09, 0x0f, 0xff, 0xff, 0x80, 0x00, 0x00, 0x03, 0xff,
  0xff, 0xe0, 0xfb, 0x00, 0x09, 0x0f, 0xff, 0xff, 0x80, 0x00, 0x00, 0x03, 0xff, 0xff, 0xe0, 0xfb, 0x00, 0x09, 0x0f, 0xff, 0xff, 0x80, 0x00, 0x00,
  0x03, 0xff, 0xff, 0xe0, 0xfb, 0x00, 0x09, 0x0f, 0xff, 0xff, 0x80, 0x00, 0x00, 0x03, 0xff, 0xff, 0xe0, 0xfb, 0x00, 0x09, 0x0f, 0xff, 0xff, 0x80,
  0x00, 0x00, 0x03, 0xff, 0xff, 0xe0, 0xfb, 0x00, 0x09, 0x0f, 0xff, 0xff, 0x80, 0x00, 0x00, 0x03, 0xff, 0xff, 0xe0, 0xfb, 0x00, 0x09, 0x0f, 0xff,
  0xff, 0x80, 0x00, 0x00, 0x03, 0xff, 0xff, 0xe0, 0xfb, 0x00, 0x09, 0x0f, 0xff, 0xff, 0x80, 0x00, 0x00, 0x03, 0xff, 0xff, 0xe0, 0xfb, 0x00, 0x09,
  0x0f, 0xff, 0xff, 0x80, 0x00, 0x00, 0x03, 0xff, 0xff, 0xc0, 0xfb, 0x00, 0x09, 0x0f, 0xff, 0xff, 0x80, 0x00, 0x00, 0x03, 0xff, 0xff, 0xc0, 0xfb,
  0x00, 0x09, 0x0f, 0xff, 0xff, 0x80, 0x00, 0x00, 0x03, 0xff, 0xff, 0xc0, 0xfb, 0x00, 0x09, 0x0f, 0xff, 0xff, 0x80, 0x00, 0x00, 0x03, 0xff, 0xff,
  0xc0, 0xfb, 0x00, 0x09, 0x07, 0xff, 0xff, 0x80, 0x00, 0x00, 0x03, 0xff, 0xff, 0x80, 0xfb, 0x00, 0x09, 0x07, 0xff, 0xff, 0x80, 0x00, 0x00, 0x03,
  0xff, 0xff, 0xc0, 0xfb, 0x00, 0x09, 0x07, 0xff, 0xff, 0x00, 0x00, 0x02, 0x03, 0xff, 0xff, 0x80, 0xfb, 0x00, 0x08, 0x03, 0xff, 0xff, 0x03, 0xe0,
  0x0f, 0x01, 0xff, 0xff, 0xfa, 0x00, 0x08, 0x01, 0xff, 0xff, 0x03, 0xf8, 0x3f, 0x81, 0xff, 0xff, 0xfa, 0x00, 0x08, 0x01, 0xff, 0xfe, 0x03, 0xff,
  0xff, 0x80, 0xff, 0xfe, 0xf9, 0x00, 0x07, 0x7f, 0xfc, 0x03, 0xff, 0xff, 0x80, 0x3f, 0xf8, 0xf9, 0x00, 0x04, 0x3f, 0xe0, 0x01, 0xff, 0xff, 0xf3,
  0x00, 0x01, 0xff, 0xfe, 0xf3, 0x00, 0x01, 0x3f, 0xf8, 0xf3, 0x00, 0x00, 0x03, 0x81, 0x00, 0x81, 0x00, 0xc9, 0x00, 0x81, 0x00, 0xb7, 0x00, 0x01,
  0x1f, 0xf8, 0xf9, 0x00, 0x01, 0x7f, 0xf8, 0xfd, 0x00, 0x01, 0x7f, 0xfe, 0xfa, 0x00, 0x02, 0x01, 0xff, 0xfc, 0xfe, 0x00, 0x02, 0x01, 0xff, 0xff,
  0xfa, 0x00, 0x02, 0x03, 0xff, 0xfe, 0xfe, 0x00, 0x03, 0x01, 0xff, 0xff, 0x80, 0xfb, 0x00, 0x02, 0x07, 0xff, 0xff, 0xfe, 0x00, 0x03, 0x03, 0xff,
  0xff, 0x80, 0xfb, 0x00, 0x02, 0x07, 0xff, 0xff, 0xfe, 0x00, 0x03, 0x03, 0xff, 0xff, 0xc0, 0xfb, 0x00, 0x09, 0x07, 0xff, 0xff, 0x80, 0x00, 0x00,
  0x03, 0xff, 0xff, 0xc0, 0xfb, 0x00, 0x09, 0x0f, 0xff, 0xff, 0x80, 0x00, 0x00, 0x03, 0xff, 0xff, 0xc0, 0xfb, 0x00, 0x09, 0x0f, 0xff, 0xff, 0x80,
  0x00, 0x00, 0x03, 0xff, 0xff, 0xc0, 0xfb, 0x00, 0x09, 0x0f, 0xff, 0xff, 0x80, 0x00, 0x00, 0x03, 0xff, 0xff, 0xe0, 0xfb, 0x00, 0x09, 0x0f, 0xff,
  0xff, 0x80, 0x00, 0x00, 0x03, 0xff, 0xff, 0xe0, 0xfb, 0x00, 0x09, 0x0f, 0xff, 0xff, 0x80, 0x00, 0x00, 0x03, 0xff, 0xff, 0xe0, 0xfb, 0x00, 0x09,
  0x0f, 0xff, 0xff, 0x80, 0x00, 0x00, 0x03, 0xff, 0xff, 0xe0, 0xfb, 0x00, 0x09, 0x0f, 0xff, 0xff, 0x80, 0x00, 0x00, 0x03, 0xff, 0xff, 0xe0, 0xfb,
  0x00, 0x09, 0x0f, 0xff, 0xff, 0x80, 0x00, 0x00, 0x03, 0xff, 0xff, 0xe0, 0xfb, 0x00, 0x02, 0x0f, 0xff, 0xff, 0xfe, 0x00, 0x03, 0x03, 0xff, 0xff,
  0xe0, 0xfb, 0x00, 0x09, 0x0f, 0xff, 0xff, 0x80, 0x00, 0x00, 0x03, 0xff, 0xff, 0xe0, 0xfb, 0x00, 0x09, 0x0f, 0xff, 0xff, 0x80, 0x00, 0x00, 0x03,
  0xff, 0xff, 0xe0, 0xfb, 0x00, 0x09, 0x0f, 0xff, 0xff, 0x80, 0x00, 0x00, 0x03, 0xff, 0xff, 0xc0, 0xfb, 0x00, 0x09, 0x0f, 0xff, 0xff, 0x80, 0x00,
  0x00, 0x03, 0xff, 0xff, 0xc0, 0xfb, 0x00, 0x09, 0x0f, 0xff, 0xff, 0x80, 0x00, 0x00, 0x03, 0xff, 0xff, 0xc0, 0xfb, 0x00, 0x09, 0x0f, 0xff, 0xff,
  0x80, 0x00, 0x00, 0x03, 0xff, 0xff, 0xc0, 0xfb, 0x00, 0x09, 0x07, 0xff, 0xff, 0x80, 0x00, 0x00, 0x03, 0xff, 0xff, 0x80, 0xfb, 0x00, 0x09, 0x07,
  0xff, 0xff, 0x80, 0x00, 0x00, 0x03, 0xff, 0xff, 0xc0, 0xfb, 0x00, 0x09, 0x07, 0xff, 0xff, 0x00, 0x00, 0x06, 0x03, 0xff, 0xff, 0x80, 0xfb, 0x00,
  0x09, 0x03, 0xff, 0xff, 0x03, 0xe0, 0x1f, 0x01, 0xff, 0xff, 0x80, 0xfb, 0x00, 0x08, 0x03, 0xff, 0xff, 0x03, 0xf8, 0x3f, 0x81, 0xff, 0xff, 0xfa,
  0x00, 0x08, 0x01, 0xff, 0xfe, 0x03, 0xff, 0xff, 0x80, 0xff, 0xfe, 0xf9, 0x00, 0x07, 0xff, 0xfc, 0x03, 0xff, 0xff, 0x80, 0x3f, 0xf8, 0xf9, 0x00,
  0x04, 0x3f, 0xf0, 0x01, 0xff, 0xff, 0xf3, 0x00, 0x01, 0xff, 0xfe, 0xf3, 0x00, 0x01, 0x3f, 0xf8, 0xf3, 0x00, 0x00, 0x03, 0x81, 0x00, 0x81, 0x00,
  0xc9, 0x00, 0x81, 0x00, 0xb7, 0x00, 0x01, 0x1f, 0xf8, 0xf9, 0x00, 0x01, 0x7f, 0xf8, 0xfd, 0x00, 0x01, 0x7f, 0xfe, 0xfa, 0x00, 0x02, 0x01, 0xff,
  0xfc, 0xfe, 0x00, 0x02, 0x01, 0xff, 0xff, 0xfa, 0x00, 0x02, 0x03, 0xff, 0xfe, 0xfe, 0x00, 0x03, 0x01, 0xff, 0xff, 0x80, 0xfb, 0x00, 0x02, 0x07,
  0xff, 0xff, 0xfe, 0x00, 0x03, 0x03, 0xff, 0xff, 0x80, 0xfb, 0x00, 0x09, 0x07, 0xff, 0xff, 0x80, 0x00, 0x00, 0x03, 0xff, 0xff, 0xc0, 0xfb, 0x00,
  0x09, 0x0f, 0xff, 0xff, 0x80, 0x00, 0x00, 0x03, 0xff, 0xff, 0xc0, 0xfb, 0x00, 0x09, 0x0f, 0xff, 0xff, 0x80, 0x00, 0x00, 0x03, 0xff, 0xff, 0xc0,
  0xfb, 0x00, 0x09, 0x0f, 0xff, 0xff, 0x80, 0x00, 0x00, 0x03, 0xff, 0xff, 0xe0, 0xfb, 0x00, 0x09, 0x0f, 0xff, 0xff, 0x80, 0x00, 0x00, 0x03, 0xff,
  0xff, 0xe0, 0xfb, 0x00, 0x09, 0x0f, 0xff, 0xff, 0x80, 0x00, 0x00, 0x03, 0xff, 0xff, 0xe0, 0xfb, 0x00, 0x09, 0x0f, 0xff, 0xff, 0x80, 0x00, 0x00,
  0x03, 0xff, 0xff, 0xe0, 0xfb, 0x00, 0x09, 0x0f, 0xff, 0xff, 0x80, 0x00, 0x00, 0x03, 0xff, 0xff, 0xe0, 0xfb, 0x00, 0x09, 0x0f, 0xff, 0xff, 0x80,
  0x00, 0x00, 0x03, 0xff, 0xff, 0xe0, 0xfb, 0x00, 0x09, 0x0f, 0xff, 0xff, 0x80, 0x00, 0x00, 0x03, 0xff, 0xff, 0xe0, 0xfb, 0x00, 0x02, 0x0f, 0xff,
  0xff, 0xfe, 0x00, 0x03, 0x03, 0xff, 0xff, 0xe0, 0xfb, 0x00, 0x09, 0x0f, 0xff, 0xff, 0x80, 0x00, 0x00, 0x03, 0xff, 0xff, 0xe0, 0xfb, 0x00, 0x09,
  0x0f, 0xff, 0xff, 0x80, 0x00, 0x00, 0x03, 0xff, 0xff, 0xe0, 0xfb, 0x00, 0x09, 0x0f, 0xff, 0xff, 0x80, 0x00, 0x00, 0x03, 0xff, 0xff, 0xc0, 0xfb,
  0x00, 0x09, 0x0f, 0xff, 0xff, 0x80, 0x00, 0x00, 0x03, 0xff, 0xff, 0xc0, 0xfb, 0x00, 0x09, 0x0f, 0xff, 0xff, 0x80, 0x00, 0x00, 0x03, 0xff, 0xff,
  0xc0, 0xfb, 0x00, 0x09, 0x0f, 0xff, 0xff, 0x80, 0x00, 0x00, 0x03, 0xff, 0xff, 0xc0, 0xfb, 0x00, 0x09, 0x07, 0xff, 0xff, 0x80, 0x00, 0x00, 0x03,
  0xff, 0xff, 0x80, 0xfb, 0x00, 0x02, 0x07, 0xff, 0xff, 0xfe, 0x00, 0x03, 0x03, 0xff, 0xff, 0xc0, 0xfb, 0x00, 0x09, 0x03, 0xff, 0xff, 0x00, 0x00,
  0x02, 0x03, 0xff, 0xff, 0x80, 0xfb, 0x00, 0x08, 0x03, 0xff, 0xff, 0x03, 0xe0, 0x0f, 0x01, 0xff, 0xff, 0xfa, 0x00, 0x08, 0x01, 0xff, 0xff, 0x03,
  0xf8, 0x3f, 0x81, 0xff, 0xff, 0xfa, 0x00, 0x08, 0x01, 0xff, 0xfe, 0x03, 0xff, 0xff, 0x80, 0xff, 0xfe, 0xf9, 0x00, 0x07, 0xff, 0xfc, 0x03, 0xff,
  0xff, 0x80, 0x3f, 0xf8, 0xf9, 0x00, 0x04, 0x3f, 0xf0, 0x01, 0xff, 0xff, 0xf3, 0x00, 0x01, 0xff, 0xfe, 0xf3, 0x00, 0x01, 0x3f, 0xf8, 0xf3, 0x00,
  0x00, 0x03, 0x81, 0x00, 0x81, 0x00, 0xc9, 0x00, 0x81, 0x00, 0xb7, 0x00, 0x01, 0x1f, 0xf8, 0xf9, 0x00, 0x01, 0x7f, 0xf8, 0xfd, 0x00, 0x01, 0x7f,
  0xfe, 0xfa, 0x00, 0x02, 0x01, 0xff, 0xfc, 0xfe, 0x00, 0x02, 0x01, 0xff, 0xff, 0xfa, 0x00, 0x02, 0x03, 0xff, 0xfe, 0xfe, 0x00, 0x03, 0x01, 0xff,
  0xff, 0x80, 0xfb, 0x00, 0x02, 0x07, 0xff, 0xff, 0xfe, 0x00, 0x03, 0x03, 0xff, 0xff, 0x80, 0xfb, 0x00, 0x02, 0x07, 0xff, 0xff, 0xfe, 0x00, 0x03,
  0x03, 0xff, 0xff, 0xc0, 0xfb, 0x00, 0x09, 0x07, 0xff, 0xff, 0x80, 0x00, 0x00, 0x03, 0xff, 0xff, 0xc0, 0xfb, 0x00, 0x09, 0x0f, 0xff, 0xff, 0x80,
  0x00, 0x00, 0x03, 0xff, 0xff, 0xc0, 0xfb, 0x00, 0x09, 0x0f, 0xff, 0xff, 0x80, 0x00, 0x00, 0x03, 0xff, 0xff, 0xe0, 0xfb, 0x00, 0x09, 0x0f, 0xff,
  0xff, 0x80, 0x00, 0x00, 0x03, 0xff, 0xff, 0xe0, 0xfb, 0x00, 0x09, 0x0f, 0xff, 0xff, 0x80, 0x00, 0x00, 0x03, 0xff, 0xff, 0xe0, 0xfb, 0x00, 0x09,
  0x0f, 0xff, 0xff, 0x80, 0x00, 0x00, 0x03, 0xff, 0xff, 0xe0, 0xfb, 0x00, 0x02, 0x0f, 0xff, 0xff, 0xfe, 0x00, 0x03, 0x03, 0xff, 0xff, 0xe0, 0xfb,
  0x00, 0x02, 0x0f, 0xff, 0xff, 0xfe, 0x00, 0x03, 0x03, 0xff, 0xff, 0xe0, 0xfb, 0x00, 0x09, 0x0f, 0xff, 0xff, 0x80, 0x00, 0x00, 0x03, 0xff, 0xff,
  0xe0, 0xfb, 0x00, 0x02, 0x0f, 0xff, 0xff, 0xfe, 0x00, 0x03, 0x03, 0xff, 0xff, 0xe0, 0xfb, 0x00, 0x09, 0x0f, 0xff, 0xff, 0x80, 0x00, 0x00, 0x03,
  0xff, 0xff, 0xe0, 0xfb, 0x00, 0x09, 0x0f, 0xff, 0xff, 0x80, 0x00, 0x00, 0x03, 0xff, 0xff, 0xe0, 0xfb, 0x00, 0x09, 0x0f, 0xff, 0xff, 0x80, 0x00,
  0x00, 0x03, 0xff, 0xff, 0xc0, 0xfb, 0x00, 0x09, 0x0f, 0xff, 0xff, 0x80, 0x00, 0x00, 0x03, 0xff, 0xff, 0xc0, 0xfb, 0x00, 0x09, 0x0f, 0xff, 0xff,
  0x80, 0x00, 0x00, 0x03, 0xff, 0xff, 0xc0, 0xfb, 0x00, 0x09, 0x0f, 0xff, 0xff, 0x80, 0x00, 0x00, 0x03, 0xff, 0xff, 0xc0, 0xfb, 0x00, 0x09, 0x07,
  0xff, 0xff, 0x80, 0x00, 0x00, 0x03, 0xff, 0xff, 0xc0, 0xfb, 0x00, 0x09, 0x07, 0xff, 0xff, 0x80, 0x00, 0x00, 0x03, 0xff, 0xff, 0xc0, 0xfb, 0x00,
  0x09, 0x07, 0xff, 0xff, 0x00, 0x00, 0x06, 0x03, 0xff, 0xff, 0x80, 0xfb, 0x00, 0x09, 0x03, 0xff, 0xff, 0x03, 0xe0, 0x0f, 0x01, 0xff, 0xff, 0x80,
  0xfb, 0x00, 0x08, 0x03, 0xff, 0xff, 0x03, 0xf8, 0x3f, 0x81, 0xff, 0xff, 0xfa, 0x00, 0x08, 0x01, 0xff, 0xfe, 0x03, 0xff, 0xff, 0x80, 0xff, 0xfe,
  0xf9, 0x00, 0x07, 0xff, 0xfc, 0x03, 0xff, 0xff, 0x80, 0x3f, 0xf8, 0xf9, 0x00, 0x04, 0x3f, 0xf0, 0x01, 0xff, 0xff, 0xf3, 0x00, 0x01, 0xff, 0xfe,
  0xf3, 0x00, 0x01, 0x3f, 0xf8, 0xf3, 0x00, 0x00, 0x07, 0x81, 0x00, 0x81, 0x00, 0xc9, 0x00, 0x81, 0x00, 0xb7, 0x00, 0x01, 0x1f, 0xf8, 0xf9, 0x00,
  0x01, 0x7f, 0xf8, 0xfd, 0x00, 0x01, 0x7f, 0xfe, 0xfa, 0x00, 0x02, 0x01, 0xff, 0xfc, 0xfe, 0x00, 0x02, 0x01, 0xff, 0xff, 0xfa, 0x00, 0x02, 0x03,
  0xff, 0xfe, 0xfe, 0x00, 0x03, 0x01, 0xff, 0xff, 0x80, 0xfb, 0x00, 0x02, 0x07, 0xff, 0xff, 0xfe, 0x00, 0x03, 0x03, 0xff, 0xff, 0x80, 0xfb, 0x00,
  0x02, 0x07, 0xff, 0xff, 0xfe, 0x00, 0x03, 0x03, 0xff, 0xff, 0xc0, 0xfb, 0x00, 0x09, 0x07, 0xff, 0xff, 0x80, 0x00, 0x00, 0x03, 0xff, 0xff, 0xc0,
  0xfb, 0x00, 0x09, 0x0f, 0xff, 0xff, 0x80, 0x00, 0x00, 0x03, 0xff, 0xff, 0xc0, 0xfb, 0x00, 0x09, 0x0f, 0xff, 0xff, 0x80, 0x00, 0x00, 0x03, 0xff,
  0xff, 0xc0, 0xfb, 0x00, 0x09, 0x0f, 0xff, 0xff, 0x80, 0x00, 0x00, 0x03, 0xff, 0xff, 0xe0, 0xfb, 0x00, 0x09, 0x0f, 0xff, 0xff, 0x80, 0x00, 0x00,
  0x03, 0xff, 0xff, 0xe0, 0xfb, 0x00, 0x09, 0x0f, 0xff, 0xff, 0x80, 0x00, 0x00, 0x03, 0xff, 0xff, 0xe0, 0xfb, 0x00, 0x09, 0x0f, 0xff, 0xff, 0x80,
  0x00, 0x00, 0x03, 0xff, 0xff, 0xe0, 0xfb, 0x00, 0x09, 0x0f, 0xff, 0xff, 0x80, 0x00, 0x00, 0x03, 0xff, 0xff, 0xe0, 0xfb, 0x00, 0x09, 0x0f, 0xff,
  0xff, 0x80, 0x00, 0x00, 0x03, 0xff, 0xff, 0xe0, 0xfb, 0x00, 0x02, 0x0f, 0xff, 0xff, 0xfe, 0x00, 0x03, 0x03, 0xff, 0xff, 0xe0, 0xfb, 0x00, 0x09,
  0x0f, 0xff, 0xff, 0x80, 0x00, 0x00, 0x03, 0xff, 0xff, 0xe0, 0xfb, 0x00, 0x09, 0x0f, 0xff, 0xff, 0x80, 0x00, 0x00, 0x03, 0xff, 0xff, 0xe0, 0xfb,
  0x00, 0x09, 0x0f, 0xff, 0xff, 0x80, 0x00, 0x00, 0x03, 0xff, 0xff, 0xc0, 0xfb, 0x00, 0x09, 0x0f, 0xff, 0xff, 0x80, 0x00, 0x00, 0x03, 0xff, 0xff,
  0xc0, 0xfb, 0x00, 0x09, 0x0f, 0xff, 0xff, 0x80, 0x00, 0x00, 0x03, 0xff, 0xff, 0xc0, 0xfb, 0x00, 0x09, 0x0f, 0xff, 0xff, 0x80, 0x00, 0x00, 0x03,
  0xff, 0xff, 0xc0, 0xfb, 0x00, 0x09, 0x07, 0xff, 0xff, 0x80, 0x00, 0x00, 0x03, 0xff, 0xff, 0x80, 0xfb, 0x00, 0x02, 0x07, 0xff, 0xff, 0xfe, 0x00,
  0x03, 0x03, 0xff, 0xff, 0xc0, 0xfb, 0x00, 0x09, 0x07, 0xff, 0xff, 0x00, 0x00, 0x02, 0x03, 0xff, 0xff, 0x80, 0xfb, 0x00, 0x09, 0x03, 0xff, 0xff,
  0x03, 0xe0, 0x0f, 0x01, 0xff, 0xff, 0x80, 0xfb, 0x00, 0x08, 0x03, 0xff, 0xff, 0x03, 0xf8, 0x3f, 0x81, 0xff, 0xff, 0xfa, 0x00, 0x08, 0x01, 0xff,
  0xfe, 0x03, 0xff, 0xff, 0x80, 0xff, 0xfe, 0xf9, 0x00, 0x07, 0xff, 0xfc, 0x03, 0xff, 0xff, 0x80, 0x3f, 0xf8, 0xf9, 0x00, 0x04, 0x3f, 0xf0, 0x01,
  0xff, 0xff, 0xf3, 0x00, 0x01, 0xff, 0xfe, 0xf3, 0x00, 0x01, 0x3f, 0xf8, 0xf3, 0x00, 0x01, 0x07, 0x80, 0x81, 0x00, 0x81, 0x00, 0xca, 0x00, 0x81,
  0x00, 0xb7, 0x00, 0x01, 0x1f, 0xf8, 0xf9, 0x00, 0x01, 0x7f, 0xf8, 0xfd, 0x00, 0x01, 0x7f, 0xfe, 0xfa, 0x00, 0x02, 0x01, 0xff, 0xfc, 0xfe, 0x00,
  0x02, 0x01, 0xff, 0xff, 0xfa, 0x00, 0x02, 0x03, 0xff, 0xfe, 0xfe, 0x00, 0x03, 0x01, 0xff, 0xff, 0x80, 0xfb, 0x00, 0x02, 0x07, 0xff, 0xff, 0xfe,
  0x00, 0x03, 0x03, 0xff, 0xff, 0x80, 0xfb, 0x00, 0x02, 0x07, 0xff, 0xff, 0xfe, 0x00, 0x03, 0x03, 0xff, 0xff, 0xc0, 0xfb, 0x00, 0x09, 0x07, 0xff,
  0xff, 0x80, 0x00, 0x00, 0x03, 0xff, 0xff, 0xc0, 0xfb, 0x00, 0x09, 0x0f, 0xff, 0xff, 0x80, 0x00, 0x00, 0x03, 0xff, 0xff, 0xc0, 0xfb, 0x00, 0x09,
  0x0f, 0xff, 0xff, 0x80, 0x00, 0x00, 0x03, 0xff, 0xff, 0xc0, 0xfb, 0x00, 0x09, 0x0f, 0xff, 0xff, 0x80, 0x00, 0x00, 0x03, 0xff, 0xff, 0xe0, 0xfb,
  0x00, 0x09, 0x0f, 0xff, 0xff, 0x80, 0x00, 0x00, 0x03, 0xff, 0xff, 0xe0, 0xfb, 0x00, 0x09, 0x0f, 0xff, 0xff, 0x80, 0x00, 0x00, 0x03, 0xff, 0xff,
  0xe0, 0xfb, 0x00, 0x09, 0x0f, 0xff, 0xff, 0x80, 0x00, 0x00, 0x03, 0xff, 0xff, 0xe0, 0xfb, 0x00, 0x09, 0x0f, 0xff, 0xff, 0x80, 0x00, 0x00, 0x03,
  0xff, 0xff, 0xe0, 0xfb, 0x00, 0x09, 0x0f, 0xff, 0xff, 0x80, 0x00, 0x00, 0x03, 0xff, 0xff, 0xe0, 0xfb, 0x00, 0x02, 0x0f, 0xff, 0xff, 0xfe, 0x00,
  0x03, 0x03, 0xff, 0xff, 0xe0, 0xfb, 0x00, 0x09, 0x0f, 0xff, 0xff, 0x80, 0x00, 0x00, 0x03, 0xff, 0xff, 0xe0, 0xfb, 0x00, 0x09, 0x0f, 0xff, 0xff,
  0x80, 0x00, 0x00, 0x03, 0xff, 0xff, 0xe0, 0xfb, 0x00, 0x09, 0x0f, 0xff, 0xff, 0x80, 0x00, 0x00, 0x03, 0xff, 0xff, 0xc0, 0xfb, 0x00, 0x09, 0x0f,
  0xff, 0xff, 0x80, 0x00, 0x00, 0x03, 0xff, 0xff, 0xc0, 0xfb, 0x00, 0x09, 0x0f, 0xff, 0xff, 0x80, 0x00, 0x00, 0x03, 0xff, 0xff, 0xc0, 0xfb, 0x00,
  0x09, 0x0f, 0xff, 0xff, 0x80, 0x00, 0x00, 0x03, 0xff, 0xff, 0xc0, 0xfb, 0x00, 0x09, 0x07, 0xff, 0xff, 0x80, 0x00, 0x00, 0x03, 0xff, 0xff, 0x80,
  0xfb, 0x00, 0x02, 0x07, 0xff, 0xff, 0xfe, 0x00, 0x03, 0x03, 0xff, 0xff, 0xc0, 0xfb, 0x00, 0x09, 0x07, 0xff, 0xff, 0x00, 0x00, 0x06, 0x03, 0xff,
  0xff, 0x80, 0xfb, 0x00, 0x09, 0x03, 0xff, 0xff, 0x03, 0xe0, 0x0f, 0x01, 0xff, 0xff, 0x80, 0xfb, 0x00, 0x08, 0x03, 0xff, 0xff, 0x03, 0xf8, 0x3f,
  0x81, 0xff, 0xff, 0xfa, 0x00, 0x08, 0x01, 0xff, 0xfe, 0x03, 0xff, 0xff, 0x80, 0xff, 0xfe, 0xf9, 0x00, 0x07, 0xff, 0xfc, 0x03, 0xff, 0xff, 0x80,
  0x3f, 0xf8, 0xf9, 0x00, 0x04, 0x3f, 0xf0, 0x01, 0xff, 0xff, 0xf3, 0x00, 0x01, 0xff, 0xfe, 0xf3, 0x00, 0x01, 0x3f, 0xf8, 0xf3, 0x00, 0x00, 0x07,
  0x81, 0x00, 0x81, 0x00, 0xc9, 0x00, 0x81, 0x00, 0xdd, 0x00, 0x01, 0x7f, 0xe0, 0xfd, 0x00, 0x01, 0x3f, 0xf8, 0xfa, 0x00, 0x02, 0x01, 0xff, 0xf8,
  0xfd, 0x00, 0x01, 0xff, 0xfe, 0xfa, 0x00, 0x02, 0x03, 0xff, 0xfe, 0xfe, 0x00, 0x02, 0x01, 0xff, 0xff, 0xfa, 0x00, 0x02, 0x03, 0xff, 0xfe, 0xfe,
  0x00, 0x03, 0x03, 0xff, 0xff, 0x80, 0xfb, 0x00, 0x02, 0x07, 0xff, 0xff, 0xfe, 0x00, 0x03, 0x03, 0xff, 0xff, 0x80, 0xfb, 0x00, 0x02, 0x0f, 0xff,
  0xff, 0xfe, 0x00, 0x03, 0x03, 0xff, 0xff, 0x80, 0xfb, 0x00, 0x02, 0x0f, 0xff, 0xff, 0xfe, 0x00, 0x03, 0x07, 0xff, 0xff, 0xc0, 0xfb, 0x00, 0x02,
  0x0f, 0xff, 0xff, 0xfe, 0x00, 0x03, 0x07, 0xff, 0xff, 0xc0, 0xfb, 0x00, 0x02, 0x0f, 0xff, 0xff, 0xfe, 0x00, 0x03, 0x07, 0xff, 0xff, 0xc0, 0xfb,
  0x00, 0x02, 0x0f, 0xff, 0xff, 0xfe, 0x00, 0x03, 0x07, 0xff, 0xff, 0xe0, 0xfb, 0x00, 0x02, 0x0f, 0xff, 0xff, 0xfe, 0x00, 0x03, 0x07, 0xff, 0xff,
  0xe0, 0xfb, 0x00, 0x02, 0x1f, 0xff, 0xff, 0xfe, 0x00, 0x03, 0x03, 0xff, 0xff, 0xe0, 0xfb, 0x00, 0x02, 0x1f, 0xff, 0xff, 0xfe, 0x00, 0x03, 0x03,
  0xff, 0xff, 0xe0, 0xfb, 0x00, 0x02, 0x1f, 0xff, 0xff, 0xfe, 0x00, 0x03, 0x03, 0xff, 0xff, 0xe0, 0xfb, 0x00, 0x02, 0x1f, 0xff, 0xff, 0xfe, 0x00,
  0x03, 0x03, 0xff, 0xff, 0xe0, 0xfb, 0x00, 0x02, 0x1f, 0xff, 0xff, 0xfe, 0x00, 0x03, 0x03, 0xff, 0xff, 0xe0, 0xfb, 0x00, 0x02, 0x0f, 0xff, 0xff,
  0xfe, 0x00, 0x03, 0x03, 0xff, 0xff, 0xe0, 0xfb, 0x00, 0x02, 0x0f, 0xff, 0xff, 0xfe, 0x00, 0x03, 0x03, 0xff, 0xff, 0xc0, 0xfb, 0x00, 0x02, 0x0f,
  0xff, 0xff, 0xfe, 0x00, 0x03, 0x03, 0xff, 0xff, 0xc0, 0xfb, 0x00, 0x02, 0x0f, 0xff, 0xff, 0xfe, 0x00, 0x03, 0x03, 0xff, 0xff, 0xc0, 0xfb, 0x00,
  0x02, 0x0f, 0xff, 0xff, 0xfe, 0x00, 0x03, 0x03, 0xff, 0xff, 0xc0, 0xfb, 0x00, 0x02, 0x0f, 0xff, 0xff, 0xfe, 0x00, 0x03, 0x03, 0xff, 0xff, 0xc0,
  0xfb, 0x00, 0x02, 0x0f, 0xff, 0xff, 0xfe, 0x00, 0x03, 0x03, 0xff, 0xff, 0x80, 0xfb, 0x00, 0x02, 0x07, 0xff, 0xff, 0xfe, 0x00, 0x03, 0x03, 0xff,
  0xff, 0x80, 0xfb, 0x00, 0x09, 0x07, 0xff, 0xff, 0x01, 0x80, 0x0e, 0x03, 0xff, 0xff, 0x80, 0xfb, 0x00, 0x08, 0x03, 0xff, 0xff, 0x03, 0xe0, 0x1f,
  0x01, 0xff, 0xff, 0xfa, 0x00, 0x08, 0x03, 0xff, 0xfe, 0x03, 0xff, 0xff, 0x81, 0xff, 0xfe, 0xfa, 0x00, 0x08, 0x01, 0xff, 0xfc, 0x03, 0xff, 0xff,
  0x00, 0x7f, 0xfc, 0xf9, 0x00, 0x07, 0x7f, 0xf8, 0x03, 0xff, 0xff, 0x00, 0x3f, 0xf0, 0xf9, 0x00, 0x04, 0x03, 0x00, 0x01, 0xff, 0xfe, 0xf3, 0x00,
  0x01, 0xff, 0xfc, 0xf3, 0x00, 0x01, 0x3f, 0xf0, 0x81, 0x00, 0x81, 0x00, 0x9a, 0x00, 0x81, 0x00, 0xdd, 0x00, 0x01, 0x7f, 0xe0, 0xfd, 0x00, 0x01,
  0x3f, 0xfc, 0xfa, 0x00, 0x02, 0x01, 0xff, 0xf8, 0xfd, 0x00, 0x01, 0xff, 0xfe, 0xfa, 0x00, 0x02, 0x03, 0xff, 0xfe, 0xfe, 0x00, 0x02, 0x01, 0xff,
  0xff, 0xfa, 0x00, 0x02, 0x03, 0xff, 0xff, 0xfe, 0x00, 0x03, 0x03, 0xff, 0xff, 0x80, 0xfb, 0x00, 0x02, 0x07, 0xff, 0xff, 0xfe, 0x00, 0x03, 0x03,
  0xff, 0xff, 0x80, 0xfb, 0x00, 0x02, 0x0f, 0xff, 0xff, 0xfe, 0x00, 0x03, 0x03, 0xff, 0xff, 0xc0, 0xfb, 0x00, 0x02, 0x0f, 0xff, 0xff, 0xfe, 0x00,
  0x03, 0x07, 0xff, 0xff, 0xc0, 0xfb, 0x00, 0x02, 0x0f, 0xff, 0xff, 0xfe, 0x00, 0x03, 0x07, 0xff, 0xff, 0xc0, 0xfb, 0x00, 0x02, 0x0f, 0xff, 0xff,
  0xfe, 0x00, 0x03, 0x07, 0xff, 0xff, 0xc0, 0xfb, 0x00, 0x02, 0x0f, 0xff, 0xff, 0xfe, 0x00, 0x03, 0x07, 0xff, 0xff, 0xe0, 0xfb, 0x00, 0x02, 0x0f,
  0xff, 0xff, 0xfe, 0x00, 0x03, 0x07, 0xff, 0xff, 0xe0, 0xfb, 0x00, 0x02, 0x1f, 0xff, 0xff, 0xfe, 0x00, 0x03, 0x03, 0xff, 0xff, 0xe0, 0xfb, 0x00,
  0x02, 0x1f, 0xff, 0xff, 0xfe, 0x00, 0x03, 0x03, 0xff, 0xff, 0xe0, 0xfb, 0x00, 0x02, 0x1f, 0xff, 0xff, 0xfe, 0x00, 0x03, 0x03, 0xff, 0xff, 0xe0,
  0xfb, 0x00, 0x02, 0x1f, 0xff, 0xff, 0xfe, 0x00, 0x03, 0x03, 0xff, 0xff, 0xe0, 0xfb, 0x00, 0x02, 0x1f, 0xff, 0xff, 0xfe, 0x00, 0x03, 0x03, 0xff,
  0xff, 0xe0, 0xfb, 0x00, 0x02, 0x0f, 0xff, 0xff, 0xfe, 0x00, 0x03, 0x03, 0xff, 0xff, 0xe0, 0xfb, 0x00, 0x02, 0x0f, 0xff, 0xff, 0xfe, 0x00, 0x03,
  0x03, 0xff, 0xff, 0xc0, 0xfb, 0x00, 0x02, 0x0f, 0xff, 0xff, 0xfe, 0x00, 0x03, 0x03, 0xff, 0xff, 0xc0, 0xfb, 0x00, 0x02, 0x0f, 0xff, 0xff, 0xfe,
  0x00, 0x03, 0x03, 0xff, 0xff, 0xc0, 0xfb, 0x00, 0x02, 0x0f, 0xff, 0xff, 0xfe, 0x00, 0x03, 0x03, 0xff, 0xff, 0xc0, 0xfb, 0x00, 0x02, 0x0f, 0xff,
  0xff, 0xfe, 0x00, 0x03, 0x03, 0xff, 0xff, 0xc0, 0xfb, 0x00, 0x02, 0x0f, 0xff, 0xff, 0xfe, 0x00, 0x03, 0x03, 0xff, 0xff, 0x80, 0xfb, 0x00, 0x02,
  0x07, 0xff, 0xff, 0xfe, 0x00, 0x03, 0x03, 0xff, 0xff, 0x80, 0xfb, 0x00, 0x09, 0x07, 0xff, 0xff, 0x01, 0x80, 0x0e, 0x03, 0xff, 0xff, 0x80, 0xfb,
  0x00, 0x08, 0x03, 0xff, 0xff, 0x03, 0xe0, 0x1f, 0x01, 0xff, 0xff, 0xfa, 0x00, 0x08, 0x03, 0xff, 0xfe, 0x03, 0xff, 0xff, 0x81, 0xff, 0xfe, 0xfa,
  0x00, 0x08, 0x01, 0xff, 0xfc, 0x03, 0xff, 0xff, 0x00, 0x7f, 0xfc, 0xf9, 0x00, 0x07, 0x7f, 0xf8, 0x03, 0xff, 0xff, 0x00, 0x3f, 0xf0, 0xf9, 0x00,
  0x04, 0x03, 0x00, 0x01, 0xff, 0xfe, 0xf3, 0x00, 0x01, 0xff, 0xfc, 0xf3, 0x00, 0x01, 0x3f, 0xf0, 0x81, 0x00, 0x81, 0x00, 0x9a, 0x00, 0x81, 0x00,
  0xdd, 0x00, 0x01, 0x7f, 0xe0, 0xfd, 0x00, 0x01, 0x3f, 0xfc, 0xfa, 0x00, 0x02, 0x01, 0xff, 0xf8, 0xfd, 0x00, 0x01, 0xff, 0xfe, 0xfa, 0x00, 0x02,
  0x03, 0xff, 0xfe, 0xfe, 0x00, 0x02, 0x01, 0xff, 0xff, 0xfa, 0x00, 0x02, 0x03, 0xff, 0xff, 0xfe, 0x00, 0x03, 0x03, 0xff, 0xff, 0x80, 0xfb, 0x00,
  0x02, 0x07, 0xff, 0xff, 0xfe, 0x00, 0x03, 0x03, 0xff, 0xff, 0x80, 0xfb, 0x00, 0x02, 0x0f, 0xff, 0xff, 0xfe, 0x00, 0x03, 0x03, 0xff, 0xff, 0x80,
  0xfb, 0x00, 0x02, 0x0f, 0xff, 0xff, 0xfe, 0x00, 0x03, 0x07, 0xff, 0xff, 0xc0, 0xfb, 0x00, 0x02, 0x0f, 0xff, 0xff, 0xfe, 0x00, 0x03, 0x07, 0xff,
  0xff, 0xc0, 0xfb, 0x00, 0x02, 0x0f, 0xff, 0xff, 0xfe, 0x00, 0x03, 0x07, 0xff, 0xff, 0xc0, 0xfb, 0x00, 0x02, 0x0f, 0xff, 0xff, 0xfe, 0x00, 0x03,
  0x07, 0xff, 0xff, 0xe0, 0xfb, 0x00, 0x02, 0x0f, 0xff, 0xff, 0xfe, 0x00, 0x03, 0x07, 0xff, 0xff, 0xe0, 0xfb, 0x00, 0x02, 0x1f, 0xff, 0xff, 0xfe,
  0x00, 0x03, 0x03, 0xff, 0xff, 0xe0, 0xfb, 0x00, 0x02, 0x1f, 0xff, 0xff, 0xfe, 0x00, 0x03, 0x03, 0xff, 0xff, 0xe0, 0xfb, 0x00, 0x02, 0x1f, 0xff,
  0xff, 0xfe, 0x00, 0x03, 0x03, 0xff, 0xff, 0xe0, 0xfb, 0x00, 0x02, 0x1f, 0xff, 0xff, 0xfe, 0x00, 0x03, 0x03, 0xff, 0xff, 0xe0, 0xfb, 0x00, 0x02,
  0x1f, 0xff, 0xff, 0xfe, 0x00, 0x03, 0x03, 0xff, 0xff, 0xe0, 0xfb, 0x00, 0x02, 0x0f, 0xff, 0xff, 0xfe, 0x00, 0x03, 0x03, 0xff, 0xff, 0xe0, 0xfb,
  0x00, 0x02, 0x0f, 0xff, 0xff, 0xfe, 0x00, 0x03, 0x03, 0xff, 0xff, 0xc0, 0xfb, 0x00, 0x02, 0x0f, 0xff, 0xff, 0xfe, 0x00, 0x03, 0x03, 0xff, 0xff,
  0xc0, 0xfb, 0x00, 0x02, 0x0f, 0xff, 0xff, 0xfe, 0x00, 0x03, 0x03, 0xff, 0xff, 0xc0, 0xfb, 0x00, 0x02, 0x0f, 0xff, 0xff, 0xfe, 0x00, 0x03, 0x03,
  0xff, 0xff, 0xc0, 0xfb, 0x00, 0x02, 0x0f, 0xff, 0xff, 0xfe, 0x00, 0x03, 0x03, 0xff, 0xff, 0xc0, 0xfb, 0x00, 0x02, 0x0f, 0xff, 0xff, 0xfe, 0x00,
  0x03, 0x03, 0xff, 0xff, 0x80, 0xfb, 0x00, 0x02, 0x07, 0xff, 0xff, 0xfe, 0x00, 0x03, 0x03, 0xff, 0xff, 0x80, 0xfb, 0x00, 0x09, 0x07, 0xff, 0xff,
  0x01, 0x80, 0x0e, 0x03, 0xff, 0xff, 0x80, 0xfb, 0x00, 0x08, 0x03, 0xff, 0xff, 0x03, 0xe0, 0x1f, 0x01, 0xff, 0xff, 0xfa, 0x00, 0x08, 0x03, 0xff,
  0xfe, 0x03, 0xff, 0xff, 0x81, 0xff, 0xfe, 0xfa, 0x00, 0x08, 0x01, 0xff, 0xfc, 0x03, 0xff, 0xff, 0x00, 0x7f, 0xfc, 0xf9, 0x00, 0x07, 0x7f, 0xf8,
  0x03, 0xff, 0xff, 0x00, 0x3f, 0xf0, 0xf9, 0x00, 0x04, 0x03, 0x00, 0x01, 0xff, 0xfe, 0xf3, 0x00, 0x01, 0xff, 0xfc, 0xf3, 0x00, 0x01, 0x3f, 0xf0,
  0x81, 0x00, 0x81, 0x00, 0x9a, 0x00, 0x81, 0x00, 0xdd, 0x00, 0x01, 0x7f, 0xe0, 0xfd, 0x00, 0x01, 0x3f, 0xfc, 0xfa, 0x00, 0x02, 0x01, 0xff, 0xf8,
  0xfd, 0x00, 0x01, 0xff, 0xfe, 0xfa, 0x00, 0x02, 0x03, 0xff, 0xfe, 0xfe, 0x00, 0x02, 0x01, 0xff, 0xff, 0xfa, 0x00, 0x02, 0x03, 0xff, 0xff, 0xfe,
  0x00, 0x03, 0x03, 0xff, 0xff, 0x80, 0xfb, 0x00, 0x02, 0x07, 0xff, 0xff, 0xfe, 0x00, 0x03, 0x03, 0xff, 0xff, 0x80, 0xfb, 0x00, 0x02, 0x0f, 0xff,
  0xff, 0xfe, 0x00, 0x03, 0x03, 0xff, 0xff, 0xc0, 0xfb, 0x00, 0x02, 0x0f, 0xff, 0xff, 0xfe, 0x00, 0x03, 0x07, 0xff, 0xff, 0xc0, 0xfb, 0x00, 0x02,
  0x0f, 0xff, 0xff, 0xfe, 0x00, 0x03, 0x07, 0xff, 0xff, 0xc0, 0xfb, 0x00, 0x02, 0x0f, 0xff, 0xff, 0xfe, 0x00, 0x03, 0x07, 0xff, 0xff, 0xc0, 0xfb,
  0x00, 0x02, 0x0f, 0xff, 0xff, 0xfe, 0x00, 0x03, 0x07, 0xff, 0xff, 0xe0, 0xfb, 0x00, 0x02, 0x0f, 0xff, 0xff, 0xfe, 0x00, 0x03, 0x07, 0xff, 0xff,
  0xe0, 0xfb, 0x00, 0x02, 0x1f, 0xff, 0xff, 0xfe, 0x00, 0x03, 0x03, 0xff, 0xff, 0xe0, 0xfb, 0x00, 0x02, 0x1f, 0xff, 0xff, 0xfe, 0x00, 0x03, 0x03,
  0xff, 0xff, 0xe0, 0xfb, 0x00, 0x02, 0x1f, 0xff, 0xff, 0xfe, 0x00, 0x03, 0x03, 0xff, 0xff, 0xe0, 0xfb, 0x00, 0x02, 0x1f, 0xff, 0xff, 0xfe, 0x00,
  0x03, 0x03, 0xff, 0xff, 0xe0, 0xfb, 0x00, 0x02, 0x1f, 0xff, 0xff, 0xfe, 0x00, 0x03, 0x03, 0xff, 0xff, 0xe0, 0xfb, 0x00, 0x02, 0x0f, 0xff, 0xff,
  0xfe, 0x00, 0x03, 0x03, 0xff, 0xff, 0xe0, 0xfb, 0x00, 0x02, 0x0f, 0xff, 0xff, 0xfe, 0x00, 0x03, 0x03, 0xff, 0xff, 0xc0, 0xfb, 0x00, 0x02, 0x0f,
  0xff, 0xff, 0xfe, 0x00, 0x03, 0x03, 0xff, 0xff, 0xc0, 0xfb, 0x00, 0x02, 0x0f, 0xff, 0xff, 0xfe, 0x00, 0x03, 0x03, 0xff, 0xff, 0xc0, 0xfb, 0x00,
  0x02, 0x0f, 0xff, 0xff, 0xfe, 0x00, 0x03, 0x03, 0xff, 0xff, 0xc0, 0xfb, 0x00, 0x02, 0x0f, 0xff, 0xff, 0xfe, 0x00, 0x03, 0x03, 0xff, 0xff, 0xc0,
  0xfb, 0x00, 0x02, 0x0f, 0xff, 0xff, 0xfe, 0x00, 0x03, 0x03, 0xff, 0xff, 0x80, 0xfb, 0x00, 0x02, 0x07, 0xff, 0xff, 0xfe, 0x00, 0x03, 0x03, 0xff,
  0xff, 0x80, 0xfb, 0x00, 0x09, 0x07, 0xff, 0xff, 0x01, 0x80, 0x0e, 0x03, 0xff, 0xff, 0x80, 0xfb, 0x00, 0x08, 0x03, 0xff, 0xff, 0x03, 0xe0, 0x1f,
  0x01, 0xff, 0xff, 0xfa, 0x00, 0x08, 0x03, 0xff, 0xfe, 0x03, 0xff, 0xff, 0x81, 0xff, 0xfe, 0xfa, 0x00, 0x08, 0x01, 0xff, 0xfc, 0x03, 0xff, 0xff,
  0x00, 0x7f, 0xfc, 0xf9, 0x00, 0x07, 0x7f, 0xf8, 0x03, 0xff, 0xff, 0x00, 0x3f, 0xf0, 0xf9, 0x00, 0x04, 0x03, 0x00, 0x01, 0xff, 0xfe, 0xf3, 0x00,
  0x01, 0xff, 0xfc, 0xf3, 0x00, 0x01, 0x3f, 0xf0, 0x81, 0x00, 0x81, 0x00, 0x9a, 0x00, 0x81, 0x00, 0xdd, 0x00, 0x01, 0x07, 0xc0, 0xfd, 0x00, 0x01,
  0x3f, 0xf0, 0xf9, 0x00, 0x01, 0x7f, 0xf8, 0xfd, 0x00, 0x01, 0xff, 0xfc, 0xfa, 0x00, 0x02, 0x01, 0xff, 0xfe, 0xfe, 0x00, 0x02, 0x03, 0xff, 0xfe,
  0xfa, 0x00, 0x02, 0x03, 0xff, 0xff, 0xfe, 0x00, 0x02, 0x03, 0xff, 0xff, 0xfa, 0x00, 0x09, 0x07, 0xff, 0xff, 0x80, 0x00, 0x00, 0x07, 0xff, 0xff,
  0x80, 0xfb, 0x00, 0x09, 0x07, 0xff, 0xff, 0x80, 0x00, 0x00, 0x07, 0xff, 0xff, 0x80, 0xfb, 0x00, 0x09, 0x07, 0xff, 0xff, 0x80, 0x00, 0x00, 0x07,
  0xff, 0xff, 0x80, 0xfb, 0x00, 0x09, 0x0f, 0xff, 0xff, 0x80, 0x00, 0x00, 0x07, 0xff, 0xff, 0xc0, 0xfb, 0x00, 0x09, 0x0f, 0xff, 0xff, 0x80, 0x00,
  0x00, 0x07, 0xff, 0xff, 0xc0, 0xfb, 0x00, 0x09, 0x0f, 0xff, 0xff, 0x80, 0x00, 0x00, 0x07, 0xff, 0xff, 0xc0, 0xfb, 0x00, 0x09, 0x0f, 0xff, 0xff,
  0x80, 0x00, 0x00, 0x07, 0xff, 0xff, 0xc0, 0xfb, 0x00, 0x09, 0x0f, 0xff, 0xff, 0x80, 0x00, 0x00, 0x07, 0xff, 0xff, 0xc0, 0xfb, 0x00, 0x09, 0x0f,
  0xff, 0xff, 0x80, 0x00, 0x00, 0x07, 0xff, 0xff, 0xc0, 0xfb, 0x00, 0x09, 0x0f, 0xff, 0xff, 0x80, 0x00, 0x00, 0x07, 0xff, 0xff, 0xc0, 0xfb, 0x00,
  0x09, 0x0f, 0xff, 0xff, 0x80, 0x00, 0x00, 0x07, 0xff, 0xff, 0xc0, 0xfb, 0x00, 0x09, 0x0f, 0xff, 0xff, 0x80, 0x00, 0x00, 0x07, 0xff, 0xff, 0xc0,
  0xfb, 0x00, 0x09, 0x0f, 0xff, 0xff, 0x80, 0x00, 0x00, 0x07, 0xff, 0xff, 0xc0, 0xfb, 0x00, 0x09, 0x0f, 0xff, 0xff, 0x80, 0x00, 0x00, 0x07, 0xff,
  0xff, 0xc0, 0xfb, 0x00, 0x09, 0x0f, 0xff, 0xff, 0x80, 0x00, 0x00, 0x07, 0xff, 0xff, 0xc0, 0xfb, 0x00, 0x09, 0x0f, 0xff, 0xff, 0x80, 0x00, 0x00,
  0x07, 0xff, 0xff, 0xc0, 0xfb, 0x00, 0x09, 0x0f, 0xff, 0xff, 0x80, 0x00, 0x00, 0x07, 0xff, 0xff, 0x80, 0xfb, 0x00, 0x09, 0x07, 0xff, 0xff, 0x80,
  0x00, 0x00, 0x07, 0xff, 0xff, 0x80, 0xfb, 0x00, 0x09, 0x07, 0xff, 0xff, 0x80, 0x00, 0x00, 0x07, 0xff, 0xff, 0x80, 0xfb, 0x00, 0x09, 0x03, 0xff,
  0xff, 0x80, 0x00, 0x00, 0x07, 0xff, 0xff, 0x80, 0xfb, 0x00, 0x08, 0x03, 0xff, 0xff, 0x80, 0x00, 0x04, 0x07, 0xff, 0xff, 0xfa, 0x00, 0x08, 0x03,
  0xff, 0xff, 0x03, 0xe0, 0x0f, 0x03, 0xff, 0xfe, 0xfa, 0x00, 0x08, 0x01, 0xff, 0xff, 0x03, 0xff, 0xff, 0x81, 0xff, 0xfc, 0xf9, 0x00, 0x07, 0xff,
  0xfe, 0x03, 0xff, 0xff, 0x80, 0xff, 0xf8, 0xf9, 0x00, 0x07, 0x3f, 0xf8, 0x03, 0xff, 0xff, 0x00, 0x3f, 0xe0, 0xf9, 0x00, 0x04, 0x01, 0x00, 0x01,
  0xff, 0xff, 0xf3, 0x00, 0x01, 0xff, 0xfc, 0xf3, 0x00, 0x01, 0x3f, 0xf0, 0x81, 0x00, 0x81, 0x00, 0x9a, 0x00, 0x81, 0x00, 0xd7, 0x00, 0x00, 0x1f,
  0xf8, 0x00, 0x01, 0x3f, 0xf8, 0xfd, 0x00, 0x01, 0xff, 0xf8, 0xf9, 0x00, 0x01, 0x7f, 0xfe, 0xfe, 0x00, 0x02, 0x03, 0xff, 0xfc, 0xf9, 0x00, 0x01,
  0xff, 0xff, 0xfe, 0x00, 0x02, 0x07, 0xff, 0xfe, 0xfa, 0x00, 0x08, 0x01, 0xff, 0xff, 0x80, 0x00, 0x00, 0x0f, 0xff, 0xfe, 0xfa, 0x00, 0x08, 0x03,
  0xff, 0xff, 0xc0, 0x00, 0x00, 0x0f, 0xff, 0xff, 0xfa, 0x00, 0x08, 0x03, 0xff, 0xff, 0xe0, 0x00, 0x00, 0x1f, 0xff, 0xff, 0xfa, 0x00, 0x09, 0x03,
  0xff, 0xff, 0xe0, 0x00, 0x00, 0x1f, 0xff, 0xff, 0x80, 0xfb, 0x00, 0x09, 0x07, 0xff, 0xff, 0xf0, 0x00, 0x00, 0x3f, 0xff, 0xff, 0x80, 0xfb, 0x00,
  0x09, 0x07, 0xff, 0xff, 0xf0, 0x00, 0x00, 0x3f, 0xff, 0xff, 0x80, 0xfb, 0x00, 0x09, 0x07, 0xff, 0xff, 0xf0, 0x00, 0x00, 0x3f, 0xff, 0xff, 0x80,
  0xfb, 0x00, 0x09, 0x07, 0xff, 0xff, 0xf0, 0x00, 0x00, 0x3f, 0xff, 0xff, 0x80, 0xfb, 0x00, 0x09, 0x07, 0xff, 0xff, 0xf0, 0x00, 0x00, 0x3f, 0xff,
  0xff, 0x80, 0xfb, 0x00, 0x09, 0x07, 0xff, 0xff, 0xf0, 0x00, 0x00, 0x3f, 0xff, 0xff, 0x80, 0xfb, 0x00, 0x09, 0x07, 0xff, 0xff, 0xf0, 0x00, 0x00,
  0x1f, 0xff, 0xff, 0x80, 0xfb, 0x00, 0x09, 0x07, 0xff, 0xff, 0xf0, 0x00, 0x00, 0x1f, 0xff, 0xff, 0x80, 0xfb, 0x00, 0x09, 0x07, 0xff, 0xff, 0xf0,
  0x00, 0x00, 0x1f, 0xff, 0xff, 0x80, 0xfb, 0x00, 0x09, 0x07, 0xff, 0xff, 0xe0, 0x00, 0x00, 0x1f, 0xff, 0xff, 0x80, 0xfb, 0x00, 0x09, 0x07, 0xff,
  0xff, 0xe0, 0x00, 0x00, 0x1f, 0xff, 0xff, 0x80, 0xfb, 0x00, 0x09, 0x03, 0xff, 0xff, 0xe0, 0x00, 0x00, 0x1f, 0xff, 0xff, 0x80, 0xfb, 0x00, 0x08,
  0x03, 0xff, 0xff, 0xe0, 0x00, 0x00, 0x1f, 0xff, 0xff, 0xfa, 0x00, 0x08, 0x03, 0xff, 0xff, 0xe0, 0x00, 0x00, 0x1f, 0xff, 0xff, 0xfa, 0x00, 0x08,
  0x03, 0xff, 0xff, 0xe0, 0x00, 0x00, 0x1f, 0xff, 0xff, 0xfa, 0x00, 0x08, 0x01, 0xff, 0xff, 0xe0, 0x00, 0x00, 0x0f, 0xff, 0xfe, 0xfa, 0x00, 0x08,
  0x01, 0xff, 0xff, 0xe0, 0x00, 0x00, 0x0f, 0xff, 0xfe, 0xf9, 0x00, 0x07, 0xff, 0xff, 0xc0, 0x80, 0x06, 0x0f, 0xff, 0xfc, 0xf9, 0x00, 0x07, 0xff,
  0xff, 0xc3, 0xff, 0xff, 0x07, 0xff, 0xf8, 0xf9, 0x00, 0x07, 0x7f, 0xff, 0x83, 0xff, 0xff, 0x07, 0xff, 0xf0, 0xf9, 0x00, 0x07, 0x1f, 0xff, 0x03,
  0xff, 0xff, 0x01, 0xff, 0xc0, 0xf9, 0x00, 0x06, 0x03, 0xfc, 0x03, 0xff, 0xff, 0x00, 0x7e, 0xf6, 0x00, 0x02, 0x01, 0xff, 0xfe, 0xf3, 0x00, 0x01,
  0x3f, 0xf0, 0x81, 0x00, 0x81, 0x00, 0x9a, 0x00, 0x81, 0x00, 0xac, 0x00, 0x00, 0x7f, 0xfe, 0x00, 0x01, 0x03, 0xfe, 0xf8, 0x00, 0x07, 0x07, 0xff,
  0x80, 0x00, 0x00, 0x0f, 0xff, 0x80, 0xf9, 0x00, 0x07, 0x0f, 0xff, 0xc0, 0x00, 0x00, 0x1f, 0xff, 0xc0, 0xf9, 0x00, 0x07, 0x1f, 0xff, 0xe0, 0x00,
  0x00, 0x1f, 0xff, 0xe0, 0xf9, 0x00, 0x07, 0x3f, 0xff, 0xf0, 0x00, 0x00, 0x3f, 0xff, 0xf0, 0xf9, 0x00, 0x07, 0x3f, 0xff, 0xf0, 0x00, 0x00, 0x3f,
  0xff, 0xf0, 0xf9, 0x00, 0x07, 0x7f, 0xff, 0xf0, 0x00, 0x00, 0x3f, 0xff, 0xf8, 0xf9, 0x00, 0x07, 0x7f, 0xff, 0xf0, 0x00, 0x00, 0x3f, 0xff, 0xf8,
  0xf9, 0x00, 0x07, 0x7f, 0xff, 0xf0, 0x00, 0x00, 0x3f, 0xff, 0xf8, 0xf9, 0x00, 0x07, 0x7f, 0xff, 0xf0, 0x00, 0x00, 0x3f, 0xff, 0xf8, 0xf9, 0x00,
  0x07, 0x7f, 0xff, 0xf0, 0x00, 0x00, 0x3f, 0xff, 0xf8, 0xf9, 0x00, 0x07, 0x7f, 0xff, 0xf0, 0x00, 0x00, 0x3f, 0xff, 0xf8, 0xf9, 0x00, 0x07, 0x7f,
  0xff, 0xf0, 0x00, 0x00, 0x3f, 0xff, 0xf8, 0xf9, 0x00, 0x07, 0x7f, 0xff, 0xf0, 0x00, 0x00, 0x3f, 0xff, 0xf8, 0xf9, 0x00, 0x07, 0x7f, 0xff, 0xf0,
  0x00, 0x00, 0x1f, 0xff, 0xf8, 0xf9, 0x00, 0x07, 0x7f, 0xff, 0xf0, 0x00, 0x00, 0x1f, 0xff, 0xf8, 0xf9, 0x00, 0x07, 0x7f, 0xff, 0xe0, 0x00, 0x00,
  0x1f, 0xff, 0xf8, 0xf9, 0x00, 0x07, 0x7f, 0xff, 0xe0, 0x00, 0x00, 0x1f, 0xff, 0xf8, 0xf9, 0x00, 0x07, 0x7f, 0xff, 0xe0, 0x00, 0x00, 0x1f, 0xff,
  0xf8, 0xf9, 0x00, 0x07, 0x7f, 0xff, 0xe0, 0x00, 0x00, 0x1f, 0xff, 0xf8, 0xf9, 0x00, 0x07, 0x7f, 0xff, 0xe0, 0x00, 0x00, 0x1f, 0xff, 0xf8, 0xf9,
  0x00, 0x07, 0x7f, 0xff, 0xe0, 0x00, 0x00, 0x1f, 0xff, 0xf8, 0xf9, 0x00, 0x07, 0x3f, 0xff, 0xe0, 0x00, 0x00, 0x0f, 0xff, 0xf0, 0xf9, 0x00, 0x07,
  0x3f, 0xff, 0xc0, 0x3f, 0xf8, 0x0f, 0xff, 0xf0, 0xf9, 0x00, 0x07, 0x1f, 0xff, 0xc1, 0xff, 0xfe, 0x07, 0xff, 0xe0, 0xf9, 0x00, 0x07, 0x0f, 0xff,
  0x81, 0xff, 0xff, 0x03, 0xff, 0xc0, 0xf9, 0x00, 0x06, 0x07, 0xfe, 0x01, 0xff, 0xff, 0x00, 0xfe, 0xf6, 0x00, 0x02, 0x01, 0xff, 0xfe, 0x81, 0x00,
  0x81, 0x00, 0x8a, 0x00, 0x81, 0x00, 0x81, 0x00, 0xfc, 0x00, 0x05, 0x1f, 0x80, 0x00, 0x00, 0x07, 0xf8, 0xf7, 0x00, 0x05, 0xff, 0xe0, 0x00, 0x00,
  0x1f, 0xfe, 0xf8, 0x00, 0x06, 0x03, 0xff, 0xf0, 0x00, 0x00, 0x3f, 0xff, 0xf8, 0x00, 0x07, 0x03, 0xff, 0xf8, 0x00, 0x00, 0x7f, 0xff, 0x80, 0xf9,
  0x00, 0x07, 0x07, 0xff, 0xf8, 0x00, 0x00, 0x7f, 0xff, 0x80, 0xf9, 0x00, 0x07, 0x0f, 0xff, 0xfc, 0x00, 0x00, 0x7f, 0xff, 0xc0, 0xf9, 0x00, 0x07,
  0x0f, 0xff, 0xfc, 0x00, 0x00, 0x7f, 0xff, 0xc0, 0xf9, 0x00, 0x07, 0x0f, 0xff, 0xfc, 0x00, 0x00, 0x7f, 0xff, 0xe0, 0xf9, 0x00, 0x07, 0x1f, 0xff,
  0xfc, 0x00, 0x00, 0x7f, 0xff, 0xe0, 0xf9, 0x00, 0x07, 0x1f, 0xff, 0xf8, 0x00, 0x00, 0x7f, 0xff, 0xe0, 0xf9, 0x00, 0x07, 0x1f, 0xff, 0xf8, 0x00,
  0x00, 0x7f, 0xff, 0xe0, 0xf9, 0x00, 0x07, 0x1f, 0xff, 0xf8, 0x00, 0x00, 0x7f, 0xff, 0xe0, 0xf9, 0x00, 0x07, 0x1f, 0xff, 0xf8, 0x00, 0x00, 0x7f,
  0xff, 0xe0, 0xf9, 0x00, 0x07, 0x1f, 0xff, 0xf8, 0x00, 0x00, 0x7f, 0xff, 0xe0, 0xf9, 0x00, 0x07, 0x1f, 0xff, 0xf8, 0x00, 0x00, 0x3f, 0xff, 0xe0,
  0xf9, 0x00, 0x07, 0x1f, 0xff, 0xf8, 0x00, 0x00, 0x3f, 0xff, 0xe0, 0xf9, 0x00, 0x07, 0x1f, 0xff, 0xf8, 0x00, 0x00, 0x3f, 0xff, 0xe0, 0xf9, 0x00,
  0x07, 0x1f, 0xff, 0xf0, 0x00, 0x00, 0x3f, 0xff, 0xe0, 0xf9, 0x00, 0x07, 0x0f, 0xff, 0xf0, 0x00, 0x00, 0x3f, 0xff, 0xe0, 0xf9, 0x00, 0x07, 0x0f,
  0xff, 0xf0, 0x00, 0x00, 0x3f, 0xff, 0xe0, 0xf9, 0x00, 0x07, 0x0f, 0xff, 0xf0, 0x03, 0xc0, 0x1f, 0xff, 0xc0, 0xf9, 0x00, 0x07, 0x07, 0xff, 0xe0,
  0x3f, 0xf8, 0x1f, 0xff, 0xc0, 0xf9, 0x00, 0x06, 0x07, 0xff, 0xc0, 0x7f, 0xfc, 0x0f, 0xff, 0xf8, 0x00, 0x06, 0x03, 0xff, 0x80, 0xff, 0xfc, 0x07,
  0xfc, 0xf7, 0x00, 0x03, 0x38, 0x00, 0x7f, 0xfc, 0x81, 0x00, 0x81, 0x00, 0x8a, 0x00, 0x81, 0x00, 0x81, 0x00, 0xec, 0x00, 0x05, 0x1f, 0x80, 0x00,
  0x00, 0x0f, 0xf8, 0xf7, 0x00, 0x05, 0x7f, 0xe0, 0x00, 0x00, 0x3f, 0xfc, 0xf8, 0x00, 0x06, 0x01, 0xff, 0xf8, 0x00, 0x00, 0x7f, 0xfe, 0xf8, 0x00,
  0x06, 0x03, 0xff, 0xf8, 0x00, 0x00, 0x7f, 0xff, 0xf8, 0x00, 0x07, 0x07, 0xff, 0xfc, 0x00, 0x00, 0x7f, 0xff, 0x80, 0xf9, 0x00, 0x07, 0x07, 0xff,
  0xfc, 0x00, 0x00, 0x7f, 0xff, 0x80, 0xf9, 0x00, 0x07, 0x07, 0xff, 0xfc, 0x00, 0x00, 0x7f, 0xff, 0xc0, 0xf9, 0x00, 0x07, 0x0f, 0xff, 0xfc, 0x00,
  0x00, 0x7f, 0xff, 0xc0, 0xf9, 0x00, 0x07, 0x0f, 0xff, 0xfc, 0x00, 0x00, 0x7f, 0xff, 0xc0, 0xf9, 0x00, 0x07, 0x0f, 0xff, 0xfc, 0x00, 0x00, 0x7f,
  0xff, 0xc0, 0xf9, 0x00, 0x07, 0x0f, 0xff, 0xfc, 0x00, 0x00, 0x7f, 0xff, 0xc0, 0xf9, 0x00, 0x07, 0x0f, 0xff, 0xfc, 0x00, 0x00, 0x7f, 0xff, 0xc0,
  0xf9, 0x00, 0x07, 0x0f, 0xff, 0xf8, 0x00, 0x00, 0x7f, 0xff, 0xc0, 0xf9, 0x00, 0x07, 0x0f, 0xff, 0xf8, 0x00, 0x00, 0x7f, 0xff, 0xc0, 0xf9, 0x00,
  0x07, 0x0f, 0xff, 0xf8, 0x00, 0x00, 0x7f, 0xff, 0xc0, 0xf9, 0x00, 0x07, 0x0f, 0xff, 0xf8, 0x00, 0x00, 0x7f, 0xff, 0xc0, 0xf9, 0x00, 0x07, 0x0f,
  0xff, 0xf8, 0x00, 0x00, 0x7f, 0xff, 0xc0, 0xf9, 0x00, 0x07, 0x0f, 0xff, 0xf8, 0x00, 0x00, 0x7f, 0xff, 0xc0, 0xf9, 0x00, 0x07, 0x0f, 0xff, 0xf8,
  0x00, 0x00, 0x3f, 0xff, 0xc0, 0xf9, 0x00, 0x07, 0x0f, 0xff, 0xf0, 0x00, 0x00, 0x3f, 0xff, 0xc0, 0xf9, 0x00, 0x07, 0x07, 0xff, 0xf0, 0x0f, 0xe0,
  0x1f, 0xff, 0x80, 0xf9, 0x00, 0x06, 0x03, 0xff, 0xe0, 0x3f, 0xf0, 0x0f, 0xff, 0xf8, 0x00, 0x06, 0x01, 0xff, 0xc0, 0x3f, 0xf8, 0x07, 0xfe, 0xf7,
  0x00, 0x03, 0x3e, 0x00, 0x3f, 0xf8, 0xf3, 0x00, 0x01, 0x3f, 0xf8, 0xf3, 0x00, 0x01, 0x3f, 0xf0, 0x81, 0x00, 0x81, 0x00, 0xaa, 0x00, 0x81, 0x00,
  0x81, 0x00, 0xec, 0x00, 0x05, 0x3f, 0xc0, 0x00, 0x00, 0x0f, 0xf8, 0xf7, 0x00, 0x05, 0xff, 0xf0, 0x00, 0x00, 0x3f, 0xfe, 0xf8, 0x00, 0x06, 0x01,
  0xff, 0xf8, 0x00, 0x00, 0x7f, 0xff, 0xf8, 0x00, 0x06, 0x03, 0xff, 0xf8, 0x00, 0x00, 0x7f, 0xff, 0xf8, 0x00, 0x07, 0x07, 0xff, 0xfc, 0x00, 0x00,
  0xff, 0xff, 0x80, 0xf9, 0x00, 0x07, 0x07, 0xff, 0xfc, 0x00, 0x00, 0xff, 0xff, 0x80, 0xf9, 0x00, 0x07, 0x0f, 0xff, 0xfc, 0x00, 0x00, 0xff, 0xff,
  0xc0, 0xf9, 0x00, 0x07, 0x0f, 0xff, 0xfc, 0x00, 0x00, 0xff, 0xff, 0xc0, 0xf9, 0x00, 0x07, 0x0f, 0xff, 0xfc, 0x00, 0x00, 0x7f, 0xff, 0xc0, 0xf9,
  0x00, 0x07, 0x0f, 0xff, 0xfc, 0x00, 0x00, 0x7f, 0xff, 0xc0, 0xf9, 0x00, 0x07, 0x0f, 0xff, 0xfc, 0x00, 0x00, 0x7f, 0xff, 0xc0, 0xf9, 0x00, 0x07,
  0x0f, 0xff, 0xfc, 0x00, 0x00, 0x7f, 0xff, 0xc0, 0xf9, 0x00, 0x07, 0x0f, 0xff, 0xfc, 0x00, 0x00, 0x7f, 0xff, 0xc0, 0xf9, 0x00, 0x07, 0x0f, 0xff,
  0xf8, 0x00, 0x00, 0x7f, 0xff, 0xc0, 0xf9, 0x00, 0x07, 0x0f, 0xff, 0xf8, 0x00, 0x00, 0x7f, 0xff, 0xc0, 0xf9, 0x00, 0x07, 0x0f, 0xff, 0xf8, 0x00,
  0x00, 0x7f, 0xff, 0xc0, 0xf9, 0x00, 0x07, 0x0f, 0xff, 0xf8, 0x00, 0x00, 0x7f, 0xff, 0xc0, 0xf9, 0x00, 0x07, 0x0f, 0xff, 0xf8, 0x00, 0x00, 0x7f,
  0xff, 0xc0, 0xf9, 0x00, 0x07, 0x0f, 0xff, 0xf8, 0x00, 0x00, 0x3f, 0xff, 0xc0, 0xf9, 0x00, 0x07, 0x0f, 0xff, 0xf0, 0x03, 0x00, 0x3f, 0xff, 0xc0,
  0xf9, 0x00, 0x07, 0x07, 0xff, 0xf0, 0x1f, 0xe0, 0x1f, 0xff, 0x80, 0xf9, 0x00, 0x06, 0x03, 0xff, 0xe0, 0x3f, 0xf0, 0x1f, 0xff, 0xf8, 0x00, 0x06,
  0x01, 0xff, 0xc0, 0x3f, 0xf8, 0x07, 0xfe, 0xf7, 0x00, 0x03, 0x3e, 0x00, 0x3f, 0xf8, 0xf3, 0x00, 0x01, 0x3f, 0xf8, 0xf3, 0x00, 0x01, 0x3f, 0xf0,
  0x81, 0x00, 0x81, 0x00, 0xaa, 0x00, 0x81, 0x00, 0x81, 0x00, 0xec, 0x00, 0x00, 0x07, 0xfe, 0x00, 0x01, 0x07, 0xe0, 0xf7, 0x00, 0x05, 0x7f, 0xe0,
  0x00, 0x00, 0x3f, 0xfc, 0xf8, 0x00, 0x06, 0x01, 0xff, 0xf0, 0x00, 0x00, 0x7f, 0xfe, 0xf8, 0x00, 0x06, 0x03, 0xff, 0xf8, 0x00, 0x00, 0x7f, 0xff,
  0xf8, 0x00, 0x07, 0x03, 0xff, 0xfc, 0x00, 0x00, 0xff, 0xff, 0x80, 0xf9, 0x00, 0x07, 0x07, 0xff, 0xfc, 0x00, 0x00, 0xff, 0xff, 0x80, 0xf9, 0x00,
  0x07, 0x07, 0xff, 0xfc, 0x00, 0x00, 0xff, 0xff, 0xc0, 0xf9, 0x00, 0x07, 0x07, 0xff, 0xfc, 0x00, 0x00, 0xff, 0xff, 0xc0, 0xf9, 0x00, 0x07, 0x0f,
  0xff, 0xfc, 0x00, 0x00, 0xff, 0xff, 0xc0, 0xf9, 0x00, 0x07, 0x0f, 0xff, 0xfc, 0x00, 0x00, 0x7f, 0xff, 0xc0, 0xf9, 0x00, 0x07, 0x0f, 0xff, 0xfc,
  0x00, 0x00, 0x7f, 0xff, 0xc0, 0xf9, 0x00, 0x07, 0x0f, 0xff, 0xfc, 0x00, 0x00, 0x7f, 0xff, 0xc0, 0xf9, 0x00, 0x07, 0x0f, 0xff, 0xfc, 0x00, 0x00,
  0x7f, 0xff, 0xc0, 0xf9, 0x00, 0x07, 0x0f, 0xff, 0xf8, 0x00, 0x00, 0x7f, 0xff, 0xc0, 0xf9, 0x00, 0x07, 0x0f, 0xff, 0xf8, 0x00, 0x00, 0x7f, 0xff,
  0xc0, 0xf9, 0x00, 0x07, 0x0f, 0xff, 0xf8, 0x00, 0x00, 0x7f, 0xff, 0xc0, 0xf9, 0x00, 0x07, 0x0f, 0xff, 0xf8, 0x00, 0x00, 0x7f, 0xff, 0xc0, 0xf9,
  0x00, 0x07, 0x0f, 0xff, 0xf8, 0x00, 0x00, 0x7f, 0xff, 0xc0, 0xf9, 0x00, 0x07, 0x0f, 0xff, 0xf8, 0x00, 0x00, 0x3f, 0xff, 0xc0, 0xf9, 0x00, 0x07,
  0x07, 0xff, 0xf0, 0x02, 0x00, 0x3f, 0xff, 0xc0, 0xf9, 0x00, 0x07, 0x07, 0xff, 0xf0, 0x0f, 0xe0, 0x3f, 0xff, 0x80, 0xf9, 0x00, 0x06, 0x03, 0xff,
  0xe0, 0x1f, 0xf0, 0x1f, 0xff, 0xf8, 0x00, 0x06, 0x01, 0xff, 0xc0, 0x3f, 0xf8, 0x0f, 0xfe, 0xf7, 0x00, 0x05, 0x3f, 0x00, 0x3f, 0xf8, 0x00, 0x80,
  0xf5, 0x00, 0x01, 0x3f, 0xf8, 0xf3, 0x00, 0x01, 0x3f, 0xf0, 0xf3, 0x00, 0x01, 0x1f, 0xe0, 0xf3, 0x00, 0x01, 0x07, 0x80, 0x81, 0x00, 0x81, 0x00,
  0xca, 0x00,
};
