// laugh.gif: 75 frames, 15 fps, 128x64 1-bit
// Each frame: 1024 bytes (16 per row, MSB = left pixel), PackBits-compressed.
#pragma once

#define ANIM_LAUGH_FRAMES 75
#define ANIM_LAUGH_FPS 15

const uint8_t anim_laugh[] PROGMEM = {
  0x81, 0x00, 0x81, 0x00, 0x89, 0x00, 0x00, 0x30, 0xf2, 0x00, 0x00, 0x78, 0xf2, 0x00, 0x00, 0xf8, 0xf2, 0x00, 0x00, 0xf8, 0xf2, 0x00, 0x00, 0xf8,
  0xf2, 0x00, 0x00, 0xf8, 0xf2, 0x00, 0x00, 0xf8, 0xf2, 0x00, 0x00, 0x30, 0xee, 0x00, 0x01, 0x0f, 0x80, 0xf4, 0x00, 0x02, 0x0f, 0xff, 0xc0, 0xf6,
  0x00, 0x00, 0x7f, 0xfe, 0xff, 0x00, 0xc0, 0xf7, 0x00, 0x00, 0x01, 0xfd, 0xff, 0x00, 0xc0, 0xf7, 0x00, 0x00, 0x01, 0xfd, 0xff, 0x00, 0xc0, 0xfd,
  0x00, 0x06, 0x0f, 0xfe, 0x00, 0x01, 0xe0, 0x00, 0x01, 0xfd, 0xff, 0x00, 0xc0, 0xfd, 0x00, 0x00, 0x1f, 0xfe, 0xff, 0x02, 0xf8, 0x00, 0x01, 0xfd,
  0xff, 0x00, 0x80, 0xfd, 0x00, 0x00, 0x0f, 0xfe, 0xff, 0x02, 0xf8, 0x00, 0x01, 0xfd, 0xff, 0xfc, 0x00, 0x00, 0x0f, 0xfe, 0xff, 0x02, 0xf0, 0x00,
  0x00, 0xfe, 0xff, 0x00, 0xfc, 0xfc, 0x00, 0x00, 0x07, 0xfe, 0xff, 0x06, 0xe0, 0x00, 0x00, 0x1f, 0xff, 0xff, 0xf0, 0xfb, 0x00, 0xfe, 0xff, 0x05,
  0xc0, 0x00, 0x00, 0x07, 0xff, 0xff, 0xfa, 0x00, 0x02, 0x1f, 0xff, 0xfe, 0xfd, 0x00, 0x01, 0x3f, 0xf0, 0xfa, 0x00, 0x02, 0x07, 0xff, 0xe0, 0x81,
  0x00, 0x81, 0x00, 0xb7, 0x00, 0x81, 0x00, 0x81, 0x00, 0x81, 0x00, 0xf9, 0x00, 0x00, 0x38, 0xf2, 0x00, 0x00, 0x7c, 0xf2, 0x00, 0x00, 0x7c, 0xf2,
  0x00, 0x00, 0xfc, 0xf2, 0x00, 0x00, 0x7c, 0xf2, 0x00, 0x00, 0x7c, 0xf2, 0x00, 0x00, 0x7c, 0xae, 0x00, 0x01, 0xff, 0x80, 0xfd, 0x00, 0x01, 0x03,
  0x80, 0xfc, 0x00, 0x04, 0xff, 0xf2, 0xff, 0xff, 0x80, 0xfd, 0x00, 0x06, 0x07, 0xff, 0xfe, 0x7f, 0xf0, 0x00, 0x00, 0xfd, 0xff, 0x00, 0x80, 0xfd,
  0x00, 0x00, 0x0f, 0xfe, 0xff, 0x02, 0xf0, 0x00, 0x00, 0xfd, 0xff, 0xfc, 0x00, 0x00, 0x0f, 0xfe, 0xff, 0x02, 0xf0, 0x00, 0x00, 0xfe, 0xff, 0x00,
  0xfe, 0xfc, 0x00, 0x00, 0x07, 0xfe, 0xff, 0x06, 0xe0, 0x00, 0x00, 0x7f, 0xff, 0xff, 0xfc, 0xfc, 0x00, 0x00, 0x01, 0xfe, 0xff, 0x06, 0xc0, 0x00,
  0x00, 0x1f, 0xff, 0xff, 0xe0, 0xfb, 0x00, 0x02, 0x3f, 0xff, 0xfe, 0xfe, 0x00, 0x03, 0x03, 0xff, 0xff, 0x80, 0xfb, 0x00, 0x02, 0x07, 0xff, 0xf8,
  0xfd, 0x00, 0x01, 0x1f, 0xf0, 0x81, 0x00, 0x81, 0x00, 0xbd, 0x00, 0x81, 0x00, 0x81, 0x00, 0x81, 0x00, 0xd9, 0x00, 0x00, 0x1e, 0xf2, 0x00, 0x00,
  0x3f, 0xf2, 0x00, 0x01, 0x3f, 0x80, 0xf3, 0x00, 0x01, 0x3f, 0x80, 0xf3, 0x00, 0x01, 0x3f, 0xc0, 0xf3, 0x00, 0x01, 0x3f, 0xc0, 0xf3, 0x00, 0x01,
  0x1f, 0xc0, 0xf3, 0x00, 0x01, 0x1f, 0x80, 0xf3, 0x00, 0x01, 0x1f, 0x80, 0xf3, 0x00, 0x01, 0x1f, 0x80, 0xf3, 0x00, 0x04, 0x0f, 0x20, 0x00, 0x01,
  0xff, 0xfc, 0x00, 0x07, 0x07, 0xff, 0x00, 0x0f, 0xe0, 0x00, 0x00, 0x7f, 0xfe, 0xff, 0xfc, 0x00, 0x00, 0x0f, 0xfe, 0xff, 0x02, 0xf0, 0x00, 0x00,
  0xfd, 0xff, 0xfc, 0x00, 0x00, 0x07, 0xfe, 0xff, 0x03, 0xf0, 0x00, 0x00, 0x7f, 0xfe, 0xff, 0xfc, 0x00, 0x00, 0x07, 0xfe, 0xff, 0x06, 0xe0, 0x00,
  0x00, 0x7f, 0xff, 0xff, 0xfc, 0xfc, 0x00, 0x00, 0x01, 0xfe, 0xff, 0x06, 0xc0, 0x00, 0x00, 0x1f, 0xff, 0xff, 0xf0, 0xfb, 0x00, 0x02, 0x3f, 0xff,
  0xff, 0xfe, 0x00, 0x03, 0x03, 0xff, 0xff, 0x80, 0xfb, 0x00, 0x02, 0x07, 0xff, 0xf8, 0xfd, 0x00, 0x01, 0x7f, 0xfc, 0x81, 0x00, 0x81, 0x00, 0xbd,
  0x00, 0x81, 0x00, 0x81, 0x00, 0x81, 0x00, 0xa9, 0x00, 0x00, 0x0e, 0xf2, 0x00, 0x00, 0x0f, 0xf2, 0x00, 0x00, 0x0f, 0xf2, 0x00, 0x01, 0x0f, 0x80,
  0xf3, 0x00, 0x01, 0x0f, 0x80, 0xf3, 0x00, 0x01, 0x0f, 0x80, 0xf5, 0x00, 0x03, 0x07, 0x00, 0x0f, 0x80, 0xf5, 0x00, 0x06, 0x0f, 0x80, 0x7f, 0x80,
  0x00, 0x00, 0xfe, 0xfc, 0x00, 0x05, 0x07, 0xff, 0x00, 0x07, 0xef, 0xe0, 0xfc, 0xff, 0xfc, 0x00, 0x00, 0x0f, 0xf7, 0xff, 0xfc, 0x00, 0x00, 0x07,
  0xfe, 0xff, 0x00, 0xf7, 0xfb, 0xff, 0xfc, 0x00, 0x00, 0x07, 0xfe, 0xff, 0x06, 0xe3, 0xff, 0xfe, 0x7f, 0xff, 0xff, 0xfc, 0xfc, 0x00, 0x00, 0x01,
  0xfe, 0xff, 0x06, 0xc1, 0xff, 0xfc, 0x1f, 0xff, 0xff, 0xf0, 0xfb, 0x00, 0x09, 0x3f, 0xff, 0xff, 0x00, 0xff, 0xf8, 0x07, 0xff, 0xff, 0x80, 0xfb,
  0x00, 0x08, 0x07, 0xff, 0xf8, 0x00, 0x3f, 0xf0, 0x00, 0x7f, 0xfc, 0xf6, 0x00, 0x01, 0x0f, 0xc0, 0x81, 0x00, 0x81, 0x00, 0xca, 0x00, 0x81, 0x00,
  0x81, 0x00, 0x81, 0x00, 0x81, 0x00, 0xcb, 0x00, 0x00, 0x07, 0xf2, 0x00, 0x02, 0x0f, 0xc0, 0x78, 0xfe, 0x00, 0x00, 0xfe, 0xfc, 0x00, 0x07, 0x07,
  0xff, 0x00, 0x07, 0xef, 0xe1, 0xf8, 0x7f, 0xfe, 0xff, 0xfc, 0x00, 0x00, 0x0f, 0xfc, 0xff, 0x01, 0xfc, 0x7f, 0xfe, 0xff, 0xfc, 0x00, 0x00, 0x07,
  0xfe, 0xff, 0x03, 0xf7, 0xff, 0xf8, 0x7f, 0xfe, 0xff, 0xfc, 0x00, 0x00, 0x07, 0xfe, 0xff, 0x06, 0xe7, 0xff, 0xf8, 0x7f, 0xff, 0xff, 0xfc, 0xfc,
  0x00, 0x00, 0x01, 0xfe, 0xff, 0x06, 0xc1, 0xff, 0xf0, 0x1f, 0xff, 0xff, 0xf0, 0xfb, 0x00, 0x09, 0x3f, 0xff, 0xff, 0x00, 0xff, 0xe0, 0x07, 0xff,
  0xff, 0x80, 0xfb, 0x00, 0x08, 0x07, 0xff, 0xf8, 0x00, 0x3f, 0x80, 0x00, 0x7f, 0xfc, 0x81, 0x00, 0x81, 0x00, 0xbd, 0x00, 0x81, 0x00, 0xdd, 0x00,
  0x01, 0xff, 0xf0, 0xf4, 0x00, 0x02, 0x01, 0xff, 0xf8, 0xf4, 0x00, 0x02, 0x03, 0xff, 0xfc, 0xf4, 0x00, 0x02, 0x07, 0xff, 0xfe, 0xf4, 0x00, 0x02,
  0x07, 0xff, 0xfe, 0xf4, 0x00, 0x02, 0x0f, 0xff, 0xfe, 0xf4, 0x00, 0x02, 0x0f, 0xff, 0xfe, 0xf4, 0x00, 0x02, 0x0f, 0xff, 0xfe, 0xf4, 0x00, 0x02,
  0x0f, 0xff, 0xfe, 0xf4, 0x00, 0x02, 0x1f, 0xff, 0xfe, 0xf4, 0x00, 0x02, 0x1f, 0xff, 0xfe, 0xf4, 0x00, 0x02, 0x1f, 0xff, 0xfe, 0xf4, 0x00, 0x02,
  0x1f, 0xff, 0xfe, 0xf4, 0x00, 0x02, 0x1f, 0xff, 0xfe, 0xf4, 0x00, 0x02, 0x1f, 0xff, 0xfe, 0xf4, 0x00, 0x02, 0x1f, 0xff, 0xfe, 0xf4, 0x00, 0x02,
  0x1f, 0xff, 0xfe, 0xf4, 0x00, 0x02, 0x1f, 0xff, 0xfe, 0xf4, 0x00, 0x02, 0x1f, 0xff, 0xfe, 0xf4, 0x00, 0x02, 0x1f, 0xff, 0xfe, 0xfd, 0x00, 0x02,
  0xff, 0xff, 0xc0, 0xfb, 0x00, 0x02, 0x1f, 0xff, 0xfe, 0xfe, 0x00, 0x03, 0x07, 0xff, 0xff, 0xf0, 0xfb, 0x00, 0x02, 0x0f, 0xff, 0xfe, 0xfe, 0x00,
  0x03, 0x3f, 0xff, 0xff, 0xf8, 0xfb, 0x00, 0x02, 0x0f, 0xff, 0xfe, 0xfe, 0x00, 0x03, 0x3f, 0xff, 0xff, 0xfc, 0xfb, 0x00, 0x02, 0x0f, 0xff, 0xfe,
  0xfe, 0x00, 0x03, 0x7f, 0xff, 0xff, 0xfc, 0xfb, 0x00, 0x02, 0x0f, 0xff, 0xfe, 0xfe, 0x00, 0x03, 0x7f, 0xff, 0xff, 0xf8, 0xfb, 0x00, 0x09, 0x07,
  0xff, 0xfe, 0x07, 0x00, 0x00, 0x7f, 0xff, 0xff, 0xf8, 0xfb, 0x00, 0x09, 0x07, 0xff, 0xfc, 0x0f, 0xc0, 0x38, 0x7f, 0xff, 0xff, 0xf8, 0xfb, 0x00,
  0x09, 0x07, 0xff, 0xfc, 0x07, 0xf8, 0xfc, 0x3f, 0xff, 0xff, 0xf0, 0xfb, 0x00, 0x09, 0x03, 0xff, 0xf8, 0x07, 0xff, 0xfc, 0x3f, 0xff, 0xff, 0xe0,
  0xfb, 0x00, 0x09, 0x01, 0xff, 0xf0, 0x07, 0xff, 0xfc, 0x1f, 0xff, 0xff, 0xc0, 0xfa, 0x00, 0x08, 0x1f, 0x00, 0x03, 0xff, 0xfc, 0x07, 0xff, 0xff,
  0x80, 0xf8, 0x00, 0x05, 0x01, 0xff, 0xf8, 0x01, 0xff, 0xfc, 0xf6, 0x00, 0x04, 0xff, 0xe0, 0x00, 0x1f, 0xe0, 0xf6, 0x00, 0x01, 0x1f, 0x80, 0x81,
  0x00, 0x81, 0x00, 0xba, 0x00, 0x81, 0x00, 0xed, 0x00, 0x00, 0x07, 0xfc, 0x00, 0x01, 0x7f, 0xe0, 0xf9, 0x00, 0x01, 0xff, 0xf0, 0xfe, 0x00, 0x02,
  0x01, 0xff, 0xf8, 0xfa, 0x00, 0x02, 0x03, 0xff, 0xf8, 0xfe, 0x00, 0x02, 0x03, 0xff, 0xfc, 0xfa, 0x00, 0x02, 0x03, 0xff, 0xfc, 0xfe, 0x00, 0x02,
  0x07, 0xff, 0xfe, 0xfa, 0x00, 0x02, 0x07, 0xff, 0xfe, 0xfe, 0x00, 0x02, 0x07, 0xff, 0xfe, 0xfa, 0x00, 0x02, 0x07, 0xff, 0xfe, 0xfe, 0x00, 0x02,
  0x07, 0xff, 0xff, 0xfa, 0x00, 0x02, 0x0f, 0xff, 0xfe, 0xfe, 0x00, 0x02, 0x0f, 0xff, 0xff, 0xfa, 0x00, 0x02, 0x0f, 0xff, 0xfe, 0xfe, 0x00, 0x02,
  0x0f, 0xff, 0xff, 0xfa, 0x00, 0x02, 0x0f, 0xff, 0xfe, 0xfe, 0x00, 0x02, 0x0f, 0xff, 0xff, 0xfa, 0x00, 0x02, 0x1f, 0xff, 0xfe, 0xfe, 0x00, 0x03,
  0x0f, 0xff, 0xff, 0x80, 0xfb, 0x00, 0x02, 0x1f, 0xff, 0xfe, 0xfe, 0x00, 0x03, 0x07, 0xff, 0xff, 0x80, 0xfb, 0x00, 0x02, 0x1f, 0xff, 0xfe, 0xfe,
  0x00, 0x03, 0x07, 0xff, 0xff, 0x80, 0xfb, 0x00, 0x02, 0x1f, 0xff, 0xfe, 0xfe, 0x00, 0x03, 0x07, 0xff, 0xff, 0x80, 0xfb, 0x00, 0x02, 0x1f, 0xff,
  0xfe, 0xfe, 0x00, 0x03, 0x07, 0xff, 0xff, 0x80, 0xfb, 0x00, 0x02, 0x1f, 0xff, 0xfe, 0xfe, 0x00, 0x03, 0x07, 0xff, 0xff, 0x80, 0xfb, 0x00, 0x02,
  0x1f, 0xff, 0xfe, 0xfe, 0x00, 0x03, 0x07, 0xff, 0xff, 0x80, 0xfb, 0x00, 0x02, 0x1f, 0xff, 0xfe, 0xfe, 0x00, 0x03, 0x07, 0xff, 0xff, 0x80, 0xfb,
  0x00, 0x02, 0x1f, 0xff, 0xfe, 0xfe, 0x00, 0x03, 0x07, 0xff, 0xff, 0x80, 0xfb, 0x00, 0x02, 0x1f, 0xff, 0xfe, 0xfe, 0x00, 0x03, 0x07, 0xff, 0xff,
  0x80, 0xfb, 0x00, 0x02, 0x1f, 0xff, 0xfe, 0xfe, 0x00, 0x03, 0x07, 0xff, 0xff, 0x80, 0xfb, 0x00, 0x02, 0x1f, 0xff, 0xfe, 0xfe, 0x00, 0x03, 0x07,
  0xff, 0xff, 0x80, 0xfb, 0x00, 0x02, 0x1f, 0xff, 0xfe, 0xfe, 0x00, 0x03, 0x07, 0xff, 0xff, 0x80, 0xfb, 0x00, 0x02, 0x0f, 0xff, 0xfe, 0xfe, 0x00,
  0x02, 0x07, 0xff, 0xff, 0xfa, 0x00, 0x02, 0x0f, 0xff, 0xfe, 0xfe, 0x00, 0x02, 0x07, 0xff, 0xff, 0xfa, 0x00, 0x02, 0x0f, 0xff, 0xfe, 0xfe, 0x00,
  0x02, 0x07, 0xff, 0xff, 0xfa, 0x00, 0x02, 0x0f, 0xff, 0xfe, 0xfe, 0x00, 0x02, 0x03, 0xff, 0xff, 0xfa, 0x00, 0x08, 0x07, 0xff, 0xfe, 0x07, 0x00,
  0x00, 0x03, 0xff, 0xfe, 0xfa, 0x00, 0x08, 0x07, 0xff, 0xfc, 0x0f, 0xc0, 0x3c, 0x03, 0xff, 0xfe, 0xfa, 0x00, 0x08, 0x03, 0xff, 0xfc, 0x07, 0xf9,
  0xfe, 0x01, 0xff, 0xfc, 0xfa, 0x00, 0x08, 0x01, 0xff, 0xf8, 0x07, 0xff, 0xfe, 0x00, 0xff, 0xf8, 0xfa, 0x00, 0x08, 0x01, 0xff, 0xf0, 0x07, 0xff,
  0xfe, 0x00, 0x7f, 0xf0, 0xf9, 0x00, 0x04, 0x1f, 0x00, 0x03, 0xff, 0xfc, 0xf4, 0x00, 0x02, 0x01, 0xff, 0xf8, 0xf3, 0x00, 0x01, 0xff, 0xe0, 0xf3,
  0x00, 0x01, 0x1f, 0x80, 0x81, 0x00, 0x81, 0x00, 0xba, 0x00, 0x81, 0x00, 0xdd, 0x00, 0x01, 0x1f, 0xc0, 0xfd, 0x00, 0x01, 0x7f, 0xf0, 0xfa, 0x00,
  0x02, 0x01, 0xff, 0xf8, 0xfe, 0x00, 0x02, 0x01, 0xff, 0xfc, 0xfa, 0x00, 0x02, 0x03, 0xff, 0xfc, 0xfe, 0x00, 0x02, 0x03, 0xff, 0xfc, 0xfa, 0x00,
  0x02, 0x07, 0xff, 0xfc, 0xfe, 0x00, 0x02, 0x07, 0xff, 0xfe, 0xfa, 0x00, 0x02, 0x07, 0xff, 0xfe, 0xfe, 0x00, 0x02, 0x07, 0xff, 0xff, 0xfa, 0x00,
  0x02, 0x0f, 0xff, 0xfe, 0xfe, 0x00, 0x02, 0x07, 0xff, 0xff, 0xfa, 0x00, 0x02, 0x0f, 0xff, 0xfe, 0xfe, 0x00, 0x03, 0x0f, 0xff, 0xff, 0x80, 0xfb,
  0x00, 0x02, 0x1f, 0xff, 0xfe, 0xfe, 0x00, 0x03, 0x0f, 0xff, 0xff, 0x80, 0xfb, 0x00, 0x02, 0x1f, 0xff, 0xfe, 0xfe, 0x00, 0x03, 0x0f, 0xff, 0xff,
  0x80, 0xfb, 0x00, 0x02, 0x1f, 0xff, 0xfe, 0xfe, 0x00, 0x03, 0x0f, 0xff, 0xff, 0x80, 0xfb, 0x00, 0x02, 0x1f, 0xff, 0xfe, 0xfe, 0x00, 0x03, 0x0f,
  0xff, 0xff, 0xc0, 0xfb, 0x00, 0x02, 0x1f, 0xff, 0xfe, 0xfe, 0x00, 0x03, 0x07, 0xff, 0xff, 0xc0, 0xfb, 0x00, 0x02, 0x1f, 0xff, 0xfe, 0xfe, 0x00,
  0x03, 0x07, 0xff, 0xff, 0xc0, 0xfb, 0x00, 0x02, 0x3f, 0xff, 0xfe, 0xfe, 0x00, 0x03, 0x07, 0xff, 0xff, 0xc0, 0xfb, 0x00, 0x02, 0x3f, 0xff, 0xfe,
  0xfe, 0x00, 0x03, 0x07, 0xff, 0xff, 0xc0, 0xfb, 0x00, 0x02, 0x3f, 0xff, 0xfe, 0xfe, 0x00, 0x03, 0x07, 0xff, 0xff, 0xc0, 0xfb, 0x00, 0x02, 0x1f,
  0xff, 0xfe, 0xfe, 0x00, 0x03, 0x07, 0xff, 0xff, 0xc0, 0xfb, 0x00, 0x02, 0x1f, 0xff, 0xfe, 0xfe, 0x00, 0x03, 0x07, 0xff, 0xff, 0xc0, 0xfb, 0x00,
  0x02, 0x1f, 0xff, 0xfe, 0xfe, 0x00, 0x03, 0x07, 0xff, 0xff, 0x80, 0xfb, 0x00, 0x02, 0x1f, 0xff, 0xfe, 0xfe, 0x00, 0x03, 0x07, 0xff, 0xff, 0x80,
  0xfb, 0x00, 0x02, 0x1f, 0xff, 0xfe, 0xfe, 0x00, 0x03, 0x07, 0xff, 0xff, 0x80, 0xfb, 0x00, 0x02, 0x1f, 0xff, 0xfe, 0xfe, 0x00, 0x03, 0x07, 0xff,
  0xff, 0x80, 0xfb, 0x00, 0x02, 0x1f, 0xff, 0xfe, 0xfe, 0x00, 0x03, 0x07, 0xff, 0xff, 0x80, 0xfb, 0x00, 0x02, 0x0f, 0xff, 0xfe, 0xfe, 0x00, 0x02,
  0x07, 0xff, 0xff, 0xfa, 0x00, 0x02, 0x0f, 0xff, 0xfe, 0xfe, 0x00, 0x02, 0x07, 0xff, 0xff, 0xfa, 0x00, 0x08, 0x0f, 0xff, 0xfe, 0x03, 0x00, 0x0c,
  0x07, 0xff, 0xfe, 0xfa, 0x00, 0x08, 0x07, 0xff, 0xfe, 0x07, 0xc0, 0x3e, 0x03, 0xff, 0xfe, 0xfa, 0x00, 0x08, 0x07, 0xff, 0xfc, 0x07, 0xf8, 0xff,
  0x03, 0xff, 0xfc, 0xfa, 0x00, 0x08, 0x01, 0xff, 0xf8, 0x07, 0xff, 0xff, 0x01, 0xff, 0xf8, 0xfa, 0x00, 0x08, 0x01, 0xff, 0xf0, 0x07, 0xff, 0xfe,
  0x00, 0x7f, 0xf0, 0xf9, 0x00, 0x04, 0x3f, 0xc0, 0x03, 0xff, 0xfe, 0xf4, 0x00, 0x02, 0x01, 0xff, 0xf8, 0xf3, 0x00, 0x01, 0x7f, 0xf0, 0xf3, 0x00,
  0x00, 0x04, 0x81, 0x00, 0x81, 0x00, 0xb9, 0x00, 0x81, 0x00, 0xcd, 0x00, 0x01, 0x1f, 0x40, 0xfd, 0x00, 0x01, 0x7f, 0xf0, 0xfa, 0x00, 0x02, 0x01,
  0xff, 0xf0, 0xfe, 0x00, 0x02, 0x01, 0xff, 0xfc, 0xfa, 0x00, 0x02, 0x07, 0xff, 0xf8, 0xfe, 0x00, 0x02, 0x03, 0xff, 0xfe, 0xfa, 0x00, 0x02, 0x07,
  0xff, 0xfc, 0xfe, 0x00, 0x02, 0x03, 0xff, 0xff, 0xfa, 0x00, 0x02, 0x0f, 0xff, 0xfe, 0xfe, 0x00, 0x02, 0x07, 0xff, 0xff, 0xfa, 0x00, 0x02, 0x0f,
  0xff, 0xfe, 0xfe, 0x00, 0x03, 0x07, 0xff, 0xff, 0x80, 0xfb, 0x00, 0x02, 0x1f, 0xff, 0xfe, 0xfe, 0x00, 0x03, 0x07, 0xff, 0xff, 0x80, 0xfb, 0x00,
  0x02, 0x1f, 0xff, 0xfe, 0xfe, 0x00, 0x03, 0x0f, 0xff, 0xff, 0x80, 0xfb, 0x00, 0x02, 0x1f, 0xff, 0xfe, 0xfe, 0x00, 0x03, 0x0f, 0xff, 0xff, 0x80,
  0xfb, 0x00, 0x02, 0x1f, 0xff, 0xfe, 0xfe, 0x00, 0x03, 0x07, 0xff, 0xff, 0xc0, 0xfb, 0x00, 0x02, 0x1f, 0xff, 0xfe, 0xfe, 0x00, 0x03, 0x07, 0xff,
  0xff, 0xc0, 0xfb, 0x00, 0x02, 0x3f, 0xff, 0xfe, 0xfe, 0x00, 0x03, 0x07, 0xff, 0xff, 0xc0, 0xfb, 0x00, 0x02, 0x3f, 0xff, 0xfe, 0xfe, 0x00, 0x03,
  0x07, 0xff, 0xff, 0xc0, 0xfb, 0x00, 0x02, 0x3f, 0xff, 0xfe, 0xfe, 0x00, 0x03, 0x07, 0xff, 0xff, 0xc0, 0xfb, 0x00, 0x02, 0x3f, 0xff, 0xfe, 0xfe,
  0x00, 0x03, 0x07, 0xff, 0xff, 0xc0, 0xfb, 0x00, 0x02, 0x3f, 0xff, 0xfe, 0xfe, 0x00, 0x03, 0x07, 0xff, 0xff, 0xc0, 0xfb, 0x00, 0x02, 0x1f, 0xff,
  0xfe, 0xfe, 0x00, 0x03, 0x07, 0xff, 0xff, 0xc0, 0xfb, 0x00, 0x02, 0x1f, 0xff, 0xfe, 0xfe, 0x00, 0x03, 0x07, 0xff, 0xff, 0xc0, 0xfb, 0x00, 0x02,
  0x1f, 0xff, 0xfe, 0xfe, 0x00, 0x03, 0x07, 0xff, 0xff, 0x80, 0xfb, 0x00, 0x02, 0x1f, 0xff, 0xfe, 0xfe, 0x00, 0x03, 0x07, 0xff, 0xff, 0x80, 0xfb,
  0x00, 0x02, 0x1f, 0xff, 0xfe, 0xfe, 0x00, 0x03, 0x07, 0xff, 0xff, 0x80, 0xfb, 0x00, 0x02, 0x1f, 0xff, 0xfe, 0xfe, 0x00, 0x03, 0x07, 0xff, 0xff,
  0x80, 0xfb, 0x00, 0x02, 0x1f, 0xff, 0xfe, 0xfe, 0x00, 0x02, 0x07, 0xff, 0xff, 0xfa, 0x00, 0x02, 0x0f, 0xff, 0xfe, 0xfe, 0x00, 0x02, 0x07, 0xff,
  0xff, 0xfa, 0x00, 0x08, 0x0f, 0xff, 0xfe, 0x03, 0x00, 0x0c, 0x07, 0xff, 0xff, 0xfa, 0x00, 0x08, 0x07, 0xff, 0xfe, 0x07, 0xc0, 0x3e, 0x03, 0xff,
  0xfe, 0xfa, 0x00, 0x08, 0x07, 0xff, 0xfc, 0x07, 0xf8, 0xff, 0x03, 0xff, 0xfc, 0xfa, 0x00, 0x08, 0x03, 0xff, 0xfc, 0x07, 0xff, 0xfe, 0x01, 0xff,
  0xfc, 0xfa, 0x00, 0x08, 0x01, 0xff, 0xf0, 0x07, 0xff, 0xfe, 0x00, 0x7f, 0xf0, 0xf9, 0x00, 0x04, 0x3f, 0xc0, 0x03, 0xff, 0xfe, 0xf4, 0x00, 0x02,
  0x01, 0xff, 0xf8, 0xf3, 0x00, 0x01, 0x7f, 0xf0, 0xf3, 0x00, 0x00, 0x04, 0x81, 0x00, 0x81, 0x00, 0xb9, 0x00, 0x81, 0x00, 0xcd, 0x00, 0x01, 0x1f,
  0x40, 0xfd, 0x00, 0x01, 0x7f, 0xf0, 0xfa, 0x00, 0x02, 0x01, 0xff, 0xf0, 0xfe, 0x00, 0x02, 0x01, 0xff, 0xfc, 0xfa, 0x00, 0x02, 0x07, 0xff, 0xf8,
  0xfe, 0x00, 0x02, 0x03, 0xff, 0xfe, 0xfa, 0x00, 0x02, 0x07, 0xff, 0xfc, 0xfe, 0x00, 0x02, 0x03, 0xff, 0xff, 0xfa, 0x00, 0x02, 0x0f, 0xff, 0xfe,
  0xfe, 0x00, 0x02, 0x07, 0xff, 0xff, 0xfa, 0x00, 0x02, 0x0f, 0xff, 0xfe, 0xfe, 0x00, 0x03, 0x07, 0xff, 0xff, 0x80, 0xfb, 0x00, 0x02, 0x1f, 0xff,
  0xfe, 0xfe, 0x00, 0x03, 0x07, 0xff, 0xff, 0x80, 0xfb, 0x00, 0x02, 0x1f, 0xff, 0xfe, 0xfe, 0x00, 0x03, 0x0f, 0xff, 0xff, 0x80, 0xfb, 0x00, 0x02,
  0x1f, 0xff, 0xfe, 0xfe, 0x00, 0x03, 0x0f, 0xff, 0xff, 0x80, 0xfb, 0x00, 0x02, 0x1f, 0xff, 0xfe, 0xfe, 0x00, 0x03, 0x0f, 0xff, 0xff, 0xc0, 0xfb,
  0x00, 0x02, 0x3f, 0xff, 0xff, 0xfe, 0x00, 0x03, 0x0f, 0xff, 0xff, 0xc0, 0xfb, 0x00, 0x02, 0x3f, 0xff, 0xfe, 0xfe, 0x00, 0x03, 0x07, 0xff, 0xff,
  0xc0, 0xfb, 0x00, 0x02, 0x3f, 0xff, 0xfe, 0xfe, 0x00, 0x03, 0x07, 0xff, 0xff, 0xc0, 0xfb, 0x00, 0x02, 0x3f, 0xff, 0xfe, 0xfe, 0x00, 0x03, 0x07,
  0xff, 0xff, 0xc0, 0xfb, 0x00, 0x02, 0x3f, 0xff, 0xfe, 0xfe, 0x00, 0x03, 0x07, 0xff, 0xff, 0xc0, 0xfb, 0x00, 0x02, 0x3f, 0xff, 0xfe, 0xfe, 0x00,
  0x03, 0x07, 0xff, 0xff, 0xc0, 0xfb, 0x00, 0x02, 0x3f, 0xff, 0xfe, 0xfe, 0x00, 0x03, 0x07, 0xff, 0xff, 0xc0, 0xfb, 0x00, 0x02, 0x1f, 0xff, 0xfe,
  0xfe, 0x00, 0x03, 0x07, 0xff, 0xff, 0xc0, 0xfb, 0x00, 0x02, 0x1f, 0xff, 0xfe, 0xfe, 0x00, 0x03, 0x07, 0xff, 0xff, 0x80, 0xfb, 0x00, 0x02, 0x1f,
  0xff, 0xfe, 0xfe, 0x00, 0x03, 0x07, 0xff, 0xff, 0x80, 0xfb, 0x00, 0x02, 0x1f, 0xff, 0xfe, 0xfe, 0x00, 0x03, 0x07, 0xff, 0xff, 0x80, 0xfb, 0x00,
  0x02, 0x1f, 0xff, 0xfe, 0xfe, 0x00, 0x03, 0x07, 0xff, 0xff, 0x80, 0xfb, 0x00, 0x02, 0x1f, 0xff, 0xfe, 0xfe, 0x00, 0x02, 0x07, 0xff, 0xff, 0xfa,
  0x00, 0x02, 0x0f, 0xff, 0xfe, 0xfe, 0x00, 0x02, 0x07, 0xff, 0xff, 0xfa, 0x00, 0x08, 0x0f, 0xff, 0xfe, 0x03, 0x00, 0x0c, 0x07, 0xff, 0xff, 0xfa,
  0x00, 0x08, 0x07, 0xff, 0xfe, 0x07, 0xc0, 0x3e, 0x03, 0xff, 0xfe, 0xfa, 0x00, 0x08, 0x07, 0xff, 0xfc, 0x07, 0xf8, 0xff, 0x03, 0xff, 0xfe, 0xfa,
  0x00, 0x08, 0x03, 0xff, 0xfc, 0x07, 0xff, 0xff, 0x01, 0xff, 0xfc, 0xfa, 0x00, 0x08, 0x01, 0xff, 0xf0, 0x07, 0xff, 0xfe, 0x00, 0x7f, 0xf0, 0xf9,
  0x00, 0x04, 0x7f, 0xc0, 0x03, 0xff, 0xfe, 0xf4, 0x00, 0x02, 0x01, 0xff, 0xfc, 0xf3, 0x00, 0x01, 0x7f, 0xf0, 0xf3, 0x00, 0x00, 0x07, 0x81, 0x00,
  0x81, 0x00, 0xb9, 0x00, 0x81, 0x00, 0xcd, 0x00, 0x01, 0x1f, 0x40, 0xfd, 0x00, 0x01, 0x7f, 0xf0, 0xfa, 0x00, 0x02, 0x01, 0xff, 0xf0, 0xfe, 0x00,
  0x02, 0x01, 0xff, 0xfc, 0xfa, 0x00, 0x02, 0x07, 0xff, 0xf8, 0xfe, 0x00, 0x02, 0x03, 0xff, 0xfe, 0xfa, 0x00, 0x02, 0x07, 0xff, 0xfc, 0xfe, 0x00,
  0x02, 0x03, 0xff, 0xfe, 0xfa, 0x00, 0x02, 0x0f, 0xff, 0xfe, 0xfe, 0x00, 0x02, 0x07, 0xff, 0xff, 0xfa, 0x00, 0x02, 0x0f, 0xff, 0xfe, 0xfe, 0x00,
  0x03, 0x07, 0xff, 0xff, 0x80, 0xfb, 0x00, 0x02, 0x1f, 0xff, 0xfe, 0xfe, 0x00, 0x03, 0x0f, 0xff, 0xff, 0x80, 0xfb, 0x00, 0x02, 0x1f, 0xff, 0xfe,
  0xfe, 0x00, 0x03, 0x07, 0xff, 0xff, 0x80, 0xfb, 0x00, 0x02, 0x1f, 0xff, 0xfe, 0xfe, 0x00, 0x03, 0x07, 0xff, 0xff, 0x80, 0xfb, 0x00, 0x02, 0x1f,
  0xff, 0xfe, 0xfe, 0x00, 0x03, 0x07, 0xff, 0xff, 0xc0, 0xfb, 0x00, 0x02, 0x1f, 0xff, 0xfe, 0xfe, 0x00, 0x03, 0x07, 0xff, 0xff, 0xc0, 0xfb, 0x00,
  0x02, 0x3f, 0xff, 0xfe, 0xfe, 0x00, 0x03, 0x07, 0xff, 0xff, 0xc0, 0xfb, 0x00, 0x02, 0x3f, 0xff, 0xfe, 0xfe, 0x00, 0x03, 0x07, 0xff, 0xff, 0xc0,
  0xfb, 0x00, 0x02, 0x3f, 0xff, 0xfe, 0xfe, 0x00, 0x03, 0x07, 0xff, 0xff, 0xc0, 0xfb, 0x00, 0x02, 0x3f, 0xff, 0xfe, 0xfe, 0x00, 0x03, 0x07, 0xff,
  0xff, 0xc0, 0xfb, 0x00, 0x02, 0x3f, 0xff, 0xfe, 0xfe, 0x00, 0x03, 0x07, 0xff, 0xff, 0xc0, 0xfb, 0x00, 0x02, 0x3f, 0xff, 0xfe, 0xfe, 0x00, 0x03,
  0x07, 0xff, 0xff, 0xc0, 0xfb, 0x00, 0x02, 0x1f, 0xff, 0xfe, 0xfe, 0x00, 0x03, 0x07, 0xff, 0xff, 0xc0, 0xfb, 0x00, 0x02, 0x1f, 0xff, 0xfe, 0xfe,
  0x00, 0x03, 0x07, 0xff, 0xff, 0x80, 0xfb, 0x00, 0x02, 0x1f, 0xff, 0xfe, 0xfe, 0x00, 0x03, 0x07, 0xff, 0xff, 0x80, 0xfb, 0x00, 0x02, 0x1f, 0xff,
  0xfe, 0xfe, 0x00, 0x03, 0x07, 0xff, 0xff, 0x80, 0xfb, 0x00, 0x02, 0x1f, 0xff, 0xfe, 0xfe, 0x00, 0x03, 0x07, 0xff, 0xff, 0x80, 0xfb, 0x00, 0x02,
  0x1f, 0xff, 0xfe, 0xfe, 0x00, 0x02, 0x07, 0xff, 0xff, 0xfa, 0x00, 0x02, 0x0f, 0xff, 0xfe, 0xfe, 0x00, 0x02, 0x07, 0xff, 0xff, 0xfa, 0x00, 0x08,
  0x0f, 0xff, 0xfe, 0x00, 0x00, 0x0c, 0x07, 0xff, 0xff, 0xfa, 0x00, 0x08, 0x07, 0xff, 0xfe, 0x07, 0xc0, 0x3e, 0x03, 0xff, 0xfe, 0xfa, 0x00, 0x08,
  0x07, 0xff, 0xfc, 0x07, 0xf8, 0xff, 0x03, 0xff, 0xfe, 0xfa, 0x00, 0x08, 0x03, 0xff, 0xfc, 0x07, 0xff, 0xff, 0x01, 0xff, 0xfc, 0xfa, 0x00, 0x08,
  0x01, 0xff, 0xf0, 0x07, 0xff, 0xfe, 0x00, 0x7f, 0xf0, 0xf9, 0x00, 0x04, 0x3f, 0xc0, 0x03, 0xff, 0xfe, 0xf4, 0x00, 0x02, 0x01, 0xff, 0xfc, 0xf3,
  0x00, 0x01, 0x7f, 0xf0, 0xf3, 0x00, 0x00, 0x07, 0x81, 0x00, 0x81, 0x00, 0xb9, 0x00, 0x81, 0x00, 0xcd, 0x00, 0x00, 0x0f, 0xfc, 0x00, 0x01, 0x7f,
  0xf0, 0xfa, 0x00, 0x02, 0x01, 0xff, 0xf0, 0xfe, 0x00, 0x02, 0x01, 0xff, 0xfc, 0xfa, 0x00, 0x02, 0x07, 0xff, 0xf8, 0xfe, 0x00, 0x02, 0x03, 0xff,
  0xfe, 0xfa, 0x00, 0x02, 0x07, 0xff, 0xfc, 0xfe, 0x00, 0x02, 0x03, 0xff, 0xff, 0xfa, 0x00, 0x02, 0x0f, 0xff, 0xfe, 0xfe, 0x00, 0x02, 0x07, 0xff,
  0xff, 0xfa, 0x00, 0x02, 0x0f, 0xff, 0xfe, 0xfe, 0x00, 0x03, 0x07, 0xff, 0xff, 0x80, 0xfb, 0x00, 0x02, 0x1f, 0xff, 0xfe, 0xfe, 0x00, 0x03, 0x07,
  0xff, 0xff, 0x80, 0xfb, 0x00, 0x02, 0x1f, 0xff, 0xfe, 0xfe, 0x00, 0x03, 0x0f, 0xff, 0xff, 0x80, 0xfb, 0x00, 0x02, 0x1f, 0xff, 0xfe, 0xfe, 0x00,
  0x03, 0x0f, 0xff, 0xff, 0x80, 0xfb, 0x00, 0x02, 0x1f, 0xff, 0xfe, 0xfe, 0x00, 0x03, 0x07, 0xff, 0xff, 0xc0, 0xfb, 0x00, 0x02, 0x3f, 0xff, 0xff,
  0xfe, 0x00, 0x03, 0x07, 0xff, 0xff, 0xc0, 0xfb, 0x00, 0x02, 0x3f, 0xff, 0xfe, 0xfe, 0x00, 0x03, 0x07, 0xff, 0xff, 0xc0, 0xfb, 0x00, 0x02, 0x3f,
  0xff, 0xfe, 0xfe, 0x00, 0x03, 0x07, 0xff, 0xff, 0xc0, 0xfb, 0x00, 0x02, 0x3f, 0xff, 0xfe, 0xfe, 0x00, 0x03, 0x07, 0xff, 0xff, 0xc0, 0xfb, 0x00,
  0x02, 0x3f, 0xff, 0xfe, 0xfe, 0x00, 0x03, 0x07, 0xff, 0xff, 0xc0, 0xfb, 0x00, 0x02, 0x3f, 0xff, 0xfe, 0xfe, 0x00, 0x03, 0x07, 0xff, 0xff, 0xc0,
  0xfb, 0x00, 0x02, 0x3f, 0xff, 0xfe, 0xfe, 0x00, 0x03, 0x07, 0xff, 0xff, 0xc0, 0xfb, 0x00, 0x02, 0x1f, 0xff, 0xfe, 0xfe, 0x00, 0x03, 0x07, 0xff,
  0xff, 0xc0, 0xfb, 0x00, 0x02, 0x1f, 0xff, 0xfe, 0xfe, 0x00, 0x03, 0x07, 0xff, 0xff, 0x80, 0xfb, 0x00, 0x02, 0x1f, 0xff, 0xfe, 0xfe, 0x00, 0x03,
  0x07, 0xff, 0xff, 0x80, 0xfb, 0x00, 0x02, 0x1f, 0xff, 0xfe, 0xfe, 0x00, 0x03, 0x07, 0xff, 0xff, 0x80, 0xfb, 0x00, 0x02, 0x1f, 0xff, 0xfe, 0xfe,
  0x00, 0x03, 0x07, 0xff, 0xff, 0x80, 0xfb, 0x00, 0x02, 0x1f, 0xff, 0xfe, 0xfe, 0x00, 0x02, 0x07, 0xff, 0xff, 0xfa, 0x00, 0x02, 0x0f, 0xff, 0xfe,
  0xfe, 0x00, 0x02, 0x07, 0xff, 0xff, 0xfa, 0x00, 0x08, 0x0f, 0xff, 0xfe, 0x01, 0x00, 0x0c, 0x07, 0xff, 0xff, 0xfa, 0x00, 0x08, 0x07, 0xff, 0xfe,
  0x07, 0xc0, 0x3e, 0x03, 0xff, 0xfe, 0xfa, 0x00, 0x08, 0x07, 0xff, 0xfe, 0x07, 0xf8, 0xff, 0x03, 0xff, 0xfe, 0xfa, 0x00, 0x08, 0x03, 0xff, 0xfc,
  0x07, 0xff, 0xff, 0x01, 0xff, 0xfc, 0xfa, 0x00, 0x08, 0x01, 0xff, 0xf8, 0x07, 0xff, 0xfe, 0x00, 0x7f, 0xf0, 0xf9, 0x00, 0x04, 0x3f, 0xc0, 0x03,
  0xff, 0xfe, 0xf4, 0x00, 0x02, 0x01, 0xff, 0xf8, 0xf3, 0x00, 0x01, 0x7f, 0xf0, 0xf3, 0x00, 0x00, 0x07, 0x81, 0x00, 0x81, 0x00, 0xb9, 0x00, 0x81,
  0x00, 0xcd, 0x00, 0x00, 0x02, 0xfc, 0x00, 0x01, 0x7f, 0xf0, 0xfa, 0x00, 0x02, 0x01, 0xff, 0xf0, 0xfe, 0x00, 0x02, 0x01, 0xff, 0xfc, 0xfa, 0x00,
  0x02, 0x07, 0xff, 0xf8, 0xfe, 0x00, 0x02, 0x03, 0xff, 0xfe, 0xfa, 0x00, 0x02, 0x07, 0xff, 0xfc, 0xfe, 0x00, 0x02, 0x03, 0xff, 0xfe, 0xfa, 0x00,
  0x02, 0x0f, 0xff, 0xfe, 0xfe, 0x00, 0x02, 0x07, 0xff, 0xff, 0xfa, 0x00, 0x02, 0x0f, 0xff, 0xfe, 0xfe, 0x00, 0x03, 0x07, 0xff, 0xff, 0x80, 0xfb,
  0x00, 0x02, 0x1f, 0xff, 0xfe, 0xfe, 0x00, 0x03, 0x07, 0xff, 0xff, 0x80, 0xfb, 0x00, 0x02, 0x1f, 0xff, 0xfe, 0xfe, 0x00, 0x03, 0x07, 0xff, 0xff,
  0x80, 0xfb, 0x00, 0x02, 0x1f, 0xff, 0xfe, 0xfe, 0x00, 0x03, 0x0f, 0xff, 0xff, 0x80, 0xfb, 0x00, 0x02, 0x1f, 0xff, 0xfe, 0xfe, 0x00, 0x03, 0x07,
  0xff, 0xff, 0xc0, 0xfb, 0x00, 0x02, 0x1f, 0xff, 0xff, 0xfe, 0x00, 0x03, 0x07, 0xff, 0xff, 0xc0, 0xfb, 0x00, 0x02, 0x3f, 0xff, 0xfe, 0xfe, 0x00,
  0x03, 0x07, 0xff, 0xff, 0xc0, 0xfb, 0x00, 0x02, 0x3f, 0xff, 0xfe, 0xfe, 0x00, 0x03, 0x07, 0xff, 0xff, 0xc0, 0xfb, 0x00, 0x02, 0x3f, 0xff, 0xfe,
  0xfe, 0x00, 0x03, 0x07, 0xff, 0xff, 0xc0, 0xfb, 0x00, 0x02, 0x3f, 0xff, 0xfe, 0xfe, 0x00, 0x03, 0x07, 0xff, 0xff, 0xc0, 0xfb, 0x00, 0x02, 0x3f,
  0xff, 0xfe, 0xfe, 0x00, 0x03, 0x07, 0xff, 0xff, 0xc0, 0xfb, 0x00, 0x02, 0x1f, 0xff, 0xfe, 0xfe, 0x00, 0x03, 0x07, 0xff, 0xff, 0xc0, 0xfb, 0x00,
  0x02, 0x1f, 0xff, 0xfe, 0xfe, 0x00, 0x03, 0x07, 0xff, 0xff, 0xc0, 0xfb, 0x00, 0x02, 0x1f, 0xff, 0xfe, 0xfe, 0x00, 0x03, 0x07, 0xff, 0xff, 0x80,
  0xfb, 0x00, 0x02, 0x1f, 0xff, 0xfe, 0xfe, 0x00, 0x03, 0x07, 0xff, 0xff, 0x80, 0xfb, 0x00, 0x02, 0x1f, 0xff, 0xfe, 0xfe, 0x00, 0x03, 0x07, 0xff,
  0xff, 0x80, 0xfb, 0x00, 0x02, 0x1f, 0xff, 0xfe, 0xfe, 0x00, 0x03, 0x07, 0xff, 0xff, 0x80, 0xfb, 0x00, 0x02, 0x1f, 0xff, 0xfe, 0xfe, 0x00, 0x02,
  0x07, 0xff, 0xff, 0xfa, 0x00, 0x02, 0x0f, 0xff, 0xfe, 0xfe, 0x00, 0x02, 0x07, 0xff, 0xff, 0xfa, 0x00, 0x08, 0x0f, 0xff, 0xfe, 0x00, 0x00, 0x04,
  0x07, 0xff, 0xff, 0xfa, 0x00, 0x08, 0x07, 0xff, 0xfe, 0x07, 0xc0, 0x3e, 0x03, 0xff, 0xfe, 0xfa, 0x00, 0x08, 0x07, 0xff, 0xfe, 0x07, 0xf0, 0x7f,
  0x03, 0xff, 0xfe, 0xfa, 0x00, 0x08, 0x03, 0xff, 0xfc, 0x07, 0xff, 0xff, 0x01, 0xff, 0xfc, 0xfa, 0x00, 0x08, 0x01, 0xff, 0xf8, 0x07, 0xff, 0xfe,
  0x00, 0x7f, 0xf0, 0xf9, 0x00, 0x04, 0x3f, 0xc0, 0x03, 0xff, 0xfe, 0xf4, 0x00, 0x02, 0x01, 0xff, 0xf8, 0xf3, 0x00, 0x01, 0x7f, 0xf0, 0xf3, 0x00,
  0x00, 0x07, 0x81, 0x00, 0x81, 0x00, 0xb9, 0x00, 0x81, 0x00, 0xe7, 0x00, 0x01, 0x01, 0x80, 0xf9, 0x00, 0x01, 0x7f, 0xe0, 0xfd, 0x00, 0x01, 0x7f,
  0xf8, 0xfa, 0x00, 0x02, 0x01, 0xff, 0xf8, 0xfe, 0x00, 0x02, 0x01, 0xff, 0xfe, 0xfa, 0x00, 0x02, 0x03, 0xff, 0xfc, 0xfe, 0x00, 0x02, 0x03, 0xff,
  0xff, 0xfa, 0x00, 0x02, 0x07, 0xff, 0xfe, 0xfe, 0x00, 0x03, 0x03, 0xff, 0xff, 0x80, 0xfb, 0x00, 0x02, 0x07, 0xff, 0xff, 0xfe, 0x00, 0x03, 0x03,
  0xff, 0xff, 0x80, 0xfb, 0x00, 0x02, 0x0f, 0xff, 0xff, 0xfe, 0x00, 0x03, 0x07, 0xff, 0xff, 0x80, 0xfb, 0x00, 0x02, 0x0f, 0xff, 0xff, 0xfe, 0x00,
  0x03, 0x07, 0xff, 0xff, 0xc0, 0xfb, 0x00, 0x02, 0x1f, 0xff, 0xff, 0xfe, 0x00, 0x03, 0x07, 0xff, 0xff, 0xc0, 0xfb, 0x00, 0x02, 0x1f, 0xff, 0xff,
  0xfe, 0x00, 0x03, 0x07, 0xff, 0xff, 0xc0, 0xfb, 0x00, 0x02, 0x1f, 0xff, 0xff, 0xfe, 0x00, 0x03, 0x07, 0xff, 0xff, 0xc0, 0xfb, 0x00, 0x02, 0x1f,
  0xff, 0xff, 0xfe, 0x00, 0x03, 0x07, 0xff, 0xff, 0xc0, 0xfb, 0x00, 0x02, 0x1f, 0xff, 0xff, 0xfe, 0x00, 0x03, 0x07, 0xff, 0xff, 0xc0, 0xfb, 0x00,
  0x02, 0x1f, 0xff, 0xff, 0xfe, 0x00, 0x03, 0x07, 0xff, 0xff, 0xc0, 0xfb, 0x00, 0x02, 0x1f, 0xff, 0xff, 0xfe, 0x00, 0x03, 0x07, 0xff, 0xff, 0xc0,
  0xfb, 0x00, 0x02, 0x1f, 0xff, 0xff, 0xfe, 0x00, 0x03, 0x07, 0xff, 0xff, 0xc0, 0xfb, 0x00, 0x02, 0x1f, 0xff, 0xff, 0xfe, 0x00, 0x03, 0x03, 0xff,
  0xff, 0xc0, 0xfb, 0x00, 0x02, 0x1f, 0xff, 0xff, 0xfe, 0x00, 0x03, 0x03, 0xff, 0xff, 0xc0, 0xfb, 0x00, 0x02, 0x1f, 0xff, 0xff, 0xfe, 0x00, 0x03,
  0x03, 0xff, 0xff, 0xc0, 0xfb, 0x00, 0x02, 0x0f, 0xff, 0xff, 0xfe, 0x00, 0x03, 0x03, 0xff, 0xff, 0xc0, 0xfb, 0x00, 0x02, 0x0f, 0xff, 0xff, 0xfe,
  0x00, 0x03, 0x03, 0xff, 0xff, 0xc0, 0xfb, 0x00, 0x02, 0x0f, 0xff, 0xff, 0xfe, 0x00, 0x03, 0x03, 0xff, 0xff, 0xc0, 0xfb, 0x00, 0x02, 0x0f, 0xff,
  0xff, 0xfe, 0x00, 0x03, 0x03, 0xff, 0xff, 0x80, 0xfb, 0x00, 0x02, 0x0f, 0xff, 0xff, 0xfe, 0x00, 0x03, 0x03, 0xff, 0xff, 0x80, 0xfb, 0x00, 0x02,
  0x07, 0xff, 0xff, 0xfe, 0x00, 0x03, 0x03, 0xff, 0xff, 0x80, 0xfb, 0x00, 0x08, 0x07, 0xff, 0xff, 0x03, 0x80, 0x0e, 0x03, 0xff, 0xff, 0xfa, 0x00,
  0x08, 0x03, 0xff, 0xfe, 0x07, 0xe0, 0x3f, 0x03, 0xff, 0xff, 0xfa, 0x00, 0x08, 0x03, 0xff, 0xfe, 0x07, 0xff, 0xff, 0x01, 0xff, 0xfe, 0xfa, 0x00,
  0x08, 0x01, 0xff, 0xfc, 0x07, 0xff, 0xff, 0x00, 0xff, 0xf8, 0xf9, 0x00, 0x07, 0x7f, 0xf0, 0x03, 0xff, 0xff, 0x00, 0x3f, 0xe0, 0xf9, 0x00, 0x04,
  0x02, 0x00, 0x03, 0xff, 0xfe, 0xf3, 0x00, 0x01, 0xff, 0xfc, 0xf3, 0x00, 0x01, 0x3f, 0xe0, 0x81, 0x00, 0x81, 0x00, 0x9a, 0x00, 0x81, 0x00, 0xe7,
  0x00, 0x01, 0x01, 0x80, 0xf9, 0x00, 0x01, 0x7f, 0xe0, 0xfd, 0x00, 0x01, 0x7f, 0xf8, 0xfa, 0x00, 0x02, 0x01, 0xff, 0xf8, 0xfe, 0x00, 0x02, 0x01,
  0xff, 0xfe, 0xfa, 0x00, 0x02, 0x03, 0xff, 0xfc, 0xfe, 0x00, 0x02, 0x03, 0xff, 0xff, 0xfa, 0x00, 0x02, 0x07, 0xff, 0xfe, 0xfe, 0x00, 0x03, 0x03,
  0xff, 0xff, 0x80, 0xfb, 0x00, 0x02, 0x0f, 0xff, 0xff, 0xfe, 0x00, 0x03, 0x03, 0xff, 0xff, 0x80, 0xfb, 0x00, 0x02, 0x0f, 0xff, 0xff, 0xfe, 0x00,
  0x03, 0x07, 0xff, 0xff, 0x80, 0xfb, 0x00, 0x02, 0x0f, 0xff, 0xff, 0xfe, 0x00, 0x03, 0x07, 0xff, 0xff, 0xc0, 0xfb, 0x00, 0x02, 0x1f, 0xff, 0xff,
  0xfe, 0x00, 0x03, 0x07, 0xff, 0xff, 0xc0, 0xfb, 0x00, 0x02, 0x1f, 0xff, 0xff, 0xfe, 0x00, 0x03, 0x07, 0xff, 0xff, 0xc0, 0xfb, 0x00, 0x02, 0x1f,
  0xff, 0xff, 0xfe, 0x00, 0x03, 0x07, 0xff, 0xff, 0xc0, 0xfb, 0x00, 0x02, 0x1f, 0xff, 0xff, 0xfe, 0x00, 0x03, 0x07, 0xff, 0xff, 0xc0, 0xfb, 0x00,
  0x02, 0x1f, 0xff, 0xff, 0xfe, 0x00, 0x03, 0x07, 0xff, 0xff, 0xc0, 0xfb, 0x00, 0x02, 0x1f, 0xff, 0xff, 0xfe, 0x00, 0x03, 0x07, 0xff, 0xff, 0xc0,
  0xfb, 0x00, 0x02, 0x1f, 0xff, 0xff, 0xfe, 0x00, 0x03, 0x03, 0xff, 0xff, 0xc0, 0xfb, 0x00, 0x02, 0x1f, 0xff, 0xff, 0xfe, 0x00, 0x03, 0x03, 0xff,
  0xff, 0xc0, 0xfb, 0x00, 0x02, 0x1f, 0xff, 0xff, 0xfe, 0x00, 0x03, 0x03, 0xff, 0xff, 0xc0, 0xfb, 0x00, 0x02, 0x1f, 0xff, 0xff, 0xfe, 0x00, 0x03,
  0x03, 0xff, 0xff, 0xc0, 0xfb, 0x00, 0x02, 0x1f, 0xff, 0xff, 0xfe, 0x00, 0x03, 0x03, 0xff, 0xff, 0xc0, 0xfb, 0x00, 0x02, 0x0f, 0xff, 0xff, 0xfe,
  0x00, 0x03, 0x03, 0xff, 0xff, 0xc0, 0xfb, 0x00, 0x02, 0x0f, 0xff, 0xff, 0xfe, 0x00, 0x03, 0x03, 0xff, 0xff, 0xc0, 0xfb, 0x00, 0x02, 0x0f, 0xff,
  0xff, 0xfe, 0x00, 0x03, 0x03, 0xff, 0xff, 0xc0, 0xfb, 0x00, 0x02, 0x0f, 0xff, 0xff, 0xfe, 0x00, 0x03, 0x03, 0xff, 0xff, 0x80, 0xfb, 0x00, 0x02,
  0x0f, 0xff, 0xff, 0xfe, 0x00, 0x03, 0x03, 0xff, 0xff, 0x80, 0xfb, 0x00, 0x02, 0x07, 0xff, 0xff, 0xfe, 0x00, 0x03, 0x03, 0xff, 0xff, 0x80, 0xfb,
  0x00, 0x08, 0x07, 0xff, 0xff, 0x03, 0x80, 0x0e, 0x03, 0xff, 0xff, 0xfa, 0x00, 0x08, 0x03, 0xff, 0xfe, 0x07, 0xe0, 0x3f, 0x03, 0xff, 0xff, 0xfa,
  0x00, 0x08, 0x03, 0xff, 0xfe, 0x07, 0xff, 0xff, 0x01, 0xff, 0xfe, 0xfa, 0x00, 0x08, 0x01, 0xff, 0xfc, 0x07, 0xff, 0xff, 0x00, 0xff, 0xf8, 0xf9,
  0x00, 0x07, 0x7f, 0xf0, 0x03, 0xff, 0xff, 0x00, 0x3f, 0xe0, 0xf9, 0x00, 0x04, 0x02, 0x00, 0x03, 0xff, 0xfe, 0xf3, 0x00, 0x01, 0xff, 0xfc, 0xf3,
  0x00, 0x01, 0x3f, 0xe0, 0x81, 0x00, 0x81, 0x00, 0x9a, 0x00, 0x81, 0x00, 0xdd, 0x00, 0x01, 0x7f, 0xe0, 0xfd, 0x00, 0x01, 0x7f, 0xf8, 0xfa, 0x00,
  0x02, 0x01, 0xff, 0xf8, 0xfe, 0x00, 0x02, 0x01, 0xff, 0xfe, 0xfa, 0x00, 0x02, 0x03, 0xff, 0xfc, 0xfe, 0x00, 0x02, 0x03, 0xff, 0xff, 0xfa, 0x00,
  0x02, 0x07, 0xff, 0xfe, 0xfe, 0x00, 0x02, 0x03, 0xff, 0xff, 0xfa, 0x00, 0x02, 0x07, 0xff, 0xff, 0xfe, 0x00, 0x03, 0x03, 0xff, 0xff, 0x80, 0xfb,
  0x00, 0x02, 0x0f, 0xff, 0xff, 0xfe, 0x00, 0x03, 0x07, 0xff, 0xff, 0x80, 0xfb, 0x00, 0x02, 0x0f, 0xff, 0xff, 0xfe, 0x00, 0x03, 0x07, 0xff, 0xff,
  0xc0, 0xfb, 0x00, 0x02, 0x1f, 0xff, 0xff, 0xfe, 0x00, 0x03, 0x07, 0xff, 0xff, 0xc0, 0xfb, 0x00, 0x02, 0x1f, 0xff, 0xff, 0xfe, 0x00, 0x03, 0x07,
  0xff, 0xff, 0xc0, 0xfb, 0x00, 0x02, 0x1f, 0xff, 0xff, 0xfe, 0x00, 0x03, 0x07, 0xff, 0xff, 0xc0, 0xfb, 0x00, 0x02, 0x1f, 0xff, 0xff, 0xfe, 0x00,
  0x03, 0x07, 0xff, 0xff, 0xc0, 0xfb, 0x00, 0x02, 0x1f, 0xff, 0xff, 0xfe, 0x00, 0x03, 0x07, 0xff, 0xff, 0xc0, 0xfb, 0x00, 0x02, 0x1f, 0xff, 0xff,
  0xfe, 0x00, 0x03, 0x07, 0xff, 0xff, 0xc0, 0xfb, 0x00, 0x02, 0x1f, 0xff, 0xff, 0xfe, 0x00, 0x03, 0x07, 0xff, 0xff, 0xc0, 0xfb, 0x00, 0x02, 0x1f,
  0xff, 0xff, 0xfe, 0x00, 0x03, 0x07, 0xff, 0xff, 0xc0, 0xfb, 0x00, 0x02, 0x1f, 0xff, 0xff, 0xfe, 0x00, 0x03, 0x03, 0xff, 0xff, 0xc0, 0xfb, 0x00,
  0x02, 0x1f, 0xff, 0xff, 0xfe, 0x00, 0x03, 0x03, 0xff, 0xff, 0xc0, 0xfb, 0x00, 0x02, 0x1f, 0xff, 0xff, 0xfe, 0x00, 0x03, 0x03, 0xff, 0xff, 0xc0,
  0xfb, 0x00, 0x02, 0x1f, 0xff, 0xff, 0xfe, 0x00, 0x03, 0x03, 0xff, 0xff, 0xc0, 0xfb, 0x00, 0x02, 0x0f, 0xff, 0xff, 0xfe, 0x00, 0x03, 0x03, 0xff,
  0xff, 0xc0, 0xfb, 0x00, 0x02, 0x0f, 0xff, 0xff, 0xfe, 0x00, 0x03, 0x03, 0xff, 0xff, 0xc0, 0xfb, 0x00, 0x02, 0x0f, 0xff, 0xff, 0xfe, 0x00, 0x03,
  0x03, 0xff, 0xff, 0x80, 0xfb, 0x00, 0x02, 0x0f, 0xff, 0xff, 0xfe, 0x00, 0x03, 0x03, 0xff, 0xff, 0x80, 0xfb, 0x00, 0x02, 0x07, 0xff, 0xff, 0xfe,
  0x00, 0x03, 0x03, 0xff, 0xff, 0x80, 0xfb, 0x00, 0x08, 0x07, 0xff, 0xff, 0x03, 0x80, 0x0e, 0x03, 0xff, 0xff, 0xfa, 0x00, 0x08, 0x03, 0xff, 0xfe,
  0x07, 0xe0, 0x3f, 0x03, 0xff, 0xff, 0xfa, 0x00, 0x08, 0x03, 0xff, 0xfe, 0x07, 0xff, 0xff, 0x01, 0xff, 0xfe, 0xfa, 0x00, 0x08, 0x01, 0xff, 0xfc,
  0x07, 0xff, 0xff, 0x00, 0xff, 0xf8, 0xf9, 0x00, 0x07, 0x7f, 0xf0, 0x03, 0xff, 0xff, 0x00, 0x3f, 0xe0, 0xf9, 0x00, 0x04, 0x02, 0x00, 0x03, 0xff,
  0xfe, 0xf4, 0x00, 0x02, 0x01, 0xff, 0xfc, 0xf3, 0x00, 0x01, 0x3f, 0xe0, 0x81, 0x00, 0x81, 0x00, 0x9a, 0x00, 0x81, 0x00, 0xe7, 0x00, 0x00, 0x05,
  0xf8, 0x00, 0x01, 0x7f, 0xe0, 0xfd, 0x00, 0x01, 0x7f, 0xf8, 0xfa, 0x00, 0x02, 0x01, 0xff, 0xf8, 0xfe, 0x00, 0x02, 0x01, 0xff, 0xfe, 0xfa, 0x00,
  0x02, 0x03, 0xff, 0xfc, 0xfe, 0x00, 0x02, 0x03, 0xff, 0xff, 0xfa, 0x00, 0x02, 0x07, 0xff, 0xfe, 0xfe, 0x00, 0x03, 0x03, 0xff, 0xff, 0x80, 0xfb,
  0x00, 0x02, 0x0f, 0xff, 0xff, 0xfe, 0x00, 0x03, 0x03, 0xff, 0xff, 0x80, 0xfb, 0x00, 0x02, 0x0f, 0xff, 0xff, 0xfe, 0x00, 0x03, 0x07, 0xff, 0xff,
  0x80, 0xfb, 0x00, 0x02, 0x0f, 0xff, 0xff, 0xfe, 0x00, 0x03, 0x07, 0xff, 0xff, 0xc0, 0xfb, 0x00, 0x02, 0x1f, 0xff, 0xff, 0xfe, 0x00, 0x03, 0x07,
  0xff, 0xff, 0xc0, 0xfb, 0x00, 0x02, 0x1f, 0xff, 0xff, 0xfe, 0x00, 0x03, 0x07, 0xff, 0xff, 0xc0, 0xfb, 0x00, 0x02, 0x1f, 0xff, 0xff, 0xfe, 0x00,
  0x03, 0x07, 0xff, 0xff, 0xc0, 0xfb, 0x00, 0x02, 0x1f, 0xff, 0xff, 0xfe, 0x00, 0x03, 0x07, 0xff, 0xff, 0xc0, 0xfb, 0x00, 0x02, 0x1f, 0xff, 0xff,
  0xfe, 0x00, 0x03, 0x07, 0xff, 0xff, 0xc0, 0xfb, 0x00, 0x02, 0x1f, 0xff, 0xff, 0xfe, 0x00, 0x03, 0x07, 0xff, 0xff, 0xc0, 0xfb, 0x00, 0x02, 0x1f,
  0xff, 0xff, 0xfe, 0x00, 0x03, 0x07, 0xff, 0xff, 0xc0, 0xfb, 0x00, 0x02, 0x1f, 0xff, 0xff, 0xfe, 0x00, 0x03, 0x03, 0xff, 0xff, 0xe0, 0xfb, 0x00,
  0x02, 0x1f, 0xff, 0xff, 0xfe, 0x00, 0x03, 0x03, 0xff, 0xff, 0xc0, 0xfb, 0x00, 0x02, 0x1f, 0xff, 0xff, 0xfe, 0x00, 0x03, 0x03, 0xff, 0xff, 0xc0,
  0xfb, 0x00, 0x02, 0x1f, 0xff, 0xff, 0xfe, 0x00, 0x03, 0x03, 0xff, 0xff, 0xc0, 0xfb, 0x00, 0x02, 0x1f, 0xff, 0xff, 0xfe, 0x00, 0x03, 0x03, 0xff,
  0xff, 0xc0, 0xfb, 0x00, 0x02, 0x0f, 0xff, 0xff, 0xfe, 0x00, 0x03, 0x03, 0xff, 0xff, 0xc0, 0xfb, 0x00, 0x02, 0x0f, 0xff, 0xff, 0xfe, 0x00, 0x03,
  0x03, 0xff, 0xff, 0xc0, 0xfb, 0x00, 0x02, 0x0f, 0xff, 0xff, 0xfe, 0x00, 0x03, 0x03, 0xff, 0xff, 0x80, 0xfb, 0x00, 0x02, 0x0f, 0xff, 0xff, 0xfe,
  0x00, 0x03, 0x03, 0xff, 0xff, 0x80, 0xfb, 0x00, 0x02, 0x07, 0xff, 0xff, 0xfe, 0x00, 0x03, 0x03, 0xff, 0xff, 0x80, 0xfb, 0x00, 0x08, 0x07, 0xff,
  0xff, 0x03, 0x80, 0x0e, 0x03, 0xff, 0xff, 0xfa, 0x00, 0x08, 0x03, 0xff, 0xfe, 0x07, 0xe0, 0x3f, 0x03, 0xff, 0xff, 0xfa, 0x00, 0x08, 0x03, 0xff,
  0xfe, 0x07, 0xff, 0xff, 0x01, 0xff, 0xfe, 0xfa, 0x00, 0x08, 0x01, 0xff, 0xfc, 0x07, 0xff, 0xff, 0x00, 0xff, 0xf8, 0xf9, 0x00, 0x07, 0x7f, 0xf0,
  0x03, 0xff, 0xff, 0x00, 0x3f, 0xe0, 0xf7, 0x00, 0x02, 0x03, 0xff, 0xfe, 0xf3, 0x00, 0x01, 0xff, 0xfc, 0xf3, 0x00, 0x01, 0x3f, 0xe0, 0x81, 0x00,
  0x81, 0x00, 0x9a, 0x00, 0x81, 0x00, 0xe7, 0x00, 0x00, 0x02, 0xf8, 0x00, 0x01, 0x7f, 0xe0, 0xfd, 0x00, 0x01, 0x7f, 0xf8, 0xfa, 0x00, 0x02, 0x01,
  0xff, 0xf8, 0xfe, 0x00, 0x02, 0x01, 0xff, 0xfe, 0xfa, 0x00, 0x02, 0x03, 0xff, 0xfc, 0xfe, 0x00, 0x02, 0x03, 0xff, 0xff, 0xfa, 0x00, 0x02, 0x07,
  0xff, 0xfe, 0xfe, 0x00, 0x03, 0x03, 0xff, 0xff, 0x80, 0xfb, 0x00, 0x02, 0x0f, 0xff, 0xff, 0xfe, 0x00, 0x03, 0x03, 0xff, 0xff, 0x80, 0xfb, 0x00,
  0x02, 0x0f, 0xff, 0xff, 0xfe, 0x00, 0x03, 0x07, 0xff, 0xff, 0x80, 0xfb, 0x00, 0x02, 0x0f, 0xff, 0xff, 0xfe, 0x00, 0x03, 0x07, 0xff, 0xff, 0xc0,
  0xfb, 0x00, 0x02, 0x1f, 0xff, 0xff, 0xfe, 0x00, 0x03, 0x07, 0xff, 0xff, 0xc0, 0xfb, 0x00, 0x02, 0x1f, 0xff, 0xff, 0xfe, 0x00, 0x03, 0x07, 0xff,
  0xff, 0xc0, 0xfb, 0x00, 0x02, 0x1f, 0xff, 0xff, 0xfe, 0x00, 0x03, 0x07, 0xff, 0xff, 0xc0, 0xfb, 0x00, 0x02, 0x1f, 0xff, 0xff, 0xfe, 0x00, 0x03,
  0x07, 0xff, 0xff, 0xc0, 0xfb, 0x00, 0x02, 0x1f, 0xff, 0xff, 0xfe, 0x00, 0x03, 0x07, 0xff, 0xff, 0xc0, 0xfb, 0x00, 0x02, 0x1f, 0xff, 0xff, 0xfe,
  0x00, 0x03, 0x07, 0xff, 0xff, 0xc0, 0xfb, 0x00, 0x02, 0x1f, 0xff, 0xff, 0xfe, 0x00, 0x03, 0x07, 0xff, 0xff, 0xc0, 0xfb, 0x00, 0x02, 0x1f, 0xff,
  0xff, 0xfe, 0x00, 0x03, 0x07, 0xff, 0xff, 0xc0, 0xfb, 0x00, 0x02, 0x1f, 0xff, 0xff, 0xfe, 0x00, 0x03, 0x07, 0xff, 0xff, 0xc0, 0xfb, 0x00, 0x02,
  0x1f, 0xff, 0xff, 0xfe, 0x00, 0x03, 0x07, 0xff, 0xff, 0xc0, 0xfb, 0x00, 0x02, 0x1f, 0xff, 0xff, 0xfe, 0x00, 0x03, 0x07, 0xff, 0xff, 0xc0, 0xfb,
  0x00, 0x02, 0x1f, 0xff, 0xff, 0xfe, 0x00, 0x03, 0x07, 0xff, 0xff, 0xc0, 0xfb, 0x00, 0x02, 0x0f, 0xff, 0xff, 0xfe, 0x00, 0x03, 0x07, 0xff, 0xff,
  0xc0, 0xfb, 0x00, 0x02, 0x0f, 0xff, 0xff, 0xfe, 0x00, 0x03, 0x07, 0xff, 0xff, 0xc0, 0xfb, 0x00, 0x02, 0x0f, 0xff, 0xff, 0xfe, 0x00, 0x03, 0x07,
  0xff, 0xff, 0x80, 0xfb, 0x00, 0x02, 0x0f, 0xff, 0xff, 0xfe, 0x00, 0x03, 0x03, 0xff, 0xff, 0x80, 0xfb, 0x00, 0x02, 0x07, 0xff, 0xff, 0xfe, 0x00,
  0x03, 0x03, 0xff, 0xff, 0x80, 0xfb, 0x00, 0x08, 0x07, 0xff, 0xff, 0x03, 0x80, 0x0e, 0x03, 0xff, 0xff, 0xfa, 0x00, 0x08, 0x03, 0xff, 0xfe, 0x07,
  0xe0, 0x3f, 0x03, 0xff, 0xff, 0xfa, 0x00, 0x08, 0x03, 0xff, 0xfe, 0x07, 0xff, 0xff, 0x01, 0xff, 0xfe, 0xfa, 0x00, 0x08, 0x01, 0xff, 0xfc, 0x07,
  0xff, 0xff, 0x00, 0xff, 0xf8, 0xf9, 0x00, 0x07, 0x7f, 0xf0, 0x03, 0xff, 0xff, 0x00, 0x3f, 0xe0, 0xf7, 0x00, 0x02, 0x03, 0xff, 0xfe, 0xf3, 0x00,
  0x01, 0xff, 0xfc, 0xf3, 0x00, 0x01, 0x3f, 0xe0, 0x81, 0x00, 0x81, 0x00, 0x9a, 0x00, 0x81, 0x00, 0xe7, 0x00, 0x00, 0x02, 0xf8, 0x00, 0x01, 0x7f,
  0xe0, 0xfd, 0x00, 0x01, 0x7f, 0xf8, 0xfa, 0x00, 0x02, 0x01, 0xff, 0xf8, 0xfe, 0x00, 0x02, 0x01, 0xff, 0xfe, 0xfa, 0x00, 0x02, 0x03, 0xff, 0xfc,
  0xfe, 0x00, 0x02, 0x03, 0xff, 0xff, 0xfa, 0x00, 0x02, 0x07, 0xff, 0xfe, 0xfe, 0x00, 0x03, 0x03, 0xff, 0xff, 0x80, 0xfb, 0x00, 0x02, 0x0f, 0xff,
  0xff, 0xfe, 0x00, 0x03, 0x03, 0xff, 0xff, 0x80, 0xfb, 0x00, 0x02, 0x0f, 0xff, 0xff, 0xfe, 0x00, 0x03, 0x07, 0xff, 0xff, 0x80, 0xfb, 0x00, 0x02,
  0x0f, 0xff, 0xff, 0xfe, 0x00, 0x03, 0x07, 0xff, 0xff, 0xc0, 0xfb, 0x00, 0x02, 0x1f, 0xff, 0xff, 0xfe, 0x00, 0x03, 0x07, 0xff, 0xff, 0xc0, 0xfb,
  0x00, 0x02, 0x1f, 0xff, 0xff, 0xfe, 0x00, 0x03, 0x07, 0xff, 0xff, 0xc0, 0xfb, 0x00, 0x02, 0x1f, 0xff, 0xff, 0xfe, 0x00, 0x03, 0x07, 0xff, 0xff,
  0xc0, 0xfb, 0x00, 0x02, 0x1f, 0xff, 0xff, 0xfe, 0x00, 0x03, 0x07, 0xff, 0xff, 0xc0, 0xfb, 0x00, 0x02, 0x1f, 0xff, 0xff, 0xfe, 0x00, 0x03, 0x07,
  0xff, 0xff, 0xc0, 0xfb, 0x00, 0x02, 0x1f, 0xff, 0xff, 0xfe, 0x00, 0x03, 0x07, 0xff, 0xff, 0xc0, 0xfb, 0x00, 0x02, 0x1f, 0xff, 0xff, 0xfe, 0x00,
  0x03, 0x07, 0xff, 0xff, 0xc0, 0xfb, 0x00, 0x02, 0x1f, 0xff, 0xff, 0xfe, 0x00, 0x03, 0x07, 0xff, 0xff, 0xc0, 0xfb, 0x00, 0x02, 0x1f, 0xff, 0xff,
  0xfe, 0x00, 0x03, 0x03, 0xff, 0xff, 0xc0, 0xfb, 0x00, 0x02, 0x1f, 0xff, 0xff, 0xfe, 0x00, 0x03, 0x03, 0xff, 0xff, 0xc0, 0xfb, 0x00, 0x02, 0x1f,
  0xff, 0xff, 0xfe, 0x00, 0x03, 0x03, 0xff, 0xff, 0xc0, 0xfb, 0x00, 0x02, 0x1f, 0xff, 0xff, 0xfe, 0x00, 0x03, 0x03, 0xff, 0xff, 0xc0, 0xfb, 0x00,
  0x02, 0x0f, 0xff, 0xff, 0xfe, 0x00, 0x03, 0x03, 0xff, 0xff, 0xc0, 0xfb, 0x00, 0x02, 0x0f, 0xff, 0xff, 0xfe, 0x00, 0x03, 0x03, 0xff, 0xff, 0xc0,
  0xfb, 0x00, 0x02, 0x0f, 0xff, 0xff, 0xfe, 0x00, 0x03, 0x03, 0xff, 0xff, 0x80, 0xfb, 0x00, 0x02, 0x0f, 0xff, 0xff, 0xfe, 0x00, 0x03, 0x03, 0xff,
  0xff, 0x80, 0xfb, 0x00, 0x02, 0x07, 0xff, 0xff, 0xfe, 0x00, 0x03, 0x03, 0xff, 0xff, 0x80, 0xfb, 0x00, 0x08, 0x07, 0xff, 0xff, 0x03, 0x80, 0x0e,
  0x03, 0xff, 0xff, 0xfa, 0x00, 0x08, 0x03, 0xff, 0xfe, 0x07, 0xe0, 0x3f, 0x03, 0xff, 0xfe, 0xfa, 0x00, 0x08, 0x03, 0xff, 0xfe, 0x07, 0xff, 0xff,
  0x01, 0xff, 0xfe, 0xfa, 0x00, 0x08, 0x01, 0xff, 0xfc, 0x07, 0xff, 0xff, 0x00, 0xff, 0xf8, 0xf9, 0x00, 0x07, 0x7f, 0xf0, 0x03, 0xff, 0xff, 0x00,
  0x3f, 0xe0, 0xf7, 0x00, 0x02, 0x01, 0xff, 0xfe, 0xf3, 0x00, 0x01, 0xff, 0xfc, 0xf3, 0x00, 0x01, 0x3f, 0xe0, 0x81, 0x00, 0x81, 0x00, 0x9a, 0x00,
  0x81, 0x00, 0x81, 0x00, 0x81, 0x00, 0x81, 0x00, 0xfe, 0x00, 0x00, 0x04, 0xfa, 0x00, 0x01, 0x0f, 0xc0, 0xfb, 0x00, 0x02, 0x3f, 0xff, 0xdf, 0xfe,
  0x00, 0x03, 0x07, 0xff, 0xff, 0xe0, 0xfb, 0x00, 0x09, 0x3f, 0xff, 0xff, 0x80, 0x00, 0x00, 0x0f, 0xff, 0xff, 0xe0, 0xfb, 0x00, 0x09, 0x1f, 0xff,
  0xff, 0x80, 0x00, 0x00, 0x0f, 0xff, 0xff, 0xc0, 0xfb, 0x00, 0x09, 0x1f, 0xff, 0xff, 0x80, 0x00, 0x00, 0x0f, 0xff, 0xff, 0xc0, 0xfb, 0x00, 0x09,
  0x0f, 0xff, 0xff, 0x80, 0x00, 0x00, 0x0f, 0xff, 0xff, 0x80, 0xfb, 0x00, 0x09, 0x07, 0xff, 0xff, 0x80, 0x00, 0x00, 0x07, 0xff, 0xff, 0x80, 0xfb,
  0x00, 0x02, 0x03, 0xff, 0xff, 0xfe, 0x00, 0x02, 0x07, 0xff, 0xfe, 0xfa, 0x00, 0x08, 0x01, 0xff, 0xff, 0x00, 0x7f, 0xf8, 0x03, 0xff, 0xf8, 0xf9,
  0x00, 0x07, 0x7f, 0xfc, 0x03, 0xff, 0xff, 0x00, 0xff, 0xc0, 0xf9, 0x00, 0x05, 0x0f, 0xf0, 0x07, 0xff, 0xff, 0x80, 0xf5, 0x00, 0x03, 0x07, 0xff,
  0xff, 0x80, 0xf5, 0x00, 0x03, 0x07, 0xff, 0xff, 0x80, 0xf5, 0x00, 0x02, 0x03, 0xe0, 0x1e, 0x81, 0x00, 0x81, 0x00, 0xda, 0x00, 0x81, 0x00, 0x81,
  0x00, 0x81, 0x00, 0x81, 0x00, 0xa5, 0x00, 0x00, 0xf0, 0xfb, 0x00, 0x00, 0x7c, 0xfa, 0x00, 0x01, 0x1f, 0xf0, 0xfb, 0x00, 0x09, 0x7f, 0xf0, 0x1f,
  0xc0, 0x00, 0x00, 0x1f, 0xff, 0xff, 0xf0, 0xfb, 0x00, 0x09, 0x3f, 0xff, 0xff, 0xc0, 0x00, 0x00, 0x1f, 0xff, 0xff, 0xc0, 0xfb, 0x00, 0x08, 0x0f,
  0xff, 0xff, 0xc0, 0x00, 0x00, 0x1f, 0xff, 0xff, 0xfa, 0x00, 0x08, 0x03, 0xff, 0xff, 0xc0, 0x00, 0x00, 0x0f, 0xff, 0xf8, 0xf9, 0x00, 0x07, 0x3f,
  0xfe, 0x00, 0x7f, 0xfe, 0x00, 0x7f, 0x80, 0xf7, 0x00, 0x02, 0x07, 0xff, 0xff, 0xf4, 0x00, 0x03, 0x07, 0xff, 0xff, 0x80, 0xf5, 0x00, 0x03, 0x07,
  0xff, 0xff, 0x80, 0xf5, 0x00, 0x02, 0x07, 0xd0, 0x07, 0x81, 0x00, 0x81, 0x00, 0xfa, 0x00, 0x81, 0x00, 0xbe, 0x00, 0x00, 0x0e, 0xfc, 0x00, 0x01,
  0x03, 0x80, 0xf9, 0x00, 0x00, 0x1f, 0xfc, 0x00, 0x01, 0x03, 0xc0, 0xf9, 0x00, 0x00, 0x3e, 0xfc, 0x00, 0x01, 0x07, 0xc0, 0xf9, 0x00, 0x02, 0x3e,
  0x00, 0x80, 0xfe, 0x00, 0x02, 0x07, 0xc0, 0x01, 0xfa, 0x00, 0x00, 0x3e, 0xfc, 0x00, 0x01, 0x07, 0x80, 0xf9, 0x00, 0x00, 0x3c, 0xfc, 0x00, 0x01,
  0x0f, 0x80, 0xf9, 0x00, 0x02, 0x38, 0x00, 0x10, 0xfe, 0x00, 0x00, 0x0f, 0xf8, 0x00, 0x00, 0x38, 0xfc, 0x00, 0x00, 0x07, 0xf8, 0x00, 0x00, 0x38,
  0xfc, 0x00, 0x00, 0x07, 0xf8, 0x00, 0x00, 0x3a, 0xfc, 0x00, 0x02, 0x07, 0x40, 0x44, 0xfa, 0x00, 0x08, 0x3b, 0x61, 0x82, 0x80, 0x00, 0x00, 0x06,
  0x43, 0x54, 0xfa, 0x00, 0x09, 0x72, 0x08, 0x82, 0x80, 0x00, 0x00, 0x07, 0x41, 0x77, 0x58, 0xfb, 0x00, 0x09, 0xfa, 0xfa, 0x02, 0x80, 0x00, 0x00,
  0x07, 0xc0, 0x77, 0x40, 0xfb, 0x00, 0x02, 0x7a, 0x2a, 0x30, 0xfe, 0x00, 0x03, 0x07, 0xd4, 0x44, 0x48, 0xfb, 0x00, 0x02, 0xb8, 0x2a, 0x78, 0xfe,
  0x00, 0x03, 0x07, 0xf4, 0x61, 0x40, 0xfb, 0x00, 0x09, 0x38, 0x2e, 0xe8, 0x00, 0x3f, 0xf0, 0x03, 0xd4, 0x77, 0x50, 0xfb, 0x00, 0x09, 0x38, 0x2a,
  0xe8, 0x01, 0xff, 0xfc, 0x03, 0xd5, 0x66, 0x50, 0xfb, 0x00, 0x09, 0x20, 0x2e, 0xa0, 0x03, 0xff, 0xff, 0x01, 0xd5, 0x44, 0x40, 0xfb, 0x00, 0x09,
  0x22, 0x2a, 0xa0, 0x07, 0xff, 0xff, 0x01, 0xd5, 0x40, 0x40, 0xfb, 0x00, 0x09, 0x08, 0x2a, 0xe0, 0x07, 0xff, 0xff, 0x00, 0x15, 0x77, 0x40, 0xfb,
  0x00, 0x08, 0x08, 0xea, 0xe0, 0x07, 0xff, 0xff, 0x80, 0x44, 0x64, 0xfa, 0x00, 0x09, 0x0a, 0xe2, 0x28, 0x07, 0xe0, 0x3f, 0x80, 0x04, 0x44, 0x80,
  0xfb, 0x00, 0x09, 0x02, 0x22, 0x20, 0x07, 0xc0, 0x0f, 0x80, 0x00, 0x0d, 0x80, 0xfb, 0x00, 0x08, 0x02, 0xaa, 0xa0, 0x07, 0x80, 0x0f, 0x80, 0x01,
  0x6c, 0xfa, 0x00, 0x08, 0x02, 0xee, 0xf0, 0x07, 0x80, 0x0f, 0x80, 0x01, 0x7c, 0xf9, 0x00, 0x08, 0xe3, 0xe0, 0x07, 0x80, 0x0f, 0x80, 0x01, 0xfc,
  0x60, 0xfb, 0x00, 0x09, 0x7c, 0xff, 0xe0, 0x07, 0x80, 0x07, 0x80, 0x07, 0xff, 0xf0, 0xfb, 0x00, 0x09, 0x7f, 0xff, 0xc3, 0x87, 0x00, 0x03, 0x0f,
  0xff, 0xff, 0xf0, 0xfb, 0x00, 0x09, 0x3f, 0xff, 0xff, 0xc7, 0x00, 0x03, 0x1f, 0xff, 0xff, 0xc0, 0xfb, 0x00, 0x08, 0x07, 0xff, 0xff, 0xc7, 0x00,
  0x07, 0x1f, 0xff, 0xff, 0xfa, 0x00, 0x08, 0x03, 0xff, 0xff, 0x83, 0x80, 0x06, 0x03, 0xff, 0xf8, 0xf9, 0x00, 0x07, 0x3f, 0xfc, 0x03, 0xdf, 0xfe,
  0x00, 0x00, 0x07, 0xfa, 0x00, 0x09, 0x07, 0xc0, 0x00, 0x03, 0xff, 0xff, 0x00, 0x00, 0x1f, 0xc0, 0xfb, 0x00, 0x09, 0x0f, 0xe0, 0x00, 0x07, 0xff,
  0xff, 0x80, 0x00, 0x1f, 0xe0, 0xfb, 0x00, 0x09, 0x3f, 0xe0, 0x00, 0x07, 0xff, 0xff, 0x80, 0x00, 0x1f, 0xe0, 0xfb, 0x00, 0x09, 0x3f, 0xc0, 0x00,
  0x03, 0xff, 0xf8, 0x00, 0x00, 0x0f, 0xe0, 0xfb, 0x00, 0x09, 0x3f, 0xc0, 0x00, 0x00, 0x0f, 0xc0, 0x00, 0x00, 0x07, 0xe0, 0xfb, 0x00, 0x00, 0x0f,
  0xfa, 0x00, 0x01, 0x01, 0xc0, 0x81, 0x00, 0x9e, 0x00, 0x98, 0x00, 0x01, 0x03, 0xc0, 0xf9, 0x00, 0x01, 0x07, 0x80, 0xfd, 0x00, 0x03, 0x07, 0xc0,
  0x01, 0x80, 0xfb, 0x00, 0x01, 0x0f, 0x80, 0xfd, 0x00, 0x03, 0x0f, 0xc0, 0x07, 0x80, 0xfb, 0x00, 0x02, 0x3f, 0x80, 0x20, 0xfe, 0x00, 0x03, 0x0f,
  0xc0, 0x1f, 0xc0, 0xfb, 0x00, 0x02, 0x3f, 0xe0, 0xfe, 0xfe, 0x00, 0x03, 0x0f, 0xfc, 0x7f, 0xd0, 0xfb, 0x00, 0x02, 0x3f, 0xe3, 0xfe, 0xfe, 0x00,
  0x03, 0x07, 0xfe, 0x7f, 0xf0, 0xfb, 0x00, 0x02, 0x3f, 0xff, 0xfe, 0xfe, 0x00, 0x03, 0x1f, 0xff, 0xff, 0xf0, 0xfb, 0x00, 0x09, 0x3f, 0xff, 0xff,
  0x80, 0x00, 0x00, 0x1f, 0xff, 0xff, 0xf0, 0xfb, 0x00, 0x09, 0x7f, 0xff, 0xff, 0x80, 0x00, 0x00, 0x1f, 0xff, 0xff, 0xf0, 0xfb, 0x00, 0xfe, 0xff,
  0x06, 0x80, 0x00, 0x00, 0x1f, 0xff, 0xff, 0xf8, 0xfb, 0x00, 0xfe, 0xff, 0x06, 0x80, 0x00, 0x00, 0x1f, 0xff, 0xff, 0xf8, 0xfb, 0x00, 0xfe, 0xff,
  0x06, 0x80, 0x00, 0x00, 0x1f, 0xff, 0xff, 0xf8, 0xfb, 0x00, 0xfe, 0xff, 0x06, 0xc0, 0x00, 0x00, 0x1f, 0xff, 0xff, 0xf8, 0xfb, 0x00, 0xfe, 0xff,
  0x06, 0xc0, 0x00, 0x00, 0x1f, 0xff, 0xff, 0xf8, 0xfb, 0x00, 0xfe, 0xff, 0x06, 0xc0, 0x00, 0x00, 0x1f, 0xcd, 0xff, 0xf0, 0xfb, 0x00, 0xfe, 0xff,
  0x06, 0xc0, 0x00, 0x00, 0x1f, 0xdf, 0xff, 0xf0, 0xfb, 0x00, 0xfe, 0xff, 0x06, 0xc0, 0x00, 0x00, 0x1f, 0xff, 0xff, 0xf8, 0xfb, 0x00, 0xfe, 0xff,
  0x06, 0xc0, 0x00, 0x00, 0x1f, 0xff, 0xff, 0xf8, 0xfb, 0x00, 0xfe, 0xff, 0x06, 0x80, 0x00, 0x00, 0x0f, 0xff, 0xff, 0xf8, 0xfb, 0x00, 0xfe, 0xff,
  0x06, 0x80, 0x7f, 0xf8, 0x07, 0xff, 0xff, 0xf8, 0xfb, 0x00, 0xfe, 0xff, 0x06, 0x83, 0xff, 0xfe, 0x07, 0xff, 0xff, 0xd0, 0xfb, 0x00, 0x09, 0x7f,
  0xff, 0xfe, 0x83, 0xff, 0xff, 0x07, 0xff, 0xff, 0xf0, 0xfb, 0x00, 0x09, 0x3f, 0xff, 0xfe, 0x07, 0xff, 0xff, 0x07, 0xff, 0xff, 0xd0, 0xfb, 0x00,
  0x09, 0x23, 0x7f, 0xfe, 0x07, 0xff, 0xff, 0x07, 0xff, 0xff, 0xc0, 0xfb, 0x00, 0x09, 0x2b, 0xff, 0xff, 0x07, 0xff, 0xff, 0x81, 0xff, 0xff, 0xc0,
  0xfb, 0x00, 0x09, 0x2a, 0xff, 0xe8, 0x07, 0xff, 0xff, 0x81, 0xff, 0xff, 0xc0, 0xfb, 0x00, 0x09, 0x0f, 0xff, 0xe8, 0x0f, 0xff, 0xff, 0x81, 0x5f,
  0xff, 0xc0, 0xfb, 0x00, 0x09, 0x0f, 0xff, 0xec, 0x0f, 0xf8, 0x7f, 0x80, 0x5f, 0xff, 0xc0, 0xfb, 0x00, 0x09, 0x0f, 0xff, 0xec, 0x0f, 0xc0, 0x1f,
  0x80, 0x5f, 0xff, 0xc0, 0xfb, 0x00, 0x09, 0x1f, 0xff, 0xf0, 0x0f, 0xc0, 0x1f, 0x80, 0x1f, 0xff, 0xe0, 0xfb, 0x00, 0x09, 0x3f, 0xff, 0xf0, 0x0f,
  0xe0, 0x3f, 0x80, 0x0f, 0xff, 0xf8, 0xfb, 0x00, 0x09, 0x7f, 0xff, 0xe0, 0x0f, 0xfe, 0xff, 0x80, 0x07, 0xff, 0xf8, 0xfb, 0x00, 0x09, 0xff, 0xff,
  0xe0, 0x07, 0x9f, 0xe7, 0x80, 0x07, 0xff, 0xfc, 0xfb, 0x00, 0x09, 0xff, 0xff, 0x80, 0x07, 0x06, 0x03, 0x80, 0x07, 0xff, 0xfc, 0xfb, 0x00, 0x09,
  0xff, 0xef, 0x00, 0x07, 0x00, 0x03, 0x00, 0x01, 0x9f, 0xfc, 0xfb, 0x00, 0x09, 0xff, 0xc0, 0x00, 0x07, 0x00, 0x07, 0x00, 0x00, 0x0f, 0xfc, 0xfb,
  0x00, 0x09, 0xff, 0x80, 0x00, 0x03, 0x80, 0x07, 0x00, 0x00, 0x07, 0xf8, 0xfb, 0x00, 0x09, 0x7f, 0x80, 0x00, 0x03, 0x80, 0x0e, 0x00, 0x00, 0x0f,
  0xc0, 0xfb, 0x00, 0x09, 0x0f, 0xc0, 0x00, 0x01, 0xc2, 0x9e, 0x00, 0x00, 0x1f, 0xc0, 0xfb, 0x00, 0x09, 0x1f, 0xe0, 0x00, 0x01, 0xff, 0xfc, 0x00,
  0x00, 0x1f, 0xe0, 0xfb, 0x00, 0x09, 0x3f, 0xe0, 0x00, 0x00, 0xff, 0xf8, 0x00, 0x00, 0x1f, 0xe0, 0xfb, 0x00, 0x09, 0x3f, 0xc0, 0x00, 0x00, 0x7f,
  0xf0, 0x00, 0x00, 0x1f, 0xe0, 0xfb, 0x00, 0x09, 0x3f, 0xc0, 0x00, 0x00, 0x1f, 0xe0, 0x00, 0x00, 0x0f, 0xe0, 0xfb, 0x00, 0x01, 0x1f, 0x80, 0xfb,
  0x00, 0x01, 0x07, 0xc0, 0x81, 0x00, 0x9e, 0x00, 0xb7, 0x00, 0x00, 0xe0, 0xf9, 0x00, 0x02, 0x03, 0xe0, 0xfe, 0xfe, 0x00, 0x02, 0x07, 0xf8, 0x1f,
  0xfa, 0x00, 0x09, 0x07, 0xe1, 0xfe, 0x80, 0x00, 0x00, 0x07, 0xfc, 0x7f, 0x80, 0xfb, 0x00, 0x09, 0x1f, 0xfb, 0xfe, 0x80, 0x00, 0x00, 0x0f, 0xff,
  0x7f, 0xc0, 0xfb, 0x00, 0x09, 0x3f, 0xff, 0xff, 0x80, 0x00, 0x00, 0x1f, 0xff, 0xff, 0xe0, 0xfb, 0x00, 0x09, 0x3f, 0xff, 0xfe, 0x80, 0x00, 0x00,
  0x1f, 0xff, 0xff, 0xf0, 0xfb, 0x00, 0x09, 0x7f, 0xff, 0xfe, 0xe0, 0x00, 0x00, 0x1f, 0xff, 0xff, 0xf8, 0xfb, 0x00, 0x09, 0x7f, 0xff, 0xff, 0xe0,
  0x00, 0x00, 0x1f, 0xff, 0xff, 0xf8, 0xfb, 0x00, 0xfe, 0xff, 0x06, 0x80, 0x00, 0x00, 0x1f, 0xff, 0xff, 0xf8, 0xfb, 0x00, 0xfe, 0xff, 0x06, 0xe0,
  0x00, 0x00, 0x1f, 0xff, 0xff, 0xf8, 0xfb, 0x00, 0xfe, 0xff, 0x06, 0xe0, 0x00, 0x00, 0x1f, 0xff, 0xff, 0xf8, 0xfb, 0x00, 0xfe, 0xff, 0x06, 0xe0,
  0x00, 0x00, 0x1f, 0xff, 0xff, 0xf8, 0xfb, 0x00, 0xfe, 0xff, 0x06, 0xe0, 0x00, 0x00, 0x1f, 0xff, 0xff, 0xf8, 0xfb, 0x00, 0xfe, 0xff, 0x06, 0xe0,
  0x00, 0x00, 0x1f, 0xff, 0xff, 0xf8, 0xfb, 0x00, 0xfe, 0xff, 0x06, 0xc0, 0x00, 0x00, 0x1f, 0xff, 0xff, 0xf8, 0xfb, 0x00, 0xfe, 0xff, 0x06, 0xc0,
  0x00, 0x00, 0x1f, 0xff, 0xff, 0xf0, 0xfb, 0x00, 0x09, 0x3f, 0xff, 0xff, 0xc0, 0x00, 0x00, 0x1f, 0xff, 0xff, 0xf0, 0xfb, 0x00, 0x09, 0x3f, 0xff,
  0xff, 0x80, 0x00, 0x00, 0x07, 0xff, 0xff, 0xe0, 0xfb, 0x00, 0x09, 0x3f, 0xff, 0xff, 0x80, 0x00, 0x00, 0x07, 0xff, 0xff, 0xc0, 0xfb, 0x00, 0x09,
  0x3f, 0xff, 0xff, 0x80, 0x00, 0x00, 0x07, 0xff, 0xff, 0xe0, 0xfb, 0x00, 0x09, 0x3f, 0xff, 0xff, 0x00, 0x3f, 0xf0, 0x07, 0xff, 0xff, 0xc0, 0xfb,
  0x00, 0x09, 0x0f, 0xff, 0xfe, 0x03, 0xff, 0xfe, 0x01, 0xff, 0xff, 0xc0, 0xfb, 0x00, 0x09, 0x0f, 0xff, 0xfe, 0x07, 0xff, 0xff, 0x01, 0xff, 0xff,
  0x80, 0xfb, 0x00, 0x08, 0x03, 0xff, 0xf8, 0x07, 0xff, 0xff, 0x00, 0x7f, 0xff, 0xfa, 0x00, 0x08, 0x03, 0xff, 0xf8, 0x07, 0xff, 0xff, 0x80, 0x7f,
  0xff, 0xfa, 0x00, 0x08, 0x03, 0xff, 0xe0, 0x07, 0xff, 0xff, 0x80, 0x5f, 0xfc, 0xf9, 0x00, 0x07, 0xff, 0xe0, 0x07, 0xf0, 0x7f, 0x00, 0x1f, 0xfc,
  0xf9, 0x00, 0x07, 0x7f, 0xc0, 0x07, 0xe0, 0x1f, 0x00, 0x07, 0xf0, 0xf9, 0x00, 0x07, 0x3f, 0x80, 0x07, 0xc0, 0x1f, 0x00, 0x01, 0xe0, 0xfa, 0x00,
  0x09, 0x02, 0x00, 0x00, 0x07, 0xc0, 0x0f, 0x00, 0x00, 0x0f, 0xc0, 0xfb, 0x00, 0x09, 0x1f, 0x80, 0x00, 0x03, 0xc0, 0x1e, 0x00, 0x00, 0x1f, 0xe0,
  0xfb, 0x00, 0x09, 0x3f, 0xe0, 0x00, 0x03, 0xc6, 0x1e, 0x00, 0x00, 0x3f, 0xf8, 0xfb, 0x00, 0x09, 0x7f, 0xe0, 0x00, 0x01, 0xff, 0xfc, 0x00, 0x00,
  0x3f, 0xf8, 0xfb, 0x00, 0x09, 0xff, 0xf0, 0x00, 0x00, 0x7f, 0xf8, 0x00, 0x00, 0x3f, 0xfc, 0xfc, 0x00, 0x0a, 0x01, 0xff, 0xf0, 0x00, 0x00, 0x3f,
  0xf0, 0x00, 0x00, 0x3f, 0xfc, 0xfc, 0x00, 0x0a, 0x01, 0xff, 0xf0, 0x00, 0x00, 0x1f, 0xe0, 0x00, 0x00, 0x3f, 0xfc, 0xfc, 0x00, 0x02, 0x01, 0xff,
  0xf0, 0xfb, 0x00, 0x01, 0x3f, 0xfe, 0xfc, 0x00, 0x02, 0x01, 0xff, 0xe0, 0xfb, 0x00, 0x01, 0x1f, 0xfc, 0xfb, 0x00, 0x01, 0xff, 0xc0, 0xfb, 0x00,
  0x01, 0x0f, 0xfc, 0xfb, 0x00, 0x01, 0xff, 0x80, 0xfb, 0x00, 0x01, 0x01, 0xf0, 0xfb, 0x00, 0x00, 0x3c, 0x81, 0x00, 0x81, 0x00, 0xc5, 0x00, 0x98,
  0x00, 0x02, 0x03, 0xd8, 0x0c, 0xfa, 0x00, 0x02, 0x03, 0xc0, 0xfe, 0xfe, 0x00, 0x03, 0x07, 0xfc, 0x1f, 0x80, 0xfb, 0x00, 0x09, 0x1f, 0xe1, 0xff,
  0x80, 0x00, 0x00, 0x0f, 0xfe, 0x7f, 0xe0, 0xfb, 0x00, 0x09, 0x3f, 0xff, 0xff, 0xc0, 0x00, 0x00, 0x1f, 0xff, 0xff, 0xe0, 0xfb, 0x00, 0x09, 0x7f,
  0xff, 0xff, 0xc0, 0x00, 0x00, 0x1f, 0xff, 0xff, 0xf8, 0xfb, 0x00, 0xfe, 0xff, 0x06, 0xe0, 0x00, 0x00, 0x1f, 0xff, 0xff, 0xf8, 0xfb, 0x00, 0xfe,
  0xff, 0x06, 0xe0, 0x00, 0x00, 0x1f, 0xff, 0xff, 0xf8, 0xfb, 0x00, 0xfe, 0xff, 0x06, 0xe0, 0x00, 0x00, 0x7f, 0xff, 0xff, 0xfc, 0xfb, 0x00, 0xfe,
  0xff, 0x06, 0xe0, 0x00, 0x00, 0x7f, 0xff, 0xff, 0xfc, 0xfb, 0x00, 0xfe, 0xff, 0x06, 0xe0, 0x00, 0x00, 0x7f, 0xff, 0xff, 0xf8, 0xfb, 0x00, 0xfe,
  0xff, 0x06, 0xe0, 0x00, 0x00, 0x7f, 0xff, 0xff, 0xf8, 0xfb, 0x00, 0xfe, 0xff, 0x06, 0x60, 0x00, 0x00, 0x3f, 0xff, 0xff, 0xf8, 0xfb, 0x00, 0x09,
  0xff, 0xff, 0xfe, 0xe0, 0x00, 0x00, 0x1f, 0xff, 0xff, 0xf8, 0xfb, 0x00, 0xfe, 0xff, 0x06, 0xe0, 0x00, 0x00, 0x1f, 0xff, 0xff, 0xf8, 0xfb, 0x00,
  0xfe, 0xff, 0x06, 0xc0, 0x00, 0x00, 0x1f, 0xdd, 0xff, 0xf8, 0xfb, 0x00, 0x09, 0x7f, 0xff, 0xff, 0xc0, 0x00, 0x00, 0x1f, 0xff, 0xff, 0xf8, 0xfb,
  0x00, 0x09, 0x3f, 0xff, 0xff, 0xc0, 0x00, 0x00, 0x07, 0xff, 0xff, 0xd0, 0xfb, 0x00, 0x09, 0x3f, 0xff, 0xff, 0x80, 0x00, 0x00, 0x07, 0xff, 0xff,
  0xe0, 0xfb, 0x00, 0x09, 0x3f, 0xff, 0xff, 0x80, 0x00, 0x00, 0x07, 0xff, 0xff, 0xc0, 0xfb, 0x00, 0x09, 0x3f, 0xff, 0xfe, 0x00, 0x1f, 0xe0, 0x07,
  0xff, 0xff, 0xc0, 0xfb, 0x00, 0x09, 0x0f, 0xff, 0xfe, 0x01, 0xff, 0xfe, 0x01, 0xff, 0xff, 0xc0, 0xfb, 0x00, 0x09, 0x0b, 0xff, 0xfe, 0x07, 0xff,
  0xff, 0x01, 0xff, 0xff, 0x80, 0xfb, 0x00, 0x08, 0x03, 0xff, 0xfc, 0x07, 0xff, 0xff, 0x80, 0x7f, 0xff, 0xfa, 0x00, 0x08, 0x03, 0xff, 0xf0, 0x07,
  0xff, 0xff, 0x80, 0x7f, 0xfe, 0xfa, 0x00, 0x08, 0x03, 0xff, 0xf0, 0x07, 0xff, 0xff, 0x80, 0x1f, 0xfe, 0xf9, 0x00, 0x07, 0x7f, 0xc0, 0x07, 0xfc,
  0xff, 0x80, 0x17, 0xf0, 0xf9, 0x00, 0x07, 0x3f, 0x80, 0x07, 0xc0, 0x1f, 0x00, 0x07, 0xe0, 0xf9, 0x00, 0x04, 0x02, 0x00, 0x07, 0xc0, 0x1f, 0xf6,
  0x00, 0x08, 0x02, 0x00, 0x03, 0xc0, 0x1f, 0x00, 0x00, 0x07, 0xc0, 0xfb, 0x00, 0x09, 0x3f, 0xc0, 0x00, 0x03, 0xc0, 0x1e, 0x00, 0x00, 0x1f, 0xf0,
  0xfb, 0x00, 0x09, 0x7f, 0xe0, 0x00, 0x01, 0xff, 0xfc, 0x00, 0x00, 0x3f, 0xf8, 0xfb, 0x00, 0x09, 0xff, 0xf0, 0x00, 0x00, 0xff, 0xf8, 0x00, 0x00,
  0x3f, 0xfc, 0xfb, 0x00, 0x09, 0xff, 0xf0, 0x00, 0x00, 0x7f, 0xf0, 0x00, 0x00, 0x3f, 0xfc, 0xfc, 0x00, 0x0a, 0x01, 0xff, 0xf0, 0x00, 0x00, 0x1f,
  0xc0, 0x00, 0x00, 0x3f, 0xfe, 0xfc, 0x00, 0x02, 0x01, 0xff, 0xf0, 0xfb, 0x00, 0x01, 0x3f, 0xfe, 0xfc, 0x00, 0x02, 0x01, 0xff, 0xe0, 0xfb, 0x00,
  0x01, 0x1f, 0xfe, 0xfc, 0x00, 0x02, 0x01, 0xff, 0xe0, 0xfb, 0x00, 0x01, 0x0f, 0xfc, 0xfb, 0x00, 0x01, 0xff, 0x80, 0xfb, 0x00, 0x01, 0x03, 0xf8,
  0xfb, 0x00, 0x00, 0x7e, 0x81, 0x00, 0x81, 0x00, 0xc5, 0x00, 0x81, 0x00, 0xfc, 0x00, 0x00, 0x7e, 0xfe, 0x00, 0x02, 0x03, 0xdc, 0x0f, 0xfa, 0x00,
  0x02, 0x0f, 0xe0, 0xff, 0xfe, 0x00, 0x03, 0x07, 0xfe, 0x7f, 0xc0, 0xfb, 0x00, 0x09, 0x3f, 0xf7, 0xff, 0x80, 0x00, 0x00, 0x0f, 0xff, 0xff, 0xe0,
  0xfb, 0x00, 0x09, 0x7f, 0xff, 0xff, 0xc0, 0x00, 0x00, 0x1f, 0xff, 0xff, 0xf0, 0xfb, 0x00, 0xfe, 0xff, 0x06, 0xe0, 0x00, 0x00, 0x1f, 0xff, 0xff,
  0xf8, 0xfb, 0x00, 0xfe, 0xff, 0x06, 0xe0, 0x00, 0x00, 0x7f, 0xff, 0xff, 0xfc, 0xfb, 0x00, 0xfe, 0xff, 0x06, 0xe0, 0x00, 0x00, 0x7f, 0xff, 0xff,
  0xfc, 0xfb, 0x00, 0xfe, 0xff, 0x06, 0xe0, 0x00, 0x00, 0x7f, 0xff, 0xff, 0xfc, 0xfb, 0x00, 0xfe, 0xff, 0x06, 0xf0, 0x00, 0x00, 0x7f, 0xff, 0xff,
  0xfc, 0xfb, 0x00, 0xfe, 0xff, 0x06, 0xe0, 0x00, 0x00, 0x7f, 0xff, 0xff, 0xfc, 0xfb, 0x00, 0xfe, 0xff, 0x06, 0xe0, 0x00, 0x00, 0x1f, 0xff, 0xff,
  0xfc, 0xfb, 0x00, 0xfe, 0xff, 0x06, 0xe0, 0x00, 0x00, 0x1f, 0xff, 0xff, 0xfc, 0xfb, 0x00, 0xfe, 0xff, 0x06, 0xe0, 0x00, 0x00, 0x1f, 0xff, 0xff,
  0xf8, 0xfb, 0x00, 0xfe, 0xff, 0x06, 0xe0, 0x00, 0x00, 0x1f, 0xff, 0xff, 0xf8, 0xfb, 0x00, 0xfe, 0xff, 0x06, 0xe0, 0x00, 0x00, 0x1f, 0xff, 0xff,
  0xf8, 0xfb, 0x00, 0xfe, 0xff, 0x06, 0xc0, 0x00, 0x00, 0x1f, 0xff, 0xff, 0xf0, 0xfb, 0x00, 0x09, 0x3f, 0xff, 0xff, 0x80, 0x00, 0x00, 0x07, 0xff,
  0xff, 0xf0, 0xfb, 0x00, 0x09, 0x3f, 0xff, 0xff, 0x80, 0x00, 0x00, 0x07, 0xff, 0xff, 0xe0, 0xfb, 0x00, 0x09, 0x3f, 0xff, 0xff, 0x00, 0x7f, 0xfc,
  0x03, 0xff, 0xff, 0xe0, 0xfb, 0x00, 0x09, 0x0f, 0xff, 0xfe, 0x03, 0xff, 0xff, 0x01, 0xff, 0xff, 0xc0, 0xfb, 0x00, 0x09, 0x0f, 0xff, 0xfe, 0x07,
  0xff, 0xff, 0x81, 0xff, 0xff, 0x80, 0xfb, 0x00, 0x08, 0x03, 0xff, 0xf8, 0x0f, 0xff, 0xff, 0x80, 0x7f, 0xff, 0xfa, 0x00, 0x08, 0x02, 0xff, 0xf8,
  0x0f, 0xff, 0xff, 0x80, 0x7f, 0xfe, 0xf9, 0x00, 0x07, 0xff, 0xe0, 0x0f, 0xff, 0xff, 0x80, 0x1f, 0xfc, 0xf9, 0x00, 0x07, 0xff, 0xe0, 0x0f, 0xf8,
  0x7f, 0x80, 0x07, 0xf0, 0xf9, 0x00, 0x07, 0x0e, 0x00, 0x07, 0xc0, 0x1f, 0x80, 0x07, 0xc0, 0xf9, 0x00, 0x04, 0x06, 0x00, 0x07, 0xc0, 0x1f, 0xf7,
  0x00, 0x09, 0x0a, 0x00, 0x00, 0x07, 0xc0, 0x1f, 0x00, 0x00, 0x07, 0xe0, 0xfb, 0x00, 0x09, 0x3f, 0xc0, 0x00, 0x03, 0xf6, 0x3e, 0x00, 0x00, 0x1f,
  0xf8, 0xfb, 0x00, 0x09, 0x7f, 0xe0, 0x00, 0x01, 0xff, 0xfc, 0x00, 0x00, 0x3f, 0xfc, 0xfb, 0x00, 0x09, 0xff, 0xf0, 0x00, 0x00, 0xff, 0xf8, 0x00,
  0x00, 0x3f, 0xfc, 0xfc, 0x00, 0x0a, 0x01, 0xff, 0xf0, 0x00, 0x00, 0x3f, 0xe0, 0x00, 0x00, 0x3f, 0xfe, 0xfc, 0x00, 0x02, 0x01, 0xff, 0xf0, 0xfb,
  0x00, 0x01, 0x3f, 0xfe, 0xfc, 0x00, 0x02, 0x03, 0xff, 0xf0, 0xfb, 0x00, 0x01, 0x3f, 0xfe, 0xfc, 0x00, 0x02, 0x01, 0xff, 0xe0, 0xfb, 0x00, 0x01,
  0x1f, 0xfe, 0xfc, 0x00, 0x02, 0x01, 0xff, 0xc0, 0xfb, 0x00, 0x01, 0x07, 0xfc, 0xfb, 0x00, 0x01, 0xff, 0x80, 0xfb, 0x00, 0x01, 0x03, 0xf8, 0xfb,
  0x00, 0x00, 0x5c, 0x81, 0x00, 0x81, 0x00, 0xd5, 0x00, 0x98, 0x00, 0x01, 0x01, 0xc0, 0xf9, 0x00, 0x02, 0x02, 0x80, 0x7e, 0xfe, 0x00, 0x02, 0x07,
  0xf8, 0x1f, 0xfa, 0x00, 0x02, 0x0f, 0xe1, 0xff, 0xfe, 0x00, 0x03, 0x07, 0xfe, 0x1f, 0x80, 0xfb, 0x00, 0x09, 0x3f, 0xf3, 0xff, 0x80, 0x00, 0x00,
  0x1f, 0xfe, 0xff, 0xc0, 0xfb, 0x00, 0x09, 0x7f, 0xff, 0xff, 0xc0, 0x00, 0x00, 0x1f, 0xff, 0xff, 0xf0, 0xfb, 0x00, 0x09, 0x7f, 0xff, 0xff, 0xe0,
  0x00, 0x00, 0x1f, 0xff, 0xff, 0xf0, 0xfb, 0x00, 0xfe, 0xff, 0x06, 0xe0, 0x00, 0x00, 0x1f, 0xff, 0xff, 0xf8, 0xfb, 0x00, 0xfe, 0xff, 0x06, 0xe0,
  0x00, 0x00, 0x7f, 0xff, 0xff, 0xfc, 0xfb, 0x00, 0xfe, 0xff, 0x06, 0xe0, 0x00, 0x00, 0x7f, 0xff, 0xff, 0xfc, 0xfb, 0x00, 0xfe, 0xff, 0x06, 0xe0,
  0x00, 0x00, 0x7f, 0xff, 0xff, 0xfc, 0xfb, 0x00, 0xfe, 0xff, 0x06, 0xf0, 0x00, 0x00, 0x7f, 0xff, 0xff, 0xfc, 0xfb, 0x00, 0xfe, 0xff, 0x06, 0xe0,
  0x00, 0x00, 0x7f, 0xff, 0xff, 0xfc, 0xfb, 0x00, 0xfe, 0xff, 0x06, 0xe0, 0x00, 0x00, 0x1f, 0xff, 0xff, 0xfc, 0xfb, 0x00, 0xfe, 0xff, 0x06, 0xe0,
  0x00, 0x00, 0x1f, 0xff, 0xff, 0xfc, 0xfb, 0x00, 0xfe, 0xff, 0x06, 0xc0, 0x00, 0x00, 0x1f, 0xff, 0xff, 0xf8, 0xfb, 0x00, 0xfe, 0xff, 0x06, 0xc0,
  0x00, 0x00, 0x1f, 0xff, 0xff, 0xf8, 0xfb, 0x00, 0xfe, 0xff, 0x06, 0xc0, 0x00, 0x00, 0x1f, 0xff, 0xff, 0xf0, 0xfb, 0x00, 0x09, 0x3f, 0xff, 0xff,
  0x80, 0x00, 0x00, 0x07, 0xff, 0xff, 0xf0, 0xfb, 0x00, 0x09, 0x3f, 0xff, 0xff, 0x80, 0x00, 0x00, 0x07, 0xff, 0xff, 0xc0, 0xfb, 0x00, 0x09, 0x3f,
  0xff, 0xff, 0x00, 0x07, 0xc0, 0x07, 0xff, 0xff, 0xc0, 0xfb, 0x00, 0x09, 0x2f, 0xff, 0xff, 0x00, 0xff, 0xfe, 0x01, 0xff, 0xff, 0xc0, 0xfb, 0x00,
  0x09, 0x0f, 0xff, 0xfe, 0x07, 0xff, 0xff, 0x01, 0xff, 0xff, 0x80, 0xfb, 0x00, 0x08, 0x03, 0xff, 0xfc, 0x07, 0xff, 0xff, 0x80, 0x7f, 0xff, 0xfa,
  0x00, 0x08, 0x03, 0xff, 0xf0, 0x0f, 0xff, 0xff, 0x80, 0x7f, 0xfe, 0xfa, 0x00, 0x08, 0x02, 0xff, 0xf0, 0x0f, 0xff, 0xff, 0x80, 0x5f, 0xfe, 0xf9,
  0x00, 0x07, 0xff, 0xc0, 0x0f, 0xff, 0xff, 0x80, 0x1f, 0xf8, 0xf9, 0x00, 0x07, 0x3f, 0xc0, 0x07, 0xe0, 0x3f, 0x80, 0x07, 0xe0, 0xf9, 0x00, 0x04,
  0x02, 0x00, 0x07, 0xc0, 0x1f, 0xf6, 0x00, 0x08, 0x02, 0x00, 0x07, 0xc0, 0x1f, 0x00, 0x00, 0x07, 0xc0, 0xfb, 0x00, 0x09, 0x1f, 0x80, 0x00, 0x03,
  0xc0, 0x1e, 0x00, 0x00, 0x1f, 0xf0, 0xfb, 0x00, 0x09, 0x7f, 0xe0, 0x00, 0x01, 0xff, 0xfe, 0x00, 0x00, 0x3f, 0xf8, 0xfb, 0x00, 0x09, 0xff, 0xf0,
  0x00, 0x00, 0xff, 0xf8, 0x00, 0x00, 0x3f, 0xfc, 0xfb, 0x00, 0x09, 0xff, 0xf0, 0x00, 0x00, 0x7f, 0xf0, 0x00, 0x00, 0x3f, 0xfc, 0xfc, 0x00, 0x0a,
  0x01, 0xff, 0xf0, 0x00, 0x00, 0x1f, 0xc0, 0x00, 0x00, 0x3f, 0xfe, 0xfc, 0x00, 0x02, 0x01, 0xff, 0xf0, 0xfb, 0x00, 0x01, 0x3f, 0xfe, 0xfc, 0x00,
  0x02, 0x03, 0xff, 0xe0, 0xfb, 0x00, 0x01, 0x3f, 0xfe, 0xfc, 0x00, 0x02, 0x01, 0xff, 0xe0, 0xfb, 0x00, 0x01, 0x1f, 0xfc, 0xfb, 0x00, 0x01, 0xff,
  0xc0, 0xfb, 0x00, 0x01, 0x07, 0xfc, 0xfb, 0x00, 0x00, 0x7e, 0xf9, 0x00, 0x00, 0x60, 0x81, 0x00, 0x81, 0x00, 0xce, 0x00, 0x98, 0x00, 0x01, 0x01,
  0xc0, 0xf9, 0x00, 0x02, 0x02, 0x80, 0x7e, 0xfe, 0x00, 0x02, 0x07, 0xf0, 0x1f, 0xfa, 0x00, 0x09, 0x1f, 0xe1, 0xfe, 0x80, 0x00, 0x00, 0x07, 0xfe,
  0x3f, 0x80, 0xfb, 0x00, 0x09, 0x3f, 0xf3, 0xff, 0x80, 0x00, 0x00, 0x1f, 0xfe, 0xff, 0xc0, 0xfb, 0x00, 0x09, 0x7f, 0xff, 0xff, 0xc0, 0x00, 0x00,
  0x1f, 0xff, 0xff, 0xf0, 0xfb, 0x00, 0x09, 0x7f, 0xff, 0xff, 0xe0, 0x00, 0x00, 0x1f, 0xff, 0xff, 0xf0, 0xfb, 0x00, 0xfe, 0xff, 0x06, 0xe0, 0x00,
  0x00, 0x1f, 0xff, 0xff, 0xf8, 0xfb, 0x00, 0xfe, 0xff, 0x06, 0xe0, 0x00, 0x00, 0x7f, 0xff, 0xff, 0xfc, 0xfb, 0x00, 0xfe, 0xff, 0x06, 0xe0, 0x00,
  0x00, 0x7f, 0xff, 0xff, 0xfc, 0xfb, 0x00, 0xfe, 0xff, 0x06, 0xe0, 0x00, 0x00, 0x7f, 0xff, 0xff, 0xfc, 0xfb, 0x00, 0xfe, 0xff, 0x06, 0x70, 0x00,
  0x00, 0x7f, 0xff, 0xff, 0xfc, 0xfb, 0x00, 0xfe, 0xff, 0x06, 0x60, 0x00, 0x00, 0x7f, 0xff, 0xff, 0xfc, 0xfb, 0x00, 0xfe, 0xff, 0x06, 0xe0, 0x00,
  0x00, 0x1f, 0xff, 0xff, 0xfc, 0xfb, 0x00, 0xfe, 0xff, 0x06, 0xa0, 0x00, 0x00, 0x1f, 0xff, 0xff, 0xf8, 0xfb, 0x00, 0xfe, 0xff, 0x06, 0xc0, 0x00,
  0x00, 0x1f, 0xff, 0xff, 0xf8, 0xfb, 0x00, 0xfe, 0xff, 0x06, 0xc0, 0x00, 0x00, 0x1f, 0xff, 0xff, 0xf8, 0xfb, 0x00, 0x09, 0xbf, 0xff, 0xff, 0xc0,
  0x00, 0x00, 0x1f, 0xff, 0xff, 0xf0, 0xfb, 0x00, 0x09, 0x3f, 0xff, 0xff, 0x80, 0x00, 0x00, 0x07, 0xff, 0xff, 0xf0, 0xfb, 0x00, 0x09, 0x3f, 0xff,
  0xff, 0x80, 0x00, 0x00, 0x07, 0xff, 0xff, 0xd0, 0xfb, 0x00, 0x09, 0x3f, 0xff, 0xff, 0x00, 0x1f, 0xc0, 0x07, 0xff, 0xff, 0xc0, 0xfb, 0x00, 0x09,
  0x2f, 0xff, 0xff, 0x03, 0xff, 0xfe, 0x01, 0xff, 0xff, 0xc0, 0xfb, 0x00, 0x09, 0x0f, 0xff, 0xfe, 0x07, 0xff, 0xff, 0x81, 0xff, 0xff, 0x80, 0xfb,
  0x00, 0x09, 0x0f, 0xff, 0xfc, 0x0f, 0xff, 0xff, 0x80, 0x7f, 0xff, 0x80, 0xfb, 0x00, 0x08, 0x03, 0xff, 0xf0, 0x0f, 0xff, 0xff, 0x80, 0x7f, 0xfe,
  0xfa, 0x00, 0x08, 0x02, 0xff, 0xf0, 0x0f, 0xff, 0xff, 0x80, 0x1f, 0xfe, 0xf9, 0x00, 0x07, 0xff, 0xc0, 0x0f, 0xff, 0xff, 0x80, 0x1f, 0xf0, 0xf9,
  0x00, 0x07, 0x3f, 0xc0, 0x07, 0xe0, 0x3f, 0x80, 0x07, 0xe0, 0xf9, 0x00, 0x04, 0x02, 0x00, 0x07, 0xc0, 0x1f, 0xf6, 0x00, 0x08, 0x02, 0x00, 0x07,
  0xc0, 0x1f, 0x00, 0x00, 0x0f, 0xc0, 0xfb, 0x00, 0x09, 0x3f, 0x80, 0x00, 0x03, 0xc0, 0x1e, 0x00, 0x00, 0x1f, 0xf0, 0xfb, 0x00, 0x09, 0x7f, 0xe0,
  0x00, 0x01, 0xff, 0xfc, 0x00, 0x00, 0x3f, 0xf8, 0xfb, 0x00, 0x09, 0xff, 0xf0, 0x00, 0x00, 0xff, 0xf8, 0x00, 0x00, 0x3f, 0xfc, 0xfb, 0x00, 0x09,
  0xff, 0xf0, 0x00, 0x00, 0x7f, 0xf0, 0x00, 0x00, 0x3f, 0xfc, 0xfc, 0x00, 0x0a, 0x01, 0xff, 0xf0, 0x00, 0x00, 0x1f, 0xc0, 0x00, 0x00, 0x3f, 0xfe,
  0xfc, 0x00, 0x02, 0x01, 0xff, 0xf0, 0xfb, 0x00, 0x01, 0x3f, 0xfe, 0xfc, 0x00, 0x02, 0x03, 0xff, 0xe0, 0xfb, 0x00, 0x01, 0x3f, 0xfe, 0xfc, 0x00,
  0x02, 0x01, 0xff, 0xe0, 0xfb, 0x00, 0x01, 0x1f, 0xfc, 0xfb, 0x00, 0x01, 0xff, 0xc0, 0xfb, 0x00, 0x01, 0x07, 0xfc, 0xfb, 0x00, 0x00, 0x7e, 0xf9,
  0x00, 0x00, 0x20, 0x81, 0x00, 0x81, 0x00, 0xce, 0x00, 0x98, 0x00, 0x01, 0x01, 0xc0, 0xf9, 0x00, 0x02, 0x02, 0x80, 0xfe, 0xfe, 0x00, 0x02, 0x07,
  0xf4, 0x1f, 0xfa, 0x00, 0x09, 0x1f, 0xe1, 0xfe, 0x80, 0x00, 0x00, 0x0f, 0xfe, 0x3f, 0xc0, 0xfb, 0x00, 0x09, 0x3f, 0xf3, 0xfe, 0x80, 0x00, 0x00,
  0x1f, 0xfe, 0x7f, 0xc0, 0xfb, 0x00, 0x09, 0x7f, 0xf7, 0xff, 0xc0, 0x00, 0x00, 0x1f, 0xff, 0xff, 0xf0, 0xfb, 0x00, 0xfe, 0xff, 0x06, 0xe0, 0x00,
  0x00, 0x1f, 0xff, 0xff, 0xf0, 0xfb, 0x00, 0xfe, 0xff, 0x06, 0xe0, 0x00, 0x00, 0x3f, 0xff, 0xff, 0xf8, 0xfb, 0x00, 0xfe, 0xff, 0x06, 0xe0, 0x00,
  0x00, 0x7f, 0xff, 0xff, 0xfc, 0xfb, 0x00, 0xfe, 0xff, 0x06, 0xc0, 0x00, 0x00, 0x7f, 0xff, 0xff, 0xfc, 0xfb, 0x00, 0xfe, 0xff, 0x06, 0xe0, 0x00,
  0x00, 0x7f, 0xff, 0xff, 0xfc, 0xfb, 0x00, 0xfe, 0xff, 0x06, 0xb0, 0x00, 0x00, 0x7f, 0xff, 0xff, 0xfc, 0xfb, 0x00, 0xfe, 0xff, 0x06, 0x60, 0x00,
  0x00, 0x7f, 0xff, 0xff, 0xfc, 0xfb, 0x00, 0xfe, 0xff, 0x06, 0xe0, 0x00, 0x00, 0x1f, 0xff, 0xff, 0xfc, 0xfb, 0x00, 0xfe, 0xff, 0x06, 0xe0, 0x00,
  0x00, 0x1f, 0xff, 0xff, 0xf8, 0xfb, 0x00, 0xfe, 0xff, 0x06, 0xc0, 0x00, 0x00, 0x1f, 0xff, 0xff, 0xf8, 0xfb, 0x00, 0xfe, 0xff, 0x06, 0xc0, 0x00,
  0x00, 0x1f, 0xff, 0xff, 0xf8, 0xfb, 0x00, 0x09, 0xbf, 0xff, 0xff, 0xc0, 0x00, 0x00, 0x1f, 0xff, 0xff, 0xf0, 0xfb, 0x00, 0x09, 0x3f, 0xff, 0xff,
  0x80, 0x00, 0x00, 0x07, 0xff, 0xff, 0xf0, 0xfb, 0x00, 0x09, 0x3f, 0xff, 0xff, 0x80, 0x00, 0x00, 0x07, 0xff, 0xff, 0xd0, 0xfb, 0x00, 0x09, 0x3f,
  0xff, 0xff, 0x00, 0x0f, 0xc0, 0x07, 0xff, 0xff, 0xc0, 0xfb, 0x00, 0x09, 0x2f, 0xff, 0xff, 0x01, 0xff, 0xfe, 0x01, 0xff, 0xff, 0xc0, 0xfb, 0x00,
  0x09, 0x0f, 0xff, 0xfe, 0x07, 0xff, 0xff, 0x01, 0xff, 0xff, 0x80, 0xfb, 0x00, 0x08, 0x03, 0xff, 0xfc, 0x0f, 0xff, 0xff, 0x80, 0x7f, 0xff, 0xfa,
  0x00, 0x08, 0x03, 0xff, 0xf0, 0x0f, 0xff, 0xff, 0x80, 0x7f, 0xfe, 0xfa, 0x00, 0x08, 0x02, 0xff, 0xf0, 0x0f, 0xff, 0xff, 0x80, 0x1f, 0xfc, 0xf9,
  0x00, 0x07, 0xff, 0xc0, 0x0f, 0xff, 0xff, 0x80, 0x1f, 0xf0, 0xf9, 0x00, 0x07, 0x3f, 0xc0, 0x07, 0xe0, 0x3f, 0x80, 0x07, 0xe0, 0xf9, 0x00, 0x04,
  0x02, 0x00, 0x07, 0xc0, 0x1f, 0xf6, 0x00, 0x08, 0x02, 0x00, 0x07, 0xc0, 0x1f, 0x00, 0x00, 0x0f, 0xc0, 0xfb, 0x00, 0x09, 0x3f, 0x80, 0x00, 0x03,
  0xc0, 0x1e, 0x00, 0x00, 0x1f, 0xf0, 0xfb, 0x00, 0x09, 0x7f, 0xe0, 0x00, 0x01, 0xff, 0xfc, 0x00, 0x00, 0x3f, 0xf8, 0xfb, 0x00, 0x09, 0xff, 0xf0,
  0x00, 0x00, 0xff, 0xf8, 0x00, 0x00, 0x3f, 0xfc, 0xfb, 0x00, 0x09, 0xff, 0xf0, 0x00, 0x00, 0x7f, 0xf0, 0x00, 0x00, 0x3f, 0xfc, 0xfc, 0x00, 0x0a,
  0x01, 0xff, 0xf0, 0x00, 0x00, 0x1f, 0xc0, 0x00, 0x00, 0x3f, 0xfc, 0xfc, 0x00, 0x02, 0x01, 0xff, 0xf0, 0xfb, 0x00, 0x01, 0x3f, 0xfe, 0xfc, 0x00,
  0x02, 0x03, 0xff, 0xe0, 0xfb, 0x00, 0x01, 0x3f, 0xfc, 0xfc, 0x00, 0x02, 0x01, 0xff, 0xe0, 0xfb, 0x00, 0x01, 0x0f, 0xfc, 0xfb, 0x00, 0x01, 0xff,
  0xc0, 0xfb, 0x00, 0x01, 0x07, 0xfc, 0xfb, 0x00, 0x00, 0x7e, 0xf9, 0x00, 0x00, 0x20, 0x81, 0x00, 0x81, 0x00, 0xce, 0x00, 0x98, 0x00, 0x01, 0x01,
  0xd0, 0xf9, 0x00, 0x02, 0x02, 0x80, 0xfe, 0xfe, 0x00, 0x02, 0x07, 0xfc, 0x1f, 0xfa, 0x00, 0x09, 0x1f, 0xe1, 0xff, 0x80, 0x00, 0x00, 0x0f, 0xfe,
  0x3f, 0xc0, 0xfb, 0x00, 0x09, 0x3f, 0xf3, 0xfe, 0x80, 0x00, 0x00, 0x1f, 0xfe, 0x7f, 0xc0, 0xfb, 0x00, 0x09, 0x7f, 0xf7, 0xff, 0xc0, 0x00, 0x00,
  0x1f, 0xff, 0xff, 0xf0, 0xfb, 0x00, 0xfe, 0xff, 0x06, 0xe0, 0x00, 0x00, 0x1f, 0xff, 0xff, 0xf0, 0xfb, 0x00, 0xfe, 0xff, 0x06, 0xe0, 0x00, 0x00,
  0x3f, 0xff, 0xff, 0xf8, 0xfb, 0x00, 0xfe, 0xff, 0x06, 0xe0, 0x00, 0x00, 0x7f, 0xff, 0xff, 0xfc, 0xfb, 0x00, 0xfe, 0xff, 0x06, 0xc0, 0x00, 0x00,
  0x7f, 0xff, 0xff, 0xfc, 0xfb, 0x00, 0xfe, 0xff, 0x06, 0xe0, 0x00, 0x00, 0x7f, 0xff, 0xff, 0xfc, 0xfb, 0x00, 0xfe, 0xff, 0x06, 0xb0, 0x00, 0x00,
  0x7f, 0xff, 0xff, 0xfc, 0xfb, 0x00, 0xfe, 0xff, 0x06, 0x60, 0x00, 0x00, 0x7f, 0xff, 0xff, 0xfc, 0xfb, 0x00, 0xfe, 0xff, 0x06, 0xe0, 0x00, 0x00,
  0x1f, 0xff, 0xff, 0xfc, 0xfb, 0x00, 0xfe, 0xff, 0x06, 0xe0, 0x00, 0x00, 0x1f, 0xff, 0xff, 0xf8, 0xfb, 0x00, 0xfe, 0xff, 0x06, 0xc0, 0x00, 0x00,
  0x1f, 0xff, 0xff, 0xf8, 0xfb, 0x00, 0xfe, 0xff, 0x06, 0xc0, 0x00, 0x00, 0x1f, 0xff, 0xff, 0xf8, 0xfb, 0x00, 0x09, 0xbf, 0xff, 0xff, 0xc0, 0x00,
  0x00, 0x1f, 0xff, 0xff, 0xf8, 0xfb, 0x00, 0x09, 0x3f, 0xff, 0xff, 0x80, 0x00, 0x00, 0x07, 0xff, 0xff, 0xf0, 0xfb, 0x00, 0x09, 0x3f, 0xff, 0xff,
  0x80, 0x00, 0x00, 0x07, 0xff, 0xff, 0xf0, 0xfb, 0x00, 0x09, 0x3f, 0xff, 0xff, 0x00, 0x1f, 0xc0, 0x07, 0xff, 0xff, 0xc0, 0xfb, 0x00, 0x09, 0x2f,
  0xff, 0xff, 0x01, 0xff, 0xfe, 0x01, 0xff, 0xff, 0xc0, 0xfb, 0x00, 0x09, 0x0f, 0xff, 0xfe, 0x07, 0xff, 0xff, 0x01, 0xff, 0xff, 0x80, 0xfb, 0x00,
  0x09, 0x0b, 0xff, 0xfc, 0x0f, 0xff, 0xff, 0x80, 0x7f, 0xff, 0x80, 0xfb, 0x00, 0x08, 0x03, 0xff, 0xf0, 0x0f, 0xff, 0xff, 0x80, 0x7f, 0xfe, 0xfa,
  0x00, 0x08, 0x02, 0xff, 0xf0, 0x0f, 0xff, 0xff, 0x80, 0x1f, 0xfe, 0xf9, 0x00, 0x07, 0xff, 0xe0, 0x0f, 0xff, 0xff, 0x80, 0x1f, 0xf0, 0xf9, 0x00,
  0x07, 0x3f, 0xc0, 0x07, 0xe0, 0x3f, 0x80, 0x07, 0xe0, 0xf9, 0x00, 0x04, 0x02, 0x00, 0x07, 0xc0, 0x1f, 0xf6, 0x00, 0x08, 0x02, 0x00, 0x07, 0xc0,
  0x1f, 0x00, 0x00, 0x0f, 0xc0, 0xfb, 0x00, 0x09, 0x3f, 0x80, 0x00, 0x03, 0xc0, 0x1e, 0x00, 0x00, 0x1f, 0xf0, 0xfb, 0x00, 0x09, 0x7f, 0xe0, 0x00,
  0x01, 0xff, 0xfc, 0x00, 0x00, 0x3f, 0xf8, 0xfb, 0x00, 0x09, 0xff, 0xf0, 0x00, 0x00, 0xff, 0xf8, 0x00, 0x00, 0x3f, 0xfc, 0xfb, 0x00, 0x09, 0xff,
  0xf0, 0x00, 0x00, 0x7f, 0xf0, 0x00, 0x00, 0x7f, 0xfc, 0xfc, 0x00, 0x0a, 0x01, 0xff, 0xf0, 0x00, 0x00, 0x1f, 0xc0, 0x00, 0x00, 0x3f, 0xfc, 0xfc,
  0x00, 0x02, 0x01, 0xff, 0xf0, 0xfb, 0x00, 0x01, 0x3f, 0xfe, 0xfc, 0x00, 0x02, 0x03, 0xff, 0xe0, 0xfb, 0x00, 0x01, 0x3f, 0xfc, 0xfc, 0x00, 0x02,
  0x01, 0xff, 0xe0, 0xfb, 0x00, 0x01, 0x0f, 0xfc, 0xfb, 0x00, 0x01, 0xff, 0xc0, 0xfb, 0x00, 0x01, 0x07, 0xfc, 0xfb, 0x00, 0x00, 0x7e, 0xf9, 0x00,
  0x00, 0x20, 0x81, 0x00, 0x81, 0x00, 0xce, 0x00, 0x98, 0x00, 0x01, 0x01, 0xd0, 0xf9, 0x00, 0x02, 0x02, 0x80, 0xfe, 0xfe, 0x00, 0x02, 0x07, 0xfc,
  0x1f, 0xfa, 0x00, 0x09, 0x1f, 0xe1, 0xff, 0x80, 0x00, 0x00, 0x0f, 0xfe, 0x3f, 0xc0, 0xfb, 0x00, 0x09, 0x3f, 0xf3, 0xff, 0x80, 0x00, 0x00, 0x1f,
  0xfe, 0x7f, 0xc0, 0xfb, 0x00, 0x09, 0x7f, 0xf7, 0xff, 0xc0, 0x00, 0x00, 0x1f, 0xff, 0xff, 0xe0, 0xfb, 0x00, 0xfe, 0xff, 0x06, 0xe0, 0x00, 0x00,
  0x1f, 0xff, 0xff, 0xf0, 0xfb, 0x00, 0xfe, 0xff, 0x06, 0xe0, 0x00, 0x00, 0x3f, 0xff, 0xff, 0xf8, 0xfb, 0x00, 0xfe, 0xff, 0x06, 0xe0, 0x00, 0x00,
  0x7f, 0xff, 0xff, 0xfc, 0xfb, 0x00, 0xfe, 0xff, 0x06, 0xc0, 0x00, 0x00, 0x7f, 0xff, 0xff, 0xfc, 0xfb, 0x00, 0xfe, 0xff, 0x06, 0xe0, 0x00, 0x00,
  0x7f, 0xff, 0xff, 0xfc, 0xfb, 0x00, 0xfe, 0xff, 0x06, 0xf0, 0x00, 0x00, 0x7f, 0xff, 0xff, 0xfc, 0xfb, 0x00, 0xfe, 0xff, 0x06, 0x60, 0x00, 0x00,
  0x7f, 0xff, 0xff, 0xfc, 0xfb, 0x00, 0x09, 0xff, 0xff, 0xfe, 0xe0, 0x00, 0x00, 0x1f, 0xff, 0xff, 0xfc, 0xfb, 0x00, 0xfe, 0xff, 0x06, 0xe0, 0x00,
  0x00, 0x1f, 0xff, 0xff, 0xf8, 0xfb, 0x00, 0xfe, 0xff, 0x06, 0xc0, 0x00, 0x00, 0x1f, 0xff, 0xff, 0xf8, 0xfb, 0x00, 0xfe, 0xff, 0x06, 0xc0, 0x00,
  0x00, 0x1f, 0xef, 0xff, 0xf8, 0xfb, 0x00, 0x09, 0xbf, 0xff, 0xff, 0xc0, 0x00, 0x00, 0x1f, 0xef, 0xff, 0xf8, 0xfb, 0x00, 0x09, 0x3f, 0xff, 0xff,
  0x80, 0x00, 0x00, 0x07, 0xff, 0xff, 0xf0, 0xfb, 0x00, 0x09, 0x3f, 0xff, 0xff, 0x80, 0x00, 0x00, 0x07, 0xf7, 0xff, 0xd0, 0xfb, 0x00, 0x09, 0x3f,
  0xff, 0xff, 0x00, 0x0f, 0xc0, 0x07, 0xff, 0xff, 0xc0, 0xfb, 0x00, 0x09, 0x2f, 0xff, 0xff, 0x01, 0xff, 0xfe, 0x01, 0xff, 0xff, 0xc0, 0xfb, 0x00,
  0x09, 0x0f, 0xff, 0xfe, 0x07, 0xff, 0xff, 0x01, 0xff, 0xff, 0x80, 0xfb, 0x00, 0x08, 0x03, 0xff, 0xfc, 0x0f, 0xff, 0xff, 0x80, 0x7f, 0xff, 0xfa,
  0x00, 0x08, 0x02, 0xff, 0xf0, 0x0f, 0xff, 0xff, 0x80, 0x7f, 0xfe, 0xfa, 0x00, 0x08, 0x02, 0xff, 0xf0, 0x0f, 0xff, 0xff, 0x80, 0x5f, 0xfc, 0xf9,
  0x00, 0x07, 0xbf, 0xc0, 0x0f, 0xff, 0xff, 0x80, 0x1f, 0xf0, 0xf9, 0x00, 0x07, 0x3f, 0xc0, 0x07, 0xe0, 0x3f, 0x80, 0x07, 0xe0, 0xf9, 0x00, 0x04,
  0x02, 0x00, 0x07, 0xc0, 0x1f, 0xf6, 0x00, 0x08, 0x02, 0x00, 0x07, 0xc0, 0x1f, 0x00, 0x00, 0x07, 0xc0, 0xfb, 0x00, 0x09, 0x3f, 0x80, 0x00, 0x03,
  0xc0, 0x1e, 0x00, 0x00, 0x1f, 0xf0, 0xfb, 0x00, 0x09, 0x7f, 0xe0, 0x00, 0x01, 0xff, 0xfc, 0x00, 0x00, 0x3f, 0xf8, 0xfb, 0x00, 0x09, 0xff, 0xf0,
  0x00, 0x00, 0xff, 0xf8, 0x00, 0x00, 0x3f, 0xfc, 0xfb, 0x00, 0x09, 0xff, 0xf0, 0x00, 0x00, 0x7f, 0xf0, 0x00, 0x00, 0x7f, 0xfc, 0xfc, 0x00, 0x0a,
  0x01, 0xff, 0xf0, 0x00, 0x00, 0x1f, 0xc0, 0x00, 0x00, 0x3f, 0xfc, 0xfc, 0x00, 0x02, 0x01, 0xff, 0xf0, 0xfb, 0x00, 0x01, 0x3f, 0xfe, 0xfc, 0x00,
  0x02, 0x03, 0xff, 0xe0, 0xfb, 0x00, 0x01, 0x3f, 0xfc, 0xfc, 0x00, 0x02, 0x01, 0xff, 0xe0, 0xfb, 0x00, 0x01, 0x0f, 0xfc, 0xfb, 0x00, 0x01, 0xff,
  0xc0, 0xfb, 0x00, 0x01, 0x07, 0xfc, 0xfb, 0x00, 0x00, 0x7e, 0xf9, 0x00, 0x00, 0x20, 0x81, 0x00, 0x81, 0x00, 0xce, 0x00, 0x98, 0x00, 0x01, 0x01,
  0xd0, 0xf9, 0x00, 0x02, 0x02, 0x80, 0x7e, 0xfe, 0x00, 0x02, 0x07, 0xfc, 0x1f, 0xfa, 0x00, 0x09, 0x1f, 0xe1, 0xff, 0x80, 0x00, 0x00, 0x0f, 0xfe,
  0x3f, 0xc0, 0xfb, 0x00, 0x09, 0x3f, 0xf3, 0xfe, 0x80, 0x00, 0x00, 0x1f, 0xfe, 0x7f, 0xc0, 0xfb, 0x00, 0x09, 0x7f, 0xf7, 0xff, 0xc0, 0x00, 0x00,
  0x1f, 0xff, 0xff, 0xe0, 0xfb, 0x00, 0xfe, 0xff, 0x06, 0xe0, 0x00, 0x00, 0x1f, 0xff, 0xff, 0xf0, 0xfb, 0x00, 0xfe, 0xff, 0x06, 0xe0, 0x00, 0x00,
  0x3f, 0xff, 0xff, 0xf8, 0xfb, 0x00, 0xfe, 0xff, 0x06, 0xe0, 0x00, 0x00, 0x7f, 0xff, 0xff, 0xfc, 0xfb, 0x00, 0xfe, 0xff, 0x06, 0xe0, 0x00, 0x00,
  0x7f, 0xff, 0xff, 0xfc, 0xfb, 0x00, 0xfe, 0xff, 0x06, 0xe0, 0x00, 0x00, 0x7f, 0xff, 0xff, 0xfc, 0xfb, 0x00, 0xfe, 0xff, 0x06, 0xf0, 0x00, 0x00,
  0x7f, 0xff, 0xff, 0xfc, 0xfb, 0x00, 0xfe, 0xff, 0x06, 0x60, 0x00, 0x00, 0x7f, 0xff, 0xff, 0xfc, 0xfb, 0x00, 0xfe, 0xff, 0x06, 0xe0, 0x00, 0x00,
  0x1f, 0xff, 0xff, 0xfc, 0xfb, 0x00, 0xfe, 0xff, 0x06, 0xe0, 0x00, 0x00, 0x1f, 0xff, 0xff, 0xf8, 0xfb, 0x00, 0xfe, 0xff, 0x06, 0xc0, 0x00, 0x00,
  0x1f, 0xff, 0xff, 0xf8, 0xfb, 0x00, 0xfe, 0xff, 0x06, 0xc0, 0x00, 0x00, 0x1f, 0xff, 0xff, 0xf8, 0xfb, 0x00, 0xfe, 0xff, 0x06, 0xc0, 0x00, 0x00,
  0x1f, 0xff, 0xff, 0xf0, 0xfb, 0x00, 0x09, 0x3f, 0xff, 0xff, 0x80, 0x00, 0x00, 0x07, 0xff, 0xff, 0xf0, 0xfb, 0x00, 0x09, 0x3f, 0xff, 0xff, 0x80,
  0x00, 0x00, 0x07, 0xff, 0xff, 0xf0, 0xfb, 0x00, 0x09, 0x3f, 0xff, 0xff, 0x00, 0x0f, 0xc0, 0x07, 0xff, 0xff, 0xc0, 0xfb, 0x00, 0x09, 0x2f, 0xff,
  0xff, 0x01, 0xff, 0xfe, 0x01, 0xff, 0xff, 0xc0, 0xfb, 0x00, 0x09, 0x0f, 0xff, 0xfe, 0x07, 0xff, 0xff, 0x01, 0xff, 0xff, 0x80, 0xfb, 0x00, 0x09,
  0x0b, 0xff, 0xfc, 0x0f, 0xff, 0xff, 0x80, 0x7f, 0xff, 0x80, 0xfb, 0x00, 0x08, 0x03, 0xff, 0xf0, 0x0f, 0xff, 0xff, 0x80, 0x7f, 0xfe, 0xfa, 0x00,
  0x08, 0x03, 0xff, 0xf0, 0x0f, 0xff, 0xff, 0x80, 0x3f, 0xfe, 0xf9, 0x00, 0x07, 0xff, 0xe0, 0x0f, 0xff, 0xff, 0x80, 0x1f, 0xf0, 0xf9, 0x00, 0x07,
  0x3f, 0xc0, 0x07, 0xe0, 0x3f, 0x80, 0x07, 0xe0, 0xf9, 0x00, 0x04, 0x02, 0x00, 0x07, 0xc0, 0x1f, 0xf6, 0x00, 0x08, 0x02, 0x00, 0x07, 0xc0, 0x1f,
  0x00, 0x00, 0x07, 0xc0, 0xfb, 0x00, 0x09, 0x3f, 0x80, 0x00, 0x03, 0xc0, 0x1e, 0x00, 0x00, 0x1f, 0xf0, 0xfb, 0x00, 0x09, 0x7f, 0xe0, 0x00, 0x01,
  0xff, 0xfc, 0x00, 0x00, 0x3f, 0xf8, 0xfb, 0x00, 0x09, 0xff, 0xf0, 0x00, 0x00, 0xff, 0xf8, 0x00, 0x00, 0x3f, 0xfc, 0xfb, 0x00, 0x09, 0xff, 0xf0,
  0x00, 0x00, 0x7f, 0xf0, 0x00, 0x00, 0x7f, 0xfc, 0xfc, 0x00, 0x0a, 0x01, 0xff, 0xf0, 0x00, 0x00, 0x1f, 0xc0, 0x00, 0x00, 0x3f, 0xfe, 0xfc, 0x00,
  0x02, 0x01, 0xff, 0xf0, 0xfb, 0x00, 0x01, 0x3f, 0xfe, 0xfc, 0x00, 0x02, 0x03, 0xff, 0xe0, 0xfb, 0x00, 0x01, 0x3f, 0xfe, 0xfc, 0x00, 0x02, 0x01,
  0xff, 0xe0, 0xfb, 0x00, 0x01, 0x0f, 0xfc, 0xfb, 0x00, 0x01, 0xff, 0xc0, 0xfb, 0x00, 0x01, 0x07, 0xfc, 0xfb, 0x00, 0x00, 0x7e, 0xf9, 0x00, 0x00,
  0x20, 0x81, 0x00, 0x81, 0x00, 0xce, 0x00, 0x98, 0x00, 0x01, 0x01, 0xd0, 0xf9, 0x00, 0x02, 0x02, 0x80, 0xfe, 0xfe, 0x00, 0x02, 0x07, 0xfc, 0x1f,
  0xfa, 0x00, 0x09, 0x1f, 0xe1, 0xff, 0x80, 0x00, 0x00, 0x0f, 0xfe, 0x3f, 0xc0, 0xfb, 0x00, 0x09, 0x3f, 0xf3, 0xfe, 0x80, 0x00, 0x00, 0x1f, 0xfe,
  0x7f, 0xe0, 0xfb, 0x00, 0x09, 0x7f, 0xf7, 0xff, 0xc0, 0x00, 0x00, 0x1f, 0xff, 0xff, 0xf0, 0xfb, 0x00, 0xfe, 0xff, 0x06, 0xe0, 0x00, 0x00, 0x1f,
  0xff, 0xff, 0xf0, 0xfb, 0x00, 0xfe, 0xff, 0x06, 0xe0, 0x00, 0x00, 0x3f, 0xff, 0xff, 0xf8, 0xfb, 0x00, 0xfe, 0xff, 0x06, 0xe0, 0x00, 0x00, 0x7f,
  0xff, 0xff, 0xfc, 0xfb, 0x00, 0xfe, 0xff, 0x06, 0xe0, 0x00, 0x00, 0x7f, 0xff, 0xff, 0xfc, 0xfb, 0x00, 0xfe, 0xff, 0x06, 0xe0, 0x00, 0x00, 0x7f,
  0xff, 0xff, 0xfc, 0xfb, 0x00, 0xfe, 0xff, 0x06, 0xf0, 0x00, 0x00, 0x7f, 0xff, 0xff, 0xfc, 0xfb, 0x00, 0xfe, 0xff, 0x06, 0x60, 0x00, 0x00, 0x7f,
  0xff, 0xff, 0xfc, 0xfb, 0x00, 0xfe, 0xff, 0x06, 0xe0, 0x00, 0x00, 0x1f, 0xff, 0xff, 0xfc, 0xfb, 0x00, 0xfe, 0xff, 0x06, 0xe0, 0x00, 0x00, 0x1f,
  0xff, 0xff, 0xf8, 0xfb, 0x00, 0xfe, 0xff, 0x06, 0xc0, 0x00, 0x00, 0x1f, 0xff, 0xff, 0xf8, 0xfb, 0x00, 0xfe, 0xff, 0x06, 0xc0, 0x00, 0x00, 0x1f,
  0xff, 0xff, 0xf8, 0xfb, 0x00, 0x09, 0xbf, 0xff, 0xff, 0xc0, 0x00, 0x00, 0x1f, 0xff, 0xff, 0xf0, 0xfb, 0x00, 0x09, 0x3f, 0xff, 0xff, 0x80, 0x00,
  0x00, 0x07, 0xff, 0xff, 0xf0, 0xfb, 0x00, 0x09, 0x3f, 0xff, 0xff, 0x80, 0x00, 0x00, 0x07, 0xff, 0xff, 0xd0, 0xfb, 0x00, 0x09, 0x3f, 0xff, 0xff,
  0x00, 0x0f, 0x80, 0x07, 0xff, 0xff, 0xc0, 0xfb, 0x00, 0x09, 0x2f, 0xff, 0xff, 0x01, 0xff, 0xfe, 0x01, 0xff, 0xff, 0xc0, 0xfb, 0x00, 0x09, 0x0f,
  0xff, 0xfe, 0x07, 0xff, 0xff, 0x01, 0xff, 0xff, 0x80, 0xfb, 0x00, 0x09, 0x0b, 0xff, 0xfc, 0x0f, 0xff, 0xff, 0x80, 0x7f, 0xff, 0x80, 0xfb, 0x00,
  0x08, 0x03, 0xff, 0xf0, 0x0f, 0xff, 0xff, 0x80, 0x7f, 0xfe, 0xfa, 0x00, 0x08, 0x02, 0x7f, 0xf0, 0x0f, 0xff, 0xff, 0x80, 0x1f, 0xfe, 0xf9, 0x00,
  0x07, 0xbf, 0xe0, 0x0f, 0xff, 0xff, 0x80, 0x1f, 0xf0, 0xf9, 0x00, 0x07, 0x3f, 0xc0, 0x07, 0xe0, 0x3f, 0x80, 0x07, 0xe0, 0xf9, 0x00, 0x04, 0x02,
  0x00, 0x07, 0xc0, 0x1f, 0xf6, 0x00, 0x08, 0x02, 0x00, 0x07, 0xc0, 0x1f, 0x00, 0x00, 0x07, 0xc0, 0xfb, 0x00, 0x09, 0x3f, 0x80, 0x00, 0x03, 0xc0,
  0x1e, 0x00, 0x00, 0x1f, 0xf0, 0xfb, 0x00, 0x09, 0x7f, 0xe0, 0x00, 0x01, 0xff, 0xfc, 0x00, 0x00, 0x3f, 0xf8, 0xfb, 0x00, 0x09, 0xff, 0xf0, 0x00,
  0x00, 0xff, 0xf8, 0x00, 0x00, 0x3f, 0xfc, 0xfb, 0x00, 0x09, 0xff, 0xf0, 0x00, 0x00, 0x7f, 0xf0, 0x00, 0x00, 0x7f, 0xfc, 0xfc, 0x00, 0x0a, 0x01,
  0xff, 0xf0, 0x00, 0x00, 0x1f, 0xc0, 0x00, 0x00, 0x3f, 0xfc, 0xfc, 0x00, 0x02, 0x01, 0xff, 0xf0, 0xfb, 0x00, 0x01, 0x3f, 0xfe, 0xfc, 0x00, 0x02,
  0x03, 0xff, 0xe0, 0xfb, 0x00, 0x01, 0x3f, 0xfc, 0xfc, 0x00, 0x02, 0x01, 0xff, 0xe0, 0xfb, 0x00, 0x01, 0x0f, 0xfc, 0xfb, 0x00, 0x01, 0xff, 0xc0,
  0xfb, 0x00, 0x01, 0x07, 0xfc, 0xfb, 0x00, 0x00, 0x7e, 0xf9, 0x00, 0x00, 0x20, 0x81, 0x00, 0x81, 0x00, 0xce, 0x00, 0x98, 0x00, 0x01, 0x01, 0xd0,
  0xf9, 0x00, 0x02, 0x02, 0x80, 0x7e, 0xfe, 0x00, 0x02, 0x07, 0xf4, 0x1f, 0xfa, 0x00, 0x09, 0x1f, 0xe1, 0xff, 0x80, 0x00, 0x00, 0x0f, 0xfe, 0x3f,
  0xc0, 0xfb, 0x00, 0x09, 0x3f, 0xf3, 0xfe, 0x80, 0x00, 0x00, 0x1f, 0xfe, 0x7f, 0xe0, 0xfb, 0x00, 0x09, 0x7f, 0xf7, 0xff, 0xc0, 0x00, 0x00, 0x1f,
  0xff, 0xff, 0xf0, 0xfb, 0x00, 0xfe, 0xff, 0x06, 0xe0, 0x00, 0x00, 0x1f, 0xff, 0xff, 0xf0, 0xfb, 0x00, 0xfe, 0xff, 0x06, 0xe0, 0x00, 0x00, 0x3f,
  0xff, 0xff, 0xf8, 0xfb, 0x00, 0xfe, 0xff, 0x06, 0xe0, 0x00, 0x00, 0x7f, 0xff, 0xff, 0xfc, 0xfb, 0x00, 0xfe, 0xff, 0x06, 0xe0, 0x00, 0x00, 0x7f,
  0xff, 0xff, 0xfc, 0xfb, 0x00, 0xfe, 0xff, 0x06, 0xe0, 0x00, 0x00, 0x7f, 0xff, 0xff, 0xfc, 0xfb, 0x00, 0xfe, 0xff, 0x06, 0xf0, 0x00, 0x00, 0x7f,
  0xff, 0xff, 0xfc, 0xfb, 0x00, 0xfe, 0xff, 0x06, 0xe0, 0x00, 0x00, 0x7f, 0xff, 0xff, 0xfc, 0xfb, 0x00, 0xfe, 0xff, 0x06, 0xe0, 0x00, 0x00, 0x1f,
  0xff, 0xff, 0xfc, 0xfb, 0x00, 0xfe, 0xff, 0x06, 0xe0, 0x00, 0x00, 0x1f, 0xff, 0xff, 0xf8, 0xfb, 0x00, 0xfe, 0xff, 0x06, 0xc0, 0x00, 0x00, 0x1f,
  0xff, 0xff, 0xf8, 0xfb, 0x00, 0xfe, 0xff, 0x06, 0xc0, 0x00, 0x00, 0x1f, 0xff, 0xff, 0xf8, 0xfb, 0x00, 0xfe, 0xff, 0x06, 0xc0, 0x00, 0x00, 0x1f,
  0xff, 0xff, 0xf0, 0xfb, 0x00, 0x09, 0x3f, 0xff, 0xff, 0x80, 0x00, 0x00, 0x07, 0xff, 0xff, 0xf0, 0xfb, 0x00, 0x09, 0x3f, 0xff, 0xff, 0x80, 0x00,
  0x00, 0x07, 0xff, 0xff, 0xf0, 0xfb, 0x00, 0x09, 0x3f, 0xff, 0xff, 0x00, 0x0f, 0xc0, 0x07, 0xff, 0xff, 0xc0, 0xfb, 0x00, 0x09, 0x2f, 0xff, 0xff,
  0x01, 0xff, 0xfe, 0x01, 0xff, 0xff, 0xc0, 0xfb, 0x00, 0x09, 0x0f, 0xff, 0xfe, 0x07, 0xff, 0xff, 0x01, 0xff, 0xff, 0x80, 0xfb, 0x00, 0x09, 0x0b,
  0xff, 0xfc, 0x0f, 0xff, 0xff, 0x80, 0x7f, 0xff, 0x80, 0xfb, 0x00, 0x08, 0x03, 0xff, 0xf0, 0x0f, 0xff, 0xff, 0x80, 0x7f, 0xfe, 0xfa, 0x00, 0x08,
  0x02, 0xff, 0xf0, 0x0f, 0xff, 0xff, 0x80, 0x7f, 0xfe, 0xf9, 0x00, 0x07, 0xff, 0xe0, 0x0f, 0xff, 0xff, 0x80, 0x1f, 0xf0, 0xf9, 0x00, 0x07, 0x3f,
  0xc0, 0x07, 0xe0, 0x3f, 0x80, 0x07, 0xe0, 0xf9, 0x00, 0x04, 0x02, 0x00, 0x07, 0xc0, 0x1f, 0xf6, 0x00, 0x08, 0x02, 0x00, 0x07, 0xc0, 0x1f, 0x00,
  0x00, 0x07, 0xc0, 0xfb, 0x00, 0x09, 0x3f, 0x80, 0x00, 0x03, 0xc0, 0x1e, 0x00, 0x00, 0x1f, 0xf0, 0xfb, 0x00, 0x09, 0x7f, 0xe0, 0x00, 0x01, 0xff,
  0xfc, 0x00, 0x00, 0x3f, 0xf8, 0xfb, 0x00, 0x09, 0xff, 0xf0, 0x00, 0x00, 0xff, 0xf8, 0x00, 0x00, 0x3f, 0xfc, 0xfc, 0x00, 0x0a, 0x01, 0xff, 0xf0,
  0x00, 0x00, 0x7f, 0xf0, 0x00, 0x00, 0x7f, 0xfc, 0xfc, 0x00, 0x0a, 0x01, 0xff, 0xf0, 0x00, 0x00, 0x1f, 0xc0, 0x00, 0x00, 0x3f, 0xfc, 0xfc, 0x00,
  0x02, 0x01, 0xff, 0xf0, 0xfb, 0x00, 0x01, 0x3f, 0xfe, 0xfc, 0x00, 0x02, 0x03, 0xff, 0xe0, 0xfb, 0x00, 0x01, 0x3f, 0xfc, 0xfc, 0x00, 0x02, 0x01,
  0xff, 0xe0, 0xfb, 0x00, 0x01, 0x0f, 0xfc, 0xfb, 0x00, 0x01, 0xff, 0xc0, 0xfb, 0x00, 0x01, 0x07, 0xfc, 0xfb, 0x00, 0x00, 0x7f, 0xf9, 0x00, 0x00,
  0x20, 0x81, 0x00, 0x81, 0x00, 0xce, 0x00, 0x98, 0x00, 0x01, 0x01, 0xd0, 0xf9, 0x00, 0x02, 0x02, 0x80, 0xfe, 0xfe, 0x00, 0x02, 0x07, 0xfc, 0x1f,
  0xfa, 0x00, 0x09, 0x1f, 0xe1, 0xff, 0x80, 0x00, 0x00, 0x0f, 0xfe, 0x3f, 0xc0, 0xfb, 0x00, 0x09, 0x3f, 0xf3, 0xfe, 0x80, 0x00, 0x00, 0x1f, 0xfe,
  0x7f, 0xc0, 0xfb, 0x00, 0x09, 0x7f, 0xff, 0xff, 0xc0, 0x00, 0x00, 0x1f, 0xff, 0xff, 0xf0, 0xfb, 0x00, 0xfe, 0xff, 0x06, 0xe0, 0x00, 0x00, 0x1f,
  0xff, 0xff, 0xf0, 0xfb, 0x00, 0xfe, 0xff, 0x06, 0xe0, 0x00, 0x00, 0x1f, 0xff, 0xff, 0xf8, 0xfb, 0x00, 0xfe, 0xff, 0x06, 0xe0, 0x00, 0x00, 0x7f,
  0xff, 0xff, 0xfc, 0xfb, 0x00, 0xfe, 0xff, 0x06, 0xe0, 0x00, 0x00, 0x7f, 0xff, 0xff, 0xfc, 0xfb, 0x00, 0xfe, 0xff, 0x06, 0xe0, 0x00, 0x00, 0x7f,
  0xff, 0xff, 0xfc, 0xfb, 0x00, 0xfe, 0xff, 0x06, 0xf0, 0x00, 0x00, 0x7f, 0xff, 0xff, 0xfc, 0xfb, 0x00, 0xfe, 0xff, 0x06, 0xe0, 0x00, 0x00, 0x7f,
  0xff, 0xff, 0xfc, 0xfb, 0x00, 0xfe, 0xff, 0x06, 0xe0, 0x00, 0x00, 0x1f, 0xff, 0xff, 0xfc, 0xfb, 0x00, 0xfe, 0xff, 0x06, 0xa0, 0x00, 0x00, 0x1f,
  0xff, 0xff, 0xf8, 0xfb, 0x00, 0xfe, 0xff, 0x06, 0xc0, 0x00, 0x00, 0x1f, 0xff, 0xff, 0xf8, 0xfb, 0x00, 0xfe, 0xff, 0x06, 0xc0, 0x00, 0x00, 0x1f,
  0xff, 0xff, 0xf8, 0xfb, 0x00, 0xfe, 0xff, 0x06, 0xc0, 0x00, 0x00, 0x1f, 0xff, 0xff, 0xf0, 0xfb, 0x00, 0x09, 0x3f, 0xff, 0xff, 0x80, 0x00, 0x00,
  0x07, 0xff, 0xff, 0xf0, 0xfb, 0x00, 0x09, 0x3f, 0xff, 0xff, 0x80, 0x00, 0x00, 0x07, 0xff, 0xff, 0xd0, 0xfb, 0x00, 0x09, 0x3f, 0xff, 0xff, 0x00,
  0x07, 0x00, 0x07, 0xff, 0xff, 0xc0, 0xfb, 0x00, 0x09, 0x2f, 0xff, 0xff, 0x01, 0xff, 0xfc, 0x01, 0xff, 0xff, 0xc0, 0xfb, 0x00, 0x09, 0x0f, 0xff,
  0xfe, 0x07, 0xff, 0xff, 0x01, 0xff, 0xff, 0x80, 0xfb, 0x00, 0x08, 0x0a, 0xff, 0xfc, 0x0f, 0xff, 0xff, 0x80, 0x7f, 0xff, 0xfa, 0x00, 0x08, 0x02,
  0xff, 0xf0, 0x0f, 0xff, 0xff, 0x80, 0x7f, 0xfe, 0xfa, 0x00, 0x08, 0x02, 0xbf, 0xf0, 0x0f, 0xff, 0xff, 0x80, 0x1f, 0xfe, 0xf9, 0x00, 0x07, 0xbf,
  0xe0, 0x0f, 0xff, 0xff, 0x80, 0x1f, 0xf0, 0xf9, 0x00, 0x07, 0x3f, 0xc0, 0x07, 0xe0, 0x3f, 0x80, 0x07, 0xe0, 0xf9, 0x00, 0x04, 0x02, 0x00, 0x07,
  0xc0, 0x1f, 0xf6, 0x00, 0x08, 0x02, 0x00, 0x07, 0xc0, 0x1f, 0x00, 0x00, 0x07, 0xc0, 0xfb, 0x00, 0x09, 0x3f, 0x80, 0x00, 0x03, 0xc0, 0x1e, 0x00,
  0x00, 0x1f, 0xf0, 0xfb, 0x00, 0x09, 0x7f, 0xe0, 0x00, 0x01, 0xff, 0xfc, 0x00, 0x00, 0x3f, 0xf8, 0xfb, 0x00, 0x09, 0xff, 0xf0, 0x00, 0x00, 0xff,
  0xf8, 0x00, 0x00, 0x3f, 0xfc, 0xfb, 0x00, 0x09, 0xff, 0xf0, 0x00, 0x00, 0x7f, 0xf0, 0x00, 0x00, 0x7f, 0xfc, 0xfc, 0x00, 0x0a, 0x01, 0xff, 0xf0,
  0x00, 0x00, 0x1f, 0xc0, 0x00, 0x00, 0x3f, 0xfc, 0xfc, 0x00, 0x02, 0x01, 0xff, 0xf0, 0xfb, 0x00, 0x01, 0x3f, 0xfe, 0xfc, 0x00, 0x02, 0x03, 0xff,
  0xe0, 0xfb, 0x00, 0x01, 0x3f, 0xfc, 0xfc, 0x00, 0x02, 0x01, 0xff, 0xe0, 0xfb, 0x00, 0x01, 0x0f, 0xfc, 0xfb, 0x00, 0x01, 0xff, 0xc0, 0xfb, 0x00,
  0x01, 0x07, 0xfc, 0xfb, 0x00, 0x00, 0x7f, 0xf9, 0x00, 0x00, 0x20, 0x81, 0x00, 0x81, 0x00, 0xce, 0x00, 0x81, 0x00, 0xbe, 0x00, 0x02, 0x06, 0x00,
  0x7c, 0xf4, 0x00, 0x08, 0x3f, 0xe1, 0xff, 0x80, 0x00, 0x00, 0x07, 0xf0, 0x1c, 0xfa, 0x00, 0x09, 0x3f, 0xef, 0xff, 0xc0, 0x00, 0x00, 0x0f, 0xfc,
  0x7f, 0x80, 0xfb, 0x00, 0x09, 0x7f, 0xff, 0xff, 0xe0, 0x00, 0x00, 0x1f, 0xfd, 0xff, 0xc0, 0xfb, 0x00, 0xfe, 0xff, 0x06, 0xe0, 0x00, 0x00, 0x1f,
  0xff, 0xff, 0xe0, 0xfb, 0x00, 0xfe, 0xff, 0x06, 0xe0, 0x00, 0x00, 0x1f, 0xff, 0xff, 0xf0, 0xfb, 0x00, 0xfe, 0xff, 0x06, 0xf0, 0x00, 0x00, 0x1f,
  0xff, 0xff, 0xf0, 0xfb, 0x00, 0xfe, 0xff, 0x06, 0xe0, 0x00, 0x00, 0x1f, 0xff, 0xff, 0xf0, 0xfb, 0x00, 0xfe, 0xff, 0x06, 0xf0, 0x00, 0x00, 0x1f,
  0xfd, 0xff, 0xf0, 0xfb, 0x00, 0xfe, 0xff, 0x06, 0xf0, 0x00, 0x00, 0x1f, 0xff, 0xff, 0xf8, 0xfb, 0x00, 0xfe, 0xff, 0x06, 0xf0, 0x00, 0x00, 0x1f,
  0xff, 0xff, 0xf8, 0xfb, 0x00, 0xfe, 0xff, 0x06, 0xf0, 0x00, 0x00, 0x1f, 0xff, 0xff, 0xf8, 0xfb, 0x00, 0xfe, 0xff, 0x06, 0xf0, 0x00, 0x00, 0x1f,
  0xff, 0xff, 0xf8, 0xfb, 0x00, 0xfe, 0xff, 0x06, 0xe0, 0x00, 0x00, 0x1f, 0xff, 0xff, 0xf8, 0xfb, 0x00, 0xfe, 0xff, 0x06, 0xe0, 0x00, 0x00, 0x1f,
  0xff, 0xff, 0xf0, 0xfb, 0x00, 0x09, 0x3f, 0xff, 0xff, 0xe0, 0x00, 0x00, 0x1f, 0xff, 0xff, 0xf0, 0xfb, 0x00, 0x09, 0x3f, 0xff, 0xff, 0xc0, 0x00,
  0x00, 0x07, 0xff, 0xff, 0xf0, 0xfb, 0x00, 0x09, 0x3f, 0xff, 0xff, 0x81, 0xff, 0xf0, 0x07, 0xff, 0xff, 0xc0, 0xfb, 0x00, 0x09, 0x2f, 0xff, 0xff,
  0x87, 0xff, 0xfe, 0x03, 0xff, 0xff, 0xc0, 0xfb, 0x00, 0x08, 0x0f, 0xff, 0xfe, 0x07, 0xff, 0xff, 0x01, 0xff, 0xff, 0xfa, 0x00, 0x08, 0x03, 0xff,
  0xff, 0x07, 0xff, 0xff, 0x81, 0xff, 0xff, 0xf9, 0x00, 0x07, 0xff, 0xf8, 0x07, 0xff, 0xff, 0x80, 0x7f, 0xfc, 0xf9, 0x00, 0x07, 0xff, 0xe0, 0x07,
  0xff, 0xff, 0x80, 0x07, 0xf8, 0xf9, 0x00, 0x07, 0x0f, 0x80, 0x07, 0xe1, 0xff, 0x80, 0x07, 0xc0, 0xfa, 0x00, 0x05, 0x18, 0x03, 0x80, 0x03, 0xe0,
  0x1f, 0xf7, 0x00, 0x09, 0xff, 0x00, 0x00, 0x01, 0xe6, 0x1e, 0x00, 0x00, 0x0f, 0xf0, 0xfc, 0x00, 0x0a, 0x01, 0xff, 0xc0, 0x00, 0x00, 0xff, 0xfe,
  0x00, 0x00, 0x1f, 0xf8, 0xfc, 0x00, 0x0a, 0x03, 0xff, 0xc0, 0x00, 0x00, 0xff, 0xfc, 0x00, 0x00, 0x3f, 0xfc, 0xfc, 0x00, 0x0a, 0x03, 0xff, 0xe0,
  0x00, 0x00, 0x3f, 0xf0, 0x00, 0x00, 0x3f, 0xfc, 0xfc, 0x00, 0x0a, 0x07, 0xff, 0xe0, 0x00, 0x00, 0x0f, 0xc0, 0x00, 0x00, 0x7f, 0xfc, 0xfc, 0x00,
  0x02, 0x07, 0xff, 0xe0, 0xfb, 0x00, 0x01, 0x3f, 0xfc, 0xfc, 0x00, 0x02, 0x07, 0xff, 0xc0, 0xfb, 0x00, 0x01, 0x3f, 0xfc, 0xfc, 0x00, 0x02, 0x03,
  0xff, 0x80, 0xfb, 0x00, 0x01, 0x3f, 0xfc, 0xfc, 0x00, 0x01, 0x01, 0xff, 0xfa, 0x00, 0x01, 0x1f, 0xf8, 0xfb, 0x00, 0x00, 0x78, 0xfa, 0x00, 0x01,
  0x0f, 0xe0, 0x81, 0x00, 0x81, 0x00, 0xee, 0x00, 0x81, 0x00, 0x9e, 0x00, 0x00, 0x0e, 0xfc, 0x00, 0x02, 0x03, 0xd0, 0x10, 0xfa, 0x00, 0x00, 0x1f,
  0xfc, 0x00, 0x03, 0x07, 0xc0, 0x10, 0x80, 0xfb, 0x00, 0x00, 0x3f, 0xfc, 0x00, 0x01, 0x07, 0xc0, 0xf9, 0x00, 0x07, 0x3e, 0x00, 0x00, 0x20, 0x00,
  0x00, 0x07, 0xc0, 0xf9, 0x00, 0x02, 0x3e, 0x00, 0x18, 0xfe, 0x00, 0x02, 0x0f, 0x80, 0x10, 0xfa, 0x00, 0x01, 0x7c, 0x80, 0xfd, 0x00, 0x02, 0x07,
  0x00, 0x10, 0xfa, 0x00, 0x00, 0x38, 0xf2, 0x00, 0x00, 0x22, 0xfc, 0x00, 0x00, 0x0e, 0xf8, 0x00, 0x02, 0x70, 0x01, 0x81, 0xfe, 0x00, 0x00, 0x1c,
  0xf8, 0x00, 0x00, 0x70, 0xfc, 0x00, 0x00, 0x0c, 0xf8, 0x00, 0x00, 0x32, 0xfa, 0x00, 0x00, 0x04, 0xfa, 0x00, 0x00, 0x02, 0xfa, 0x00, 0x00, 0x04,
  0xf4, 0x00, 0x00, 0x04, 0xf2, 0x00, 0x03, 0x04, 0x00, 0x00, 0x40, 0xf3, 0x00, 0x01, 0x04, 0x40, 0xfb, 0x00, 0x03, 0xf0, 0x00, 0x00, 0x38, 0xfe,
  0x00, 0x00, 0x04, 0xfa, 0x00, 0x06, 0x01, 0xfc, 0x02, 0x00, 0x7f, 0xff, 0xf0, 0xf8, 0x00, 0x09, 0x01, 0xfe, 0x02, 0x00, 0x3f, 0xff, 0xfe, 0x00,
  0x00, 0x26, 0xfa, 0x00, 0x08, 0xff, 0xc2, 0x00, 0x1f, 0xff, 0xff, 0x00, 0x04, 0x44, 0xfa, 0x00, 0x08, 0x7f, 0xfe, 0x00, 0x0f, 0xff, 0xff, 0x80,
  0x00, 0x40, 0xfa, 0x00, 0x05, 0x3f, 0xff, 0xf0, 0x07, 0xff, 0xff, 0xf7, 0x00, 0x07, 0x1f, 0xff, 0xff, 0xf3, 0xe0, 0x1f, 0x07, 0xc0, 0xf9, 0x00,
  0x07, 0x0f, 0xff, 0xff, 0xfb, 0xc0, 0x0e, 0x0f, 0xc0, 0xf9, 0x00, 0x09, 0x3f, 0xff, 0xff, 0xf9, 0xc0, 0x0e, 0x07, 0x80, 0x00, 0x40, 0xfb, 0x00,
  0xfe, 0xff, 0x06, 0xf8, 0xfa, 0x1c, 0x03, 0x00, 0x0f, 0xe0, 0xfc, 0x00, 0x0a, 0x01, 0xff, 0xdf, 0xff, 0xf0, 0x7f, 0xf8, 0x00, 0x00, 0x1f, 0xf8,
  0xfc, 0x00, 0x0a, 0x03, 0xff, 0xc0, 0xff, 0xe0, 0x7f, 0xf0, 0x01, 0xfe, 0x3f, 0xfc, 0xfc, 0x00, 0x0a, 0x07, 0xff, 0xc0, 0x00, 0x00, 0x7f, 0xe0,
  0x01, 0xff, 0xff, 0xfe, 0xfc, 0x00, 0x07, 0x07, 0xff, 0xc0, 0x00, 0x00, 0x7f, 0xff, 0xc1, 0xfe, 0xff, 0xfc, 0x00, 0x07, 0x0f, 0xff, 0xc0, 0x00,
  0x00, 0x7f, 0xff, 0xc1, 0xfe, 0xff, 0xfc, 0x00, 0x0a, 0x0f, 0xff, 0x80, 0x00, 0x00, 0x3f, 0xff, 0xc0, 0xff, 0xff, 0xfe, 0xfc, 0x00, 0x0a, 0x0f,
  0xff, 0x80, 0x00, 0x00, 0x1f, 0xff, 0x80, 0x1f, 0xff, 0xfc, 0xfc, 0x00, 0x0a, 0x0f, 0xff, 0x80, 0x00, 0x00, 0x03, 0xfe, 0x00, 0x00, 0xff, 0xe0,
  0xfc, 0x00, 0x02, 0x07, 0xff, 0x80, 0xfe, 0x00, 0x00, 0x70, 0xf8, 0x00, 0x01, 0x03, 0xff, 0xf2, 0x00, 0x00, 0x7e, 0xf9, 0x00, 0x00, 0xff, 0xf3,
  0x00, 0x02, 0x01, 0xff, 0x80, 0xf4, 0x00, 0x02, 0x03, 0xff, 0xc0, 0xf4, 0x00, 0x02, 0x03, 0xff, 0xc0, 0xf4, 0x00, 0x02, 0x03, 0xff, 0xe0, 0xf4,
  0x00, 0x02, 0x03, 0xff, 0xe0, 0xf4, 0x00, 0x02, 0x01, 0xff, 0xe0, 0xf3, 0x00, 0x01, 0xff, 0xc0, 0x91, 0x00, 0x01, 0x40, 0x00, 0x81, 0x00, 0x81,
  0x00, 0x81, 0x00, 0xdb, 0x00, 0x01, 0x03, 0xe0, 0xf3, 0x00, 0x01, 0x07, 0xf0, 0xf6, 0x00, 0x04, 0x78, 0x00, 0x00, 0x0f, 0xf0, 0xf6, 0x00, 0x04,
  0xfe, 0x00, 0x00, 0x3f, 0xe0, 0xf7, 0x00, 0x04, 0x01, 0xff, 0x80, 0x00, 0x3e, 0xf6, 0x00, 0x04, 0x01, 0xff, 0xf0, 0x00, 0x3f, 0xf5, 0x00, 0x07,
  0xff, 0xfe, 0x00, 0x1f, 0x80, 0x00, 0x03, 0xf0, 0xf9, 0x00, 0x00, 0x7f, 0xfe, 0xff, 0x03, 0x80, 0x00, 0x03, 0xf0, 0xf9, 0x00, 0x00, 0x7f, 0xfe,
  0xff, 0x03, 0x00, 0x00, 0x01, 0xe0, 0xf9, 0x00, 0x07, 0x1f, 0xff, 0xff, 0xfe, 0x00, 0x00, 0x07, 0xe0, 0xf9, 0x00, 0x07, 0x0f, 0xff, 0xff, 0xfe,
  0x00, 0x00, 0x0f, 0xc0, 0xf9, 0x00, 0x07, 0x03, 0xff, 0xff, 0xfc, 0x00, 0x00, 0x07, 0xc0, 0xf8, 0x00, 0x06, 0xff, 0xff, 0xf8, 0x00, 0x00, 0x03,
  0xe0, 0xf9, 0x00, 0x07, 0xfc, 0x1f, 0xff, 0xf8, 0x7c, 0x3f, 0xc0, 0xff, 0xfa, 0x00, 0x0a, 0x03, 0xff, 0x03, 0xff, 0xf0, 0x7f, 0xff, 0xe1, 0xff,
  0xff, 0xfe, 0xfc, 0x00, 0x07, 0x07, 0xff, 0x80, 0x00, 0x00, 0x7f, 0xff, 0xe1, 0xfe, 0xff, 0xfc, 0x00, 0x07, 0x0f, 0xff, 0xc0, 0x00, 0x00, 0x7f,
  0xff, 0xe1, 0xfe, 0xff, 0x00, 0x80, 0xfd, 0x00, 0x07, 0x0f, 0xff, 0xc0, 0x00, 0x00, 0x7f, 0xff, 0xc1, 0xfe, 0xff, 0xfc, 0x00, 0x0a, 0x0f, 0xff,
  0xc0, 0x00, 0x00, 0x3f, 0xff, 0xc0, 0xff, 0xff, 0xfe, 0xfc, 0x00, 0x0a, 0x0f, 0xff, 0xc0, 0x00, 0x00, 0x1f, 0xff, 0x80, 0x3f, 0xff, 0xfc, 0xfc,
  0x00, 0x0a, 0x0f, 0xff, 0xc0, 0x00, 0x00, 0x07, 0xff, 0x00, 0x01, 0xff, 0x80, 0xfc, 0x00, 0x02, 0x07, 0xff, 0x80, 0xfe, 0x00, 0x00, 0xf8, 0xf8,
  0x00, 0x01, 0x03, 0xff, 0xf9, 0x00, 0x00, 0x74, 0xfb, 0x00, 0x00, 0xfe, 0xf9, 0x00, 0x00, 0xff, 0xf3, 0x00, 0x02, 0x01, 0xff, 0xc0, 0xf4, 0x00,
  0x02, 0x03, 0xff, 0xc0, 0xf4, 0x00, 0x02, 0x03, 0xff, 0xe0, 0xf4, 0x00, 0x02, 0x03, 0xff, 0xe0, 0xf4, 0x00, 0x02, 0x03, 0xff, 0xe0, 0xf4, 0x00,
  0x02, 0x01, 0xff, 0xe0, 0xf4, 0x00, 0x02, 0x01, 0xff, 0xc0, 0x91, 0x00, 0x01, 0x40, 0x00, 0x81, 0x00, 0x81, 0x00, 0x81, 0x00, 0xdb, 0x00, 0x01,
  0x0f, 0xf0, 0xf6, 0x00, 0x04, 0x70, 0x00, 0x00, 0x0f, 0xf8, 0xf6, 0x00, 0x04, 0xfc, 0x00, 0x00, 0x0f, 0xf8, 0xf6, 0x00, 0x04, 0xff, 0x80, 0x00,
  0x07, 0xf0, 0xf6, 0x00, 0x04, 0xff, 0xe0, 0x00, 0x01, 0xc0, 0xf6, 0x00, 0x01, 0xff, 0xfc, 0xfd, 0x00, 0x01, 0x03, 0xc0, 0xf9, 0x00, 0x02, 0x7f,
  0xff, 0xf8, 0xfe, 0x00, 0x01, 0x03, 0xf8, 0xf9, 0x00, 0x00, 0x3f, 0xfe, 0xff, 0x03, 0x00, 0x00, 0x03, 0xf8, 0xf9, 0x00, 0x00, 0x1f, 0xfe, 0xff,
  0x03, 0x00, 0x00, 0x01, 0xf0, 0xf9, 0x00, 0x00, 0x0f, 0xfe, 0xff, 0xfe, 0x00, 0x00, 0xe0, 0xf9, 0x00, 0x00, 0x03, 0xfe, 0xff, 0xf5, 0x00, 0x03,
  0x20, 0xff, 0xff, 0xfe, 0xf5, 0x00, 0x07, 0x78, 0x1f, 0xff, 0xfc, 0x00, 0x1f, 0xc0, 0xfe, 0xfa, 0x00, 0x09, 0x03, 0xff, 0x01, 0xff, 0xf8, 0x01,
  0xff, 0xe0, 0xff, 0xf8, 0xfb, 0x00, 0x07, 0x07, 0xff, 0x80, 0x00, 0x00, 0x07, 0xff, 0xe1, 0xfe, 0xff, 0xfc, 0x00, 0x07, 0x07, 0xff, 0xc0, 0x00,
  0x00, 0x07, 0xff, 0xe1, 0xfe, 0xff, 0x00, 0x80, 0xfd, 0x00, 0x07, 0x0f, 0xff, 0xc0, 0x00, 0x00, 0x07, 0xff, 0xe1, 0xfe, 0xff, 0x00, 0x80, 0xfd,
  0x00, 0x07, 0x0f, 0xff, 0xc0, 0x00, 0x00, 0x07, 0xff, 0xe0, 0xfe, 0xff, 0x00, 0x80, 0xfd, 0x00, 0x0a, 0x0f, 0xff, 0xc0, 0x00, 0x00, 0x03, 0xff,
  0xc0, 0x3f, 0xff, 0xfe, 0xfc, 0x00, 0x0a, 0x07, 0xff, 0xc0, 0x00, 0x00, 0x01, 0xff, 0x00, 0x07, 0xff, 0xfc, 0xfc, 0x00, 0x02, 0x07, 0xff, 0xc0,
  0xfe, 0x00, 0x00, 0x7c, 0xf8, 0x00, 0x02, 0x03, 0xff, 0x80, 0xf3, 0x00, 0x00, 0x7e, 0xf9, 0x00, 0x00, 0x7e, 0xf3, 0x00, 0x02, 0x01, 0xff, 0x80,
  0xf4, 0x00, 0x02, 0x03, 0xff, 0xc0, 0xf4, 0x00, 0x02, 0x03, 0xff, 0xe0, 0xf4, 0x00, 0x02, 0x03, 0xff, 0xe0, 0xf4, 0x00, 0x02, 0x03, 0xff, 0xe0,
  0xf4, 0x00, 0x02, 0x03, 0xff, 0xe0, 0xf4, 0x00, 0x02, 0x01, 0xff, 0xe0, 0xf3, 0x00, 0x01, 0xff, 0xc0, 0x91, 0x00, 0x01, 0x40, 0x00, 0xfa, 0x00,
  0x01, 0x7f, 0x80, 0xf3, 0x00, 0x01, 0xff, 0xc0, 0xf4, 0x00, 0x02, 0x01, 0xff, 0xc0, 0xf3, 0x00, 0x01, 0xff, 0x80, 0xf3, 0x00, 0x01, 0x7f, 0x80,
  0xf6, 0x00, 0x03, 0x03, 0x78, 0x00, 0x3f, 0xf6, 0x00, 0x03, 0x07, 0xff, 0xff, 0xc0, 0xf5, 0x00, 0x03, 0x3f, 0xff, 0xff, 0xfe, 0xf5, 0x00, 0xfd,
  0xff, 0x03, 0x80, 0x00, 0x00, 0x08, 0xfa, 0x00, 0x00, 0x01, 0xfd, 0xff, 0x03, 0xe0, 0x00, 0x00, 0x0c, 0xf9, 0x00, 0xfd, 0xff, 0x03, 0xf8, 0x00,
  0x00, 0x0e, 0xf9, 0x00, 0x00, 0x3f, 0xfe, 0xff, 0x03, 0xfc, 0x00, 0x00, 0x0f, 0xf9, 0x00, 0x00, 0x3f, 0xfe, 0xff, 0x04, 0xfe, 0x00, 0x00, 0x0f,
  0x80, 0xfa, 0x00, 0x00, 0x3f, 0xfe, 0xff, 0x04, 0xfe, 0x00, 0x00, 0x07, 0xc0, 0xfa, 0x00, 0x00, 0x3f, 0xfe, 0xff, 0x04, 0xfe, 0x00, 0x00, 0x03,
  0xe0, 0xfa, 0x00, 0x00, 0x7f, 0xfd, 0xff, 0x03, 0x00, 0x00, 0x01, 0xe0, 0xfb, 0x00, 0x00, 0x01, 0xfc, 0xff, 0xfe, 0x00, 0x00, 0x40, 0xfb, 0x00,
  0x00, 0x07, 0xfc, 0xff, 0xf7, 0x00, 0x00, 0x0f, 0xfd, 0xff, 0x03, 0xfe, 0x00, 0x00, 0x1c, 0xfa, 0x00, 0x00, 0x1f, 0xfd, 0xff, 0x04, 0xfe, 0x03,
  0xfc, 0x3f, 0x80, 0xfb, 0x00, 0x00, 0x3f, 0xfd, 0xff, 0x04, 0xfe, 0x07, 0xfe, 0x7f, 0xf0, 0xfb, 0x00, 0x00, 0x3f, 0xfd, 0xff, 0x04, 0xfe, 0x0f,
  0xff, 0x7f, 0xfc, 0xfb, 0x00, 0x00, 0x7f, 0xfd, 0xff, 0x04, 0xfe, 0x1f, 0xff, 0xbf, 0xff, 0xfb, 0x00, 0x00, 0x7f, 0xfd, 0xff, 0x05, 0xfc, 0x1f,
  0xff, 0x9f, 0xff, 0xc0, 0xfc, 0x00, 0x00, 0x3f, 0xfd, 0xff, 0x05, 0xfc, 0x1b, 0xff, 0x9f, 0xff, 0xf0, 0xfc, 0x00, 0x00, 0x3f, 0xfd, 0xff, 0x05,
  0xfc, 0x01, 0xff, 0x9f, 0xff, 0xf8, 0xfc, 0x00, 0x00, 0x3f, 0xfd, 0xff, 0x05, 0xf8, 0x00, 0xff, 0x9f, 0xff, 0xfc, 0xfc, 0x00, 0x00, 0x1f, 0xfd,
  0xff, 0x05, 0xf8, 0x00, 0x7f, 0x9f, 0xff, 0xff, 0xfc, 0x00, 0x00, 0x0f, 0xfd, 0xff, 0x06, 0xf0, 0x00, 0x7f, 0xbf, 0xff, 0xff, 0x80, 0xfd, 0x00,
  0x00, 0x01, 0xfd, 0xff, 0x06, 0xf0, 0x00, 0x7f, 0x3f, 0xff, 0xff, 0xc0, 0xfc, 0x00, 0x00, 0x7f, 0xfe, 0xff, 0x06, 0xe0, 0x00, 0xfe, 0x3f, 0xff,
  0xff, 0xe0, 0xfc, 0x00, 0x00, 0x3f, 0xfe, 0xff, 0x06, 0xe0, 0x00, 0xfe, 0x3f, 0xff, 0xff, 0xe0, 0xfc, 0x00, 0x00, 0x1f, 0xfe, 0xff, 0x06, 0xc0,
  0x01, 0xfc, 0x3f, 0xff, 0xff, 0xf0, 0xfc, 0x00, 0x00, 0x0f, 0xfe, 0xff, 0x06, 0xc0, 0x03, 0xfc, 0x3f, 0xff, 0xff, 0xf0, 0xfc, 0x00, 0x00, 0x03,
  0xfe, 0xff, 0x06, 0x80, 0x03, 0xfc, 0x7f, 0xff, 0xff, 0xf0, 0xfb, 0x00, 0xfe, 0xff, 0x06, 0x00, 0x03, 0xfc, 0x7f, 0xff, 0xff, 0xf0, 0xfc, 0x00,
  0x0a, 0x7e, 0x3f, 0xff, 0xfe, 0x00, 0x03, 0xfc, 0x7f, 0xff, 0xff, 0xf0, 0xfd, 0x00, 0x0b, 0x03, 0xff, 0x87, 0xff, 0xfc, 0x00, 0x03, 0xfc, 0x7f,
  0xff, 0xff, 0xf0, 0xfd, 0x00, 0x07, 0x03, 0xff, 0xc0, 0x3f, 0xf8, 0x00, 0x17, 0xf8, 0xfe, 0xff, 0x00, 0xf0, 0xfd, 0x00, 0x02, 0x07, 0xff, 0xc0,
  0xfe, 0x00, 0x01, 0x3f, 0xf8, 0xfe, 0xff, 0x00, 0xe0, 0xfd, 0x00, 0x02, 0x07, 0xff, 0xe0, 0xfe, 0x00, 0x01, 0x3f, 0xf8, 0xfe, 0xff, 0x00, 0xe0,
  0xfd, 0x00, 0x02, 0x0f, 0xff, 0xe0, 0xfe, 0x00, 0x01, 0x1f, 0xf0, 0xfe, 0xff, 0x00, 0xf0, 0xfd, 0x00, 0x02, 0x0f, 0xff, 0xe0, 0xfe, 0x00, 0x05,
  0x8f, 0xe0, 0x7f, 0xff, 0xff, 0xf0, 0xfd, 0x00, 0x02, 0x07, 0xff, 0xc0, 0xfe, 0x00, 0x05, 0xc7, 0xc0, 0x3f, 0xff, 0xff, 0xf0, 0xfd, 0x00, 0x02,
  0x07, 0xff, 0xc0, 0xfe, 0x00, 0x05, 0xff, 0x80, 0x03, 0xff, 0xff, 0xf0, 0xfd, 0x00, 0x02, 0x03, 0xff, 0x80, 0xfe, 0x00, 0x05, 0x7f, 0x00, 0x00,
  0x03, 0xff, 0xe0, 0xfc, 0x00, 0x00, 0xfe, 0xfa, 0x00, 0x02, 0x01, 0xff, 0xc0, 0xf3, 0x00, 0x01, 0xff, 0xc0, 0xf4, 0x00, 0x02, 0x01, 0xff, 0x80,
  0xf4, 0x00, 0x02, 0x01, 0xff, 0xc0, 0xf4, 0x00, 0x02, 0x03, 0xff, 0xc0, 0xf4, 0x00, 0x02, 0x03, 0xff, 0xe0, 0xf4, 0x00, 0x02, 0x03, 0xff, 0xe0,
  0xf4, 0x00, 0x02, 0x01, 0xff, 0xe0, 0xf4, 0x00, 0x02, 0x01, 0xff, 0xc0, 0xf3, 0x00, 0x01, 0x7f, 0xc0, 0xf3, 0x00, 0x00, 0x3f, 0x90, 0x00, 0x01,
  0x40, 0x00, 0xfa, 0x00, 0x01, 0xff, 0x80, 0xf4, 0x00, 0x02, 0x01, 0xff, 0x80, 0xf4, 0x00, 0x01, 0x01, 0xff, 0xf2, 0x00, 0x00, 0xfc, 0xf2, 0x00,
  0x00, 0x20, 0xf6, 0x00, 0x02, 0x01, 0xff, 0xff, 0xf4, 0x00, 0x03, 0x0f, 0xff, 0xff, 0xf0, 0xf5, 0x00, 0x00, 0x7f, 0xfe, 0xff, 0xf6, 0x00, 0x00,
  0x01, 0xfd, 0xff, 0x03, 0xe0, 0x00, 0x00, 0x1c, 0xfa, 0x00, 0x00, 0x01, 0xfd, 0xff, 0x03, 0xf8, 0x00, 0x00, 0x1e, 0xfa, 0x00, 0x00, 0x01, 0xfd,
  0xff, 0x03, 0xfc, 0x00, 0x00, 0x1e, 0xf9, 0x00, 0x07, 0xfe, 0x0f, 0xff, 0xff, 0xfc, 0x00, 0x00, 0x1f, 0xf7, 0x00, 0x06, 0x1f, 0xff, 0xfc, 0x00,
  0x00, 0x0f, 0x80, 0xf7, 0x00, 0x05, 0x1f, 0xfc, 0x00, 0x00, 0x07, 0x80, 0xfa, 0x00, 0x08, 0x2f, 0x00, 0x00, 0x03, 0xfc, 0x00, 0x00, 0x03, 0x80,
  0xfa, 0x00, 0x04, 0xff, 0xe0, 0x00, 0x00, 0x78, 0xf7, 0x00, 0x02, 0x07, 0xff, 0xf8, 0xf4, 0x00, 0x02, 0x0f, 0xff, 0xfe, 0xf4, 0x00, 0x02, 0x3f,
  0xff, 0xfe, 0xfe, 0x00, 0x02, 0x01, 0xf8, 0x3e, 0xfa, 0x00, 0x02, 0x3f, 0xff, 0xff, 0xfe, 0x00, 0x03, 0x07, 0xfc, 0x7f, 0xc0, 0xfb, 0x00, 0x02,
  0x7f, 0xff, 0xff, 0xfe, 0x00, 0x03, 0x0f, 0xff, 0x7f, 0xf8, 0xfb, 0x00, 0x02, 0x7f, 0xff, 0xff, 0xfe, 0x00, 0x03, 0x1f, 0xff, 0xff, 0xfe, 0xfb,
  0x00, 0x02, 0x7f, 0xff, 0xff, 0xfe, 0x00, 0x00, 0x1f, 0xfe, 0xff, 0x00, 0x80, 0xfc, 0x00, 0x02, 0x7f, 0xff, 0xff, 0xfe, 0x00, 0x04, 0x1d, 0xff,
  0x9f, 0xff, 0xc0, 0xfc, 0x00, 0x02, 0x7f, 0xff, 0xfe, 0xfe, 0x00, 0x04, 0x03, 0xff, 0x83, 0xff, 0xf0, 0xfc, 0x00, 0x02, 0x3f, 0xff, 0xfe, 0xfe,
  0x00, 0x04, 0x03, 0xff, 0x80, 0xff, 0xf8, 0xfc, 0x00, 0x02, 0x3f, 0xff, 0xfc, 0xfe, 0x00, 0x04, 0x03, 0xff, 0x80, 0x3f, 0xfe, 0xfc, 0x00, 0x02,
  0x1f, 0xff, 0xf8, 0xfe, 0x00, 0x04, 0x01, 0xff, 0x80, 0x0f, 0xff, 0xfc, 0x00, 0x02, 0x0f, 0xff, 0xe0, 0xfd, 0x00, 0x04, 0x7f, 0x00, 0x03, 0xff,
  0x80, 0xfd, 0x00, 0x02, 0x03, 0xff, 0x80, 0xfd, 0x00, 0x04, 0x7f, 0x00, 0x00, 0xff, 0xc0, 0xfc, 0x00, 0x00, 0x20, 0xfc, 0x00, 0x04, 0xfe, 0x00,
  0x00, 0x3f, 0xe0, 0xf7, 0x00, 0x05, 0x01, 0xfc, 0x00, 0x00, 0x1f, 0xe0, 0xf6, 0x00, 0x04, 0xfc, 0x00, 0x00, 0x07, 0xe0, 0xf7, 0x00, 0x05, 0x01,
  0xfc, 0x00, 0x00, 0x03, 0xe0, 0xf7, 0x00, 0x05, 0x03, 0xfc, 0x00, 0x01, 0xf9, 0xc0, 0xf7, 0x00, 0x04, 0x03, 0xfc, 0x00, 0x03, 0xff, 0xf6, 0x00,
  0x05, 0x03, 0xfc, 0x00, 0x07, 0xff, 0x80, 0xf7, 0x00, 0x05, 0x07, 0xfc, 0x00, 0x0f, 0xff, 0xc0, 0xf7, 0x00, 0x05, 0x37, 0xfc, 0x00, 0x0f, 0xff,
  0xe0, 0xf7, 0x00, 0x05, 0x3f, 0xf8, 0x00, 0x0f, 0xff, 0xe0, 0xf7, 0x00, 0x05, 0x3f, 0xf8, 0x00, 0x0f, 0xff, 0xf0, 0xf7, 0x00, 0x05, 0x1f, 0xf0,
  0x00, 0x0f, 0xff, 0xf0, 0xf7, 0x00, 0x05, 0x0f, 0xe0, 0x00, 0x0f, 0xff, 0xf0, 0xf7, 0x00, 0x05, 0x03, 0x80, 0x00, 0x07, 0xff, 0xf0, 0xf4, 0x00,
  0x02, 0x03, 0xff, 0xf0, 0xf4, 0x00, 0x02, 0x03, 0xff, 0xe0, 0xf4, 0x00, 0x02, 0x01, 0xff, 0xc0, 0xf3, 0x00, 0x01, 0x7f, 0xc0, 0xf3, 0x00, 0x00,
  0x0e, 0x81, 0x00, 0x8e, 0x00, 0xfa, 0x00, 0x00, 0x3f, 0xf3, 0x00, 0x01, 0x01, 0xff, 0xf3, 0x00, 0x01, 0x03, 0xfe, 0xf3, 0x00, 0x01, 0x01, 0xfc,
  0xf2, 0x00, 0x00, 0xe0, 0xf5, 0x00, 0x01, 0x33, 0xc0, 0xf4, 0x00, 0x03, 0x03, 0xff, 0xff, 0x80, 0xf5, 0x00, 0x03, 0x3f, 0xff, 0xff, 0xfc, 0xf5,
  0x00, 0xfd, 0xff, 0x03, 0x80, 0x00, 0x00, 0x1c, 0xfa, 0x00, 0x00, 0x01, 0xfd, 0xff, 0x03, 0xe0, 0x00, 0x00, 0x1c, 0xfa, 0x00, 0x00, 0x01, 0xfd,
  0xff, 0x03, 0xf0, 0x00, 0x00, 0x1e, 0xf9, 0x00, 0xfd, 0xff, 0x03, 0xf8, 0x00, 0x00, 0x1e, 0xf7, 0x00, 0x05, 0x7f, 0xff, 0xf8, 0x00, 0x00, 0x0f,
  0xf6, 0x00, 0x04, 0x7f, 0xf8, 0x00, 0x00, 0x0f, 0xf9, 0x00, 0x07, 0x06, 0x00, 0x00, 0x07, 0xf8, 0x00, 0x00, 0x07, 0xf9, 0x00, 0x04, 0x7f, 0x80,
  0x00, 0x00, 0x70, 0xf7, 0x00, 0x02, 0x03, 0xff, 0xf0, 0xf4, 0x00, 0x02, 0x0f, 0xff, 0xfc, 0xf4, 0x00, 0x02, 0x1f, 0xff, 0xfe, 0xfc, 0x00, 0x00,
  0x7c, 0xfa, 0x00, 0x02, 0x3f, 0xff, 0xfe, 0xfe, 0x00, 0x03, 0x03, 0xc0, 0x7f, 0x80, 0xfb, 0x00, 0x02, 0x7f, 0xff, 0xfe, 0xfe, 0x00, 0x03, 0x1f,
  0xf8, 0x7f, 0xf0, 0xfb, 0x00, 0x02, 0x7f, 0xff, 0xff, 0xfe, 0x00, 0x03, 0x3f, 0xfc, 0x7f, 0xfc, 0xfb, 0x00, 0x02, 0x7f, 0xff, 0xff, 0xfe, 0x00,
  0x03, 0x7f, 0xfe, 0x7f, 0xff, 0xfb, 0x00, 0x02, 0x7f, 0xff, 0xff, 0xfe, 0x00, 0x04, 0x7f, 0xfe, 0x1f, 0xff, 0xc0, 0xfc, 0x00, 0x02, 0x7f, 0xff,
  0xfe, 0xfe, 0x00, 0x04, 0x07, 0xff, 0x07, 0xff, 0xe0, 0xfc, 0x00, 0x02, 0x7f, 0xff, 0xfe, 0xfe, 0x00, 0x04, 0x07, 0xff, 0x00, 0xff, 0xf8, 0xfc,
  0x00, 0x02, 0x3f, 0xff, 0xfc, 0xfe, 0x00, 0x04, 0x07, 0xff, 0x00, 0x3f, 0xfc, 0xfc, 0x00, 0x02, 0x1f, 0xff, 0xf8, 0xfe, 0x00, 0x04, 0x07, 0xfe,
  0x00, 0x0f, 0xff, 0xfc, 0x00, 0x02, 0x0f, 0xff, 0xe0, 0xfe, 0x00, 0x05, 0x03, 0xfe, 0x00, 0x03, 0xff, 0x80, 0xfd, 0x00, 0x02, 0x03, 0xff, 0x80,
  0xfe, 0x00, 0x05, 0x01, 0xfe, 0x00, 0x00, 0xff, 0xc0, 0xf7, 0x00, 0x05, 0x03, 0xfc, 0x00, 0x00, 0x3f, 0xe0, 0xf7, 0x00, 0x05, 0x03, 0xf8, 0x00,
  0x00, 0x1f, 0xe0, 0xf7, 0x00, 0x05, 0x01, 0xf8, 0x00, 0x00, 0x07, 0xe0, 0xf7, 0x00, 0x05, 0x07, 0xf8, 0x00, 0x00, 0x03, 0xe0, 0xf7, 0x00, 0x05,
  0x0f, 0xf8, 0x00, 0x01, 0xf0, 0xc0, 0xf7, 0x00, 0x04, 0x0f, 0xfc, 0x00, 0x07, 0xfc, 0xf6, 0x00, 0x04, 0x0f, 0xf8, 0x00, 0x0f, 0xff, 0xf6, 0x00,
  0x05, 0x1f, 0xf8, 0x00, 0x0f, 0xff, 0xc0, 0xf7, 0x00, 0x05, 0x7f, 0xf8, 0x00, 0x0f, 0xff, 0xc0, 0xf7, 0x00, 0x05, 0x7f, 0xf0, 0x00, 0x0f, 0xff,
  0xc0, 0xf7, 0x00, 0x05, 0x3f, 0xe0, 0x00, 0x0f, 0xff, 0xe0, 0xf7, 0x00, 0x05, 0x1f, 0x00, 0x00, 0x0f, 0xff, 0xe0, 0xf4, 0x00, 0x02, 0x0f, 0xff,
  0xe0, 0xf4, 0x00, 0x02, 0x07, 0xff, 0xe0, 0xf4, 0x00, 0x02, 0x03, 0xff, 0xe0, 0xf4, 0x00, 0x02, 0x01, 0xff, 0xc0, 0xf3, 0x00, 0x01, 0xff, 0xc0,
  0xf3, 0x00, 0x01, 0x3f, 0x80, 0x81, 0x00, 0x81, 0x00, 0x01, 0x00, 0x00, 0xfa, 0x00, 0x00, 0x3e, 0xf3, 0x00, 0x01, 0x01, 0xfe, 0xf3, 0x00, 0x01,
  0x03, 0xfe, 0xf3, 0x00, 0x01, 0x03, 0xfc, 0xf3, 0x00, 0x01, 0x01, 0xf8, 0xe6, 0x00, 0x02, 0x01, 0xff, 0xff, 0xf4, 0x00, 0x03, 0x3f, 0xff, 0xff,
  0xf8, 0xf5, 0x00, 0xfd, 0xff, 0xfe, 0x00, 0x00, 0x18, 0xfa, 0x00, 0x00, 0x01, 0xfd, 0xff, 0x03, 0xc0, 0x00, 0x00, 0x1c, 0xfa, 0x00, 0x00, 0x01,
  0xfd, 0xff, 0x03, 0xf0, 0x00, 0x00, 0x1c, 0xf9, 0x00, 0xfd, 0xff, 0x03, 0xf8, 0x00, 0x00, 0x1e, 0xf7, 0x00, 0x05, 0xff, 0xff, 0xf8, 0x00, 0x00,
  0x1f, 0xf7, 0x00, 0x05, 0x01, 0xff, 0xf8, 0x00, 0x00, 0x0f, 0xf6, 0x00, 0x04, 0x0f, 0xf0, 0x00, 0x00, 0x07, 0xf9, 0x00, 0x04, 0x3f, 0x80, 0x00,
  0x00, 0xe0, 0xf7, 0x00, 0x02, 0x03, 0xff, 0xf0, 0xf4, 0x00, 0x02, 0x0f, 0xff, 0xf8, 0xf4, 0x00, 0x02, 0x1f, 0xff, 0xfe, 0xfc, 0x00, 0x00, 0x3c,
  0xfa, 0x00, 0x02, 0x3f, 0xff, 0xfe, 0xfc, 0x00, 0x01, 0x7f, 0x80, 0xfb, 0x00, 0x02, 0x7f, 0xff, 0xfe, 0xfe, 0x00, 0x03, 0x1f, 0xf0, 0x7f, 0xe0,
  0xfb, 0x00, 0x02, 0x7f, 0xff, 0xff, 0xfe, 0x00, 0x03, 0x7f, 0xf8, 0x7f, 0xf8, 0xfb, 0x00, 0x02, 0x7f, 0xff, 0xff, 0xfe, 0x00, 0x03, 0x7f, 0xfc,
  0x7f, 0xff, 0xfb, 0x00, 0x02, 0x7f, 0xff, 0xfe, 0xfe, 0x00, 0x04, 0x7f, 0xfc, 0x3f, 0xff, 0x80, 0xfc, 0x00, 0x02, 0x7f, 0xff, 0xfe, 0xfe, 0x00,
  0x04, 0x47, 0xfe, 0x07, 0xff, 0xe0, 0xfc, 0x00, 0x02, 0x7f, 0xff, 0xfe, 0xfe, 0x00, 0x04, 0x07, 0xfe, 0x00, 0xff, 0xf8, 0xfc, 0x00, 0x02, 0x3f,
  0xff, 0xfc, 0xfe, 0x00, 0x04, 0x07, 0xfe, 0x00, 0x3f, 0xfc, 0xfc, 0x00, 0x02, 0x1f, 0xff, 0xf8, 0xfe, 0x00, 0x04, 0x07, 0xfe, 0x00, 0x0f, 0xfe,
  0xfc, 0x00, 0x02, 0x0f, 0xff, 0xe0, 0xfe, 0x00, 0x04, 0x07, 0xfe, 0x00, 0x03, 0xff, 0xfc, 0x00, 0x02, 0x03, 0xff, 0x80, 0xfe, 0x00, 0x05, 0x03,
  0xfc, 0x00, 0x00, 0xff, 0x80, 0xf7, 0x00, 0x05, 0x03, 0xf8, 0x00, 0x00, 0x3f, 0xc0, 0xf7, 0x00, 0x05, 0x07, 0xf8, 0x00, 0x00, 0x1f, 0xe0, 0xf7,
  0x00, 0x05, 0x03, 0xf0, 0x00, 0x00, 0x07, 0xe0, 0xf7, 0x00, 0x05, 0x07, 0xf8, 0x00, 0x00, 0x01, 0xe0, 0xf7, 0x00, 0x05, 0x0f, 0xf8, 0x00, 0x01,
  0xc0, 0xc0, 0xf7, 0x00, 0x04, 0x1f, 0xf8, 0x00, 0x07, 0xfc, 0xf6, 0x00, 0x04, 0x1f, 0xf8, 0x00, 0x07, 0xfe, 0xf6, 0x00, 0x04, 0x1f, 0xf8, 0x00,
  0x0f, 0xff, 0xf6, 0x00, 0x05, 0xff, 0xf0, 0x00, 0x0f, 0xff, 0x80, 0xf7, 0x00, 0x05, 0x7f, 0xe0, 0x00, 0x0f, 0xff, 0xc0, 0xf7, 0x00, 0x05, 0x7f,
  0xc0, 0x00, 0x0f, 0xff, 0xc0, 0xf7, 0x00, 0x05, 0x06, 0x00, 0x00, 0x0f, 0xff, 0xe0, 0xf4, 0x00, 0x02, 0x0f, 0xff, 0xe0, 0xf4, 0x00, 0x02, 0x07,
  0xff, 0xe0, 0xf4, 0x00, 0x02, 0x03, 0xff, 0xe0, 0xf4, 0x00, 0x02, 0x01, 0xff, 0xc0, 0xf3, 0x00, 0x01, 0xff, 0xc0, 0xf3, 0x00, 0x00, 0x3f, 0x81,
  0x00, 0x81, 0x00, 0xfe, 0x00, 0xfa, 0x00, 0x00, 0x3e, 0xf3, 0x00, 0x01, 0x01, 0xfe, 0xf3, 0x00, 0x01, 0x03, 0xfe, 0xf3, 0x00, 0x01, 0x03, 0xfc,
  0xf3, 0x00, 0x01, 0x01, 0xf0, 0xe6, 0x00, 0x02, 0x01, 0xff, 0xff, 0xf4, 0x00, 0x03, 0x3f, 0xff, 0xff, 0xf8, 0xf5, 0x00, 0xfd, 0xff, 0xfe, 0x00,
  0x00, 0x18, 0xfa, 0x00, 0x00, 0x01, 0xfd, 0xff, 0x03, 0xc0, 0x00, 0x00, 0x1c, 0xfa, 0x00, 0x00, 0x01, 0xfd, 0xff, 0x03, 0xe0, 0x00, 0x00, 0x1c,
  0xf9, 0x00, 0xfd, 0xff, 0x03, 0xf8, 0x00, 0x00, 0x1e, 0xf7, 0x00, 0x05, 0xff, 0xff, 0xf8, 0x00, 0x00, 0x1f, 0xf7, 0x00, 0x05, 0x01, 0xff, 0xf8,
  0x00, 0x00, 0x0f, 0xf6, 0x00, 0x04, 0x0f, 0xf0, 0x00, 0x00, 0x07, 0xf9, 0x00, 0x04, 0x3f, 0x80, 0x00, 0x00, 0xe0, 0xf7, 0x00, 0x02, 0x03, 0xff,
  0xf0, 0xf4, 0x00, 0x02, 0x0f, 0xff, 0xf8, 0xf4, 0x00, 0x02, 0x1f, 0xff, 0xfe, 0xfc, 0x00, 0x00, 0x38, 0xfa, 0x00, 0x02, 0x3f, 0xff, 0xfe, 0xfc,
  0x00, 0x01, 0x7f, 0x80, 0xfb, 0x00, 0x02, 0x3f, 0xff, 0xfe, 0xfe, 0x00, 0x03, 0x1f, 0xe0, 0x7f, 0xe0, 0xfb, 0x00, 0x02, 0x7f, 0xff, 0xff, 0xfe,
  0x00, 0x03, 0x7f, 0xf8, 0x7f, 0xf8, 0xfb, 0x00, 0x02, 0x7f, 0xff, 0xff, 0xfe, 0x00, 0x03, 0x7f, 0xfc, 0x7f, 0xff, 0xfb, 0x00, 0x02, 0x7f, 0xff,
  0xfe, 0xfe, 0x00, 0x04, 0xff, 0xfc, 0x3f, 0xff, 0xc0, 0xfc, 0x00, 0x02, 0x7f, 0xff, 0xfe, 0xfe, 0x00, 0x04, 0x47, 0xfe, 0x07, 0xff, 0xe0, 0xfc,
  0x00, 0x02, 0x7f, 0xff, 0xfe, 0xfe, 0x00, 0x04, 0x0f, 0xfe, 0x00, 0xff, 0xf8, 0xfc, 0x00, 0x02, 0x3f, 0xff, 0xfc, 0xfe, 0x00, 0x04, 0x07, 0xfe,
  0x00, 0x3f, 0xfc, 0xfc, 0x00, 0x02, 0x3f, 0xff, 0xf8, 0xfe, 0x00, 0x04, 0x0f, 0xfe, 0x00, 0x0f, 0xfe, 0xfc, 0x00, 0x02, 0x0f, 0xff, 0xe0, 0xfe,
  0x00, 0x04, 0x07, 0xfe, 0x00, 0x03, 0xff, 0xfc, 0x00, 0x02, 0x03, 0xff, 0x80, 0xfe, 0x00, 0x05, 0x03, 0xfc, 0x00, 0x00, 0xff, 0x80, 0xf7, 0x00,
  0x05, 0x07, 0xf8, 0x00, 0x00, 0x3f, 0xc0, 0xf7, 0x00, 0x05, 0x07, 0xf8, 0x00, 0x00, 0x1f, 0xe0, 0xf7, 0x00, 0x05, 0x07, 0xf0, 0x00, 0x00, 0x07,
  0xe0, 0xf7, 0x00, 0x05, 0x07, 0xf8, 0x00, 0x00, 0x07, 0xe0, 0xf7, 0x00, 0x05, 0x0f, 0xf8, 0x00, 0x01, 0xe0, 0x40, 0xf7, 0x00, 0x04, 0x1f, 0xf8,
  0x00, 0x07, 0xfc, 0xf6, 0x00, 0x04, 0x1f, 0xf8, 0x00, 0x07, 0xfe, 0xf6, 0x00, 0x04, 0x1f, 0xf8, 0x00, 0x0f, 0xff, 0xf6, 0x00, 0x05, 0xff, 0xf0,
  0x00, 0x1f, 0xff, 0x80, 0xf7, 0x00, 0x05, 0x7f, 0xe0, 0x00, 0x1f, 0xff, 0xc0, 0xf7, 0x00, 0x05, 0x7f, 0xc0, 0x00, 0x0f, 0xff, 0xc0, 0xf7, 0x00,
  0x05, 0x07, 0x00, 0x00, 0x0f, 0xff, 0xc0, 0xf4, 0x00, 0x02, 0x0f, 0xff, 0xe0, 0xf4, 0x00, 0x02, 0x07, 0xff, 0xe0, 0xf4, 0x00, 0x02, 0x03, 0xff,
  0xe0, 0xf4, 0x00, 0x02, 0x01, 0xff, 0xc0, 0xf3, 0x00, 0x01, 0xff, 0x80, 0xf3, 0x00, 0x00, 0x3f, 0x81, 0x00, 0x81, 0x00, 0xfe, 0x00, 0xfa, 0x00,
  0x00, 0x3e, 0xf3, 0x00, 0x01, 0x01, 0xfe, 0xf3, 0x00, 0x01, 0x03, 0xfe, 0xf3, 0x00, 0x01, 0x03, 0xfc, 0xf3, 0x00, 0x01, 0x01, 0xf8, 0xe6, 0x00,
  0x02, 0x01, 0xff, 0xff, 0xf4, 0x00, 0x03, 0x3f, 0xff, 0xff, 0xf8, 0xf5, 0x00, 0xfd, 0xff, 0xfe, 0x00, 0x00, 0x18, 0xfa, 0x00, 0x00, 0x01, 0xfd,
  0xff, 0x03, 0xc0, 0x00, 0x00, 0x1c, 0xfa, 0x00, 0x00, 0x01, 0xfd, 0xff, 0x03, 0xe0, 0x00, 0x00, 0x1c, 0xf9, 0x00, 0xfd, 0xff, 0x03, 0xf8, 0x00,
  0x00, 0x1e, 0xf8, 0x00, 0x06, 0x03, 0xff, 0xff, 0xf8, 0x00, 0x00, 0x1f, 0xf7, 0x00, 0x05, 0x03, 0xff, 0xf8, 0x00, 0x00, 0x0f, 0xf6, 0x00, 0x04,
  0x1f, 0xf0, 0x00, 0x00, 0x07, 0xf9, 0x00, 0x04, 0x3e, 0x80, 0x00, 0x00, 0xe0, 0xf7, 0x00, 0x02, 0x03, 0xff, 0xf0, 0xf4, 0x00, 0x02, 0x0f, 0xff,
  0xf8, 0xf4, 0x00, 0x02, 0x1f, 0xff, 0xfe, 0xfc, 0x00, 0x00, 0x38, 0xfa, 0x00, 0x02, 0x3f, 0xff, 0xfe, 0xfc, 0x00, 0x00, 0x7f, 0xfa, 0x00, 0x02,
  0x3f, 0xff, 0xfe, 0xfe, 0x00, 0x03, 0x1f, 0xe0, 0x7f, 0xe0, 0xfb, 0x00, 0x02, 0x7f, 0xff, 0xff, 0xfe, 0x00, 0x03, 0x7f, 0xf8, 0x7f, 0xf8, 0xfb,
  0x00, 0x02, 0x7f, 0xff, 0xff, 0xfe, 0x00, 0x03, 0x7f, 0xfc, 0x7f, 0xfe, 0xfb, 0x00, 0x02, 0x7f, 0xff, 0xfe, 0xfe, 0x00, 0x04, 0xff, 0xfc, 0x3f,
  0xff, 0x80, 0xfc, 0x00, 0x02, 0x7f, 0xff, 0xfe, 0xfe, 0x00, 0x04, 0x47, 0xfe, 0x07, 0xff, 0xe0, 0xfc, 0x00, 0x02, 0x7f, 0xff, 0xfe, 0xfe, 0x00,
  0x04, 0x0f, 0xfe, 0x00, 0xff, 0xf0, 0xfc, 0x00, 0x02, 0x3f, 0xff, 0xfc, 0xfe, 0x00, 0x04, 0x07, 0xfe, 0x00, 0x3f, 0xfc, 0xfc, 0x00, 0x02, 0x3f,
  0xff, 0xf8, 0xfe, 0x00, 0x04, 0x0f, 0xfe, 0x00, 0x0f, 0xfe, 0xfc, 0x00, 0x02, 0x0f, 0xff, 0xe0, 0xfe, 0x00, 0x04, 0x07, 0xfe, 0x00, 0x03, 0xff,
  0xfc, 0x00, 0x02, 0x03, 0xff, 0x80, 0xfe, 0x00, 0x05, 0x03, 0xfc, 0x00, 0x00, 0xff, 0x80, 0xf7, 0x00, 0x05, 0x07, 0xf8, 0x00, 0x00, 0x3f, 0xc0,
  0xf7, 0x00, 0x05, 0x07, 0xf8, 0x00, 0x00, 0x1f, 0xe0, 0xf7, 0x00, 0x05, 0x07, 0xf0, 0x00, 0x00, 0x07, 0xe0, 0xf7, 0x00, 0x05, 0x07, 0xf8, 0x00,
  0x00, 0x07, 0xe0, 0xf7, 0x00, 0x05, 0x0f, 0xf8, 0x00, 0x01, 0xc0, 0x40, 0xf7, 0x00, 0x04, 0x1f, 0xf8, 0x00, 0x07, 0xfc, 0xf6, 0x00, 0x04, 0x1f,
  0xf8, 0x00, 0x07, 0xfe, 0xf6, 0x00, 0x04, 0x1f, 0xf8, 0x00, 0x0f, 0xff, 0xf6, 0x00, 0x05, 0xff, 0xf0, 0x00, 0x0f, 0xff, 0x80, 0xf7, 0x00, 0x05,
  0x7f, 0xe0, 0x00, 0x0f, 0xff, 0xc0, 0xf7, 0x00, 0x05, 0x7f, 0xc0, 0x00, 0x0f, 0xff, 0xc0, 0xf7, 0x00, 0x05, 0x07, 0x00, 0x00, 0x0f, 0xff, 0xc0,
  0xf4, 0x00, 0x02, 0x0f, 0xff, 0xe0, 0xf4, 0x00, 0x02, 0x07, 0xff, 0xe0, 0xf4, 0x00, 0x02, 0x03, 0xff, 0xe0, 0xf4, 0x00, 0x02, 0x01, 0xff, 0xc0,
  0xf3, 0x00, 0x01, 0xff, 0x80, 0xf3, 0x00, 0x00, 0x3f, 0x81, 0x00, 0x81, 0x00, 0xfe, 0x00, 0xfa, 0x00, 0x00, 0x3e, 0xf3, 0x00, 0x01, 0x01, 0xfe,
  0xf3, 0x00, 0x01, 0x03, 0xfe, 0xf3, 0x00, 0x01, 0x03, 0xfc, 0xf3, 0x00, 0x01, 0x01, 0xf8, 0xe6, 0x00, 0x02, 0x01, 0xff, 0xfe, 0xf4, 0x00, 0x03,
  0x1f, 0xff, 0xff, 0xf8, 0xf5, 0x00, 0xfd, 0xff, 0xfe, 0x00, 0x00, 0x18, 0xfa, 0x00, 0x00, 0x01, 0xfd, 0xff, 0x03, 0xc0, 0x00, 0x00, 0x1c, 0xfa,
  0x00, 0x00, 0x01, 0xfd, 0xff, 0x03, 0xe0, 0x00, 0x00, 0x1c, 0xf9, 0x00, 0xfd, 0xff, 0x03, 0xf8, 0x00, 0x00, 0x1e, 0xf8, 0x00, 0x06, 0x03, 0xff,
  0xff, 0xf8, 0x00, 0x00, 0x1e, 0xf7, 0x00, 0x05, 0x03, 0xff, 0xf8, 0x00, 0x00, 0x0f, 0xf6, 0x00, 0x04, 0x1f, 0xf0, 0x00, 0x00, 0x07, 0xf9, 0x00,
  0x04, 0x1e, 0x80, 0x00, 0x00, 0xe0, 0xf7, 0x00, 0x02, 0x01, 0xff, 0xf0, 0xf4, 0x00, 0x02, 0x0f, 0xff, 0xf8, 0xf4, 0x00, 0x02, 0x1f, 0xff, 0xfe,
  0xfc, 0x00, 0x00, 0x38, 0xfa, 0x00, 0x02, 0x3f, 0xff, 0xfe, 0xfc, 0x00, 0x00, 0x7f, 0xfa, 0x00, 0x02, 0x3f, 0xff, 0xfe, 0xfe, 0x00, 0x03, 0x1f,
  0xe0, 0x7f, 0xe0, 0xfb, 0x00, 0x02, 0x7f, 0xff, 0xfe, 0xfe, 0x00, 0x03, 0x7f, 0xf8, 0x7f, 0xf8, 0xfb, 0x00, 0x02, 0x7f, 0xff, 0xff, 0xfe, 0x00,
  0x03, 0x7f, 0xfc, 0x7f, 0xfe, 0xfb, 0x00, 0x02, 0x7f, 0xff, 0xff, 0xfe, 0x00, 0x04, 0xff, 0xfc, 0x3f, 0xff, 0x80, 0xfc, 0x00, 0x02, 0x7f, 0xff,
  0xfe, 0xfe, 0x00, 0x04, 0x47, 0xfe, 0x07, 0xff, 0xe0, 0xfc, 0x00, 0x02, 0x7f, 0xff, 0xfe, 0xfe, 0x00, 0x04, 0x0f, 0xfe, 0x00, 0xff, 0xf8, 0xfc,
  0x00, 0x02, 0x3f, 0xff, 0xfc, 0xfe, 0x00, 0x04, 0x07, 0xfe, 0x00, 0x3f, 0xfc, 0xfc, 0x00, 0x02, 0x3f, 0xff, 0xf8, 0xfe, 0x00, 0x04, 0x0f, 0xfe,
  0x00, 0x0f, 0xfe, 0xfc, 0x00, 0x02, 0x0f, 0xff, 0xe0, 0xfe, 0x00, 0x04, 0x07, 0xfe, 0x00, 0x03, 0xff, 0xfc, 0x00, 0x02, 0x03, 0xff, 0x80, 0xfe,
  0x00, 0x05, 0x03, 0xfc, 0x00, 0x00, 0xff, 0xc0, 0xf7, 0x00, 0x05, 0x07, 0xf8, 0x00, 0x00, 0x7f, 0xc0, 0xf7, 0x00, 0x05, 0x07, 0xf8, 0x00, 0x00,
  0x1f, 0xe0, 0xf7, 0x00, 0x05, 0x07, 0xf0, 0x00, 0x00, 0x07, 0xe0, 0xf7, 0x00, 0x05, 0x07, 0xf8, 0x00, 0x00, 0x07, 0xe0, 0xf7, 0x00, 0x05, 0x0f,
  0xf8, 0x00, 0x01, 0x40, 0x40, 0xf7, 0x00, 0x04, 0x1f, 0xf8, 0x00, 0x07, 0xfc, 0xf6, 0x00, 0x04, 0x1f, 0xf8, 0x00, 0x07, 0xfe, 0xf6, 0x00, 0x04,
  0x1f, 0xf8, 0x00, 0x0f, 0xff, 0xf6, 0x00, 0x05, 0xff, 0xf0, 0x00, 0x0f, 0xff, 0x80, 0xf7, 0x00, 0x05, 0x7f, 0xe0, 0x00, 0x0f, 0xff, 0xc0, 0xf7,
  0x00, 0x05, 0x7f, 0xc0, 0x00, 0x0f, 0xff, 0xc0, 0xf7, 0x00, 0x05, 0x1f, 0x00, 0x00, 0x0f, 0xff, 0xc0, 0xf4, 0x00, 0x02, 0x0f, 0xff, 0xe0, 0xf4,
  0x00, 0x02, 0x07, 0xff, 0xe0, 0xf4, 0x00, 0x02, 0x03, 0xff, 0xe0, 0xf4, 0x00, 0x02, 0x01, 0xff, 0xc0, 0xf3, 0x00, 0x01, 0xff, 0xc0, 0xf3, 0x00,
  0x00, 0x3f, 0x81, 0x00, 0x81, 0x00, 0xfe, 0x00, 0xfa, 0x00, 0x00, 0x3e, 0xf3, 0x00, 0x01, 0x01, 0xfe, 0xf3, 0x00, 0x01, 0x03, 0xfe, 0xf3, 0x00,
  0x01, 0x03, 0xfc, 0xf3, 0x00, 0x01, 0x01, 0xf8, 0xe5, 0x00, 0x01, 0xff, 0xfe, 0xf4, 0x00, 0x03, 0x1f, 0xff, 0xff, 0xf0, 0xf5, 0x00, 0xfe, 0xff,
  0x00, 0xfe, 0xf6, 0x00, 0x00, 0x01, 0xfd, 0xff, 0x03, 0xc0, 0x00, 0x00, 0x1c, 0xfa, 0x00, 0x00, 0x01, 0xfd, 0xff, 0x03, 0xe0, 0x00, 0x00, 0x1c,
  0xfa, 0x00, 0x00, 0x01, 0xfd, 0xff, 0x03, 0xf8, 0x00, 0x00, 0x1e, 0xf8, 0x00, 0x06, 0x03, 0xff, 0xff, 0xf8, 0x00, 0x00, 0x1e, 0xf7, 0x00, 0x05,
  0x03, 0xff, 0xf8, 0x00, 0x00, 0x0f, 0xf6, 0x00, 0x04, 0x1f, 0xf0, 0x00, 0x00, 0x07, 0xf9, 0x00, 0x04, 0x1c, 0x00, 0x00, 0x01, 0xe0, 0xf7, 0x00,
  0x02, 0x01, 0xff, 0xf0, 0xf4, 0x00, 0x02, 0x0f, 0xff, 0xf8, 0xf4, 0x00, 0x02, 0x1f, 0xff, 0xfe, 0xfc, 0x00, 0x00, 0x38, 0xfa, 0x00, 0x02, 0x3f,
  0xff, 0xfe, 0xfc, 0x00, 0x00, 0x7f, 0xfa, 0x00, 0x02, 0x3f, 0xff, 0xfe, 0xfe, 0x00, 0x03, 0x1f, 0xe0, 0x7f, 0xe0, 0xfb, 0x00, 0x02, 0x7f, 0xff,
  0xfe, 0xfe, 0x00, 0x03, 0x7f, 0xf8, 0x7f, 0xf8, 0xfb, 0x00, 0x02, 0x7f, 0xff, 0xff, 0xfe, 0x00, 0x03, 0x7f, 0xfc, 0x7f, 0xfe, 0xfb, 0x00, 0x02,
  0x7f, 0xff, 0xff, 0xfe, 0x00, 0x04, 0xff, 0xfc, 0x3f, 0xff, 0x80, 0xfc, 0x00, 0x02, 0x7f, 0xff, 0xfe, 0xfe, 0x00, 0x04, 0x47, 0xfe, 0x07, 0xff,
  0xe0, 0xfc, 0x00, 0x02, 0x7f, 0xff, 0xfe, 0xfe, 0x00, 0x04, 0x0f, 0xfe, 0x00, 0xff, 0xf0, 0xfc, 0x00, 0x02, 0x3f, 0xff, 0xfc, 0xfe, 0x00, 0x04,
  0x07, 0xfe, 0x00, 0x3f, 0xfc, 0xfc, 0x00, 0x02, 0x3f, 0xff, 0xf8, 0xfe, 0x00, 0x04, 0x0f, 0xfe, 0x00, 0x0f, 0xfe, 0xfc, 0x00, 0x02, 0x0f, 0xff,
  0xe0, 0xfe, 0x00, 0x04, 0x07, 0xfe, 0x00, 0x03, 0xff, 0xfc, 0x00, 0x02, 0x03, 0xff, 0x80, 0xfe, 0x00, 0x05, 0x03, 0xfc, 0x00, 0x00, 0xff, 0x80,
  0xf7, 0x00, 0x05, 0x07, 0xf8, 0x00, 0x00, 0x3f, 0xc0, 0xf7, 0x00, 0x05, 0x07, 0xf8, 0x00, 0x00, 0x1f, 0xe0, 0xf7, 0x00, 0x05, 0x07, 0xf0, 0x00,
  0x00, 0x07, 0xe0, 0xf7, 0x00, 0x05, 0x07, 0xf8, 0x00, 0x00, 0x07, 0xe0, 0xf7, 0x00, 0x05, 0x0f, 0xf8, 0x00, 0x01, 0x40, 0x40, 0xf7, 0x00, 0x04,
  0x1f, 0xf8, 0x00, 0x07, 0xf8, 0xf6, 0x00, 0x04, 0x1f, 0xf8, 0x00, 0x07, 0xfe, 0xf6, 0x00, 0x04, 0x1f, 0xf8, 0x00, 0x0f, 0xff, 0xf6, 0x00, 0x05,
  0xff, 0xf0, 0x00, 0x0f, 0xff, 0x80, 0xf7, 0x00, 0x05, 0x7f, 0xe0, 0x00, 0x0f, 0xff, 0xc0, 0xf7, 0x00, 0x05, 0x7f, 0xc0, 0x00, 0x0f, 0xff, 0xc0,
  0xf7, 0x00, 0x05, 0x1f, 0x00, 0x00, 0x0f, 0xff, 0xc0, 0xf4, 0x00, 0x02, 0x0f, 0xff, 0xe0, 0xf4, 0x00, 0x02, 0x07, 0xff, 0xe0, 0xf4, 0x00, 0x02,
  0x03, 0xff, 0xe0, 0xf4, 0x00, 0x02, 0x01, 0xff, 0xc0, 0xf3, 0x00, 0x01, 0xff, 0x80, 0xf3, 0x00, 0x00, 0x3f, 0x81, 0x00, 0x81, 0x00, 0xfe, 0x00,
  0xfa, 0x00, 0x00, 0x1e, 0xf2, 0x00, 0x00, 0xfe, 0xf3, 0x00, 0x01, 0x03, 0xfe, 0xf3, 0x00, 0x01, 0x03, 0xfc, 0xf3, 0x00, 0x01, 0x01, 0xf8, 0xe5,
  0x00, 0x01, 0xff, 0xfe, 0xf4, 0x00, 0x03, 0x1f, 0xff, 0xff, 0xf0, 0xf5, 0x00, 0xfe, 0xff, 0x00, 0xfe, 0xf6, 0x00, 0x00, 0x01, 0xfd, 0xff, 0x03,
  0xc0, 0x00, 0x00, 0x1c, 0xfa, 0x00, 0x00, 0x01, 0xfd, 0xff, 0x03, 0xe0, 0x00, 0x00, 0x1c, 0xfa, 0x00, 0x00, 0x01, 0xfd, 0xff, 0x03, 0xf8, 0x00,
  0x00, 0x1e, 0xf8, 0x00, 0x06, 0x03, 0xff, 0xff, 0xf8, 0x00, 0x00, 0x1e, 0xf7, 0x00, 0x05, 0x03, 0xff, 0xf8, 0x00, 0x00, 0x0f, 0xf6, 0x00, 0x04,
  0x1f, 0xf0, 0x00, 0x00, 0x07, 0xf9, 0x00, 0x04, 0x1c, 0x00, 0x00, 0x01, 0xe0, 0xf7, 0x00, 0x02, 0x01, 0xff, 0xe0, 0xf4, 0x00, 0x02, 0x0f, 0xff,
  0xf8, 0xf4, 0x00, 0x02, 0x1f, 0xff, 0xfe, 0xfc, 0x00, 0x00, 0x38, 0xfa, 0x00, 0x02, 0x3f, 0xff, 0xfe, 0xfc, 0x00, 0x00, 0x7f, 0xfa, 0x00, 0x02,
  0x3f, 0xff, 0xfe, 0xfe, 0x00, 0x03, 0x0f, 0xe0, 0x7f, 0xe0, 0xfb, 0x00, 0x02, 0x7f, 0xff, 0xff, 0xfe, 0x00, 0x03, 0x7f, 0xf8, 0x7f, 0xf8, 0xfb,
  0x00, 0x02, 0x7f, 0xff, 0xff, 0xfe, 0x00, 0x03, 0x7f, 0xfc, 0x7f, 0xfe, 0xfb, 0x00, 0x02, 0x7f, 0xff, 0xff, 0xfe, 0x00, 0x04, 0xff, 0xfc, 0x3f,
  0xff, 0x80, 0xfc, 0x00, 0x02, 0x7f, 0xff, 0xfe, 0xfe, 0x00, 0x04, 0x67, 0xfe, 0x07, 0xff, 0xe0, 0xfc, 0x00, 0x02, 0x7f, 0xff, 0xfe, 0xfe, 0x00,
  0x04, 0x0f, 0xfe, 0x01, 0xff, 0xf8, 0xfc, 0x00, 0x02, 0x3f, 0xff, 0xfc, 0xfe, 0x00, 0x04, 0x07, 0xfe, 0x00, 0x3f, 0xfc, 0xfc, 0x00, 0x02, 0x3f,
  0xff, 0xf8, 0xfe, 0x00, 0x04, 0x0f, 0xfe, 0x00, 0x0f, 0xfe, 0xfc, 0x00, 0x02, 0x0f, 0xff, 0xf0, 0xfe, 0x00, 0x04, 0x07, 0xfe, 0x00, 0x03, 0xff,
  0xfc, 0x00, 0x02, 0x03, 0xff, 0x80, 0xfe, 0x00, 0x05, 0x03, 0xfc, 0x00, 0x00, 0xff, 0xc0, 0xf7, 0x00, 0x05, 0x07, 0xfc, 0x00, 0x00, 0x7f, 0xc0,
  0xf7, 0x00, 0x05, 0x07, 0xf8, 0x00, 0x00, 0x1f, 0xe0, 0xf7, 0x00, 0x05, 0x07, 0xf0, 0x00, 0x00, 0x07, 0xe0, 0xf7, 0x00, 0x05, 0x07, 0xf8, 0x00,
  0x00, 0x07, 0xe0, 0xf7, 0x00, 0x05, 0x0f, 0xf8, 0x00, 0x01, 0x40, 0xc0, 0xf7, 0x00, 0x04, 0x1f, 0xf8, 0x00, 0x07, 0xf8, 0xf6, 0x00, 0x04, 0x1f,
  0xf8, 0x00, 0x07, 0xfe, 0xf6, 0x00, 0x04, 0x1f, 0xf8, 0x00, 0x0f, 0xff, 0xf6, 0x00, 0x05, 0xff, 0xf0, 0x00, 0x0f, 0xff, 0x80, 0xf7, 0x00, 0x05,
  0x7f, 0xe0, 0x00, 0x0f, 0xff, 0xc0, 0xf7, 0x00, 0x05, 0x7f, 0xe0, 0x00, 0x0f, 0xff, 0xc0, 0xf7, 0x00, 0x05, 0x1f, 0x00, 0x00, 0x0f, 0xff, 0xc0,
  0xf4, 0x00, 0x02, 0x0f, 0xff, 0xe0, 0xf4, 0x00, 0x02, 0x07, 0xff, 0xe0, 0xf4, 0x00, 0x02, 0x03, 0xff, 0xe0, 0xf4, 0x00, 0x02, 0x01, 0xff, 0xc0,
  0xf3, 0x00, 0x01, 0xff, 0xc0, 0xf3, 0x00, 0x01, 0x3f, 0x80, 0x81, 0x00, 0x81, 0x00, 0x01, 0x00, 0x00, 0xfa, 0x00, 0x00, 0x3e, 0xf2, 0x00, 0x00,
  0xfe, 0xf3, 0x00, 0x01, 0x03, 0xfe, 0xf3, 0x00, 0x01, 0x03, 0xfc, 0xf3, 0x00, 0x01, 0x01, 0xf8, 0xe5, 0x00, 0x01, 0xff, 0xfe, 0xf4, 0x00, 0x03,
  0x1f, 0xff, 0xff, 0xf0, 0xf5, 0x00, 0xfe, 0xff, 0x00, 0xfe, 0xfe, 0x00, 0x00, 0x18, 0xfa, 0x00, 0x00, 0x01, 0xfd, 0xff, 0x03, 0xc0, 0x00, 0x00,
  0x1c, 0xfa, 0x00, 0x00, 0x01, 0xfd, 0xff, 0x03, 0xe0, 0x00, 0x00, 0x1c, 0xfa, 0x00, 0x00, 0x01, 0xfd, 0xff, 0x03, 0xf8, 0x00, 0x00, 0x1e, 0xf8,
  0x00, 0x06, 0x03, 0xff, 0xff, 0xf8, 0x00, 0x00, 0x1e, 0xf7, 0x00, 0x05, 0x03, 0xff, 0xf8, 0x00, 0x00, 0x0f, 0xf6, 0x00, 0x04, 0x1f, 0xf0, 0x00,
  0x00, 0x07, 0xf9, 0x00, 0x04, 0x1c, 0x00, 0x00, 0x01, 0xe0, 0xf7, 0x00, 0x02, 0x01, 0xff, 0xe0, 0xf4, 0x00, 0x02, 0x0f, 0xff, 0xf8, 0xf4, 0x00,
  0x02, 0x1f, 0xff, 0xfe, 0xfc, 0x00, 0x00, 0x38, 0xfa, 0x00, 0x02, 0x3f, 0xff, 0xfe, 0xfc, 0x00, 0x00, 0x7f, 0xfa, 0x00, 0x02, 0x3f, 0xff, 0xfe,
  0xfe, 0x00, 0x03, 0x0f, 0xe0, 0x7f, 0xe0, 0xfb, 0x00, 0x02, 0x7f, 0xff, 0xff, 0xfe, 0x00, 0x03, 0x7f, 0xf8, 0x7f, 0xf8, 0xfb, 0x00, 0x02, 0x7f,
  0xff, 0xff, 0xfe, 0x00, 0x03, 0x7f, 0xfc, 0x7f, 0xfe, 0xfb, 0x00, 0x02, 0x7f, 0xff, 0xff, 0xfe, 0x00, 0x04, 0xff, 0xfc, 0x3f, 0xff, 0x80, 0xfc,
  0x00, 0x02, 0x7f, 0xff, 0xfe, 0xfe, 0x00, 0x04, 0x67, 0xfe, 0x07, 0xff, 0xe0, 0xfc, 0x00, 0x02, 0x7f, 0xff, 0xfe, 0xfe, 0x00, 0x04, 0x0f, 0xfe,
  0x00, 0xff, 0xf0, 0xfc, 0x00, 0x02, 0x3f, 0xff, 0xfc, 0xfe, 0x00, 0x04, 0x07, 0xfe, 0x00, 0x3f, 0xfc, 0xfc, 0x00, 0x02, 0x3f, 0xff, 0xf8, 0xfe,
  0x00, 0x04, 0x0f, 0xfe, 0x00, 0x0f, 0xfe, 0xfc, 0x00, 0x02, 0x0f, 0xff, 0xe0, 0xfe, 0x00, 0x04, 0x07, 0xfe, 0x00, 0x03, 0xff, 0xfc, 0x00, 0x02,
  0x03, 0xff, 0x80, 0xfe, 0x00, 0x05, 0x03, 0xfc, 0x00, 0x00, 0xff, 0x80, 0xf7, 0x00, 0x05, 0x07, 0xfc, 0x00, 0x00, 0x7f, 0xc0, 0xf7, 0x00, 0x05,
  0x07, 0xf8, 0x00, 0x00, 0x1f, 0xe0, 0xf7, 0x00, 0x05, 0x07, 0xf0, 0x00, 0x00, 0x07, 0xe0, 0xf7, 0x00, 0x05, 0x07, 0xf8, 0x00, 0x00, 0x03, 0xe0,
  0xf7, 0x00, 0x05, 0x0f, 0xf8, 0x00, 0x01, 0x40, 0xc0, 0xf7, 0x00, 0x04, 0x1f, 0xf8, 0x00, 0x07, 0xf8, 0xf6, 0x00, 0x04, 0x1f, 0xf8, 0x00, 0x07,
  0xfe, 0xf6, 0x00, 0x04, 0x1f, 0xf8, 0x00, 0x0f, 0xff, 0xf6, 0x00, 0x05, 0xff, 0xf0, 0x00, 0x0f, 0xff, 0x80, 0xf7, 0x00, 0x05, 0x7f, 0xe0, 0x00,
  0x0f, 0xff, 0xc0, 0xf7, 0x00, 0x05, 0x7f, 0xc0, 0x00, 0x0f, 0xff, 0xc0, 0xf7, 0x00, 0x05, 0x1f, 0x00, 0x00, 0x0f, 0xff, 0xc0, 0xf4, 0x00, 0x02,
  0x0f, 0xff, 0xe0, 0xf4, 0x00, 0x02, 0x07, 0xff, 0xe0, 0xf4, 0x00, 0x02, 0x03, 0xff, 0xe0, 0xf4, 0x00, 0x02, 0x01, 0xff, 0xc0, 0xf3, 0x00, 0x01,
  0xff, 0xc0, 0xf3, 0x00, 0x01, 0x3f, 0x80, 0x81, 0x00, 0x81, 0x00, 0x01, 0x00, 0x00, 0xfa, 0x00, 0x00, 0x1e, 0xf2, 0x00, 0x00, 0xfe, 0xf3, 0x00,
  0x01, 0x03, 0xfe, 0xf3, 0x00, 0x01, 0x03, 0xfc, 0xf3, 0x00, 0x01, 0x01, 0xf8, 0xe5, 0x00, 0x01, 0xff, 0xfe, 0xf4, 0x00, 0x03, 0x1f, 0xff, 0xff,
  0xf0, 0xf5, 0x00, 0xfe, 0xff, 0x00, 0xfe, 0xf6, 0x00, 0x00, 0x01, 0xfd, 0xff, 0x03, 0xc0, 0x00, 0x00, 0x1c, 0xfa, 0x00, 0x00, 0x01, 0xfd, 0xff,
  0x03, 0xe0, 0x00, 0x00, 0x1c, 0xfa, 0x00, 0x00, 0x01, 0xfd, 0xff, 0x03, 0xf8, 0x00, 0x00, 0x1e, 0xf8, 0x00, 0x06, 0x07, 0xff, 0xff, 0xf8, 0x00,
  0x00, 0x1e, 0xf7, 0x00, 0x05, 0x03, 0xff, 0xf8, 0x00, 0x00, 0x0f, 0xf6, 0x00, 0x04, 0x1f, 0xf8, 0x00, 0x00, 0x07, 0xf9, 0x00, 0x04, 0x1c, 0x00,
  0x00, 0x01, 0xe0, 0xf7, 0x00, 0x02, 0x01, 0xff, 0xe0, 0xf4, 0x00, 0x02, 0x0f, 0xff, 0xf8, 0xf4, 0x00, 0x02, 0x1f, 0xff, 0xfe, 0xfc, 0x00, 0x00,
  0x38, 0xfa, 0x00, 0x02, 0x3f, 0xff, 0xfe, 0xfc, 0x00, 0x00, 0x7f, 0xfa, 0x00, 0x02, 0x3f, 0xff, 0xfe, 0xfe, 0x00, 0x03, 0x0f, 0xe0, 0x7f, 0xe0,
  0xfb, 0x00, 0x02, 0x7f, 0xff, 0xff, 0xfe, 0x00, 0x03, 0x7f, 0xf8, 0x7f, 0xf8, 0xfb, 0x00, 0x02, 0x7f, 0xff, 0xff, 0xfe, 0x00, 0x03, 0x7f, 0xfc,
  0x7f, 0xfe, 0xfb, 0x00, 0x02, 0x7f, 0xff, 0xff, 0xfe, 0x00, 0x04, 0xff, 0xfc, 0x3f, 0xff, 0x80, 0xfc, 0x00, 0x02, 0x7f, 0xff, 0xfe, 0xfe, 0x00,
  0x04, 0x67, 0xfe, 0x07, 0xff, 0xe0, 0xfc, 0x00, 0x02, 0x7f, 0xff, 0xfe, 0xfe, 0x00, 0x04, 0x0f, 0xfe, 0x01, 0xff, 0xf8, 0xfc, 0x00, 0x02, 0x3f,
  0xff, 0xfc, 0xfe, 0x00, 0x04, 0x07, 0xfe, 0x00, 0x3f, 0xfc, 0xfc, 0x00, 0x02, 0x3f, 0xff, 0xf8, 0xfe, 0x00, 0x04, 0x0f, 0xfe, 0x00, 0x0f, 0xfe,
  0xfc, 0x00, 0x02, 0x0f, 0xff, 0xf0, 0xfe, 0x00, 0x04, 0x07, 0xfe, 0x00, 0x03, 0xff, 0xfc, 0x00, 0x02, 0x03, 0xff, 0x80, 0xfe, 0x00, 0x05, 0x03,
  0xfc, 0x00, 0x00, 0xff, 0x80, 0xfc, 0x00, 0x00, 0x0c, 0xfd, 0x00, 0x05, 0x07, 0xfc, 0x00, 0x00, 0x7f, 0xc0, 0xf7, 0x00, 0x05, 0x07, 0xf8, 0x00,
  0x00, 0x1f, 0xe0, 0xf7, 0x00, 0x05, 0x07, 0xf0, 0x00, 0x00, 0x07, 0xe0, 0xf7, 0x00, 0x05, 0x07, 0xf8, 0x00, 0x00, 0x03, 0xe0, 0xf7, 0x00, 0x05,
  0x0f, 0xf8, 0x00, 0x01, 0x40, 0xc0, 0xf7, 0x00, 0x04, 0x1f, 0xf8, 0x00, 0x07, 0xf8, 0xf6, 0x00, 0x04, 0x1f, 0xf8, 0x00, 0x07, 0xfe, 0xf6, 0x00,
  0x04, 0x1f, 0xf8, 0x00, 0x0f, 0xff, 0xf6, 0x00, 0x05, 0xff, 0xf0, 0x00, 0x0f, 0xff, 0x80, 0xf7, 0x00, 0x05, 0x7f, 0xe0, 0x00, 0x0f, 0xff, 0xc0,
  0xf7, 0x00, 0x05, 0x7f, 0xc0, 0x00, 0x0f, 0xff, 0xc0, 0xf7, 0x00, 0x05, 0x1f, 0x00, 0x00, 0x0f, 0xff, 0xc0, 0xf4, 0x00, 0x02, 0x0f, 0xff, 0xe0,
  0xf4, 0x00, 0x02, 0x07, 0xff, 0xe0, 0xf4, 0x00, 0x02, 0x03, 0xff, 0xe0, 0xf4, 0x00, 0x02, 0x03, 0xff, 0xc0, 0xf3, 0x00, 0x01, 0xff, 0xc0, 0xf3,
  0x00, 0x01, 0x3f, 0x80, 0x81, 0x00, 0x81, 0x00, 0x01, 0x00, 0x00, 0xfa, 0x00, 0x00, 0x0e, 0xf2, 0x00, 0x00, 0x7e, 0xf3, 0x00, 0x01, 0x03, 0xfe,
  0xf3, 0x00, 0x01, 0x03, 0xfc, 0xf3, 0x00, 0x01, 0x01, 0xf8, 0xe5, 0x00, 0x01, 0x0f, 0xe0, 0xf4, 0x00, 0x03, 0x0f, 0xff, 0xff, 0xc0, 0xf5, 0x00,
  0x03, 0x7f, 0xff, 0xff, 0xfc, 0xf5, 0x00, 0xfd, 0xff, 0x03, 0x80, 0x00, 0x00, 0x18, 0xf9, 0x00, 0xfd, 0xff, 0x03, 0xe0, 0x00, 0x00, 0x1c, 0xf9,
  0x00, 0xfd, 0xff, 0x03, 0xf8, 0x00, 0x00, 0x1c, 0xf8, 0x00, 0x06, 0x01, 0xff, 0xff, 0xfe, 0x00, 0x00, 0x1e, 0xf7, 0x00, 0x05, 0x03, 0xff, 0xff,
  0x00, 0x00, 0x0f, 0xf9, 0x00, 0x07, 0x1f, 0xff, 0xfe, 0x1f, 0xff, 0x00, 0x00, 0x07, 0xf9, 0x00, 0x04, 0x3f, 0xff, 0xff, 0xf9, 0xfe, 0xf6, 0x00,
  0xfd, 0xff, 0x00, 0x80, 0xf7, 0x00, 0x00, 0x07, 0xfd, 0xff, 0x00, 0xf0, 0xf7, 0x00, 0x00, 0x0f, 0xfd, 0xff, 0x03, 0xf8, 0x00, 0x00, 0x30, 0xfa,
  0x00, 0x00, 0x1f, 0xfd, 0xff, 0x03, 0xf8, 0x00, 0x00, 0x7e, 0xfa, 0x00, 0x09, 0x3f, 0xff, 0xfe, 0x01, 0xff, 0xfc, 0x0f, 0xc0, 0xff, 0xc0, 0xfb,
  0x00, 0x09, 0x7f, 0xff, 0xfe, 0x00, 0x0f, 0xf8, 0x3f, 0xf8, 0xff, 0xf0, 0xfb, 0x00, 0x09, 0x7f, 0xff, 0xfe, 0x00, 0x01, 0xf8, 0x7f, 0xfc, 0x7f,
  0xfc, 0xfb, 0x00, 0x02, 0x7f, 0xff, 0xfe, 0xfe, 0x00, 0x03, 0x7f, 0xfc, 0x3f, 0xff, 0xfb, 0x00, 0x02, 0x7f, 0xff, 0xfe, 0xfe, 0x00, 0x04, 0x7f,
  0xfe, 0x7f, 0xff, 0xc0, 0xfc, 0x00, 0x02, 0x7f, 0xff, 0xfe, 0xfe, 0x00, 0x04, 0x3f, 0xfe, 0xff, 0xff, 0xf0, 0xfc, 0x00, 0x02, 0x3f, 0xff, 0xfc,
  0xfe, 0x00, 0x04, 0x7f, 0xfe, 0xff, 0xff, 0xf8, 0xfc, 0x00, 0x02, 0x3f, 0xff, 0xf8, 0xfe, 0x00, 0x04, 0x0f, 0xfe, 0xff, 0xff, 0xfc, 0xfc, 0x00,
  0x02, 0x3f, 0xff, 0xf0, 0xfe, 0x00, 0x04, 0x07, 0xfe, 0x7f, 0xff, 0xff, 0xfc, 0x00, 0x02, 0x1f, 0xff, 0xe0, 0xfe, 0x00, 0x05, 0x03, 0xfc, 0x0f,
  0xff, 0xff, 0x80, 0xfd, 0x00, 0x02, 0x1f, 0xff, 0xe0, 0xfe, 0x00, 0x05, 0x03, 0xfc, 0x01, 0xff, 0xff, 0xc0, 0xfd, 0x00, 0x02, 0x0f, 0xff, 0xc0,
  0xfe, 0x00, 0x05, 0x07, 0xfc, 0x00, 0x3f, 0xff, 0xc0, 0xfd, 0x00, 0x02, 0x0f, 0xff, 0x80, 0xfe, 0x00, 0x05, 0x03, 0xf8, 0x00, 0x07, 0xff, 0xe0,
  0xfd, 0x00, 0x01, 0x03, 0xff, 0xfd, 0x00, 0x05, 0x07, 0xf8, 0x00, 0x00, 0xff, 0xe0, 0xfc, 0x00, 0x00, 0xea, 0xfd, 0x00, 0x05, 0x0f, 0xf8, 0x00,
  0x00, 0x3f, 0xc0, 0xf7, 0x00, 0x05, 0x1f, 0xf8, 0x00, 0x07, 0xff, 0xc0, 0xf7, 0x00, 0x05, 0x1f, 0xf8, 0x00, 0x07, 0xff, 0xc0, 0xf7, 0x00, 0x04,
  0x1f, 0xf8, 0x00, 0x0f, 0xff, 0xf6, 0x00, 0x04, 0x7f, 0xf0, 0x00, 0x0f, 0xff, 0xf6, 0x00, 0x05, 0x7f, 0xf0, 0x00, 0x0f, 0xff, 0xc0, 0xf7, 0x00,
  0x05, 0x7f, 0xf0, 0x00, 0x0f, 0xff, 0xc0, 0xf7, 0x00, 0x05, 0x1f, 0xe0, 0x00, 0x0f, 0xff, 0xc0, 0xf7, 0x00, 0x05, 0x3f, 0xc0, 0x00, 0x0f, 0xff,
  0xc0, 0xf7, 0x00, 0x05, 0x3f, 0x00, 0x00, 0x0f, 0xff, 0xe0, 0xf4, 0x00, 0x02, 0x0f, 0xff, 0xe0, 0xf4, 0x00, 0x02, 0x07, 0xff, 0xc0, 0xf4, 0x00,
  0x02, 0x07, 0xff, 0xc0, 0xf4, 0x00, 0x02, 0x01, 0xff, 0xc0, 0xf3, 0x00, 0x00, 0xff, 0x81, 0x00, 0x8e, 0x00, 0x81, 0x00, 0xca, 0x00, 0x00, 0x78,
  0xf2, 0x00, 0x00, 0x7e, 0xf6, 0x00, 0x04, 0x07, 0xff, 0xf0, 0x00, 0x7f, 0xf6, 0x00, 0x05, 0x3f, 0xff, 0xff, 0xc0, 0x3f, 0x80, 0xf7, 0x00, 0x04,
  0x3f, 0xff, 0xff, 0xfe, 0x0e, 0xf6, 0x00, 0x00, 0x7f, 0xfe, 0xff, 0x00, 0xc0, 0xf6, 0x00, 0x00, 0x3f, 0xfe, 0xff, 0x00, 0xf0, 0xf6, 0x00, 0x00,
  0x3f, 0xfe, 0xff, 0x03, 0xf8, 0x00, 0x00, 0x04, 0xf8, 0x00, 0x06, 0x2f, 0xff, 0xff, 0xfc, 0x00, 0x00, 0xfc, 0xf7, 0x00, 0x05, 0x07, 0xff, 0xfc,
  0x00, 0x00, 0xfc, 0xf6, 0x00, 0x04, 0x1f, 0xfc, 0x00, 0x70, 0xfc, 0xf9, 0x00, 0x07, 0x7e, 0x00, 0x00, 0x03, 0xf8, 0x07, 0xf8, 0x40, 0xfa, 0x00,
  0x08, 0x03, 0xff, 0x80, 0x00, 0x00, 0x10, 0x07, 0xfc, 0x30, 0xfa, 0x00, 0x02, 0x0f, 0xff, 0xc0, 0xfe, 0x00, 0x03, 0x1f, 0xfc, 0xff, 0x80, 0xfb,
  0x00, 0x02, 0x1f, 0xff, 0xe0, 0xfe, 0x00, 0x03, 0x7f, 0xfe, 0xff, 0xf0, 0xfb, 0x00, 0x02, 0x3f, 0xff, 0xf0, 0xfe, 0x00, 0x03, 0x7f, 0xfe, 0xff,
  0xfc, 0xfb, 0x00, 0x02, 0x3f, 0xff, 0xf0, 0xfe, 0x00, 0x03, 0x6f, 0xfe, 0xff, 0xff, 0xfb, 0x00, 0x02, 0x3f, 0xff, 0xf0, 0xfe, 0x00, 0x04, 0x07,
  0xfe, 0x7f, 0xff, 0xc0, 0xfc, 0x00, 0x02, 0x3f, 0xff, 0xf0, 0xfe, 0x00, 0x04, 0x02, 0xfe, 0x1f, 0xff, 0xf8, 0xfc, 0x00, 0x02, 0x1f, 0xff, 0xe0,
  0xfd, 0x00, 0x03, 0x7c, 0x01, 0xff, 0xfc, 0xfc, 0x00, 0x02, 0x1f, 0xff, 0xe0, 0xfd, 0x00, 0x03, 0xfc, 0x00, 0x3f, 0xff, 0xfc, 0x00, 0x02, 0x0f,
  0xff, 0xc0, 0xfe, 0x00, 0x05, 0x03, 0xf8, 0x00, 0x07, 0xff, 0x80, 0xfd, 0x00, 0x02, 0x03, 0xff, 0x80, 0xfe, 0x00, 0x05, 0x07, 0xf8, 0x00, 0x01,
  0xff, 0xc0, 0xfd, 0x00, 0x01, 0x03, 0xfe, 0xfd, 0x00, 0x05, 0x0f, 0xf0, 0x00, 0x00, 0x7f, 0xc0, 0xf7, 0x00, 0x05, 0x1f, 0xf0, 0x00, 0x00, 0x0f,
  0xc0, 0xf7, 0x00, 0x05, 0x1f, 0xf0, 0x00, 0x00, 0x03, 0xc0, 0xf7, 0x00, 0x01, 0x1f, 0xf8, 0xf3, 0x00, 0x01, 0x1f, 0xf8, 0xf3, 0x00, 0x04, 0x0f,
  0xf0, 0x00, 0x03, 0xfc, 0xf6, 0x00, 0x04, 0x07, 0xf0, 0x00, 0x07, 0xff, 0xf6, 0x00, 0x05, 0x0f, 0xe0, 0x00, 0x0f, 0xff, 0xc0, 0xf7, 0x00, 0x05,
  0x3f, 0xc0, 0x00, 0x0f, 0xff, 0xc0, 0xf7, 0x00, 0x05, 0x3f, 0x80, 0x00, 0x0f, 0xff, 0xc0, 0xf7, 0x00, 0x05, 0x1e, 0x00, 0x00, 0x0f, 0xff, 0xc0,
  0xf4, 0x00, 0x02, 0x07, 0xff, 0xc0, 0xf4, 0x00, 0x02, 0x07, 0xff, 0xc0, 0xf4, 0x00, 0x02, 0x03, 0xff, 0xc0, 0xf4, 0x00, 0x02, 0x01, 0xff, 0x80,
  0xf3, 0x00, 0x00, 0x1c, 0x81, 0x00, 0x9e, 0x00, 0x81, 0x00, 0x81, 0x00, 0xa8, 0x00, 0x00, 0x70, 0xf3, 0x00, 0x01, 0x07, 0xf8, 0xf3, 0x00, 0x01,
  0x07, 0xfc, 0xf3, 0x00, 0x01, 0x07, 0xfc, 0xf3, 0x00, 0x01, 0x0f, 0xfc, 0xf3, 0x00, 0x01, 0x07, 0xfc, 0xf3, 0x00, 0x01, 0x07, 0xfc, 0xf3, 0x00,
  0x01, 0x07, 0xf8, 0xf3, 0x00, 0x01, 0x02, 0xa0, 0xd8, 0x00, 0x00, 0x0f, 0xf2, 0x00, 0x01, 0x1f, 0xf0, 0xfe, 0x00, 0x01, 0x05, 0x40, 0xf8, 0x00,
  0x06, 0x1f, 0xff, 0xf8, 0xff, 0x80, 0x0f, 0xc0, 0xf8, 0x00, 0x00, 0x1f, 0xfe, 0xff, 0x02, 0xc0, 0x0f, 0xe0, 0xf8, 0x00, 0x00, 0x1f, 0xfe, 0xff,
  0x03, 0xc0, 0x1f, 0xf1, 0xff, 0xf9, 0x00, 0x00, 0x0f, 0xfe, 0xff, 0x05, 0xc0, 0x1f, 0xf3, 0xff, 0xff, 0xfe, 0xfb, 0x00, 0x00, 0x07, 0xfe, 0xff,
  0x05, 0xc0, 0x1f, 0xe3, 0xff, 0xff, 0xfe, 0xfa, 0x00, 0xfe, 0xff, 0x02, 0x80, 0x0f, 0xe3, 0xfe, 0xff, 0xfa, 0x00, 0x08, 0x3f, 0xff, 0xfe, 0x00,
  0x1f, 0xe3, 0xff, 0xff, 0xfe, 0xfa, 0x00, 0x08, 0x03, 0xff, 0xe0, 0x00, 0xff, 0xe1, 0xff, 0xff, 0xfc, 0xf7, 0x00, 0x05, 0x03, 0xff, 0xe0, 0x7f,
  0xff, 0xf8, 0xf7, 0x00, 0x05, 0x03, 0xff, 0xe0, 0x0f, 0xff, 0xc0, 0xf7, 0x00, 0x02, 0x03, 0xff, 0xc0, 0xf4, 0x00, 0x02, 0x03, 0xff, 0x80, 0xf3,
  0x00, 0x00, 0xfe, 0x81, 0x00, 0x81, 0x00, 0xea, 0x00, 0x81, 0x00, 0x81, 0x00, 0xfd, 0x00, 0x01, 0x0b, 0xe0, 0xf4, 0x00, 0x08, 0x07, 0xff, 0xff,
  0x80, 0x00, 0x00, 0x03, 0xff, 0xff, 0xfa, 0x00, 0x09, 0x0f, 0xff, 0xff, 0x80, 0x00, 0x00, 0x03, 0xff, 0xff, 0xc0, 0xfb, 0x00, 0x09, 0x0f, 0xff,
  0xff, 0x80, 0x00, 0x00, 0x03, 0xff, 0xff, 0xc0, 0xfb, 0x00, 0x09, 0x0f, 0xff, 0xff, 0xc0, 0x00, 0x00, 0x07, 0xff, 0xff, 0xe0, 0xfb, 0x00, 0x09,
  0x0f, 0xff, 0xff, 0xc0, 0x00, 0x00, 0x73, 0xff, 0xff, 0xe0, 0xfb, 0x00, 0x05, 0x0f, 0xff, 0xff, 0xc0, 0x00, 0x07, 0xfe, 0xff, 0x00, 0xe0, 0xfb,
  0x00, 0x05, 0x0f, 0xff, 0xff, 0xc0, 0x00, 0x07, 0xfe, 0xff, 0x00, 0xe0, 0xfb, 0x00, 0x05, 0x0f, 0xff, 0xff, 0xc0, 0x00, 0x07, 0xfe, 0xff, 0x00,
  0xe0, 0xfb, 0x00, 0x05, 0x0f, 0xff, 0xff, 0xc0, 0x00, 0x0f, 0xfe, 0xff, 0x00, 0xe0, 0xfb, 0x00, 0x05, 0x0f, 0xff, 0xff, 0xc0, 0x00, 0x07, 0xfe,
  0xff, 0x00, 0xf0, 0xfb, 0x00, 0x05, 0x0f, 0xff, 0xff, 0xc0, 0x00, 0x0f, 0xfe, 0xff, 0x00, 0xf0, 0xfb, 0x00, 0x05, 0x0f, 0xff, 0xff, 0xe0, 0x00,
  0x07, 0xfe, 0xff, 0x00, 0xf0, 0xfb, 0x00, 0x09, 0x0f, 0xff, 0xff, 0xe0, 0x00, 0x02, 0xa3, 0xff, 0xff, 0xe0, 0xfb, 0x00, 0x09, 0x07, 0xff, 0xff,
  0xe0, 0x00, 0x00, 0x03, 0xff, 0xff, 0xe0, 0xfb, 0x00, 0x09, 0x07, 0xff, 0xff, 0xe0, 0x00, 0x00, 0x03, 0xff, 0xff, 0xe0, 0xfb, 0x00, 0x09, 0x07,
  0xff, 0xff, 0xe0, 0x00, 0x00, 0x03, 0xff, 0xff, 0xe0, 0xfb, 0x00, 0x09, 0x03, 0xff, 0xff, 0xe0, 0x00, 0x07, 0x43, 0xff, 0xff, 0xe0, 0xfb, 0x00,
  0x09, 0x03, 0xff, 0xff, 0xe0, 0x00, 0x0f, 0xc3, 0xff, 0xff, 0xc0, 0xfb, 0x00, 0x09, 0x03, 0xff, 0xff, 0xc0, 0x00, 0x1f, 0xc1, 0xff, 0xff, 0xc0,
  0xfb, 0x00, 0x09, 0x01, 0xff, 0xff, 0xc0, 0x00, 0x3f, 0xf1, 0xff, 0xff, 0xc0, 0xfa, 0x00, 0x08, 0xff, 0xff, 0x80, 0xf8, 0x7f, 0xf0, 0xff, 0xff,
  0x80, 0xfa, 0x00, 0x07, 0x7f, 0xff, 0x81, 0xff, 0xff, 0xe0, 0x7f, 0xff, 0xf9, 0x00, 0x07, 0x0f, 0xfe, 0x01, 0xff, 0xff, 0xc0, 0x3f, 0xfe, 0xf7,
  0x00, 0x05, 0x01, 0xff, 0xff, 0xc0, 0x07, 0xf0, 0xf6, 0x00, 0x01, 0xff, 0xff, 0xf3, 0x00, 0x01, 0x7f, 0xf8, 0xf3, 0x00, 0x01, 0x1f, 0xe0, 0x81,
  0x00, 0x81, 0x00, 0xba, 0x00, 0x81, 0x00, 0xf7, 0x00, 0x01, 0x0f, 0xc0, 0xf9, 0x00, 0x01, 0x7f, 0xf0, 0xfd, 0x00, 0x01, 0x7f, 0xf8, 0xfa, 0x00,
  0x02, 0x01, 0xff, 0xf8, 0xfe, 0x00, 0x02, 0x01, 0xff, 0xfc, 0xfa, 0x00, 0x02, 0x03, 0xff, 0xfc, 0xfe, 0x00, 0x02, 0x03, 0xff, 0xfe, 0xfa, 0x00,
  0x02, 0x07, 0xff, 0xfe, 0xfe, 0x00, 0x02, 0x03, 0xff, 0xff, 0xfa, 0x00, 0x02, 0x07, 0xff, 0xff, 0xfe, 0x00, 0x03, 0x07, 0xff, 0xff, 0x80, 0xfb,
  0x00, 0x02, 0x07, 0xff, 0xff, 0xfe, 0x00, 0x03, 0x07, 0xff, 0xff, 0x80, 0xfb, 0x00, 0x02, 0x0f, 0xff, 0xff, 0xfe, 0x00, 0x03, 0x07, 0xff, 0xff,
  0x80, 0xfb, 0x00, 0x02, 0x0f, 0xff, 0xff, 0xfe, 0x00, 0x03, 0x07, 0xff, 0xff, 0x80, 0xfb, 0x00, 0x02, 0x0f, 0xff, 0xff, 0xfe, 0x00, 0x03, 0x07,
  0xff, 0xff, 0xc0, 0xfb, 0x00, 0x02, 0x0f, 0xff, 0xff, 0xfe, 0x00, 0x03, 0x07, 0xff, 0xff, 0xc0, 0xfb, 0x00, 0x02, 0x0f, 0xff, 0xff, 0xfe, 0x00,
  0x03, 0x07, 0xff, 0xff, 0xc0, 0xfb, 0x00, 0x02, 0x0f, 0xff, 0xff, 0xfe, 0x00, 0x03, 0x07, 0xff, 0xff, 0xc0, 0xfb, 0x00, 0x02, 0x1f, 0xff, 0xff,
  0xfe, 0x00, 0x03, 0x77, 0xff, 0xff, 0xc0, 0xfb, 0x00, 0x05, 0x1f, 0xff, 0xff, 0x00, 0x00, 0x03, 0xfe, 0xff, 0x00, 0xc0, 0xfb, 0x00, 0x05, 0x1f,
  0xff, 0xff, 0x00, 0x00, 0x03, 0xfe, 0xff, 0x00, 0xc0, 0xfb, 0x00, 0x05, 0x1f, 0xff, 0xff, 0x00, 0x00, 0x07, 0xfe, 0xff, 0x00, 0xc0, 0xfb, 0x00,
  0x05, 0x0f, 0xff, 0xff, 0x00, 0x00, 0x0f, 0xfe, 0xff, 0x00, 0xc0, 0xfb, 0x00, 0x05, 0x0f, 0xff, 0xff, 0x00, 0x00, 0x07, 0xfe, 0xff, 0x00, 0xc0,
  0xfb, 0x00, 0x05, 0x0f, 0xff, 0xff, 0x00, 0x00, 0x07, 0xfe, 0xff, 0x00, 0xc0, 0xfb, 0x00, 0x05, 0x0f, 0xff, 0xff, 0x00, 0x00, 0x07, 0xfe, 0xff,
  0x00, 0xc0, 0xfb, 0x00, 0x09, 0x0f, 0xff, 0xff, 0x00, 0x00, 0x02, 0xa7, 0xff, 0xff, 0xc0, 0xfb, 0x00, 0x02, 0x07, 0xff, 0xff, 0xfe, 0x00, 0x03,
  0x03, 0xff, 0xff, 0x80, 0xfb, 0x00, 0x02, 0x07, 0xff, 0xff, 0xfe, 0x00, 0x03, 0x03, 0xff, 0xff, 0x80, 0xfb, 0x00, 0x02, 0x07, 0xff, 0xff, 0xfe,
  0x00, 0x03, 0x03, 0xff, 0xff, 0x80, 0xfb, 0x00, 0x08, 0x03, 0xff, 0xff, 0x00, 0x00, 0x07, 0x03, 0xff, 0xff, 0xfa, 0x00, 0x08, 0x03, 0xff, 0xff,
  0x03, 0x80, 0x1f, 0xc3, 0xff, 0xff, 0xfa, 0x00, 0x08, 0x03, 0xff, 0xff, 0x03, 0xe0, 0x3f, 0xe3, 0xff, 0xfe, 0xfa, 0x00, 0x08, 0x01, 0xff, 0xfe,
  0x03, 0xfd, 0xff, 0xf1, 0xff, 0xfe, 0xf9, 0x00, 0x07, 0xff, 0xfc, 0x03, 0xff, 0xff, 0xf0, 0xff, 0xfc, 0xf9, 0x00, 0x07, 0x7f, 0xf8, 0x03, 0xff,
  0xff, 0xe0, 0x7f, 0xf0, 0xf9, 0x00, 0x06, 0x1f, 0xc0, 0x01, 0xff, 0xff, 0xc0, 0x03, 0xf5, 0x00, 0x02, 0xff, 0xff, 0xc0, 0xf4, 0x00, 0x01, 0x3f,
  0xf2, 0xf3, 0x00, 0x01, 0x07, 0x80, 0x81, 0x00, 0x81, 0x00, 0xaa, 0x00, 0x81, 0x00, 0xf7, 0x00, 0x01, 0x03, 0xc0, 0xf9, 0x00, 0x01, 0x3f, 0xe0,
  0xfd, 0x00, 0x01, 0x7f, 0xf8, 0xf9, 0x00, 0x01, 0xff, 0xf8, 0xfe, 0x00, 0x02, 0x01, 0xff, 0xfe, 0xfa, 0x00, 0x02, 0x03, 0xff, 0xfc, 0xfe, 0x00,
  0x02, 0x03, 0xff, 0xfe, 0xfa, 0x00, 0x02, 0x07, 0xff, 0xfe, 0xfe, 0x00, 0x02, 0x03, 0xff, 0xff, 0xfa, 0x00, 0x02, 0x07, 0xff, 0xff, 0xfe, 0x00,
  0x03, 0x07, 0xff, 0xff, 0x80, 0xfb, 0x00, 0x02, 0x0f, 0xff, 0xff, 0xfe, 0x00, 0x03, 0x07, 0xff, 0xff, 0x80, 0xfb, 0x00, 0x02, 0x0f, 0xff, 0xff,
  0xfe, 0x00, 0x03, 0x07, 0xff, 0xff, 0x80, 0xfb, 0x00, 0x02, 0x0f, 0xff, 0xff, 0xfe, 0x00, 0x03, 0x07, 0xff, 0xff, 0x80, 0xfb, 0x00, 0x02, 0x0f,
  0xff, 0xff, 0xfe, 0x00, 0x03, 0x07, 0xff, 0xff, 0xc0, 0xfb, 0x00, 0x02, 0x0f, 0xff, 0xff, 0xfe, 0x00, 0x03, 0x07, 0xff, 0xff, 0xc0, 0xfb, 0x00,
  0x02, 0x0f, 0xff, 0xff, 0xfe, 0x00, 0x03, 0x07, 0xff, 0xff, 0xc0, 0xfb, 0x00, 0x02, 0x1f, 0xff, 0xff, 0xfe, 0x00, 0x03, 0x07, 0xff, 0xff, 0xc0,
  0xfb, 0x00, 0x02, 0x1f, 0xff, 0xff, 0xfe, 0x00, 0x03, 0x77, 0xff, 0xff, 0xc0, 0xfb, 0x00, 0x05, 0x1f, 0xff, 0xff, 0x00, 0x00, 0x03, 0xfe, 0xff,
  0x00, 0xc0, 0xfb, 0x00, 0x05, 0x1f, 0xff, 0xff, 0x00, 0x00, 0x03, 0xfe, 0xff, 0x00, 0xc0, 0xfb, 0x00, 0x05, 0x1f, 0xff, 0xff, 0x00, 0x00, 0x07,
  0xfe, 0xff, 0x00, 0xc0, 0xfb, 0x00, 0x05, 0x1f, 0xff, 0xff, 0x00, 0x00, 0x0f, 0xfe, 0xff, 0x00, 0xc0, 0xfb, 0x00, 0x05, 0x1f, 0xff, 0xff, 0x00,
  0x00, 0x07, 0xfe, 0xff, 0x00, 0xc0, 0xfb, 0x00, 0x05, 0x1f, 0xff, 0xff, 0x00, 0x00, 0x07, 0xfe, 0xff, 0x00, 0xc0, 0xfb, 0x00, 0x05, 0x0f, 0xff,
  0xff, 0x00, 0x00, 0x07, 0xfe, 0xff, 0x00, 0xc0, 0xfb, 0x00, 0x09, 0x0f, 0xff, 0xff, 0x00, 0x00, 0x02, 0xa7, 0xff, 0xff, 0xc0, 0xfb, 0x00, 0x02,
  0x0f, 0xff, 0xff, 0xfe, 0x00, 0x03, 0x07, 0xff, 0xff, 0xc0, 0xfb, 0x00, 0x02, 0x0f, 0xff, 0xff, 0xfe, 0x00, 0x03, 0x07, 0xff, 0xff, 0x80, 0xfb,
  0x00, 0x02, 0x0f, 0xff, 0xff, 0xfe, 0x00, 0x03, 0x03, 0xff, 0xff, 0x80, 0xfb, 0x00, 0x09, 0x07, 0xff, 0xff, 0x00, 0x00, 0x07, 0x03, 0xff, 0xff,
  0x80, 0xfb, 0x00, 0x08, 0x07, 0xff, 0xff, 0x01, 0x80, 0x1f, 0xc3, 0xff, 0xff, 0xfa, 0x00, 0x08, 0x07, 0xff, 0xfe, 0x03, 0xe0, 0x3f, 0xe3, 0xff,
  0xfe, 0xfa, 0x00, 0x08, 0x03, 0xff, 0xfe, 0x07, 0xfe, 0xff, 0xf1, 0xff, 0xfe, 0xfa, 0x00, 0x08, 0x01, 0xff, 0xfc, 0x07, 0xff, 0xff, 0xf0, 0xff,
  0xfc, 0xf9, 0x00, 0x07, 0x7f, 0xf8, 0x03, 0xff, 0xff, 0xe0, 0x7f, 0xf0, 0xf9, 0x00, 0x05, 0x0f, 0xc0, 0x03, 0xff, 0xff, 0xc0, 0xf5, 0x00, 0x03,
  0x01, 0xff, 0xff, 0xc0, 0xf4, 0x00, 0x01, 0x3f, 0xf2, 0xf3, 0x00, 0x01, 0x07, 0x80, 0x81, 0x00, 0x81, 0x00, 0xaa, 0x00, 0x81, 0x00, 0xdd, 0x00,
  0x01, 0x1f, 0xc0, 0xfd, 0x00, 0x01, 0x3f, 0xf8, 0xf9, 0x00, 0x01, 0xff, 0xf0, 0xfd, 0x00, 0x01, 0xff, 0xfc, 0xfa, 0x00, 0x02, 0x03, 0xff, 0xfc,
  0xfe, 0x00, 0x02, 0x01, 0xff, 0xfe, 0xfa, 0x00, 0x02, 0x07, 0xff, 0xfe, 0xfe, 0x00, 0x02, 0x03, 0xff, 0xff, 0xfa, 0x00, 0x02, 0x07, 0xff, 0xfe,
  0xfe, 0x00, 0x03, 0x03, 0xff, 0xff, 0x80, 0xfb, 0x00, 0x02, 0x0f, 0xff, 0xff, 0xfe, 0x00, 0x03, 0x07, 0xff, 0xff, 0x80, 0xfb, 0x00, 0x02, 0x0f,
  0xff, 0xff, 0xfe, 0x00, 0x03, 0x07, 0xff, 0xff, 0xc0, 0xfb, 0x00, 0x02, 0x1f, 0xff, 0xff, 0xfe, 0x00, 0x03, 0x07, 0xff, 0xff, 0xc0, 0xfb, 0x00,
  0x02, 0x1f, 0xff, 0xff, 0xfe, 0x00, 0x03, 0x07, 0xff, 0xff, 0xc0, 0xfb, 0x00, 0x02, 0x1f, 0xff, 0xff, 0xfe, 0x00, 0x03, 0x07, 0xff, 0xff, 0xc0,
  0xfb, 0x00, 0x02, 0x1f, 0xff, 0xff, 0xfe, 0x00, 0x03, 0x07, 0xff, 0xff, 0xc0, 0xfb, 0x00, 0x02, 0x1f, 0xff, 0xff, 0xfe, 0x00, 0x03, 0x77, 0xff,
  0xff, 0xc0, 0xfb, 0x00, 0x05, 0x1f, 0xff, 0xff, 0x00, 0x00, 0x01, 0xfe, 0xff, 0x00, 0xc0, 0xfb, 0x00, 0x05, 0x1f, 0xff, 0xff, 0x00, 0x00, 0x03,
  0xfe, 0xff, 0x00, 0xc0, 0xfb, 0x00, 0x05, 0x1f, 0xff, 0xff, 0x00, 0x00, 0x07, 0xfe, 0xff, 0x00, 0xc0, 0xfb, 0x00, 0x05, 0x1f, 0xff, 0xff, 0x00,
  0x00, 0x07, 0xfe, 0xff, 0x00, 0xc0, 0xfb, 0x00, 0x05, 0x1f, 0xff, 0xff, 0x00, 0x00, 0x07, 0xfe, 0xff, 0x00, 0xc0, 0xfb, 0x00, 0x05, 0x1f, 0xff,
  0xff, 0x00, 0x00, 0x07, 0xfe, 0xff, 0x00, 0xc0, 0xfb, 0x00, 0x05, 0x1f, 0xff, 0xff, 0x00, 0x00, 0x07, 0xfe, 0xff, 0x00, 0xc0, 0xfb, 0x00, 0x09,
  0x0f, 0xff, 0xff, 0x00, 0x00, 0x02, 0xe7, 0xff, 0xff, 0xc0, 0xfb, 0x00, 0x02, 0x0f, 0xff, 0xff, 0xfe, 0x00, 0x03, 0x07, 0xff, 0xff, 0xc0, 0xfb,
  0x00, 0x02, 0x0f, 0xff, 0xff, 0xfe, 0x00, 0x03, 0x03, 0xff, 0xff, 0x80, 0xfb, 0x00, 0x02, 0x0f, 0xff, 0xff, 0xfe, 0x00, 0x03, 0x03, 0xff, 0xff,
  0x80, 0xfb, 0x00, 0x09, 0x0f, 0xff, 0xff, 0x00, 0x00, 0x07, 0x03, 0xff, 0xff, 0x80, 0xfb, 0x00, 0x08, 0x07, 0xff, 0xff, 0x03, 0x00, 0x1f, 0xc3,
  0xff, 0xff, 0xfa, 0x00, 0x08, 0x07, 0xff, 0xfe, 0x03, 0xc0, 0x3f, 0xe3, 0xff, 0xfe, 0xfa, 0x00, 0x08, 0x03, 0xff, 0xfe, 0x07, 0xfc, 0x7f, 0xf1,
  0xff, 0xfe, 0xfa, 0x00, 0x08, 0x01, 0xff, 0xfc, 0x07, 0xff, 0xff, 0xf0, 0xff, 0xfc, 0xf9, 0x00, 0x07, 0x7f, 0xf8, 0x07, 0xff, 0xff, 0xe0, 0x7f,
  0xf0, 0xf9, 0x00, 0x05, 0x1f, 0xc0, 0x03, 0xff, 0xff, 0xc0, 0xf5, 0x00, 0x03, 0x01, 0xff, 0xff, 0xc0, 0xf4, 0x00, 0x01, 0x3f, 0xf2, 0xf3, 0x00,
  0x00, 0x02, 0x81, 0x00, 0x81, 0x00, 0xa9, 0x00, 0x81, 0x00, 0xdd, 0x00, 0x01, 0x1f, 0xc0, 0xfd, 0x00, 0x01, 0x3f, 0xf0, 0xf9, 0x00, 0x01, 0xff,
  0xf0, 0xfd, 0x00, 0x01, 0xff, 0xfc, 0xfa, 0x00, 0x02, 0x03, 0xff, 0xfc, 0xfe, 0x00, 0x02, 0x03, 0xff, 0xfe, 0xfa, 0x00, 0x02, 0x07, 0xff, 0xfe,
  0xfe, 0x00, 0x02, 0x03, 0xff, 0xff, 0xfa, 0x00, 0x02, 0x0f, 0xff, 0xfe, 0xfe, 0x00, 0x03, 0x07, 0xff, 0xff, 0x80, 0xfb, 0x00, 0x02, 0x0f, 0xff,
  0xff, 0xfe, 0x00, 0x03, 0x07, 0xff, 0xff, 0x80, 0xfb, 0x00, 0x02, 0x0f, 0xff, 0xff, 0xfe, 0x00, 0x03, 0x07, 0xff, 0xff, 0xc0, 0xfb, 0x00, 0x02,
  0x1f, 0xff, 0xff, 0xfe, 0x00, 0x03, 0x07, 0xff, 0xff, 0xc0, 0xfb, 0x00, 0x02, 0x1f, 0xff, 0xff, 0xfe, 0x00, 0x03, 0x07, 0xff, 0xff, 0xc0, 0xfb,
  0x00, 0x02, 0x1f, 0xff, 0xff, 0xfe, 0x00, 0x03, 0x07, 0xff, 0xff, 0xc0, 0xfb, 0x00, 0x02, 0x1f, 0xff, 0xff, 0xfe, 0x00, 0x03, 0x07, 0xff, 0xff,
  0xc0, 0xfb, 0x00, 0x02, 0x1f, 0xff, 0xff, 0xfe, 0x00, 0x03, 0x77, 0xff, 0xff, 0xc0, 0xfb, 0x00, 0x05, 0x1f, 0xff, 0xff, 0x00, 0x00, 0x01, 0xfe,
  0xff, 0x00, 0xc0, 0xfb, 0x00, 0x05, 0x1f, 0xff, 0xff, 0x00, 0x00, 0x03, 0xfe, 0xff, 0x00, 0xc0, 0xfb, 0x00, 0x05, 0x1f, 0xff, 0xff, 0x00, 0x00,
  0x07, 0xfe, 0xff, 0x00, 0xc0, 0xfb, 0x00, 0x05, 0x1f, 0xff, 0xff, 0x00, 0x00, 0x0f, 0xfe, 0xff, 0x00, 0xc0, 0xfb, 0x00, 0x05, 0x1f, 0xff, 0xff,
  0x00, 0x00, 0x07, 0xfe, 0xff, 0x00, 0xc0, 0xfb, 0x00, 0x05, 0x1f, 0xff, 0xff, 0x00, 0x00, 0x0f, 0xfe, 0xff, 0x00, 0xc0, 0xfb, 0x00, 0x05, 0x1f,
  0xff, 0xff, 0x00, 0x00, 0x07, 0xfe, 0xff, 0x00, 0xc0, 0xfb, 0x00, 0x09, 0x1f, 0xff, 0xff, 0x00, 0x00, 0x02, 0xe7, 0xff, 0xff, 0xc0, 0xfb, 0x00,
  0x02, 0x0f, 0xff, 0xff, 0xfe, 0x00, 0x03, 0x07, 0xff, 0xff, 0xc0, 0xfb, 0x00, 0x02, 0x0f, 0xff, 0xff, 0xfe, 0x00, 0x03, 0x07, 0xff, 0xff, 0x80,
  0xfb, 0x00, 0x02, 0x0f, 0xff, 0xff, 0xfe, 0x00, 0x03, 0x03, 0xff, 0xff, 0x80, 0xfb, 0x00, 0x09, 0x0f, 0xff, 0xff, 0x00, 0x00, 0x07, 0x03, 0xff,
  0xff, 0x80, 0xfb, 0x00, 0x08, 0x07, 0xff, 0xff, 0x01, 0x00, 0x1f, 0xc3, 0xff, 0xff, 0xfa, 0x00, 0x08, 0x07, 0xff, 0xfe, 0x03, 0xc0, 0x1f, 0xe3,
  0xff, 0xff, 0xfa, 0x00, 0x08, 0x03, 0xff, 0xfe, 0x07, 0xf8, 0x7f, 0xf1, 0xff, 0xfe, 0xfa, 0x00, 0x08, 0x01, 0xff, 0xfc, 0x07, 0xff, 0xff, 0xf0,
  0xff, 0xfc, 0xf9, 0x00, 0x07, 0x7f, 0xf8, 0x07, 0xff, 0xff, 0xe0, 0x7f, 0xf0, 0xf9, 0x00, 0x05, 0x3f, 0xc0, 0x03, 0xff, 0xff, 0xc0, 0xf5, 0x00,
  0x03, 0x01, 0xff, 0xff, 0xc0, 0xf4, 0x00, 0x02, 0x7f, 0xf3, 0x80, 0xf4, 0x00, 0x00, 0x06, 0x81, 0x00, 0x81, 0x00, 0xa9, 0x00, 0x81, 0x00, 0xdd,
  0x00, 0x00, 0x0f, 0xfc, 0x00, 0x01, 0x3f, 0xf0, 0xf9, 0x00, 0x01, 0xff, 0xf0, 0xfd, 0x00, 0x01, 0xff, 0xfc, 0xfa, 0x00, 0x02, 0x03, 0xff, 0xfc,
  0xfe, 0x00, 0x02, 0x01, 0xff, 0xfe, 0xfa, 0x00, 0x02, 0x07, 0xff, 0xfe, 0xfe, 0x00, 0x02, 0x03, 0xff, 0xff, 0xfa, 0x00, 0x02, 0x07, 0xff, 0xfe,
  0xfe, 0x00, 0x03, 0x07, 0xff, 0xff, 0x80, 0xfb, 0x00, 0x02, 0x0f, 0xff, 0xff, 0xfe, 0x00, 0x03, 0x07, 0xff, 0xff, 0x80, 0xfb, 0x00, 0x02, 0x0f,
  0xff, 0xff, 0xfe, 0x00, 0x03, 0x07, 0xff, 0xff, 0xc0, 0xfb, 0x00, 0x02, 0x1f, 0xff, 0xff, 0xfe, 0x00, 0x03, 0x07, 0xff, 0xff, 0xc0, 0xfb, 0x00,
  0x02, 0x1f, 0xff, 0xff, 0xfe, 0x00, 0x03, 0x07, 0xff, 0xff, 0xc0, 0xfb, 0x00, 0x02, 0x1f, 0xff, 0xff, 0xfe, 0x00, 0x03, 0x07, 0xff, 0xff, 0xc0,
  0xfb, 0x00, 0x02, 0x1f, 0xff, 0xff, 0xfe, 0x00, 0x03, 0x07, 0xff, 0xff, 0xc0, 0xfb, 0x00, 0x02, 0x1f, 0xff, 0xff, 0xfe, 0x00, 0x03, 0x77, 0xff,
  0xff, 0xc0, 0xfb, 0x00, 0x05, 0x1f, 0xff, 0xff, 0x00, 0x00, 0x01, 0xfe, 0xff, 0x00, 0xc0, 0xfb, 0x00, 0x05, 0x1f, 0xff, 0xff, 0x00, 0x00, 0x03,
  0xfe, 0xff, 0x00, 0xc0, 0xfb, 0x00, 0x05, 0x1f, 0xff, 0xff, 0x00, 0x00, 0x07, 0xfe, 0xff, 0x00, 0xc0, 0xfb, 0x00, 0x05, 0x1f, 0xff, 0xff, 0x00,
  0x00, 0x07, 0xfe, 0xff, 0x00, 0xc0, 0xfb, 0x00, 0x05, 0x1f, 0xff, 0xff, 0x00, 0x00, 0x07, 0xfe, 0xff, 0x00, 0xc0, 0xfb, 0x00, 0x05, 0x1f, 0xff,
  0xff, 0x00, 0x00, 0x0f, 0xfe, 0xff, 0x00, 0xc0, 0xfb, 0x00, 0x05, 0x1f, 0xff, 0xff, 0x00, 0x00, 0x07, 0xfe, 0xff, 0x00, 0xc0, 0xfb, 0x00, 0x09,
  0x1f, 0xff, 0xff, 0x00, 0x00, 0x02, 0xe7, 0xff, 0xff, 0xc0, 0xfb, 0x00, 0x02, 0x0f, 0xff, 0xff, 0xfe, 0x00, 0x03, 0x07, 0xff, 0xff, 0xc0, 0xfb,
  0x00, 0x02, 0x0f, 0xff, 0xff, 0xfe, 0x00, 0x03, 0x03, 0xff, 0xff, 0x80, 0xfb, 0x00, 0x02, 0x0f, 0xff, 0xff, 0xfe, 0x00, 0x03, 0x03, 0xff, 0xff,
  0x80, 0xfb, 0x00, 0x09, 0x0f, 0xff, 0xff, 0x00, 0x00, 0x07, 0x03, 0xff, 0xff, 0x80, 0xfb, 0x00, 0x08, 0x07, 0xff, 0xff, 0x00, 0x00, 0x1f, 0xc3,
  0xff, 0xff, 0xfa, 0x00, 0x08, 0x07, 0xff, 0xfe, 0x03, 0xc0, 0x1f, 0xe3, 0xff, 0xff, 0xfa, 0x00, 0x08, 0x03, 0xff, 0xfe, 0x07, 0xf8, 0x7f, 0xf1,
  0xff, 0xfe, 0xfa, 0x00, 0x08, 0x01, 0xff, 0xfc, 0x07, 0xff, 0xff, 0xf0, 0xff, 0xfc, 0xf9, 0x00, 0x07, 0x7f, 0xf8, 0x07, 0xff, 0xff, 0xe0, 0x7f,
  0xf0, 0xf9, 0x00, 0x05, 0x3f, 0xc0, 0x03, 0xff, 0xff, 0xc0, 0xf5, 0x00, 0x03, 0x01, 0xff, 0xff, 0xc0, 0xf4, 0x00, 0x01, 0x7f, 0xf3, 0xf3, 0x00,
  0x00, 0x06, 0x81, 0x00, 0x81, 0x00, 0xa9, 0x00, 0x81, 0x00, 0xdd, 0x00, 0x00, 0x0f, 0xfc, 0x00, 0x01, 0x3f, 0xf0, 0xf9, 0x00, 0x01, 0xff, 0xf0,
  0xfd, 0x00, 0x01, 0xff, 0xfc, 0xfa, 0x00, 0x02, 0x03, 0xff, 0xfc, 0xfe, 0x00, 0x02, 0x01, 0xff, 0xfe, 0xfa, 0x00, 0x02, 0x07, 0xff, 0xfe, 0xfe,
  0x00, 0x02, 0x03, 0xff, 0xff, 0xfa, 0x00, 0x02, 0x07, 0xff, 0xfe, 0xfe, 0x00, 0x03, 0x07, 0xff, 0xff, 0x80, 0xfb, 0x00, 0x02, 0x0f, 0xff, 0xff,
  0xfe, 0x00, 0x03, 0x07, 0xff, 0xff, 0x80, 0xfb, 0x00, 0x02, 0x0f, 0xff, 0xff, 0xfe, 0x00, 0x03, 0x07, 0xff, 0xff, 0x80, 0xfb, 0x00, 0x02, 0x1f,
  0xff, 0xff, 0xfe, 0x00, 0x03, 0x07, 0xff, 0xff, 0xc0, 0xfb, 0x00, 0x02, 0x1f, 0xff, 0xff, 0xfe, 0x00, 0x03, 0x07, 0xff, 0xff, 0xc0, 0xfb, 0x00,
  0x02, 0x1f, 0xff, 0xff, 0xfe, 0x00, 0x03, 0x07, 0xff, 0xff, 0xc0, 0xfb, 0x00, 0x02, 0x1f, 0xff, 0xff, 0xfe, 0x00, 0x03, 0x07, 0xff, 0xff, 0xc0,
  0xfb, 0x00, 0x02, 0x1f, 0xff, 0xff, 0xfe, 0x00, 0x03, 0x77, 0xff, 0xff, 0xc0, 0xfb, 0x00, 0x05, 0x1f, 0xff, 0xff, 0x00, 0x00, 0x01, 0xfe, 0xff,
  0x00, 0xc0, 0xfb, 0x00, 0x05, 0x1f, 0xff, 0xff, 0x00, 0x00, 0x03, 0xfe, 0xff, 0x00, 0xc0, 0xfb, 0x00, 0x05, 0x1f, 0xff, 0xff, 0x00, 0x00, 0x07,
  0xfe, 0xff, 0x00, 0xc0, 0xfb, 0x00, 0x05, 0x1f, 0xff, 0xff, 0x00, 0x00, 0x07, 0xfe, 0xff, 0x00, 0xc0, 0xfb, 0x00, 0x05, 0x1f, 0xff, 0xff, 0x00,
  0x00, 0x07, 0xfe, 0xff, 0x00, 0xc0, 0xfb, 0x00, 0x05, 0x1f, 0xff, 0xff, 0x00, 0x00, 0x07, 0xfe, 0xff, 0x00, 0xc0, 0xfb, 0x00, 0x05, 0x1f, 0xff,
  0xff, 0x00, 0x00, 0x07, 0xfe, 0xff, 0x00, 0xc0, 0xfb, 0x00, 0x09, 0x1f, 0xff, 0xff, 0x00, 0x00, 0x02, 0xef, 0xff, 0xff, 0xc0, 0xfb, 0x00, 0x02,
  0x0f, 0xff, 0xff, 0xfe, 0x00, 0x03, 0x07, 0xff, 0xff, 0xc0, 0xfb, 0x00, 0x02, 0x0f, 0xff, 0xff, 0xfe, 0x00, 0x03, 0x07, 0xff, 0xff, 0x80, 0xfb,
  0x00, 0x02, 0x0f, 0xff, 0xff, 0xfe, 0x00, 0x03, 0x03, 0xff, 0xff, 0x80, 0xfb, 0x00, 0x09, 0x0f, 0xff, 0xff, 0x00, 0x00, 0x06, 0x03, 0xff, 0xff,
  0x80, 0xfb, 0x00, 0x08, 0x07, 0xff, 0xff, 0x00, 0x00, 0x0f, 0xc3, 0xff, 0xff, 0xfa, 0x00, 0x08, 0x07, 0xff, 0xfe, 0x03, 0xc0, 0x1f, 0xc3, 0xff,
  0xff, 0xfa, 0x00, 0x08, 0x03, 0xff, 0xfe, 0x07, 0xf8, 0x7f, 0xf1, 0xff, 0xfe, 0xfa, 0x00, 0x08, 0x01, 0xff, 0xfc, 0x07, 0xff, 0xff, 0xf0, 0xff,
  0xfc, 0xf9, 0x00, 0x07, 0x7f, 0xf8, 0x07, 0xff, 0xff, 0xe0, 0x7f, 0xf0, 0xf9, 0x00, 0x05, 0x3f, 0xc0, 0x03, 0xff, 0xff, 0xc0, 0xf5, 0x00, 0x03,
  0x01, 0xff, 0xff, 0xc0, 0xf4, 0x00, 0x01, 0x7f, 0xf2, 0xf3, 0x00, 0x00, 0x06, 0x81, 0x00, 0x81, 0x00, 0xa9, 0x00, 0x81, 0x00, 0xdd, 0x00, 0x00,
  0x0e, 0xfc, 0x00, 0x01, 0x3f, 0xf0, 0xf9, 0x00, 0x01, 0xff, 0xf0, 0xfd, 0x00, 0x01, 0xff, 0xfc, 0xfa, 0x00, 0x02, 0x03, 0xff, 0xfc, 0xfe, 0x00,
  0x02, 0x03, 0xff, 0xfe, 0xfa, 0x00, 0x02, 0x07, 0xff, 0xfe, 0xfe, 0x00, 0x02, 0x03, 0xff, 0xff, 0xfa, 0x00, 0x02, 0x07, 0xff, 0xfe, 0xfe, 0x00,
  0x03, 0x03, 0xff, 0xff, 0x80, 0xfb, 0x00, 0x02, 0x0f, 0xff, 0xff, 0xfe, 0x00, 0x03, 0x07, 0xff, 0xff, 0x80, 0xfb, 0x00, 0x02, 0x0f, 0xff, 0xff,
  0xfe, 0x00, 0x03, 0x07, 0xff, 0xff, 0xc0, 0xfb, 0x00, 0x02, 0x1f, 0xff, 0xff, 0xfe, 0x00, 0x03, 0x07, 0xff, 0xff, 0xc0, 0xfb, 0x00, 0x02, 0x1f,
  0xff, 0xff, 0xfe, 0x00, 0x03, 0x07, 0xff, 0xff, 0xc0, 0xfb, 0x00, 0x02, 0x1f, 0xff, 0xff, 0xfe, 0x00, 0x03, 0x07, 0xff, 0xff, 0xc0, 0xfb, 0x00,
  0x02, 0x1f, 0xff, 0xff, 0xfe, 0x00, 0x03, 0x07, 0xff, 0xff, 0xc0, 0xfb, 0x00, 0x02, 0x1f, 0xff, 0xff, 0xfe, 0x00, 0x03, 0x07, 0xff, 0xff, 0xc0,
  0xfb, 0x00, 0x05, 0x1f, 0xff, 0xff, 0x00, 0x00, 0x01, 0xfe, 0xff, 0x00, 0xc0, 0xfb, 0x00, 0x05, 0x1f, 0xff, 0xff, 0x00, 0x00, 0x03, 0xfe, 0xff,
  0x00, 0xc0, 0xfb, 0x00, 0x05, 0x1f, 0xff, 0xff, 0x00, 0x00, 0x07, 0xfe, 0xff, 0x00, 0xc0, 0xfb, 0x00, 0x05, 0x1f, 0xff, 0xff, 0x00, 0x00, 0x07,
  0xfe, 0xff, 0x00, 0xc0, 0xfb, 0x00, 0x05, 0x1f, 0xff, 0xff, 0x00, 0x00, 0x07, 0xfe, 0xff, 0x00, 0xc0, 0xfb, 0x00, 0x05, 0x1f, 0xff, 0xff, 0x00,
  0x00, 0x07, 0xfe, 0xff, 0x00, 0xc0, 0xfb, 0x00, 0x05, 0x1f, 0xff, 0xff, 0x00, 0x00, 0x07, 0xfe, 0xff, 0x00, 0xc0, 0xfb, 0x00, 0x09, 0x1f, 0xff,
  0xff, 0x00, 0x00, 0x02, 0xe7, 0xff, 0xff, 0xc0, 0xfb, 0x00, 0x02, 0x0f, 0xff, 0xff, 0xfe, 0x00, 0x03, 0x07, 0xff, 0xff, 0xc0, 0xfb, 0x00, 0x02,
  0x0f, 0xff, 0xff, 0xfe, 0x00, 0x03, 0x03, 0xff, 0xff, 0x80, 0xfb, 0x00, 0x02, 0x0f, 0xff, 0xff, 0xfe, 0x00, 0x03, 0x03, 0xff, 0xff, 0x80, 0xfb,
  0x00, 0x09, 0x0f, 0xff, 0xff, 0x00, 0x00, 0x06, 0x03, 0xff, 0xff, 0x80, 0xfb, 0x00, 0x08, 0x07, 0xff, 0xff, 0x00, 0x00, 0x0f, 0xc3, 0xff, 0xff,
  0xfa, 0x00, 0x08, 0x07, 0xff, 0xfe, 0x03, 0xc0, 0x1f, 0xc3, 0xff, 0xff, 0xfa, 0x00, 0x08, 0x03, 0xff, 0xfe, 0x07, 0xf0, 0x7f, 0xf1, 0xff, 0xfe,
  0xfa, 0x00, 0x08, 0x01, 0xff, 0xfc, 0x07, 0xff, 0xff, 0xf0, 0xff, 0xfc, 0xf9, 0x00, 0x07, 0x7f, 0xf8, 0x07, 0xff, 0xff, 0xe0, 0x7f, 0xf8, 0xf9,
  0x00, 0x05, 0x3f, 0xc0, 0x03, 0xff, 0xff, 0xc0, 0xf5, 0x00, 0x03, 0x01, 0xff, 0xff, 0xc0, 0xf4, 0x00, 0x01, 0x7f, 0xf2, 0xf3, 0x00, 0x00, 0x06,
  0x81, 0x00, 0x81, 0x00, 0xa9, 0x00, 0x81, 0x00, 0xd7, 0x00, 0x01, 0x3f, 0xf0, 0xf9, 0x00, 0x01, 0xff, 0xf0, 0xfd, 0x00, 0x01, 0xff, 0xfc, 0xfa,
  0x00, 0x02, 0x03, 0xff, 0xfc, 0xfe, 0x00, 0x02, 0x01, 0xff, 0xfe, 0xfa, 0x00, 0x02, 0x07, 0xff, 0xfe, 0xfe, 0x00, 0x02, 0x03, 0xff, 0xff, 0xfa,
  0x00, 0x02, 0x07, 0xff, 0xfe, 0xfe, 0x00, 0x03, 0x03, 0xff, 0xff, 0x80, 0xfb, 0x00, 0x02, 0x0f, 0xff, 0xff, 0xfe, 0x00, 0x03, 0x07, 0xff, 0xff,
  0x80, 0xfb, 0x00, 0x02, 0x0f, 0xff, 0xff, 0xfe, 0x00, 0x03, 0x07, 0xff, 0xff, 0x80, 0xfb, 0x00, 0x02, 0x1f, 0xff, 0xff, 0xfe, 0x00, 0x03, 0x07,
  0xff, 0xff, 0xc0, 0xfb, 0x00, 0x02, 0x1f, 0xff, 0xff, 0xfe, 0x00, 0x03, 0x07, 0xff, 0xff, 0xc0, 0xfb, 0x00, 0x02, 0x1f, 0xff, 0xff, 0xfe, 0x00,
  0x03, 0x07, 0xff, 0xff, 0xc0, 0xfb, 0x00, 0x02, 0x1f, 0xff, 0xff, 0xfe, 0x00, 0x03, 0x07, 0xff, 0xff, 0xc0, 0xfb, 0x00, 0x02, 0x1f, 0xff, 0xff,
  0xfe, 0x00, 0x03, 0x07, 0xff, 0xff, 0xc0, 0xfb, 0x00, 0x05, 0x1f, 0xff, 0xff, 0x00, 0x00, 0x01, 0xfe, 0xff, 0x00, 0xc0, 0xfb, 0x00, 0x05, 0x1f,
  0xff, 0xff, 0x00, 0x00, 0x03, 0xfe, 0xff, 0x00, 0xc0, 0xfb, 0x00, 0x05, 0x1f, 0xff, 0xff, 0x00, 0x00, 0x07, 0xfe, 0xff, 0x00, 0xc0, 0xfb, 0x00,
  0x05, 0x1f, 0xff, 0xff, 0x00, 0x00, 0x07, 0xfe, 0xff, 0x00, 0xc0, 0xfb, 0x00, 0x05, 0x1f, 0xff, 0xff, 0x00, 0x00, 0x07, 0xfe, 0xff, 0x00, 0xc0,
  0xfb, 0x00, 0x05, 0x1f, 0xff, 0xff, 0x00, 0x00, 0x07, 0xfe, 0xff, 0x00, 0xc0, 0xfb, 0x00, 0x05, 0x1f, 0xff, 0xff, 0x00, 0x00, 0x07, 0xfe, 0xff,
  0x00, 0xc0, 0xfb, 0x00, 0x02, 0x1f, 0xff, 0xff, 0xfe, 0x00, 0x03, 0xe7, 0xff, 0xff, 0xc0, 0xfb, 0x00, 0x02, 0x0f, 0xff, 0xff, 0xfe, 0x00, 0x03,
  0x07, 0xff, 0xff, 0xc0, 0xfb, 0x00, 0x02, 0x0f, 0xff, 0xff, 0xfe, 0x00, 0x03, 0x07, 0xff, 0xff, 0xc0, 0xfb, 0x00, 0x02, 0x0f, 0xff, 0xff, 0xfe,
  0x00, 0x03, 0x03, 0xff, 0xff, 0x80, 0xfb, 0x00, 0x09, 0x0f, 0xff, 0xff, 0x00, 0x00, 0x06, 0x03, 0xff, 0xff, 0x80, 0xfb, 0x00, 0x08, 0x07, 0xff,
  0xff, 0x00, 0x00, 0x0f, 0xc3, 0xff, 0xff, 0xfa, 0x00, 0x08, 0x07, 0xff, 0xfe, 0x03, 0xc0, 0x1f, 0xc3, 0xff, 0xff, 0xfa, 0x00, 0x08, 0x03, 0xff,
  0xfe, 0x07, 0xf0, 0x7f, 0xf3, 0xff, 0xfe, 0xfa, 0x00, 0x08, 0x03, 0xff, 0xfc, 0x07, 0xff, 0xff, 0xf0, 0xff, 0xfc, 0xf9, 0x00, 0x07, 0xff, 0xf8,
  0x07, 0xff, 0xff, 0xe0, 0x7f, 0xf8, 0xf9, 0x00, 0x05, 0x3f, 0xc0, 0x03, 0xff, 0xff, 0xe0, 0xf5, 0x00, 0x03, 0x01, 0xff, 0xff, 0xc0, 0xf4, 0x00,
  0x01, 0x7f, 0xf2, 0xf3, 0x00, 0x00, 0x06, 0x81, 0x00, 0x81, 0x00, 0xa9, 0x00, 0x81, 0x00, 0xd7, 0x00, 0x01, 0x1f, 0xf0, 0xf9, 0x00, 0x01, 0xff,
  0xf0, 0xfd, 0x00, 0x01, 0xff, 0xfc, 0xfa, 0x00, 0x02, 0x03, 0xff, 0xfc, 0xfe, 0x00, 0x02, 0x01, 0xff, 0xfe, 0xfa, 0x00, 0x02, 0x07, 0xff, 0xfe,
  0xfe, 0x00, 0x02, 0x03, 0xff, 0xff, 0xfa, 0x00, 0x02, 0x07, 0xff, 0xfe, 0xfe, 0x00, 0x03, 0x03, 0xff, 0xff, 0x80, 0xfb, 0x00, 0x02, 0x0f, 0xff,
  0xff, 0xfe, 0x00, 0x03, 0x07, 0xff, 0xff, 0x80, 0xfb, 0x00, 0x02, 0x0f, 0xff, 0xff, 0xfe, 0x00, 0x03, 0x07, 0xff, 0xff, 0x80, 0xfb, 0x00, 0x02,
  0x1f, 0xff, 0xff, 0xfe, 0x00, 0x03, 0x07, 0xff, 0xff, 0xc0, 0xfb, 0x00, 0x02, 0x1f, 0xff, 0xff, 0xfe, 0x00, 0x03, 0x07, 0xff, 0xff, 0xc0, 0xfb,
  0x00, 0x02, 0x1f, 0xff, 0xff, 0xfe, 0x00, 0x03, 0x07, 0xff, 0xff, 0xc0, 0xfb, 0x00, 0x02, 0x1f, 0xff, 0xff, 0xfe, 0x00, 0x03, 0x07, 0xff, 0xff,
  0xc0, 0xfb, 0x00, 0x02, 0x1f, 0xff, 0xff, 0xfe, 0x00, 0x03, 0x07, 0xff, 0xff, 0xc0, 0xfb, 0x00, 0x05, 0x1f, 0xff, 0xff, 0x00, 0x00, 0x01, 0xfe,
  0xff, 0x00, 0xc0, 0xfb, 0x00, 0x05, 0x1f, 0xff, 0xff, 0x00, 0x00, 0x03, 0xfe, 0xff, 0x00, 0xc0, 0xfb, 0x00, 0x05, 0x1f, 0xff, 0xff, 0x00, 0x00,
  0x07, 0xfe, 0xff, 0x00, 0xc0, 0xfb, 0x00, 0x05, 0x1f, 0xff, 0xff, 0x00, 0x00, 0x07, 0xfe, 0xff, 0x00, 0xc0, 0xfb, 0x00, 0x05, 0x1f, 0xff, 0xff,
  0x00, 0x00, 0x07, 0xfe, 0xff, 0x00, 0xc0, 0xfb, 0x00, 0x05, 0x1f, 0xff, 0xff, 0x00, 0x00, 0x07, 0xfe, 0xff, 0x00, 0xc0, 0xfb, 0x00, 0x05, 0x1f,
  0xff, 0xff, 0x00, 0x00, 0x07, 0xfe, 0xff, 0x00, 0xc0, 0xfb, 0x00, 0x02, 0x1f, 0xff, 0xff, 0xfe, 0x00, 0x03, 0xe7, 0xff, 0xff, 0xc0, 0xfb, 0x00,
  0x02, 0x0f, 0xff, 0xff, 0xfe, 0x00, 0x03, 0x07, 0xff, 0xff, 0xc0, 0xfb, 0x00, 0x02, 0x0f, 0xff, 0xff, 0xfe, 0x00, 0x03, 0x03, 0xff, 0xff, 0x80,
  0xfb, 0x00, 0x02, 0x0f, 0xff, 0xff, 0xfe, 0x00, 0x03, 0x03, 0xff, 0xff, 0x80, 0xfb, 0x00, 0x09, 0x0f, 0xff, 0xff, 0x00, 0x00, 0x06, 0x03, 0xff,
  0xff, 0x80, 0xfb, 0x00, 0x08, 0x07, 0xff, 0xff, 0x00, 0x00, 0x07, 0xc3, 0xff, 0xff, 0xfa, 0x00, 0x08, 0x07, 0xff, 0xfe, 0x03, 0xc0, 0x1f, 0xc3,
  0xff, 0xff, 0xfa, 0x00, 0x08, 0x03, 0xff, 0xfe, 0x07, 0xf0, 0x7f, 0xe3, 0xff, 0xfe, 0xfa, 0x00, 0x08, 0x03, 0xff, 0xfc, 0x07, 0xff, 0xff, 0xe0,
  0xff, 0xfc, 0xf9, 0x00, 0x07, 0xff, 0xf8, 0x07, 0xff, 0xff, 0xe0, 0x7f, 0xf8, 0xf9, 0x00, 0x05, 0x7f, 0xe0, 0x03, 0xff, 0xff, 0xe0, 0xf5, 0x00,
  0x03, 0x01, 0xff, 0xff, 0xc0, 0xf4, 0x00, 0x01, 0x7f, 0xfb, 0xf3, 0x00, 0x00, 0x0e, 0x81, 0x00, 0x81, 0x00, 0xa9, 0x00, 0x81, 0x00, 0xd7, 0x00,
  0x01, 0x1f, 0xf0, 0xf9, 0x00, 0x01, 0xff, 0xf0, 0xfd, 0x00, 0x01, 0xff, 0xfc, 0xfa, 0x00, 0x02, 0x03, 0xff, 0xfc, 0xfe, 0x00, 0x02, 0x01, 0xff,
  0xfe, 0xfa, 0x00, 0x02, 0x07, 0xff, 0xfe, 0xfe, 0x00, 0x02, 0x03, 0xff, 0xff, 0xfa, 0x00, 0x02, 0x07, 0xff, 0xfe, 0xfe, 0x00, 0x03, 0x03, 0xff,
  0xff, 0x80, 0xfb, 0x00, 0x02, 0x0f, 0xff, 0xff, 0xfe, 0x00, 0x03, 0x07, 0xff, 0xff, 0x80, 0xfb, 0x00, 0x02, 0x0f, 0xff, 0xff, 0xfe, 0x00, 0x03,
  0x07, 0xff, 0xff, 0x80, 0xfb, 0x00, 0x02, 0x1f, 0xff, 0xff, 0xfe, 0x00, 0x03, 0x07, 0xff, 0xff, 0xc0, 0xfb, 0x00, 0x02, 0x1f, 0xff, 0xff, 0xfe,
  0x00, 0x03, 0x07, 0xff, 0xff, 0xc0, 0xfb, 0x00, 0x02, 0x1f, 0xff, 0xff, 0xfe, 0x00, 0x03, 0x07, 0xff, 0xff, 0xc0, 0xfb, 0x00, 0x02, 0x1f, 0xff,
  0xff, 0xfe, 0x00, 0x03, 0x07, 0xff, 0xff, 0xc0, 0xfb, 0x00, 0x02, 0x1f, 0xff, 0xff, 0xfe, 0x00, 0x03, 0x07, 0xff, 0xff, 0xc0, 0xfb, 0x00, 0x05,
  0x1f, 0xff, 0xff, 0x00, 0x00, 0x01, 0xfe, 0xff, 0x00, 0xc0, 0xfb, 0x00, 0x05, 0x1f, 0xff, 0xff, 0x00, 0x00, 0x03, 0xfe, 0xff, 0x00, 0xc0, 0xfb,
  0x00, 0x05, 0x1f, 0xff, 0xff, 0x00, 0x00, 0x07, 0xfe, 0xff, 0x00, 0xc0, 0xfb, 0x00, 0x05, 0x1f, 0xff, 0xff, 0x00, 0x00, 0x07, 0xfe, 0xff, 0x00,
  0xc0, 0xfb, 0x00, 0x05, 0x1f, 0xff, 0xff, 0x00, 0x00, 0x07, 0xfe, 0xff, 0x00, 0xc0, 0xfb, 0x00, 0x05, 0x1f, 0xff, 0xff, 0x00, 0x00, 0x07, 0xfe,
  0xff, 0x00, 0xc0, 0xfb, 0x00, 0x05, 0x1f, 0xff, 0xff, 0x00, 0x00, 0x07, 0xfe, 0xff, 0x00, 0xc0, 0xfb, 0x00, 0x02, 0x1f, 0xff, 0xff, 0xfe, 0x00,
  0x03, 0xef, 0xff, 0xff, 0xc0, 0xfb, 0x00, 0x02, 0x0f, 0xff, 0xff, 0xfe, 0x00, 0x03, 0x07, 0xff, 0xff, 0xc0, 0xfb, 0x00, 0x02, 0x0f, 0xff, 0xff,
  0xfe, 0x00, 0x03, 0x07, 0xff, 0xff, 0xc0, 0xfb, 0x00, 0x02, 0x0f, 0xff, 0xff, 0xfe, 0x00, 0x03, 0x03, 0xff, 0xff, 0x80, 0xfb, 0x00, 0x09, 0x0f,
  0xff, 0xff, 0x00, 0x00, 0x06, 0x03, 0xff, 0xff, 0x80, 0xfb, 0x00, 0x09, 0x07, 0xff, 0xff, 0x00, 0x00, 0x07, 0xc3, 0xff, 0xff, 0x80, 0xfb, 0x00,
  0x08, 0x07, 0xff, 0xfe, 0x03, 0xc0, 0x1f, 0xc3, 0xff, 0xff, 0xfa, 0x00, 0x08, 0x03, 0xff, 0xfe, 0x07, 0xf0, 0x3f, 0xe3, 0xff, 0xfe, 0xfa, 0x00,
  0x08, 0x03, 0xff, 0xfc, 0x07, 0xff, 0xff, 0xe0, 0xff, 0xfc, 0xf9, 0x00, 0x07, 0xff, 0xf8, 0x07, 0xff, 0xff, 0xe0, 0x7f, 0xf8, 0xf9, 0x00, 0x05,
  0x7f, 0xe0, 0x03, 0xff, 0xff, 0xc0, 0xf5, 0x00, 0x03, 0x01, 0xff, 0xff, 0xe0, 0xf4, 0x00, 0x01, 0x7f, 0xfa, 0xf3, 0x00, 0x01, 0x1f, 0x80, 0x81,
  0x00, 0x81, 0x00, 0xaa, 0x00, 0x81, 0x00, 0xd7, 0x00, 0x01, 0x0f, 0xe0, 0xf9, 0x00, 0x01, 0xff, 0xf0, 0xfd, 0x00, 0x01, 0xff, 0xfc, 0xfa, 0x00,
  0x02, 0x03, 0xff, 0xfc, 0xfe, 0x00, 0x02, 0x01, 0xff, 0xfe, 0xfa, 0x00, 0x02, 0x07, 0xff, 0xfe, 0xfe, 0x00, 0x02, 0x03, 0xff, 0xff, 0xfa, 0x00,
  0x02, 0x07, 0xff, 0xfe, 0xfe, 0x00, 0x03, 0x03, 0xff, 0xff, 0x80, 0xfb, 0x00, 0x02, 0x0f, 0xff, 0xff, 0xfe, 0x00, 0x03, 0x07, 0xff, 0xff, 0x80,
  0xfb, 0x00, 0x02, 0x0f, 0xff, 0xff, 0xfe, 0x00, 0x03, 0x07, 0xff, 0xff, 0x80, 0xfb, 0x00, 0x02, 0x1f, 0xff, 0xff, 0xfe, 0x00, 0x03, 0x07, 0xff,
  0xff, 0xc0, 0xfb, 0x00, 0x02, 0x1f, 0xff, 0xff, 0xfe, 0x00, 0x03, 0x07, 0xff, 0xff, 0xc0, 0xfb, 0x00, 0x02, 0x1f, 0xff, 0xff, 0xfe, 0x00, 0x03,
  0x07, 0xff, 0xff, 0xc0, 0xfb, 0x00, 0x02, 0x1f, 0xff, 0xff, 0xfe, 0x00, 0x03, 0x07, 0xff, 0xff, 0xc0, 0xfb, 0x00, 0x02, 0x1f, 0xff, 0xff, 0xfe,
  0x00, 0x03, 0x07, 0xff, 0xff, 0xc0, 0xfb, 0x00, 0x09, 0x1f, 0xff, 0xff, 0x00, 0x00, 0x01, 0x7f, 0xff, 0xff, 0xc0, 0xfb, 0x00, 0x05, 0x1f, 0xff,
  0xff, 0x00, 0x00, 0x03, 0xfe, 0xff, 0x00, 0xc0, 0xfb, 0x00, 0x05, 0x1f, 0xff, 0xff, 0x00, 0x00, 0x07, 0xfe, 0xff, 0x00, 0xc0, 0xfb, 0x00, 0x05,
  0x1f, 0xff, 0xff, 0x00, 0x00, 0x07, 0xfe, 0xff, 0x00, 0xc0, 0xfb, 0x00, 0x05, 0x1f, 0xff, 0xff, 0x00, 0x00, 0x07, 0xfe, 0xff, 0x00, 0xc0, 0xfb,
  0x00, 0x05, 0x1f, 0xff, 0xff, 0x00, 0x00, 0x07, 0xfe, 0xff, 0x00, 0xc0, 0xfb, 0x00, 0x05, 0x1f, 0xff, 0xff, 0x00, 0x00, 0x05, 0xfe, 0xff, 0x00,
  0xc0, 0xfb, 0x00, 0x02, 0x1f, 0xff, 0xff, 0xfe, 0x00, 0x03, 0xe7, 0xff, 0xff, 0xc0, 0xfb, 0x00, 0x02, 0x0f, 0xff, 0xff, 0xfe, 0x00, 0x03, 0x03,
  0xff, 0xff, 0xc0, 0xfb, 0x00, 0x02, 0x0f, 0xff, 0xff, 0xfe, 0x00, 0x03, 0x03, 0xff, 0xff, 0x80, 0xfb, 0x00, 0x02, 0x0f, 0xff, 0xff, 0xfe, 0x00,
  0x03, 0x03, 0xff, 0xff, 0x80, 0xfb, 0x00, 0x09, 0x0f, 0xff, 0xff, 0x00, 0x00, 0x02, 0x03, 0xff, 0xff, 0x80, 0xfb, 0x00, 0x09, 0x07, 0xff, 0xff,
  0x00, 0x00, 0x07, 0xc3, 0xff, 0xff, 0x80, 0xfb, 0x00, 0x08, 0x07, 0xff, 0xfe, 0x03, 0xc0, 0x1f, 0xc3, 0xff, 0xff, 0xfa, 0x00, 0x08, 0x03, 0xff,
  0xfe, 0x07, 0xf0, 0x3f, 0xe3, 0xff, 0xfe, 0xfa, 0x00, 0x08, 0x03, 0xff, 0xfc, 0x07, 0xff, 0xff, 0xe1, 0xff, 0xfc, 0xfa, 0x00, 0x08, 0x01, 0xff,
  0xf8, 0x07, 0xff, 0xff, 0xe0, 0x7f, 0xf8, 0xf9, 0x00, 0x06, 0x7f, 0xe0, 0x03, 0xff, 0xff, 0xe0, 0x05, 0xf6, 0x00, 0x03, 0x01, 0xff, 0xff, 0xc0,
  0xf4, 0x00, 0x01, 0x7f, 0xfa, 0xf3, 0x00, 0x01, 0x1f, 0x80, 0x81, 0x00, 0x81, 0x00, 0xaa, 0x00, 0x81, 0x00, 0xd7, 0x00, 0x01, 0x0f, 0xe0, 0xf9,
  0x00, 0x01, 0xff, 0xf0, 0xfd, 0x00, 0x01, 0x7f, 0xfc, 0xfa, 0x00, 0x02, 0x03, 0xff, 0xfc, 0xfe, 0x00, 0x02, 0x01, 0xff, 0xfe, 0xfa, 0x00, 0x02,
  0x07, 0xff, 0xfe, 0xfe, 0x00, 0x02, 0x03, 0xff, 0xff, 0xfa, 0x00, 0x02, 0x07, 0xff, 0xfe, 0xfe, 0x00, 0x03, 0x03, 0xff, 0xff, 0x80, 0xfb, 0x00,
  0x02, 0x0f, 0xff, 0xff, 0xfe, 0x00, 0x03, 0x07, 0xff, 0xff, 0x80, 0xfb, 0x00, 0x02, 0x0f, 0xff, 0xff, 0xfe, 0x00, 0x03, 0x07, 0xff, 0xff, 0x80,
  0xfb, 0x00, 0x02, 0x1f, 0xff, 0xff, 0xfe, 0x00, 0x03, 0x07, 0xff, 0xff, 0xc0, 0xfb, 0x00, 0x02, 0x1f, 0xff, 0xff, 0xfe, 0x00, 0x03, 0x07, 0xff,
  0xff, 0xc0, 0xfb, 0x00, 0x02, 0x1f, 0xff, 0xff, 0xfe, 0x00, 0x03, 0x07, 0xff, 0xff, 0xc0, 0xfb, 0x00, 0x02, 0x1f, 0xff, 0xff, 0xfe, 0x00, 0x03,
  0x07, 0xff, 0xff, 0xc0, 0xfb, 0x00, 0x02, 0x1f, 0xff, 0xff, 0xfe, 0x00, 0x03, 0x07, 0xff, 0xff, 0xc0, 0xfb, 0x00, 0x09, 0x1f, 0xff, 0xff, 0x00,
  0x00, 0x01, 0x5f, 0xff, 0xff, 0xc0, 0xfb, 0x00, 0x05, 0x1f, 0xff, 0xff, 0x00, 0x00, 0x03, 0xfe, 0xff, 0x00, 0xc0, 0xfb, 0x00, 0x05, 0x1f, 0xff,
  0xff, 0x00, 0x00, 0x07, 0xfe, 0xff, 0x00, 0xc0, 0xfb, 0x00, 0x05, 0x1f, 0xff, 0xff, 0x00, 0x00, 0x07, 0xfe, 0xff, 0x00, 0xc0, 0xfb, 0x00, 0x05,
  0x1f, 0xff, 0xff, 0x00, 0x00, 0x07, 0xfe, 0xff, 0x00, 0xc0, 0xfb, 0x00, 0x05, 0x1f, 0xff, 0xff, 0x00, 0x00, 0x07, 0xfe, 0xff, 0x00, 0xc0, 0xfb,
  0x00, 0x05, 0x1f, 0xff, 0xff, 0x00, 0x00, 0x07, 0xfe, 0xff, 0x00, 0xc0, 0xfb, 0x00, 0x02, 0x1f, 0xff, 0xff, 0xfe, 0x00, 0x03, 0xf7, 0xff, 0xff,
  0xc0, 0xfb, 0x00, 0x02, 0x0f, 0xff, 0xff, 0xfe, 0x00, 0x03, 0x07, 0xff, 0xff, 0xc0, 0xfb, 0x00, 0x02, 0x0f, 0xff, 0xff, 0xfe, 0x00, 0x03, 0x07,
  0xff, 0xff, 0xc0, 0xfb, 0x00, 0x02, 0x0f, 0xff, 0xff, 0xfe, 0x00, 0x03, 0x03, 0xff, 0xff, 0x80, 0xfb, 0x00, 0x09, 0x0f, 0xff, 0xff, 0x00, 0x00,
  0x02, 0x03, 0xff, 0xff, 0x80, 0xfb, 0x00, 0x09, 0x07, 0xff, 0xff, 0x00, 0x00, 0x07, 0xc3, 0xff, 0xff, 0x80, 0xfb, 0x00, 0x08, 0x07, 0xff, 0xff,
  0x03, 0x80, 0x1f, 0xc3, 0xff, 0xff, 0xfa, 0x00, 0x08, 0x03, 0xff, 0xfe, 0x07, 0xf0, 0x3f, 0xe3, 0xff, 0xfe, 0xfa, 0x00, 0x08, 0x03, 0xff, 0xfe,
  0x07, 0xff, 0xff, 0xe1, 0xff, 0xfc, 0xfa, 0x00, 0x08, 0x01, 0xff, 0xf8, 0x07, 0xff, 0xff, 0xe0, 0x7f, 0xf8, 0xf9, 0x00, 0x07, 0x7f, 0xf0, 0x03,
  0xff, 0xff, 0xe0, 0x1f, 0xc0, 0xf7, 0x00, 0x03, 0x01, 0xff, 0xff, 0xe0, 0xf4, 0x00, 0x01, 0x7f, 0xfa, 0xf3, 0x00, 0x01, 0x1f, 0xc0, 0x81, 0x00,
  0x81, 0x00, 0xaa, 0x00, 0x81, 0x00, 0xd7, 0x00, 0x01, 0x0f, 0xc0, 0xf9, 0x00, 0x01, 0x7f, 0xf0, 0xfd, 0x00, 0x01, 0x7f, 0xfc, 0xfa, 0x00, 0x02,
  0x03, 0xff, 0xf8, 0xfe, 0x00, 0x02, 0x01, 0xff, 0xfe, 0xfa, 0x00, 0x02, 0x07, 0xff, 0xfe, 0xfe, 0x00, 0x02, 0x03, 0xff, 0xff, 0xfa, 0x00, 0x02,
  0x07, 0xff, 0xfe, 0xfe, 0x00, 0x03, 0x03, 0xff, 0xff, 0x80, 0xfb, 0x00, 0x02, 0x0f, 0xff, 0xff, 0xfe, 0x00, 0x03, 0x07, 0xff, 0xff, 0x80, 0xfb,
  0x00, 0x02, 0x0f, 0xff, 0xff, 0xfe, 0x00, 0x03, 0x07, 0xff, 0xff, 0x80, 0xfb, 0x00, 0x02, 0x1f, 0xff, 0xff, 0xfe, 0x00, 0x03, 0x07, 0xff, 0xff,
  0xc0, 0xfb, 0x00, 0x02, 0x1f, 0xff, 0xff, 0xfe, 0x00, 0x03, 0x07, 0xff, 0xff, 0xc0, 0xfb, 0x00, 0x02, 0x1f, 0xff, 0xff, 0xfe, 0x00, 0x03, 0x07,
  0xff, 0xff, 0xc0, 0xfb, 0x00, 0x02, 0x1f, 0xff, 0xff, 0xfe, 0x00, 0x03, 0x07, 0xff, 0xff, 0xc0, 0xfb, 0x00, 0x02, 0x1f, 0xff, 0xff, 0xfe, 0x00,
  0x03, 0x07, 0xff, 0xff, 0xc0, 0xfb, 0x00, 0x02, 0x1f, 0xff, 0xff, 0xfe, 0x00, 0x03, 0x57, 0xff, 0xff, 0xc0, 0xfb, 0x00, 0x05, 0x1f, 0xff, 0xff,
  0x00, 0x00, 0x01, 0xfe, 0xff, 0x00, 0xc0, 0xfb, 0x00, 0x09, 0x1f, 0xff, 0xff, 0x00, 0x00, 0x07, 0xdf, 0xff, 0xff, 0xc0, 0xfb, 0x00, 0x05, 0x1f,
  0xff, 0xff, 0x00, 0x00, 0x07, 0xfe, 0xff, 0x00, 0xc0, 0xfb, 0x00, 0x05, 0x1f, 0xff, 0xff, 0x00, 0x00, 0x07, 0xfe, 0xff, 0x00, 0xc0, 0xfb, 0x00,
  0x05, 0x1f, 0xff, 0xff, 0x00, 0x00, 0x07, 0xfe, 0xff, 0x00, 0xc0, 0xfb, 0x00, 0x05, 0x1f, 0xff, 0xff, 0x00, 0x00, 0x05, 0xfe, 0xff, 0x00, 0xc0,
  0xfb, 0x00, 0x02, 0x1f, 0xff, 0xff, 0xfe, 0x00, 0x03, 0xe7, 0xff, 0xff, 0xc0, 0xfb, 0x00, 0x02, 0x0f, 0xff, 0xff, 0xfe, 0x00, 0x03, 0x07, 0xff,
  0xff, 0xc0, 0xfb, 0x00, 0x02, 0x0f, 0xff, 0xff, 0xfe, 0x00, 0x03, 0x03, 0xff, 0xff, 0xc0, 0xfb, 0x00, 0x02, 0x0f, 0xff, 0xff, 0xfe, 0x00, 0x03,
  0x03, 0xff, 0xff, 0x80, 0xfb, 0x00, 0x02, 0x0f, 0xff, 0xff, 0xfe, 0x00, 0x03, 0x03, 0xff, 0xff, 0x80, 0xfb, 0x00, 0x09, 0x07, 0xff, 0xff, 0x00,
  0x00, 0x07, 0xc3, 0xff, 0xff, 0x80, 0xfb, 0x00, 0x08, 0x07, 0xff, 0xff, 0x03, 0x80, 0x1f, 0xc3, 0xff, 0xff, 0xfa, 0x00, 0x08, 0x03, 0xff, 0xfe,
  0x07, 0xf0, 0x3f, 0xe3, 0xff, 0xfe, 0xfa, 0x00, 0x08, 0x03, 0xff, 0xfe, 0x07, 0xff, 0xff, 0xe1, 0xff, 0xfc, 0xfa, 0x00, 0x08, 0x01, 0xff, 0xf8,
  0x07, 0xff, 0xff, 0xe0, 0x7f, 0xf8, 0xf9, 0x00, 0x07, 0x7f, 0xf0, 0x03, 0xff, 0xff, 0xc0, 0x1f, 0xc0, 0xf7, 0x00, 0x03, 0x01, 0xff, 0xff, 0xc0,
  0xf4, 0x00, 0x01, 0x7f, 0xfa, 0xf3, 0x00, 0x01, 0x1f, 0xc0, 0x81, 0x00, 0x81, 0x00, 0xaa, 0x00, 0x81, 0x00, 0xd7, 0x00, 0x01, 0x0f, 0xc0, 0xf9,
  0x00, 0x01, 0x7f, 0xf0, 0xfd, 0x00, 0x01, 0x7f, 0xfc, 0xfa, 0x00, 0x02, 0x03, 0xff, 0xf8, 0xfe, 0x00, 0x02, 0x01, 0xff, 0xfe, 0xfa, 0x00, 0x02,
  0x07, 0xff, 0xfe, 0xfe, 0x00, 0x02, 0x03, 0xff, 0xff, 0xfa, 0x00, 0x02, 0x07, 0xff, 0xfe, 0xfe, 0x00, 0x03, 0x03, 0xff, 0xff, 0x80, 0xfb, 0x00,
  0x02, 0x0f, 0xff, 0xff, 0xfe, 0x00, 0x03, 0x07, 0xff, 0xff, 0x80, 0xfb, 0x00, 0x02, 0x0f, 0xff, 0xff, 0xfe, 0x00, 0x03, 0x07, 0xff, 0xff, 0x80,
  0xfb, 0x00, 0x02, 0x1f, 0xff, 0xff, 0xfe, 0x00, 0x03, 0x07, 0xff, 0xff, 0xc0, 0xfb, 0x00, 0x02, 0x1f, 0xff, 0xff, 0xfe, 0x00, 0x03, 0x07, 0xff,
  0xff, 0xc0, 0xfb, 0x00, 0x02, 0x1f, 0xff, 0xff, 0xfe, 0x00, 0x03, 0x07, 0xff, 0xff, 0xc0, 0xfb, 0x00, 0x02, 0x1f, 0xff, 0xff, 0xfe, 0x00, 0x03,
  0x07, 0xff, 0xff, 0xc0, 0xfb, 0x00, 0x02, 0x1f, 0xff, 0xff, 0xfe, 0x00, 0x03, 0x07, 0xff, 0xff, 0xc0, 0xfb, 0x00, 0x02, 0x1f, 0xff, 0xff, 0xfe,
  0x00, 0x03, 0x57, 0xff, 0xff, 0xc0, 0xfb, 0x00, 0x05, 0x1f, 0xff, 0xff, 0x00, 0x00, 0x01, 0xfe, 0xff, 0x00, 0xc0, 0xfb, 0x00, 0x09, 0x1f, 0xff,
  0xff, 0x00, 0x00, 0x05, 0xdf, 0xff, 0xff, 0xc0, 0xfb, 0x00, 0x09, 0x1f, 0xff, 0xff, 0x00, 0x00, 0x07, 0xdf, 0xff, 0xff, 0xc0, 0xfb, 0x00, 0x05,
  0x1f, 0xff, 0xff, 0x00, 0x00, 0x07, 0xfe, 0xff, 0x00, 0xc0, 0xfb, 0x00, 0x09, 0x1f, 0xff, 0xff, 0x00, 0x00, 0x07, 0xdf, 0xff, 0xff, 0xc0, 0xfb,
  0x00, 0x09, 0x1f, 0xff, 0xff, 0x00, 0x00, 0x05, 0xdf, 0xff, 0xff, 0xc0, 0xfb, 0x00, 0x02, 0x1f, 0xff, 0xff, 0xfe, 0x00, 0x03, 0x47, 0xff, 0xff,
  0xc0, 0xfb, 0x00, 0x02, 0x1f, 0xff, 0xff, 0xfe, 0x00, 0x03, 0x07, 0xff, 0xff, 0xc0, 0xfb, 0x00, 0x02, 0x0f, 0xff, 0xff, 0xfe, 0x00, 0x03, 0x07,
  0xff, 0xff, 0xc0, 0xfb, 0x00, 0x02, 0x0f, 0xff, 0xff, 0xfe, 0x00, 0x03, 0x07, 0xff, 0xff, 0x80, 0xfb, 0x00, 0x02, 0x0f, 0xff, 0xff, 0xfe, 0x00,
  0x03, 0x03, 0xff, 0xff, 0x80, 0xfb, 0x00, 0x09, 0x07, 0xff, 0xff, 0x00, 0x00, 0x07, 0xc3, 0xff, 0xff, 0x80, 0xfb, 0x00, 0x08, 0x07, 0xff, 0xff,
  0x03, 0x80, 0x1f, 0xc3, 0xff, 0xff, 0xfa, 0x00, 0x08, 0x03, 0xff, 0xfe, 0x07, 0xf0, 0x3f, 0xe3, 0xff, 0xfe, 0xfa, 0x00, 0x08, 0x03, 0xff, 0xfe,
  0x07, 0xff, 0xff, 0xe1, 0xff, 0xfe, 0xfa, 0x00, 0x08, 0x01, 0xff, 0xfc, 0x07, 0xff, 0xff, 0xe0, 0x7f, 0xf8, 0xf9, 0x00, 0x07, 0x7f, 0xf0, 0x03,
  0xff, 0xff, 0xc0, 0x1f, 0xe0, 0xf7, 0x00, 0x03, 0x01, 0xff, 0xff, 0xc0, 0xf4, 0x00, 0x01, 0xff, 0xfb, 0xf3, 0x00, 0x01, 0x3f, 0xc0, 0x81, 0x00,
  0x81, 0x00, 0xaa, 0x00, 0x81, 0x00, 0xd7, 0x00, 0x01, 0x07, 0xc0, 0xf9, 0x00, 0x01, 0x7f, 0xf0, 0xfd, 0x00, 0x01, 0x7f, 0xf8, 0xfa, 0x00, 0x02,
  0x03, 0xff, 0xf8, 0xfe, 0x00, 0x02, 0x01, 0xff, 0xfe, 0xfa, 0x00, 0x02, 0x07, 0xff, 0xfe, 0xfe, 0x00, 0x02, 0x03, 0xff, 0xff, 0xfa, 0x00, 0x02,
  0x07, 0xff, 0xfe, 0xfe, 0x00, 0x03, 0x03, 0xff, 0xff, 0x80, 0xfb, 0x00, 0x02, 0x0f, 0xff, 0xff, 0xfe, 0x00, 0x03, 0x03, 0xff, 0xff, 0x80, 0xfb,
  0x00, 0x02, 0x0f, 0xff, 0xff, 0xfe, 0x00, 0x03, 0x07, 0xff, 0xff, 0x80, 0xfb, 0x00, 0x02, 0x1f, 0xff, 0xff, 0xfe, 0x00, 0x03, 0x07, 0xff, 0xff,
  0xc0, 0xfb, 0x00, 0x02, 0x1f, 0xff, 0xff, 0xfe, 0x00, 0x03, 0x07, 0xff, 0xff, 0xc0, 0xfb, 0x00, 0x02, 0x1f, 0xff, 0xff, 0xfe, 0x00, 0x03, 0x07,
  0xff, 0xff, 0xc0, 0xfb, 0x00, 0x02, 0x1f, 0xff, 0xff, 0xfe, 0x00, 0x03, 0x07, 0xff, 0xff, 0xc0, 0xfb, 0x00, 0x02, 0x1f, 0xff, 0xff, 0xfe, 0x00,
  0x03, 0x07, 0xff, 0xff, 0xc0, 0xfb, 0x00, 0x02, 0x1f, 0xff, 0xff, 0xfe, 0x00, 0x03, 0x57, 0xff, 0xff, 0xc0, 0xfb, 0x00, 0x02, 0x1f, 0xff, 0xff,
  0xfe, 0x00, 0xfe, 0xff, 0x00, 0xc0, 0xfb, 0x00, 0x09, 0x1f, 0xff, 0xff, 0x00, 0x00, 0x05, 0xdf, 0xff, 0xff, 0xc0, 0xfb, 0x00, 0x09, 0x1f, 0xff,
  0xff, 0x00, 0x00, 0x07, 0xdf, 0xff, 0xff, 0xc0, 0xfb, 0x00, 0x05, 0x1f, 0xff, 0xff, 0x00, 0x00, 0x07, 0xfe, 0xff, 0x00, 0xc0, 0xfb, 0x00, 0x05,
  0x1f, 0xff, 0xff, 0x00, 0x00, 0x05, 0xfe, 0xff, 0x00, 0xc0, 0xfb, 0x00, 0x09, 0x1f, 0xff, 0xff, 0x00, 0x00, 0x05, 0xdf, 0xff, 0xff, 0xc0, 0xfb,
  0x00, 0x09, 0x1f, 0xff, 0xff, 0x00, 0x00, 0x01, 0x47, 0xff, 0xff, 0xc0, 0xfb, 0x00, 0x02, 0x0f, 0xff, 0xff, 0xfe, 0x00, 0x03, 0x07, 0xff, 0xff,
  0xc0, 0xfb, 0x00, 0x02, 0x0f, 0xff, 0xff, 0xfe, 0x00, 0x03, 0x07, 0xff, 0xff, 0xc0, 0xfb, 0x00, 0x02, 0x0f, 0xff, 0xff, 0xfe, 0x00, 0x03, 0x03,
  0xff, 0xff, 0x80, 0xfb, 0x00, 0x02, 0x0f, 0xff, 0xff, 0xfe, 0x00, 0x03, 0x03, 0xff, 0xff, 0x80, 0xfb, 0x00, 0x09, 0x07, 0xff, 0xff, 0x00, 0x00,
  0x07, 0xc3, 0xff, 0xff, 0x80, 0xfb, 0x00, 0x08, 0x07, 0xff, 0xff, 0x03, 0x80, 0x1f, 0xc3, 0xff, 0xff, 0xfa, 0x00, 0x08, 0x03, 0xff, 0xfe, 0x07,
  0xf0, 0x3f, 0xe3, 0xff, 0xfe, 0xfa, 0x00, 0x08, 0x03, 0xff, 0xfe, 0x07, 0xff, 0xff, 0xe1, 0xff, 0xfe, 0xfa, 0x00, 0x08, 0x01, 0xff, 0xfc, 0x07,
  0xff, 0xff, 0xe0, 0x7f, 0xf8, 0xf9, 0x00, 0x07, 0x7f, 0xf0, 0x03, 0xff, 0xff, 0xc0, 0x1f, 0xe0, 0xf7, 0x00, 0x03, 0x01, 0xff, 0xff, 0xc0, 0xf4,
  0x00, 0x01, 0xff, 0xf8, 0xf3, 0x00, 0x01, 0x3f, 0xc0, 0x81, 0x00, 0x81, 0x00, 0xaa, 0x00, 0x81, 0x00, 0xd7, 0x00, 0x01, 0x07, 0xc0, 0xf9, 0x00,
  0x01, 0x7f, 0xf0, 0xfd, 0x00, 0x01, 0x7f, 0xf8, 0xfa, 0x00, 0x02, 0x03, 0xff, 0xf8, 0xfe, 0x00, 0x02, 0x01, 0xff, 0xfe, 0xfa, 0x00, 0x02, 0x07,
  0xff, 0xfc, 0xfe, 0x00, 0x02, 0x03, 0xff, 0xff, 0xfa, 0x00, 0x02, 0x07, 0xff, 0xfe, 0xfe, 0x00, 0x03, 0x03, 0xff, 0xff, 0x80, 0xfb, 0x00, 0x02,
  0x0f, 0xff, 0xfe, 0xfe, 0x00, 0x03, 0x03, 0xff, 0xff, 0x80, 0xfb, 0x00, 0x02, 0x0f, 0xff, 0xff, 0xfe, 0x00, 0x03, 0x07, 0xff, 0xff, 0x80, 0xfb,
  0x00, 0x02, 0x1f, 0xff, 0xff, 0xfe, 0x00, 0x03, 0x07, 0xff, 0xff, 0xc0, 0xfb, 0x00, 0x02, 0x1f, 0xff, 0xff, 0xfe, 0x00, 0x03, 0x07, 0xff, 0xff,
  0xc0, 0xfb, 0x00, 0x02, 0x1f, 0xff, 0xff, 0xfe, 0x00, 0x03, 0x07, 0xff, 0xff, 0xc0, 0xfb, 0x00, 0x02, 0x1f, 0xff, 0xff, 0xfe, 0x00, 0x03, 0x07,
  0xff, 0xff, 0xc0, 0xfb, 0x00, 0x02, 0x1f, 0xff, 0xff, 0xfe, 0x00, 0x03, 0x07, 0xff, 0xff, 0xc0, 0xfb, 0x00, 0x02, 0x1f, 0xff, 0xff, 0xfe, 0x00,
  0x03, 0x47, 0xff, 0xff, 0xc0, 0xfb, 0x00, 0x02, 0x1f, 0xff, 0xff, 0xfe, 0x00, 0xfe, 0xff, 0x00, 0xc0, 0xfb, 0x00, 0x09, 0x1f, 0xff, 0xff, 0x00,
  0x00, 0x04, 0xdf, 0xff, 0xff, 0xc0, 0xfb, 0x00, 0x09, 0x1f, 0xff, 0xff, 0x00, 0x00, 0x07, 0xdf, 0xff, 0xff, 0xc0, 0xfb, 0x00, 0x09, 0x1f, 0xff,
  0xff, 0x00, 0x00, 0x07, 0x7f, 0xff, 0xff, 0xc0, 0xfb, 0x00, 0x09, 0x1f, 0xff, 0xff, 0x00, 0x00, 0x05, 0x7f, 0xff, 0xff, 0xc0, 0xfb, 0x00, 0x09,
  0x1f, 0xff, 0xff, 0x00, 0x00, 0x05, 0xdf, 0xff, 0xff, 0xc0, 0xfb, 0x00, 0x09, 0x1f, 0xff, 0xff, 0x00, 0x00, 0x01, 0x47, 0xff, 0xff, 0xc0, 0xfb,
  0x00, 0x02, 0x0f, 0xff, 0xff, 0xfe, 0x00, 0x03, 0x07, 0xff, 0xff, 0xc0, 0xfb, 0x00, 0x02, 0x0f, 0xff, 0xff, 0xfe, 0x00, 0x03, 0x07, 0xff, 0xff,
  0xc0, 0xfb, 0x00, 0x02, 0x0f, 0xff, 0xff, 0xfe, 0x00, 0x03, 0x03, 0xff, 0xff, 0x80, 0xfb, 0x00, 0x02, 0x0f, 0xff, 0xff, 0xfe, 0x00, 0x03, 0x03,
  0xff, 0xff, 0x80, 0xfb, 0x00, 0x09, 0x07, 0xff, 0xff, 0x00, 0x00, 0x07, 0x43, 0xff, 0xff, 0x80, 0xfb, 0x00, 0x08, 0x07, 0xff, 0xff, 0x03, 0x80,
  0x1f, 0xc3, 0xff, 0xff, 0xfa, 0x00, 0x08, 0x03, 0xff, 0xfe, 0x07, 0xf0, 0x3f, 0xc3, 0xff, 0xfe, 0xfa, 0x00, 0x08, 0x03, 0xff, 0xfe, 0x07, 0xff,
  0xff, 0xe1, 0xff, 0xfe, 0xfa, 0x00, 0x08, 0x01, 0xff, 0xfc, 0x07, 0xff, 0xff, 0xe0, 0xff, 0xf8, 0xf9, 0x00, 0x07, 0x7f, 0xf0, 0x03, 0xff, 0xff,
  0xe0, 0x1f, 0xe0, 0xf7, 0x00, 0x03, 0x01, 0xff, 0xff, 0xc0, 0xf4, 0x00, 0x01, 0xff, 0xfe, 0xf3, 0x00, 0x01, 0x3f, 0xe0, 0x81, 0x00, 0x81, 0x00,
  0xaa, 0x00, 0x81, 0x00, 0xd7, 0x00, 0x00, 0x03, 0xf8, 0x00, 0x01, 0x7f, 0xf0, 0xfd, 0x00, 0x01, 0x7f, 0xfc, 0xfa, 0x00, 0x02, 0x03, 0xff, 0xf8,
  0xfe, 0x00, 0x02, 0x01, 0xff, 0xfe, 0xfa, 0x00, 0x02, 0x07, 0xff, 0xfe, 0xfe, 0x00, 0x02, 0x03, 0xff, 0xff, 0xfa, 0x00, 0x02, 0x07, 0xff, 0xfe,
  0xfe, 0x00, 0x03, 0x03, 0xff, 0xff, 0x80, 0xfb, 0x00, 0x02, 0x0f, 0xff, 0xff, 0xfe, 0x00, 0x03, 0x07, 0xff, 0xff, 0x80, 0xfb, 0x00, 0x02, 0x0f,
  0xff, 0xff, 0xfe, 0x00, 0x03, 0x07, 0xff, 0xff, 0x80, 0xfb, 0x00, 0x02, 0x1f, 0xff, 0xff, 0xfe, 0x00, 0x03, 0x07, 0xff, 0xff, 0xc0, 0xfb, 0x00,
  0x02, 0x1f, 0xff, 0xff, 0xfe, 0x00, 0x03, 0x07, 0xff, 0xff, 0xc0, 0xfb, 0x00, 0x02, 0x1f, 0xff, 0xff, 0xfe, 0x00, 0x03, 0x07, 0xff, 0xff, 0xc0,
  0xfb, 0x00, 0x02, 0x1f, 0xff, 0xff, 0xfe, 0x00, 0x03, 0x07, 0xff, 0xff, 0xc0, 0xfb, 0x00, 0x02, 0x1f, 0xff, 0xff, 0xfe, 0x00, 0x03, 0x07, 0xff,
  0xff, 0xc0, 0xfb, 0x00, 0x02, 0x1f, 0xff, 0xff, 0xfe, 0x00, 0x03, 0x47, 0xff, 0xff, 0xc0, 0xfb, 0x00, 0x02, 0x1f, 0xff, 0xff, 0xfe, 0x00, 0x03,
  0xf7, 0xff, 0xff, 0xc0, 0xfb, 0x00, 0x09, 0x1f, 0xff, 0xff, 0x00, 0x00, 0x01, 0x5f, 0xff, 0xff, 0xc0, 0xfb, 0x00, 0x09, 0x1f, 0xff, 0xff, 0x00,
  0x00, 0x01, 0x5f, 0xff, 0xff, 0xc0, 0xfb, 0x00, 0x09, 0x1f, 0xff, 0xff, 0x00, 0x00, 0x07, 0x7f, 0xff, 0xff, 0xc0, 0xfb, 0x00, 0x09, 0x1f, 0xff,
  0xff, 0x00, 0x00, 0x05, 0x5f, 0xff, 0xff, 0xc0, 0xfb, 0x00, 0x09, 0x1f, 0xff, 0xff, 0x00, 0x00, 0x05, 0xdf, 0xff, 0xff, 0xc0, 0xfb, 0x00, 0x09,
  0x1f, 0xff, 0xff, 0x00, 0x00, 0x01, 0x47, 0xff, 0xff, 0xc0, 0xfb, 0x00, 0x02, 0x0f, 0xff, 0xff, 0xfe, 0x00, 0x03, 0x07, 0xff, 0xff, 0xc0, 0xfb,
  0x00, 0x02, 0x0f, 0xff, 0xff, 0xfe, 0x00, 0x03, 0x03, 0xff, 0xff, 0xc0, 0xfb, 0x00, 0x02, 0x0f, 0xff, 0xff, 0xfe, 0x00, 0x03, 0x03, 0xff, 0xff,
  0x80, 0xfb, 0x00, 0x02, 0x0f, 0xff, 0xff, 0xfe, 0x00, 0x03, 0x03, 0xff, 0xff, 0x80, 0xfb, 0x00, 0x09, 0x07, 0xff, 0xff, 0x00, 0x00, 0x07, 0x43,
  0xff, 0xff, 0x80, 0xfb, 0x00, 0x08, 0x07, 0xff, 0xff, 0x03, 0x80, 0x1f, 0x03, 0xff, 0xff, 0xfa, 0x00, 0x08, 0x03, 0xff, 0xfe, 0x07, 0xf0, 0x3f,
  0xc3, 0xff, 0xfe, 0xfa, 0x00, 0x08, 0x03, 0xff, 0xfe, 0x07, 0xff, 0xff, 0xc1, 0xff, 0xfe, 0xfa, 0x00, 0x08, 0x01, 0xff, 0xfc, 0x07, 0xff, 0xff,
  0xe0, 0x7f, 0xf8, 0xf9, 0x00, 0x07, 0x7f, 0xf0, 0x03, 0xff, 0xff, 0xe0, 0x1f, 0xe0, 0xf7, 0x00, 0x03, 0x01, 0xff, 0xff, 0xc0, 0xf4, 0x00, 0x01,
  0xff, 0xf8, 0xf3, 0x00, 0x01, 0x3f, 0xe0, 0x81, 0x00, 0x81, 0x00, 0xaa, 0x00, 0x81, 0x00, 0xd7, 0x00, 0x00, 0x03, 0xf8, 0x00, 0x01, 0x7f, 0xf0,
  0xfd, 0x00, 0x01, 0x7f, 0xfc, 0xfa, 0x00, 0x02, 0x03, 0xff, 0xf8, 0xfe, 0x00, 0x02, 0x01, 0xff, 0xfe, 0xfa, 0x00, 0x02, 0x07, 0xff, 0xfe, 0xfe,
  0x00, 0x02, 0x03, 0xff, 0xff, 0xfa, 0x00, 0x02, 0x07, 0xff, 0xfe, 0xfe, 0x00, 0x03, 0x03, 0xff, 0xff, 0x80, 0xfb, 0x00, 0x02, 0x0f, 0xff, 0xff,
  0xfe, 0x00, 0x03, 0x07, 0xff, 0xff, 0x80, 0xfb, 0x00, 0x02, 0x0f, 0xff, 0xff, 0xfe, 0x00, 0x03, 0x07, 0xff, 0xff, 0x80, 0xfb, 0x00, 0x02, 0x0f,
  0xff, 0xff, 0xfe, 0x00, 0x03, 0x07, 0xff, 0xff, 0xc0, 0xfb, 0x00, 0x02, 0x1f, 0xff, 0xff, 0xfe, 0x00, 0x03, 0x07, 0xff, 0xff, 0xc0, 0xfb, 0x00,
  0x02, 0x1f, 0xff, 0xff, 0xfe, 0x00, 0x03, 0x07, 0xff, 0xff, 0xc0, 0xfb, 0x00, 0x02, 0x1f, 0xff, 0xff, 0xfe, 0x00, 0x03, 0x07, 0xff, 0xff, 0xc0,
  0xfb, 0x00, 0x02, 0x1f, 0xff, 0xff, 0xfe, 0x00, 0x03, 0x07, 0xff, 0xff, 0xc0, 0xfb, 0x00, 0x02, 0x1f, 0xff, 0xff, 0xfe, 0x00, 0x03, 0x47, 0xff,
  0xff, 0xc0, 0xfb, 0x00, 0x02, 0x1f, 0xff, 0xff, 0xfe, 0x00, 0x03, 0x7f, 0xff, 0xff, 0xc0, 0xfb, 0x00, 0x09, 0x1f, 0xff, 0xff, 0x00, 0x00, 0x01,
  0x5f, 0xff, 0xff, 0xc0, 0xfb, 0x00, 0x09, 0x1f, 0xff, 0xff, 0x00, 0x00, 0x01, 0x5f, 0xff, 0xff, 0xc0, 0xfb, 0x00, 0x09, 0x1f, 0xff, 0xff, 0x00,
  0x00, 0x05, 0x4f, 0xff, 0xff, 0xc0, 0xfb, 0x00, 0x09, 0x1f, 0xff, 0xff, 0x00, 0x00, 0x05, 0x4f, 0xff, 0xff, 0xc0, 0xfb, 0x00, 0x09, 0x1f, 0xff,
  0xff, 0x00, 0x00, 0x05, 0xd7, 0xff, 0xff, 0xc0, 0xfb, 0x00, 0x09, 0x1f, 0xff, 0xff, 0x00, 0x00, 0x01, 0xc7, 0xff, 0xff, 0xc0, 0xfb, 0x00, 0x02,
  0x0f, 0xff, 0xff, 0xfe, 0x00, 0x03, 0x07, 0xff, 0xff, 0xc0, 0xfb, 0x00, 0x02, 0x0f, 0xff, 0xff, 0xfe, 0x00, 0x03, 0x07, 0xff, 0xff, 0xc0, 0xfb,
  0x00, 0x02, 0x0f, 0xff, 0xff, 0xfe, 0x00, 0x03, 0x03, 0xff, 0xff, 0x80, 0xfb, 0x00, 0x02, 0x0f, 0xff, 0xff, 0xfe, 0x00, 0x03, 0x03, 0xff, 0xff,
  0x80, 0xfb, 0x00, 0x09, 0x07, 0xff, 0xff, 0x00, 0x00, 0x06, 0x03, 0xff, 0xff, 0x80, 0xfb, 0x00, 0x08, 0x07, 0xff, 0xff, 0x03, 0x80, 0x1f, 0x03,
  0xff, 0xff, 0xfa, 0x00, 0x08, 0x03, 0xff, 0xfe, 0x07, 0xf0, 0x3f, 0xc3, 0xff, 0xfe, 0xfa, 0x00, 0x08, 0x03, 0xff, 0xfe, 0x07, 0xff, 0xff, 0xc1,
  0xff, 0xfe, 0xfa, 0x00, 0x08, 0x01, 0xff, 0xfc, 0x07, 0xff, 0xff, 0xc0, 0x7f, 0xf8, 0xf9, 0x00, 0x07, 0x7f, 0xf0, 0x03, 0xff, 0xff, 0xc0, 0x1f,
  0xe0, 0xf7, 0x00, 0x03, 0x01, 0xff, 0xff, 0x40, 0xf4, 0x00, 0x01, 0xff, 0xf8, 0xf3, 0x00, 0x01, 0x3f, 0xe0, 0x81, 0x00, 0x81, 0x00, 0xaa, 0x00,
  0x81, 0x00, 0xd7, 0x00, 0x00, 0x03, 0xf8, 0x00, 0x01, 0x7f, 0xf0, 0xfd, 0x00, 0x01, 0x7f, 0xfc, 0xfa, 0x00, 0x02, 0x03, 0xff, 0xf8, 0xfe, 0x00,
  0x02, 0x01, 0xff, 0xfe, 0xfa, 0x00, 0x02, 0x07, 0xff, 0xfe, 0xfe, 0x00, 0x02, 0x03, 0xff, 0xff, 0xfa, 0x00, 0x02, 0x07, 0xff, 0xfe, 0xfe, 0x00,
  0x03, 0x03, 0xff, 0xff, 0x80, 0xfb, 0x00, 0x02, 0x0f, 0xff, 0xff, 0xfe, 0x00, 0x03, 0x07, 0xff, 0xff, 0x80, 0xfb, 0x00, 0x02, 0x0f, 0xff, 0xff,
  0xfe, 0x00, 0x03, 0x07, 0xff, 0xff, 0x80, 0xfb, 0x00, 0x02, 0x1f, 0xff, 0xff, 0xfe, 0x00, 0x03, 0x07, 0xff, 0xff, 0xc0, 0xfb, 0x00, 0x02, 0x1f,
  0xff, 0xff, 0xfe, 0x00, 0x03, 0x07, 0xff, 0xff, 0xc0, 0xfb, 0x00, 0x02, 0x1f, 0xff, 0xff, 0xfe, 0x00, 0x03, 0x07, 0xff, 0xff, 0xc0, 0xfb, 0x00,
  0x02, 0x1f, 0xff, 0xff, 0xfe, 0x00, 0x03, 0x07, 0xff, 0xff, 0xc0, 0xfb, 0x00, 0x02, 0x1f, 0xff, 0xff, 0xfe, 0x00, 0x03, 0x07, 0xff, 0xff, 0xc0,
  0xfb, 0x00, 0x02, 0x1f, 0xff, 0xff, 0xfe, 0x00, 0x03, 0x47, 0xff, 0xff, 0xc0, 0xfb, 0x00, 0x02, 0x1f, 0xff, 0xff, 0xfe, 0x00, 0x03, 0x47, 0xff,
  0xff, 0xc0, 0xfb, 0x00, 0x09, 0x1f, 0xff, 0xff, 0x00, 0x00, 0x01, 0x57, 0xff, 0xff, 0xc0, 0xfb, 0x00, 0x02, 0x1f, 0xff, 0xff, 0xfe, 0x00, 0x03,
  0x47, 0xff, 0xff, 0xc0, 0xfb, 0x00, 0x09, 0x1f, 0xff, 0xff, 0x00, 0x00, 0x04, 0x47, 0xff, 0xff, 0xc0, 0xfb, 0x00, 0x09, 0x1f, 0xff, 0xff, 0x00,
  0x00, 0x04, 0x4f, 0xff, 0xff, 0xc0, 0xfb, 0x00, 0x09, 0x1f, 0xff, 0xff, 0x00, 0x00, 0x05, 0x53, 0xff, 0xff, 0xc0, 0xfb, 0x00, 0x09, 0x1f, 0xff,
  0xff, 0x00, 0x00, 0x01, 0x47, 0xff, 0xff, 0xc0, 0xfb, 0x00, 0x02, 0x0f, 0xff, 0xff, 0xfe, 0x00, 0x03, 0x03, 0xff, 0xff, 0xc0, 0xfb, 0x00, 0x02,
  0x0f, 0xff, 0xff, 0xfe, 0x00, 0x03, 0x03, 0xff, 0xff, 0xc0, 0xfb, 0x00, 0x02, 0x0f, 0xff, 0xff, 0xfe, 0x00, 0x03, 0x03, 0xff, 0xff, 0x80, 0xfb,
  0x00, 0x02, 0x0f, 0xff, 0xff, 0xfe, 0x00, 0x03, 0x03, 0xff, 0xff, 0x80, 0xfb, 0x00, 0x09, 0x07, 0xff, 0xff, 0x00, 0x00, 0x06, 0x03, 0xff, 0xff,
  0x80, 0xfb, 0x00, 0x08, 0x07, 0xff, 0xff, 0x03, 0x80, 0x0f, 0x03, 0xff, 0xff, 0xfa, 0x00, 0x08, 0x03, 0xff, 0xfe, 0x07, 0xf0, 0x3f, 0xc3, 0xff,
  0xfe, 0xfa, 0x00, 0x08, 0x03, 0xff, 0xfe, 0x07, 0xff, 0xff, 0xc1, 0xff, 0xfe, 0xfa, 0x00, 0x08, 0x01, 0xff, 0xfc, 0x07, 0xff, 0xff, 0xc0, 0x7f,
  0xf8, 0xf9, 0x00, 0x07, 0x7f, 0xf0, 0x03, 0xff, 0xff, 0x80, 0x1f, 0xe0, 0xf7, 0x00, 0x02, 0x01, 0xff, 0xff, 0xf3, 0x00, 0x01, 0xff, 0xf8, 0xf3,
  0x00, 0x01, 0x3f, 0xe0, 0x81, 0x00, 0x81, 0x00, 0xaa, 0x00, 0x81, 0x00, 0xd7, 0x00, 0x00, 0x03, 0xf8, 0x00, 0x01, 0x7f, 0xf0, 0xfd, 0x00, 0x01,
  0x7f, 0xfc, 0xfa, 0x00, 0x02, 0x03, 0xff, 0xf8, 0xfe, 0x00, 0x02, 0x01, 0xff, 0xfe, 0xfa, 0x00, 0x02, 0x07, 0xff, 0xfe, 0xfe, 0x00, 0x02, 0x03,
  0xff, 0xff, 0xfa, 0x00, 0x02, 0x07, 0xff, 0xfe, 0xfe, 0x00, 0x03, 0x03, 0xff, 0xff, 0x80, 0xfb, 0x00, 0x02, 0x0f, 0xff, 0xff, 0xfe, 0x00, 0x03,
  0x07, 0xff, 0xff, 0x80, 0xfb, 0x00, 0x02, 0x0f, 0xff, 0xff, 0xfe, 0x00, 0x03, 0x07, 0xff, 0xff, 0x80, 0xfb, 0x00, 0x02, 0x1f, 0xff, 0xff, 0xfe,
  0x00, 0x03, 0x07, 0xff, 0xff, 0xc0, 0xfb, 0x00, 0x02, 0x1f, 0xff, 0xff, 0xfe, 0x00, 0x03, 0x07, 0xff, 0xff, 0xc0, 0xfb, 0x00, 0x02, 0x1f, 0xff,
  0xff, 0xfe, 0x00, 0x03, 0x07, 0xff, 0xff, 0xc0, 0xfb, 0x00, 0x02, 0x1f, 0xff, 0xff, 0xfe, 0x00, 0x03, 0x07, 0xff, 0xff, 0xc0, 0xfb, 0x00, 0x02,
  0x1f, 0xff, 0xff, 0xfe, 0x00, 0x03, 0x07, 0xff, 0xff, 0xc0, 0xfb, 0x00, 0x02, 0x1f, 0xff, 0xff, 0xfe, 0x00, 0x03, 0x47, 0xff, 0xff, 0xc0, 0xfb,
  0x00, 0x02, 0x1f, 0xff, 0xff, 0xfe, 0x00, 0x03, 0x47, 0xff, 0xff, 0xc0, 0xfb, 0x00, 0x09, 0x1f, 0xff, 0xff, 0x00, 0x00, 0x01, 0x57, 0xff, 0xff,
  0xc0, 0xfb, 0x00, 0x02, 0x1f, 0xff, 0xff, 0xfe, 0x00, 0x03, 0x47, 0xff, 0xff, 0xc0, 0xfb, 0x00, 0x09, 0x1f, 0xff, 0xff, 0x00, 0x00, 0x04, 0x47,
  0xff, 0xff, 0xc0, 0xfb, 0x00, 0x09, 0x1f, 0xff, 0xff, 0x00, 0x00, 0x04, 0x4f, 0xff, 0xff, 0xc0, 0xfb, 0x00, 0x09, 0x1f, 0xff, 0xff, 0x00, 0x00,
  0x01, 0x17, 0xff, 0xff, 0xc0, 0xfb, 0x00, 0x02, 0x1f, 0xff, 0xff, 0xfe, 0x00, 0x03, 0x07, 0xff, 0xff, 0xc0, 0xfb, 0x00, 0x02, 0x0f, 0xff, 0xff,
  0xfe, 0x00, 0x03, 0x07, 0xff, 0xff, 0xc0, 0xfb, 0x00, 0x02, 0x0f, 0xff, 0xff, 0xfe, 0x00, 0x03, 0x07, 0xff, 0xff, 0xc0, 0xfb, 0x00, 0x02, 0x0f,
  0xff, 0xff, 0xfe, 0x00, 0x03, 0x03, 0xff, 0xff, 0x80, 0xfb, 0x00, 0x02, 0x0f, 0xff, 0xff, 0xfe, 0x00, 0x03, 0x03, 0xff, 0xff, 0x80, 0xfb, 0x00,
  0x09, 0x07, 0xff, 0xff, 0x00, 0x00, 0x04, 0x03, 0xff, 0xff, 0x80, 0xfb, 0x00, 0x08, 0x07, 0xff, 0xff, 0x03, 0x80, 0x0e, 0x03, 0xff, 0xff, 0xfa,
  0x00, 0x08, 0x03, 0xff, 0xfe, 0x07, 0xf0, 0x3f, 0x03, 0xff, 0xfe, 0xfa, 0x00, 0x08, 0x03, 0xff, 0xfe, 0x07, 0xff, 0xff, 0x81, 0xff, 0xfe, 0xfa,
  0x00, 0x08, 0x01, 0xff, 0xfc, 0x07, 0xff, 0xff, 0x40, 0x7f, 0xf8, 0xf9, 0x00, 0x07, 0x7f, 0xf0, 0x03, 0xff, 0xff, 0x00, 0x1f, 0xe0, 0xf7, 0x00,
  0x02, 0x01, 0xff, 0xff, 0xf3, 0x00, 0x01, 0xff, 0xf8, 0xf3, 0x00, 0x01, 0x3f, 0xc0, 0x81, 0x00, 0x81, 0x00, 0xaa, 0x00, 0x81, 0x00, 0xd7, 0x00,
  0x01, 0x0f, 0xc0, 0xf9, 0x00, 0x01, 0x7f, 0xf0, 0xfd, 0x00, 0x01, 0x7f, 0xfc, 0xfa, 0x00, 0x02, 0x03, 0xff, 0xfc, 0xfe, 0x00, 0x02, 0x01, 0xff,
  0xfe, 0xfa, 0x00, 0x02, 0x07, 0xff, 0xfe, 0xfe, 0x00, 0x02, 0x03, 0xff, 0xff, 0xfa, 0x00, 0x02, 0x07, 0xff, 0xfe, 0xfe, 0x00, 0x03, 0x03, 0xff,
  0xff, 0x80, 0xfb, 0x00, 0x02, 0x0f, 0xff, 0xff, 0xfe, 0x00, 0x03, 0x07, 0xff, 0xff, 0x80, 0xfb, 0x00, 0x02, 0x0f, 0xff, 0xff, 0xfe, 0x00, 0x03,
  0x07, 0xff, 0xff, 0x80, 0xfb, 0x00, 0x02, 0x1f, 0xff, 0xff, 0xfe, 0x00, 0x03, 0x07, 0xff, 0xff, 0xc0, 0xfb, 0x00, 0x02, 0x1f, 0xff, 0xff, 0xfe,
  0x00, 0x03, 0x07, 0xff, 0xff, 0xc0, 0xfb, 0x00, 0x02, 0x1f, 0xff, 0xff, 0xfe, 0x00, 0x03, 0x07, 0xff, 0xff, 0xc0, 0xfb, 0x00, 0x02, 0x1f, 0xff,
  0xff, 0xfe, 0x00, 0x03, 0x07, 0xff, 0xff, 0xc0, 0xfb, 0x00, 0x02, 0x1f, 0xff, 0xff, 0xfe, 0x00, 0x03, 0x07, 0xff, 0xff, 0xc0, 0xfb, 0x00, 0x02,
  0x1f, 0xff, 0xff, 0xfe, 0x00, 0x03, 0x47, 0xff, 0xff, 0xc0, 0xfb, 0x00, 0x02, 0x1f, 0xff, 0xff, 0xfe, 0x00, 0x03, 0x07, 0xff, 0xff, 0xc0, 0xfb,
  0x00, 0x02, 0x1f, 0xff, 0xff, 0xfe, 0x00, 0x03, 0x07, 0xff, 0xff, 0xc0, 0xfb, 0x00, 0x02, 0x1f, 0xff, 0xff, 0xfe, 0x00, 0x03, 0x07, 0xff, 0xff,
  0xc0, 0xfb, 0x00, 0x02, 0x1f, 0xff, 0xff, 0xfe, 0x00, 0x03, 0x47, 0xff, 0xff, 0xc0, 0xfb, 0x00, 0x02, 0x1f, 0xff, 0xff, 0xfe, 0x00, 0x03, 0x07,
  0xff, 0xff, 0xc0, 0xfb, 0x00, 0x02, 0x1f, 0xff, 0xff, 0xfe, 0x00, 0x03, 0x03, 0xff, 0xff, 0xc0, 0xfb, 0x00, 0x02, 0x1f, 0xff, 0xff, 0xfe, 0x00,
  0x03, 0x03, 0xff, 0xff, 0xc0, 0xfb, 0x00, 0x02, 0x0f, 0xff, 0xff, 0xfe, 0x00, 0x03, 0x03, 0xff, 0xff, 0xc0, 0xfb, 0x00, 0x02, 0x0f, 0xff, 0xff,
  0xfe, 0x00, 0x03, 0x03, 0xff, 0xff, 0xc0, 0xfb, 0x00, 0x02, 0x0f, 0xff, 0xff, 0xfe, 0x00, 0x03, 0x03, 0xff, 0xff, 0x80, 0xfb, 0x00, 0x02, 0x0f,
  0xff, 0xff, 0xfe, 0x00, 0x03, 0x03, 0xff, 0xff, 0x80, 0xfb, 0x00, 0x09, 0x07, 0xff, 0xff, 0x00, 0x00, 0x04, 0x03, 0xff, 0xff, 0x80, 0xfb, 0x00,
  0x08, 0x07, 0xff, 0xff, 0x03, 0x80, 0x0e, 0x03, 0xff, 0xff, 0xfa, 0x00, 0x08, 0x03, 0xff, 0xfe, 0x07, 0xf0, 0x3f, 0x03, 0xff, 0xfe, 0xfa, 0x00,
  0x08, 0x03, 0xff, 0xfe, 0x07, 0xff, 0xff, 0x81, 0xff, 0xfe, 0xfa, 0x00, 0x08, 0x01, 0xff, 0xfc, 0x07, 0xff, 0xff, 0x40, 0x7f, 0xf8, 0xf9, 0x00,
  0x07, 0x7f, 0xf0, 0x03, 0xff, 0xff, 0x00, 0x1f, 0xe0, 0xf7, 0x00, 0x02, 0x01, 0xff, 0xfd, 0xf3, 0x00, 0x01, 0x7f, 0xf8, 0xf3, 0x00, 0x01, 0x1f,
  0xc0, 0x81, 0x00, 0x81, 0x00, 0xaa, 0x00,
};
