// love.gif: 75 frames, 15 fps, 128x64 1-bit
// Each frame: 1024 bytes (16 per row, MSB = left pixel), PackBits-compressed.
#pragma once

#define ANIM_LOVE_FRAMES 75
#define ANIM_LOVE_FPS 15

const uint8_t anim_love[] PROGMEM = {
  0x81, 0x00, 0x81, 0x00, 0x81, 0x00, 0xe7, 0x00, 0x00, 0x0e, 0xf8, 0x00, 0x01, 0x1f, 0xff, 0xfe, 0x00, 0x02, 0x0f, 0xff, 0xf8, 0xfa, 0x00, 0x09,
  0x01, 0xff, 0xff, 0xc0, 0x00, 0x00, 0x1f, 0xff, 0xff, 0x80, 0xfb, 0x00, 0x09, 0x1f, 0xff, 0xff, 0xe0, 0x00, 0x00, 0x3f, 0xff, 0xff, 0xe0, 0xfb,
  0x00, 0x09, 0x7f, 0xff, 0xff, 0xe0, 0x00, 0x00, 0x3f, 0xff, 0xff, 0xf8, 0xfb, 0x00, 0xfe, 0xff, 0x06, 0xe0, 0x00, 0x00, 0x3f, 0xff, 0xff, 0xf8,
  0xfb, 0x00, 0xfe, 0xff, 0x06, 0xe0, 0x00, 0x00, 0x3f, 0xff, 0xff, 0xfc, 0xfb, 0x00, 0xfe, 0xff, 0x06, 0xe0, 0x00, 0x00, 0x1f, 0xff, 0xff, 0xfc,
  0xfb, 0x00, 0xfe, 0xff, 0x06, 0x80, 0x00, 0x00, 0x03, 0xff, 0xff, 0xfc, 0xfb, 0x00, 0xfe, 0xff, 0x06, 0x00, 0x1f, 0xe0, 0x03, 0xff, 0xff, 0xf8,
  0xfb, 0x00, 0x09, 0xff, 0xff, 0xfe, 0x00, 0xff, 0xfc, 0x03, 0xff, 0xff, 0xf0, 0xfb, 0x00, 0x09, 0x1f, 0xff, 0xfe, 0x03, 0xff, 0xfe, 0x07, 0xff,
  0xff, 0x80, 0xfb, 0x00, 0x09, 0x1f, 0xff, 0xfe, 0x07, 0xff, 0xff, 0x07, 0xff, 0xff, 0x80, 0xfb, 0x00, 0x09, 0x3f, 0xff, 0xfe, 0x0f, 0xff, 0xff,
  0x87, 0xff, 0xff, 0x80, 0xfb, 0x00, 0x09, 0x3f, 0xff, 0xfe, 0x0f, 0xff, 0xff, 0x87, 0xff, 0xff, 0x80, 0xfb, 0x00, 0x09, 0x3f, 0xff, 0xfc, 0x0f,
  0xf8, 0x7f, 0xc7, 0xff, 0xff, 0x80, 0xfb, 0x00, 0x09, 0x3f, 0xff, 0xfe, 0x0f, 0xc0, 0x1f, 0x87, 0xff, 0xff, 0xc0, 0xfb, 0x00, 0x09, 0x3f, 0xff,
  0xfe, 0x07, 0x00, 0x07, 0x87, 0xff, 0xff, 0xc0, 0xfb, 0x00, 0x02, 0x1f, 0xff, 0xfe, 0xfe, 0x00, 0x03, 0x03, 0xff, 0xff, 0xc0, 0xfb, 0x00, 0x02,
  0x1f, 0xff, 0xfe, 0xfe, 0x00, 0x03, 0x03, 0xff, 0xff, 0xc0, 0xfb, 0x00, 0x02, 0x1f, 0xff, 0xfe, 0xfe, 0x00, 0x03, 0x01, 0xff, 0xff, 0xc0, 0xfb,
  0x00, 0x02, 0x0f, 0xff, 0xff, 0xfe, 0x00, 0x03, 0x01, 0xff, 0xff, 0xe0, 0xfb, 0x00, 0x02, 0x0f, 0xff, 0xff, 0xfe, 0x00, 0x03, 0x01, 0xff, 0xff,
  0xe0, 0xfb, 0x00, 0x09, 0x07, 0xff, 0xff, 0x80, 0x00, 0x00, 0x01, 0xff, 0xff, 0xe0, 0xfb, 0x00, 0x02, 0x07, 0xff, 0xff, 0xfe, 0x00, 0x03, 0x01,
  0xff, 0xff, 0xe0, 0xfb, 0x00, 0x02, 0x07, 0xff, 0xff, 0xfe, 0x00, 0x03, 0x01, 0xff, 0xff, 0xe0, 0xfb, 0x00, 0x02, 0x07, 0xff, 0xff, 0xfe, 0x00,
  0x03, 0x01, 0xff, 0xff, 0xe0, 0xfb, 0x00, 0x02, 0x07, 0xff, 0xff, 0xfe, 0x00, 0x03, 0x01, 0xff, 0xff, 0xc0, 0xfb, 0x00, 0x02, 0x07, 0xff, 0xff,
  0xfe, 0x00, 0x03, 0x01, 0xff, 0xff, 0xc0, 0xfb, 0x00, 0x02, 0x0f, 0xff, 0xfe, 0xfe, 0x00, 0x03, 0x03, 0xff, 0xff, 0xc0, 0xfb, 0x00, 0x02, 0x0f,
  0xff, 0xfe, 0xfe, 0x00, 0x03, 0x03, 0xff, 0xff, 0x80, 0xfb, 0x00, 0x02, 0x0f, 0xff, 0xfe, 0xfe, 0x00, 0x03, 0x03, 0xff, 0xff, 0x80, 0xfb, 0x00,
  0x02, 0x0f, 0xff, 0xfc, 0x97, 0x00, 0x81, 0x00, 0x81, 0x00, 0x81, 0x00, 0xe7, 0x00, 0x00, 0x0c, 0xf8, 0x00, 0x07, 0x3f, 0xff, 0x80, 0x00, 0x00,
  0x0f, 0xff, 0xf8, 0xfa, 0x00, 0x09, 0x03, 0xff, 0xff, 0xc0, 0x00, 0x00, 0x1f, 0xff, 0xff, 0x80, 0xfb, 0x00, 0x09, 0x1f, 0xff, 0xff, 0xe0, 0x00,
  0x00, 0x3f, 0xff, 0xff, 0xe0, 0xfb, 0x00, 0x09, 0x7f, 0xff, 0xff, 0xe0, 0x00, 0x00, 0x3f, 0xff, 0xff, 0xf8, 0xfb, 0x00, 0xfe, 0xff, 0x06, 0xe0,
  0x00, 0x00, 0x3f, 0xff, 0xff, 0xf8, 0xfb, 0x00, 0xfe, 0xff, 0x06, 0xe0, 0x00, 0x00, 0x3f, 0xff, 0xff, 0xfc, 0xfb, 0x00, 0xfe, 0xff, 0x06, 0xe0,
  0x00, 0x00, 0x1f, 0xff, 0xff, 0xfc, 0xfb, 0x00, 0xfe, 0xff, 0x06, 0x80, 0x00, 0x00, 0x01, 0xff, 0xff, 0xf8, 0xfb, 0x00, 0xfe, 0xff, 0x06, 0x00,
  0x1f, 0xe0, 0x01, 0xff, 0xff, 0xf8, 0xfb, 0x00, 0xfe, 0xff, 0x06, 0x00, 0xff, 0xfc, 0x01, 0xff, 0xff, 0xf0, 0xfb, 0x00, 0x09, 0x0f, 0xff, 0xff,
  0x03, 0xff, 0xfe, 0x03, 0xff, 0xff, 0xc0, 0xfb, 0x00, 0x09, 0x0f, 0xff, 0xfe, 0x07, 0xff, 0xff, 0x03, 0xff, 0xff, 0xc0, 0xfb, 0x00, 0x09, 0x0f,
  0xff, 0xfe, 0x0f, 0xff, 0xff, 0x83, 0xff, 0xff, 0x80, 0xfb, 0x00, 0x09, 0x1f, 0xff, 0xfe, 0x0f, 0xff, 0xff, 0x87, 0xff, 0xff, 0x80, 0xfb, 0x00,
  0x09, 0x1f, 0xff, 0xfe, 0x0f, 0xf8, 0x7f, 0xc7, 0xff, 0xff, 0x80, 0xfb, 0x00, 0x09, 0x3f, 0xff, 0xfe, 0x0f, 0xc0, 0x1f, 0x87, 0xff, 0xff, 0x80,
  0xfb, 0x00, 0x09, 0x3f, 0xff, 0xfe, 0x07, 0x00, 0x07, 0x87, 0xff, 0xff, 0x80, 0xfb, 0x00, 0x02, 0x3f, 0xff, 0xfc, 0xfe, 0x00, 0x03, 0x07, 0xff,
  0xff, 0x80, 0xfb, 0x00, 0x02, 0x3f, 0xff, 0xfc, 0xfe, 0x00, 0x03, 0x03, 0xff, 0xff, 0xc0, 0xfb, 0x00, 0x02, 0x1f, 0xff, 0xfe, 0xfe, 0x00, 0x03,
  0x03, 0xff, 0xff, 0xc0, 0xfb, 0x00, 0x02, 0x1f, 0xff, 0xfe, 0xfe, 0x00, 0x03, 0x03, 0xff, 0xff, 0xc0, 0xfb, 0x00, 0x02, 0x1f, 0xff, 0xfe, 0xfe,
  0x00, 0x03, 0x01, 0xff, 0xff, 0xc0, 0xfb, 0x00, 0x02, 0x0f, 0xff, 0xfe, 0xfe, 0x00, 0x03, 0x01, 0xff, 0xff, 0xe0, 0xfb, 0x00, 0x02, 0x0f, 0xff,
  0xff, 0xfe, 0x00, 0x03, 0x01, 0xff, 0xff, 0xe0, 0xfb, 0x00, 0x02, 0x07, 0xff, 0xff, 0xfd, 0x00, 0x02, 0xff, 0xff, 0xe0, 0xfb, 0x00, 0x03, 0x07,
  0xff, 0xff, 0x80, 0xfe, 0x00, 0x02, 0xff, 0xff, 0xe0, 0xfb, 0x00, 0x03, 0x07, 0xff, 0xff, 0x80, 0xfe, 0x00, 0x02, 0xff, 0xff, 0xe0, 0xfb, 0x00,
  0x02, 0x07, 0xff, 0xff, 0xfe, 0x00, 0x03, 0x01, 0xff, 0xff, 0xe0, 0xfb, 0x00, 0x02, 0x07, 0xff, 0xff, 0xfe, 0x00, 0x03, 0x01, 0xff, 0xff, 0xc0,
  0xfb, 0x00, 0x02, 0x07, 0xff, 0xff, 0xfe, 0x00, 0x03, 0x01, 0xff, 0xff, 0xc0, 0xfb, 0x00, 0x02, 0x07, 0xff, 0xfe, 0xfe, 0x00, 0x03, 0x01, 0xff,
  0xff, 0xc0, 0xfb, 0x00, 0x02, 0x07, 0xff, 0xfc, 0x97, 0x00, 0x81, 0x00, 0x81, 0x00, 0x81, 0x00, 0xe7, 0x00, 0x00, 0x7f, 0xf8, 0x00, 0x07, 0x3f,
  0xff, 0x80, 0x00, 0x00, 0x0f, 0xff, 0xf8, 0xfa, 0x00, 0x09, 0x03, 0xff, 0xff, 0xc0, 0x00, 0x00, 0x1f, 0xff, 0xff, 0x80, 0xfb, 0x00, 0x09, 0x1f,
  0xff, 0xff, 0xe0, 0x00, 0x00, 0x3f, 0xff, 0xff, 0xf0, 0xfb, 0x00, 0x09, 0x7f, 0xff, 0xff, 0xe0, 0x00, 0x00, 0x3f, 0xff, 0xff, 0xf8, 0xfb, 0x00,
  0xfe, 0xff, 0x06, 0xe0, 0x00, 0x00, 0x3f, 0xff, 0xff, 0xf8, 0xfb, 0x00, 0xfe, 0xff, 0x06, 0xe0, 0x00, 0x00, 0x3f, 0xff, 0xff, 0xfc, 0xfb, 0x00,
  0xfe, 0xff, 0x06, 0xe0, 0x00, 0x00, 0x1f, 0xff, 0xff, 0xfc, 0xfb, 0x00, 0xfe, 0xff, 0x06, 0x80, 0x00, 0x00, 0x01, 0xff, 0xff, 0xf8, 0xfb, 0x00,
  0xfe, 0xff, 0x06, 0x00, 0x1f, 0xe0, 0x01, 0xff, 0xff, 0xf8, 0xfb, 0x00, 0xfe, 0xff, 0x06, 0x00, 0xff, 0xfc, 0x01, 0xff, 0xff, 0xf0, 0xfb, 0x00,
  0x09, 0x07, 0xff, 0xff, 0x03, 0xff, 0xfe, 0x01, 0xff, 0xff, 0xe0, 0xfb, 0x00, 0x09, 0x07, 0xff, 0xff, 0x07, 0xff, 0xff, 0x01, 0xff, 0xff, 0xe0,
  0xfb, 0x00, 0x09, 0x07, 0xff, 0xff, 0x0f, 0xff, 0xff, 0x81, 0xff, 0xff, 0xc0, 0xfb, 0x00, 0x09, 0x0f, 0xff, 0xff, 0x0f, 0xff, 0xff, 0x83, 0xff,
  0xff, 0xc0, 0xfb, 0x00, 0x09, 0x0f, 0xff, 0xff, 0x0f, 0xf8, 0x7f, 0xc3, 0xff, 0xff, 0xc0, 0xfb, 0x00, 0x09, 0x1f, 0xff, 0xfe, 0x0f, 0xc0, 0x0f,
  0x87, 0xff, 0xff, 0xc0, 0xfb, 0x00, 0x09, 0x1f, 0xff, 0xfe, 0x07, 0x00, 0x07, 0x87, 0xff, 0xff, 0x80, 0xfb, 0x00, 0x02, 0x1f, 0xff, 0xfe, 0xfe,
  0x00, 0x03, 0x07, 0xff, 0xff, 0x80, 0xfb, 0x00, 0x02, 0x3f, 0xff, 0xfe, 0xfe, 0x00, 0x03, 0x07, 0xff, 0xff, 0x80, 0xfb, 0x00, 0x02, 0x3f, 0xff,
  0xfe, 0xfe, 0x00, 0x03, 0x07, 0xff, 0xff, 0xc0, 0xfb, 0x00, 0x02, 0x3f, 0xff, 0xfe, 0xfe, 0x00, 0x03, 0x07, 0xff, 0xff, 0xc0, 0xfb, 0x00, 0x02,
  0x1f, 0xff, 0xfe, 0xfe, 0x00, 0x03, 0x03, 0xff, 0xff, 0xc0, 0xfb, 0x00, 0x02, 0x1f, 0xff, 0xfe, 0xfe, 0x00, 0x03, 0x03, 0xff, 0xff, 0xc0, 0xfb,
  0x00, 0x02, 0x1f, 0xff, 0xfe, 0xfe, 0x00, 0x03, 0x01, 0xff, 0xff, 0xc0, 0xfb, 0x00, 0x02, 0x0f, 0xff, 0xfe, 0xfe, 0x00, 0x03, 0x01, 0xff, 0xff,
  0xe0, 0xfb, 0x00, 0x02, 0x0f, 0xff, 0xff, 0xfd, 0x00, 0x02, 0xff, 0xff, 0xe0, 0xfb, 0x00, 0x02, 0x07, 0xff, 0xff, 0xfd, 0x00, 0x02, 0xff, 0xff,
  0xe0, 0xfb, 0x00, 0x02, 0x07, 0xff, 0xff, 0xfd, 0x00, 0x02, 0xff, 0xff, 0xe0, 0xfb, 0x00, 0x02, 0x07, 0xff, 0xff, 0xfd, 0x00, 0x02, 0xff, 0xff,
  0xe0, 0xfb, 0x00, 0x03, 0x07, 0xff, 0xff, 0x80, 0xfe, 0x00, 0x02, 0xff, 0xff, 0xe0, 0xfb, 0x00, 0x02, 0x03, 0xff, 0xff, 0xfd, 0x00, 0x02, 0xff,
  0xff, 0xc0, 0xfb, 0x00, 0x02, 0x03, 0xff, 0x56, 0x97, 0x00, 0x81, 0x00, 0x81, 0x00, 0x81, 0x00, 0xe7, 0x00, 0x00, 0x7f, 0xf8, 0x00, 0x07, 0x3f,
  0xff, 0x80, 0x00, 0x00, 0x0f, 0xff, 0xf8, 0xfa, 0x00, 0x09, 0x03, 0xff, 0xff, 0xc0, 0x00, 0x00, 0x1f, 0xff, 0xff, 0x80, 0xfb, 0x00, 0x09, 0x1f,
  0xff, 0xff, 0xe0, 0x00, 0x00, 0x3f, 0xff, 0xff, 0xf0, 0xfb, 0x00, 0x09, 0x7f, 0xff, 0xff, 0xe0, 0x00, 0x00, 0x3f, 0xff, 0xff, 0xf8, 0xfb, 0x00,
  0xfe, 0xff, 0x06, 0xe0, 0x00, 0x00, 0x3f, 0xff, 0xff, 0xf8, 0xfb, 0x00, 0xfe, 0xff, 0x06, 0xe0, 0x00, 0x00, 0x3f, 0xff, 0xff, 0xfc, 0xfb, 0x00,
  0xfe, 0xff, 0x06, 0xe0, 0x00, 0x00, 0x1f, 0xff, 0xff, 0xfc, 0xfb, 0x00, 0xfe, 0xff, 0x06, 0x80, 0x00, 0x00, 0x03, 0xff, 0xff, 0xf8, 0xfb, 0x00,
  0x09, 0xff, 0xff, 0xfe, 0x00, 0x1f, 0xe0, 0x01, 0xff, 0xff, 0xf8, 0xfb, 0x00, 0x09, 0xff, 0xff, 0xfe, 0x00, 0xff, 0xfc, 0x01, 0xff, 0xff, 0xf0,
  0xfb, 0x00, 0x09, 0x0f, 0xff, 0xff, 0x03, 0xff, 0xfe, 0x01, 0xff, 0xff, 0xc0, 0xfb, 0x00, 0x09, 0x07, 0xff, 0xff, 0x07, 0xff, 0xff, 0x01, 0xff,
  0xff, 0xe0, 0xfb, 0x00, 0x09, 0x07, 0xff, 0xff, 0x0f, 0xff, 0xff, 0x81, 0xff, 0xff, 0xe0, 0xfb, 0x00, 0x09, 0x07, 0xff, 0xff, 0x8f, 0xff, 0xff,
  0x81, 0xff, 0xff, 0xc0, 0xfb, 0x00, 0x09, 0x07, 0xff, 0xff, 0x8f, 0xf8, 0x7f, 0xc3, 0xff, 0xff, 0xc0, 0xfb, 0x00, 0x09, 0x0f, 0xff, 0xff, 0x0f,
  0xc0, 0x0f, 0x83, 0xff, 0xff, 0xc0, 0xfb, 0x00, 0x09, 0x0f, 0xff, 0xff, 0x06, 0x00, 0x03, 0x03, 0xff, 0xff, 0xc0, 0xfb, 0x00, 0x02, 0x0f, 0xff,
  0xfe, 0xfe, 0x00, 0x03, 0x07, 0xff, 0xff, 0xc0, 0xfb, 0x00, 0x02, 0x1f, 0xff, 0xfe, 0xfe, 0x00, 0x03, 0x07, 0xff, 0xff, 0xc0, 0xfb, 0x00, 0x02,
  0x1f, 0xff, 0xfe, 0xfe, 0x00, 0x03, 0x07, 0xff, 0xff, 0x80, 0xfb, 0x00, 0x02, 0x1f, 0xff, 0xfe, 0xfe, 0x00, 0x03, 0x07, 0xff, 0xff, 0x80, 0xfb,
  0x00, 0x02, 0x3f, 0xff, 0xfc, 0xfe, 0x00, 0x03, 0x07, 0xff, 0xff, 0x80, 0xfb, 0x00, 0x02, 0x3f, 0xff, 0xfe, 0xfe, 0x00, 0x03, 0x07, 0xff, 0xff,
  0xc0, 0xfb, 0x00, 0x02, 0x1f, 0xff, 0xfe, 0xfe, 0x00, 0x03, 0x03, 0xff, 0xff, 0xc0, 0xfb, 0x00, 0x02, 0x1f, 0xff, 0xfe, 0xfe, 0x00, 0x03, 0x03,
  0xff, 0xff, 0xc0, 0xfb, 0x00, 0x02, 0x1f, 0xff, 0xfe, 0xfe, 0x00, 0x03, 0x03, 0xff, 0xff, 0xc0, 0xfb, 0x00, 0x02, 0x0f, 0xff, 0xfe, 0xfe, 0x00,
  0x03, 0x01, 0xff, 0xff, 0xc0, 0xfb, 0x00, 0x02, 0x0f, 0xff, 0xff, 0xfe, 0x00, 0x03, 0x01, 0xff, 0xff, 0xe0, 0xfb, 0x00, 0x02, 0x0f, 0xff, 0xff,
  0xfd, 0x00, 0x02, 0xff, 0xff, 0xe0, 0xfb, 0x00, 0x03, 0x07, 0xff, 0xff, 0x80, 0xfe, 0x00, 0x02, 0xff, 0xff, 0xe0, 0xfb, 0x00, 0x02, 0x07, 0xff,
  0xff, 0xfd, 0x00, 0x02, 0xff, 0xff, 0xc0, 0xfb, 0x00, 0x02, 0x01, 0xff, 0x56, 0x97, 0x00, 0x81, 0x00, 0x81, 0x00, 0x81, 0x00, 0xe7, 0x00, 0x00,
  0x7f, 0xf8, 0x00, 0x07, 0x3f, 0xff, 0x80, 0x00, 0x00, 0x0f, 0xff, 0xf8, 0xfa, 0x00, 0x09, 0x03, 0xff, 0xff, 0xc0, 0x00, 0x00, 0x1f, 0xff, 0xff,
  0x80, 0xfb, 0x00, 0x09, 0x1f, 0xff, 0xff, 0xe0, 0x00, 0x00, 0x3f, 0xff, 0xff, 0xf0, 0xfb, 0x00, 0x09, 0x7f, 0xff, 0xff, 0xe0, 0x00, 0x00, 0x3f,
  0xff, 0xff, 0xf8, 0xfb, 0x00, 0xfe, 0xff, 0x06, 0xe0, 0x00, 0x00, 0x3f, 0xff, 0xff, 0xf8, 0xfb, 0x00, 0xfe, 0xff, 0x06, 0xe0, 0x00, 0x00, 0x3f,
  0xff, 0xff, 0xfc, 0xfb, 0x00, 0xfe, 0xff, 0x06, 0xe0, 0x00, 0x00, 0x1f, 0xff, 0xff, 0xfc, 0xfb, 0x00, 0x02, 0xff, 0xff, 0xfe, 0xfe, 0x00, 0x03,
  0x07, 0xff, 0xff, 0xf8, 0xfb, 0x00, 0x09, 0xff, 0xff, 0xfe, 0x00, 0x1f, 0xe0, 0x07, 0xff, 0xff, 0xf8, 0xfb, 0x00, 0x09, 0xff, 0xff, 0xfe, 0x00,
  0xff, 0xfc, 0x03, 0xff, 0xff, 0xf0, 0xfb, 0x00, 0x09, 0x1f, 0xff, 0xfe, 0x03, 0xff, 0xfe, 0x03, 0xff, 0xff, 0xc0, 0xfb, 0x00, 0x09, 0x1f, 0xff,
  0xfe, 0x07, 0xff, 0xff, 0x01, 0xff, 0xff, 0xe0, 0xfb, 0x00, 0x09, 0x0f, 0xff, 0xff, 0x0f, 0xff, 0xff, 0x81, 0xff, 0xff, 0xe0, 0xfb, 0x00, 0x09,
  0x0f, 0xff, 0xff, 0x0f, 0xff, 0xff, 0x81, 0xff, 0xff, 0xe0, 0xfb, 0x00, 0x09, 0x0f, 0xff, 0xff, 0x8f, 0xf8, 0x7f, 0xc1, 0xff, 0xff, 0xe0, 0xfb,
  0x00, 0x09, 0x07, 0xff, 0xff, 0x0f, 0xc0, 0x0f, 0x81, 0xff, 0xff, 0xe0, 0xfb, 0x00, 0x09, 0x07, 0xff, 0xff, 0x06, 0x00, 0x03, 0x01, 0xff, 0xff,
  0xc0, 0xfb, 0x00, 0x02, 0x0f, 0xff, 0xff, 0xfe, 0x00, 0x03, 0x03, 0xff, 0xff, 0xc0, 0xfb, 0x00, 0x02, 0x0f, 0xff, 0xff, 0xfe, 0x00, 0x03, 0x03,
  0xff, 0xff, 0xc0, 0xfb, 0x00, 0x02, 0x0f, 0xff, 0xff, 0xfe, 0x00, 0x03, 0x03, 0xff, 0xff, 0xc0, 0xfb, 0x00, 0x02, 0x1f, 0xff, 0xfe, 0xfe, 0x00,
  0x03, 0x03, 0xff, 0xff, 0xc0, 0xfb, 0x00, 0x02, 0x1f, 0xff, 0xfe, 0xfe, 0x00, 0x03, 0x07, 0xff, 0xff, 0x80, 0xfb, 0x00, 0x02, 0x1f, 0xff, 0xfe,
  0xfe, 0x00, 0x03, 0x07, 0xff, 0xff, 0x80, 0xfb, 0x00, 0x02, 0x1f, 0xff, 0xfe, 0xfe, 0x00, 0x03, 0x07, 0xff, 0xff, 0x80, 0xfb, 0x00, 0x02, 0x1f,
  0xff, 0xfe, 0xfe, 0x00, 0x03, 0x07, 0xff, 0xff, 0x80, 0xfb, 0x00, 0x02, 0x1f, 0xff, 0xfc, 0xfe, 0x00, 0x03, 0x07, 0xff, 0xff, 0x80, 0xfb, 0x00,
  0x02, 0x1f, 0xff, 0xfe, 0xfe, 0x00, 0x03, 0x03, 0xff, 0xff, 0xc0, 0xfb, 0x00, 0x02, 0x1f, 0xff, 0xfe, 0xfe, 0x00, 0x03, 0x01, 0xff, 0xff, 0xc0,
  0xfb, 0x00, 0x02, 0x0f, 0xff, 0xfe, 0xfe, 0x00, 0x03, 0x01, 0xff, 0xff, 0xc0, 0xfb, 0x00, 0x02, 0x0f, 0xff, 0xfe, 0xfe, 0x00, 0x03, 0x01, 0xff,
  0xff, 0xc0, 0xfb, 0x00, 0x02, 0x07, 0xff, 0xfe, 0xfd, 0x00, 0x02, 0xff, 0xff, 0xc0, 0xfb, 0x00, 0x02, 0x03, 0xff, 0x72, 0x97, 0x00, 0x81, 0x00,
  0x81, 0x00, 0x81, 0x00, 0xe7, 0x00, 0x00, 0xff, 0xf8, 0x00, 0x07, 0x3f, 0xff, 0x80, 0x00, 0x00, 0x0f, 0xff, 0xfc, 0xfa, 0x00, 0x09, 0x03, 0xff,
  0xff, 0xc0, 0x00, 0x00, 0x1f, 0xff, 0xff, 0x80, 0xfb, 0x00, 0x09, 0x1f, 0xff, 0xff, 0xe0, 0x00, 0x00, 0x3f, 0xff, 0xff, 0xf0, 0xfb, 0x00, 0x09,
  0x7f, 0xff, 0xff, 0xe0, 0x00, 0x00, 0x3f, 0xff, 0xff, 0xf8, 0xfb, 0x00, 0xfe, 0xff, 0x06, 0xe0, 0x00, 0x00, 0x3f, 0xff, 0xff, 0xf8, 0xfb, 0x00,
  0xfe, 0xff, 0x06, 0xe0, 0x00, 0x00, 0x3f, 0xff, 0xff, 0xfc, 0xfb, 0x00, 0xfe, 0xff, 0x06, 0xe0, 0x00, 0x00, 0x1f, 0xff, 0xff, 0xfc, 0xfb, 0x00,
  0x02, 0xff, 0xff, 0xfe, 0xfe, 0x00, 0x03, 0x07, 0xff, 0xff, 0xf8, 0xfb, 0x00, 0x09, 0xff, 0xff, 0xfe, 0x00, 0x1f, 0xe0, 0x07, 0xff, 0xff, 0xf8,
  0xfb, 0x00, 0x09, 0xff, 0xff, 0xfc, 0x00, 0xff, 0xfc, 0x07, 0xff, 0xff, 0x90, 0xfb, 0x00, 0x09, 0x3f, 0xff, 0xfc, 0x03, 0xff, 0xfe, 0x07, 0xff,
  0xff, 0xc0, 0xfb, 0x00, 0x09, 0x1f, 0xff, 0xfe, 0x07, 0xff, 0xff, 0x03, 0xff, 0xff, 0xc0, 0xfb, 0x00, 0x09, 0x1f, 0xff, 0xfe, 0x0f, 0xff, 0xff,
  0x83, 0xff, 0xff, 0xc0, 0xfb, 0x00, 0x09, 0x1f, 0xff, 0xfe, 0x0f, 0xff, 0xff, 0x81, 0xff, 0xff, 0xc0, 0xfb, 0x00, 0x09, 0x0f, 0xff, 0xff, 0x0f,
  0xf8, 0x7f, 0xc1, 0xff, 0xff, 0xe0, 0xfb, 0x00, 0x09, 0x0f, 0xff, 0xff, 0x0f, 0xc0, 0x0f, 0x81, 0xff, 0xff, 0xe0, 0xfb, 0x00, 0x09, 0x07, 0xff,
  0xff, 0x86, 0x00, 0x03, 0x01, 0xff, 0xff, 0xe0, 0xfb, 0x00, 0x09, 0x07, 0xff, 0xff, 0x80, 0x00, 0x00, 0x01, 0xff, 0xff, 0xe0, 0xfb, 0x00, 0x09,
  0x07, 0xff, 0xff, 0x80, 0x00, 0x00, 0x01, 0xff, 0xff, 0xe0, 0xfb, 0x00, 0x02, 0x0f, 0xff, 0xff, 0xfe, 0x00, 0x03, 0x01, 0xff, 0xff, 0xe0, 0xfb,
  0x00, 0x02, 0x0f, 0xff, 0xff, 0xfe, 0x00, 0x03, 0x03, 0xff, 0xff, 0xc0, 0xfb, 0x00, 0x02, 0x0f, 0xff, 0xff, 0xfe, 0x00, 0x03, 0x03, 0xff, 0xff,
  0xc0, 0xfb, 0x00, 0x02, 0x0f, 0xff, 0xfe, 0xfe, 0x00, 0x03, 0x03, 0xff, 0xff, 0xc0, 0xfb, 0x00, 0x02, 0x1f, 0xff, 0xfe, 0xfe, 0x00, 0x03, 0x07,
  0xff, 0xff, 0xc0, 0xfb, 0x00, 0x02, 0x1f, 0xff, 0xfe, 0xfe, 0x00, 0x03, 0x07, 0xff, 0xff, 0x80, 0xfb, 0x00, 0x02, 0x1f, 0xff, 0xfe, 0xfe, 0x00,
  0x03, 0x07, 0xff, 0xff, 0x80, 0xfb, 0x00, 0x02, 0x1f, 0xff, 0xfe, 0xfe, 0x00, 0x03, 0x03, 0xff, 0xff, 0x80, 0xfb, 0x00, 0x02, 0x1f, 0xff, 0xfe,
  0xfe, 0x00, 0x03, 0x03, 0xff, 0xff, 0xc0, 0xfb, 0x00, 0x02, 0x1f, 0xff, 0xfe, 0xfe, 0x00, 0x03, 0x03, 0xff, 0xff, 0xc0, 0xfb, 0x00, 0x02, 0x1f,
  0xff, 0xfe, 0xfe, 0x00, 0x03, 0x03, 0xff, 0xff, 0xc0, 0xfb, 0x00, 0x02, 0x1f, 0xff, 0xfe, 0xfe, 0x00, 0x03, 0x01, 0xff, 0xff, 0xc0, 0xfb, 0x00,
  0x02, 0x07, 0x7f, 0x50, 0x97, 0x00, 0x81, 0x00, 0x81, 0x00, 0x81, 0x00, 0xe7, 0x00, 0x01, 0xff, 0xc0, 0xf9, 0x00, 0x07, 0x3f, 0xff, 0x80, 0x00,
  0x00, 0x0f, 0xff, 0xfc, 0xfa, 0x00, 0x09, 0x03, 0xff, 0xff, 0xc0, 0x00, 0x00, 0x1f, 0xff, 0xff, 0x80, 0xfb, 0x00, 0x09, 0x1f, 0xff, 0xff, 0xe0,
  0x00, 0x00, 0x3f, 0xff, 0xff, 0xf0, 0xfb, 0x00, 0x09, 0x7f, 0xff, 0xff, 0xf0, 0x00, 0x00, 0x3f, 0xff, 0xff, 0xf8, 0xfb, 0x00, 0xfe, 0xff, 0x06,
  0xf0, 0x00, 0x00, 0x3f, 0xff, 0xff, 0xf8, 0xfb, 0x00, 0xfe, 0xff, 0x06, 0xe0, 0x00, 0x00, 0x3f, 0xff, 0xff, 0xfc, 0xfb, 0x00, 0xfe, 0xff, 0x06,
  0xe0, 0x00, 0x00, 0x1f, 0xff, 0xff, 0xfc, 0xfb, 0x00, 0x02, 0xff, 0xff, 0xfe, 0xfe, 0x00, 0x03, 0x07, 0xff, 0xff, 0xfc, 0xfb, 0x00, 0x09, 0xff,
  0xff, 0xfe, 0x00, 0x3f, 0xe0, 0x07, 0xff, 0xff, 0xf8, 0xfb, 0x00, 0x09, 0xff, 0xff, 0xfc, 0x00, 0xff, 0xfc, 0x07, 0xff, 0xff, 0x80, 0xfb, 0x00,
  0x09, 0x3f, 0xff, 0xfc, 0x03, 0xff, 0xfe, 0x07, 0xff, 0xff, 0x80, 0xfb, 0x00, 0x09, 0x3f, 0xff, 0xfe, 0x07, 0xff, 0xff, 0x87, 0xff, 0xff, 0xc0,
  0xfb, 0x00, 0x09, 0x3f, 0xff, 0xfe, 0x0f, 0xff, 0xff, 0x87, 0xff, 0xff, 0xc0, 0xfb, 0x00, 0x09, 0x3f, 0xff, 0xfc, 0x0f, 0xff, 0xff, 0xc3, 0xff,
  0xff, 0xc0, 0xfb, 0x00, 0x09, 0x1f, 0xff, 0xfe, 0x0f, 0xf8, 0x7f, 0xc3, 0xff, 0xff, 0xc0, 0xfb, 0x00, 0x09, 0x1f, 0xff, 0xfe, 0x0f, 0xc0, 0x0f,
  0x81, 0xff, 0xff, 0xc0, 0xfb, 0x00, 0x09, 0x0f, 0xff, 0xfe, 0x06, 0x00, 0x03, 0x81, 0xff, 0xff, 0xc0, 0xfb, 0x00, 0x02, 0x0f, 0xff, 0xff, 0xfe,
  0x00, 0x03, 0x01, 0xff, 0xff, 0xe0, 0xfb, 0x00, 0x09, 0x0f, 0xff, 0xff, 0x80, 0x00, 0x00, 0x01, 0xff, 0xff, 0xe0, 0xfb, 0x00, 0x02, 0x07, 0xff,
  0xff, 0xfe, 0x00, 0x03, 0x01, 0xff, 0xff, 0xe0, 0xfb, 0x00, 0x09, 0x07, 0xff, 0xff, 0x80, 0x00, 0x00, 0x01, 0xff, 0xff, 0xe0, 0xfb, 0x00, 0x09,
  0x07, 0xff, 0xff, 0x80, 0x00, 0x00, 0x01, 0xff, 0xff, 0xc0, 0xfb, 0x00, 0x09, 0x07, 0xff, 0xff, 0x80, 0x00, 0x00, 0x01, 0xff, 0xff, 0xc0, 0xfb,
  0x00, 0x02, 0x0f, 0xff, 0xff, 0xfe, 0x00, 0x03, 0x01, 0xff, 0xff, 0xc0, 0xfb, 0x00, 0x02, 0x0f, 0xff, 0xff, 0xfe, 0x00, 0x03, 0x03, 0xff, 0xff,
  0xc0, 0xfb, 0x00, 0x02, 0x0f, 0xff, 0xfe, 0xfe, 0x00, 0x03, 0x03, 0xff, 0xff, 0x80, 0xfb, 0x00, 0x02, 0x0f, 0xff, 0xfe, 0xfe, 0x00, 0x03, 0x03,
  0xff, 0xff, 0x80, 0xfb, 0x00, 0x02, 0x1f, 0xff, 0xfe, 0xfe, 0x00, 0x03, 0x03, 0xff, 0xff, 0x80, 0xfb, 0x00, 0x02, 0x1f, 0xff, 0xfc, 0xfe, 0x00,
  0x03, 0x03, 0xff, 0xff, 0x80, 0xfb, 0x00, 0x02, 0x1f, 0xff, 0xfc, 0xfe, 0x00, 0x03, 0x03, 0xff, 0xff, 0x80, 0xfb, 0x00, 0x02, 0x1f, 0xff, 0xfc,
  0xfe, 0x00, 0x03, 0x03, 0xff, 0xff, 0x80, 0xfb, 0x00, 0x02, 0x0f, 0x7f, 0x68, 0x97, 0x00, 0x81, 0x00, 0x81, 0x00, 0x81, 0x00, 0xe7, 0x00, 0x00,
  0xff, 0xf8, 0x00, 0x07, 0x3f, 0xff, 0x80, 0x00, 0x00, 0x0f, 0xff, 0xfc, 0xfa, 0x00, 0x09, 0x03, 0xff, 0xff, 0xc0, 0x00, 0x00, 0x1f, 0xff, 0xff,
  0x80, 0xfb, 0x00, 0x09, 0x1f, 0xff, 0xff, 0xe0, 0x00, 0x00, 0x3f, 0xff, 0xff, 0xf0, 0xfb, 0x00, 0x09, 0x7f, 0xff, 0xff, 0xf0, 0x00, 0x00, 0x3f,
  0xff, 0xff, 0xf8, 0xfb, 0x00, 0xfe, 0xff, 0x06, 0xe0, 0x00, 0x00, 0x3f, 0xff, 0xff, 0xf8, 0xfb, 0x00, 0xfe, 0xff, 0x06, 0xe0, 0x00, 0x00, 0x3f,
  0xff, 0xff, 0xfc, 0xfb, 0x00, 0xfe, 0xff, 0x06, 0xe0, 0x00, 0x00, 0x1f, 0xff, 0xff, 0xfc, 0xfb, 0x00, 0xfe, 0xff, 0xfe, 0x00, 0x03, 0x07, 0xff,
  0xff, 0xfc, 0xfb, 0x00, 0x09, 0xff, 0xff, 0xfe, 0x00, 0x1f, 0xe0, 0x07, 0xff, 0xff, 0xf8, 0xfb, 0x00, 0x09, 0xff, 0xff, 0xfe, 0x00, 0xff, 0xfc,
  0x07, 0xff, 0xff, 0x80, 0xfb, 0x00, 0x09, 0x3f, 0xff, 0xfe, 0x03, 0xff, 0xfe, 0x07, 0xff, 0xff, 0x80, 0xfb, 0x00, 0x09, 0x3f, 0xff, 0xfe, 0x07,
  0xff, 0xff, 0x87, 0xff, 0xff, 0x80, 0xfb, 0x00, 0x09, 0x3f, 0xff, 0xfe, 0x0f, 0xff, 0xff, 0x87, 0xff, 0xff, 0x80, 0xfb, 0x00, 0x09, 0x3f, 0xff,
  0xfc, 0x0f, 0xff, 0xff, 0xc7, 0xff, 0xff, 0x80, 0xfb, 0x00, 0x09, 0x3f, 0xff, 0xfc, 0x0f, 0xf8, 0x7f, 0xc7, 0xff, 0xff, 0xc0, 0xfb, 0x00, 0x09,
  0x3f, 0xff, 0xfe, 0x0f, 0xc0, 0x0f, 0x83, 0xff, 0xff, 0xc0, 0xfb, 0x00, 0x09, 0x1f, 0xff, 0xfe, 0x06, 0x00, 0x03, 0x03, 0xff, 0xff, 0xc0, 0xfb,
  0x00, 0x02, 0x1f, 0xff, 0xfe, 0xfe, 0x00, 0x03, 0x03, 0xff, 0xff, 0xc0, 0xfb, 0x00, 0x02, 0x1f, 0xff, 0xff, 0xfe, 0x00, 0x03, 0x01, 0xff, 0xff,
  0xe0, 0xfb, 0x00, 0x02, 0x0f, 0xff, 0xff, 0xfe, 0x00, 0x03, 0x01, 0xff, 0xff, 0xe0, 0xfb, 0x00, 0x09, 0x0f, 0xff, 0xff, 0x80, 0x00, 0x00, 0x01,
  0xff, 0xff, 0xe0, 0xfb, 0x00, 0x09, 0x07, 0xff, 0xff, 0x80, 0x00, 0x00, 0x01, 0xff, 0xff, 0xe0, 0xfb, 0x00, 0x09, 0x07, 0xff, 0xff, 0x80, 0x00,
  0x00, 0x01, 0xff, 0xff, 0xe0, 0xfb, 0x00, 0x09, 0x07, 0xff, 0xff, 0x80, 0x00, 0x00, 0x01, 0xff, 0xff, 0xe0, 0xfb, 0x00, 0x09, 0x07, 0xff, 0xff,
  0x80, 0x00, 0x00, 0x01, 0xff, 0xff, 0xc0, 0xfb, 0x00, 0x02, 0x07, 0xff, 0xff, 0xfe, 0x00, 0x03, 0x01, 0xff, 0xff, 0xc0, 0xfb, 0x00, 0x02, 0x0f,
  0xff, 0xff, 0xfe, 0x00, 0x03, 0x03, 0xff, 0xff, 0xc0, 0xfb, 0x00, 0x02, 0x0f, 0xff, 0xff, 0xfe, 0x00, 0x03, 0x03, 0xff, 0xff, 0xc0, 0xfb, 0x00,
  0x02, 0x0f, 0xff, 0xfe, 0xfe, 0x00, 0x03, 0x03, 0xff, 0xff, 0x80, 0xfb, 0x00, 0x02, 0x0f, 0xff, 0xfe, 0xfe, 0x00, 0x03, 0x03, 0xff, 0xff, 0x80,
  0xfb, 0x00, 0x02, 0x0f, 0xff, 0xfe, 0xfe, 0x00, 0x03, 0x03, 0xff, 0xff, 0x80, 0xfb, 0x00, 0x02, 0x0f, 0x7f, 0x60, 0x97, 0x00, 0x81, 0x00, 0x81,
  0x00, 0x81, 0x00, 0xe7, 0x00, 0x00, 0xff, 0xf8, 0x00, 0x07, 0x3f, 0xff, 0x80, 0x00, 0x00, 0x0f, 0xff, 0xfc, 0xfa, 0x00, 0x09, 0x03, 0xff, 0xff,
  0xc0, 0x00, 0x00, 0x1f, 0xff, 0xff, 0x80, 0xfb, 0x00, 0x09, 0x1f, 0xff, 0xff, 0xe0, 0x00, 0x00, 0x3f, 0xff, 0xff, 0xf0, 0xfb, 0x00, 0x09, 0x7f,
  0xff, 0xff, 0xf0, 0x00, 0x00, 0x3f, 0xff, 0xff, 0xf8, 0xfb, 0x00, 0xfe, 0xff, 0x06, 0xe0, 0x00, 0x00, 0x3f, 0xff, 0xff, 0xf8, 0xfb, 0x00, 0xfe,
  0xff, 0x06, 0xe0, 0x00, 0x00, 0x3f, 0xff, 0xff, 0xfc, 0xfb, 0x00, 0xfe, 0xff, 0x06, 0xe0, 0x00, 0x00, 0x1f, 0xff, 0xff, 0xfc, 0xfb, 0x00, 0xfe,
  0xff, 0x06, 0x80, 0x00, 0x00, 0x03, 0xff, 0xff, 0xfc, 0xfb, 0x00, 0xfe, 0xff, 0x06, 0x00, 0x1f, 0xe0, 0x03, 0xff, 0xff, 0xf8, 0xfb, 0x00, 0x09,
  0xff, 0xff, 0xfe, 0x00, 0xff, 0xfc, 0x03, 0xff, 0xff, 0xf0, 0xfb, 0x00, 0x09, 0x1f, 0xff, 0xfe, 0x03, 0xff, 0xfe, 0x03, 0xff, 0xff, 0xc0, 0xfb,
  0x00, 0x09, 0x1f, 0xff, 0xfe, 0x07, 0xff, 0xff, 0x07, 0xff, 0xff, 0x80, 0xfb, 0x00, 0x09, 0x1f, 0xff, 0xfe, 0x0f, 0xff, 0xff, 0x87, 0xff, 0xff,
  0x80, 0xfb, 0x00, 0x09, 0x1f, 0xff, 0xfe, 0x0f, 0xff, 0xff, 0xc7, 0xff, 0xff, 0x80, 0xfb, 0x00, 0x09, 0x3f, 0xff, 0xfc, 0x0f, 0xf8, 0x7f, 0xc7,
  0xff, 0xff, 0x80, 0xfb, 0x00, 0x09, 0x3f, 0xff, 0xfe, 0x0f, 0xc0, 0x0f, 0x87, 0xff, 0xff, 0x80, 0xfb, 0x00, 0x09, 0x3f, 0xff, 0xfe, 0x07, 0x00,
  0x03, 0x87, 0xff, 0xff, 0x80, 0xfb, 0x00, 0x02, 0x1f, 0xff, 0xfe, 0xfe, 0x00, 0x03, 0x07, 0xff, 0xff, 0xc0, 0xfb, 0x00, 0x02, 0x1f, 0xff, 0xfe,
  0xfe, 0x00, 0x03, 0x03, 0xff, 0xff, 0xc0, 0xfb, 0x00, 0x02, 0x1f, 0xff, 0xfe, 0xfe, 0x00, 0x03, 0x01, 0xff, 0xff, 0xc0, 0xfb, 0x00, 0x02, 0x0f,
  0xff, 0xfe, 0xfe, 0x00, 0x03, 0x01, 0xff, 0xff, 0xe0, 0xfb, 0x00, 0x02, 0x0f, 0xff, 0xff, 0xfe, 0x00, 0x03, 0x01, 0xff, 0xff, 0xe0, 0xfb, 0x00,
  0x02, 0x07, 0xff, 0xff, 0xfd, 0x00, 0x02, 0xff, 0xff, 0xe0, 0xfb, 0x00, 0x02, 0x07, 0xff, 0xff, 0xfd, 0x00, 0x02, 0xff, 0xff, 0xe0, 0xfb, 0x00,
  0x03, 0x07, 0xff, 0xff, 0x80, 0xfe, 0x00, 0x02, 0xff, 0xff, 0xe0, 0xfb, 0x00, 0x09, 0x07, 0xff, 0xff, 0x80, 0x00, 0x00, 0x01, 0xff, 0xff, 0xe0,
  0xfb, 0x00, 0x09, 0x07, 0xff, 0xff, 0x80, 0x00, 0x00, 0x01, 0xff, 0xff, 0xe0, 0xfb, 0x00, 0x02, 0x07, 0xff, 0xff, 0xfe, 0x00, 0x03, 0x01, 0xff,
  0xff, 0xc0, 0xfb, 0x00, 0x02, 0x07, 0xff, 0xfe, 0xfe, 0x00, 0x03, 0x01, 0xff, 0xff, 0xc0, 0xfb, 0x00, 0x02, 0x07, 0xff, 0xfe, 0xfe, 0x00, 0x03,
  0x03, 0xff, 0xff, 0x80, 0xfb, 0x00, 0x02, 0x0f, 0xff, 0xfe, 0xfe, 0x00, 0x03, 0x03, 0xff, 0xff, 0x80, 0xfb, 0x00, 0x02, 0x07, 0x7f, 0x60, 0x97,
  0x00, 0x81, 0x00, 0x81, 0x00, 0x81, 0x00, 0xe7, 0x00, 0x00, 0x7f, 0xf8, 0x00, 0x07, 0x3f, 0xff, 0x80, 0x00, 0x00, 0x0f, 0xff, 0xfc, 0xfa, 0x00,
  0x09, 0x03, 0xff, 0xff, 0xc0, 0x00, 0x00, 0x1f, 0xff, 0xff, 0x80, 0xfb, 0x00, 0x09, 0x1f, 0xff, 0xff, 0xe0, 0x00, 0x00, 0x3f, 0xff, 0xff, 0xf0,
  0xfb, 0x00, 0x09, 0x7f, 0xff, 0xff, 0xf0, 0x00, 0x00, 0x3f, 0xff, 0xff, 0xf8, 0xfb, 0x00, 0xfe, 0xff, 0x06, 0xe0, 0x00, 0x00, 0x3f, 0xff, 0xff,
  0xf8, 0xfb, 0x00, 0xfe, 0xff, 0x06, 0xe0, 0x00, 0x00, 0x3f, 0xff, 0xff, 0xfc, 0xfb, 0x00, 0xfe, 0xff, 0x06, 0xe0, 0x00, 0x00, 0x1f, 0xff, 0xff,
  0xfc, 0xfb, 0x00, 0xfe, 0xff, 0x06, 0x80, 0x00, 0x00, 0x01, 0xff, 0xff, 0xfc, 0xfb, 0x00, 0xfe, 0xff, 0x06, 0x00, 0x1f, 0xe0, 0x01, 0xff, 0xff,
  0xf8, 0xfb, 0x00, 0xfe, 0xff, 0x06, 0x00, 0xff, 0xfc, 0x01, 0xff, 0xff, 0xf0, 0xfb, 0x00, 0x09, 0x0f, 0xff, 0xff, 0x03, 0xff, 0xfe, 0x03, 0xff,
  0xff, 0xc0, 0xfb, 0x00, 0x09, 0x0f, 0xff, 0xff, 0x07, 0xff, 0xff, 0x03, 0xff, 0xff, 0xc0, 0xfb, 0x00, 0x09, 0x0f, 0xff, 0xff, 0x0f, 0xff, 0xff,
  0x83, 0xff, 0xff, 0xc0, 0xfb, 0x00, 0x09, 0x0f, 0xff, 0xfe, 0x0f, 0xff, 0xff, 0xc3, 0xff, 0xff, 0xc0, 0xfb, 0x00, 0x09, 0x1f, 0xff, 0xfe, 0x0f,
  0xf8, 0x7f, 0xc7, 0xff, 0xff, 0x80, 0xfb, 0x00, 0x09, 0x1f, 0xff, 0xfe, 0x0f, 0xc0, 0x0f, 0x87, 0xff, 0xff, 0x80, 0xfb, 0x00, 0x09, 0x1f, 0xff,
  0xfe, 0x07, 0x00, 0x03, 0x87, 0xff, 0xff, 0x80, 0xfb, 0x00, 0x02, 0x3f, 0xff, 0xfc, 0xfe, 0x00, 0x03, 0x07, 0xff, 0xff, 0x80, 0xfb, 0x00, 0x02,
  0x3f, 0xff, 0xfc, 0xfe, 0x00, 0x03, 0x07, 0xff, 0xff, 0xc0, 0xfb, 0x00, 0x02, 0x3f, 0xff, 0xfe, 0xfe, 0x00, 0x03, 0x07, 0xff, 0xff, 0xc0, 0xfb,
  0x00, 0x02, 0x3f, 0xff, 0xfe, 0xfe, 0x00, 0x03, 0x03, 0xff, 0xff, 0xc0, 0xfb, 0x00, 0x02, 0x1f, 0xff, 0xfe, 0xfe, 0x00, 0x03, 0x03, 0xff, 0xff,
  0xc0, 0xfb, 0x00, 0x02, 0x1f, 0xff, 0xfe, 0xfe, 0x00, 0x03, 0x03, 0xff, 0xff, 0xe0, 0xfb, 0x00, 0x02, 0x0f, 0xff, 0xff, 0xfe, 0x00, 0x03, 0x01,
  0xff, 0xff, 0xe0, 0xfb, 0x00, 0x02, 0x0f, 0xff, 0xff, 0xfe, 0x00, 0x03, 0x01, 0xff, 0xff, 0xe0, 0xfb, 0x00, 0x03, 0x07, 0xff, 0xff, 0x80, 0xfe,
  0x00, 0x02, 0xff, 0xff, 0xe0, 0xfb, 0x00, 0x03, 0x07, 0xff, 0xff, 0x80, 0xfe, 0x00, 0x02, 0xff, 0xff, 0xe0, 0xfb, 0x00, 0x02, 0x07, 0xff, 0xff,
  0xfd, 0x00, 0x02, 0xff, 0xff, 0xe0, 0xfb, 0x00, 0x03, 0x07, 0xff, 0xff, 0x80, 0xfe, 0x00, 0x02, 0xff, 0xff, 0xe0, 0xfb, 0x00, 0x09, 0x07, 0xff,
  0xff, 0x80, 0x00, 0x00, 0x01, 0xff, 0xff, 0xc0, 0xfb, 0x00, 0x03, 0x03, 0xff, 0xff, 0x80, 0xfe, 0x00, 0x02, 0xff, 0xff, 0xc0, 0xfb, 0x00, 0x02,
  0x03, 0xff, 0x72, 0x97, 0x00, 0x81, 0x00, 0x81, 0x00, 0x81, 0x00, 0xe7, 0x00, 0x00, 0x7f, 0xf8, 0x00, 0x07, 0x3f, 0xff, 0x80, 0x00, 0x00, 0x0f,
  0xff, 0xfc, 0xfa, 0x00, 0x09, 0x03, 0xff, 0xff, 0xc0, 0x00, 0x00, 0x1f, 0xff, 0xff, 0x80, 0xfb, 0x00, 0x09, 0x1f, 0xff, 0xff, 0xe0, 0x00, 0x00,
  0x3f, 0xff, 0xff, 0xf0, 0xfb, 0x00, 0x09, 0x7f, 0xff, 0xff, 0xf0, 0x00, 0x00, 0x3f, 0xff, 0xff, 0xf8, 0xfb, 0x00, 0xfe, 0xff, 0x06, 0xe0, 0x00,
  0x00, 0x3f, 0xff, 0xff, 0xf8, 0xfb, 0x00, 0xfe, 0xff, 0x06, 0xe0, 0x00, 0x00, 0x3f, 0xff, 0xff, 0xfc, 0xfb, 0x00, 0xfe, 0xff, 0x06, 0xe0, 0x00,
  0x00, 0x1f, 0xff, 0xff, 0xfc, 0xfb, 0x00, 0xfe, 0xff, 0xfe, 0x00, 0x03, 0x03, 0xff, 0xff, 0xfc, 0xfb, 0x00, 0xfe, 0xff, 0x06, 0x00, 0x1f, 0xe0,
  0x01, 0xff, 0xff, 0xf8, 0xfb, 0x00, 0xfe, 0xff, 0x06, 0x00, 0xff, 0xfc, 0x01, 0xff, 0xff, 0xf0, 0xfb, 0x00, 0x09, 0x0f, 0xff, 0xff, 0x83, 0xff,
  0xfe, 0x01, 0xff, 0xff, 0xc0, 0xfb, 0x00, 0x09, 0x07, 0xff, 0xff, 0x07, 0xff, 0xff, 0x01, 0xff, 0xff, 0xe0, 0xfb, 0x00, 0x09, 0x07, 0xff, 0xff,
  0x0f, 0xff, 0xff, 0x81, 0xff, 0xff, 0xc0, 0xfb, 0x00, 0x09, 0x07, 0xff, 0xff, 0x0f, 0xff, 0xff, 0x83, 0xff, 0xff, 0xc0, 0xfb, 0x00, 0x09, 0x0f,
  0xff, 0xff, 0x0f, 0xf8, 0x7f, 0xc3, 0xff, 0xff, 0xc0, 0xfb, 0x00, 0x09, 0x0f, 0xff, 0xff, 0x0f, 0xc0, 0x0f, 0x83, 0xff, 0xff, 0xc0, 0xfb, 0x00,
  0x09, 0x1f, 0xff, 0xfe, 0x07, 0x00, 0x03, 0x87, 0xff, 0xff, 0xc0, 0xfb, 0x00, 0x02, 0x1f, 0xff, 0xfe, 0xfe, 0x00, 0x03, 0x07, 0xff, 0xff, 0x80,
  0xfb, 0x00, 0x02, 0x1f, 0xff, 0xfe, 0xfe, 0x00, 0x03, 0x07, 0xff, 0xff, 0x80, 0xfb, 0x00, 0x02, 0x1f, 0xff, 0xfe, 0xfe, 0x00, 0x03, 0x07, 0xff,
  0xff, 0xc0, 0xfb, 0x00, 0x02, 0x3f, 0xff, 0xfe, 0xfe, 0x00, 0x03, 0x07, 0xff, 0xff, 0x80, 0xfb, 0x00, 0x02, 0x1f, 0xff, 0xfc, 0xfe, 0x00, 0x03,
  0x07, 0xff, 0xff, 0x80, 0xfb, 0x00, 0x02, 0x1f, 0xff, 0xfe, 0xfe, 0x00, 0x03, 0x03, 0xff, 0xff, 0xc0, 0xfb, 0x00, 0x02, 0x1f, 0xff, 0xfe, 0xfe,
  0x00, 0x03, 0x03, 0xff, 0xff, 0xc0, 0xfb, 0x00, 0x02, 0x1f, 0xff, 0xfe, 0xfe, 0x00, 0x03, 0x01, 0xff, 0xff, 0xc0, 0xfb, 0x00, 0x02, 0x0f, 0xff,
  0xfe, 0xfe, 0x00, 0x03, 0x01, 0xff, 0xff, 0xc0, 0xfb, 0x00, 0x02, 0x0f, 0xff, 0xff, 0xfd, 0x00, 0x02, 0xff, 0xff, 0xe0, 0xfb, 0x00, 0x02, 0x07,
  0xff, 0xff, 0xfd, 0x00, 0x02, 0xff, 0xff, 0xe0, 0xfb, 0x00, 0x02, 0x07, 0xff, 0xff, 0xfd, 0x00, 0x02, 0xff, 0xff, 0xe0, 0xfb, 0x00, 0x03, 0x07,
  0xff, 0xff, 0x80, 0xfe, 0x00, 0x02, 0xff, 0xff, 0xe0, 0xfb, 0x00, 0x03, 0x03, 0xff, 0xff, 0x80, 0xfe, 0x00, 0x02, 0xff, 0xff, 0xc0, 0xfb, 0x00,
  0x02, 0x01, 0xff, 0x72, 0x97, 0x00, 0x81, 0x00, 0x81, 0x00, 0x81, 0x00, 0xe7, 0x00, 0x00, 0x7c, 0xf8, 0x00, 0x07, 0x3f, 0xff, 0x80, 0x00, 0x00,
  0x0f, 0xff, 0xfc, 0xfa, 0x00, 0x09, 0x03, 0xff, 0xff, 0xc0, 0x00, 0x00, 0x1f, 0xff, 0xff, 0x80, 0xfb, 0x00, 0x09, 0x1f, 0xff, 0xff, 0xe0, 0x00,
  0x00, 0x3f, 0xff, 0xff, 0xf0, 0xfb, 0x00, 0x09, 0x7f, 0xff, 0xff, 0xe0, 0x00, 0x00, 0x3f, 0xff, 0xff, 0xf8, 0xfb, 0x00, 0xfe, 0xff, 0x06, 0xe0,
  0x00, 0x00, 0x3f, 0xff, 0xff, 0xf8, 0xfb, 0x00, 0xfe, 0xff, 0x06, 0xe0, 0x00, 0x00, 0x3f, 0xff, 0xff, 0xfc, 0xfb, 0x00, 0xfe, 0xff, 0x06, 0xe0,
  0x00, 0x00, 0x1f, 0xff, 0xff, 0xfc, 0xfb, 0x00, 0xfe, 0xff, 0xfe, 0x00, 0x03, 0x03, 0xff, 0xff, 0xfc, 0xfb, 0x00, 0x09, 0xff, 0xff, 0xfe, 0x00,
  0x1f, 0xe0, 0x03, 0xff, 0xff, 0xf8, 0xfb, 0x00, 0x09, 0xff, 0xff, 0xfe, 0x00, 0xff, 0xfc, 0x03, 0xff, 0xff, 0xf0, 0xfb, 0x00, 0x09, 0x1f, 0xff,
  0xfe, 0x03, 0xff, 0xfe, 0x01, 0xff, 0xff, 0xc0, 0xfb, 0x00, 0x09, 0x0f, 0xff, 0xff, 0x07, 0xff, 0xff, 0x01, 0xff, 0xff, 0xe0, 0xfb, 0x00, 0x09,
  0x0f, 0xff, 0xff, 0x0f, 0xff, 0xff, 0x81, 0xff, 0xff, 0xe0, 0xfb, 0x00, 0x09, 0x0f, 0xff, 0xff, 0x0f, 0xff, 0xff, 0x81, 0xff, 0xff, 0xe0, 0xfb,
  0x00, 0x09, 0x07, 0xff, 0xff, 0x8f, 0xf8, 0x7f, 0xc1, 0xff, 0xff, 0xe0, 0xfb, 0x00, 0x09, 0x07, 0xff, 0xff, 0x0f, 0xc0, 0x0f, 0x81, 0xff, 0xff,
  0xc0, 0xfb, 0x00, 0x09, 0x07, 0xff, 0xff, 0x07, 0x00, 0x03, 0x83, 0xff, 0xff, 0xc0, 0xfb, 0x00, 0x02, 0x0f, 0xff, 0xff, 0xfe, 0x00, 0x03, 0x03,
  0xff, 0xff, 0xc0, 0xfb, 0x00, 0x02, 0x0f, 0xff, 0xff, 0xfe, 0x00, 0x03, 0x03, 0xff, 0xff, 0xc0, 0xfb, 0x00, 0x02, 0x0f, 0xff, 0xfe, 0xfe, 0x00,
  0x03, 0x07, 0xff, 0xff, 0xc0, 0xfb, 0x00, 0x02, 0x1f, 0xff, 0xfe, 0xfe, 0x00, 0x03, 0x07, 0xff, 0xff, 0x80, 0xfb, 0x00, 0x02, 0x1f, 0xff, 0xfe,
  0xfe, 0x00, 0x03, 0x07, 0xff, 0xff, 0x80, 0xfb, 0x00, 0x02, 0x1f, 0xff, 0xfe, 0xfe, 0x00, 0x03, 0x07, 0xff, 0xff, 0x80, 0xfb, 0x00, 0x02, 0x1f,
  0xff, 0xfe, 0xfe, 0x00, 0x03, 0x07, 0xff, 0xff, 0x80, 0xfb, 0x00, 0x02, 0x1f, 0xff, 0xfe, 0xfe, 0x00, 0x03, 0x03, 0xff, 0xff, 0x80, 0xfb, 0x00,
  0x02, 0x1f, 0xff, 0xfe, 0xfe, 0x00, 0x03, 0x03, 0xff, 0xff, 0xc0, 0xfb, 0x00, 0x02, 0x1f, 0xff, 0xfe, 0xfe, 0x00, 0x03, 0x03, 0xff, 0xff, 0xc0,
  0xfb, 0x00, 0x02, 0x0f, 0xff, 0xfe, 0xfe, 0x00, 0x03, 0x01, 0xff, 0xff, 0xc0, 0xfb, 0x00, 0x02, 0x0f, 0xff, 0xff, 0xfd, 0x00, 0x02, 0xff, 0xff,
  0xc0, 0xfb, 0x00, 0x02, 0x07, 0xff, 0xff, 0xfd, 0x00, 0x02, 0xff, 0xff, 0xe0, 0xfb, 0x00, 0x02, 0x07, 0xff, 0xff, 0xfd, 0x00, 0x02, 0xff, 0xff,
  0xc0, 0xfb, 0x00, 0x02, 0x03, 0xff, 0x72, 0x97, 0x00, 0x81, 0x00, 0x81, 0x00, 0x81, 0x00, 0xe7, 0x00, 0x00, 0x1c, 0xf8, 0x00, 0x07, 0x3f, 0xff,
  0x80, 0x00, 0x00, 0x0f, 0xff, 0xf8, 0xfa, 0x00, 0x09, 0x03, 0xff, 0xff, 0xc0, 0x00, 0x00, 0x1f, 0xff, 0xff, 0x80, 0xfb, 0x00, 0x09, 0x1f, 0xff,
  0xff, 0xe0, 0x00, 0x00, 0x3f, 0xff, 0xff, 0xf0, 0xfb, 0x00, 0x09, 0x7f, 0xff, 0xff, 0xe0, 0x00, 0x00, 0x3f, 0xff, 0xff, 0xf8, 0xfb, 0x00, 0xfe,
  0xff, 0x06, 0xe0, 0x00, 0x00, 0x3f, 0xff, 0xff, 0xf8, 0xfb, 0x00, 0xfe, 0xff, 0x06, 0xe0, 0x00, 0x00, 0x3f, 0xff, 0xff, 0xfc, 0xfb, 0x00, 0xfe,
  0xff, 0x06, 0xe0, 0x00, 0x00, 0x1f, 0xff, 0xff, 0xfc, 0xfb, 0x00, 0x09, 0xff, 0xff, 0xfe, 0x80, 0x00, 0x00, 0x07, 0xff, 0xff, 0xfc, 0xfb, 0x00,
  0x09, 0xff, 0xff, 0xfe, 0x00, 0x1f, 0xe0, 0x07, 0xff, 0xff, 0xf8, 0xfb, 0x00, 0x09, 0xff, 0xff, 0xfc, 0x00, 0xff, 0xf8, 0x07, 0xff, 0xff, 0xf0,
  0xfb, 0x00, 0x09, 0x3f, 0xff, 0xfe, 0x03, 0xff, 0xfe, 0x03, 0xff, 0xff, 0xc0, 0xfb, 0x00, 0x09, 0x1f, 0xff, 0xfe, 0x07, 0xff, 0xff, 0x03, 0xff,
  0xff, 0xc0, 0xfb, 0x00, 0x09, 0x1f, 0xff, 0xfe, 0x0f, 0xff, 0xff, 0x81, 0xff, 0xff, 0xc0, 0xfb, 0x00, 0x09, 0x0f, 0xff, 0xff, 0x0f, 0xff, 0xff,
  0x81, 0xff, 0xff, 0xe0, 0xfb, 0x00, 0x09, 0x0f, 0xff, 0xff, 0x8f, 0xf8, 0x7f, 0xc1, 0xff, 0xff, 0xe0, 0xfb, 0x00, 0x09, 0x07, 0xff, 0xff, 0x0f,
  0xc0, 0x0f, 0x81, 0xff, 0xff, 0xe0, 0xfb, 0x00, 0x09, 0x07, 0xff, 0xff, 0x07, 0x00, 0x03, 0x81, 0xff, 0xff, 0xe0, 0xfb, 0x00, 0x09, 0x07, 0xff,
  0xff, 0x80, 0x00, 0x00, 0x01, 0xff, 0xff, 0xe0, 0xfb, 0x00, 0x09, 0x0f, 0xff, 0xff, 0x80, 0x00, 0x00, 0x03, 0xff, 0xff, 0xc0, 0xfb, 0x00, 0x02,
  0x0f, 0xff, 0xff, 0xfe, 0x00, 0x03, 0x03, 0xff, 0xff, 0xc0, 0xfb, 0x00, 0x02, 0x0f, 0xff, 0xfe, 0xfe, 0x00, 0x03, 0x03, 0xff, 0xff, 0xc0, 0xfb,
  0x00, 0x02, 0x0f, 0xff, 0xfe, 0xfe, 0x00, 0x03, 0x03, 0xff, 0xff, 0xc0, 0xfb, 0x00, 0x02, 0x1f, 0xff, 0xfe, 0xfe, 0x00, 0x03, 0x07, 0xff, 0xff,
  0x80, 0xfb, 0x00, 0x02, 0x1f, 0xff, 0xfe, 0xfe, 0x00, 0x03, 0x07, 0xff, 0xff, 0x80, 0xfb, 0x00, 0x02, 0x1f, 0xff, 0xfe, 0xfe, 0x00, 0x03, 0x07,
  0xff, 0xff, 0x80, 0xfb, 0x00, 0x02, 0x1f, 0xff, 0xfc, 0xfe, 0x00, 0x03, 0x07, 0xff, 0xff, 0x80, 0xfb, 0x00, 0x02, 0x1f, 0xff, 0xfc, 0xfe, 0x00,
  0x03, 0x03, 0xff, 0xff, 0xc0, 0xfb, 0x00, 0x02, 0x1f, 0xff, 0xfe, 0xfe, 0x00, 0x03, 0x03, 0xff, 0xff, 0xc0, 0xfb, 0x00, 0x02, 0x1f, 0xff, 0xfe,
  0xfe, 0x00, 0x03, 0x01, 0xff, 0xff, 0xc0, 0xfb, 0x00, 0x02, 0x0f, 0xff, 0xfe, 0xfe, 0x00, 0x03, 0x01, 0xff, 0xff, 0xc0, 0xfb, 0x00, 0x02, 0x0f,
  0xff, 0xfe, 0xfd, 0x00, 0x02, 0xff, 0xff, 0xc0, 0xfb, 0x00, 0x02, 0x07, 0xff, 0xf2, 0x97, 0x00, 0x81, 0x00, 0x81, 0x00, 0x81, 0x00, 0xdd, 0x00,
  0x07, 0x3f, 0xff, 0x80, 0x00, 0x00, 0x0f, 0xff, 0xf8, 0xfa, 0x00, 0x09, 0x03, 0xff, 0xff, 0xc0, 0x00, 0x00, 0x1f, 0xff, 0xff, 0x80, 0xfb, 0x00,
  0x09, 0x1f, 0xff, 0xff, 0xe0, 0x00, 0x00, 0x3f, 0xff, 0xff, 0xe0, 0xfb, 0x00, 0x09, 0x7f, 0xff, 0xff, 0xe0, 0x00, 0x00, 0x3f, 0xff, 0xff, 0xf8,
  0xfb, 0x00, 0xfe, 0xff, 0x06, 0xe0, 0x00, 0x00, 0x3f, 0xff, 0xff, 0xf8, 0xfb, 0x00, 0xfe, 0xff, 0x06, 0xe0, 0x00, 0x00, 0x3f, 0xff, 0xff, 0xfc,
  0xfb, 0x00, 0xfe, 0xff, 0x06, 0xe0, 0x00, 0x00, 0x1f, 0xff, 0xff, 0xfc, 0xfb, 0x00, 0x09, 0xff, 0xff, 0xfe, 0x80, 0x00, 0x00, 0x07, 0xff, 0xff,
  0xfc, 0xfb, 0x00, 0x09, 0xff, 0xff, 0xfe, 0x00, 0x1f, 0xe0, 0x07, 0xff, 0xff, 0xf8, 0xfb, 0x00, 0x09, 0xff, 0xff, 0xfc, 0x00, 0xff, 0xf8, 0x07,
  0xff, 0xff, 0x90, 0xfb, 0x00, 0x09, 0x3f, 0xff, 0xfc, 0x03, 0xff, 0xfe, 0x07, 0xff, 0xff, 0x80, 0xfb, 0x00, 0x09, 0x3f, 0xff, 0xfe, 0x07, 0xff,
  0xff, 0x07, 0xff, 0xff, 0xc0, 0xfb, 0x00, 0x09, 0x3f, 0xff, 0xfe, 0x0f, 0xff, 0xff, 0x83, 0xff, 0xff, 0xc0, 0xfb, 0x00, 0x09, 0x1f, 0xff, 0xfe,
  0x0f, 0xff, 0xff, 0x83, 0xff, 0xff, 0xc0, 0xfb, 0x00, 0x09, 0x1f, 0xff, 0xfe, 0x0f, 0xf8, 0x7f, 0xc1, 0xff, 0xff, 0xc0, 0xfb, 0x00, 0x09, 0x0f,
  0xff, 0xff, 0x0f, 0xc0, 0x1f, 0x81, 0xff, 0xff, 0xe0, 0xfb, 0x00, 0x09, 0x0f, 0xff, 0xff, 0x07, 0x00, 0x07, 0x81, 0xff, 0xff, 0xe0, 0xfb, 0x00,
  0x09, 0x07, 0xff, 0xff, 0x80, 0x00, 0x00, 0x01, 0xff, 0xff, 0xe0, 0xfb, 0x00, 0x09, 0x07, 0xff, 0xff, 0x80, 0x00, 0x00, 0x01, 0xff, 0xff, 0xe0,
  0xfb, 0x00, 0x02, 0x07, 0xff, 0xff, 0xfe, 0x00, 0x03, 0x01, 0xff, 0xff, 0xe0, 0xfb, 0x00, 0x09, 0x07, 0xff, 0xff, 0x80, 0x00, 0x00, 0x01, 0xff,
  0xff, 0xc0, 0xfb, 0x00, 0x02, 0x0f, 0xff, 0xff, 0xfe, 0x00, 0x03, 0x01, 0xff, 0xff, 0xc0, 0xfb, 0x00, 0x02, 0x0f, 0xff, 0xff, 0xfe, 0x00, 0x03,
  0x03, 0xff, 0xff, 0xc0, 0xfb, 0x00, 0x02, 0x0f, 0xff, 0xfe, 0xfe, 0x00, 0x03, 0x03, 0xff, 0xff, 0xc0, 0xfb, 0x00, 0x02, 0x0f, 0xff, 0xfe, 0xfe,
  0x00, 0x03, 0x07, 0xff, 0xff, 0xc0, 0xfb, 0x00, 0x02, 0x1f, 0xff, 0xfe, 0xfe, 0x00, 0x03, 0x07, 0xff, 0xff, 0x80, 0xfb, 0x00, 0x02, 0x1f, 0xff,
  0xfe, 0xfe, 0x00, 0x03, 0x07, 0xff, 0xff, 0x80, 0xfb, 0x00, 0x02, 0x1f, 0xff, 0xfe, 0xfe, 0x00, 0x03, 0x07, 0xff, 0xff, 0x80, 0xfb, 0x00, 0x02,
  0x1f, 0xff, 0xfe, 0xfe, 0x00, 0x03, 0x03, 0xff, 0xff, 0x80, 0xfb, 0x00, 0x02, 0x1f, 0xff, 0xfc, 0xfe, 0x00, 0x03, 0x03, 0xff, 0xff, 0x80, 0xfb,
  0x00, 0x02, 0x1f, 0xff, 0xfc, 0xfe, 0x00, 0x03, 0x01, 0xff, 0xff, 0xc0, 0xfb, 0x00, 0x02, 0x0f, 0xff, 0xf8, 0x97, 0x00, 0x81, 0x00, 0x81, 0x00,
  0x81, 0x00, 0xdd, 0x00, 0x07, 0x1f, 0xff, 0x80, 0x00, 0x00, 0x0f, 0xff, 0xf8, 0xfa, 0x00, 0x09, 0x01, 0xff, 0xff, 0xc0, 0x00, 0x00, 0x1f, 0xff,
  0xff, 0x80, 0xfb, 0x00, 0x09, 0x1f, 0xff, 0xff, 0xe0, 0x00, 0x00, 0x3f, 0xff, 0xff, 0xe0, 0xfb, 0x00, 0x09, 0x7f, 0xff, 0xff, 0xe0, 0x00, 0x00,
  0x3f, 0xff, 0xff, 0xf8, 0xfb, 0x00, 0xfe, 0xff, 0x06, 0xe0, 0x00, 0x00, 0x3f, 0xff, 0xff, 0xf8, 0xfb, 0x00, 0xfe, 0xff, 0x06, 0xe0, 0x00, 0x00,
  0x3f, 0xff, 0xff, 0xfc, 0xfb, 0x00, 0xfe, 0xff, 0x06, 0xe0, 0x00, 0x00, 0x1f, 0xff, 0xff, 0xfc, 0xfb, 0x00, 0xfe, 0xff, 0x06, 0x80, 0x00, 0x00,
  0x07, 0xff, 0xff, 0xfc, 0xfb, 0x00, 0x09, 0xff, 0xff, 0xfe, 0x00, 0x1f, 0xe0, 0x07, 0xff, 0xff, 0xf8, 0xfb, 0x00, 0x09, 0xff, 0xff, 0xfe, 0x00,
  0xff, 0xf8, 0x07, 0xff, 0xff, 0xb0, 0xfb, 0x00, 0x09, 0x3f, 0xff, 0xfc, 0x03, 0xff, 0xfe, 0x07, 0xff, 0xff, 0x80, 0xfb, 0x00, 0x09, 0x3f, 0xff,
  0xfe, 0x07, 0xff, 0xff, 0x07, 0xff, 0xff, 0x80, 0xfb, 0x00, 0x09, 0x3f, 0xff, 0xfe, 0x0f, 0xff, 0xff, 0x87, 0xff, 0xff, 0x80, 0xfb, 0x00, 0x09,
  0x3f, 0xff, 0xfc, 0x0f, 0xff, 0xff, 0x87, 0xff, 0xff, 0x80, 0xfb, 0x00, 0x09, 0x3f, 0xff, 0xfe, 0x0f, 0xf8, 0x7f, 0xc3, 0xff, 0xff, 0xc0, 0xfb,
  0x00, 0x09, 0x1f, 0xff, 0xfe, 0x0f, 0xc0, 0x1f, 0xc3, 0xff, 0xff, 0xc0, 0xfb, 0x00, 0x09, 0x1f, 0xff, 0xfe, 0x07, 0x00, 0x07, 0x83, 0xff, 0xff,
  0xc0, 0xfb, 0x00, 0x02, 0x1f, 0xff, 0xfe, 0xfe, 0x00, 0x03, 0x01, 0xff, 0xff, 0xc0, 0xfb, 0x00, 0x02, 0x0f, 0xff, 0xff, 0xfe, 0x00, 0x03, 0x01,
  0xff, 0xff, 0xe0, 0xfb, 0x00, 0x02, 0x0f, 0xff, 0xff, 0xfe, 0x00, 0x03, 0x01, 0xff, 0xff, 0xe0, 0xfb, 0x00, 0x02, 0x07, 0xff, 0xff, 0xfe, 0x00,
  0x03, 0x01, 0xff, 0xff, 0xe0, 0xfb, 0x00, 0x09, 0x07, 0xff, 0xff, 0x80, 0x00, 0x00, 0x01, 0xff, 0xff, 0xe0, 0xfb, 0x00, 0x09, 0x07, 0xff, 0xff,
  0x80, 0x00, 0x00, 0x01, 0xff, 0xff, 0xe0, 0xfb, 0x00, 0x02, 0x07, 0xff, 0xff, 0xfe, 0x00, 0x03, 0x01, 0xff, 0xff, 0xc0, 0xfb, 0x00, 0x02, 0x07,
  0xff, 0xff, 0xfe, 0x00, 0x03, 0x01, 0xff, 0xff, 0xc0, 0xfb, 0x00, 0x02, 0x0f, 0xff, 0xff, 0xfe, 0x00, 0x03, 0x03, 0xff, 0xff, 0xc0, 0xfb, 0x00,
  0x02, 0x0f, 0xff, 0xfe, 0xfe, 0x00, 0x03, 0x03, 0xff, 0xff, 0xc0, 0xfb, 0x00, 0x02, 0x0f, 0xff, 0xfe, 0xfe, 0x00, 0x03, 0x03, 0xff, 0xff, 0x80,
  0xfb, 0x00, 0x02, 0x1f, 0xff, 0xfe, 0xfe, 0x00, 0x03, 0x03, 0xff, 0xff, 0x80, 0xfb, 0x00, 0x02, 0x1f, 0xff, 0xfc, 0xfe, 0x00, 0x03, 0x03, 0xff,
  0xff, 0x80, 0xfb, 0x00, 0x02, 0x1f, 0xff, 0xfc, 0xfe, 0x00, 0x03, 0x03, 0xff, 0xff, 0x80, 0xfb, 0x00, 0x02, 0x0f, 0xff, 0xf8, 0x97, 0x00, 0x81,
  0x00, 0x81, 0x00, 0x81, 0x00, 0xdd, 0x00, 0x07, 0x1f, 0xff, 0x80, 0x00, 0x00, 0x0f, 0xff, 0xf8, 0xfa, 0x00, 0x09, 0x01, 0xff, 0xff, 0xc0, 0x00,
  0x00, 0x1f, 0xff, 0xff, 0x80, 0xfb, 0x00, 0x09, 0x1f, 0xff, 0xff, 0xe0, 0x00, 0x00, 0x3f, 0xff, 0xff, 0xe0, 0xfb, 0x00, 0x09, 0x7f, 0xff, 0xff,
  0xe0, 0x00, 0x00, 0x3f, 0xff, 0xff, 0xf8, 0xfb, 0x00, 0xfe, 0xff, 0x06, 0xe0, 0x00, 0x00, 0x3f, 0xff, 0xff, 0xf8, 0xfb, 0x00, 0xfe, 0xff, 0x06,
  0xe0, 0x00, 0x00, 0x3f, 0xff, 0xff, 0xfc, 0xfb, 0x00, 0xfe, 0xff, 0x06, 0xe0, 0x00, 0x00, 0x1f, 0xff, 0xff, 0xfc, 0xfb, 0x00, 0xfe, 0xff, 0x06,
  0xc0, 0x00, 0x00, 0x03, 0xff, 0xff, 0xfc, 0xfb, 0x00, 0x09, 0xff, 0xff, 0xfe, 0x00, 0x1f, 0xe0, 0x03, 0xff, 0xff, 0xf8, 0xfb, 0x00, 0x09, 0xff,
  0xff, 0xfe, 0x00, 0xff, 0xf8, 0x07, 0xff, 0xff, 0xb0, 0xfb, 0x00, 0x09, 0x3f, 0xff, 0xfe, 0x03, 0xff, 0xfe, 0x07, 0xff, 0xff, 0x80, 0xfb, 0x00,
  0x09, 0x3f, 0xff, 0xfe, 0x07, 0xff, 0xff, 0x07, 0xff, 0xff, 0x80, 0xfb, 0x00, 0x09, 0x3f, 0xff, 0xfe, 0x0f, 0xff, 0xff, 0x87, 0xff, 0xff, 0x80,
  0xfb, 0x00, 0x09, 0x3f, 0xff, 0xfc, 0x0f, 0xff, 0xff, 0x87, 0xff, 0xff, 0x80, 0xfb, 0x00, 0x09, 0x3f, 0xff, 0xfc, 0x0f, 0xf8, 0x7f, 0xc7, 0xff,
  0xff, 0x80, 0xfb, 0x00, 0x09, 0x3f, 0xff, 0xfe, 0x0f, 0xc0, 0x1f, 0x87, 0xff, 0xff, 0xc0, 0xfb, 0x00, 0x09, 0x3f, 0xff, 0xfe, 0x07, 0x00, 0x07,
  0x83, 0xff, 0xff, 0xc0, 0xfb, 0x00, 0x02, 0x1f, 0xff, 0xfe, 0xfe, 0x00, 0x03, 0x03, 0xff, 0xff, 0xc0, 0xfb, 0x00, 0x02, 0x1f, 0xff, 0xfe, 0xfe,
  0x00, 0x03, 0x03, 0xff, 0xff, 0xc0, 0xfb, 0x00, 0x02, 0x1f, 0xff, 0xff, 0xfe, 0x00, 0x03, 0x03, 0xff, 0xff, 0xe0, 0xfb, 0x00, 0x02, 0x0f, 0xff,
  0xff, 0xfe, 0x00, 0x03, 0x01, 0xff, 0xff, 0xe0, 0xfb, 0x00, 0x09, 0x0f, 0xff, 0xff, 0x80, 0x00, 0x00, 0x01, 0xff, 0xff, 0xe0, 0xfb, 0x00, 0x09,
  0x07, 0xff, 0xff, 0x80, 0x00, 0x00, 0x01, 0xff, 0xff, 0xe0, 0xfb, 0x00, 0x09, 0x07, 0xff, 0xff, 0x80, 0x00, 0x00, 0x01, 0xff, 0xff, 0xe0, 0xfb,
  0x00, 0x02, 0x07, 0xff, 0xff, 0xfe, 0x00, 0x03, 0x01, 0xff, 0xff, 0xe0, 0xfb, 0x00, 0x02, 0x07, 0xff, 0xff, 0xfe, 0x00, 0x03, 0x01, 0xff, 0xff,
  0xe0, 0xfb, 0x00, 0x02, 0x07, 0xff, 0xff, 0xfe, 0x00, 0x03, 0x01, 0xff, 0xff, 0xc0, 0xfb, 0x00, 0x02, 0x07, 0xff, 0xff, 0xfe, 0x00, 0x03, 0x01,
  0xff, 0xff, 0xc0, 0xfb, 0x00, 0x02, 0x0f, 0xff, 0xfe, 0xfe, 0x00, 0x03, 0x03, 0xff, 0xff, 0xc0, 0xfb, 0x00, 0x02, 0x0f, 0xff, 0xfe, 0xfe, 0x00,
  0x03, 0x03, 0xff, 0xff, 0x80, 0xfb, 0x00, 0x02, 0x0f, 0xff, 0xfe, 0xfe, 0x00, 0x03, 0x03, 0xff, 0xff, 0x80, 0xfb, 0x00, 0x02, 0x0f, 0xff, 0xf8,
  0x97, 0x00, 0x81, 0x00, 0x81, 0x00, 0x81, 0x00, 0xdd, 0x00, 0x01, 0x1f, 0xff, 0xfe, 0x00, 0x02, 0x0f, 0xff, 0xf8, 0xfa, 0x00, 0x08, 0x01, 0xff,
  0xff, 0xc0, 0x00, 0x00, 0x1f, 0xff, 0xff, 0xfa, 0x00, 0x09, 0x0f, 0xff, 0xff, 0xe0, 0x00, 0x00, 0x3f, 0xff, 0xff, 0xe0, 0xfb, 0x00, 0x09, 0x7f,
  0xff, 0xff, 0xe0, 0x00, 0x00, 0x3f, 0xff, 0xff, 0xf8, 0xfb, 0x00, 0xfe, 0xff, 0x06, 0xe0, 0x00, 0x00, 0x3f, 0xff, 0xff, 0xf8, 0xfb, 0x00, 0xfe,
  0xff, 0x06, 0xe0, 0x00, 0x00, 0x3f, 0xff, 0xff, 0xfc, 0xfc, 0x00, 0x00, 0x01, 0xfe, 0xff, 0x06, 0xe0, 0x00, 0x00, 0x1f, 0xff, 0xff, 0xfc, 0xfc,
  0x00, 0x00, 0x01, 0xfe, 0xff, 0x06, 0xe0, 0x00, 0x00, 0x03, 0xff, 0xff, 0xfc, 0xfb, 0x00, 0xfe, 0xff, 0x06, 0x00, 0x0f, 0xc0, 0x01, 0xff, 0xff,
  0xf8, 0xfb, 0x00, 0xfe, 0xff, 0x06, 0x00, 0xff, 0xf8, 0x01, 0xff, 0xff, 0xf0, 0xfb, 0x00, 0x09, 0x0f, 0xff, 0xff, 0x03, 0xff, 0xfe, 0x03, 0xff,
  0xff, 0xc0, 0xfb, 0x00, 0x09, 0x0f, 0xff, 0xfe, 0x07, 0xff, 0xff, 0x03, 0xff, 0xff, 0xc0, 0xfb, 0x00, 0x09, 0x0f, 0xff, 0xfe, 0x0f, 0xff, 0xff,
  0x83, 0xff, 0xff, 0x80, 0xfb, 0x00, 0x09, 0x1f, 0xff, 0xfe, 0x0f, 0xff, 0xff, 0x87, 0xff, 0xff, 0x80, 0xfb, 0x00, 0x09, 0x1f, 0xff, 0xfe, 0x0f,
  0xf8, 0x7f, 0xc7, 0xff, 0xff, 0x80, 0xfb, 0x00, 0x09, 0x1f, 0xff, 0xfe, 0x0f, 0xc0, 0x1f, 0x87, 0xff, 0xff, 0x80, 0xfb, 0x00, 0x09, 0x3f, 0xff,
  0xfe, 0x07, 0x00, 0x07, 0x87, 0xff, 0xff, 0x80, 0xfb, 0x00, 0x02, 0x3f, 0xff, 0xfc, 0xfe, 0x00, 0x03, 0x07, 0xff, 0xff, 0x80, 0xfb, 0x00, 0x02,
  0x3f, 0xff, 0xfc, 0xfe, 0x00, 0x03, 0x03, 0xff, 0xff, 0x80, 0xfb, 0x00, 0x02, 0x1f, 0xff, 0xfe, 0xfe, 0x00, 0x03, 0x03, 0xff, 0xff, 0xc0, 0xfb,
  0x00, 0x02, 0x1f, 0xff, 0xfe, 0xfe, 0x00, 0x03, 0x03, 0xff, 0xff, 0xc0, 0xfb, 0x00, 0x02, 0x1f, 0xff, 0xfe, 0xfe, 0x00, 0x03, 0x03, 0xff, 0xff,
  0xc0, 0xfb, 0x00, 0x02, 0x0f, 0xff, 0xfe, 0xfe, 0x00, 0x03, 0x01, 0xff, 0xff, 0xe0, 0xfb, 0x00, 0x02, 0x0f, 0xff, 0xff, 0xfe, 0x00, 0x03, 0x01,
  0xff, 0xff, 0xe0, 0xfb, 0x00, 0x02, 0x07, 0xff, 0xff, 0xfd, 0x00, 0x02, 0xff, 0xff, 0xe0, 0xfb, 0x00, 0x03, 0x07, 0xff, 0xff, 0x80, 0xfe, 0x00,
  0x02, 0xff, 0xff, 0xe0, 0xfb, 0x00, 0x03, 0x07, 0xff, 0xff, 0x80, 0xfe, 0x00, 0x02, 0xff, 0xff, 0xe0, 0xfb, 0x00, 0x02, 0x07, 0xff, 0xff, 0xfd,
  0x00, 0x02, 0xff, 0xff, 0xe0, 0xfb, 0x00, 0x02, 0x07, 0xff, 0xff, 0xfe, 0x00, 0x03, 0x01, 0xff, 0xff, 0xc0, 0xfb, 0x00, 0x02, 0x07, 0xff, 0xff,
  0xfe, 0x00, 0x03, 0x01, 0xff, 0xff, 0xc0, 0xfb, 0x00, 0x02, 0x07, 0xff, 0xff, 0xfe, 0x00, 0x03, 0x01, 0xff, 0xff, 0xc0, 0xfb, 0x00, 0x02, 0x07,
  0xff, 0xfe, 0x97, 0x00, 0x81, 0x00, 0x81, 0x00, 0x81, 0x00, 0xdd, 0x00, 0x01, 0x1f, 0xff, 0xfe, 0x00, 0x02, 0x0f, 0xff, 0xf8, 0xfa, 0x00, 0x08,
  0x01, 0xff, 0xff, 0xc0, 0x00, 0x00, 0x1f, 0xff, 0xff, 0xfa, 0x00, 0x09, 0x0f, 0xff, 0xff, 0xe0, 0x00, 0x00, 0x3f, 0xff, 0xff, 0xe0, 0xfb, 0x00,
  0x09, 0x7f, 0xff, 0xff, 0xe0, 0x00, 0x00, 0x3f, 0xff, 0xff, 0xf8, 0xfb, 0x00, 0xfe, 0xff, 0x06, 0xe0, 0x00, 0x00, 0x3f, 0xff, 0xff, 0xf8, 0xfb,
  0x00, 0xfe, 0xff, 0x06, 0xe0, 0x00, 0x00, 0x3f, 0xff, 0xff, 0xfc, 0xfc, 0x00, 0x00, 0x01, 0xfe, 0xff, 0x06, 0xe0, 0x00, 0x00, 0x1f, 0xff, 0xff,
  0xfc, 0xfc, 0x00, 0x00, 0x01, 0xfe, 0xff, 0x06, 0x80, 0x00, 0x00, 0x03, 0xff, 0xff, 0xfc, 0xfb, 0x00, 0xfe, 0xff, 0x06, 0x00, 0x0f, 0xc0, 0x01,
  0xff, 0xff, 0xf8, 0xfb, 0x00, 0xfe, 0xff, 0x06, 0x00, 0xff, 0xf8, 0x01, 0xff, 0xff, 0xf0, 0xfb, 0x00, 0x09, 0x07, 0xff, 0xff, 0x03, 0xff, 0xfe,
  0x01, 0xff, 0xff, 0xc0, 0xfb, 0x00, 0x09, 0x0f, 0xff, 0xff, 0x07, 0xff, 0xff, 0x01, 0xff, 0xff, 0xc0, 0xfb, 0x00, 0x09, 0x0f, 0xff, 0xff, 0x0f,
  0xff, 0xff, 0x83, 0xff, 0xff, 0xc0, 0xfb, 0x00, 0x09, 0x0f, 0xff, 0xff, 0x0f, 0xff, 0xff, 0x83, 0xff, 0xff, 0xc0, 0xfb, 0x00, 0x09, 0x0f, 0xff,
  0xfe, 0x0f, 0xf8, 0x7f, 0xc3, 0xff, 0xff, 0xc0, 0xfb, 0x00, 0x09, 0x1f, 0xff, 0xfe, 0x0f, 0xc0, 0x1f, 0x87, 0xff, 0xff, 0x80, 0xfb, 0x00, 0x09,
  0x1f, 0xff, 0xfe, 0x07, 0x00, 0x07, 0x87, 0xff, 0xff, 0x80, 0xfb, 0x00, 0x02, 0x3f, 0xff, 0xfe, 0xfe, 0x00, 0x03, 0x07, 0xff, 0xff, 0x80, 0xfb,
  0x00, 0x02, 0x3f, 0xff, 0xfe, 0xfe, 0x00, 0x03, 0x07, 0xff, 0xff, 0x80, 0xfb, 0x00, 0x02, 0x3f, 0xff, 0xfe, 0xfe, 0x00, 0x03, 0x07, 0xff, 0xff,
  0xc0, 0xfb, 0x00, 0x02, 0x3f, 0xff, 0xfe, 0xfe, 0x00, 0x03, 0x07, 0xff, 0xff, 0xc0, 0xfb, 0x00, 0x02, 0x1f, 0xff, 0xfe, 0xfe, 0x00, 0x03, 0x07,
  0xff, 0xff, 0xc0, 0xfb, 0x00, 0x02, 0x1f, 0xff, 0xfe, 0xfe, 0x00, 0x03, 0x03, 0xff, 0xff, 0xc0, 0xfb, 0x00, 0x02, 0x1f, 0xff, 0xfe, 0xfe, 0x00,
  0x03, 0x03, 0xff, 0xff, 0xc0, 0xfb, 0x00, 0x02, 0x0f, 0xff, 0xfe, 0xfe, 0x00, 0x03, 0x01, 0xff, 0xff, 0xe0, 0xfb, 0x00, 0x02, 0x0f, 0xff, 0xff,
  0xfe, 0x00, 0x03, 0x01, 0xff, 0xff, 0xe0, 0xfb, 0x00, 0x03, 0x0f, 0xff, 0xff, 0x80, 0xfe, 0x00, 0x02, 0xff, 0xff, 0xe0, 0xfb, 0x00, 0x02, 0x07,
  0xff, 0xff, 0xfd, 0x00, 0x02, 0xff, 0xff, 0xe0, 0xfb, 0x00, 0x02, 0x07, 0xff, 0xff, 0xfd, 0x00, 0x02, 0xff, 0xff, 0xe0, 0xfb, 0x00, 0x03, 0x07,
  0xff, 0xff, 0x80, 0xfe, 0x00, 0x02, 0xff, 0xff, 0xe0, 0xfb, 0x00, 0x02, 0x03, 0xff, 0xff, 0xfd, 0x00, 0x02, 0xff, 0xff, 0xc0, 0xfb, 0x00, 0x02,
  0x03, 0xff, 0xff, 0x97, 0x00, 0x81, 0x00, 0x81, 0x00, 0x81, 0x00, 0xdd, 0x00, 0x01, 0x1f, 0xff, 0xfe, 0x00, 0x02, 0x0f, 0xff, 0xf8, 0xfa, 0x00,
  0x08, 0x01, 0xff, 0xff, 0xc0, 0x00, 0x00, 0x1f, 0xff, 0xff, 0xfa, 0x00, 0x09, 0x0f, 0xff, 0xff, 0xe0, 0x00, 0x00, 0x3f, 0xff, 0xff, 0xe0, 0xfb,
  0x00, 0x09, 0x7f, 0xff, 0xff, 0xe0, 0x00, 0x00, 0x3f, 0xff, 0xff, 0xf8, 0xfb, 0x00, 0xfe, 0xff, 0x06, 0xe0, 0x00, 0x00, 0x3f, 0xff, 0xff, 0xf8,
  0xfb, 0x00, 0xfe, 0xff, 0x06, 0xe0, 0x00, 0x00, 0x3f, 0xff, 0xff, 0xfc, 0xfc, 0x00, 0x00, 0x01, 0xfe, 0xff, 0x06, 0xe0, 0x00, 0x00, 0x1f, 0xff,
  0xff, 0xfc, 0xfb, 0x00, 0xfe, 0xff, 0x06, 0x80, 0x00, 0x00, 0x03, 0xff, 0xff, 0xfc, 0xfb, 0x00, 0x09, 0xff, 0xff, 0xfe, 0x00, 0x0f, 0xc0, 0x01,
  0xff, 0xff, 0xf8, 0xfb, 0x00, 0x09, 0xff, 0xff, 0xfe, 0x00, 0x7f, 0xf8, 0x01, 0xff, 0xff, 0xf0, 0xfb, 0x00, 0x09, 0x0f, 0xff, 0xff, 0x03, 0xff,
  0xfe, 0x01, 0xff, 0xff, 0xe0, 0xfb, 0x00, 0x09, 0x0f, 0xff, 0xff, 0x07, 0xff, 0xff, 0x01, 0xff, 0xff, 0xe0, 0xfb, 0x00, 0x09, 0x07, 0xff, 0xff,
  0x0f, 0xff, 0xff, 0x81, 0xff, 0xff, 0xe0, 0xfb, 0x00, 0x09, 0x07, 0xff, 0xff, 0x8f, 0xff, 0xff, 0x81, 0xff, 0xff, 0xc0, 0xfb, 0x00, 0x09, 0x07,
  0xff, 0xff, 0x8f, 0xf8, 0x7f, 0xc3, 0xff, 0xff, 0xc0, 0xfb, 0x00, 0x09, 0x0f, 0xff, 0xff, 0x0f, 0xc0, 0x1f, 0x83, 0xff, 0xff, 0xc0, 0xfb, 0x00,
  0x09, 0x0f, 0xff, 0xff, 0x07, 0x00, 0x07, 0x83, 0xff, 0xff, 0xc0, 0xfb, 0x00, 0x02, 0x0f, 0xff, 0xfe, 0xfe, 0x00, 0x03, 0x07, 0xff, 0xff, 0xc0,
  0xfb, 0x00, 0x02, 0x1f, 0xff, 0xfe, 0xfe, 0x00, 0x03, 0x07, 0xff, 0xff, 0x80, 0xfb, 0x00, 0x02, 0x1f, 0xff, 0xfe, 0xfe, 0x00, 0x03, 0x07, 0xff,
  0xff, 0x80, 0xfb, 0x00, 0x02, 0x1f, 0xff, 0xfe, 0xfe, 0x00, 0x03, 0x07, 0xff, 0xff, 0x80, 0xfb, 0x00, 0x02, 0x1f, 0xff, 0xfc, 0xfe, 0x00, 0x03,
  0x07, 0xff, 0xff, 0x80, 0xfb, 0x00, 0x02, 0x3f, 0xff, 0xfe, 0xfe, 0x00, 0x03, 0x03, 0xff, 0xff, 0xc0, 0xfb, 0x00, 0x02, 0x1f, 0xff, 0xfe, 0xfe,
  0x00, 0x03, 0x03, 0xff, 0xff, 0xc0, 0xfb, 0x00, 0x02, 0x1f, 0xff, 0xfe, 0xfe, 0x00, 0x03, 0x03, 0xff, 0xff, 0xc0, 0xfb, 0x00, 0x02, 0x1f, 0xff,
  0xfe, 0xfe, 0x00, 0x03, 0x01, 0xff, 0xff, 0xc0, 0xfb, 0x00, 0x02, 0x0f, 0xff, 0xfe, 0xfe, 0x00, 0x03, 0x01, 0xff, 0xff, 0xc0, 0xfb, 0x00, 0x02,
  0x0f, 0xff, 0xfe, 0xfd, 0x00, 0x02, 0xff, 0xff, 0xc0, 0xfb, 0x00, 0x02, 0x07, 0xff, 0xff, 0xfd, 0x00, 0x02, 0xff, 0xff, 0xe0, 0xfb, 0x00, 0x03,
  0x07, 0xff, 0xff, 0x80, 0xfe, 0x00, 0x02, 0xff, 0xff, 0xe0, 0xfb, 0x00, 0x03, 0x03, 0xff, 0xff, 0x80, 0xfe, 0x00, 0x02, 0xff, 0xff, 0xc0, 0xfb,
  0x00, 0x02, 0x03, 0xff, 0xff, 0x97, 0x00, 0x81, 0x00, 0x81, 0x00, 0x81, 0x00, 0xdd, 0x00, 0x01, 0x1f, 0xff, 0xfe, 0x00, 0x02, 0x0f, 0xff, 0xf8,
  0xfa, 0x00, 0x08, 0x01, 0xff, 0xff, 0xc0, 0x00, 0x00, 0x1f, 0xff, 0xff, 0xfa, 0x00, 0x09, 0x0f, 0xff, 0xff, 0xe0, 0x00, 0x00, 0x3f, 0xff, 0xff,
  0xe0, 0xfb, 0x00, 0x09, 0x3f, 0xff, 0xff, 0xe0, 0x00, 0x00, 0x3f, 0xff, 0xff, 0xf8, 0xfb, 0x00, 0xfe, 0xff, 0x06, 0xe0, 0x00, 0x00, 0x3f, 0xff,
  0xff, 0xf8, 0xfb, 0x00, 0xfe, 0xff, 0x06, 0xe0, 0x00, 0x00, 0x3f, 0xff, 0xff, 0xfc, 0xfb, 0x00, 0xfe, 0xff, 0x06, 0xe0, 0x00, 0x00, 0x1f, 0xff,
  0xff, 0xfc, 0xfb, 0x00, 0xfe, 0xff, 0x06, 0x80, 0x00, 0x00, 0x0f, 0xff, 0xff, 0xfc, 0xfb, 0x00, 0x09, 0xff, 0xff, 0xfe, 0x00, 0x0f, 0xc0, 0x03,
  0xff, 0xff, 0xf8, 0xfb, 0x00, 0x09, 0xff, 0xff, 0xfe, 0x00, 0x7f, 0xf8, 0x03, 0xff, 0xff, 0xf0, 0xfb, 0x00, 0x09, 0x1f, 0xff, 0xfe, 0x03, 0xff,
  0xfe, 0x03, 0xff, 0xff, 0xc0, 0xfb, 0x00, 0x09, 0x1f, 0xff, 0xfe, 0x07, 0xff, 0xff, 0x01, 0xff, 0xff, 0xe0, 0xfb, 0x00, 0x09, 0x0f, 0xff, 0xff,
  0x0f, 0xff, 0xff, 0x81, 0xff, 0xff, 0xe0, 0xfb, 0x00, 0x09, 0x0f, 0xff, 0xff, 0x0f, 0xff, 0xff, 0x81, 0xff, 0xff, 0xe0, 0xfb, 0x00, 0x09, 0x07,
  0xff, 0xff, 0x8f, 0xf8, 0x7f, 0xc1, 0xff, 0xff, 0xe0, 0xfb, 0x00, 0x09, 0x07, 0xff, 0xff, 0x0f, 0xc0, 0x1f, 0xc1, 0xff, 0xff, 0xe0, 0xfb, 0x00,
  0x09, 0x07, 0xff, 0xff, 0x07, 0x00, 0x07, 0x81, 0xff, 0xff, 0xc0, 0xfb, 0x00, 0x02, 0x0f, 0xff, 0xff, 0xfe, 0x00, 0x03, 0x03, 0xff, 0xff, 0xc0,
  0xfb, 0x00, 0x02, 0x0f, 0xff, 0xff, 0xfe, 0x00, 0x03, 0x03, 0xff, 0xff, 0xc0, 0xfb, 0x00, 0x02, 0x0f, 0xff, 0xff, 0xfe, 0x00, 0x03, 0x03, 0xff,
  0xff, 0xc0, 0xfb, 0x00, 0x02, 0x1f, 0xff, 0xfe, 0xfe, 0x00, 0x03, 0x07, 0xff, 0xff, 0xc0, 0xfb, 0x00, 0x02, 0x1f, 0xff, 0xfe, 0xfe, 0x00, 0x03,
  0x07, 0xff, 0xff, 0x80, 0xfb, 0x00, 0x02, 0x1f, 0xff, 0xfe, 0xfe, 0x00, 0x03, 0x07, 0xff, 0xff, 0x80, 0xfb, 0x00, 0x02, 0x1f, 0xff, 0xfe, 0xfe,
  0x00, 0x03, 0x07, 0xff, 0xff, 0x80, 0xfb, 0x00, 0x02, 0x1f, 0xff, 0xfe, 0xfe, 0x00, 0x03, 0x07, 0xff, 0xff, 0x80, 0xfb, 0x00, 0x02, 0x1f, 0xff,
  0xfe, 0xfe, 0x00, 0x03, 0x07, 0xff, 0xff, 0xc0, 0xfb, 0x00, 0x02, 0x1f, 0xff, 0xfe, 0xfe, 0x00, 0x03, 0x03, 0xff, 0xff, 0xc0, 0xfb, 0x00, 0x02,
  0x1f, 0xff, 0xfe, 0xfe, 0x00, 0x03, 0x01, 0xff, 0xff, 0xc0, 0xfb, 0x00, 0x02, 0x0f, 0xff, 0xfe, 0xfe, 0x00, 0x03, 0x01, 0xff, 0xff, 0xc0, 0xfb,
  0x00, 0x02, 0x0f, 0xff, 0xfe, 0xfd, 0x00, 0x02, 0xff, 0xff, 0xc0, 0xfb, 0x00, 0x02, 0x07, 0xff, 0xff, 0xfd, 0x00, 0x02, 0xff, 0xff, 0xc0, 0xfb,
  0x00, 0x02, 0x07, 0xff, 0xff, 0x97, 0x00, 0x81, 0x00, 0x81, 0x00, 0x81, 0x00, 0xdd, 0x00, 0x01, 0x1f, 0xff, 0xfe, 0x00, 0x02, 0x0f, 0xff, 0xf8,
  0xfa, 0x00, 0x08, 0x01, 0xff, 0xff, 0xc0, 0x00, 0x00, 0x1f, 0xff, 0xff, 0xfa, 0x00, 0x09, 0x0f, 0xff, 0xff, 0xe0, 0x00, 0x00, 0x3f, 0xff, 0xff,
  0xe0, 0xfb, 0x00, 0x09, 0x3f, 0xff, 0xff, 0xe0, 0x00, 0x00, 0x3f, 0xff, 0xff, 0xf8, 0xfb, 0x00, 0xfe, 0xff, 0x06, 0xe0, 0x00, 0x00, 0x3f, 0xff,
  0xff, 0xf8, 0xfb, 0x00, 0xfe, 0xff, 0x06, 0xe0, 0x00, 0x00, 0x3f, 0xff, 0xff, 0xfc, 0xfc, 0x00, 0x00, 0x01, 0xfe, 0xff, 0x06, 0xe0, 0x00, 0x00,
  0x1f, 0xff, 0xff, 0xfc, 0xfb, 0x00, 0xfe, 0xff, 0x06, 0xc0, 0x00, 0x00, 0x0f, 0xff, 0xff, 0xfc, 0xfb, 0x00, 0x09, 0xff, 0xff, 0xfc, 0x00, 0x0f,
  0xc0, 0x07, 0xff, 0xff, 0xf8, 0xfb, 0x00, 0x09, 0xff, 0xff, 0xfc, 0x00, 0x7f, 0xf8, 0x07, 0xff, 0xff, 0xf0, 0xfb, 0x00, 0x09, 0x7f, 0xff, 0xfc,
  0x03, 0xff, 0xfe, 0x07, 0xff, 0xff, 0xc0, 0xfb, 0x00, 0x09, 0x1f, 0xff, 0xfe, 0x07, 0xff, 0xff, 0x03, 0xff, 0xff, 0xc0, 0xfb, 0x00, 0x09, 0x1f,
  0xff, 0xfe, 0x0f, 0xff, 0xff, 0x83, 0xff, 0xff, 0xc0, 0xfb, 0x00, 0x09, 0x0f, 0xff, 0xfe, 0x0f, 0xff, 0xff, 0x81, 0xff, 0xff, 0xc0, 0xfb, 0x00,
  0x09, 0x0f, 0xff, 0xff, 0x0f, 0xff, 0xff, 0xc1, 0xff, 0xff, 0xe0, 0xfb, 0x00, 0x09, 0x07, 0xff, 0xff, 0x0f, 0xc0, 0x1f, 0xc1, 0xff, 0xff, 0xe0,
  0xfb, 0x00, 0x09, 0x07, 0xff, 0xff, 0x07, 0x00, 0x07, 0x81, 0xff, 0xff, 0xe0, 0xfb, 0x00, 0x09, 0x07, 0xff, 0xff, 0x80, 0x00, 0x00, 0x01, 0xff,
  0xff, 0xe0, 0xfb, 0x00, 0x09, 0x07, 0xff, 0xff, 0x80, 0x00, 0x00, 0x01, 0xff, 0xff, 0xe0, 0xfb, 0x00, 0x02, 0x07, 0xff, 0xff, 0xfe, 0x00, 0x03,
  0x01, 0xff, 0xff, 0xc0, 0xfb, 0x00, 0x02, 0x0f, 0xff, 0xff, 0xfe, 0x00, 0x03, 0x03, 0xff, 0xff, 0xc0, 0xfb, 0x00, 0x02, 0x0f, 0xff, 0xfe, 0xfe,
  0x00, 0x03, 0x03, 0xff, 0xff, 0xc0, 0xfb, 0x00, 0x02, 0x0f, 0xff, 0xfe, 0xfe, 0x00, 0x03, 0x03, 0xff, 0xff, 0x80, 0xfb, 0x00, 0x02, 0x1f, 0xff,
  0xfe, 0xfe, 0x00, 0x03, 0x07, 0xff, 0xff, 0x80, 0xfb, 0x00, 0x02, 0x1f, 0xff, 0xfe, 0xfe, 0x00, 0x03, 0x07, 0xff, 0xff, 0x80, 0xfb, 0x00, 0x02,
  0x1f, 0xff, 0xfc, 0xfe, 0x00, 0x03, 0x07, 0xff, 0xff, 0x80, 0xfb, 0x00, 0x02, 0x1f, 0xff, 0xfc, 0xfe, 0x00, 0x03, 0x03, 0xff, 0xff, 0x80, 0xfb,
  0x00, 0x02, 0x1f, 0xff, 0xfe, 0xfe, 0x00, 0x03, 0x03, 0xff, 0xff, 0xc0, 0xfb, 0x00, 0x02, 0x1f, 0xff, 0xfe, 0xfe, 0x00, 0x03, 0x01, 0xff, 0xff,
  0xc0, 0xfb, 0x00, 0x02, 0x0f, 0xff, 0xfe, 0xfe, 0x00, 0x03, 0x01, 0xff, 0xff, 0xc0, 0xfb, 0x00, 0x02, 0x0f, 0xff, 0xfe, 0xfe, 0x00, 0x03, 0x01,
  0xff, 0xff, 0xc0, 0xfb, 0x00, 0x02, 0x07, 0xff, 0xfe, 0x97, 0x00, 0x81, 0x00, 0x81, 0x00, 0x81, 0x00, 0xdd, 0x00, 0x01, 0x1f, 0xff, 0xfe, 0x00,
  0x02, 0x0f, 0xff, 0xf8, 0xfa, 0x00, 0x08, 0x01, 0xff, 0xff, 0xc0, 0x00, 0x00, 0x1f, 0xff, 0xff, 0xfa, 0x00, 0x09, 0x0f, 0xff, 0xff, 0xe0, 0x00,
  0x00, 0x3f, 0xff, 0xff, 0xe0, 0xfb, 0x00, 0x09, 0x3f, 0xff, 0xff, 0xe0, 0x00, 0x00, 0x3f, 0xff, 0xff, 0xf8, 0xfb, 0x00, 0xfe, 0xff, 0x06, 0xe0,
  0x00, 0x00, 0x3f, 0xff, 0xff, 0xf8, 0xfb, 0x00, 0xfe, 0xff, 0x06, 0xe0, 0x00, 0x00, 0x3f, 0xff, 0xff, 0xfc, 0xfc, 0x00, 0x00, 0x01, 0xfe, 0xff,
  0x06, 0xe0, 0x00, 0x00, 0x1f, 0xff, 0xff, 0xfc, 0xfb, 0x00, 0xfe, 0xff, 0x06, 0x80, 0x00, 0x00, 0x0f, 0xff, 0xff, 0xfc, 0xfb, 0x00, 0x09, 0xff,
  0xff, 0xfe, 0x00, 0x0f, 0xc0, 0x07, 0xff, 0xff, 0xf8, 0xfb, 0x00, 0x09, 0xff, 0xff, 0xfc, 0x00, 0x7f, 0xf8, 0x07, 0xff, 0xff, 0xb0, 0xfb, 0x00,
  0x09, 0x7f, 0xff, 0xfc, 0x03, 0xff, 0xfe, 0x07, 0xff, 0xff, 0x80, 0xfb, 0x00, 0x09, 0x3f, 0xff, 0xfc, 0x07, 0xff, 0xff, 0x07, 0xff, 0xff, 0xc0,
  0xfb, 0x00, 0x09, 0x3f, 0xff, 0xfe, 0x0f, 0xff, 0xff, 0x87, 0xff, 0xff, 0xc0, 0xfb, 0x00, 0x09, 0x3f, 0xff, 0xfe, 0x0f, 0xff, 0xff, 0x83, 0xff,
  0xff, 0xc0, 0xfb, 0x00, 0x09, 0x1f, 0xff, 0xfe, 0x0f, 0xff, 0xff, 0xc3, 0xff, 0xff, 0xc0, 0xfb, 0x00, 0x09, 0x1f, 0xff, 0xfe, 0x0f, 0xc0, 0x1f,
  0xc1, 0xff, 0xff, 0xc0, 0xfb, 0x00, 0x09, 0x0f, 0xff, 0xff, 0x07, 0x00, 0x07, 0x81, 0xff, 0xff, 0xe0, 0xfb, 0x00, 0x02, 0x0f, 0xff, 0xff, 0xfe,
  0x00, 0x03, 0x01, 0xff, 0xff, 0xe0, 0xfb, 0x00, 0x09, 0x0f, 0xff, 0xff, 0x80, 0x00, 0x00, 0x01, 0xff, 0xff, 0xe0, 0xfb, 0x00, 0x02, 0x07, 0xff,
  0xff, 0xfe, 0x00, 0x03, 0x01, 0xff, 0xff, 0xe0, 0xfb, 0x00, 0x02, 0x07, 0xff, 0xff, 0xfe, 0x00, 0x03, 0x01, 0xff, 0xff, 0xe0, 0xfb, 0x00, 0x09,
  0x07, 0xff, 0xff, 0x80, 0x00, 0x00, 0x01, 0xff, 0xff, 0xe0, 0xfb, 0x00, 0x09, 0x07, 0xff, 0xff, 0x80, 0x00, 0x00, 0x01, 0xff, 0xff, 0xc0, 0xfb,
  0x00, 0x02, 0x0f, 0xff, 0xff, 0xfe, 0x00, 0x03, 0x03, 0xff, 0xff, 0xc0, 0xfb, 0x00, 0x02, 0x0f, 0xff, 0xff, 0xfe, 0x00, 0x03, 0x03, 0xff, 0xff,
  0xc0, 0xfb, 0x00, 0x02, 0x0f, 0xff, 0xfe, 0xfe, 0x00, 0x03, 0x03, 0xff, 0xff, 0x80, 0xfb, 0x00, 0x02, 0x1f, 0xff, 0xfe, 0xfe, 0x00, 0x03, 0x03,
  0xff, 0xff, 0x80, 0xfb, 0x00, 0x02, 0x1f, 0xff, 0xfe, 0xfe, 0x00, 0x03, 0x07, 0xff, 0xff, 0x80, 0xfb, 0x00, 0x02, 0x1f, 0xff, 0xfe, 0xfe, 0x00,
  0x03, 0x03, 0xff, 0xff, 0x80, 0xfb, 0x00, 0x02, 0x1f, 0xff, 0xfc, 0xfe, 0x00, 0x03, 0x03, 0xff, 0xff, 0x80, 0xfb, 0x00, 0x02, 0x1f, 0xff, 0xfc,
  0xfe, 0x00, 0x03, 0x03, 0xff, 0xff, 0x80, 0xfb, 0x00, 0x02, 0x0f, 0xff, 0xfc, 0x97, 0x00, 0x81, 0x00, 0x81, 0x00, 0x81, 0x00, 0xdd, 0x00, 0x01,
  0x1f, 0xff, 0xfe, 0x00, 0x02, 0x0f, 0xff, 0xf8, 0xfa, 0x00, 0x08, 0x01, 0xff, 0xff, 0xc0, 0x00, 0x00, 0x1f, 0xff, 0xff, 0xfa, 0x00, 0x09, 0x0f,
  0xff, 0xff, 0xe0, 0x00, 0x00, 0x3f, 0xff, 0xff, 0xe0, 0xfb, 0x00, 0x09, 0x3f, 0xff, 0xff, 0xe0, 0x00, 0x00, 0x3f, 0xff, 0xff, 0xf8, 0xfb, 0x00,
  0xfe, 0xff, 0x06, 0xe0, 0x00, 0x00, 0x3f, 0xff, 0xff, 0xf8, 0xfb, 0x00, 0xfe, 0xff, 0x06, 0xe0, 0x00, 0x00, 0x3f, 0xff, 0xff, 0xfc, 0xfb, 0x00,
  0xfe, 0xff, 0x06, 0xe0, 0x00, 0x00, 0x1f, 0xff, 0xff, 0xfc, 0xfb, 0x00, 0xfe, 0xff, 0x06, 0x80, 0x00, 0x00, 0x0f, 0xff, 0xff, 0xfc, 0xfb, 0x00,
  0x09, 0xff, 0xff, 0xfe, 0x00, 0x1f, 0xc0, 0x07, 0xff, 0xff, 0xf8, 0xfb, 0x00, 0x09, 0xff, 0xff, 0xfe, 0x00, 0x7f, 0xf8, 0x07, 0xff, 0xff, 0xf0,
  0xfb, 0x00, 0x09, 0x3f, 0xff, 0xfe, 0x03, 0xff, 0xfe, 0x07, 0xff, 0xff, 0x80, 0xfb, 0x00, 0x09, 0x3f, 0xff, 0xfe, 0x07, 0xff, 0xff, 0x07, 0xff,
  0xff, 0x80, 0xfb, 0x00, 0x09, 0x3f, 0xff, 0xfe, 0x0f, 0xff, 0xff, 0x87, 0xff, 0xff, 0x80, 0xfb, 0x00, 0x09, 0x3f, 0xff, 0xfc, 0x0f, 0xff, 0xff,
  0x87, 0xff, 0xff, 0x80, 0xfb, 0x00, 0x09, 0x3f, 0xff, 0xfc, 0x0f, 0xf8, 0x7f, 0xc7, 0xff, 0xff, 0xc0, 0xfb, 0x00, 0x09, 0x3f, 0xff, 0xfe, 0x0f,
  0xc0, 0x1f, 0xc3, 0xff, 0xff, 0xc0, 0xfb, 0x00, 0x09, 0x1f, 0xff, 0xfe, 0x07, 0x00, 0x07, 0x83, 0xff, 0xff, 0xc0, 0xfb, 0x00, 0x02, 0x1f, 0xff,
  0xfe, 0xfe, 0x00, 0x03, 0x03, 0xff, 0xff, 0xc0, 0xfb, 0x00, 0x02, 0x1f, 0xff, 0xff, 0xfe, 0x00, 0x03, 0x01, 0xff, 0xff, 0xe0, 0xfb, 0x00, 0x02,
  0x0f, 0xff, 0xff, 0xfe, 0x00, 0x03, 0x01, 0xff, 0xff, 0xe0, 0xfb, 0x00, 0x02, 0x07, 0xff, 0xff, 0xfe, 0x00, 0x03, 0x01, 0xff, 0xff, 0xe0, 0xfb,
  0x00, 0x09, 0x07, 0xff, 0xff, 0x80, 0x00, 0x00, 0x01, 0xff, 0xff, 0xe0, 0xfb, 0x00, 0x09, 0x07, 0xff, 0xff, 0x80, 0x00, 0x00, 0x01, 0xff, 0xff,
  0xe0, 0xfb, 0x00, 0x02, 0x07, 0xff, 0xff, 0xfe, 0x00, 0x03, 0x01, 0xff, 0xff, 0xe0, 0xfb, 0x00, 0x02, 0x07, 0xff, 0xff, 0xfe, 0x00, 0x03, 0x01,
  0xff, 0xff, 0xc0, 0xfb, 0x00, 0x02, 0x07, 0xff, 0xff, 0xfe, 0x00, 0x03, 0x01, 0xff, 0xff, 0xc0, 0xfb, 0x00, 0x02, 0x0f, 0xff, 0xff, 0xfe, 0x00,
  0x03, 0x03, 0xff, 0xff, 0xc0, 0xfb, 0x00, 0x02, 0x0f, 0xff, 0xfe, 0xfe, 0x00, 0x03, 0x03, 0xff, 0xff, 0xc0, 0xfb, 0x00, 0x02, 0x0f, 0xff, 0xfe,
  0xfe, 0x00, 0x03, 0x03, 0xff, 0xff, 0x80, 0xfb, 0x00, 0x02, 0x1f, 0xff, 0xfe, 0xfe, 0x00, 0x03, 0x03, 0xff, 0xff, 0x80, 0xfb, 0x00, 0x02, 0x1f,
  0xff, 0xfe, 0xfe, 0x00, 0x03, 0x03, 0xff, 0xff, 0x80, 0xfb, 0x00, 0x02, 0x0f, 0xff, 0xf8, 0x97, 0x00, 0x81, 0x00, 0x81, 0x00, 0x81, 0x00, 0xdd,
  0x00, 0x01, 0x1f, 0xff, 0xfe, 0x00, 0x02, 0x0f, 0xff, 0xf8, 0xfa, 0x00, 0x08, 0x01, 0xff, 0xff, 0xc0, 0x00, 0x00, 0x1f, 0xff, 0xff, 0xfa, 0x00,
  0x09, 0x0f, 0xff, 0xff, 0xe0, 0x00, 0x00, 0x3f, 0xff, 0xff, 0xe0, 0xfb, 0x00, 0x09, 0x3f, 0xff, 0xff, 0xe0, 0x00, 0x00, 0x3f, 0xff, 0xff, 0xf8,
  0xfb, 0x00, 0xfe, 0xff, 0x06, 0xe0, 0x00, 0x00, 0x3f, 0xff, 0xff, 0xf8, 0xfb, 0x00, 0xfe, 0xff, 0x06, 0xe0, 0x00, 0x00, 0x3f, 0xff, 0xff, 0xfc,
  0xfb, 0x00, 0xfe, 0xff, 0x06, 0xe0, 0x00, 0x00, 0x1f, 0xff, 0xff, 0xfc, 0xfb, 0x00, 0xfe, 0xff, 0x06, 0xc0, 0x00, 0x00, 0x03, 0xff, 0xff, 0xfc,
  0xfb, 0x00, 0xfe, 0xff, 0x06, 0x00, 0x1f, 0xc0, 0x03, 0xff, 0xff, 0xf8, 0xfb, 0x00, 0x09, 0xff, 0xff, 0xfe, 0x00, 0x7f, 0xf8, 0x03, 0xff, 0xff,
  0xf0, 0xfb, 0x00, 0x09, 0x0f, 0xff, 0xfe, 0x03, 0xff, 0xfe, 0x03, 0xff, 0xff, 0xc0, 0xfb, 0x00, 0x09, 0x1f, 0xff, 0xfe, 0x07, 0xff, 0xff, 0x07,
  0xff, 0xff, 0x80, 0xfb, 0x00, 0x09, 0x1f, 0xff, 0xfe, 0x0f, 0xff, 0xff, 0x87, 0xff, 0xff, 0x80, 0xfb, 0x00, 0x09, 0x1f, 0xff, 0xfe, 0x0f, 0xff,
  0xff, 0x87, 0xff, 0xff, 0x80, 0xfb, 0x00, 0x09, 0x3f, 0xff, 0xfc, 0x0f, 0xf8, 0x7f, 0xc7, 0xff, 0xff, 0x80, 0xfb, 0x00, 0x09, 0x3f, 0xff, 0xfe,
  0x0f, 0xc0, 0x1f, 0x87, 0xff, 0xff, 0x80, 0xfb, 0x00, 0x09, 0x3f, 0xff, 0xfe, 0x07, 0x00, 0x07, 0x87, 0xff, 0xff, 0x80, 0xfb, 0x00, 0x02, 0x3f,
  0xff, 0xfe, 0xfe, 0x00, 0x03, 0x07, 0xff, 0xff, 0x80, 0xfb, 0x00, 0x02, 0x1f, 0xff, 0xfe, 0xfe, 0x00, 0x03, 0x03, 0xff, 0xff, 0xc0, 0xfb, 0x00,
  0x02, 0x1f, 0xff, 0xfe, 0xfe, 0x00, 0x03, 0x03, 0xff, 0xff, 0xc0, 0xfb, 0x00, 0x02, 0x1f, 0xff, 0xfe, 0xfe, 0x00, 0x03, 0x01, 0xff, 0xff, 0xe0,
  0xfb, 0x00, 0x02, 0x0f, 0xff, 0xff, 0xfe, 0x00, 0x03, 0x01, 0xff, 0xff, 0xe0, 0xfb, 0x00, 0x09, 0x0f, 0xff, 0xff, 0x80, 0x00, 0x00, 0x01, 0xff,
  0xff, 0xe0, 0xfb, 0x00, 0x02, 0x07, 0xff, 0xff, 0xfd, 0x00, 0x02, 0xff, 0xff, 0xe0, 0xfb, 0x00, 0x03, 0x07, 0xff, 0xff, 0x80, 0xfe, 0x00, 0x02,
  0xff, 0xff, 0xe0, 0xfb, 0x00, 0x09, 0x07, 0xff, 0xff, 0x80, 0x00, 0x00, 0x01, 0xff, 0xff, 0xe0, 0xfb, 0x00, 0x09, 0x07, 0xff, 0xff, 0x80, 0x00,
  0x00, 0x01, 0xff, 0xff, 0xe0, 0xfb, 0x00, 0x02, 0x07, 0xff, 0xff, 0xfe, 0x00, 0x03, 0x01, 0xff, 0xff, 0xc0, 0xfb, 0x00, 0x02, 0x07, 0xff, 0xff,
  0xfe, 0x00, 0x03, 0x01, 0xff, 0xff, 0xc0, 0xfb, 0x00, 0x02, 0x07, 0xff, 0xfe, 0xfe, 0x00, 0x03, 0x03, 0xff, 0xff, 0x80, 0xfb, 0x00, 0x02, 0x0f,
  0xff, 0xfe, 0xfe, 0x00, 0x03, 0x03, 0xff, 0xff, 0x80, 0xfb, 0x00, 0x02, 0x07, 0xff, 0xfc, 0x97, 0x00, 0x81, 0x00, 0x81, 0x00, 0x81, 0x00, 0xdd,
  0x00, 0x01, 0x1f, 0xff, 0xfe, 0x00, 0x02, 0x0f, 0xff, 0xf8, 0xfa, 0x00, 0x08, 0x01, 0xff, 0xff, 0xc0, 0x00, 0x00, 0x1f, 0xff, 0xff, 0xfa, 0x00,
  0x09, 0x1f, 0xff, 0xff, 0xe0, 0x00, 0x00, 0x3f, 0xff, 0xff, 0xe0, 0xfb, 0x00, 0x09, 0x7f, 0xff, 0xff, 0xe0, 0x00, 0x00, 0x3f, 0xff, 0xff, 0xf8,
  0xfb, 0x00, 0xfe, 0xff, 0x06, 0xe0, 0x00, 0x00, 0x3f, 0xff, 0xff, 0xf8, 0xfb, 0x00, 0xfe, 0xff, 0x06, 0xe0, 0x00, 0x00, 0x3f, 0xff, 0xff, 0xfc,
  0xfc, 0x00, 0x00, 0x01, 0xfe, 0xff, 0x06, 0xe0, 0x00, 0x00, 0x1f, 0xff, 0xff, 0xfc, 0xfb, 0x00, 0xfe, 0xff, 0x06, 0xc0, 0x00, 0x00, 0x01, 0xff,
  0xff, 0xfc, 0xfb, 0x00, 0xfe, 0xff, 0x06, 0x00, 0x1f, 0xe0, 0x01, 0xff, 0xff, 0xf8, 0xfb, 0x00, 0xfe, 0xff, 0x06, 0x00, 0xff, 0xf8, 0x01, 0xff,
  0xff, 0xf0, 0xfb, 0x00, 0x09, 0x0f, 0xff, 0xff, 0x03, 0xff, 0xfe, 0x03, 0xff, 0xff, 0xc0, 0xfb, 0x00, 0x09, 0x0f, 0xff, 0xff, 0x07, 0xff, 0xff,
  0x03, 0xff, 0xff, 0xc0, 0xfb, 0x00, 0x09, 0x0f, 0xff, 0xff, 0x0f, 0xff, 0xff, 0x83, 0xff, 0xff, 0xc0, 0xfb, 0x00, 0x09, 0x1f, 0xff, 0xfe, 0x0f,
  0xff, 0xff, 0x87, 0xff, 0xff, 0x80, 0xfb, 0x00, 0x09, 0x1f, 0xff, 0xfe, 0x0f, 0xf8, 0x7f, 0xc7, 0xff, 0xff, 0x80, 0xfb, 0x00, 0x09, 0x1f, 0xff,
  0xfe, 0x0f, 0xc0, 0x1f, 0x87, 0xff, 0xff, 0x80, 0xfb, 0x00, 0x09, 0x3f, 0xff, 0xfe, 0x07, 0x00, 0x07, 0x87, 0xff, 0xff, 0x80, 0xfb, 0x00, 0x02,
  0x3f, 0xff, 0xfc, 0xfe, 0x00, 0x03, 0x07, 0xff, 0xff, 0x80, 0xfb, 0x00, 0x02, 0x3f, 0xff, 0xfc, 0xfe, 0x00, 0x03, 0x07, 0xff, 0xff, 0x80, 0xfb,
  0x00, 0x02, 0x3f, 0xff, 0xfe, 0xfe, 0x00, 0x03, 0x03, 0xff, 0xff, 0xc0, 0xfb, 0x00, 0x02, 0x3f, 0xff, 0xfe, 0xfe, 0x00, 0x03, 0x03, 0xff, 0xff,
  0xc0, 0xfb, 0x00, 0x02, 0x1f, 0xff, 0xfe, 0xfe, 0x00, 0x03, 0x03, 0xff, 0xff, 0xc0, 0xfb, 0x00, 0x02, 0x1f, 0xff, 0xfe, 0xfe, 0x00, 0x03, 0x01,
  0xff, 0xff, 0xe0, 0xfb, 0x00, 0x02, 0x0f, 0xff, 0xff, 0xfe, 0x00, 0x03, 0x01, 0xff, 0xff, 0xe0, 0xfb, 0x00, 0x02, 0x0f, 0xff, 0xff, 0xfe, 0x00,
  0x03, 0x01, 0xff, 0xff, 0xe0, 0xfb, 0x00, 0x03, 0x07, 0xff, 0xff, 0x80, 0xfe, 0x00, 0x02, 0xff, 0xff, 0xe0, 0xfb, 0x00, 0x03, 0x07, 0xff, 0xff,
  0x80, 0xfe, 0x00, 0x02, 0xff, 0xff, 0xe0, 0xfb, 0x00, 0x02, 0x07, 0xff, 0xff, 0xfd, 0x00, 0x02, 0xff, 0xff, 0xe0, 0xfb, 0x00, 0x02, 0x07, 0xff,
  0xff, 0xfd, 0x00, 0x02, 0xff, 0xff, 0xc0, 0xfb, 0x00, 0x02, 0x07, 0xff, 0xff, 0xfe, 0x00, 0x03, 0x01, 0xff, 0xff, 0xc0, 0xfb, 0x00, 0x02, 0x07,
  0xff, 0xff, 0xfe, 0x00, 0x03, 0x01, 0xff, 0xff, 0xc0, 0xfb, 0x00, 0x02, 0x07, 0xff, 0xfe, 0x97, 0x00, 0x81, 0x00, 0x81, 0x00, 0x81, 0x00, 0xdd,
  0x00, 0x01, 0x1f, 0xff, 0xfe, 0x00, 0x02, 0x0f, 0xff, 0xf8, 0xfa, 0x00, 0x09, 0x03, 0xff, 0xff, 0xc0, 0x00, 0x00, 0x1f, 0xff, 0xff, 0x80, 0xfb,
  0x00, 0x09, 0x1f, 0xff, 0xff, 0xe0, 0x00, 0x00, 0x3f, 0xff, 0xff, 0xe0, 0xfb, 0x00, 0x09, 0x7f, 0xff, 0xff, 0xe0, 0x00, 0x00, 0x3f, 0xff, 0xff,
  0xf8, 0xfb, 0x00, 0xfe, 0xff, 0x06, 0xe0, 0x00, 0x00, 0x3f, 0xff, 0xff, 0xf8, 0xfb, 0x00, 0xfe, 0xff, 0x06, 0xe0, 0x00, 0x00, 0x3f, 0xff, 0xff,
  0xfc, 0xfc, 0x00, 0x00, 0x01, 0xfe, 0xff, 0x06, 0xe0, 0x00, 0x00, 0x1f, 0xff, 0xff, 0xfc, 0xfb, 0x00, 0xfe, 0xff, 0x06, 0x80, 0x00, 0x00, 0x01,
  0xff, 0xff, 0xfc, 0xfb, 0x00, 0xfe, 0xff, 0x06, 0x00, 0x1f, 0xe0, 0x01, 0xff, 0xff, 0xf8, 0xfb, 0x00, 0xfe, 0xff, 0x06, 0x00, 0xff, 0xf8, 0x01,
  0xff, 0xff, 0xf0, 0xfb, 0x00, 0x09, 0x07, 0xff, 0xff, 0x03, 0xff, 0xfe, 0x01, 0xff, 0xff, 0xc0, 0xfb, 0x00, 0x09, 0x07, 0xff, 0xff, 0x07, 0xff,
  0xff, 0x01, 0xff, 0xff, 0xc0, 0xfb, 0x00, 0x09, 0x07, 0xff, 0xff, 0x0f, 0xff, 0xff, 0x81, 0xff, 0xff, 0xc0, 0xfb, 0x00, 0x09, 0x0f, 0xff, 0xff,
  0x0f, 0xff, 0xff, 0x83, 0xff, 0xff, 0xc0, 0xfb, 0x00, 0x09, 0x0f, 0xff, 0xff, 0x0f, 0xf8, 0x7f, 0xc3, 0xff, 0xff, 0xc0, 0xfb, 0x00, 0x09, 0x0f,
  0xff, 0xfe, 0x0f, 0xc0, 0x1f, 0x87, 0xff, 0xff, 0xc0, 0xfb, 0x00, 0x09, 0x1f, 0xff, 0xfe, 0x07, 0x00, 0x07, 0x87, 0xff, 0xff, 0x80, 0xfb, 0x00,
  0x02, 0x1f, 0xff, 0xfe, 0xfe, 0x00, 0x03, 0x07, 0xff, 0xff, 0x80, 0xfb, 0x00, 0x02, 0x1f, 0xff, 0xfe, 0xfe, 0x00, 0x03, 0x07, 0xff, 0xff, 0x80,
  0xfb, 0x00, 0x02, 0x3f, 0xff, 0xfe, 0xfe, 0x00, 0x03, 0x07, 0xff, 0xff, 0xc0, 0xfb, 0x00, 0x02, 0x3f, 0xff, 0xfe, 0xfe, 0x00, 0x03, 0x07, 0xff,
  0xff, 0x80, 0xfb, 0x00, 0x02, 0x3f, 0xff, 0xfc, 0xfe, 0x00, 0x03, 0x07, 0xff, 0xff, 0x80, 0xfb, 0x00, 0x02, 0x1f, 0xff, 0xfe, 0xfe, 0x00, 0x03,
  0x03, 0xff, 0xff, 0xc0, 0xfb, 0x00, 0x02, 0x1f, 0xff, 0xfe, 0xfe, 0x00, 0x03, 0x03, 0xff, 0xff, 0xc0, 0xfb, 0x00, 0x02, 0x1f, 0xff, 0xfe, 0xfe,
  0x00, 0x03, 0x01, 0xff, 0xff, 0xc0, 0xfb, 0x00, 0x02, 0x0f, 0xff, 0xff, 0xfe, 0x00, 0x03, 0x01, 0xff, 0xff, 0xe0, 0xfb, 0x00, 0x02, 0x0f, 0xff,
  0xff, 0xfd, 0x00, 0x02, 0xff, 0xff, 0xe0, 0xfb, 0x00, 0x02, 0x07, 0xff, 0xff, 0xfd, 0x00, 0x02, 0xff, 0xff, 0xe0, 0xfb, 0x00, 0x02, 0x07, 0xff,
  0xff, 0xfd, 0x00, 0x02, 0xff, 0xff, 0xe0, 0xfb, 0x00, 0x03, 0x07, 0xff, 0xff, 0x80, 0xfe, 0x00, 0x02, 0xff, 0xff, 0xe0, 0xfb, 0x00, 0x03, 0x03,
  0xff, 0xff, 0x80, 0xfe, 0x00, 0x02, 0xff, 0xff, 0xc0, 0xfb, 0x00, 0x02, 0x03, 0xff, 0xfe, 0x97, 0x00, 0x81, 0x00, 0x81, 0x00, 0x81, 0x00, 0xdd,
  0x00, 0x01, 0x1f, 0xff, 0xfe, 0x00, 0x02, 0x0f, 0xff, 0xf8, 0xfa, 0x00, 0x09, 0x03, 0xff, 0xff, 0xc0, 0x00, 0x00, 0x1f, 0xff, 0xff, 0x80, 0xfb,
  0x00, 0x09, 0x1f, 0xff, 0xff, 0xe0, 0x00, 0x00, 0x3f, 0xff, 0xff, 0xe0, 0xfb, 0x00, 0x09, 0x7f, 0xff, 0xff, 0xe0, 0x00, 0x00, 0x3f, 0xff, 0xff,
  0xf8, 0xfb, 0x00, 0xfe, 0xff, 0x06, 0xe0, 0x00, 0x00, 0x3f, 0xff, 0xff, 0xf8, 0xfb, 0x00, 0xfe, 0xff, 0x06, 0xe0, 0x00, 0x00, 0x3f, 0xff, 0xff,
  0xfc, 0xfc, 0x00, 0x00, 0x01, 0xfe, 0xff, 0x06, 0xe0, 0x00, 0x00, 0x1f, 0xff, 0xff, 0xfc, 0xfb, 0x00, 0xfe, 0xff, 0x06, 0x80, 0x00, 0x00, 0x03,
  0xff, 0xff, 0xfc, 0xfb, 0x00, 0x09, 0xff, 0xff, 0xfe, 0x00, 0x1f, 0xe0, 0x03, 0xff, 0xff, 0xf8, 0xfb, 0x00, 0x09, 0xff, 0xff, 0xfe, 0x00, 0xff,
  0xf8, 0x03, 0xff, 0xff, 0xf0, 0xfb, 0x00, 0x09, 0x1f, 0xff, 0xfe, 0x03, 0xff, 0xfe, 0x01, 0xff, 0xff, 0xc0, 0xfb, 0x00, 0x09, 0x0f, 0xff, 0xff,
  0x07, 0xff, 0xff, 0x01, 0xff, 0xff, 0xe0, 0xfb, 0x00, 0x09, 0x0f, 0xff, 0xff, 0x0f, 0xff, 0xff, 0x81, 0xff, 0xff, 0xe0, 0xfb, 0x00, 0x09, 0x0f,
  0xff, 0xff, 0x0f, 0xff, 0xff, 0x81, 0xff, 0xff, 0xe0, 0xfb, 0x00, 0x09, 0x07, 0xff, 0xff, 0x8f, 0xf8, 0x7f, 0xc1, 0xff, 0xff, 0xe0, 0xfb, 0x00,
  0x09, 0x07, 0xff, 0xff, 0x0f, 0xc0, 0x1f, 0x83, 0xff, 0xff, 0xc0, 0xfb, 0x00, 0x09, 0x0f, 0xff, 0xff, 0x07, 0x00, 0x07, 0x83, 0xff, 0xff, 0xc0,
  0xfb, 0x00, 0x02, 0x0f, 0xff, 0xff, 0xfe, 0x00, 0x03, 0x03, 0xff, 0xff, 0xc0, 0xfb, 0x00, 0x02, 0x0f, 0xff, 0xfe, 0xfe, 0x00, 0x03, 0x03, 0xff,
  0xff, 0xc0, 0xfb, 0x00, 0x02, 0x1f, 0xff, 0xfe, 0xfe, 0x00, 0x03, 0x07, 0xff, 0xff, 0xc0, 0xfb, 0x00, 0x02, 0x1f, 0xff, 0xfe, 0xfe, 0x00, 0x03,
  0x07, 0xff, 0xff, 0x80, 0xfb, 0x00, 0x02, 0x1f, 0xff, 0xfe, 0xfe, 0x00, 0x03, 0x07, 0xff, 0xff, 0x80, 0xfb, 0x00, 0x02, 0x1f, 0xff, 0xfe, 0xfe,
  0x00, 0x03, 0x07, 0xff, 0xff, 0x80, 0xfb, 0x00, 0x02, 0x1f, 0xff, 0xfe, 0xfe, 0x00, 0x03, 0x03, 0xff, 0xff, 0xc0, 0xfb, 0x00, 0x02, 0x1f, 0xff,
  0xfe, 0xfe, 0x00, 0x03, 0x03, 0xff, 0xff, 0xc0, 0xfb, 0x00, 0x02, 0x1f, 0xff, 0xfe, 0xfe, 0x00, 0x03, 0x03, 0xff, 0xff, 0xc0, 0xfb, 0x00, 0x02,
  0x1f, 0xff, 0xfe, 0xfe, 0x00, 0x03, 0x01, 0xff, 0xff, 0xc0, 0xfb, 0x00, 0x02, 0x0f, 0xff, 0xfe, 0xfe, 0x00, 0x03, 0x01, 0xff, 0xff, 0xc0, 0xfb,
  0x00, 0x02, 0x0f, 0xff, 0xfe, 0xfd, 0x00, 0x02, 0xff, 0xff, 0xc0, 0xfb, 0x00, 0x02, 0x07, 0xff, 0xff, 0xfd, 0x00, 0x02, 0xff, 0xff, 0xc0, 0xfb,
  0x00, 0x02, 0x07, 0xff, 0xff, 0xfd, 0x00, 0x02, 0xff, 0xff, 0xc0, 0xfb, 0x00, 0x02, 0x03, 0xff, 0xfe, 0x97, 0x00, 0x81, 0x00, 0x81, 0x00, 0x81,
  0x00, 0xe7, 0x00, 0x00, 0x04, 0xf8, 0x00, 0x01, 0x1f, 0xff, 0xfe, 0x00, 0x02, 0x0f, 0xff, 0xf8, 0xfa, 0x00, 0x09, 0x03, 0xff, 0xff, 0xc0, 0x00,
  0x00, 0x1f, 0xff, 0xff, 0x80, 0xfb, 0x00, 0x09, 0x1f, 0xff, 0xff, 0xe0, 0x00, 0x00, 0x3f, 0xff, 0xff, 0xe0, 0xfb, 0x00, 0x09, 0x7f, 0xff, 0xff,
  0xe0, 0x00, 0x00, 0x3f, 0xff, 0xff, 0xf8, 0xfb, 0x00, 0xfe, 0xff, 0x06, 0xe0, 0x00, 0x00, 0x3f, 0xff, 0xff, 0xf8, 0xfb, 0x00, 0xfe, 0xff, 0x06,
  0xe0, 0x00, 0x00, 0x3f, 0xff, 0xff, 0xfc, 0xfc, 0x00, 0x00, 0x01, 0xfe, 0xff, 0x06, 0xe0, 0x00, 0x00, 0x1f, 0xff, 0xff, 0xfc, 0xfb, 0x00, 0xfe,
  0xff, 0x06, 0x80, 0x00, 0x00, 0x07, 0xff, 0xff, 0xf8, 0xfb, 0x00, 0x09, 0xff, 0xff, 0xfe, 0x00, 0x1f, 0xe0, 0x03, 0xff, 0xff, 0xf8, 0xfb, 0x00,
  0x09, 0xff, 0xff, 0xfe, 0x00, 0xff, 0xf8, 0x03, 0xff, 0xff, 0xf0, 0xfb, 0x00, 0x09, 0x3f, 0xff, 0xfe, 0x03, 0xff, 0xfe, 0x03, 0xff, 0xff, 0xc0,
  0xfb, 0x00, 0x09, 0x1f, 0xff, 0xfe, 0x07, 0xff, 0xff, 0x01, 0xff, 0xff, 0xc0, 0xfb, 0x00, 0x09, 0x0f, 0xff, 0xff, 0x0f, 0xff, 0xff, 0x81, 0xff,
  0xff, 0xc0, 0xfb, 0x00, 0x09, 0x0f, 0xff, 0xff, 0x0f, 0xff, 0xff, 0x81, 0xff, 0xff, 0xe0, 0xfb, 0x00, 0x09, 0x0f, 0xff, 0xff, 0x8f, 0xf8, 0x7f,
  0xc1, 0xff, 0xff, 0xe0, 0xfb, 0x00, 0x09, 0x07, 0xff, 0xff, 0x0f, 0xc0, 0x1f, 0x81, 0xff, 0xff, 0xe0, 0xfb, 0x00, 0x09, 0x07, 0xff, 0xff, 0x07,
  0x00, 0x07, 0x81, 0xff, 0xff, 0xe0, 0xfb, 0x00, 0x09, 0x07, 0xff, 0xff, 0x80, 0x00, 0x00, 0x01, 0xff, 0xff, 0xc0, 0xfb, 0x00, 0x02, 0x0f, 0xff,
  0xff, 0xfe, 0x00, 0x03, 0x03, 0xff, 0xff, 0xc0, 0xfb, 0x00, 0x02, 0x0f, 0xff, 0xff, 0xfe, 0x00, 0x03, 0x03, 0xff, 0xff, 0xc0, 0xfb, 0x00, 0x02,
  0x0f, 0xff, 0xfe, 0xfe, 0x00, 0x03, 0x03, 0xff, 0xff, 0xc0, 0xfb, 0x00, 0x02, 0x1f, 0xff, 0xfe, 0xfe, 0x00, 0x03, 0x07, 0xff, 0xff, 0x80, 0xfb,
  0x00, 0x02, 0x1f, 0xff, 0xfe, 0xfe, 0x00, 0x03, 0x07, 0xff, 0xff, 0x80, 0xfb, 0x00, 0x02, 0x1f, 0xff, 0xfe, 0xfe, 0x00, 0x03, 0x07, 0xff, 0xff,
  0x80, 0xfb, 0x00, 0x02, 0x1f, 0xff, 0xfe, 0xfe, 0x00, 0x03, 0x07, 0xff, 0xff, 0x80, 0xfb, 0x00, 0x02, 0x1f, 0xff, 0xfc, 0xfe, 0x00, 0x03, 0x07,
  0xff, 0xff, 0x80, 0xfb, 0x00, 0x02, 0x1f, 0xff, 0xfe, 0xfe, 0x00, 0x03, 0x03, 0xff, 0xff, 0x80, 0xfb, 0x00, 0x02, 0x1f, 0xff, 0xfe, 0xfe, 0x00,
  0x03, 0x03, 0xff, 0xff, 0xc0, 0xfb, 0x00, 0x02, 0x1f, 0xff, 0xfe, 0xfe, 0x00, 0x03, 0x01, 0xff, 0xff, 0xc0, 0xfb, 0x00, 0x02, 0x0f, 0xff, 0xfe,
  0xfe, 0x00, 0x03, 0x01, 0xff, 0xff, 0xc0, 0xfb, 0x00, 0x02, 0x0f, 0xff, 0xfe, 0xfd, 0x00, 0x02, 0xff, 0xff, 0xc0, 0xfb, 0x00, 0x02, 0x07, 0xff,
  0xf6, 0x97, 0x00, 0x81, 0x00, 0x81, 0x00, 0x81, 0x00, 0xe7, 0x00, 0x00, 0x0c, 0xf8, 0x00, 0x01, 0x1f, 0xff, 0xfe, 0x00, 0x02, 0x0f, 0xff, 0xf8,
  0xfa, 0x00, 0x09, 0x03, 0xff, 0xff, 0xc0, 0x00, 0x00, 0x1f, 0xff, 0xff, 0x80, 0xfb, 0x00, 0x09, 0x1f, 0xff, 0xff, 0xe0, 0x00, 0x00, 0x3f, 0xff,
  0xff, 0xe0, 0xfb, 0x00, 0x09, 0x7f, 0xff, 0xff, 0xe0, 0x00, 0x00, 0x3f, 0xff, 0xff, 0xf8, 0xfb, 0x00, 0xfe, 0xff, 0x06, 0xe0, 0x00, 0x00, 0x3f,
  0xff, 0xff, 0xf8, 0xfb, 0x00, 0xfe, 0xff, 0x06, 0xe0, 0x00, 0x00, 0x3f, 0xff, 0xff, 0xfc, 0xfc, 0x00, 0x00, 0x01, 0xfe, 0xff, 0x06, 0xe0, 0x00,
  0x00, 0x1f, 0xff, 0xff, 0xfc, 0xfb, 0x00, 0xfe, 0xff, 0x06, 0x80, 0x00, 0x00, 0x0f, 0xff, 0xff, 0xfc, 0xfb, 0x00, 0x09, 0xff, 0xff, 0xfe, 0x00,
  0x1f, 0xe0, 0x07, 0xff, 0xff, 0xf8, 0xfb, 0x00, 0x09, 0xff, 0xff, 0xfc, 0x00, 0xff, 0xf8, 0x07, 0xff, 0xff, 0xb0, 0xfb, 0x00, 0x09, 0x3f, 0xff,
  0xfc, 0x03, 0xff, 0xfe, 0x07, 0xff, 0xff, 0x80, 0xfb, 0x00, 0x09, 0x3f, 0xff, 0xfe, 0x07, 0xff, 0xff, 0x07, 0xff, 0xff, 0xc0, 0xfb, 0x00, 0x09,
  0x1f, 0xff, 0xfe, 0x0f, 0xff, 0xff, 0x83, 0xff, 0xff, 0xc0, 0xfb, 0x00, 0x09, 0x1f, 0xff, 0xfe, 0x0f, 0xff, 0xff, 0x83, 0xff, 0xff, 0xc0, 0xfb,
  0x00, 0x09, 0x0f, 0xff, 0xfe, 0x0f, 0xf8, 0x7f, 0xc1, 0xff, 0xff, 0xc0, 0xfb, 0x00, 0x09, 0x0f, 0xff, 0xff, 0x0f, 0xc0, 0x1f, 0x81, 0xff, 0xff,
  0xe0, 0xfb, 0x00, 0x09, 0x0f, 0xff, 0xff, 0x07, 0x00, 0x07, 0x81, 0xff, 0xff, 0xe0, 0xfb, 0x00, 0x09, 0x07, 0xff, 0xff, 0x80, 0x00, 0x00, 0x01,
  0xff, 0xff, 0xe0, 0xfb, 0x00, 0x09, 0x07, 0xff, 0xff, 0x80, 0x00, 0x00, 0x01, 0xff, 0xff, 0xe0, 0xfb, 0x00, 0x02, 0x07, 0xff, 0xff, 0xfe, 0x00,
  0x03, 0x01, 0xff, 0xff, 0xe0, 0xfb, 0x00, 0x02, 0x07, 0xff, 0xff, 0xfe, 0x00, 0x03, 0x01, 0xff, 0xff, 0xc0, 0xfb, 0x00, 0x02, 0x0f, 0xff, 0xff,
  0xfe, 0x00, 0x03, 0x03, 0xff, 0xff, 0xc0, 0xfb, 0x00, 0x02, 0x0f, 0xff, 0xff, 0xfe, 0x00, 0x03, 0x03, 0xff, 0xff, 0xc0, 0xfb, 0x00, 0x02, 0x0f,
  0xff, 0xfe, 0xfe, 0x00, 0x03, 0x07, 0xff, 0xff, 0xc0, 0xfb, 0x00, 0x02, 0x1f, 0xff, 0xfe, 0xfe, 0x00, 0x03, 0x07, 0xff, 0xff, 0x80, 0xfb, 0x00,
  0x02, 0x1f, 0xff, 0xfc, 0xfe, 0x00, 0x03, 0x07, 0xff, 0xff, 0x80, 0xfb, 0x00, 0x02, 0x1f, 0xff, 0xfc, 0xfe, 0x00, 0x03, 0x07, 0xff, 0xff, 0x80,
  0xfb, 0x00, 0x02, 0x1f, 0xff, 0xfe, 0xfe, 0x00, 0x03, 0x03, 0xff, 0xff, 0x80, 0xfb, 0x00, 0x02, 0x1f, 0xff, 0xfe, 0xfe, 0x00, 0x03, 0x03, 0xff,
  0xff, 0x80, 0xfb, 0x00, 0x02, 0x1f, 0xff, 0xfc, 0xfe, 0x00, 0x03, 0x03, 0xff, 0xff, 0xc0, 0xfb, 0x00, 0x02, 0x1f, 0xff, 0xfe, 0xfe, 0x00, 0x03,
  0x01, 0xff, 0xff, 0xc0, 0xfb, 0x00, 0x02, 0x0f, 0xff, 0xfc, 0x97, 0x00, 0x81, 0x00, 0x81, 0x00, 0x81, 0x00, 0xe7, 0x00, 0x00, 0x0c, 0xf8, 0x00,
  0x01, 0x1f, 0xff, 0xfe, 0x00, 0x02, 0x0f, 0xff, 0xf8, 0xfa, 0x00, 0x09, 0x03, 0xff, 0xff, 0xc0, 0x00, 0x00, 0x1f, 0xff, 0xff, 0x80, 0xfb, 0x00,
  0x09, 0x1f, 0xff, 0xff, 0xe0, 0x00, 0x00, 0x3f, 0xff, 0xff, 0xe0, 0xfb, 0x00, 0x09, 0x7f, 0xff, 0xff, 0xe0, 0x00, 0x00, 0x3f, 0xff, 0xff, 0xf8,
  0xfb, 0x00, 0xfe, 0xff, 0x06, 0xe0, 0x00, 0x00, 0x3f, 0xff, 0xff, 0xf8, 0xfb, 0x00, 0xfe, 0xff, 0x06, 0xe0, 0x00, 0x00, 0x3f, 0xff, 0xff, 0xfc,
  0xfc, 0x00, 0x00, 0x01, 0xfe, 0xff, 0x06, 0xe0, 0x00, 0x00, 0x1f, 0xff, 0xff, 0xfc, 0xfb, 0x00, 0xfe, 0xff, 0x06, 0x80, 0x00, 0x00, 0x0f, 0xff,
  0xff, 0xfc, 0xfb, 0x00, 0x09, 0xff, 0xff, 0xfe, 0x00, 0x1f, 0xe0, 0x07, 0xff, 0xff, 0xf8, 0xfb, 0x00, 0x09, 0xff, 0xff, 0xfc, 0x00, 0xff, 0xf8,
  0x07, 0xff, 0xff, 0xb0, 0xfb, 0x00, 0x09, 0x3f, 0xff, 0xfc, 0x03, 0xff, 0xfe, 0x07, 0xff, 0xff, 0x80, 0xfb, 0x00, 0x09, 0x3f, 0xff, 0xfe, 0x07,
  0xff, 0xff, 0x07, 0xff, 0xff, 0x80, 0xfb, 0x00, 0x09, 0x3f, 0xff, 0xfe, 0x0f, 0xff, 0xff, 0x87, 0xff, 0xff, 0xc0, 0xfb, 0x00, 0x09, 0x3f, 0xff,
  0xfe, 0x0f, 0xff, 0xff, 0x83, 0xff, 0xff, 0xc0, 0xfb, 0x00, 0x09, 0x1f, 0xff, 0xfe, 0x0f, 0xf8, 0x7f, 0xc3, 0xff, 0xff, 0xc0, 0xfb, 0x00, 0x09,
  0x1f, 0xff, 0xfe, 0x0f, 0xc0, 0x1f, 0x83, 0xff, 0xff, 0xc0, 0xfb, 0x00, 0x09, 0x0f, 0xff, 0xfe, 0x07, 0x00, 0x07, 0x81, 0xff, 0xff, 0xc0, 0xfb,
  0x00, 0x02, 0x0f, 0xff, 0xff, 0xfe, 0x00, 0x03, 0x01, 0xff, 0xff, 0xe0, 0xfb, 0x00, 0x02, 0x0f, 0xff, 0xff, 0xfe, 0x00, 0x03, 0x01, 0xff, 0xff,
  0xe0, 0xfb, 0x00, 0x02, 0x07, 0xff, 0xff, 0xfe, 0x00, 0x03, 0x01, 0xff, 0xff, 0xe0, 0xfb, 0x00, 0x09, 0x07, 0xff, 0xff, 0x80, 0x00, 0x00, 0x01,
  0xff, 0xff, 0xe0, 0xfb, 0x00, 0x09, 0x07, 0xff, 0xff, 0x80, 0x00, 0x00, 0x01, 0xff, 0xff, 0xe0, 0xfb, 0x00, 0x09, 0x07, 0xff, 0xff, 0x80, 0x00,
  0x00, 0x01, 0xff, 0xff, 0xc0, 0xfb, 0x00, 0x02, 0x07, 0xff, 0xff, 0xfe, 0x00, 0x03, 0x03, 0xff, 0xff, 0xc0, 0xfb, 0x00, 0x02, 0x0f, 0xff, 0xff,
  0xfe, 0x00, 0x03, 0x03, 0xff, 0xff, 0xc0, 0xfb, 0x00, 0x02, 0x0f, 0xff, 0xfe, 0xfe, 0x00, 0x03, 0x03, 0xff, 0xff, 0xc0, 0xfb, 0x00, 0x02, 0x0f,
  0xff, 0xfe, 0xfe, 0x00, 0x03, 0x03, 0xff, 0xff, 0x80, 0xfb, 0x00, 0x02, 0x1f, 0xff, 0xfe, 0xfe, 0x00, 0x03, 0x07, 0xff, 0xff, 0x80, 0xfb, 0x00,
  0x02, 0x1f, 0xff, 0xfe, 0xfe, 0x00, 0x03, 0x03, 0xff, 0xff, 0x80, 0xfb, 0x00, 0x02, 0x1f, 0xff, 0xfc, 0xfe, 0x00, 0x03, 0x03, 0xff, 0xff, 0x80,
  0xfb, 0x00, 0x02, 0x1f, 0xff, 0xfc, 0xfe, 0x00, 0x03, 0x03, 0xff, 0xff, 0x80, 0xfb, 0x00, 0x02, 0x0f, 0xff, 0xf8, 0x97, 0x00, 0x81, 0x00, 0x81,
  0x00, 0x81, 0x00, 0xdd, 0x00, 0x01, 0x1f, 0xff, 0xfe, 0x00, 0x02, 0x0f, 0xff, 0xf8, 0xfa, 0x00, 0x09, 0x03, 0xff, 0xff, 0xc0, 0x00, 0x00, 0x1f,
  0xff, 0xff, 0x80, 0xfb, 0x00, 0x09, 0x1f, 0xff, 0xff, 0xe0, 0x00, 0x00, 0x3f, 0xff, 0xff, 0xe0, 0xfb, 0x00, 0x09, 0x7f, 0xff, 0xff, 0xe0, 0x00,
  0x00, 0x3f, 0xff, 0xff, 0xf8, 0xfb, 0x00, 0xfe, 0xff, 0x06, 0xe0, 0x00, 0x00, 0x3f, 0xff, 0xff, 0xf8, 0xfb, 0x00, 0xfe, 0xff, 0x06, 0xe0, 0x00,
  0x00, 0x3f, 0xff, 0xff, 0xfc, 0xfb, 0x00, 0xfe, 0xff, 0x06, 0xe0, 0x00, 0x00, 0x1f, 0xff, 0xff, 0xfc, 0xfb, 0x00, 0xfe, 0xff, 0x06, 0x80, 0x00,
  0x00, 0x03, 0xff, 0xff, 0xfc, 0xfb, 0x00, 0x09, 0xff, 0xff, 0xfe, 0x00, 0x1f, 0xc0, 0x03, 0xff, 0xff, 0xf8, 0xfb, 0x00, 0x09, 0xff, 0xff, 0xfe,
  0x00, 0xff, 0xf8, 0x07, 0xff, 0xff, 0xf0, 0xfb, 0x00, 0x09, 0x3f, 0xff, 0xfe, 0x03, 0xff, 0xfe, 0x07, 0xff, 0xff, 0x80, 0xfb, 0x00, 0x09, 0x1f,
  0xff, 0xfe, 0x07, 0xff, 0xff, 0x07, 0xff, 0xff, 0x80, 0xfb, 0x00, 0x09, 0x3f, 0xff, 0xfe, 0x0f, 0xff, 0xff, 0x87, 0xff, 0xff, 0x80, 0xfb, 0x00,
  0x09, 0x3f, 0xff, 0xfc, 0x0f, 0xff, 0xff, 0x87, 0xff, 0xff, 0x80, 0xfb, 0x00, 0x09, 0x3f, 0xff, 0xfc, 0x0f, 0xf8, 0xff, 0xc7, 0xff, 0xff, 0x80,
  0xfb, 0x00, 0x09, 0x3f, 0xff, 0xfe, 0x0f, 0xc0, 0x1f, 0xc7, 0xff, 0xff, 0xc0, 0xfb, 0x00, 0x09, 0x3f, 0xff, 0xfe, 0x07, 0x00, 0x07, 0x83, 0xff,
  0xff, 0xc0, 0xfb, 0x00, 0x02, 0x1f, 0xff, 0xfe, 0xfe, 0x00, 0x03, 0x03, 0xff, 0xff, 0xc0, 0xfb, 0x00, 0x02, 0x1f, 0xff, 0xfe, 0xfe, 0x00, 0x03,
  0x03, 0xff, 0xff, 0xc0, 0xfb, 0x00, 0x02, 0x0f, 0xff, 0xff, 0xfe, 0x00, 0x03, 0x01, 0xff, 0xff, 0xc0, 0xfb, 0x00, 0x02, 0x0f, 0xff, 0xff, 0xfe,
  0x00, 0x03, 0x01, 0xff, 0xff, 0xe0, 0xfb, 0x00, 0x09, 0x07, 0xff, 0xff, 0x80, 0x00, 0x00, 0x01, 0xff, 0xff, 0xe0, 0xfb, 0x00, 0x09, 0x07, 0xff,
  0xff, 0x80, 0x00, 0x00, 0x01, 0xff, 0xff, 0xe0, 0xfb, 0x00, 0x02, 0x07, 0xff, 0xff, 0xfe, 0x00, 0x03, 0x01, 0xff, 0xff, 0xe0, 0xfb, 0x00, 0x02,
  0x07, 0xff, 0xff, 0xfe, 0x00, 0x03, 0x01, 0xff, 0xff, 0xc0, 0xfb, 0x00, 0x02, 0x07, 0xff, 0xff, 0xfe, 0x00, 0x03, 0x01, 0xff, 0xff, 0xc0, 0xfb,
  0x00, 0x02, 0x07, 0xff, 0xff, 0xfe, 0x00, 0x03, 0x01, 0xff, 0xff, 0xc0, 0xfb, 0x00, 0x02, 0x0f, 0xff, 0xfe, 0xfe, 0x00, 0x03, 0x03, 0xff, 0xff,
  0xc0, 0xfb, 0x00, 0x02, 0x0f, 0xff, 0xfe, 0xfe, 0x00, 0x03, 0x03, 0xff, 0xff, 0x80, 0xfb, 0x00, 0x02, 0x0f, 0xff, 0xfe, 0xfe, 0x00, 0x03, 0x03,
  0xff, 0xff, 0x80, 0xfb, 0x00, 0x02, 0x0f, 0xff, 0xfe, 0xfe, 0x00, 0x03, 0x03, 0xff, 0xff, 0x80, 0xfb, 0x00, 0x02, 0x0f, 0xff, 0xf8, 0x97, 0x00,
  0x81, 0x00, 0x81, 0x00, 0x81, 0x00, 0xdd, 0x00, 0x01, 0x1f, 0xff, 0xfe, 0x00, 0x02, 0x0f, 0xff, 0xf8, 0xfa, 0x00, 0x09, 0x01, 0xff, 0xff, 0xc0,
  0x00, 0x00, 0x1f, 0xff, 0xff, 0x80, 0xfb, 0x00, 0x09, 0x1f, 0xff, 0xff, 0xe0, 0x00, 0x00, 0x3f, 0xff, 0xff, 0xe0, 0xfb, 0x00, 0x09, 0x7f, 0xff,
  0xff, 0xe0, 0x00, 0x00, 0x3f, 0xff, 0xff, 0xf8, 0xfb, 0x00, 0xfe, 0xff, 0x06, 0xe0, 0x00, 0x00, 0x3f, 0xff, 0xff, 0xf8, 0xfb, 0x00, 0xfe, 0xff,
  0x06, 0xe0, 0x00, 0x00, 0x3f, 0xff, 0xff, 0xfc, 0xfb, 0x00, 0xfe, 0xff, 0x06, 0xe0, 0x00, 0x00, 0x1f, 0xff, 0xff, 0xfc, 0xfb, 0x00, 0xfe, 0xff,
  0x06, 0xc0, 0x00, 0x00, 0x03, 0xff, 0xff, 0xfc, 0xfb, 0x00, 0xfe, 0xff, 0x06, 0x00, 0x0f, 0xc0, 0x03, 0xff, 0xff, 0xf8, 0xfb, 0x00, 0x09, 0xff,
  0xff, 0xfe, 0x00, 0xff, 0xf8, 0x03, 0xff, 0xff, 0xf0, 0xfb, 0x00, 0x09, 0x1f, 0xff, 0xfe, 0x03, 0xff, 0xfe, 0x03, 0xff, 0xff, 0xc0, 0xfb, 0x00,
  0x09, 0x1f, 0xff, 0xfe, 0x07, 0xff, 0xff, 0x07, 0xff, 0xff, 0x80, 0xfb, 0x00, 0x09, 0x3f, 0xff, 0xfe, 0x0f, 0xff, 0xff, 0x87, 0xff, 0xff, 0x80,
  0xfb, 0x00, 0x09, 0x3f, 0xff, 0xfe, 0x0f, 0xff, 0xff, 0x87, 0xff, 0xff, 0x80, 0xfb, 0x00, 0x09, 0x3f, 0xff, 0xfc, 0x0f, 0xfc, 0x7f, 0xc7, 0xff,
  0xff, 0x80, 0xfb, 0x00, 0x09, 0x3f, 0xff, 0xfe, 0x0f, 0xc0, 0x1f, 0x87, 0xff, 0xff, 0x80, 0xfb, 0x00, 0x09, 0x3f, 0xff, 0xfe, 0x07, 0x00, 0x07,
  0x87, 0xff, 0xff, 0x80, 0xfb, 0x00, 0x02, 0x3f, 0xff, 0xfe, 0xfe, 0x00, 0x03, 0x07, 0xff, 0xff, 0x80, 0xfb, 0x00, 0x02, 0x1f, 0xff, 0xfe, 0xfe,
  0x00, 0x03, 0x07, 0xff, 0xff, 0xc0, 0xfb, 0x00, 0x02, 0x1f, 0xff, 0xfe, 0xfe, 0x00, 0x03, 0x03, 0xff, 0xff, 0xc0, 0xfb, 0x00, 0x02, 0x1f, 0xff,
  0xfe, 0xfe, 0x00, 0x03, 0x01, 0xff, 0xff, 0xc0, 0xfb, 0x00, 0x02, 0x0f, 0xff, 0xff, 0xfe, 0x00, 0x03, 0x01, 0xff, 0xff, 0xe0, 0xfb, 0x00, 0x09,
  0x0f, 0xff, 0xff, 0x80, 0x00, 0x00, 0x01, 0xff, 0xff, 0xe0, 0xfb, 0x00, 0x02, 0x07, 0xff, 0xff, 0xfe, 0x00, 0x03, 0x01, 0xff, 0xff, 0xe0, 0xfb,
  0x00, 0x02, 0x07, 0xff, 0xff, 0xfd, 0x00, 0x02, 0xff, 0xff, 0xe0, 0xfb, 0x00, 0x09, 0x07, 0xff, 0xff, 0x80, 0x00, 0x00, 0x01, 0xff, 0xff, 0xe0,
  0xfb, 0x00, 0x09, 0x07, 0xff, 0xff, 0x80, 0x00, 0x00, 0x01, 0xff, 0xff, 0xe0, 0xfb, 0x00, 0x02, 0x07, 0xff, 0xff, 0xfe, 0x00, 0x03, 0x01, 0xff,
  0xff, 0xc0, 0xfb, 0x00, 0x02, 0x07, 0xff, 0xff, 0xfe, 0x00, 0x03, 0x01, 0xff, 0xff, 0xc0, 0xfb, 0x00, 0x02, 0x07, 0xff, 0xff, 0xfe, 0x00, 0x03,
  0x03, 0xff, 0xff, 0xc0, 0xfb, 0x00, 0x02, 0x0f, 0xff, 0xfe, 0xfe, 0x00, 0x03, 0x03, 0xff, 0xff, 0x80, 0xfb, 0x00, 0x02, 0x07, 0xff, 0xfc, 0x97,
  0x00, 0x81, 0x00, 0x81, 0x00, 0x81, 0x00, 0xdd, 0x00, 0x01, 0x1f, 0xff, 0xfe, 0x00, 0x02, 0x0f, 0xff, 0xf0, 0xfa, 0x00, 0x08, 0x01, 0xff, 0xff,
  0xc0, 0x00, 0x00, 0x1f, 0xff, 0xff, 0xfa, 0x00, 0x09, 0x0f, 0xff, 0xff, 0xe0, 0x00, 0x00, 0x3f, 0xff, 0xff, 0xe0, 0xfb, 0x00, 0x09, 0x3f, 0xff,
  0xff, 0xe0, 0x00, 0x00, 0x3f, 0xff, 0xff, 0xf8, 0xfb, 0x00, 0xfe, 0xff, 0x06, 0xe0, 0x00, 0x00, 0x3f, 0xff, 0xff, 0xf8, 0xfb, 0x00, 0xfe, 0xff,
  0x06, 0xe0, 0x00, 0x00, 0x3f, 0xff, 0xff, 0xfc, 0xfb, 0x00, 0xfe, 0xff, 0x06, 0xe0, 0x00, 0x00, 0x1f, 0xff, 0xff, 0xfc, 0xfb, 0x00, 0xfe, 0xff,
  0x06, 0xc0, 0x00, 0x00, 0x03, 0xff, 0xff, 0xfc, 0xfb, 0x00, 0xfe, 0xff, 0x06, 0x00, 0x0f, 0xc0, 0x01, 0xff, 0xff, 0xfc, 0xfb, 0x00, 0xfe, 0xff,
  0x06, 0x00, 0x7f, 0xf8, 0x01, 0xff, 0xff, 0xf0, 0xfb, 0x00, 0x09, 0x47, 0xff, 0xff, 0x03, 0xff, 0xfe, 0x01, 0xff, 0xff, 0xc0, 0xfb, 0x00, 0x09,
  0x07, 0xff, 0xff, 0x07, 0xff, 0xff, 0x01, 0xff, 0xff, 0xc0, 0xfb, 0x00, 0x09, 0x0f, 0xff, 0xff, 0x0f, 0xff, 0xff, 0x83, 0xff, 0xff, 0xc0, 0xfb,
  0x00, 0x09, 0x0f, 0xff, 0xfe, 0x0f, 0xff, 0xff, 0x83, 0xff, 0xff, 0xc0, 0xfb, 0x00, 0x09, 0x0f, 0xff, 0xfe, 0x0f, 0xff, 0xff, 0xc3, 0xff, 0xff,
  0xc0, 0xfb, 0x00, 0x09, 0x1f, 0xff, 0xfe, 0x0f, 0xc0, 0x1f, 0x87, 0xff, 0xff, 0x80, 0xfb, 0x00, 0x09, 0x1f, 0xff, 0xfe, 0x07, 0x00, 0x07, 0x87,
  0xff, 0xff, 0x80, 0xfb, 0x00, 0x02, 0x1f, 0xff, 0xfc, 0xfe, 0x00, 0x03, 0x07, 0xff, 0xff, 0x80, 0xfb, 0x00, 0x02, 0x3f, 0xff, 0xfc, 0xfe, 0x00,
  0x03, 0x07, 0xff, 0xff, 0x80, 0xfb, 0x00, 0x02, 0x3f, 0xff, 0xfe, 0xfe, 0x00, 0x03, 0x07, 0xff, 0xff, 0xc0, 0xfb, 0x00, 0x02, 0x3f, 0xff, 0xfe,
  0xfe, 0x00, 0x03, 0x03, 0xff, 0xff, 0xc0, 0xfb, 0x00, 0x02, 0x1f, 0xff, 0xfe, 0xfe, 0x00, 0x03, 0x03, 0xff, 0xff, 0xc0, 0xfb, 0x00, 0x02, 0x1f,
  0xff, 0xfe, 0xfe, 0x00, 0x03, 0x03, 0xff, 0xff, 0xc0, 0xfb, 0x00, 0x02, 0x1f, 0xff, 0xfe, 0xfe, 0x00, 0x03, 0x01, 0xff, 0xff, 0xc0, 0xfb, 0x00,
  0x02, 0x0f, 0xff, 0xfe, 0xfe, 0x00, 0x03, 0x01, 0xff, 0xff, 0xe0, 0xfb, 0x00, 0x02, 0x07, 0xff, 0xff, 0xfd, 0x00, 0x02, 0xff, 0xff, 0xe0, 0xfb,
  0x00, 0x03, 0x07, 0xff, 0xff, 0x80, 0xfe, 0x00, 0x02, 0xff, 0xff, 0xe0, 0xfb, 0x00, 0x02, 0x07, 0xff, 0xff, 0xfd, 0x00, 0x02, 0xff, 0xff, 0xe0,
  0xfb, 0x00, 0x02, 0x07, 0xff, 0xff, 0xfd, 0x00, 0x02, 0xff, 0xff, 0xe0, 0xfb, 0x00, 0x03, 0x07, 0xff, 0xff, 0x80, 0xfe, 0x00, 0x02, 0xff, 0xff,
  0xc0, 0xfb, 0x00, 0x09, 0x03, 0xff, 0xff, 0x80, 0x00, 0x00, 0x01, 0xff, 0xff, 0xc0, 0xfb, 0x00, 0x02, 0x07, 0xff, 0xff, 0x97, 0x00, 0x81, 0x00,
  0x81, 0x00, 0x81, 0x00, 0xdd, 0x00, 0x01, 0x0f, 0xff, 0xfe, 0x00, 0x02, 0x0f, 0xff, 0xf0, 0xfa, 0x00, 0x08, 0x01, 0xff, 0xff, 0xc0, 0x00, 0x00,
  0x1f, 0xff, 0xff, 0xfa, 0x00, 0x09, 0x0f, 0xff, 0xff, 0xe0, 0x00, 0x00, 0x3f, 0xff, 0xff, 0xe0, 0xfb, 0x00, 0x09, 0x3f, 0xff, 0xff, 0xe0, 0x00,
  0x00, 0x3f, 0xff, 0xff, 0xf8, 0xfb, 0x00, 0xfe, 0xff, 0x06, 0xe0, 0x00, 0x00, 0x3f, 0xff, 0xff, 0xf8, 0xfb, 0x00, 0xfe, 0xff, 0x06, 0xe0, 0x00,
  0x00, 0x3f, 0xff, 0xff, 0xfc, 0xfb, 0x00, 0xfe, 0xff, 0x06, 0xe0, 0x00, 0x00, 0x1f, 0xff, 0xff, 0xfc, 0xfb, 0x00, 0xfe, 0xff, 0x06, 0xc0, 0x00,
  0x00, 0x03, 0xff, 0xff, 0xfc, 0xfb, 0x00, 0x09, 0xff, 0xff, 0xfe, 0x00, 0x0f, 0xc0, 0x01, 0xff, 0xff, 0xf8, 0xfb, 0x00, 0xfe, 0xff, 0x06, 0x00,
  0x7f, 0xf8, 0x01, 0xff, 0xff, 0xf0, 0xfb, 0x00, 0x09, 0x4f, 0xff, 0xff, 0x03, 0xff, 0xfe, 0x01, 0xff, 0xff, 0xc0, 0xfb, 0x00, 0x09, 0x07, 0xff,
  0xff, 0x07, 0xff, 0xff, 0x01, 0xff, 0xff, 0xc0, 0xfb, 0x00, 0x09, 0x07, 0xff, 0xff, 0x0f, 0xff, 0xff, 0x81, 0xff, 0xff, 0xc0, 0xfb, 0x00, 0x09,
  0x07, 0xff, 0xff, 0x0f, 0xff, 0xff, 0x83, 0xff, 0xff, 0xc0, 0xfb, 0x00, 0x09, 0x0f, 0xff, 0xff, 0x0f, 0xfc, 0xff, 0xc3, 0xff, 0xff, 0xc0, 0xfb,
  0x00, 0x09, 0x0f, 0xff, 0xfe, 0x0f, 0xc0, 0x1f, 0xc3, 0xff, 0xff, 0xc0, 0xfb, 0x00, 0x09, 0x1f, 0xff, 0xfe, 0x07, 0x00, 0x07, 0x87, 0xff, 0xff,
  0xc0, 0xfb, 0x00, 0x02, 0x1f, 0xff, 0xfe, 0xfe, 0x00, 0x03, 0x07, 0xff, 0xff, 0x80, 0xfb, 0x00, 0x02, 0x1f, 0xff, 0xfe, 0xfe, 0x00, 0x03, 0x07,
  0xff, 0xff, 0x80, 0xfb, 0x00, 0x02, 0x1f, 0xff, 0xfe, 0xfe, 0x00, 0x03, 0x07, 0xff, 0xff, 0x80, 0xfb, 0x00, 0x02, 0x3f, 0xff, 0xfe, 0xfe, 0x00,
  0x03, 0x07, 0xff, 0xff, 0x80, 0xfb, 0x00, 0x02, 0x3f, 0xff, 0xfc, 0xfe, 0x00, 0x03, 0x07, 0xff, 0xff, 0xc0, 0xfb, 0x00, 0x02, 0x1f, 0xff, 0xfe,
  0xfe, 0x00, 0x03, 0x03, 0xff, 0xff, 0xc0, 0xfb, 0x00, 0x02, 0x1f, 0xff, 0xfe, 0xfe, 0x00, 0x03, 0x03, 0xff, 0xff, 0xc0, 0xfb, 0x00, 0x02, 0x1f,
  0xff, 0xfe, 0xfe, 0x00, 0x03, 0x01, 0xff, 0xff, 0xc0, 0xfb, 0x00, 0x02, 0x0f, 0xff, 0xfe, 0xfe, 0x00, 0x03, 0x01, 0xff, 0xff, 0xe0, 0xfb, 0x00,
  0x02, 0x0f, 0xff, 0xff, 0xfe, 0x00, 0x03, 0x01, 0xff, 0xff, 0xe0, 0xfb, 0x00, 0x02, 0x07, 0xff, 0xff, 0xfd, 0x00, 0x02, 0xff, 0xff, 0xe0, 0xfb,
  0x00, 0x02, 0x07, 0xff, 0xff, 0xfd, 0x00, 0x02, 0xff, 0xff, 0xe0, 0xfb, 0x00, 0x03, 0x07, 0xff, 0xff, 0x80, 0xfe, 0x00, 0x02, 0xff, 0xff, 0xe0,
  0xfb, 0x00, 0x03, 0x03, 0xff, 0xff, 0x80, 0xfe, 0x00, 0x02, 0xff, 0xff, 0xc0, 0xfb, 0x00, 0x02, 0x03, 0xff, 0xff, 0x97, 0x00, 0x81, 0x00, 0x81,
  0x00, 0x81, 0x00, 0xdd, 0x00, 0x01, 0x0f, 0xff, 0xfe, 0x00, 0x02, 0x0f, 0xff, 0xf8, 0xfa, 0x00, 0x08, 0x01, 0xff, 0xff, 0xc0, 0x00, 0x00, 0x1f,
  0xff, 0xff, 0xfa, 0x00, 0x09, 0x0f, 0xff, 0xff, 0xe0, 0x00, 0x00, 0x3f, 0xff, 0xff, 0xe0, 0xfb, 0x00, 0x09, 0x3f, 0xff, 0xff, 0xf0, 0x00, 0x00,
  0x3f, 0xff, 0xff, 0xf8, 0xfb, 0x00, 0xfe, 0xff, 0x06, 0xf0, 0x00, 0x00, 0x3f, 0xff, 0xff, 0xf8, 0xfb, 0x00, 0xfe, 0xff, 0x06, 0xe0, 0x00, 0x00,
  0x3f, 0xff, 0xff, 0xfc, 0xfb, 0x00, 0xfe, 0xff, 0x06, 0xe0, 0x00, 0x00, 0x1f, 0xff, 0xff, 0xfc, 0xfb, 0x00, 0xfe, 0xff, 0x06, 0xc0, 0x00, 0x00,
  0x0f, 0xff, 0xff, 0xfc, 0xfb, 0x00, 0x09, 0xff, 0xff, 0xfe, 0x00, 0x1f, 0xc0, 0x03, 0xff, 0xff, 0xf8, 0xfb, 0x00, 0x09, 0xff, 0xff, 0xfe, 0x00,
  0x7f, 0xf8, 0x03, 0xff, 0xff, 0xf0, 0xfb, 0x00, 0x09, 0x1f, 0xff, 0xfe, 0x03, 0xff, 0xfe, 0x01, 0xff, 0xff, 0xc0, 0xfb, 0x00, 0x09, 0x0f, 0xff,
  0xff, 0x07, 0xff, 0xff, 0x01, 0xff, 0xff, 0xe0, 0xfb, 0x00, 0x09, 0x0f, 0xff, 0xff, 0x0f, 0xff, 0xff, 0x81, 0xff, 0xff, 0xe0, 0xfb, 0x00, 0x09,
  0x0f, 0xff, 0xff, 0x8f, 0xff, 0xff, 0x81, 0xff, 0xff, 0xe0, 0xfb, 0x00, 0x09, 0x07, 0xff, 0xff, 0x8f, 0xfc, 0xff, 0xc1, 0xff, 0xff, 0xe0, 0xfb,
  0x00, 0x09, 0x07, 0xff, 0xff, 0x0f, 0xc0, 0x1f, 0xc1, 0xff, 0xff, 0xc0, 0xfb, 0x00, 0x09, 0x07, 0xff, 0xff, 0x07, 0x00, 0x07, 0x83, 0xff, 0xff,
  0xc0, 0xfb, 0x00, 0x02, 0x0f, 0xff, 0xff, 0xfe, 0x00, 0x03, 0x03, 0xff, 0xff, 0xc0, 0xfb, 0x00, 0x02, 0x0f, 0xff, 0xff, 0xfe, 0x00, 0x03, 0x03,
  0xff, 0xff, 0xc0, 0xfb, 0x00, 0x02, 0x0f, 0xff, 0xfe, 0xfe, 0x00, 0x03, 0x07, 0xff, 0xff, 0xc0, 0xfb, 0x00, 0x02, 0x1f, 0xff, 0xfe, 0xfe, 0x00,
  0x03, 0x07, 0xff, 0xff, 0x80, 0xfb, 0x00, 0x02, 0x1f, 0xff, 0xfe, 0xfe, 0x00, 0x03, 0x07, 0xff, 0xff, 0x80, 0xfb, 0x00, 0x02, 0x1f, 0xff, 0xfe,
  0xfe, 0x00, 0x03, 0x07, 0xff, 0xff, 0x80, 0xfb, 0x00, 0x02, 0x1f, 0xff, 0xfe, 0xfe, 0x00, 0x03, 0x07, 0xff, 0xff, 0x80, 0xfb, 0x00, 0x02, 0x1f,
  0xff, 0xfe, 0xfe, 0x00, 0x03, 0x03, 0xff, 0xff, 0x80, 0xfb, 0x00, 0x02, 0x1f, 0xff, 0xfc, 0xfe, 0x00, 0x03, 0x03, 0xff, 0xff, 0xc0, 0xfb, 0x00,
  0x02, 0x1f, 0xff, 0xfe, 0xfe, 0x00, 0x03, 0x03, 0xff, 0xff, 0xc0, 0xfb, 0x00, 0x02, 0x1f, 0xff, 0xfe, 0xfe, 0x00, 0x03, 0x01, 0xff, 0xff, 0xc0,
  0xfb, 0x00, 0x02, 0x0f, 0xff, 0xfe, 0xfd, 0x00, 0x02, 0xff, 0xff, 0xc0, 0xfb, 0x00, 0x02, 0x07, 0xff, 0xff, 0xfd, 0x00, 0x02, 0xff, 0xff, 0xc0,
  0xfb, 0x00, 0x02, 0x07, 0xff, 0xff, 0xfd, 0x00, 0x02, 0xff, 0xff, 0xc0, 0xfb, 0x00, 0x02, 0x03, 0xff, 0xff, 0x97, 0x00, 0x81, 0x00, 0x81, 0x00,
  0x81, 0x00, 0xdd, 0x00, 0x01, 0x0f, 0xff, 0xfe, 0x00, 0x02, 0x0f, 0xff, 0xf8, 0xfa, 0x00, 0x08, 0x01, 0xff, 0xff, 0xc0, 0x00, 0x00, 0x1f, 0xff,
  0xff, 0xfa, 0x00, 0x09, 0x0f, 0xff, 0xff, 0xe0, 0x00, 0x00, 0x3f, 0xff, 0xff, 0xe0, 0xfb, 0x00, 0x09, 0x3f, 0xff, 0xff, 0xf0, 0x00, 0x00, 0x3f,
  0xff, 0xff, 0xf8, 0xfb, 0x00, 0xfe, 0xff, 0x06, 0xf0, 0x00, 0x00, 0x3f, 0xff, 0xff, 0xf8, 0xfb, 0x00, 0xfe, 0xff, 0x06, 0xe0, 0x00, 0x00, 0x3f,
  0xff, 0xff, 0xfc, 0xfb, 0x00, 0xfe, 0xff, 0x06, 0xe0, 0x00, 0x00, 0x1f, 0xff, 0xff, 0xfc, 0xfb, 0x00, 0xfe, 0xff, 0x06, 0xc0, 0x00, 0x00, 0x07,
  0xff, 0xff, 0xfc, 0xfb, 0x00, 0x09, 0xff, 0xff, 0xfe, 0x00, 0x1f, 0xc0, 0x07, 0xff, 0xff, 0xf8, 0xfb, 0x00, 0x09, 0xff, 0xff, 0xfc, 0x00, 0x7f,
  0xf8, 0x03, 0xff, 0xff, 0xf0, 0xfb, 0x00, 0x09, 0x3f, 0xff, 0xfe, 0x03, 0xff, 0xfe, 0x03, 0xff, 0xff, 0xc0, 0xfb, 0x00, 0x09, 0x1f, 0xff, 0xfe,
  0x07, 0xff, 0xff, 0x03, 0xff, 0xff, 0xc0, 0xfb, 0x00, 0x09, 0x1f, 0xff, 0xfe, 0x0f, 0xff, 0xff, 0x81, 0xff, 0xff, 0xc0, 0xfb, 0x00, 0x09, 0x0f,
  0xff, 0xff, 0x0f, 0xff, 0xff, 0x81, 0xff, 0xff, 0xe0, 0xfb, 0x00, 0x09, 0x0f, 0xff, 0xff, 0x8f, 0xfc, 0xff, 0xc1, 0xff, 0xff, 0xe0, 0xfb, 0x00,
  0x09, 0x07, 0xff, 0xff, 0x0f, 0xc0, 0x1f, 0xc1, 0xff, 0xff, 0xe0, 0xfb, 0x00, 0x09, 0x07, 0xff, 0xff, 0x07, 0x00, 0x07, 0x81, 0xff, 0xff, 0xe0,
  0xfb, 0x00, 0x09, 0x07, 0xff, 0xff, 0x80, 0x00, 0x00, 0x01, 0xff, 0xff, 0xe0, 0xfb, 0x00, 0x09, 0x0f, 0xff, 0xff, 0x80, 0x00, 0x00, 0x03, 0xff,
  0xff, 0xe0, 0xfb, 0x00, 0x02, 0x0f, 0xff, 0xff, 0xfe, 0x00, 0x03, 0x03, 0xff, 0xff, 0xc0, 0xfb, 0x00, 0x02, 0x0f, 0xff, 0xff, 0xfe, 0x00, 0x03,
  0x03, 0xff, 0xff, 0xc0, 0xfb, 0x00, 0x02, 0x0f, 0xff, 0xfe, 0xfe, 0x00, 0x03, 0x03, 0xff, 0xff, 0x80, 0xfb, 0x00, 0x02, 0x1f, 0xff, 0xfe, 0xfe,
  0x00, 0x03, 0x07, 0xff, 0xff, 0xc0, 0xfb, 0x00, 0x02, 0x1f, 0xff, 0xfe, 0xfe, 0x00, 0x03, 0x07, 0xff, 0xff, 0x80, 0xfb, 0x00, 0x02, 0x1f, 0xff,
  0xfe, 0xfe, 0x00, 0x03, 0x07, 0xff, 0xff, 0x80, 0xfb, 0x00, 0x02, 0x1f, 0xff, 0xfc, 0xfe, 0x00, 0x03, 0x07, 0xff, 0xff, 0x80, 0xfb, 0x00, 0x02,
  0x1f, 0xff, 0xfe, 0xfe, 0x00, 0x03, 0x03, 0xff, 0xff, 0xc0, 0xfb, 0x00, 0x02, 0x1f, 0xff, 0xfe, 0xfe, 0x00, 0x03, 0x03, 0xff, 0xff, 0xc0, 0xfb,
  0x00, 0x02, 0x1f, 0xff, 0xfe, 0xfe, 0x00, 0x03, 0x01, 0xff, 0xff, 0xc0, 0xfb, 0x00, 0x02, 0x0f, 0xff, 0xfe, 0xfe, 0x00, 0x03, 0x01, 0xff, 0xff,
  0xc0, 0xfb, 0x00, 0x02, 0x0f, 0xff, 0xfe, 0xfd, 0x00, 0x02, 0xff, 0xff, 0xc0, 0xfb, 0x00, 0x02, 0x07, 0xff, 0xfe, 0x97, 0x00, 0x81, 0x00, 0x81,
  0x00, 0x81, 0x00, 0xdd, 0x00, 0x01, 0x0f, 0xff, 0xfe, 0x00, 0x02, 0x0f, 0xff, 0xf8, 0xfa, 0x00, 0x09, 0x01, 0xff, 0xff, 0xc0, 0x00, 0x00, 0x1f,
  0xff, 0xff, 0x80, 0xfb, 0x00, 0x09, 0x1f, 0xff, 0xff, 0xe0, 0x00, 0x00, 0x3f, 0xff, 0xff, 0xe0, 0xfb, 0x00, 0x09, 0x3f, 0xff, 0xff, 0xf0, 0x00,
  0x00, 0x3f, 0xff, 0xff, 0xf8, 0xfb, 0x00, 0xfe, 0xff, 0x06, 0xf0, 0x00, 0x00, 0x3f, 0xff, 0xff, 0xf8, 0xfb, 0x00, 0xfe, 0xff, 0x06, 0xe0, 0x00,
  0x00, 0x3f, 0xff, 0xff, 0xfc, 0xfb, 0x00, 0xfe, 0xff, 0x06, 0xe0, 0x00, 0x00, 0x1f, 0xff, 0xff, 0xfc, 0xfb, 0x00, 0xfe, 0xff, 0x06, 0xc0, 0x00,
  0x00, 0x0f, 0xff, 0xff, 0xfc, 0xfb, 0x00, 0x09, 0xff, 0xff, 0xfe, 0x00, 0x1f, 0xc0, 0x07, 0xff, 0xff, 0xf8, 0xfb, 0x00, 0x09, 0xff, 0xff, 0xfc,
  0x00, 0x7f, 0xf8, 0x07, 0xff, 0xff, 0xb0, 0xfb, 0x00, 0x09, 0x3f, 0xff, 0xfc, 0x03, 0xff, 0xfe, 0x07, 0xff, 0xff, 0x80, 0xfb, 0x00, 0x09, 0x3f,
  0xff, 0xfe, 0x07, 0xff, 0xff, 0x07, 0xff, 0xff, 0xc0, 0xfb, 0x00, 0x09, 0x3f, 0xff, 0xfe, 0x07, 0xff, 0xff, 0x83, 0xff, 0xff, 0xc0, 0xfb, 0x00,
  0x09, 0x1f, 0xff, 0xfe, 0x0f, 0xff, 0xff, 0x83, 0xff, 0xff, 0xc0, 0xfb, 0x00, 0x09, 0x1f, 0xff, 0xfe, 0x0f, 0xfc, 0x7f, 0xc1, 0xff, 0xff, 0xc0,
  0xfb, 0x00, 0x09, 0x0f, 0xff, 0xff, 0x0f, 0xc0, 0x1f, 0xc1, 0xff, 0xff, 0xe0, 0xfb, 0x00, 0x09, 0x0f, 0xff, 0xff, 0x07, 0x00, 0x07, 0x81, 0xff,
  0xff, 0xe0, 0xfb, 0x00, 0x09, 0x07, 0xff, 0xff, 0x80, 0x00, 0x00, 0x01, 0xff, 0xff, 0xe0, 0xfb, 0x00, 0x09, 0x07, 0xff, 0xff, 0x80, 0x00, 0x00,
  0x01, 0xff, 0xff, 0xe0, 0xfb, 0x00, 0x02, 0x07, 0xff, 0xff, 0xfe, 0x00, 0x03, 0x01, 0xff, 0xff, 0xe0, 0xfb, 0x00, 0x02, 0x07, 0xff, 0xff, 0xfe,
  0x00, 0x03, 0x01, 0xff, 0xff, 0xc0, 0xfb, 0x00, 0x02, 0x07, 0xff, 0xff, 0xfe, 0x00, 0x03, 0x01, 0xff, 0xff, 0xc0, 0xfb, 0x00, 0x02, 0x0f, 0xff,
  0xff, 0xfe, 0x00, 0x03, 0x03, 0xff, 0xff, 0xc0, 0xfb, 0x00, 0x02, 0x0f, 0xff, 0xfe, 0xfe, 0x00, 0x03, 0x03, 0xff, 0xff, 0xc0, 0xfb, 0x00, 0x02,
  0x0f, 0xff, 0xfe, 0xfe, 0x00, 0x03, 0x03, 0xff, 0xff, 0x80, 0xfb, 0x00, 0x02, 0x1f, 0xff, 0xfe, 0xfe, 0x00, 0x03, 0x07, 0xff, 0xff, 0x80, 0xfb,
  0x00, 0x02, 0x1f, 0xff, 0xfe, 0xfe, 0x00, 0x03, 0x07, 0xff, 0xff, 0x80, 0xfb, 0x00, 0x02, 0x1f, 0xff, 0xfe, 0xfe, 0x00, 0x03, 0x03, 0xff, 0xff,
  0x80, 0xfb, 0x00, 0x02, 0x1f, 0xff, 0xfe, 0xfe, 0x00, 0x03, 0x03, 0xff, 0xff, 0x80, 0xfb, 0x00, 0x02, 0x1f, 0xff, 0xfc, 0xfe, 0x00, 0x03, 0x03,
  0xff, 0xff, 0x80, 0xfb, 0x00, 0x02, 0x1f, 0xff, 0xfc, 0xfe, 0x00, 0x03, 0x01, 0xff, 0xff, 0xc0, 0xfb, 0x00, 0x02, 0x0f, 0xff, 0xfc, 0x97, 0x00,
  0x81, 0x00, 0x81, 0x00, 0x81, 0x00, 0xdd, 0x00, 0x01, 0x1f, 0xff, 0xfe, 0x00, 0x02, 0x0f, 0xff, 0xf8, 0xfa, 0x00, 0x09, 0x01, 0xff, 0xff, 0xc0,
  0x00, 0x00, 0x1f, 0xff, 0xff, 0x80, 0xfb, 0x00, 0x09, 0x0f, 0xff, 0xff, 0xe0, 0x00, 0x00, 0x3f, 0xff, 0xff, 0xe0, 0xfb, 0x00, 0x09, 0x3f, 0xff,
  0xff, 0xf0, 0x00, 0x00, 0x3f, 0xff, 0xff, 0xf8, 0xfb, 0x00, 0xfe, 0xff, 0x06, 0xf0, 0x00, 0x00, 0x3f, 0xff, 0xff, 0xf8, 0xfb, 0x00, 0xfe, 0xff,
  0x06, 0xe0, 0x00, 0x00, 0x3f, 0xff, 0xff, 0xfc, 0xfb, 0x00, 0xfe, 0xff, 0x06, 0xe0, 0x00, 0x00, 0x1f, 0xff, 0xff, 0xfc, 0xfb, 0x00, 0xfe, 0xff,
  0x06, 0xc0, 0x00, 0x00, 0x0f, 0xff, 0xff, 0xfc, 0xfb, 0x00, 0x09, 0xff, 0xff, 0xfe, 0x00, 0x1f, 0xc0, 0x07, 0xff, 0xff, 0xf8, 0xfb, 0x00, 0x09,
  0xff, 0xff, 0xfe, 0x00, 0x7f, 0xf8, 0x07, 0xff, 0xff, 0xb0, 0xfb, 0x00, 0x09, 0x3f, 0xff, 0xfc, 0x03, 0xff, 0xfe, 0x07, 0xff, 0xff, 0x80, 0xfb,
  0x00, 0x09, 0x3f, 0xff, 0xfc, 0x07, 0xff, 0xff, 0x07, 0xff, 0xff, 0x80, 0xfb, 0x00, 0x09, 0x3f, 0xff, 0xfe, 0x07, 0xff, 0xff, 0x87, 0xff, 0xff,
  0x80, 0xfb, 0x00, 0x09, 0x3f, 0xff, 0xfe, 0x0f, 0xff, 0xff, 0x87, 0xff, 0xff, 0xc0, 0xfb, 0x00, 0x09, 0x1f, 0xff, 0xfe, 0x0f, 0xfc, 0x7f, 0xc3,
  0xff, 0xff, 0xc0, 0xfb, 0x00, 0x09, 0x1f, 0xff, 0xfe, 0x0f, 0xc0, 0x1f, 0xc3, 0xff, 0xff, 0xc0, 0xfb, 0x00, 0x09, 0x1f, 0xff, 0xfe, 0x07, 0x00,
  0x07, 0x83, 0xff, 0xff, 0xc0, 0xfb, 0x00, 0x02, 0x0f, 0xff, 0xff, 0xfe, 0x00, 0x03, 0x01, 0xff, 0xff, 0xe0, 0xfb, 0x00, 0x09, 0x0f, 0xff, 0xff,
  0x80, 0x00, 0x00, 0x01, 0xff, 0xff, 0xe0, 0xfb, 0x00, 0x02, 0x0f, 0xff, 0xff, 0xfe, 0x00, 0x03, 0x01, 0xff, 0xff, 0xe0, 0xfb, 0x00, 0x09, 0x07,
  0xff, 0xff, 0x80, 0x00, 0x00, 0x01, 0xff, 0xff, 0xe0, 0xfb, 0x00, 0x09, 0x07, 0xff, 0xff, 0x80, 0x00, 0x00, 0x01, 0xff, 0xff, 0xe0, 0xfb, 0x00,
  0x09, 0x07, 0xff, 0xff, 0x80, 0x00, 0x00, 0x01, 0xff, 0xff, 0xe0, 0xfb, 0x00, 0x02, 0x07, 0xff, 0xff, 0xfe, 0x00, 0x03, 0x01, 0xff, 0xff, 0xc0,
  0xfb, 0x00, 0x02, 0x0f, 0xff, 0xff, 0xfe, 0x00, 0x03, 0x03, 0xff, 0xff, 0xc0, 0xfb, 0x00, 0x02, 0x0f, 0xff, 0xff, 0xfe, 0x00, 0x03, 0x03, 0xff,
  0xff, 0xc0, 0xfb, 0x00, 0x02, 0x0f, 0xff, 0xfe, 0xfe, 0x00, 0x03, 0x03, 0xff, 0xff, 0xc0, 0xfb, 0x00, 0x02, 0x1f, 0xff, 0xfe, 0xfe, 0x00, 0x03,
  0x03, 0xff, 0xff, 0x80, 0xfb, 0x00, 0x02, 0x1f, 0xff, 0xfe, 0xfe, 0x00, 0x03, 0x03, 0xff, 0xff, 0x80, 0xfb, 0x00, 0x02, 0x1f, 0xff, 0xfc, 0xfe,
  0x00, 0x03, 0x03, 0xff, 0xff, 0x80, 0xfb, 0x00, 0x02, 0x1f, 0xff, 0xfc, 0xfe, 0x00, 0x03, 0x03, 0xff, 0xff, 0x80, 0xfb, 0x00, 0x02, 0x0f, 0xff,
  0xfc, 0x97, 0x00, 0x81, 0x00, 0x81, 0x00, 0x81, 0x00, 0xdd, 0x00, 0x01, 0x0f, 0xff, 0xfe, 0x00, 0x02, 0x0f, 0xff, 0xf8, 0xfa, 0x00, 0x09, 0x01,
  0xff, 0xff, 0xc0, 0x00, 0x00, 0x1f, 0xff, 0xff, 0x80, 0xfb, 0x00, 0x09, 0x0f, 0xff, 0xff, 0xe0, 0x00, 0x00, 0x3f, 0xff, 0xff, 0xe0, 0xfb, 0x00,
  0x09, 0x3f, 0xff, 0xff, 0xf0, 0x00, 0x00, 0x3f, 0xff, 0xff, 0xf8, 0xfb, 0x00, 0xfe, 0xff, 0x06, 0xf0, 0x00, 0x00, 0x3f, 0xff, 0xff, 0xf8, 0xfb,
  0x00, 0xfe, 0xff, 0x06, 0xe0, 0x00, 0x00, 0x3f, 0xff, 0xff, 0xfc, 0xfb, 0x00, 0xfe, 0xff, 0x06, 0xe0, 0x00, 0x00, 0x1f, 0xff, 0xff, 0xfc, 0xfb,
  0x00, 0xfe, 0xff, 0x06, 0xc0, 0x00, 0x00, 0x07, 0xff, 0xff, 0xfc, 0xfb, 0x00, 0x09, 0xff, 0xff, 0xfe, 0x00, 0x0f, 0xc0, 0x03, 0xff, 0xff, 0xf8,
  0xfb, 0x00, 0x09, 0xff, 0xff, 0xfe, 0x00, 0x7f, 0xf8, 0x03, 0xff, 0xff, 0xf0, 0xfb, 0x00, 0x09, 0x1f, 0xff, 0xfe, 0x03, 0xff, 0xfe, 0x07, 0xff,
  0xff, 0x80, 0xfb, 0x00, 0x09, 0x1f, 0xff, 0xfe, 0x07, 0xff, 0xff, 0x07, 0xff, 0xff, 0x80, 0xfb, 0x00, 0x09, 0x3f, 0xff, 0xfe, 0x0f, 0xff, 0xff,
  0x87, 0xff, 0xff, 0x80, 0xfb, 0x00, 0x09, 0x3f, 0xff, 0xfc, 0x0f, 0xff, 0xff, 0x87, 0xff, 0xff, 0x80, 0xfb, 0x00, 0x09, 0x3f, 0xff, 0xfc, 0x0f,
  0xfc, 0x7f, 0xc7, 0xff, 0xff, 0x80, 0xfb, 0x00, 0x09, 0x3f, 0xff, 0xfe, 0x0f, 0xc0, 0x1f, 0xc7, 0xff, 0xff, 0xc0, 0xfb, 0x00, 0x09, 0x3f, 0xff,
  0xfe, 0x07, 0x00, 0x07, 0x83, 0xff, 0xff, 0xc0, 0xfb, 0x00, 0x02, 0x1f, 0xff, 0xfe, 0xfe, 0x00, 0x03, 0x03, 0xff, 0xff, 0xc0, 0xfb, 0x00, 0x02,
  0x1f, 0xff, 0xfe, 0xfe, 0x00, 0x03, 0x03, 0xff, 0xff, 0xc0, 0xfb, 0x00, 0x02, 0x1f, 0xff, 0xfe, 0xfe, 0x00, 0x03, 0x01, 0xff, 0xff, 0xe0, 0xfb,
  0x00, 0x02, 0x0f, 0xff, 0xff, 0xfe, 0x00, 0x03, 0x01, 0xff, 0xff, 0xe0, 0xfb, 0x00, 0x09, 0x07, 0xff, 0xff, 0x80, 0x00, 0x00, 0x01, 0xff, 0xff,
  0xe0, 0xfb, 0x00, 0x09, 0x07, 0xff, 0xff, 0x80, 0x00, 0x00, 0x01, 0xff, 0xff, 0xe0, 0xfb, 0x00, 0x02, 0x07, 0xff, 0xff, 0xfe, 0x00, 0x03, 0x01,
  0xff, 0xff, 0xe0, 0xfb, 0x00, 0x02, 0x07, 0xff, 0xff, 0xfe, 0x00, 0x03, 0x01, 0xff, 0xff, 0xe0, 0xfb, 0x00, 0x02, 0x07, 0xff, 0xff, 0xfe, 0x00,
  0x03, 0x01, 0xff, 0xff, 0xc0, 0xfb, 0x00, 0x02, 0x07, 0xff, 0xff, 0xfe, 0x00, 0x03, 0x01, 0xff, 0xff, 0xc0, 0xfb, 0x00, 0x02, 0x07, 0xff, 0xff,
  0xfe, 0x00, 0x03, 0x01, 0xff, 0xff, 0xc0, 0xfb, 0x00, 0x02, 0x0f, 0xff, 0xfe, 0xfe, 0x00, 0x03, 0x03, 0xff, 0xff, 0x80, 0xfb, 0x00, 0x02, 0x0f,
  0xff, 0xfe, 0xfe, 0x00, 0x03, 0x03, 0xff, 0xff, 0x80, 0xfb, 0x00, 0x02, 0x0f, 0xff, 0xfe, 0xfe, 0x00, 0x03, 0x03, 0xff, 0xff, 0x80, 0xfb, 0x00,
  0x02, 0x0f, 0xff, 0xfc, 0x97, 0x00, 0x81, 0x00, 0x81, 0x00, 0x81, 0x00, 0xdd, 0x00, 0x01, 0x0f, 0xff, 0xfe, 0x00, 0x02, 0x0f, 0xff, 0xf8, 0xfa,
  0x00, 0x08, 0x01, 0xff, 0xff, 0xc0, 0x00, 0x00, 0x1f, 0xff, 0xff, 0xfa, 0x00, 0x09, 0x0f, 0xff, 0xff, 0xe0, 0x00, 0x00, 0x3f, 0xff, 0xff, 0xe0,
  0xfb, 0x00, 0x09, 0x3f, 0xff, 0xff, 0xf0, 0x00, 0x00, 0x3f, 0xff, 0xff, 0xf8, 0xfb, 0x00, 0xfe, 0xff, 0x06, 0xf0, 0x00, 0x00, 0x3f, 0xff, 0xff,
  0xf8, 0xfb, 0x00, 0xfe, 0xff, 0x06, 0xe0, 0x00, 0x00, 0x3f, 0xff, 0xff, 0xfc, 0xfb, 0x00, 0xfe, 0xff, 0x06, 0xe0, 0x00, 0x00, 0x1f, 0xff, 0xff,
  0xfc, 0xfb, 0x00, 0xfe, 0xff, 0x06, 0xc0, 0x00, 0x00, 0x07, 0xff, 0xff, 0xfc, 0xfb, 0x00, 0xfe, 0xff, 0x06, 0x00, 0x0f, 0xc0, 0x03, 0xff, 0xff,
  0xf8, 0xfb, 0x00, 0xfe, 0xff, 0x06, 0x00, 0x7f, 0xf8, 0x03, 0xff, 0xff, 0xf0, 0xfb, 0x00, 0x09, 0x0f, 0xff, 0xff, 0x03, 0xff, 0xfe, 0x03, 0xff,
  0xff, 0xc0, 0xfb, 0x00, 0x09, 0x1f, 0xff, 0xfe, 0x07, 0xff, 0xff, 0x03, 0xff, 0xff, 0xc0, 0xfb, 0x00, 0x09, 0x1f, 0xff, 0xfe, 0x07, 0xff, 0xff,
  0x87, 0xff, 0xff, 0x80, 0xfb, 0x00, 0x09, 0x1f, 0xff, 0xfe, 0x0f, 0xff, 0xff, 0x87, 0xff, 0xff, 0x80, 0xfb, 0x00, 0x09, 0x3f, 0xff, 0xfe, 0x0f,
  0xfc, 0x7f, 0xc7, 0xff, 0xff, 0x80, 0xfb, 0x00, 0x09, 0x3f, 0xff, 0xfe, 0x0f, 0xc0, 0x1f, 0xc7, 0xff, 0xff, 0x80, 0xfb, 0x00, 0x09, 0x3f, 0xff,
  0xfe, 0x07, 0x00, 0x07, 0x87, 0xff, 0xff, 0x80, 0xfb, 0x00, 0x02, 0x3f, 0xff, 0xfc, 0xfe, 0x00, 0x03, 0x07, 0xff, 0xff, 0x80, 0xfb, 0x00, 0x02,
  0x3f, 0xff, 0xfe, 0xfe, 0x00, 0x03, 0x03, 0xff, 0xff, 0xc0, 0xfb, 0x00, 0x02, 0x1f, 0xff, 0xfe, 0xfe, 0x00, 0x03, 0x03, 0xff, 0xff, 0xc0, 0xfb,
  0x00, 0x02, 0x1f, 0xff, 0xfe, 0xfe, 0x00, 0x03, 0x03, 0xff, 0xff, 0xc0, 0xfb, 0x00, 0x02, 0x1f, 0xff, 0xff, 0xfe, 0x00, 0x03, 0x01, 0xff, 0xff,
  0xe0, 0xfb, 0x00, 0x02, 0x0f, 0xff, 0xff, 0xfe, 0x00, 0x03, 0x01, 0xff, 0xff, 0xe0, 0xfb, 0x00, 0x02, 0x0f, 0xff, 0xff, 0xfe, 0x00, 0x03, 0x01,
  0xff, 0xff, 0xe0, 0xfb, 0x00, 0x02, 0x07, 0xff, 0xff, 0xfd, 0x00, 0x02, 0xff, 0xff, 0xe0, 0xfb, 0x00, 0x03, 0x07, 0xff, 0xff, 0x80, 0xfe, 0x00,
  0x02, 0xff, 0xff, 0xe0, 0xfb, 0x00, 0x09, 0x07, 0xff, 0xff, 0x80, 0x00, 0x00, 0x01, 0xff, 0xff, 0xe0, 0xfb, 0x00, 0x02, 0x07, 0xff, 0xff, 0xfe,
  0x00, 0x03, 0x01, 0xff, 0xff, 0xc0, 0xfb, 0x00, 0x02, 0x07, 0xff, 0xff, 0xfe, 0x00, 0x03, 0x01, 0xff, 0xff, 0xc0, 0xfb, 0x00, 0x02, 0x07, 0xff,
  0xff, 0xfe, 0x00, 0x03, 0x01, 0xff, 0xff, 0xc0, 0xfb, 0x00, 0x02, 0x07, 0xff, 0xfe, 0xfe, 0x00, 0x03, 0x03, 0xff, 0xff, 0xc0, 0xfb, 0x00, 0x02,
  0x07, 0xff, 0xfe, 0x97, 0x00, 0x81, 0x00, 0x81, 0x00, 0x81, 0x00, 0xdd, 0x00, 0x01, 0x0f, 0xff, 0xfe, 0x00, 0x02, 0x0f, 0xff, 0xf8, 0xfa, 0x00,
  0x08, 0x01, 0xff, 0xff, 0xc0, 0x00, 0x00, 0x1f, 0xff, 0xff, 0xfa, 0x00, 0x09, 0x0f, 0xff, 0xff, 0xe0, 0x00, 0x00, 0x3f, 0xff, 0xff, 0xe0, 0xfb,
  0x00, 0x09, 0x3f, 0xff, 0xff, 0xf0, 0x00, 0x00, 0x3f, 0xff, 0xff, 0xf8, 0xfb, 0x00, 0xfe, 0xff, 0x06, 0xf0, 0x00, 0x00, 0x3f, 0xff, 0xff, 0xf8,
  0xfb, 0x00, 0xfe, 0xff, 0x06, 0xe0, 0x00, 0x00, 0x3f, 0xff, 0xff, 0xfc, 0xfb, 0x00, 0xfe, 0xff, 0x06, 0xe0, 0x00, 0x00, 0x1f, 0xff, 0xff, 0xfc,
  0xfb, 0x00, 0xfe, 0xff, 0x06, 0xc0, 0x00, 0x00, 0x0b, 0xff, 0xff, 0xfc, 0xfb, 0x00, 0xfe, 0xff, 0x06, 0x00, 0x0f, 0xc0, 0x01, 0xff, 0xff, 0xf8,
  0xfb, 0x00, 0xfe, 0xff, 0x06, 0x00, 0x7f, 0xf8, 0x01, 0xff, 0xff, 0xf0, 0xfb, 0x00, 0x09, 0x07, 0xff, 0xff, 0x03, 0xff, 0xfe, 0x01, 0xff, 0xff,
  0xc0, 0xfb, 0x00, 0x09, 0x07, 0xff, 0xff, 0x07, 0xff, 0xff, 0x01, 0xff, 0xff, 0xc0, 0xfb, 0x00, 0x09, 0x0f, 0xff, 0xff, 0x0f, 0xff, 0xff, 0x83,
  0xff, 0xff, 0xc0, 0xfb, 0x00, 0x09, 0x0f, 0xff, 0xfe, 0x0f, 0xff, 0xff, 0x83, 0xff, 0xff, 0xc0, 0xfb, 0x00, 0x09, 0x0f, 0xff, 0xfe, 0x0f, 0xff,
  0xff, 0xc3, 0xff, 0xff, 0x80, 0xfb, 0x00, 0x09, 0x1f, 0xff, 0xfe, 0x0f, 0xc0, 0x1f, 0xc7, 0xff, 0xff, 0x80, 0xfb, 0x00, 0x09, 0x1f, 0xff, 0xfe,
  0x07, 0x00, 0x07, 0x87, 0xff, 0xff, 0x80, 0xfb, 0x00, 0x02, 0x1f, 0xff, 0xfc, 0xfe, 0x00, 0x03, 0x07, 0xff, 0xff, 0x80, 0xfb, 0x00, 0x02, 0x3f,
  0xff, 0xfe, 0xfe, 0x00, 0x03, 0x07, 0xff, 0xff, 0x80, 0xfb, 0x00, 0x02, 0x1f, 0xff, 0xfe, 0xfe, 0x00, 0x03, 0x07, 0xff, 0xff, 0xc0, 0xfb, 0x00,
  0x02, 0x3f, 0xff, 0xfe, 0xfe, 0x00, 0x03, 0x03, 0xff, 0xff, 0xc0, 0xfb, 0x00, 0x02, 0x1f, 0xff, 0xfe, 0xfe, 0x00, 0x03, 0x03, 0xff, 0xff, 0xc0,
  0xfb, 0x00, 0x02, 0x1f, 0xff, 0xfe, 0xfe, 0x00, 0x03, 0x03, 0xff, 0xff, 0xc0, 0xfb, 0x00, 0x02, 0x1f, 0xff, 0xfe, 0xfe, 0x00, 0x03, 0x01, 0xff,
  0xff, 0xc0, 0xfb, 0x00, 0x02, 0x0f, 0xff, 0xfe, 0xfe, 0x00, 0x03, 0x01, 0xff, 0xff, 0xe0, 0xfb, 0x00, 0x02, 0x07, 0xff, 0xff, 0xfd, 0x00, 0x02,
  0xff, 0xff, 0xe0, 0xfb, 0x00, 0x03, 0x07, 0xff, 0xff, 0x80, 0xfe, 0x00, 0x02, 0xff, 0xff, 0xe0, 0xfb, 0x00, 0x02, 0x07, 0xff, 0xff, 0xfd, 0x00,
  0x02, 0xff, 0xff, 0xe0, 0xfb, 0x00, 0x03, 0x03, 0xff, 0xff, 0x80, 0xfe, 0x00, 0x02, 0xff, 0xff, 0xe0, 0xfb, 0x00, 0x03, 0x07, 0xff, 0xff, 0x80,
  0xfe, 0x00, 0x02, 0xff, 0xff, 0xc0, 0xfb, 0x00, 0x03, 0x03, 0xff, 0xff, 0x80, 0xfe, 0x00, 0x02, 0xff, 0xff, 0xc0, 0xfb, 0x00, 0x02, 0x07, 0xff,
  0xff, 0x97, 0x00, 0x81, 0x00, 0x81, 0x00, 0x81, 0x00, 0xdd, 0x00, 0x01, 0x0f, 0xff, 0xfe, 0x00, 0x02, 0x0f, 0xff, 0xf8, 0xfa, 0x00, 0x09, 0x01,
  0xff, 0xff, 0xc0, 0x00, 0x00, 0x1f, 0xff, 0xff, 0x80, 0xfb, 0x00, 0x09, 0x0f, 0xff, 0xff, 0xe0, 0x00, 0x00, 0x3f, 0xff, 0xff, 0xe0, 0xfb, 0x00,
  0x09, 0x3f, 0xff, 0xff, 0xf0, 0x00, 0x00, 0x3f, 0xff, 0xff, 0xf8, 0xfb, 0x00, 0xfe, 0xff, 0x06, 0xf0, 0x00, 0x00, 0x3f, 0xff, 0xff, 0xf8, 0xfb,
  0x00, 0xfe, 0xff, 0x06, 0xe0, 0x00, 0x00, 0x3f, 0xff, 0xff, 0xfc, 0xfb, 0x00, 0xfe, 0xff, 0x06, 0xe0, 0x00, 0x00, 0x1f, 0xff, 0xff, 0xfc, 0xfb,
  0x00, 0xfe, 0xff, 0x06, 0xc0, 0x00, 0x00, 0x0b, 0xff, 0xff, 0xfc, 0xfb, 0x00, 0x09, 0xff, 0xff, 0xfe, 0x00, 0x0f, 0xc0, 0x01, 0xff, 0xff, 0xf8,
  0xfb, 0x00, 0xfe, 0xff, 0x06, 0x00, 0x7f, 0xf8, 0x01, 0xff, 0xff, 0xf0, 0xfb, 0x00, 0x09, 0x07, 0xff, 0xff, 0x03, 0xff, 0xfe, 0x01, 0xff, 0xff,
  0xe0, 0xfb, 0x00, 0x09, 0x07, 0xff, 0xff, 0x07, 0xff, 0xff, 0x01, 0xff, 0xff, 0xe0, 0xfb, 0x00, 0x09, 0x07, 0xff, 0xff, 0x0f, 0xff, 0xff, 0x81,
  0xff, 0xff, 0xc0, 0xfb, 0x00, 0x09, 0x07, 0xff, 0xff, 0x0f, 0xff, 0xff, 0x81, 0xff, 0xff, 0xc0, 0xfb, 0x00, 0x09, 0x0f, 0xff, 0xff, 0x0f, 0xfc,
  0x7f, 0xc3, 0xff, 0xff, 0xc0, 0xfb, 0x00, 0x09, 0x0f, 0xff, 0xff, 0x0f, 0xc0, 0x1f, 0xc3, 0xff, 0xff, 0xc0, 0xfb, 0x00, 0x09, 0x0f, 0xff, 0xfe,
  0x07, 0x00, 0x07, 0x87, 0xff, 0xff, 0xc0, 0xfb, 0x00, 0x02, 0x1f, 0xff, 0xfe, 0xfe, 0x00, 0x03, 0x07, 0xff, 0xff, 0x80, 0xfb, 0x00, 0x02, 0x1f,
  0xff, 0xfe, 0xfe, 0x00, 0x03, 0x07, 0xff, 0xff, 0x80, 0xfb, 0x00, 0x02, 0x1f, 0xff, 0xfe, 0xfe, 0x00, 0x03, 0x07, 0xff, 0xff, 0x80, 0xfb, 0x00,
  0x02, 0x3f, 0xff, 0xfe, 0xfe, 0x00, 0x03, 0x07, 0xff, 0xff, 0x80, 0xfb, 0x00, 0x02, 0x3f, 0xff, 0xfc, 0xfe, 0x00, 0x03, 0x07, 0xff, 0xff, 0x80,
  0xfb, 0x00, 0x02, 0x1f, 0xff, 0xfe, 0xfe, 0x00, 0x03, 0x03, 0xff, 0xff, 0xc0, 0xfb, 0x00, 0x02, 0x1f, 0xff, 0xfe, 0xfe, 0x00, 0x03, 0x03, 0xff,
  0xff, 0xc0, 0xfb, 0x00, 0x02, 0x1f, 0xff, 0xfe, 0xfe, 0x00, 0x03, 0x03, 0xff, 0xff, 0xc0, 0xfb, 0x00, 0x02, 0x1f, 0xff, 0xfe, 0xfe, 0x00, 0x03,
  0x01, 0xff, 0xff, 0xe0, 0xfb, 0x00, 0x02, 0x0f, 0xff, 0xff, 0xfe, 0x00, 0x03, 0x01, 0xff, 0xff, 0xe0, 0xfb, 0x00, 0x02, 0x07, 0xff, 0xff, 0xfd,
  0x00, 0x02, 0xff, 0xff, 0xe0, 0xfb, 0x00, 0x02, 0x07, 0xff, 0xff, 0xfd, 0x00, 0x02, 0xff, 0xff, 0xe0, 0xfb, 0x00, 0x03, 0x07, 0xff, 0xff, 0x80,
  0xfe, 0x00, 0x02, 0xff, 0xff, 0xe0, 0xfb, 0x00, 0x03, 0x03, 0xff, 0xff, 0x80, 0xfe, 0x00, 0x02, 0xff, 0xff, 0xc0, 0xfb, 0x00, 0x02, 0x03, 0xff,
  0xff, 0x97, 0x00, 0x81, 0x00, 0x81, 0x00, 0x81, 0x00, 0xdd, 0x00, 0x01, 0x1f, 0xff, 0xfe, 0x00, 0x02, 0x0f, 0xff, 0xf8, 0xfa, 0x00, 0x09, 0x01,
  0xff, 0xff, 0xc0, 0x00, 0x00, 0x1f, 0xff, 0xff, 0x80, 0xfb, 0x00, 0x09, 0x0f, 0xff, 0xff, 0xe0, 0x00, 0x00, 0x3f, 0xff, 0xff, 0xe0, 0xfb, 0x00,
  0x09, 0x3f, 0xff, 0xff, 0xf0, 0x00, 0x00, 0x3f, 0xff, 0xff, 0xf8, 0xfb, 0x00, 0xfe, 0xff, 0x06, 0xf0, 0x00, 0x00, 0x3f, 0xff, 0xff, 0xf8, 0xfb,
  0x00, 0xfe, 0xff, 0x06, 0xe0, 0x00, 0x00, 0x3f, 0xff, 0xff, 0xfc, 0xfb, 0x00, 0xfe, 0xff, 0x06, 0xe0, 0x00, 0x00, 0x1f, 0xff, 0xff, 0xfc, 0xfb,
  0x00, 0xfe, 0xff, 0x06, 0xc0, 0x00, 0x00, 0x03, 0xff, 0xff, 0xfc, 0xfb, 0x00, 0x09, 0xff, 0xff, 0xfe, 0x00, 0x0f, 0xe0, 0x03, 0xff, 0xff, 0xf8,
  0xfb, 0x00, 0x09, 0xff, 0xff, 0xfe, 0x00, 0x7f, 0xf8, 0x01, 0xff, 0xff, 0xf0, 0xfb, 0x00, 0x09, 0x0f, 0xff, 0xfe, 0x03, 0xff, 0xfe, 0x01, 0xff,
  0xff, 0xc0, 0xfb, 0x00, 0x09, 0x0f, 0xff, 0xfe, 0x07, 0xff, 0xff, 0x01, 0xff, 0xff, 0xc0, 0xfb, 0x00, 0x09, 0x0f, 0xff, 0xff, 0x07, 0xff, 0xff,
  0x81, 0xff, 0xff, 0xc0, 0xfb, 0x00, 0x09, 0x07, 0xff, 0xff, 0x0f, 0xff, 0xff, 0x80, 0xff, 0xff, 0xc0, 0xfb, 0x00, 0x09, 0x07, 0xff, 0xff, 0x0f,
  0xfc, 0x7f, 0xc1, 0xff, 0xff, 0xc0, 0xfb, 0x00, 0x09, 0x07, 0xff, 0xff, 0x0f, 0xc0, 0x1f, 0xc1, 0xff, 0xff, 0xc0, 0xfb, 0x00, 0x09, 0x07, 0xff,
  0xff, 0x07, 0x00, 0x07, 0x81, 0xff, 0xff, 0xc0, 0xfb, 0x00, 0x02, 0x07, 0xff, 0xff, 0xfe, 0x00, 0x03, 0x01, 0xff, 0xff, 0xc0, 0xfb, 0x00, 0x02,
  0x0f, 0xff, 0xfe, 0xfe, 0x00, 0x03, 0x03, 0xff, 0xff, 0xc0, 0xfb, 0x00, 0x02, 0x0f, 0xff, 0xfe, 0xfe, 0x00, 0x03, 0x03, 0xff, 0xff, 0x80, 0xfb,
  0x00, 0x02, 0x0f, 0xff, 0xfe, 0xfe, 0x00, 0x03, 0x07, 0xff, 0xff, 0x80, 0xfb, 0x00, 0x02, 0x1f, 0xff, 0xfe, 0xfe, 0x00, 0x03, 0x07, 0xff, 0xff,
  0x80, 0xfb, 0x00, 0x02, 0x1f, 0xff, 0xfe, 0xfe, 0x00, 0x03, 0x03, 0xff, 0xff, 0x80, 0xfb, 0x00, 0x02, 0x1f, 0xff, 0xfe, 0xfe, 0x00, 0x03, 0x03,
  0xff, 0xff, 0x80, 0xfb, 0x00, 0x02, 0x1f, 0xff, 0xfe, 0xfe, 0x00, 0x03, 0x03, 0xff, 0xff, 0x80, 0xfb, 0x00, 0x02, 0x1f, 0xff, 0xfc, 0xfe, 0x00,
  0x03, 0x01, 0xff, 0xff, 0x80, 0xfb, 0x00, 0x02, 0x0f, 0xff, 0xfc, 0xfe, 0x00, 0x03, 0x01, 0xff, 0xff, 0xc0, 0xfb, 0x00, 0x02, 0x0f, 0xff, 0xfe,
  0xfd, 0x00, 0x02, 0xff, 0xff, 0xc0, 0xfb, 0x00, 0x02, 0x07, 0xff, 0xfe, 0xfd, 0x00, 0x02, 0xff, 0xff, 0xc0, 0xfb, 0x00, 0x02, 0x07, 0xff, 0xfe,
  0xfd, 0x00, 0x02, 0xff, 0xff, 0xc0, 0xfb, 0x00, 0x02, 0x07, 0xff, 0xff, 0xfd, 0x00, 0x02, 0x7f, 0xff, 0xc0, 0xfb, 0x00, 0x02, 0x03, 0xff, 0x1e,
  0x97, 0x00, 0x81, 0x00, 0x81, 0x00, 0x81, 0x00, 0xcd, 0x00, 0x07, 0x3f, 0xff, 0x80, 0x00, 0x00, 0x0f, 0xff, 0xfc, 0xfa, 0x00, 0x09, 0x07, 0xff,
  0xff, 0xe0, 0x00, 0x00, 0x3f, 0xff, 0xff, 0xc0, 0xfb, 0x00, 0x09, 0x3f, 0xff, 0xff, 0xe0, 0x00, 0x00, 0x3f, 0xff, 0xff, 0xf8, 0xfb, 0x00, 0x09,
  0x7f, 0xff, 0xff, 0xf0, 0x00, 0x00, 0x3f, 0xff, 0xff, 0xf8, 0xfb, 0x00, 0xfe, 0xff, 0x06, 0xf0, 0x00, 0x00, 0x3f, 0xff, 0xff, 0xfc, 0xfb, 0x00,
  0xfe, 0xff, 0x06, 0xe0, 0x00, 0x00, 0x1f, 0xff, 0xff, 0xfc, 0xfb, 0x00, 0xfe, 0xff, 0x06, 0xc0, 0x00, 0x00, 0x0f, 0xff, 0xff, 0xf8, 0xfb, 0x00,
  0x02, 0xff, 0xff, 0xfe, 0xfe, 0x00, 0x03, 0x03, 0xff, 0xff, 0xf0, 0xfb, 0x00, 0x09, 0x3f, 0xff, 0xfc, 0x00, 0x3f, 0xf8, 0x03, 0xff, 0xff, 0x80,
  0xfb, 0x00, 0x09, 0x0f, 0xff, 0xfc, 0x01, 0xff, 0xfe, 0x01, 0xff, 0xff, 0x80, 0xfb, 0x00, 0x09, 0x0f, 0xff, 0xfc, 0x07, 0xff, 0xff, 0x01, 0xff,
  0xff, 0xc0, 0xfb, 0x00, 0x09, 0x0f, 0xff, 0xfe, 0x0f, 0xff, 0xff, 0x81, 0xff, 0xff, 0xc0, 0xfb, 0x00, 0x09, 0x07, 0xff, 0xfe, 0x0f, 0xff, 0xff,
  0xc0, 0xff, 0xff, 0xc0, 0xfb, 0x00, 0x09, 0x07, 0xff, 0xff, 0x0f, 0xfc, 0x7f, 0xc0, 0xff, 0xff, 0xc0, 0xfb, 0x00, 0x09, 0x03, 0xff, 0xff, 0x0f,
  0xc0, 0x0f, 0xc0, 0xff, 0xff, 0xc0, 0xfb, 0x00, 0x09, 0x03, 0xff, 0xff, 0x06, 0x00, 0x01, 0x80, 0xff, 0xff, 0xc0, 0xfb, 0x00, 0x02, 0x07, 0xff,
  0xff, 0xfd, 0x00, 0x02, 0xff, 0xff, 0xc0, 0xfb, 0x00, 0x02, 0x07, 0xff, 0xfe, 0xfe, 0x00, 0x03, 0x01, 0xff, 0xff, 0xc0, 0xfb, 0x00, 0x02, 0x07,
  0xff, 0xfe, 0xfe, 0x00, 0x03, 0x01, 0xff, 0xff, 0xc0, 0xfb, 0x00, 0x02, 0x07, 0xff, 0xfe, 0xfe, 0x00, 0x03, 0x01, 0xff, 0xff, 0x80, 0xfb, 0x00,
  0x02, 0x07, 0xff, 0xfe, 0xfe, 0x00, 0x03, 0x03, 0xff, 0xff, 0x80, 0xfb, 0x00, 0x02, 0x0f, 0xff, 0xfe, 0xfe, 0x00, 0x03, 0x03, 0xff, 0xff, 0x80,
  0xfb, 0x00, 0x02, 0x1f, 0xff, 0xfe, 0xfe, 0x00, 0x02, 0x03, 0xff, 0xff, 0xfa, 0x00, 0x02, 0x0f, 0xff, 0xfe, 0xfe, 0x00, 0x02, 0x03, 0xff, 0xff,
  0xfa, 0x00, 0x02, 0x0f, 0xff, 0xfc, 0xfe, 0x00, 0x02, 0x01, 0xff, 0xff, 0xfa, 0x00, 0x02, 0x0f, 0xff, 0xfc, 0xfe, 0x00, 0x02, 0x01, 0xff, 0xff,
  0xfa, 0x00, 0x02, 0x0f, 0xff, 0xfc, 0xfe, 0x00, 0x03, 0x01, 0xff, 0xff, 0x80, 0xfb, 0x00, 0x02, 0x0f, 0xff, 0xfe, 0xfd, 0x00, 0x02, 0xff, 0xff,
  0x80, 0xfb, 0x00, 0x02, 0x07, 0xff, 0xfe, 0xfd, 0x00, 0x02, 0xff, 0xff, 0xc0, 0xfb, 0x00, 0x02, 0x03, 0xff, 0xfe, 0xfd, 0x00, 0x02, 0xfe, 0x2a,
  0x80, 0x8e, 0x00, 0x81, 0x00, 0x81, 0x00, 0x81, 0x00, 0xb5, 0x00, 0x00, 0x18, 0xfb, 0x00, 0x00, 0xf0, 0xfa, 0x00, 0x01, 0x01, 0xfc, 0xfb, 0x00,
  0x00, 0xfe, 0xfa, 0x00, 0x01, 0x1f, 0xfc, 0xfb, 0x00, 0xfe, 0xff, 0x06, 0xe0, 0x00, 0x00, 0x3f, 0xff, 0xff, 0xf8, 0xfb, 0x00, 0x09, 0x7f, 0xff,
  0xff, 0xe0, 0x00, 0x00, 0x3f, 0xff, 0xff, 0xf0, 0xfb, 0x00, 0x09, 0x3f, 0xff, 0xff, 0xe0, 0x00, 0x00, 0x3f, 0xff, 0xff, 0xc0, 0xfb, 0x00, 0x08,
  0x07, 0xff, 0xff, 0xc0, 0x00, 0x00, 0x1f, 0xff, 0xfc, 0xf9, 0x00, 0x01, 0xff, 0xff, 0xfd, 0x00, 0x01, 0xff, 0xc0, 0xf6, 0x00, 0x01, 0x3f, 0xf0,
  0xf4, 0x00, 0x02, 0x03, 0xff, 0xff, 0xf4, 0x00, 0x03, 0x0f, 0xff, 0xff, 0xc0, 0xf5, 0x00, 0x03, 0x0f, 0xff, 0xff, 0xc0, 0xf5, 0x00, 0x03, 0x0f,
  0xfd, 0xff, 0xc0, 0xf5, 0x00, 0x00, 0x0c, 0x81, 0x00, 0x81, 0x00, 0x98, 0x00, 0x81, 0x00, 0x81, 0x00, 0x81, 0x00, 0xc6, 0x00, 0x01, 0x0f, 0xe0,
  0xfb, 0x00, 0x09, 0x3f, 0xfe, 0x7f, 0x80, 0x00, 0x00, 0x0f, 0xff, 0xff, 0xf8, 0xfb, 0x00, 0x09, 0x7f, 0xff, 0xff, 0x80, 0x00, 0x00, 0x0f, 0xff,
  0xff, 0xfc, 0xfb, 0x00, 0xfe, 0xff, 0x06, 0xc0, 0x00, 0x00, 0x1f, 0xff, 0xff, 0xfc, 0xfb, 0x00, 0xfe, 0xff, 0x06, 0xe0, 0x00, 0x00, 0x1f, 0xff,
  0xff, 0xf8, 0xfb, 0x00, 0x09, 0x7f, 0xff, 0xff, 0xe0, 0x00, 0x00, 0x3f, 0xff, 0xff, 0xf0, 0xfb, 0x00, 0x09, 0x3f, 0xff, 0xff, 0xe0, 0x00, 0x00,
  0x1f, 0xff, 0xff, 0xc0, 0xfb, 0x00, 0x09, 0x1f, 0xff, 0xff, 0xc0, 0x00, 0x00, 0x0f, 0xff, 0xff, 0x80, 0xfb, 0x00, 0x02, 0x07, 0xff, 0xff, 0xfe,
  0x00, 0x02, 0x03, 0xff, 0xfe, 0xf9, 0x00, 0x07, 0x7f, 0xf8, 0x07, 0xff, 0xff, 0x80, 0x3f, 0xc0, 0xf7, 0x00, 0x03, 0x0f, 0xff, 0xff, 0xc0, 0xf5,
  0x00, 0x03, 0x0f, 0xff, 0xff, 0xc0, 0xf5, 0x00, 0x03, 0x0f, 0xff, 0xff, 0xc0, 0xf5, 0x00, 0x03, 0x0f, 0xff, 0xff, 0xc0, 0x81, 0x00, 0x81, 0x00,
  0x8b, 0x00, 0x81, 0x00, 0x81, 0x00, 0x81, 0x00, 0xce, 0x00, 0x00, 0x1f, 0xfc, 0x00, 0x03, 0x03, 0xf3, 0xff, 0xf0, 0xfb, 0x00, 0x09, 0x3f, 0xff,
  0xff, 0x80, 0x00, 0x00, 0x0f, 0xff, 0xff, 0xf0, 0xfb, 0x00, 0x09, 0x7f, 0xff, 0xff, 0xc0, 0x00, 0x00, 0x0f, 0xff, 0xff, 0xf8, 0xfb, 0x00, 0x09,
  0x7f, 0xff, 0xff, 0xc0, 0x00, 0x00, 0x1f, 0xff, 0xff, 0xf0, 0xfb, 0x00, 0x09, 0x7f, 0xff, 0xff, 0xc0, 0x00, 0x00, 0x0f, 0xff, 0xff, 0xf0, 0xfb,
  0x00, 0x09, 0x3f, 0xff, 0xff, 0xc0, 0x00, 0x00, 0x0f, 0xff, 0xff, 0xe0, 0xfb, 0x00, 0x09, 0x3f, 0xff, 0xff, 0x80, 0x00, 0x00, 0x0f, 0xff, 0xff,
  0xc0, 0xfb, 0x00, 0x09, 0x1f, 0xff, 0xff, 0x80, 0x00, 0x00, 0x07, 0xff, 0xff, 0xc0, 0xfb, 0x00, 0x02, 0x0f, 0xff, 0xff, 0xfe, 0x00, 0x02, 0x03,
  0xff, 0xff, 0xfa, 0x00, 0x08, 0x01, 0xff, 0xfc, 0x0f, 0xff, 0xff, 0xc0, 0x7f, 0xf0, 0xf9, 0x00, 0x05, 0x03, 0x00, 0x1f, 0xff, 0xff, 0xc0, 0xf5,
  0x00, 0x03, 0x0f, 0xff, 0xff, 0xc0, 0xf5, 0x00, 0x03, 0x0f, 0xff, 0xff, 0xc0, 0xf5, 0x00, 0x02, 0x03, 0xff, 0xfe, 0x81, 0x00, 0x81, 0x00, 0x8a,
  0x00, 0x81, 0x00, 0xd7, 0x00, 0x01, 0x3f, 0xf8, 0xf9, 0x00, 0x01, 0xff, 0xf8, 0xfd, 0x00, 0x01, 0xff, 0xfc, 0xfa, 0x00, 0x02, 0x03, 0xff, 0xfc,
  0xfe, 0x00, 0x02, 0x01, 0xff, 0xff, 0xfa, 0x00, 0x02, 0x03, 0xff, 0xfe, 0xfe, 0x00, 0x02, 0x03, 0xff, 0xff, 0xfa, 0x00, 0x02, 0x07, 0xff, 0xfe,
  0xfe, 0x00, 0x03, 0x03, 0xff, 0xff, 0x80, 0xfb, 0x00, 0x02, 0x0f, 0xff, 0xff, 0xfe, 0x00, 0x03, 0x07, 0xff, 0xff, 0x80, 0xfb, 0x00, 0x02, 0x0f,
  0xff, 0xff, 0xfe, 0x00, 0x03, 0x07, 0xff, 0xff, 0xc0, 0xfb, 0x00, 0x02, 0x0f, 0xff, 0xff, 0xfe, 0x00, 0x03, 0x07, 0xff, 0xff, 0xc0, 0xfb, 0x00,
  0x02, 0x1f, 0xff, 0xff, 0xfe, 0x00, 0x03, 0x07, 0xff, 0xff, 0xc0, 0xfb, 0x00, 0x02, 0x1f, 0xff, 0xff, 0xfe, 0x00, 0x03, 0x07, 0xff, 0xff, 0xc0,
  0xfb, 0x00, 0x02, 0x1f, 0xff, 0xff, 0xfe, 0x00, 0x03, 0x07, 0xff, 0xff, 0xc0, 0xfb, 0x00, 0x02, 0x1f, 0xff, 0xff, 0xfe, 0x00, 0x03, 0x07, 0xff,
  0xff, 0xc0, 0xfb, 0x00, 0x02, 0x1f, 0xff, 0xff, 0xfe, 0x00, 0x03, 0x07, 0xff, 0xff, 0xe0, 0xfb, 0x00, 0x02, 0x1f, 0xff, 0xff, 0xfe, 0x00, 0x03,
  0x07, 0xff, 0xff, 0xc0, 0xfb, 0x00, 0x02, 0x1f, 0xff, 0xff, 0xfe, 0x00, 0x03, 0x03, 0xff, 0xff, 0xc0, 0xfb, 0x00, 0x02, 0x1f, 0xff, 0xff, 0xfe,
  0x00, 0x03, 0x03, 0xff, 0xff, 0xc0, 0xfb, 0x00, 0x02, 0x1f, 0xff, 0xff, 0xfe, 0x00, 0x03, 0x03, 0xff, 0xff, 0xc0, 0xfb, 0x00, 0x02, 0x1f, 0xff,
  0xff, 0xfe, 0x00, 0x03, 0x03, 0xff, 0xff, 0xc0, 0xfb, 0x00, 0x02, 0x0f, 0xff, 0xff, 0xfe, 0x00, 0x03, 0x03, 0xff, 0xff, 0xc0, 0xfb, 0x00, 0x02,
  0x0f, 0xff, 0xff, 0xfe, 0x00, 0x03, 0x03, 0xff, 0xff, 0xc0, 0xfb, 0x00, 0x02, 0x0f, 0xff, 0xff, 0xfe, 0x00, 0x03, 0x03, 0xff, 0xff, 0xc0, 0xfb,
  0x00, 0x02, 0x0f, 0xff, 0xff, 0xfe, 0x00, 0x03, 0x03, 0xff, 0xff, 0xc0, 0xfb, 0x00, 0x02, 0x0f, 0xff, 0xff, 0xfe, 0x00, 0x03, 0x03, 0xff, 0xff,
  0x80, 0xfb, 0x00, 0x02, 0x0f, 0xff, 0xff, 0xfe, 0x00, 0x03, 0x03, 0xff, 0xff, 0x80, 0xfb, 0x00, 0x08, 0x07, 0xff, 0xff, 0x00, 0x00, 0x06, 0x03,
  0xff, 0xff, 0xfa, 0x00, 0x08, 0x07, 0xff, 0xff, 0x03, 0xc0, 0x1f, 0x03, 0xff, 0xff, 0xfa, 0x00, 0x08, 0x03, 0xff, 0xfe, 0x07, 0xf8, 0x7f, 0x01,
  0xff, 0xfe, 0xfa, 0x00, 0x08, 0x01, 0xff, 0xfc, 0x07, 0xff, 0xff, 0x00, 0xff, 0xfc, 0xf9, 0x00, 0x07, 0xff, 0xf8, 0x07, 0xff, 0xff, 0x00, 0x7f,
  0xf8, 0xf9, 0x00, 0x04, 0x3f, 0xc0, 0x03, 0xff, 0xfe, 0xf4, 0x00, 0x02, 0x01, 0xff, 0xfc, 0xf3, 0x00, 0x01, 0x7f, 0xf0, 0xf3, 0x00, 0x00, 0x02,
  0x81, 0x00, 0x81, 0x00, 0xa9, 0x00, 0x81, 0x00, 0xd7, 0x00, 0x01, 0x7f, 0xf8, 0xf9, 0x00, 0x01, 0xff, 0xf8, 0xfd, 0x00, 0x01, 0xff, 0xfe, 0xfa,
  0x00, 0x02, 0x03, 0xff, 0xfc, 0xfe, 0x00, 0x02, 0x01, 0xff, 0xff, 0xfa, 0x00, 0x02, 0x07, 0xff, 0xfe, 0xfe, 0x00, 0x02, 0x03, 0xff, 0xff, 0xfa,
  0x00, 0x02, 0x07, 0xff, 0xff, 0xfe, 0x00, 0x03, 0x03, 0xff, 0xff, 0x80, 0xfb, 0x00, 0x02, 0x0f, 0xff, 0xff, 0xfe, 0x00, 0x03, 0x07, 0xff, 0xff,
  0x80, 0xfb, 0x00, 0x02, 0x0f, 0xff, 0xff, 0xfe, 0x00, 0x03, 0x07, 0xff, 0xff, 0xc0, 0xfb, 0x00, 0x02, 0x0f, 0xff, 0xff, 0xfe, 0x00, 0x03, 0x07,
  0xff, 0xff, 0xc0, 0xfb, 0x00, 0x02, 0x1f, 0xff, 0xff, 0xfe, 0x00, 0x03, 0x07, 0xff, 0xff, 0xc0, 0xfb, 0x00, 0x02, 0x1f, 0xff, 0xff, 0xfe, 0x00,
  0x03, 0x07, 0xff, 0xff, 0xc0, 0xfb, 0x00, 0x02, 0x1f, 0xff, 0xff, 0xfe, 0x00, 0x03, 0x07, 0xff, 0xff, 0xe0, 0xfb, 0x00, 0x02, 0x1f, 0xff, 0xff,
  0xfe, 0x00, 0x03, 0x07, 0xff, 0xff, 0xe0, 0xfb, 0x00, 0x02, 0x1f, 0xff, 0xff, 0xfe, 0x00, 0x03, 0x07, 0xff, 0xff, 0xe0, 0xfb, 0x00, 0x02, 0x1f,
  0xff, 0xff, 0xfe, 0x00, 0x03, 0x07, 0xff, 0xff, 0xe0, 0xfb, 0x00, 0x02, 0x1f, 0xff, 0xff, 0xfe, 0x00, 0x03, 0x03, 0xff, 0xff, 0xe0, 0xfb, 0x00,
  0x02, 0x1f, 0xff, 0xff, 0xfe, 0x00, 0x03, 0x03, 0xff, 0xff, 0xe0, 0xfb, 0x00, 0x02, 0x1f, 0xff, 0xff, 0xfe, 0x00, 0x03, 0x03, 0xff, 0xff, 0xc0,
  0xfb, 0x00, 0x02, 0x1f, 0xff, 0xff, 0xfe, 0x00, 0x03, 0x03, 0xff, 0xff, 0xc0, 0xfb, 0x00, 0x02, 0x0f, 0xff, 0xff, 0xfe, 0x00, 0x03, 0x03, 0xff,
  0xff, 0xc0, 0xfb, 0x00, 0x02, 0x0f, 0xff, 0xff, 0xfe, 0x00, 0x03, 0x03, 0xff, 0xff, 0xc0, 0xfb, 0x00, 0x02, 0x0f, 0xff, 0xff, 0xfe, 0x00, 0x03,
  0x03, 0xff, 0xff, 0xc0, 0xfb, 0x00, 0x02, 0x0f, 0xff, 0xff, 0xfe, 0x00, 0x03, 0x03, 0xff, 0xff, 0xc0, 0xfb, 0x00, 0x02, 0x0f, 0xff, 0xff, 0xfe,
  0x00, 0x03, 0x03, 0xff, 0xff, 0x80, 0xfb, 0x00, 0x02, 0x0f, 0xff, 0xff, 0xfe, 0x00, 0x03, 0x03, 0xff, 0xff, 0x80, 0xfb, 0x00, 0x09, 0x07, 0xff,
  0xff, 0x01, 0x00, 0x06, 0x03, 0xff, 0xff, 0x80, 0xfb, 0x00, 0x08, 0x07, 0xff, 0xff, 0x03, 0xc0, 0x1f, 0x03, 0xff, 0xff, 0xfa, 0x00, 0x08, 0x03,
  0xff, 0xfe, 0x07, 0xf8, 0x7f, 0x01, 0xff, 0xfe, 0xfa, 0x00, 0x08, 0x01, 0xff, 0xfc, 0x07, 0xff, 0xff, 0x00, 0xff, 0xfc, 0xf9, 0x00, 0x07, 0xff,
  0xf8, 0x07, 0xff, 0xff, 0x00, 0x7f, 0xf8, 0xf9, 0x00, 0x04, 0x3f, 0xe0, 0x03, 0xff, 0xfe, 0xf4, 0x00, 0x02, 0x01, 0xff, 0xfc, 0xf3, 0x00, 0x01,
  0x7f, 0xf0, 0xf3, 0x00, 0x00, 0x02, 0x81, 0x00, 0x81, 0x00, 0xa9, 0x00, 0x81, 0x00, 0xd7, 0x00, 0x01, 0x3f, 0xf8, 0xf9, 0x00, 0x01, 0xff, 0xf0,
  0xfd, 0x00, 0x01, 0xff, 0xfc, 0xfa, 0x00, 0x02, 0x03, 0xff, 0xfc, 0xfe, 0x00, 0x02, 0x01, 0xff, 0xff, 0xfa, 0x00, 0x02, 0x07, 0xff, 0xfe, 0xfe,
  0x00, 0x02, 0x03, 0xff, 0xff, 0xfa, 0x00, 0x02, 0x07, 0xff, 0xff, 0xfe, 0x00, 0x03, 0x03, 0xff, 0xff, 0x80, 0xfb, 0x00, 0x02, 0x0f, 0xff, 0xff,
  0xfe, 0x00, 0x03, 0x07, 0xff, 0xff, 0x80, 0xfb, 0x00, 0x02, 0x0f, 0xff, 0xff, 0xfe, 0x00, 0x03, 0x07, 0xff, 0xff, 0xc0, 0xfb, 0x00, 0x02, 0x0f,
  0xff, 0xff, 0xfe, 0x00, 0x03, 0x07, 0xff, 0xff, 0xc0, 0xfb, 0x00, 0x02, 0x1f, 0xff, 0xff, 0xfe, 0x00, 0x03, 0x07, 0xff, 0xff, 0xc0, 0xfb, 0x00,
  0x02, 0x1f, 0xff, 0xff, 0xfe, 0x00, 0x03, 0x07, 0xff, 0xff, 0xc0, 0xfb, 0x00, 0x02, 0x1f, 0xff, 0xff, 0xfe, 0x00, 0x03, 0x07, 0xff, 0xff, 0xc0,
  0xfb, 0x00, 0x02, 0x1f, 0xff, 0xff, 0xfe, 0x00, 0x03, 0x07, 0xff, 0xff, 0xe0, 0xfb, 0x00, 0x02, 0x1f, 0xff, 0xff, 0xfe, 0x00, 0x03, 0x07, 0xff,
  0xff, 0xe0, 0xfb, 0x00, 0x02, 0x1f, 0xff, 0xff, 0xfe, 0x00, 0x03, 0x07, 0xff, 0xff, 0xe0, 0xfb, 0x00, 0x02, 0x1f, 0xff, 0xff, 0xfe, 0x00, 0x03,
  0x03, 0xff, 0xff, 0xe0, 0xfb, 0x00, 0x02, 0x1f, 0xff, 0xff, 0xfe, 0x00, 0x03, 0x03, 0xff, 0xff, 0xe0, 0xfb, 0x00, 0x02, 0x1f, 0xff, 0xff, 0xfe,
  0x00, 0x03, 0x03, 0xff, 0xff, 0xc0, 0xfb, 0x00, 0x02, 0x1f, 0xff, 0xff, 0xfe, 0x00, 0x03, 0x03, 0xff, 0xff, 0xc0, 0xfb, 0x00, 0x02, 0x0f, 0xff,
  0xff, 0xfe, 0x00, 0x03, 0x03, 0xff, 0xff, 0xc0, 0xfb, 0x00, 0x02, 0x0f, 0xff, 0xff, 0xfe, 0x00, 0x03, 0x03, 0xff, 0xff, 0xc0, 0xfb, 0x00, 0x02,
  0x0f, 0xff, 0xff, 0xfe, 0x00, 0x03, 0x03, 0xff, 0xff, 0xc0, 0xfb, 0x00, 0x02, 0x0f, 0xff, 0xff, 0xfe, 0x00, 0x03, 0x03, 0xff, 0xff, 0xc0, 0xfb,
  0x00, 0x02, 0x0f, 0xff, 0xff, 0xfe, 0x00, 0x03, 0x03, 0xff, 0xff, 0x80, 0xfb, 0x00, 0x02, 0x0f, 0xff, 0xff, 0xfe, 0x00, 0x03, 0x03, 0xff, 0xff,
  0x80, 0xfb, 0x00, 0x09, 0x07, 0xff, 0xff, 0x01, 0x00, 0x06, 0x03, 0xff, 0xff, 0x80, 0xfb, 0x00, 0x08, 0x07, 0xff, 0xff, 0x03, 0xc0, 0x1f, 0x03,
  0xff, 0xff, 0xfa, 0x00, 0x08, 0x03, 0xff, 0xfe, 0x07, 0xf8, 0x7f, 0x01, 0xff, 0xfe, 0xfa, 0x00, 0x08, 0x01, 0xff, 0xfc, 0x07, 0xff, 0xff, 0x00,
  0xff, 0xfc, 0xf9, 0x00, 0x07, 0xff, 0xf8, 0x07, 0xff, 0xff, 0x00, 0x7f, 0xf8, 0xf9, 0x00, 0x04, 0x3f, 0xe0, 0x03, 0xff, 0xfe, 0xf4, 0x00, 0x02,
  0x01, 0xff, 0xfc, 0xf3, 0x00, 0x01, 0x3f, 0xf0, 0xf3, 0x00, 0x00, 0x02, 0x81, 0x00, 0x81, 0x00, 0xa9, 0x00, 0x81, 0x00, 0xd7, 0x00, 0x01, 0x3f,
  0xf8, 0xf9, 0x00, 0x01, 0xff, 0xf0, 0xfd, 0x00, 0x01, 0xff, 0xfc, 0xfa, 0x00, 0x02, 0x03, 0xff, 0xfc, 0xfe, 0x00, 0x02, 0x01, 0xff, 0xff, 0xfa,
  0x00, 0x02, 0x07, 0xff, 0xfe, 0xfe, 0x00, 0x02, 0x03, 0xff, 0xff, 0xfa, 0x00, 0x02, 0x07, 0xff, 0xff, 0xfe, 0x00, 0x03, 0x03, 0xff, 0xff, 0x80,
  0xfb, 0x00, 0x02, 0x0f, 0xff, 0xff, 0xfe, 0x00, 0x03, 0x07, 0xff, 0xff, 0x80, 0xfb, 0x00, 0x02, 0x0f, 0xff, 0xff, 0xfe, 0x00, 0x03, 0x07, 0xff,
  0xff, 0xc0, 0xfb, 0x00, 0x02, 0x0f, 0xff, 0xff, 0xfe, 0x00, 0x03, 0x07, 0xff, 0xff, 0xc0, 0xfb, 0x00, 0x02, 0x1f, 0xff, 0xff, 0xfe, 0x00, 0x03,
  0x07, 0xff, 0xff, 0xc0, 0xfb, 0x00, 0x02, 0x1f, 0xff, 0xff, 0xfe, 0x00, 0x03, 0x07, 0xff, 0xff, 0xc0, 0xfb, 0x00, 0x02, 0x1f, 0xff, 0xff, 0xfe,
  0x00, 0x03, 0x07, 0xff, 0xff, 0xc0, 0xfb, 0x00, 0x02, 0x1f, 0xff, 0xff, 0xfe, 0x00, 0x03, 0x07, 0xff, 0xff, 0xe0, 0xfb, 0x00, 0x02, 0x1f, 0xff,
  0xff, 0xfe, 0x00, 0x03, 0x07, 0xff, 0xff, 0xe0, 0xfb, 0x00, 0x02, 0x1f, 0xff, 0xff, 0xfe, 0x00, 0x03, 0x07, 0xff, 0xff, 0xe0, 0xfb, 0x00, 0x02,
  0x1f, 0xff, 0xff, 0xfe, 0x00, 0x03, 0x03, 0xff, 0xff, 0xe0, 0xfb, 0x00, 0x02, 0x1f, 0xff, 0xff, 0xfe, 0x00, 0x03, 0x03, 0xff, 0xff, 0xe0, 0xfb,
  0x00, 0x02, 0x1f, 0xff, 0xff, 0xfe, 0x00, 0x03, 0x03, 0xff, 0xff, 0xc0, 0xfb, 0x00, 0x02, 0x1f, 0xff, 0xff, 0xfe, 0x00, 0x03, 0x03, 0xff, 0xff,
  0xc0, 0xfb, 0x00, 0x02, 0x0f, 0xff, 0xff, 0xfe, 0x00, 0x03, 0x03, 0xff, 0xff, 0xc0, 0xfb, 0x00, 0x02, 0x0f, 0xff, 0xff, 0xfe, 0x00, 0x03, 0x03,
  0xff, 0xff, 0xc0, 0xfb, 0x00, 0x02, 0x0f, 0xff, 0xff, 0xfe, 0x00, 0x03, 0x03, 0xff, 0xff, 0xc0, 0xfb, 0x00, 0x02, 0x0f, 0xff, 0xff, 0xfe, 0x00,
  0x03, 0x03, 0xff, 0xff, 0xc0, 0xfb, 0x00, 0x02, 0x0f, 0xff, 0xff, 0xfe, 0x00, 0x03, 0x03, 0xff, 0xff, 0x80, 0xfb, 0x00, 0x02, 0x0f, 0xff, 0xff,
  0xfe, 0x00, 0x03, 0x03, 0xff, 0xff, 0x80, 0xfb, 0x00, 0x08, 0x07, 0xff, 0xff, 0x01, 0x00, 0x06, 0x03, 0xff, 0xff, 0xfa, 0x00, 0x08, 0x07, 0xff,
  0xff, 0x03, 0xc0, 0x1f, 0x03, 0xff, 0xff, 0xfa, 0x00, 0x08, 0x03, 0xff, 0xfe, 0x07, 0xf8, 0x7f, 0x01, 0xff, 0xfe, 0xfa, 0x00, 0x08, 0x01, 0xff,
  0xfc, 0x07, 0xff, 0xff, 0x00, 0xff, 0xfc, 0xf9, 0x00, 0x07, 0xff, 0xf8, 0x07, 0xff, 0xff, 0x00, 0x7f, 0xf8, 0xf9, 0x00, 0x04, 0x3f, 0xe0, 0x03,
  0xff, 0xfe, 0xf4, 0x00, 0x02, 0x01, 0xff, 0xfc, 0xf3, 0x00, 0x01, 0x7f, 0xf0, 0xf3, 0x00, 0x00, 0x02, 0x81, 0x00, 0x81, 0x00, 0xa9, 0x00, 0x81,
  0x00, 0xd7, 0x00, 0x01, 0x3f, 0xf8, 0xf9, 0x00, 0x01, 0xff, 0xf0, 0xfd, 0x00, 0x01, 0xff, 0xfc, 0xfa, 0x00, 0x02, 0x03, 0xff, 0xfc, 0xfe, 0x00,
  0x02, 0x01, 0xff, 0xff, 0xfa, 0x00, 0x02, 0x07, 0xff, 0xfe, 0xfe, 0x00, 0x02, 0x03, 0xff, 0xff, 0xfa, 0x00, 0x02, 0x07, 0xff, 0xfe, 0xfe, 0x00,
  0x03, 0x03, 0xff, 0xff, 0x80, 0xfb, 0x00, 0x02, 0x0f, 0xff, 0xff, 0xfe, 0x00, 0x03, 0x07, 0xff, 0xff, 0x80, 0xfb, 0x00, 0x02, 0x0f, 0xff, 0xff,
  0xfe, 0x00, 0x03, 0x07, 0xff, 0xff, 0xc0, 0xfb, 0x00, 0x02, 0x0f, 0xff, 0xff, 0xfe, 0x00, 0x03, 0x07, 0xff, 0xff, 0xc0, 0xfb, 0x00, 0x02, 0x1f,
  0xff, 0xff, 0xfe, 0x00, 0x03, 0x07, 0xff, 0xff, 0xc0, 0xfb, 0x00, 0x02, 0x1f, 0xff, 0xff, 0xfe, 0x00, 0x03, 0x07, 0xff, 0xff, 0xc0, 0xfb, 0x00,
  0x02, 0x1f, 0xff, 0xff, 0xfe, 0x00, 0x03, 0x07, 0xff, 0xff, 0xc0, 0xfb, 0x00, 0x02, 0x1f, 0xff, 0xff, 0xfe, 0x00, 0x03, 0x07, 0xff, 0xff, 0xe0,
  0xfb, 0x00, 0x02, 0x1f, 0xff, 0xff, 0xfe, 0x00, 0x03, 0x07, 0xff, 0xff, 0xe0, 0xfb, 0x00, 0x02, 0x1f, 0xff, 0xff, 0xfe, 0x00, 0x03, 0x07, 0xff,
  0xff, 0xe0, 0xfb, 0x00, 0x02, 0x1f, 0xff, 0xff, 0xfe, 0x00, 0x03, 0x03, 0xff, 0xff, 0xe0, 0xfb, 0x00, 0x02, 0x1f, 0xff, 0xff, 0xfe, 0x00, 0x03,
  0x03, 0xff, 0xff, 0xe0, 0xfb, 0x00, 0x02, 0x1f, 0xff, 0xff, 0xfe, 0x00, 0x03, 0x03, 0xff, 0xff, 0xc0, 0xfb, 0x00, 0x02, 0x1f, 0xff, 0xff, 0xfe,
  0x00, 0x03, 0x03, 0xff, 0xff, 0xc0, 0xfb, 0x00, 0x02, 0x0f, 0xff, 0xff, 0xfe, 0x00, 0x03, 0x03, 0xff, 0xff, 0xc0, 0xfb, 0x00, 0x02, 0x0f, 0xff,
  0xff, 0xfe, 0x00, 0x03, 0x03, 0xff, 0xff, 0xc0, 0xfb, 0x00, 0x02, 0x0f, 0xff, 0xff, 0xfe, 0x00, 0x03, 0x03, 0xff, 0xff, 0xc0, 0xfb, 0x00, 0x02,
  0x0f, 0xff, 0xff, 0xfe, 0x00, 0x03, 0x03, 0xff, 0xff, 0xc0, 0xfb, 0x00, 0x02, 0x0f, 0xff, 0xff, 0xfe, 0x00, 0x03, 0x03, 0xff, 0xff, 0x80, 0xfb,
  0x00, 0x02, 0x0f, 0xff, 0xff, 0xfe, 0x00, 0x03, 0x03, 0xff, 0xff, 0x80, 0xfb, 0x00, 0x08, 0x07, 0xff, 0xff, 0x00, 0x00, 0x04, 0x03, 0xff, 0xff,
  0xfa, 0x00, 0x08, 0x07, 0xff, 0xff, 0x03, 0xc0, 0x1f, 0x03, 0xff, 0xff, 0xfa, 0x00, 0x08, 0x03, 0xff, 0xfe, 0x07, 0xf8, 0x7f, 0x01, 0xff, 0xfe,
  0xfa, 0x00, 0x08, 0x01, 0xff, 0xfc, 0x07, 0xff, 0xff, 0x00, 0xff, 0xfc, 0xf9, 0x00, 0x07, 0xff, 0xf8, 0x07, 0xff, 0xff, 0x00, 0x7f, 0xf8, 0xf9,
  0x00, 0x04, 0x3f, 0xe0, 0x03, 0xff, 0xfe, 0xf4, 0x00, 0x02, 0x01, 0xff, 0xfc, 0xf3, 0x00, 0x01, 0x7f, 0xf0, 0xf3, 0x00, 0x00, 0x02, 0x81, 0x00,
  0x81, 0x00, 0xa9, 0x00, 0x81, 0x00, 0xd7, 0x00, 0x01, 0x3f, 0xf8, 0xf9, 0x00, 0x01, 0xff, 0xf0, 0xfd, 0x00, 0x01, 0xff, 0xfc, 0xfa, 0x00, 0x02,
  0x03, 0xff, 0xfc, 0xfe, 0x00, 0x02, 0x01, 0xff, 0xff, 0xfa, 0x00, 0x02, 0x07, 0xff, 0xfe, 0xfe, 0x00, 0x02, 0x03, 0xff, 0xff, 0xfa, 0x00, 0x02,
  0x07, 0xff, 0xfe, 0xfe, 0x00, 0x03, 0x03, 0xff, 0xff, 0x80, 0xfb, 0x00, 0x02, 0x0f, 0xff, 0xff, 0xfe, 0x00, 0x03, 0x07, 0xff, 0xff, 0x80, 0xfb,
  0x00, 0x02, 0x0f, 0xff, 0xff, 0xfe, 0x00, 0x03, 0x07, 0xff, 0xff, 0xc0, 0xfb, 0x00, 0x02, 0x0f, 0xff, 0xff, 0xfe, 0x00, 0x03, 0x07, 0xff, 0xff,
  0xc0, 0xfb, 0x00, 0x02, 0x1f, 0xff, 0xff, 0xfe, 0x00, 0x03, 0x07, 0xff, 0xff, 0xc0, 0xfb, 0x00, 0x02, 0x1f, 0xff, 0xff, 0xfe, 0x00, 0x03, 0x07,
  0xff, 0xff, 0xc0, 0xfb, 0x00, 0x02, 0x1f, 0xff, 0xff, 0xfe, 0x00, 0x03, 0x07, 0xff, 0xff, 0xc0, 0xfb, 0x00, 0x02, 0x1f, 0xff, 0xff, 0xfe, 0x00,
  0x03, 0x07, 0xff, 0xff, 0xe0, 0xfb, 0x00, 0x02, 0x1f, 0xff, 0xff, 0xfe, 0x00, 0x03, 0x07, 0xff, 0xff, 0xe0, 0xfb, 0x00, 0x02, 0x1f, 0xff, 0xff,
  0xfe, 0x00, 0x03, 0x07, 0xff, 0xff, 0xe0, 0xfb, 0x00, 0x02, 0x1f, 0xff, 0xff, 0xfe, 0x00, 0x03, 0x03, 0xff, 0xff, 0xe0, 0xfb, 0x00, 0x02, 0x1f,
  0xff, 0xff, 0xfe, 0x00, 0x03, 0x03, 0xff, 0xff, 0xe0, 0xfb, 0x00, 0x02, 0x1f, 0xff, 0xff, 0xfe, 0x00, 0x03, 0x03, 0xff, 0xff, 0xc0, 0xfb, 0x00,
  0x02, 0x1f, 0xff, 0xff, 0xfe, 0x00, 0x03, 0x03, 0xff, 0xff, 0xc0, 0xfb, 0x00, 0x02, 0x0f, 0xff, 0xff, 0xfe, 0x00, 0x03, 0x03, 0xff, 0xff, 0xc0,
  0xfb, 0x00, 0x02, 0x0f, 0xff, 0xff, 0xfe, 0x00, 0x03, 0x03, 0xff, 0xff, 0xc0, 0xfb, 0x00, 0x02, 0x0f, 0xff, 0xff, 0xfe, 0x00, 0x03, 0x03, 0xff,
  0xff, 0xc0, 0xfb, 0x00, 0x02, 0x0f, 0xff, 0xff, 0xfe, 0x00, 0x03, 0x03, 0xff, 0xff, 0xc0, 0xfb, 0x00, 0x02, 0x0f, 0xff, 0xff, 0xfe, 0x00, 0x03,
  0x03, 0xff, 0xff, 0x80, 0xfb, 0x00, 0x02, 0x0f, 0xff, 0xff, 0xfe, 0x00, 0x03, 0x03, 0xff, 0xff, 0x80, 0xfb, 0x00, 0x08, 0x07, 0xff, 0xff, 0x00,
  0x00, 0x04, 0x03, 0xff, 0xff, 0xfa, 0x00, 0x08, 0x07, 0xff, 0xff, 0x03, 0xc0, 0x1f, 0x03, 0xff, 0xff, 0xfa, 0x00, 0x08, 0x03, 0xff, 0xfe, 0x07,
  0xf8, 0x7f, 0x01, 0xff, 0xfe, 0xfa, 0x00, 0x08, 0x01, 0xff, 0xfc, 0x07, 0xff, 0xff, 0x00, 0xff, 0xfc, 0xf9, 0x00, 0x07, 0xff, 0xf8, 0x07, 0xff,
  0xff, 0x00, 0x7f, 0xf8, 0xf9, 0x00, 0x04, 0x3f, 0xe0, 0x03, 0xff, 0xfe, 0xf4, 0x00, 0x02, 0x01, 0xff, 0xfc, 0xf3, 0x00, 0x01, 0x7f, 0xf0, 0xf3,
  0x00, 0x00, 0x02, 0x81, 0x00, 0x81, 0x00, 0xa9, 0x00, 0x81, 0x00, 0xd7, 0x00, 0x01, 0x3f, 0xf8, 0xf9, 0x00, 0x01, 0xff, 0xf0, 0xfd, 0x00, 0x01,
  0xff, 0xfc, 0xfa, 0x00, 0x02, 0x03, 0xff, 0xfc, 0xfe, 0x00, 0x02, 0x01, 0xff, 0xff, 0xfa, 0x00, 0x02, 0x07, 0xff, 0xfe, 0xfe, 0x00, 0x02, 0x03,
  0xff, 0xff, 0xfa, 0x00, 0x02, 0x07, 0xff, 0xfe, 0xfe, 0x00, 0x03, 0x03, 0xff, 0xff, 0x80, 0xfb, 0x00, 0x02, 0x0f, 0xff, 0xff, 0xfe, 0x00, 0x03,
  0x07, 0xff, 0xff, 0x80, 0xfb, 0x00, 0x02, 0x0f, 0xff, 0xff, 0xfe, 0x00, 0x03, 0x07, 0xff, 0xff, 0xc0, 0xfb, 0x00, 0x02, 0x0f, 0xff, 0xff, 0xfe,
  0x00, 0x03, 0x07, 0xff, 0xff, 0xc0, 0xfb, 0x00, 0x02, 0x1f, 0xff, 0xff, 0xfe, 0x00, 0x03, 0x07, 0xff, 0xff, 0xc0, 0xfb, 0x00, 0x02, 0x1f, 0xff,
  0xff, 0xfe, 0x00, 0x03, 0x07, 0xff, 0xff, 0xc0, 0xfb, 0x00, 0x02, 0x1f, 0xff, 0xff, 0xfe, 0x00, 0x03, 0x07, 0xff, 0xff, 0xc0, 0xfb, 0x00, 0x02,
  0x1f, 0xff, 0xff, 0xfe, 0x00, 0x03, 0x07, 0xff, 0xff, 0xe0, 0xfb, 0x00, 0x02, 0x1f, 0xff, 0xff, 0xfe, 0x00, 0x03, 0x07, 0xff, 0xff, 0xe0, 0xfb,
  0x00, 0x02, 0x1f, 0xff, 0xff, 0xfe, 0x00, 0x03, 0x07, 0xff, 0xff, 0xe0, 0xfb, 0x00, 0x02, 0x1f, 0xff, 0xff, 0xfe, 0x00, 0x03, 0x03, 0xff, 0xff,
  0xe0, 0xfb, 0x00, 0x02, 0x1f, 0xff, 0xff, 0xfe, 0x00, 0x03, 0x03, 0xff, 0xff, 0xe0, 0xfb, 0x00, 0x02, 0x1f, 0xff, 0xff, 0xfe, 0x00, 0x03, 0x03,
  0xff, 0xff, 0xc0, 0xfb, 0x00, 0x02, 0x1f, 0xff, 0xff, 0xfe, 0x00, 0x03, 0x03, 0xff, 0xff, 0xc0, 0xfb, 0x00, 0x02, 0x0f, 0xff, 0xff, 0xfe, 0x00,
  0x03, 0x03, 0xff, 0xff, 0xc0, 0xfb, 0x00, 0x02, 0x0f, 0xff, 0xff, 0xfe, 0x00, 0x03, 0x03, 0xff, 0xff, 0xc0, 0xfb, 0x00, 0x02, 0x0f, 0xff, 0xff,
  0xfe, 0x00, 0x03, 0x03, 0xff, 0xff, 0xc0, 0xfb, 0x00, 0x02, 0x0f, 0xff, 0xff, 0xfe, 0x00, 0x03, 0x03, 0xff, 0xff, 0xc0, 0xfb, 0x00, 0x02, 0x0f,
  0xff, 0xff, 0xfe, 0x00, 0x03, 0x03, 0xff, 0xff, 0x80, 0xfb, 0x00, 0x02, 0x0f, 0xff, 0xff, 0xfe, 0x00, 0x03, 0x03, 0xff, 0xff, 0x80, 0xfb, 0x00,
  0x08, 0x07, 0xff, 0xff, 0x00, 0x00, 0x04, 0x03, 0xff, 0xff, 0xfa, 0x00, 0x08, 0x07, 0xff, 0xff, 0x03, 0xc0, 0x1f, 0x03, 0xff, 0xff, 0xfa, 0x00,
  0x08, 0x03, 0xff, 0xfe, 0x07, 0xf8, 0x7f, 0x01, 0xff, 0xfe, 0xfa, 0x00, 0x08, 0x01, 0xff, 0xfc, 0x07, 0xff, 0xff, 0x00, 0xff, 0xfc, 0xf9, 0x00,
  0x07, 0xff, 0xf8, 0x07, 0xff, 0xff, 0x00, 0x7f, 0xf8, 0xf9, 0x00, 0x04, 0x3f, 0xe0, 0x03, 0xff, 0xfe, 0xf4, 0x00, 0x02, 0x01, 0xff, 0xfc, 0xf3,
  0x00, 0x01, 0x7f, 0xf0, 0xf3, 0x00, 0x00, 0x02, 0x81, 0x00, 0x81, 0x00, 0xa9, 0x00, 0x81, 0x00, 0xd7, 0x00, 0x01, 0x3f, 0xf8, 0xf9, 0x00, 0x01,
  0xff, 0xf0, 0xfd, 0x00, 0x01, 0xff, 0xfc, 0xfa, 0x00, 0x02, 0x03, 0xff, 0xfc, 0xfe, 0x00, 0x02, 0x01, 0xff, 0xff, 0xfa, 0x00, 0x02, 0x07, 0xff,
  0xfe, 0xfe, 0x00, 0x02, 0x03, 0xff, 0xff, 0xfa, 0x00, 0x02, 0x07, 0xff, 0xff, 0xfe, 0x00, 0x03, 0x03, 0xff, 0xff, 0x80, 0xfb, 0x00, 0x02, 0x0f,
  0xff, 0xff, 0xfe, 0x00, 0x03, 0x07, 0xff, 0xff, 0x80, 0xfb, 0x00, 0x02, 0x0f, 0xff, 0xff, 0xfe, 0x00, 0x03, 0x07, 0xff, 0xff, 0xc0, 0xfb, 0x00,
  0x02, 0x0f, 0xff, 0xff, 0xfe, 0x00, 0x03, 0x07, 0xff, 0xff, 0xc0, 0xfb, 0x00, 0x02, 0x1f, 0xff, 0xff, 0xfe, 0x00, 0x03, 0x07, 0xff, 0xff, 0xc0,
  0xfb, 0x00, 0x02, 0x1f, 0xff, 0xff, 0xfe, 0x00, 0x03, 0x07, 0xff, 0xff, 0xc0, 0xfb, 0x00, 0x02, 0x1f, 0xff, 0xff, 0xfe, 0x00, 0x03, 0x07, 0xff,
  0xff, 0xc0, 0xfb, 0x00, 0x02, 0x1f, 0xff, 0xff, 0xfe, 0x00, 0x03, 0x07, 0xff, 0xff, 0xe0, 0xfb, 0x00, 0x02, 0x1f, 0xff, 0xff, 0xfe, 0x00, 0x03,
  0x07, 0xff, 0xff, 0xe0, 0xfb, 0x00, 0x02, 0x1f, 0xff, 0xff, 0xfe, 0x00, 0x03, 0x07, 0xff, 0xff, 0xe0, 0xfb, 0x00, 0x02, 0x1f, 0xff, 0xff, 0xfe,
  0x00, 0x03, 0x03, 0xff, 0xff, 0xe0, 0xfb, 0x00, 0x02, 0x1f, 0xff, 0xff, 0xfe, 0x00, 0x03, 0x03, 0xff, 0xff, 0xe0, 0xfb, 0x00, 0x02, 0x1f, 0xff,
  0xff, 0xfe, 0x00, 0x03, 0x03, 0xff, 0xff, 0xc0, 0xfb, 0x00, 0x02, 0x1f, 0xff, 0xff, 0xfe, 0x00, 0x03, 0x03, 0xff, 0xff, 0xc0, 0xfb, 0x00, 0x02,
  0x0f, 0xff, 0xff, 0xfe, 0x00, 0x03, 0x03, 0xff, 0xff, 0xc0, 0xfb, 0x00, 0x02, 0x0f, 0xff, 0xff, 0xfe, 0x00, 0x03, 0x03, 0xff, 0xff, 0xc0, 0xfb,
  0x00, 0x02, 0x0f, 0xff, 0xff, 0xfe, 0x00, 0x03, 0x03, 0xff, 0xff, 0xc0, 0xfb, 0x00, 0x02, 0x0f, 0xff, 0xff, 0xfe, 0x00, 0x03, 0x03, 0xff, 0xff,
  0xc0, 0xfb, 0x00, 0x02, 0x0f, 0xff, 0xff, 0xfe, 0x00, 0x03, 0x03, 0xff, 0xff, 0x80, 0xfb, 0x00, 0x02, 0x0f, 0xff, 0xff, 0xfe, 0x00, 0x03, 0x03,
  0xff, 0xff, 0x80, 0xfb, 0x00, 0x08, 0x07, 0xff, 0xff, 0x00, 0x00, 0x04, 0x03, 0xff, 0xff, 0xfa, 0x00, 0x08, 0x07, 0xff, 0xff, 0x03, 0xc0, 0x1f,
  0x03, 0xff, 0xff, 0xfa, 0x00, 0x08, 0x03, 0xff, 0xfe, 0x07, 0xf8, 0x7f, 0x01, 0xff, 0xfe, 0xfa, 0x00, 0x08, 0x01, 0xff, 0xfc, 0x07, 0xff, 0xff,
  0x00, 0xff, 0xfc, 0xf9, 0x00, 0x07, 0xff, 0xf8, 0x07, 0xff, 0xff, 0x00, 0x7f, 0xf8, 0xf9, 0x00, 0x04, 0x3f, 0xe0, 0x03, 0xff, 0xfe, 0xf4, 0x00,
  0x02, 0x01, 0xff, 0xfc, 0xf3, 0x00, 0x01, 0x7f, 0xf0, 0xf3, 0x00, 0x00, 0x02, 0x81, 0x00, 0x81, 0x00, 0xa9, 0x00, 0x81, 0x00, 0xd7, 0x00, 0x01,
  0x3f, 0xf8, 0xf9, 0x00, 0x01, 0xff, 0xf0, 0xfd, 0x00, 0x01, 0xff, 0xfc, 0xfa, 0x00, 0x02, 0x03, 0xff, 0xfc, 0xfe, 0x00, 0x02, 0x01, 0xff, 0xff,
  0xfa, 0x00, 0x02, 0x07, 0xff, 0xfe, 0xfe, 0x00, 0x02, 0x03, 0xff, 0xff, 0xfa, 0x00, 0x02, 0x07, 0xff, 0xfe, 0xfe, 0x00, 0x03, 0x03, 0xff, 0xff,
  0x80, 0xfb, 0x00, 0x02, 0x0f, 0xff, 0xff, 0xfe, 0x00, 0x03, 0x07, 0xff, 0xff, 0x80, 0xfb, 0x00, 0x02, 0x0f, 0xff, 0xff, 0xfe, 0x00, 0x03, 0x07,
  0xff, 0xff, 0xc0, 0xfb, 0x00, 0x02, 0x0f, 0xff, 0xff, 0xfe, 0x00, 0x03, 0x07, 0xff, 0xff, 0xc0, 0xfb, 0x00, 0x02, 0x1f, 0xff, 0xff, 0xfe, 0x00,
  0x03, 0x07, 0xff, 0xff, 0xc0, 0xfb, 0x00, 0x02, 0x1f, 0xff, 0xff, 0xfe, 0x00, 0x03, 0x07, 0xff, 0xff, 0xc0, 0xfb, 0x00, 0x02, 0x1f, 0xff, 0xff,
  0xfe, 0x00, 0x03, 0x07, 0xff, 0xff, 0xc0, 0xfb, 0x00, 0x02, 0x1f, 0xff, 0xff, 0xfe, 0x00, 0x03, 0x07, 0xff, 0xff, 0xe0, 0xfb, 0x00, 0x02, 0x1f,
  0xff, 0xff, 0xfe, 0x00, 0x03, 0x07, 0xff, 0xff, 0xe0, 0xfb, 0x00, 0x02, 0x1f, 0xff, 0xff, 0xfe, 0x00, 0x03, 0x07, 0xff, 0xff, 0xe0, 0xfb, 0x00,
  0x02, 0x1f, 0xff, 0xff, 0xfe, 0x00, 0x03, 0x03, 0xff, 0xff, 0xe0, 0xfb, 0x00, 0x02, 0x1f, 0xff, 0xff, 0xfe, 0x00, 0x03, 0x03, 0xff, 0xff, 0xe0,
  0xfb, 0x00, 0x02, 0x1f, 0xff, 0xff, 0xfe, 0x00, 0x03, 0x03, 0xff, 0xff, 0xc0, 0xfb, 0x00, 0x02, 0x1f, 0xff, 0xff, 0xfe, 0x00, 0x03, 0x03, 0xff,
  0xff, 0xc0, 0xfb, 0x00, 0x02, 0x0f, 0xff, 0xff, 0xfe, 0x00, 0x03, 0x03, 0xff, 0xff, 0xc0, 0xfb, 0x00, 0x02, 0x0f, 0xff, 0xff, 0xfe, 0x00, 0x03,
  0x03, 0xff, 0xff, 0xc0, 0xfb, 0x00, 0x02, 0x0f, 0xff, 0xff, 0xfe, 0x00, 0x03, 0x03, 0xff, 0xff, 0xc0, 0xfb, 0x00, 0x02, 0x0f, 0xff, 0xff, 0xfe,
  0x00, 0x03, 0x03, 0xff, 0xff, 0xc0, 0xfb, 0x00, 0x02, 0x0f, 0xff, 0xff, 0xfe, 0x00, 0x03, 0x03, 0xff, 0xff, 0x80, 0xfb, 0x00, 0x02, 0x0f, 0xff,
  0xff, 0xfe, 0x00, 0x03, 0x03, 0xff, 0xff, 0x80, 0xfb, 0x00, 0x08, 0x07, 0xff, 0xff, 0x00, 0x00, 0x04, 0x03, 0xff, 0xff, 0xfa, 0x00, 0x08, 0x07,
  0xff, 0xff, 0x03, 0xc0, 0x1f, 0x03, 0xff, 0xff, 0xfa, 0x00, 0x08, 0x03, 0xff, 0xfe, 0x07, 0xf0, 0x7f, 0x01, 0xff, 0xfe, 0xfa, 0x00, 0x08, 0x01,
  0xff, 0xfc, 0x07, 0xff, 0xff, 0x00, 0xff, 0xfc, 0xf9, 0x00, 0x07, 0xff, 0xf8, 0x07, 0xff, 0xff, 0x00, 0x7f, 0xf8, 0xf9, 0x00, 0x04, 0x3f, 0xe0,
  0x03, 0xff, 0xfe, 0xf4, 0x00, 0x02, 0x01, 0xff, 0xfc, 0xf3, 0x00, 0x01, 0x7f, 0xf0, 0xf3, 0x00, 0x00, 0x02, 0x81, 0x00, 0x81, 0x00, 0xa9, 0x00,
  0x81, 0x00, 0xd7, 0x00, 0x01, 0x3f, 0xf8, 0xf9, 0x00, 0x01, 0xff, 0xf0, 0xfd, 0x00, 0x01, 0xff, 0xfc, 0xfa, 0x00, 0x02, 0x03, 0xff, 0xfc, 0xfe,
  0x00, 0x02, 0x01, 0xff, 0xff, 0xfa, 0x00, 0x02, 0x07, 0xff, 0xfe, 0xfe, 0x00, 0x02, 0x03, 0xff, 0xff, 0xfa, 0x00, 0x02, 0x07, 0xff, 0xff, 0xfe,
  0x00, 0x03, 0x03, 0xff, 0xff, 0x80, 0xfb, 0x00, 0x02, 0x0f, 0xff, 0xff, 0xfe, 0x00, 0x03, 0x07, 0xff, 0xff, 0x80, 0xfb, 0x00, 0x02, 0x0f, 0xff,
  0xff, 0xfe, 0x00, 0x03, 0x07, 0xff, 0xff, 0xc0, 0xfb, 0x00, 0x02, 0x0f, 0xff, 0xff, 0xfe, 0x00, 0x03, 0x07, 0xff, 0xff, 0xc0, 0xfb, 0x00, 0x02,
  0x1f, 0xff, 0xff, 0xfe, 0x00, 0x03, 0x07, 0xff, 0xff, 0xc0, 0xfb, 0x00, 0x02, 0x1f, 0xff, 0xff, 0xfe, 0x00, 0x03, 0x07, 0xff, 0xff, 0xc0, 0xfb,
  0x00, 0x02, 0x1f, 0xff, 0xff, 0xfe, 0x00, 0x03, 0x07, 0xff, 0xff, 0xc0, 0xfb, 0x00, 0x02, 0x1f, 0xff, 0xff, 0xfe, 0x00, 0x03, 0x07, 0xff, 0xff,
  0xe0, 0xfb, 0x00, 0x02, 0x1f, 0xff, 0xff, 0xfe, 0x00, 0x03, 0x07, 0xff, 0xff, 0xe0, 0xfb, 0x00, 0x02, 0x1f, 0xff, 0xff, 0xfe, 0x00, 0x03, 0x07,
  0xff, 0xff, 0xe0, 0xfb, 0x00, 0x02, 0x1f, 0xff, 0xff, 0xfe, 0x00, 0x03, 0x03, 0xff, 0xff, 0xe0, 0xfb, 0x00, 0x02, 0x1f, 0xff, 0xff, 0xfe, 0x00,
  0x03, 0x03, 0xff, 0xff, 0xe0, 0xfb, 0x00, 0x02, 0x1f, 0xff, 0xff, 0xfe, 0x00, 0x03, 0x03, 0xff, 0xff, 0xc0, 0xfb, 0x00, 0x02, 0x1f, 0xff, 0xff,
  0xfe, 0x00, 0x03, 0x03, 0xff, 0xff, 0xc0, 0xfb, 0x00, 0x02, 0x1f, 0xff, 0xff, 0xfe, 0x00, 0x03, 0x03, 0xff, 0xff, 0xc0, 0xfb, 0x00, 0x02, 0x0f,
  0xff, 0xff, 0xfe, 0x00, 0x03, 0x03, 0xff, 0xff, 0xc0, 0xfb, 0x00, 0x02, 0x0f, 0xff, 0xff, 0xfe, 0x00, 0x03, 0x03, 0xff, 0xff, 0xc0, 0xfb, 0x00,
  0x02, 0x0f, 0xff, 0xff, 0xfe, 0x00, 0x03, 0x03, 0xff, 0xff, 0xc0, 0xfb, 0x00, 0x02, 0x0f, 0xff, 0xff, 0xfe, 0x00, 0x03, 0x03, 0xff, 0xff, 0x80,
  0xfb, 0x00, 0x02, 0x0f, 0xff, 0xff, 0xfe, 0x00, 0x03, 0x03, 0xff, 0xff, 0x80, 0xfb, 0x00, 0x02, 0x07, 0xff, 0xff, 0xfe, 0x00, 0x03, 0x03, 0xff,
  0xff, 0x80, 0xfb, 0x00, 0x08, 0x07, 0xff, 0xff, 0x03, 0xc0, 0x1f, 0x03, 0xff, 0xff, 0xfa, 0x00, 0x08, 0x03, 0xff, 0xfe, 0x07, 0xf0, 0x7f, 0x01,
  0xff, 0xfe, 0xfa, 0x00, 0x08, 0x01, 0xff, 0xfe, 0x07, 0xff, 0xff, 0x00, 0xff, 0xfc, 0xf9, 0x00, 0x07, 0xff, 0xf8, 0x07, 0xff, 0xff, 0x00, 0x7f,
  0xf8, 0xf9, 0x00, 0x04, 0x7f, 0xe0, 0x03, 0xff, 0xfe, 0xf4, 0x00, 0x02, 0x01, 0xff, 0xfc, 0xf3, 0x00, 0x01, 0x7f, 0xf0, 0xf3, 0x00, 0x00, 0x06,
  0x81, 0x00, 0x81, 0x00, 0xa9, 0x00, 0x81, 0x00, 0xcd, 0x00, 0x01, 0x7f, 0xe0, 0xfd, 0x00, 0x01, 0x7f, 0xf8, 0xfa, 0x00, 0x02, 0x01, 0xff, 0xf8,
  0xfe, 0x00, 0x02, 0x01, 0xff, 0xfe, 0xfa, 0x00, 0x02, 0x07, 0xff, 0xfc, 0xfe, 0x00, 0x02, 0x03, 0xff, 0xff, 0xfa, 0x00, 0x02, 0x07, 0xff, 0xfe,
  0xfe, 0x00, 0x02, 0x03, 0xff, 0xff, 0xfa, 0x00, 0x02, 0x0f, 0xff, 0xfe, 0xfe, 0x00, 0x03, 0x03, 0xff, 0xff, 0x80, 0xfb, 0x00, 0x02, 0x0f, 0xff,
  0xff, 0xfe, 0x00, 0x03, 0x07, 0xff, 0xff, 0x80, 0xfb, 0x00, 0x02, 0x0f, 0xff, 0xff, 0xfe, 0x00, 0x03, 0x07, 0xff, 0xff, 0xc0, 0xfb, 0x00, 0x02,
  0x1f, 0xff, 0xff, 0xfe, 0x00, 0x03, 0x07, 0xff, 0xff, 0xc0, 0xfb, 0x00, 0x02, 0x1f, 0xff, 0xff, 0xfe, 0x00, 0x03, 0x07, 0xff, 0xff, 0xc0, 0xfb,
  0x00, 0x02, 0x1f, 0xff, 0xff, 0xfe, 0x00, 0x03, 0x07, 0xff, 0xff, 0xc0, 0xfb, 0x00, 0x02, 0x1f, 0xff, 0xff, 0xfe, 0x00, 0x03, 0x07, 0xff, 0xff,
  0xc0, 0xfb, 0x00, 0x02, 0x1f, 0xff, 0xff, 0xfe, 0x00, 0x03, 0x07, 0xff, 0xff, 0xc0, 0xfb, 0x00, 0x02, 0x1f, 0xff, 0xff, 0xfe, 0x00, 0x03, 0x07,
  0xff, 0xff, 0xc0, 0xfb, 0x00, 0x02, 0x1f, 0xff, 0xff, 0xfe, 0x00, 0x03, 0x07, 0xff, 0xff, 0xc0, 0xfb, 0x00, 0x02, 0x1f, 0xff, 0xff, 0xfe, 0x00,
  0x03, 0x07, 0xff, 0xff, 0xc0, 0xfb, 0x00, 0x02, 0x1f, 0xff, 0xff, 0xfe, 0x00, 0x03, 0x07, 0xff, 0xff, 0xc0, 0xfb, 0x00, 0x02, 0x1f, 0xff, 0xff,
  0xfe, 0x00, 0x03, 0x07, 0xff, 0xff, 0xc0, 0xfb, 0x00, 0x02, 0x1f, 0xff, 0xff, 0xfe, 0x00, 0x03, 0x07, 0xff, 0xff, 0xc0, 0xfb, 0x00, 0x02, 0x1f,
  0xff, 0xff, 0xfe, 0x00, 0x03, 0x07, 0xff, 0xff, 0xc0, 0xfb, 0x00, 0x02, 0x1f, 0xff, 0xff, 0xfe, 0x00, 0x03, 0x07, 0xff, 0xff, 0xc0, 0xfb, 0x00,
  0x02, 0x1f, 0xff, 0xff, 0xfe, 0x00, 0x03, 0x07, 0xff, 0xff, 0xc0, 0xfb, 0x00, 0x02, 0x0f, 0xff, 0xff, 0xfe, 0x00, 0x03, 0x07, 0xff, 0xff, 0x80,
  0xfb, 0x00, 0x02, 0x0f, 0xff, 0xff, 0xfe, 0x00, 0x03, 0x03, 0xff, 0xff, 0x80, 0xfb, 0x00, 0x02, 0x07, 0xff, 0xff, 0xfe, 0x00, 0x03, 0x03, 0xff,
  0xff, 0x80, 0xfb, 0x00, 0x08, 0x07, 0xff, 0xff, 0x03, 0x80, 0x0e, 0x03, 0xff, 0xff, 0xfa, 0x00, 0x08, 0x07, 0xff, 0xfe, 0x07, 0xe0, 0x3f, 0x03,
  0xff, 0xfe, 0xfa, 0x00, 0x08, 0x03, 0xff, 0xfe, 0x07, 0xff, 0xff, 0x01, 0xff, 0xfe, 0xfa, 0x00, 0x08, 0x01, 0xff, 0xfc, 0x07, 0xff, 0xff, 0x00,
  0xff, 0xf8, 0xf9, 0x00, 0x07, 0x7f, 0xf0, 0x07, 0xff, 0xff, 0x00, 0x3f, 0xf0, 0xf9, 0x00, 0x04, 0x02, 0x00, 0x03, 0xff, 0xfe, 0xf4, 0x00, 0x02,
  0x01, 0xff, 0xf8, 0xf3, 0x00, 0x01, 0x3f, 0xf0, 0x81, 0x00, 0x81, 0x00, 0xaa, 0x00, 0x81, 0x00, 0xcd, 0x00, 0x01, 0x7f, 0xe0, 0xfd, 0x00, 0x01,
  0x7f, 0xf8, 0xfa, 0x00, 0x02, 0x01, 0xff, 0xf8, 0xfe, 0x00, 0x02, 0x01, 0xff, 0xfe, 0xfa, 0x00, 0x02, 0x07, 0xff, 0xfc, 0xfe, 0x00, 0x02, 0x03,
  0xff, 0xff, 0xfa, 0x00, 0x02, 0x07, 0xff, 0xfe, 0xfe, 0x00, 0x02, 0x03, 0xff, 0xff, 0xfa, 0x00, 0x02, 0x0f, 0xff, 0xfe, 0xfe, 0x00, 0x03, 0x03,
  0xff, 0xff, 0x80, 0xfb, 0x00, 0x02, 0x0f, 0xff, 0xff, 0xfe, 0x00, 0x03, 0x07, 0xff, 0xff, 0x80, 0xfb, 0x00, 0x02, 0x0f, 0xff, 0xff, 0xfe, 0x00,
  0x03, 0x07, 0xff, 0xff, 0xc0, 0xfb, 0x00, 0x02, 0x1f, 0xff, 0xff, 0xfe, 0x00, 0x03, 0x07, 0xff, 0xff, 0xc0, 0xfb, 0x00, 0x02, 0x1f, 0xff, 0xff,
  0xfe, 0x00, 0x03, 0x07, 0xff, 0xff, 0xc0, 0xfb, 0x00, 0x02, 0x1f, 0xff, 0xff, 0xfe, 0x00, 0x03, 0x07, 0xff, 0xff, 0xc0, 0xfb, 0x00, 0x02, 0x1f,
  0xff, 0xff, 0xfe, 0x00, 0x03, 0x07, 0xff, 0xff, 0xc0, 0xfb, 0x00, 0x02, 0x1f, 0xff, 0xff, 0xfe, 0x00, 0x03, 0x07, 0xff, 0xff, 0xc0, 0xfb, 0x00,
  0x02, 0x1f, 0xff, 0xff, 0xfe, 0x00, 0x03, 0x07, 0xff, 0xff, 0xc0, 0xfb, 0x00, 0x02, 0x1f, 0xff, 0xff, 0xfe, 0x00, 0x03, 0x07, 0xff, 0xff, 0xc0,
  0xfb, 0x00, 0x02, 0x1f, 0xff, 0xff, 0xfe, 0x00, 0x03, 0x07, 0xff, 0xff, 0xc0, 0xfb, 0x00, 0x02, 0x1f, 0xff, 0xff, 0xfe, 0x00, 0x03, 0x07, 0xff,
  0xff, 0xc0, 0xfb, 0x00, 0x02, 0x1f, 0xff, 0xff, 0xfe, 0x00, 0x03, 0x07, 0xff, 0xff, 0xc0, 0xfb, 0x00, 0x02, 0x1f, 0xff, 0xff, 0xfe, 0x00, 0x03,
  0x07, 0xff, 0xff, 0xc0, 0xfb, 0x00, 0x02, 0x1f, 0xff, 0xff, 0xfe, 0x00, 0x03, 0x07, 0xff, 0xff, 0xc0, 0xfb, 0x00, 0x02, 0x1f, 0xff, 0xff, 0xfe,
  0x00, 0x03, 0x07, 0xff, 0xff, 0xc0, 0xfb, 0x00, 0x02, 0x0f, 0xff, 0xff, 0xfe, 0x00, 0x03, 0x07, 0xff, 0xff, 0xc0, 0xfb, 0x00, 0x02, 0x0f, 0xff,
  0xff, 0xfe, 0x00, 0x03, 0x07, 0xff, 0xff, 0x80, 0xfb, 0x00, 0x02, 0x0f, 0xff, 0xff, 0xfe, 0x00, 0x03, 0x03, 0xff, 0xff, 0x80, 0xfb, 0x00, 0x02,
  0x07, 0xff, 0xff, 0xfe, 0x00, 0x03, 0x03, 0xff, 0xff, 0x80, 0xfb, 0x00, 0x08, 0x07, 0xff, 0xff, 0x03, 0x80, 0x0e, 0x03, 0xff, 0xff, 0xfa, 0x00,
  0x08, 0x07, 0xff, 0xfe, 0x07, 0xe0, 0x3f, 0x03, 0xff, 0xfe, 0xfa, 0x00, 0x08, 0x03, 0xff, 0xfe, 0x07, 0xff, 0xff, 0x01, 0xff, 0xfe, 0xfa, 0x00,
  0x08, 0x01, 0xff, 0xfc, 0x07, 0xff, 0xff, 0x00, 0xff, 0xf8, 0xf9, 0x00, 0x07, 0x7f, 0xf0, 0x07, 0xff, 0xff, 0x00, 0x3f, 0xf0, 0xf9, 0x00, 0x04,
  0x02, 0x00, 0x03, 0xff, 0xfe, 0xf4, 0x00, 0x02, 0x01, 0xff, 0xf8, 0xf3, 0x00, 0x01, 0x3f, 0xf0, 0x81, 0x00, 0x81, 0x00, 0xaa, 0x00, 0x81, 0x00,
  0xcd, 0x00, 0x01, 0x7f, 0xe0, 0xfd, 0x00, 0x01, 0x7f, 0xf8, 0xfa, 0x00, 0x02, 0x01, 0xff, 0xf8, 0xfe, 0x00, 0x02, 0x01, 0xff, 0xfe, 0xfa, 0x00,
  0x02, 0x07, 0xff, 0xfc, 0xfe, 0x00, 0x02, 0x03, 0xff, 0xff, 0xfa, 0x00, 0x02, 0x07, 0xff, 0xfe, 0xfe, 0x00, 0x02, 0x03, 0xff, 0xff, 0xfa, 0x00,
  0x02, 0x0f, 0xff, 0xfe, 0xfe, 0x00, 0x03, 0x03, 0xff, 0xff, 0x80, 0xfb, 0x00, 0x02, 0x0f, 0xff, 0xff, 0xfe, 0x00, 0x03, 0x07, 0xff, 0xff, 0x80,
  0xfb, 0x00, 0x02, 0x0f, 0xff, 0xff, 0xfe, 0x00, 0x03, 0x07, 0xff, 0xff, 0xc0, 0xfb, 0x00, 0x02, 0x1f, 0xff, 0xff, 0xfe, 0x00, 0x03, 0x07, 0xff,
  0xff, 0xc0, 0xfb, 0x00, 0x02, 0x1f, 0xff, 0xff, 0xfe, 0x00, 0x03, 0x07, 0xff, 0xff, 0xc0, 0xfb, 0x00, 0x02, 0x1f, 0xff, 0xff, 0xfe, 0x00, 0x03,
  0x07, 0xff, 0xff, 0xc0, 0xfb, 0x00, 0x02, 0x1f, 0xff, 0xff, 0xfe, 0x00, 0x03, 0x07, 0xff, 0xff, 0xc0, 0xfb, 0x00, 0x02, 0x1f, 0xff, 0xff, 0xfe,
  0x00, 0x03, 0x07, 0xff, 0xff, 0xc0, 0xfb, 0x00, 0x02, 0x1f, 0xff, 0xff, 0xfe, 0x00, 0x03, 0x07, 0xff, 0xff, 0xc0, 0xfb, 0x00, 0x02, 0x1f, 0xff,
  0xff, 0xfe, 0x00, 0x03, 0x07, 0xff, 0xff, 0xc0, 0xfb, 0x00, 0x02, 0x1f, 0xff, 0xff, 0xfe, 0x00, 0x03, 0x07, 0xff, 0xff, 0xc0, 0xfb, 0x00, 0x02,
  0x1f, 0xff, 0xff, 0xfe, 0x00, 0x03, 0x07, 0xff, 0xff, 0xc0, 0xfb, 0x00, 0x02, 0x1f, 0xff, 0xff, 0xfe, 0x00, 0x03, 0x07, 0xff, 0xff, 0xc0, 0xfb,
  0x00, 0x02, 0x1f, 0xff, 0xff, 0xfe, 0x00, 0x03, 0x07, 0xff, 0xff, 0xc0, 0xfb, 0x00, 0x02, 0x1f, 0xff, 0xff, 0xfe, 0x00, 0x03, 0x07, 0xff, 0xff,
  0xc0, 0xfb, 0x00, 0x02, 0x1f, 0xff, 0xff, 0xfe, 0x00, 0x03, 0x07, 0xff, 0xff, 0xc0, 0xfb, 0x00, 0x02, 0x1f, 0xff, 0xff, 0xfe, 0x00, 0x03, 0x07,
  0xff, 0xff, 0xc0, 0xfb, 0x00, 0x02, 0x0f, 0xff, 0xff, 0xfe, 0x00, 0x03, 0x07, 0xff, 0xff, 0x80, 0xfb, 0x00, 0x02, 0x0f, 0xff, 0xff, 0xfe, 0x00,
  0x03, 0x07, 0xff, 0xff, 0x80, 0xfb, 0x00, 0x02, 0x0f, 0xff, 0xff, 0xfe, 0x00, 0x03, 0x03, 0xff, 0xff, 0x80, 0xfb, 0x00, 0x08, 0x07, 0xff, 0xff,
  0x03, 0x80, 0x0e, 0x03, 0xff, 0xff, 0xfa, 0x00, 0x08, 0x07, 0xff, 0xfe, 0x07, 0xe0, 0x3f, 0x03, 0xff, 0xfe, 0xfa, 0x00, 0x08, 0x03, 0xff, 0xfe,
  0x07, 0xff, 0xff, 0x01, 0xff, 0xfe, 0xfa, 0x00, 0x08, 0x01, 0xff, 0xfc, 0x07, 0xff, 0xff, 0x00, 0xff, 0xf8, 0xf9, 0x00, 0x07, 0x7f, 0xf0, 0x07,
  0xff, 0xff, 0x00, 0x7f, 0xf0, 0xf9, 0x00, 0x04, 0x02, 0x00, 0x03, 0xff, 0xfe, 0xf4, 0x00, 0x02, 0x01, 0xff, 0xf8, 0xf3, 0x00, 0x01, 0x3f, 0xf0,
  0x81, 0x00, 0x81, 0x00, 0xaa, 0x00, 0x81, 0x00, 0xcd, 0x00, 0x01, 0x7f, 0xe0, 0xfd, 0x00, 0x01, 0x7f, 0xf8, 0xfa, 0x00, 0x02, 0x01, 0xff, 0xf8,
  0xfe, 0x00, 0x02, 0x01, 0xff, 0xfe, 0xfa, 0x00, 0x02, 0x03, 0xff, 0xfc, 0xfe, 0x00, 0x02, 0x03, 0xff, 0xff, 0xfa, 0x00, 0x02, 0x07, 0xff, 0xfe,
  0xfe, 0x00, 0x02, 0x03, 0xff, 0xff, 0xfa, 0x00, 0x02, 0x0f, 0xff, 0xfe, 0xfe, 0x00, 0x03, 0x03, 0xff, 0xff, 0x80, 0xfb, 0x00, 0x02, 0x0f, 0xff,
  0xff, 0xfe, 0x00, 0x03, 0x07, 0xff, 0xff, 0x80, 0xfb, 0x00, 0x02, 0x0f, 0xff, 0xff, 0xfe, 0x00, 0x03, 0x07, 0xff, 0xff, 0xc0, 0xfb, 0x00, 0x02,
  0x1f, 0xff, 0xff, 0xfe, 0x00, 0x03, 0x07, 0xff, 0xff, 0xc0, 0xfb, 0x00, 0x02, 0x1f, 0xff, 0xff, 0xfe, 0x00, 0x03, 0x07, 0xff, 0xff, 0xc0, 0xfb,
  0x00, 0x02, 0x1f, 0xff, 0xff, 0xfe, 0x00, 0x03, 0x07, 0xff, 0xff, 0xc0, 0xfb, 0x00, 0x02, 0x1f, 0xff, 0xff, 0xfe, 0x00, 0x03, 0x07, 0xff, 0xff,
  0xc0, 0xfb, 0x00, 0x02, 0x1f, 0xff, 0xff, 0xfe, 0x00, 0x03, 0x07, 0xff, 0xff, 0xc0, 0xfb, 0x00, 0x02, 0x1f, 0xff, 0xff, 0xfe, 0x00, 0x03, 0x07,
  0xff, 0xff, 0xc0, 0xfb, 0x00, 0x02, 0x1f, 0xff, 0xff, 0xfe, 0x00, 0x03, 0x07, 0xff, 0xff, 0xc0, 0xfb, 0x00, 0x02, 0x1f, 0xff, 0xff, 0xfe, 0x00,
  0x03, 0x07, 0xff, 0xff, 0xc0, 0xfb, 0x00, 0x02, 0x1f, 0xff, 0xff, 0xfe, 0x00, 0x03, 0x07, 0xff, 0xff, 0xc0, 0xfb, 0x00, 0x02, 0x1f, 0xff, 0xff,
  0xfe, 0x00, 0x03, 0x07, 0xff, 0xff, 0xc0, 0xfb, 0x00, 0x02, 0x1f, 0xff, 0xff, 0xfe, 0x00, 0x03, 0x07, 0xff, 0xff, 0xc0, 0xfb, 0x00, 0x02, 0x1f,
  0xff, 0xff, 0xfe, 0x00, 0x03, 0x07, 0xff, 0xff, 0xc0, 0xfb, 0x00, 0x02, 0x1f, 0xff, 0xff, 0xfe, 0x00, 0x03, 0x07, 0xff, 0xff, 0xc0, 0xfb, 0x00,
  0x02, 0x0f, 0xff, 0xff, 0xfe, 0x00, 0x03, 0x07, 0xff, 0xff, 0xc0, 0xfb, 0x00, 0x02, 0x0f, 0xff, 0xff, 0xfe, 0x00, 0x03, 0x07, 0xff, 0xff, 0x80,
  0xfb, 0x00, 0x02, 0x0f, 0xff, 0xff, 0xfe, 0x00, 0x03, 0x03, 0xff, 0xff, 0x80, 0xfb, 0x00, 0x02, 0x07, 0xff, 0xff, 0xfe, 0x00, 0x03, 0x03, 0xff,
  0xff, 0x80, 0xfb, 0x00, 0x08, 0x07, 0xff, 0xfe, 0x03, 0x80, 0x0e, 0x03, 0xff, 0xff, 0xfa, 0x00, 0x08, 0x07, 0xff, 0xfe, 0x07, 0xe0, 0x3f, 0x03,
  0xff, 0xfe, 0xfa, 0x00, 0x08, 0x03, 0xff, 0xfe, 0x07, 0xff, 0xff, 0x01, 0xff, 0xfe, 0xfa, 0x00, 0x08, 0x01, 0xff, 0xfc, 0x07, 0xff, 0xff, 0x00,
  0xff, 0xf8, 0xf9, 0x00, 0x07, 0x7f, 0xf0, 0x07, 0xff, 0xff, 0x00, 0x7f, 0xf0, 0xf9, 0x00, 0x04, 0x02, 0x00, 0x03, 0xff, 0xfe, 0xf4, 0x00, 0x02,
  0x01, 0xff, 0xf8, 0xf3, 0x00, 0x01, 0x3f, 0xf0, 0x81, 0x00, 0x81, 0x00, 0xaa, 0x00, 0x81, 0x00, 0xcd, 0x00, 0x01, 0x3f, 0xc0, 0xfd, 0x00, 0x01,
  0x7f, 0xf8, 0xfa, 0x00, 0x02, 0x01, 0xff, 0xf8, 0xfe, 0x00, 0x02, 0x01, 0xff, 0xfe, 0xfa, 0x00, 0x02, 0x03, 0xff, 0xfc, 0xfe, 0x00, 0x02, 0x03,
  0xff, 0xff, 0xfa, 0x00, 0x02, 0x07, 0xff, 0xfe, 0xfe, 0x00, 0x02, 0x03, 0xff, 0xff, 0xfa, 0x00, 0x02, 0x0f, 0xff, 0xfe, 0xfe, 0x00, 0x03, 0x03,
  0xff, 0xff, 0x80, 0xfb, 0x00, 0x02, 0x0f, 0xff, 0xff, 0xfe, 0x00, 0x03, 0x07, 0xff, 0xff, 0x80, 0xfb, 0x00, 0x02, 0x0f, 0xff, 0xff, 0xfe, 0x00,
  0x03, 0x07, 0xff, 0xff, 0xc0, 0xfb, 0x00, 0x02, 0x1f, 0xff, 0xff, 0xfe, 0x00, 0x03, 0x07, 0xff, 0xff, 0xc0, 0xfb, 0x00, 0x02, 0x1f, 0xff, 0xff,
  0xfe, 0x00, 0x03, 0x07, 0xff, 0xff, 0xc0, 0xfb, 0x00, 0x02, 0x1f, 0xff, 0xff, 0xfe, 0x00, 0x03, 0x07, 0xff, 0xff, 0xc0, 0xfb, 0x00, 0x02, 0x1f,
  0xff, 0xff, 0xfe, 0x00, 0x03, 0x07, 0xff, 0xff, 0xc0, 0xfb, 0x00, 0x02, 0x1f, 0xff, 0xff, 0xfe, 0x00, 0x03, 0x07, 0xff, 0xff, 0xc0, 0xfb, 0x00,
  0x02, 0x1f, 0xff, 0xff, 0xfe, 0x00, 0x03, 0x07, 0xff, 0xff, 0xc0, 0xfb, 0x00, 0x02, 0x1f, 0xff, 0xff, 0xfe, 0x00, 0x03, 0x07, 0xff, 0xff, 0xc0,
  0xfb, 0x00, 0x02, 0x1f, 0xff, 0xff, 0xfe, 0x00, 0x03, 0x07, 0xff, 0xff, 0xc0, 0xfb, 0x00, 0x02, 0x1f, 0xff, 0xff, 0xfe, 0x00, 0x03, 0x07, 0xff,
  0xff, 0xc0, 0xfb, 0x00, 0x02, 0x1f, 0xff, 0xff, 0xfe, 0x00, 0x03, 0x07, 0xff, 0xff, 0xc0, 0xfb, 0x00, 0x02, 0x1f, 0xff, 0xff, 0xfe, 0x00, 0x03,
  0x07, 0xff, 0xff, 0xc0, 0xfb, 0x00, 0x02, 0x1f, 0xff, 0xff, 0xfe, 0x00, 0x03, 0x07, 0xff, 0xff, 0xc0, 0xfb, 0x00, 0x02, 0x1f, 0xff, 0xff, 0xfe,
  0x00, 0x03, 0x07, 0xff, 0xff, 0xc0, 0xfb, 0x00, 0x02, 0x0f, 0xff, 0xff, 0xfe, 0x00, 0x03, 0x07, 0xff, 0xff, 0xc0, 0xfb, 0x00, 0x02, 0x0f, 0xff,
  0xff, 0xfe, 0x00, 0x03, 0x07, 0xff, 0xff, 0x80, 0xfb, 0x00, 0x02, 0x0f, 0xff, 0xff, 0xfe, 0x00, 0x03, 0x07, 0xff, 0xff, 0x80, 0xfb, 0x00, 0x02,
  0x07, 0xff, 0xff, 0xfe, 0x00, 0x03, 0x03, 0xff, 0xff, 0x80, 0xfb, 0x00, 0x08, 0x07, 0xff, 0xff, 0x03, 0x80, 0x0e, 0x03, 0xff, 0xff, 0xfa, 0x00,
  0x08, 0x07, 0xff, 0xfe, 0x07, 0xe0, 0x3f, 0x03, 0xff, 0xfe, 0xfa, 0x00, 0x08, 0x03, 0xff, 0xfe, 0x07, 0xff, 0xff, 0x01, 0xff, 0xfe, 0xfa, 0x00,
  0x08, 0x01, 0xff, 0xfc, 0x07, 0xff, 0xff, 0x00, 0xff, 0xf8, 0xf9, 0x00, 0x07, 0x7f, 0xf0, 0x07, 0xff, 0xff, 0x00, 0x7f, 0xf0, 0xf9, 0x00, 0x04,
  0x03, 0x00, 0x03, 0xff, 0xfe, 0xf4, 0x00, 0x02, 0x01, 0xff, 0xfc, 0xf3, 0x00, 0x01, 0x3f, 0xf0, 0xf3, 0x00, 0x00, 0x02, 0x81, 0x00, 0x81, 0x00,
  0xb9, 0x00, 0x81, 0x00, 0xcd, 0x00, 0x01, 0x3f, 0xc0, 0xfd, 0x00, 0x01, 0x7f, 0xf8, 0xfa, 0x00, 0x02, 0x01, 0xff, 0xf8, 0xfe, 0x00, 0x02, 0x01,
  0xff, 0xfc, 0xfa, 0x00, 0x02, 0x03, 0xff, 0xfc, 0xfe, 0x00, 0x02, 0x03, 0xff, 0xff, 0xfa, 0x00, 0x02, 0x07, 0xff, 0xfe, 0xfe, 0x00, 0x02, 0x03,
  0xff, 0xff, 0xfa, 0x00, 0x02, 0x0f, 0xff, 0xfe, 0xfe, 0x00, 0x03, 0x03, 0xff, 0xff, 0x80, 0xfb, 0x00, 0x02, 0x0f, 0xff, 0xff, 0xfe, 0x00, 0x03,
  0x07, 0xff, 0xff, 0x80, 0xfb, 0x00, 0x02, 0x0f, 0xff, 0xff, 0xfe, 0x00, 0x03, 0x07, 0xff, 0xff, 0xc0, 0xfb, 0x00, 0x02, 0x1f, 0xff, 0xff, 0xfe,
  0x00, 0x03, 0x07, 0xff, 0xff, 0xc0, 0xfb, 0x00, 0x02, 0x1f, 0xff, 0xff, 0xfe, 0x00, 0x03, 0x07, 0xff, 0xff, 0xc0, 0xfb, 0x00, 0x02, 0x1f, 0xff,
  0xff, 0xfe, 0x00, 0x03, 0x07, 0xff, 0xff, 0xc0, 0xfb, 0x00, 0x02, 0x1f, 0xff, 0xff, 0xfe, 0x00, 0x03, 0x07, 0xff, 0xff, 0xc0, 0xfb, 0x00, 0x02,
  0x1f, 0xff, 0xff, 0xfe, 0x00, 0x03, 0x07, 0xff, 0xff, 0xc0, 0xfb, 0x00, 0x02, 0x1f, 0xff, 0xff, 0xfe, 0x00, 0x03, 0x07, 0xff, 0xff, 0xc0, 0xfb,
  0x00, 0x02, 0x1f, 0xff, 0xff, 0xfe, 0x00, 0x03, 0x07, 0xff, 0xff, 0xc0, 0xfb, 0x00, 0x02, 0x1f, 0xff, 0xff, 0xfe, 0x00, 0x03, 0x07, 0xff, 0xff,
  0xc0, 0xfb, 0x00, 0x02, 0x1f, 0xff, 0xff, 0xfe, 0x00, 0x03, 0x07, 0xff, 0xff, 0xc0, 0xfb, 0x00, 0x02, 0x1f, 0xff, 0xff, 0xfe, 0x00, 0x03, 0x07,
  0xff, 0xff, 0xc0, 0xfb, 0x00, 0x02, 0x1f, 0xff, 0xff, 0xfe, 0x00, 0x03, 0x07, 0xff, 0xff, 0xc0, 0xfb, 0x00, 0x02, 0x1f, 0xff, 0xff, 0xfe, 0x00,
  0x03, 0x07, 0xff, 0xff, 0xc0, 0xfb, 0x00, 0x02, 0x1f, 0xff, 0xff, 0xfe, 0x00, 0x03, 0x07, 0xff, 0xff, 0xc0, 0xfb, 0x00, 0x02, 0x0f, 0xff, 0xff,
  0xfe, 0x00, 0x03, 0x07, 0xff, 0xff, 0xc0, 0xfb, 0x00, 0x02, 0x0f, 0xff, 0xff, 0xfe, 0x00, 0x03, 0x07, 0xff, 0xff, 0x80, 0xfb, 0x00, 0x02, 0x0f,
  0xff, 0xff, 0xfe, 0x00, 0x03, 0x07, 0xff, 0xff, 0x80, 0xfb, 0x00, 0x02, 0x07, 0xff, 0xff, 0xfe, 0x00, 0x03, 0x03, 0xff, 0xff, 0x80, 0xfb, 0x00,
  0x08, 0x07, 0xff, 0xfe, 0x03, 0x00, 0x0e, 0x03, 0xff, 0xff, 0xfa, 0x00, 0x08, 0x07, 0xff, 0xfe, 0x07, 0xc0, 0x1f, 0x03, 0xff, 0xfe, 0xfa, 0x00,
  0x08, 0x03, 0xff, 0xfe, 0x07, 0xff, 0xff, 0x01, 0xff, 0xfe, 0xfa, 0x00, 0x08, 0x01, 0xff, 0xfc, 0x07, 0xff, 0xff, 0x00, 0xff, 0xf8, 0xf9, 0x00,
  0x07, 0x7f, 0xf0, 0x07, 0xff, 0xff, 0x00, 0x7f, 0xf0, 0xf9, 0x00, 0x04, 0x07, 0x00, 0x03, 0xff, 0xfe, 0xf4, 0x00, 0x02, 0x01, 0xff, 0xfc, 0xf3,
  0x00, 0x01, 0x3f, 0xf0, 0xf3, 0x00, 0x00, 0x02, 0x81, 0x00, 0x81, 0x00, 0xb9, 0x00, 0xfc, 0x00, 0x02, 0x07, 0xff, 0xc0, 0xf3, 0x00, 0x01, 0xff,
  0xf0, 0xf3, 0x00, 0x01, 0x3f, 0xfc, 0xf3, 0x00, 0x01, 0x0f, 0xfe, 0xf3, 0x00, 0x01, 0x01, 0xff, 0xf2, 0x00, 0x00, 0xff, 0xf2, 0x00, 0x00, 0x7e,
  0xf2, 0x00, 0x00, 0x0c, 0xc5, 0x00, 0x01, 0x1f, 0xc0, 0xfd, 0x00, 0x01, 0x7f, 0xf8, 0xf9, 0x00, 0x01, 0xff, 0xf8, 0xfe, 0x00, 0x02, 0x01, 0xff,
  0xfc, 0xfa, 0x00, 0x02, 0x03, 0xff, 0xfc, 0xfe, 0x00, 0x02, 0x03, 0xff, 0xfe, 0xfa, 0x00, 0x02, 0x07, 0xff, 0xfe, 0xfe, 0x00, 0x02, 0x03, 0xff,
  0xff, 0xfa, 0x00, 0x02, 0x0f, 0xff, 0xfe, 0xfe, 0x00, 0x03, 0x03, 0xff, 0xff, 0x80, 0xfb, 0x00, 0x02, 0x0f, 0xff, 0xff, 0xfe, 0x00, 0x03, 0x07,
  0xff, 0xff, 0x80, 0xfb, 0x00, 0x02, 0x0f, 0xff, 0xff, 0xfe, 0x00, 0x03, 0x07, 0xff, 0xff, 0xc0, 0xfb, 0x00, 0x02, 0x1f, 0xff, 0xff, 0xfe, 0x00,
  0x03, 0x07, 0xff, 0xff, 0xc0, 0xfb, 0x00, 0x02, 0x1f, 0xff, 0xff, 0xfe, 0x00, 0x03, 0x07, 0xff, 0xff, 0xc0, 0xfb, 0x00, 0x02, 0x1f, 0xff, 0xff,
  0xfe, 0x00, 0x03, 0x07, 0xff, 0xff, 0xc0, 0xfb, 0x00, 0x02, 0x1f, 0xff, 0xff, 0xfe, 0x00, 0x03, 0x07, 0xff, 0xff, 0xc0, 0xfb, 0x00, 0x02, 0x1f,
  0xff, 0xff, 0xfe, 0x00, 0x03, 0x07, 0xff, 0xff, 0xc0, 0xfb, 0x00, 0x02, 0x1f, 0xff, 0xff, 0xfe, 0x00, 0x03, 0x07, 0xff, 0xff, 0xc0, 0xfb, 0x00,
  0x02, 0x1f, 0xff, 0xff, 0xfe, 0x00, 0x03, 0x07, 0xff, 0xff, 0xc0, 0xfb, 0x00, 0x02, 0x1f, 0xff, 0xff, 0xfe, 0x00, 0x03, 0x07, 0xff, 0xff, 0xc0,
  0xfb, 0x00, 0x02, 0x1f, 0xff, 0xff, 0xfe, 0x00, 0x03, 0x07, 0xff, 0xff, 0xc0, 0xfb, 0x00, 0x02, 0x1f, 0xff, 0xff, 0xfe, 0x00, 0x03, 0x07, 0xff,
  0xff, 0xc0, 0xfb, 0x00, 0x02, 0x1f, 0xff, 0xff, 0xfe, 0x00, 0x03, 0x07, 0xff, 0xff, 0xc0, 0xfb, 0x00, 0x02, 0x1f, 0xff, 0xff, 0xfe, 0x00, 0x03,
  0x07, 0xff, 0xff, 0xc0, 0xfb, 0x00, 0x02, 0x1f, 0xff, 0xff, 0xfe, 0x00, 0x03, 0x07, 0xff, 0xff, 0xc0, 0xfb, 0x00, 0x02, 0x0f, 0xff, 0xff, 0xfe,
  0x00, 0x03, 0x07, 0xff, 0xff, 0xc0, 0xfb, 0x00, 0x02, 0x0f, 0xff, 0xff, 0xfe, 0x00, 0x03, 0x07, 0xff, 0xff, 0x80, 0xfb, 0x00, 0x02, 0x0f, 0xff,
  0xff, 0xfe, 0x00, 0x03, 0x07, 0xff, 0xff, 0x80, 0xfb, 0x00, 0x02, 0x0f, 0xff, 0xff, 0xfe, 0x00, 0x03, 0x03, 0xff, 0xff, 0x80, 0xfb, 0x00, 0x08,
  0x07, 0xff, 0xff, 0x03, 0x00, 0x0e, 0x03, 0xff, 0xff, 0xfa, 0x00, 0x08, 0x07, 0xff, 0xfe, 0x07, 0xc0, 0x1f, 0x03, 0xff, 0xfe, 0xfa, 0x00, 0x08,
  0x03, 0xff, 0xfe, 0x07, 0xff, 0xff, 0x01, 0xff, 0xfe, 0xfa, 0x00, 0x08, 0x01, 0xff, 0xfc, 0x07, 0xff, 0xff, 0x00, 0xff, 0xf8, 0xf9, 0x00, 0x07,
  0x7f, 0xf8, 0x07, 0xff, 0xff, 0x00, 0x7f, 0xf0, 0xf9, 0x00, 0x04, 0x0f, 0x00, 0x03, 0xff, 0xfe, 0xf4, 0x00, 0x02, 0x01, 0xff, 0xfc, 0xf3, 0x00,
  0x01, 0x3f, 0xf0, 0xf3, 0x00, 0x00, 0x06, 0x81, 0x00, 0x81, 0x00, 0xb9, 0x00, 0xfb, 0x00, 0x01, 0xff, 0x80, 0xf3, 0x00, 0x01, 0x7f, 0xf0, 0xf3,
  0x00, 0x01, 0x1f, 0xfc, 0xf3, 0x00, 0x01, 0x07, 0xff, 0xf3, 0x00, 0x02, 0x01, 0xff, 0xc0, 0xf3, 0x00, 0x01, 0x7f, 0xf0, 0xf3, 0x00, 0x01, 0x3f,
  0xfc, 0xf3, 0x00, 0x01, 0x0f, 0xfe, 0xf3, 0x00, 0x02, 0x03, 0xff, 0x80, 0xf3, 0x00, 0x01, 0xff, 0xe0, 0xf3, 0x00, 0x01, 0x3f, 0xf8, 0xf7, 0x00,
  0x07, 0x1f, 0xc0, 0x00, 0x00, 0x0f, 0xfc, 0x7f, 0xf8, 0xf9, 0x00, 0x07, 0xff, 0xf8, 0x00, 0x00, 0x03, 0xff, 0xff, 0xfc, 0xfa, 0x00, 0x02, 0x03,
  0xff, 0xfc, 0xfe, 0x00, 0x02, 0x7f, 0xff, 0xfe, 0xfa, 0x00, 0x02, 0x07, 0xff, 0xfe, 0xfe, 0x00, 0x02, 0x3f, 0xff, 0xff, 0xfa, 0x00, 0x02, 0x07,
  0xff, 0xfe, 0xfe, 0x00, 0x03, 0x0f, 0xff, 0xff, 0x80, 0xfb, 0x00, 0x02, 0x0f, 0xff, 0xff, 0xfe, 0x00, 0x03, 0x07, 0xff, 0xff, 0x80, 0xfb, 0x00,
  0x02, 0x0f, 0xff, 0xff, 0xfe, 0x00, 0x03, 0x07, 0xff, 0xff, 0xc0, 0xfb, 0x00, 0x02, 0x1f, 0xff, 0xff, 0xfe, 0x00, 0x03, 0x07, 0xff, 0xff, 0xc0,
  0xfb, 0x00, 0x02, 0x1f, 0xff, 0xff, 0xfe, 0x00, 0x03, 0x07, 0xff, 0xff, 0xc0, 0xfb, 0x00, 0x02, 0x1f, 0xff, 0xff, 0xfe, 0x00, 0x03, 0x07, 0xff,
  0xff, 0xc0, 0xfb, 0x00, 0x02, 0x1f, 0xff, 0xff, 0xfe, 0x00, 0x03, 0x07, 0xff, 0xff, 0xc0, 0xfb, 0x00, 0x02, 0x1f, 0xff, 0xff, 0xfe, 0x00, 0x03,
  0x07, 0xff, 0xff, 0xc0, 0xfb, 0x00, 0x02, 0x1f, 0xff, 0xff, 0xfe, 0x00, 0x03, 0x07, 0xff, 0xff, 0xc0, 0xfb, 0x00, 0x02, 0x1f, 0xff, 0xff, 0xfe,
  0x00, 0x03, 0x07, 0xff, 0xff, 0xc0, 0xfb, 0x00, 0x02, 0x1f, 0xff, 0xff, 0xfe, 0x00, 0x03, 0x07, 0xff, 0xff, 0xc0, 0xfb, 0x00, 0x02, 0x1f, 0xff,
  0xff, 0xfe, 0x00, 0x03, 0x07, 0xff, 0xff, 0xc0, 0xfb, 0x00, 0x02, 0x1f, 0xff, 0xff, 0xfe, 0x00, 0x03, 0x07, 0xff, 0xff, 0xc0, 0xfb, 0x00, 0x02,
  0x1f, 0xff, 0xff, 0xfe, 0x00, 0x03, 0x07, 0xff, 0xff, 0xc0, 0xfb, 0x00, 0x02, 0x1f, 0xff, 0xff, 0xfe, 0x00, 0x03, 0x07, 0xff, 0xff, 0xc0, 0xfb,
  0x00, 0x02, 0x1f, 0xff, 0xff, 0xfe, 0x00, 0x03, 0x07, 0xff, 0xff, 0xc0, 0xfb, 0x00, 0x02, 0x0f, 0xff, 0xff, 0xfe, 0x00, 0x03, 0x03, 0xff, 0xff,
  0xc0, 0xfb, 0x00, 0x02, 0x0f, 0xff, 0xff, 0xfe, 0x00, 0x03, 0x03, 0xff, 0xff, 0x80, 0xfb, 0x00, 0x02, 0x0f, 0xff, 0xff, 0xfe, 0x00, 0x03, 0x03,
  0xff, 0xff, 0x80, 0xfb, 0x00, 0x02, 0x0f, 0xff, 0xff, 0xfe, 0x00, 0x03, 0x03, 0xff, 0xff, 0x80, 0xfb, 0x00, 0x08, 0x07, 0xff, 0xff, 0x03, 0x00,
  0x0e, 0x03, 0xff, 0xff, 0xfa, 0x00, 0x08, 0x07, 0xff, 0xfe, 0x07, 0xc0, 0x1f, 0x03, 0xff, 0xfe, 0xfa, 0x00, 0x08, 0x03, 0xff, 0xfe, 0x07, 0xff,
  0x7f, 0x01, 0xff, 0xfe, 0xfa, 0x00, 0x08, 0x01, 0xff, 0xfc, 0x07, 0xff, 0xff, 0x00, 0xff, 0xfc, 0xf9, 0x00, 0x07, 0x7f, 0xf8, 0x07, 0xff, 0xff,
  0x00, 0x7f, 0xf0, 0xf9, 0x00, 0x04, 0x0f, 0x00, 0x03, 0xff, 0xfe, 0xf4, 0x00, 0x02, 0x01, 0xff, 0xfc, 0xf3, 0x00, 0x01, 0x3f, 0xf0, 0xf3, 0x00,
  0x00, 0x02, 0x81, 0x00, 0x81, 0x00, 0xb9, 0x00, 0xeb, 0x00, 0x00, 0x07, 0xf2, 0x00, 0x01, 0x03, 0xc0, 0xf3, 0x00, 0x01, 0x01, 0xf0, 0xf2, 0x00,
  0x00, 0x7c, 0xf2, 0x00, 0x01, 0x0f, 0xc0, 0xf3, 0x00, 0x01, 0x07, 0xf0, 0xf3, 0x00, 0x01, 0x03, 0xfc, 0xf2, 0x00, 0x00, 0xff, 0xf2, 0x00, 0x01,
  0x7f, 0xe0, 0xf3, 0x00, 0x01, 0x1f, 0xf0, 0xf7, 0x00, 0x07, 0x1f, 0xc0, 0x00, 0x00, 0x0f, 0xfe, 0x7f, 0xf8, 0xf9, 0x00, 0x07, 0xff, 0xf8, 0x00,
  0x00, 0x01, 0xff, 0xff, 0xfc, 0xfa, 0x00, 0x02, 0x03, 0xff, 0xfc, 0xfe, 0x00, 0x02, 0x7f, 0xff, 0xff, 0xfa, 0x00, 0x02, 0x07, 0xff, 0xfe, 0xfe,
  0x00, 0x02, 0x7f, 0xff, 0xff, 0xfa, 0x00, 0x02, 0x07, 0xff, 0xfe, 0xfe, 0x00, 0x03, 0x0f, 0xff, 0xff, 0x80, 0xfb, 0x00, 0x02, 0x0f, 0xff, 0xff,
  0xfe, 0x00, 0x03, 0x07, 0xff, 0xff, 0x80, 0xfb, 0x00, 0x02, 0x0f, 0xff, 0xff, 0xfe, 0x00, 0x03, 0x07, 0xff, 0xff, 0xc0, 0xfb, 0x00, 0x02, 0x1f,
  0xff, 0xff, 0xfe, 0x00, 0x03, 0x07, 0xff, 0xff, 0xc0, 0xfb, 0x00, 0x02, 0x1f, 0xff, 0xff, 0xfe, 0x00, 0x03, 0x07, 0xff, 0xff, 0xc0, 0xfb, 0x00,
  0x02, 0x1f, 0xff, 0xff, 0xfe, 0x00, 0x03, 0x07, 0xff, 0xff, 0xc0, 0xfb, 0x00, 0x02, 0x1f, 0xff, 0xff, 0xfe, 0x00, 0x03, 0x07, 0xff, 0xff, 0xc0,
  0xfb, 0x00, 0x02, 0x1f, 0xff, 0xff, 0xfe, 0x00, 0x03, 0x07, 0xff, 0xff, 0xc0, 0xfb, 0x00, 0x02, 0x1f, 0xff, 0xff, 0xfe, 0x00, 0x03, 0x07, 0xff,
  0xff, 0xc0, 0xfb, 0x00, 0x02, 0x1f, 0xff, 0xff, 0xfe, 0x00, 0x03, 0x07, 0xff, 0xff, 0xc0, 0xfb, 0x00, 0x02, 0x1f, 0xff, 0xff, 0xfe, 0x00, 0x03,
  0x07, 0xff, 0xff, 0xc0, 0xfb, 0x00, 0x02, 0x1f, 0xff, 0xff, 0xfe, 0x00, 0x03, 0x07, 0xff, 0xff, 0xc0, 0xfb, 0x00, 0x02, 0x1f, 0xff, 0xff, 0xfe,
  0x00, 0x03, 0x07, 0xff, 0xff, 0xc0, 0xfb, 0x00, 0x02, 0x1f, 0xff, 0xff, 0xfe, 0x00, 0x03, 0x07, 0xff, 0xff, 0xc0, 0xfb, 0x00, 0x02, 0x1f, 0xff,
  0xff, 0xfe, 0x00, 0x03, 0x07, 0xff, 0xff, 0xc0, 0xfb, 0x00, 0x02, 0x1f, 0xff, 0xff, 0xfe, 0x00, 0x03, 0x07, 0xff, 0xff, 0xc0, 0xfb, 0x00, 0x02,
  0x1f, 0xff, 0xff, 0xfe, 0x00, 0x03, 0x07, 0xff, 0xff, 0xc0, 0xfb, 0x00, 0x02, 0x0f, 0xff, 0xff, 0xfe, 0x00, 0x03, 0x07, 0xff, 0xff, 0x80, 0xfb,
  0x00, 0x02, 0x0f, 0xff, 0xff, 0xfe, 0x00, 0x03, 0x07, 0xff, 0xff, 0x80, 0xfb, 0x00, 0x02, 0x0f, 0xff, 0xff, 0xfe, 0x00, 0x03, 0x03, 0xff, 0xff,
  0x80, 0xfb, 0x00, 0x08, 0x07, 0xff, 0xff, 0x03, 0x00, 0x0e, 0x03, 0xff, 0xff, 0xfa, 0x00, 0x08, 0x07, 0xff, 0xfe, 0x07, 0xc0, 0x1f, 0x03, 0xff,
  0xfe, 0xfa, 0x00, 0x08, 0x03, 0xff, 0xfe, 0x07, 0xfd, 0x7f, 0x01, 0xff, 0xfe, 0xfa, 0x00, 0x08, 0x01, 0xff, 0xfc, 0x07, 0xff, 0xff, 0x00, 0xff,
  0xfc, 0xf9, 0x00, 0x07, 0x7f, 0xf8, 0x07, 0xff, 0xff, 0x00, 0x7f, 0xf0, 0xf9, 0x00, 0x04, 0x0f, 0x00, 0x03, 0xff, 0xfe, 0xf4, 0x00, 0x02, 0x01,
  0xff, 0xfc, 0xf3, 0x00, 0x01, 0x7f, 0xf0, 0xf3, 0x00, 0x00, 0x06, 0x81, 0x00, 0x81, 0x00, 0xb9, 0x00, 0x81, 0x00, 0xcd, 0x00, 0x01, 0x0f, 0xc0,
  0xfe, 0x00, 0x02, 0x40, 0x3f, 0xf8, 0xf9, 0x00, 0x01, 0xff, 0xf0, 0xfe, 0x00, 0x02, 0x11, 0xff, 0xfc, 0xfa, 0x00, 0x02, 0x03, 0xff, 0xfc, 0xfe,
  0x00, 0x02, 0x0f, 0xff, 0xff, 0xfa, 0x00, 0x02, 0x07, 0xff, 0xfe, 0xfe, 0x00, 0x02, 0x07, 0xff, 0xff, 0xfa, 0x00, 0x02, 0x07, 0xff, 0xfe, 0xfe,
  0x00, 0x03, 0x07, 0xff, 0xff, 0x80, 0xfb, 0x00, 0x02, 0x0f, 0xff, 0xff, 0xfe, 0x00, 0x03, 0x07, 0xff, 0xff, 0x80, 0xfb, 0x00, 0x02, 0x0f, 0xff,
  0xff, 0xfe, 0x00, 0x03, 0x07, 0xff, 0xff, 0xc0, 0xfb, 0x00, 0x02, 0x1f, 0xff, 0xff, 0xfe, 0x00, 0x03, 0x07, 0xff, 0xff, 0xc0, 0xfb, 0x00, 0x02,
  0x1f, 0xff, 0xff, 0xfe, 0x00, 0x03, 0x07, 0xff, 0xff, 0xc0, 0xfb, 0x00, 0x02, 0x1f, 0xff, 0xff, 0xfe, 0x00, 0x03, 0x07, 0xff, 0xff, 0xc0, 0xfb,
  0x00, 0x02, 0x1f, 0xff, 0xff, 0xfe, 0x00, 0x03, 0x07, 0xff, 0xff, 0xc0, 0xfb, 0x00, 0x02, 0x1f, 0xff, 0xff, 0xfe, 0x00, 0x03, 0x07, 0xff, 0xff,
  0xe0, 0xfb, 0x00, 0x02, 0x1f, 0xff, 0xff, 0xfe, 0x00, 0x03, 0x07, 0xff, 0xff, 0xe0, 0xfb, 0x00, 0x02, 0x1f, 0xff, 0xff, 0xfe, 0x00, 0x03, 0x07,
  0xff, 0xff, 0xf8, 0xfb, 0x00, 0x02, 0x1f, 0xff, 0xff, 0xfe, 0x00, 0x03, 0x07, 0xff, 0xff, 0xfe, 0xfb, 0x00, 0x02, 0x1f, 0xff, 0xff, 0xfe, 0x00,
  0x00, 0x07, 0xfe, 0xff, 0x00, 0x80, 0xfc, 0x00, 0x02, 0x1f, 0xff, 0xff, 0xfe, 0x00, 0x00, 0x07, 0xfe, 0xff, 0x00, 0xc0, 0xfc, 0x00, 0x02, 0x1f,
  0xff, 0xff, 0xfe, 0x00, 0x00, 0x07, 0xfe, 0xff, 0x00, 0xf0, 0xfc, 0x00, 0x02, 0x1f, 0xff, 0xff, 0xfe, 0x00, 0x04, 0x07, 0xff, 0xff, 0xdf, 0xf8,
  0xfc, 0x00, 0x02, 0x1f, 0xff, 0xff, 0xfe, 0x00, 0x04, 0x07, 0xff, 0xff, 0xc3, 0xfc, 0xfc, 0x00, 0x02, 0x0f, 0xff, 0xff, 0xfe, 0x00, 0x04, 0x03,
  0xff, 0xff, 0xc1, 0xfc, 0xfc, 0x00, 0x02, 0x0f, 0xff, 0xff, 0xfe, 0x00, 0x04, 0x07, 0xff, 0xff, 0x80, 0xfc, 0xfc, 0x00, 0x02, 0x0f, 0xff, 0xff,
  0xfe, 0x00, 0x04, 0x03, 0xff, 0xff, 0x80, 0x1c, 0xfc, 0x00, 0x02, 0x0f, 0xff, 0xff, 0xfe, 0x00, 0x04, 0x03, 0xff, 0xff, 0x80, 0x0c, 0xfc, 0x00,
  0x08, 0x07, 0xff, 0xff, 0x01, 0x00, 0x0c, 0x03, 0xff, 0xff, 0xfa, 0x00, 0x08, 0x07, 0xff, 0xfe, 0x07, 0xc0, 0x1f, 0x03, 0xff, 0xfe, 0xfa, 0x00,
  0x08, 0x03, 0xff, 0xfe, 0x07, 0xf8, 0x7f, 0x01, 0xff, 0xfe, 0xfa, 0x00, 0x08, 0x03, 0xff, 0xfc, 0x07, 0xff, 0xff, 0x00, 0xff, 0xfc, 0xf9, 0x00,
  0x07, 0xff, 0xf8, 0x07, 0xff, 0xff, 0x00, 0x7f, 0xf0, 0xf9, 0x00, 0x04, 0x0f, 0x00, 0x03, 0xff, 0xfe, 0xf4, 0x00, 0x02, 0x01, 0xff, 0xfc, 0xf3,
  0x00, 0x01, 0x7f, 0xf0, 0xf3, 0x00, 0x00, 0x06, 0x81, 0x00, 0x81, 0x00, 0xb9, 0x00, 0x81, 0x00, 0xcd, 0x00, 0x01, 0x0f, 0xc0, 0xfd, 0x00, 0x01,
  0x3f, 0xf8, 0xf9, 0x00, 0x01, 0xff, 0xf0, 0xfd, 0x00, 0x01, 0xff, 0xfc, 0xfa, 0x00, 0x02, 0x03, 0xff, 0xfc, 0xfe, 0x00, 0x02, 0x03, 0xff, 0xfe,
  0xfa, 0x00, 0x02, 0x07, 0xff, 0xfe, 0xfe, 0x00, 0x02, 0x03, 0xff, 0xff, 0xfa, 0x00, 0x02, 0x07, 0xff, 0xfe, 0xfe, 0x00, 0x03, 0x03, 0xff, 0xff,
  0x80, 0xfb, 0x00, 0x02, 0x0f, 0xff, 0xff, 0xfe, 0x00, 0x03, 0x07, 0xff, 0xff, 0x80, 0xfb, 0x00, 0x02, 0x0f, 0xff, 0xff, 0xfe, 0x00, 0x03, 0x07,
  0xff, 0xff, 0xc0, 0xfb, 0x00, 0x02, 0x1f, 0xff, 0xff, 0xfe, 0x00, 0x03, 0x07, 0xff, 0xff, 0xc0, 0xfb, 0x00, 0x02, 0x1f, 0xff, 0xff, 0xfe, 0x00,
  0x03, 0x07, 0xff, 0xff, 0xc0, 0xfb, 0x00, 0x02, 0x1f, 0xff, 0xff, 0xfe, 0x00, 0x03, 0x07, 0xff, 0xff, 0xc0, 0xfb, 0x00, 0x02, 0x1f, 0xff, 0xff,
  0xfe, 0x00, 0x03, 0x07, 0xff, 0xff, 0xc0, 0xfb, 0x00, 0x02, 0x1f, 0xff, 0xff, 0xfe, 0x00, 0x03, 0x07, 0xff, 0xff, 0xc0, 0xfb, 0x00, 0x02, 0x1f,
  0xff, 0xff, 0xfe, 0x00, 0x03, 0x07, 0xff, 0xff, 0xc0, 0xfb, 0x00, 0x02, 0x1f, 0xff, 0xff, 0xfe, 0x00, 0x03, 0x07, 0xff, 0xff, 0xe0, 0xfb, 0x00,
  0x02, 0x1f, 0xff, 0xff, 0xfe, 0x00, 0x03, 0x07, 0xff, 0xff, 0xf0, 0xfb, 0x00, 0x02, 0x1f, 0xff, 0xff, 0xfe, 0x00, 0x03, 0x07, 0xff, 0xff, 0xfc,
  0xfb, 0x00, 0x02, 0x1f, 0xff, 0xff, 0xfe, 0x00, 0x00, 0x07, 0xfe, 0xff, 0xfb, 0x00, 0x02, 0x1f, 0xff, 0xff, 0xfe, 0x00, 0x04, 0x07, 0xff, 0xff,
  0xc7, 0xc0, 0xfc, 0x00, 0x02, 0x1f, 0xff, 0xff, 0xfe, 0x00, 0x04, 0x07, 0xff, 0xff, 0xc3, 0xf0, 0xfc, 0x00, 0x02, 0x1f, 0xff, 0xff, 0xfe, 0x00,
  0x04, 0x07, 0xff, 0xff, 0xc0, 0xfc, 0xfc, 0x00, 0x02, 0x0f, 0xff, 0xff, 0xfe, 0x00, 0x04, 0x07, 0xff, 0xff, 0xc0, 0x7c, 0xfc, 0x00, 0x02, 0x0f,
  0xff, 0xff, 0xfe, 0x00, 0x04, 0x07, 0xff, 0xff, 0x80, 0x3c, 0xfc, 0x00, 0x02, 0x0f, 0xff, 0xff, 0xfe, 0x00, 0x04, 0x03, 0xff, 0xff, 0x80, 0x1c,
  0xfc, 0x00, 0x02, 0x0f, 0xff, 0xff, 0xfe, 0x00, 0x04, 0x03, 0xff, 0xff, 0x80, 0x04, 0xfc, 0x00, 0x08, 0x07, 0xff, 0xff, 0x01, 0x00, 0x0c, 0x03,
  0xff, 0xff, 0xfa, 0x00, 0x08, 0x07, 0xff, 0xfe, 0x07, 0xc0, 0x1f, 0x03, 0xff, 0xff, 0xfa, 0x00, 0x08, 0x03, 0xff, 0xfe, 0x07, 0xf8, 0x7f, 0x01,
  0xff, 0xfe, 0xfa, 0x00, 0x08, 0x03, 0xff, 0xfc, 0x07, 0xff, 0xff, 0x00, 0xff, 0xfc, 0xf9, 0x00, 0x07, 0xff, 0xf8, 0x07, 0xff, 0xff, 0x00, 0x7f,
  0xf0, 0xf9, 0x00, 0x04, 0x1f, 0x80, 0x03, 0xff, 0xfe, 0xf4, 0x00, 0x02, 0x01, 0xff, 0xfc, 0xf3, 0x00, 0x01, 0x7f, 0xf0, 0xf3, 0x00, 0x00, 0x06,
  0x81, 0x00, 0x81, 0x00, 0xb9, 0x00, 0x81, 0x00, 0xcd, 0x00, 0x01, 0x0f, 0xc0, 0xfd, 0x00, 0x01, 0x3f, 0xf8, 0xf9, 0x00, 0x01, 0xff, 0xf0, 0xfd,
  0x00, 0x01, 0xff, 0xfc, 0xfa, 0x00, 0x02, 0x03, 0xff, 0xfc, 0xfe, 0x00, 0x02, 0x01, 0xff, 0xfe, 0xfa, 0x00, 0x02, 0x07, 0xff, 0xfe, 0xfe, 0x00,
  0x02, 0x03, 0xff, 0xff, 0xfa, 0x00, 0x02, 0x07, 0xff, 0xfe, 0xfe, 0x00, 0x03, 0x03, 0xff, 0xff, 0x80, 0xfb, 0x00, 0x02, 0x0f, 0xff, 0xff, 0xfe,
  0x00, 0x03, 0x07, 0xff, 0xff, 0x80, 0xfb, 0x00, 0x02, 0x0f, 0xff, 0xff, 0xfe, 0x00, 0x03, 0x07, 0xff, 0xff, 0xc0, 0xfb, 0x00, 0x02, 0x1f, 0xff,
  0xff, 0xfe, 0x00, 0x03, 0x07, 0xff, 0xff, 0xc0, 0xfb, 0x00, 0x02, 0x1f, 0xff, 0xff, 0xfe, 0x00, 0x03, 0x07, 0xff, 0xff, 0xc0, 0xfb, 0x00, 0x02,
  0x1f, 0xff, 0xff, 0xfe, 0x00, 0x03, 0x07, 0xff, 0xff, 0xc0, 0xfb, 0x00, 0x02, 0x1f, 0xff, 0xff, 0xfe, 0x00, 0x03, 0x07, 0xff, 0xff, 0xc0, 0xfb,
  0x00, 0x02, 0x1f, 0xff, 0xff, 0xfe, 0x00, 0x03, 0x07, 0xff, 0xff, 0xc0, 0xfb, 0x00, 0x02, 0x1f, 0xff, 0xff, 0xfe, 0x00, 0x03, 0x07, 0xff, 0xff,
  0xc0, 0xfb, 0x00, 0x02, 0x1f, 0xff, 0xff, 0xfe, 0x00, 0x03, 0x07, 0xff, 0xff, 0xc0, 0xfb, 0x00, 0x02, 0x1f, 0xff, 0xff, 0xfe, 0x00, 0x03, 0x07,
  0xff, 0xff, 0xc0, 0xfb, 0x00, 0x02, 0x1f, 0xff, 0xff, 0xfe, 0x00, 0x03, 0x07, 0xff, 0xff, 0xc0, 0xfb, 0x00, 0x02, 0x1f, 0xff, 0xff, 0xfe, 0x00,
  0x03, 0x07, 0xff, 0xff, 0xc0, 0xfb, 0x00, 0x02, 0x1f, 0xff, 0xff, 0xfe, 0x00, 0x03, 0x07, 0xff, 0xff, 0xc0, 0xfb, 0x00, 0x02, 0x1f, 0xff, 0xff,
  0xfe, 0x00, 0x03, 0x07, 0xff, 0xff, 0xc0, 0xfb, 0x00, 0x02, 0x1f, 0xff, 0xff, 0xfe, 0x00, 0x03, 0x07, 0xff, 0xff, 0xc0, 0xfb, 0x00, 0x02, 0x0f,
  0xff, 0xff, 0xfe, 0x00, 0x03, 0x07, 0xff, 0xff, 0xc0, 0xfb, 0x00, 0x02, 0x0f, 0xff, 0xff, 0xfe, 0x00, 0x03, 0x07, 0xff, 0xff, 0x80, 0xfb, 0x00,
  0x02, 0x0f, 0xff, 0xff, 0xfe, 0x00, 0x03, 0x03, 0xff, 0xff, 0x80, 0xfb, 0x00, 0x02, 0x0f, 0xff, 0xff, 0xfe, 0x00, 0x03, 0x03, 0xff, 0xff, 0x80,
  0xfb, 0x00, 0x08, 0x07, 0xff, 0xff, 0x01, 0x00, 0x0c, 0x03, 0xff, 0xff, 0xfa, 0x00, 0x08, 0x07, 0xff, 0xfe, 0x07, 0xc0, 0x1f, 0x03, 0xff, 0xff,
  0xfa, 0x00, 0x08, 0x03, 0xff, 0xfe, 0x07, 0xf8, 0x7f, 0x01, 0xff, 0xfe, 0xfa, 0x00, 0x08, 0x03, 0xff, 0xfc, 0x07, 0xff, 0xff, 0x00, 0xff, 0xfc,
  0xf9, 0x00, 0x07, 0xff, 0xf8, 0x07, 0xff, 0xff, 0x00, 0x7f, 0xf0, 0xf9, 0x00, 0x04, 0x1f, 0x80, 0x03, 0xff, 0xfe, 0xf4, 0x00, 0x02, 0x01, 0xff,
  0xfc, 0xf3, 0x00, 0x01, 0x7f, 0xf0, 0xf3, 0x00, 0x00, 0x06, 0x81, 0x00, 0x81, 0x00, 0xb9, 0x00, 0x81, 0x00, 0xcd, 0x00, 0x01, 0x0f, 0xc0, 0xfd,
  0x00, 0x01, 0x3f, 0xf8, 0xf9, 0x00, 0x01, 0xff, 0xf0, 0xfd, 0x00, 0x01, 0xff, 0xfc, 0xfa, 0x00, 0x02, 0x03, 0xff, 0xfc, 0xfe, 0x00, 0x02, 0x01,
  0xff, 0xfe, 0xfa, 0x00, 0x02, 0x07, 0xff, 0xfe, 0xfe, 0x00, 0x02, 0x03, 0xff, 0xff, 0xfa, 0x00, 0x02, 0x07, 0xff, 0xfe, 0xfe, 0x00, 0x03, 0x03,
  0xff, 0xff, 0x80, 0xfb, 0x00, 0x02, 0x0f, 0xff, 0xff, 0xfe, 0x00, 0x03, 0x07, 0xff, 0xff, 0x80, 0xfb, 0x00, 0x02, 0x0f, 0xff, 0xff, 0xfe, 0x00,
  0x03, 0x07, 0xff, 0xff, 0xc0, 0xfb, 0x00, 0x02, 0x1f, 0xff, 0xff, 0xfe, 0x00, 0x03, 0x07, 0xff, 0xff, 0xc0, 0xfb, 0x00, 0x02, 0x1f, 0xff, 0xff,
  0xfe, 0x00, 0x03, 0x07, 0xff, 0xff, 0xc0, 0xfb, 0x00, 0x02, 0x1f, 0xff, 0xff, 0xfe, 0x00, 0x03, 0x07, 0xff, 0xff, 0xc0, 0xfb, 0x00, 0x02, 0x1f,
  0xff, 0xff, 0xfe, 0x00, 0x03, 0x07, 0xff, 0xff, 0xc0, 0xfb, 0x00, 0x02, 0x1f, 0xff, 0xff, 0xfe, 0x00, 0x03, 0x07, 0xff, 0xff, 0xc0, 0xfb, 0x00,
  0x02, 0x1f, 0xff, 0xff, 0xfe, 0x00, 0x03, 0x07, 0xff, 0xff, 0xc0, 0xfb, 0x00, 0x02, 0x1f, 0xff, 0xff, 0xfe, 0x00, 0x03, 0x07, 0xff, 0xff, 0xc0,
  0xfb, 0x00, 0x02, 0x1f, 0xff, 0xff, 0xfe, 0x00, 0x03, 0x07, 0xff, 0xff, 0xc0, 0xfb, 0x00, 0x02, 0x1f, 0xff, 0xff, 0xfe, 0x00, 0x03, 0x07, 0xff,
  0xff, 0xc0, 0xfb, 0x00, 0x02, 0x1f, 0xff, 0xff, 0xfe, 0x00, 0x03, 0x07, 0xff, 0xff, 0xc0, 0xfb, 0x00, 0x02, 0x1f, 0xff, 0xff, 0xfe, 0x00, 0x03,
  0x07, 0xff, 0xff, 0xc0, 0xfb, 0x00, 0x02, 0x1f, 0xff, 0xff, 0xfe, 0x00, 0x03, 0x07, 0xff, 0xff, 0xc0, 0xfb, 0x00, 0x02, 0x1f, 0xff, 0xff, 0xfe,
  0x00, 0x03, 0x07, 0xff, 0xff, 0xc0, 0xfb, 0x00, 0x02, 0x0f, 0xff, 0xff, 0xfe, 0x00, 0x03, 0x07, 0xff, 0xff, 0xc0, 0xfb, 0x00, 0x02, 0x0f, 0xff,
  0xff, 0xfe, 0x00, 0x03, 0x07, 0xff, 0xff, 0x80, 0xfb, 0x00, 0x02, 0x0f, 0xff, 0xff, 0xfe, 0x00, 0x03, 0x03, 0xff, 0xff, 0x80, 0xfb, 0x00, 0x02,
  0x0f, 0xff, 0xff, 0xfe, 0x00, 0x03, 0x03, 0xff, 0xff, 0x80, 0xfb, 0x00, 0x08, 0x07, 0xff, 0xff, 0x01, 0x00, 0x04, 0x03, 0xff, 0xff, 0xfa, 0x00,
  0x08, 0x07, 0xff, 0xff, 0x07, 0xc0, 0x1f, 0x03, 0xff, 0xff, 0xfa, 0x00, 0x08, 0x03, 0xff, 0xfe, 0x07, 0xf8, 0x7f, 0x01, 0xff, 0xfe, 0xfa, 0x00,
  0x08, 0x03, 0xff, 0xfc, 0x07, 0xff, 0xff, 0x00, 0xff, 0xfc, 0xf9, 0x00, 0x07, 0x7f, 0xf8, 0x07, 0xff, 0xff, 0x00, 0x7f, 0xf0, 0xf9, 0x00, 0x04,
  0x1f, 0x80, 0x03, 0xff, 0xfe, 0xf4, 0x00, 0x02, 0x01, 0xff, 0xfc, 0xf3, 0x00, 0x01, 0x7f, 0xf0, 0xf3, 0x00, 0x00, 0x06, 0x81, 0x00, 0x81, 0x00,
  0xb9, 0x00, 0x81, 0x00, 0xcd, 0x00, 0x01, 0x0f, 0xc0, 0xfd, 0x00, 0x01, 0x3f, 0xf8, 0xf9, 0x00, 0x01, 0xff, 0xf0, 0xfd, 0x00, 0x01, 0xff, 0xfc,
  0xfa, 0x00, 0x02, 0x03, 0xff, 0xfc, 0xfe, 0x00, 0x02, 0x01, 0xff, 0xfe, 0xfa, 0x00, 0x02, 0x07, 0xff, 0xfe, 0xfe, 0x00, 0x02, 0x03, 0xff, 0xff,
  0xfa, 0x00, 0x02, 0x07, 0xff, 0xfe, 0xfe, 0x00, 0x03, 0x03, 0xff, 0xff, 0x80, 0xfb, 0x00, 0x02, 0x0f, 0xff, 0xff, 0xfe, 0x00, 0x03, 0x07, 0xff,
  0xff, 0x80, 0xfb, 0x00, 0x02, 0x0f, 0xff, 0xff, 0xfe, 0x00, 0x03, 0x07, 0xff, 0xff, 0xc0, 0xfb, 0x00, 0x02, 0x1f, 0xff, 0xff, 0xfe, 0x00, 0x03,
  0x07, 0xff, 0xff, 0xc0, 0xfb, 0x00, 0x02, 0x1f, 0xff, 0xff, 0xfe, 0x00, 0x03, 0x07, 0xff, 0xff, 0xc0, 0xfb, 0x00, 0x02, 0x1f, 0xff, 0xff, 0xfe,
  0x00, 0x03, 0x07, 0xff, 0xff, 0xc0, 0xfb, 0x00, 0x02, 0x1f, 0xff, 0xff, 0xfe, 0x00, 0x03, 0x07, 0xff, 0xff, 0xc0, 0xfb, 0x00, 0x02, 0x1f, 0xff,
  0xff, 0xfe, 0x00, 0x03, 0x07, 0xff, 0xff, 0xc0, 0xfb, 0x00, 0x02, 0x1f, 0xff, 0xff, 0xfe, 0x00, 0x03, 0x07, 0xff, 0xff, 0xc0, 0xfb, 0x00, 0x02,
  0x1f, 0xff, 0xff, 0xfe, 0x00, 0x03, 0x07, 0xff, 0xff, 0xc0, 0xfb, 0x00, 0x02, 0x1f, 0xff, 0xff, 0xfe, 0x00, 0x03, 0x07, 0xff, 0xff, 0xc0, 0xfb,
  0x00, 0x02, 0x1f, 0xff, 0xff, 0xfe, 0x00, 0x03, 0x07, 0xff, 0xff, 0xc0, 0xfb, 0x00, 0x02, 0x1f, 0xff, 0xff, 0xfe, 0x00, 0x03, 0x07, 0xff, 0xff,
  0xc0, 0xfb, 0x00, 0x02, 0x1f, 0xff, 0xff, 0xfe, 0x00, 0x03, 0x07, 0xff, 0xff, 0xc0, 0xfb, 0x00, 0x02, 0x1f, 0xff, 0xff, 0xfe, 0x00, 0x03, 0x07,
  0xff, 0xff, 0xc0, 0xfb, 0x00, 0x02, 0x0f, 0xff, 0xff, 0xfe, 0x00, 0x03, 0x07, 0xff, 0xff, 0xc0, 0xfb, 0x00, 0x02, 0x0f, 0xff, 0xff, 0xfe, 0x00,
  0x03, 0x07, 0xff, 0xff, 0xc0, 0xfb, 0x00, 0x02, 0x0f, 0xff, 0xff, 0xfe, 0x00, 0x03, 0x03, 0xff, 0xff, 0x80, 0xfb, 0x00, 0x02, 0x0f, 0xff, 0xff,
  0xfe, 0x00, 0x03, 0x03, 0xff, 0xff, 0x80, 0xfb, 0x00, 0x02, 0x0f, 0xff, 0xff, 0xfe, 0x00, 0x03, 0x03, 0xff, 0xff, 0x80, 0xfb, 0x00, 0x08, 0x07,
  0xff, 0xff, 0x01, 0x00, 0x04, 0x03, 0xff, 0xff, 0xfa, 0x00, 0x08, 0x07, 0xff, 0xfe, 0x07, 0xc0, 0x1f, 0x03, 0xff, 0xfe, 0xfa, 0x00, 0x08, 0x03,
  0xff, 0xfe, 0x07, 0xf8, 0x7f, 0x01, 0xff, 0xfe, 0xfa, 0x00, 0x08, 0x01, 0xff, 0xfc, 0x07, 0xff, 0xff, 0x00, 0xff, 0xfc, 0xf9, 0x00, 0x07, 0xff,
  0xf8, 0x07, 0xff, 0xff, 0x00, 0x7f, 0xf0, 0xf9, 0x00, 0x04, 0x1f, 0x80, 0x03, 0xff, 0xfe, 0xf4, 0x00, 0x02, 0x01, 0xff, 0xfc, 0xf3, 0x00, 0x01,
  0x7f, 0xf0, 0xf3, 0x00, 0x00, 0x06, 0x81, 0x00, 0x81, 0x00, 0xb9, 0x00, 0x81, 0x00, 0xcd, 0x00, 0x01, 0x0f, 0xe0, 0xfd, 0x00, 0x00, 0x03, 0xf8,
  0x00, 0x01, 0xff, 0xfc, 0xfd, 0x00, 0x01, 0x7f, 0xfc, 0xfa, 0x00, 0x02, 0x01, 0xff, 0xfe, 0xfe, 0x00, 0x02, 0x01, 0xff, 0xfe, 0xfa, 0x00, 0x02,
  0x03, 0xff, 0xff, 0xfe, 0x00, 0x02, 0x01, 0xff, 0xff, 0xfa, 0x00, 0x09, 0x07, 0xff, 0xff, 0x80, 0x00, 0x00, 0x03, 0xff, 0xff, 0x80, 0xfb, 0x00,
  0x09, 0x07, 0xff, 0xff, 0x80, 0x00, 0x00, 0x03, 0xff, 0xff, 0x80, 0xfb, 0x00, 0x09, 0x0f, 0xff, 0xff, 0x80, 0x00, 0x00, 0x03, 0xff, 0xff, 0xc0,
  0xfb, 0x00, 0x09, 0x0f, 0xff, 0xff, 0x80, 0x00, 0x00, 0x03, 0xff, 0xff, 0xc0, 0xfb, 0x00, 0x09, 0x0f, 0xff, 0xff, 0x80, 0x00, 0x00, 0x03, 0xff,
  0xff, 0xc0, 0xfb, 0x00, 0x09, 0x0f, 0xff, 0xff, 0x80, 0x00, 0x00, 0x03, 0xff, 0xff, 0xe0, 0xfb, 0x00, 0x09, 0x0f, 0xff, 0xff, 0x80, 0x00, 0x00,
  0x03, 0xff, 0xff, 0xe0, 0xfb, 0x00, 0x09, 0x0f, 0xff, 0xff, 0x80, 0x00, 0x00, 0x03, 0xff, 0xff, 0xe0, 0xfb, 0x00, 0x09, 0x1f, 0xff, 0xff, 0x80,
  0x00, 0x00, 0x03, 0xff, 0xff, 0xe0, 0xfb, 0x00, 0x09, 0x1f, 0xff, 0xff, 0xc0, 0x00, 0x00, 0x03, 0xff, 0xff, 0xe0, 0xfb, 0x00, 0x09, 0x1f, 0xff,
  0xff, 0xc0, 0x00, 0x00, 0x03, 0xff, 0xff, 0xf0, 0xfb, 0x00, 0x09, 0x1f, 0xff, 0xff, 0xc0, 0x00, 0x00, 0x03, 0xff, 0xff, 0xf0, 0xfb, 0x00, 0x09,
  0x1f, 0xff, 0xff, 0xc0, 0x00, 0x00, 0x03, 0xff, 0xff, 0xf0, 0xfb, 0x00, 0x09, 0x0f, 0xff, 0xff, 0xc0, 0x00, 0x00, 0x03, 0xff, 0xff, 0xe0, 0xfb,
  0x00, 0x09, 0x0f, 0xff, 0xff, 0xc0, 0x00, 0x00, 0x03, 0xff, 0xff, 0xe0, 0xfb, 0x00, 0x09, 0x0f, 0xff, 0xff, 0xc0, 0x00, 0x00, 0x03, 0xff, 0xff,
  0xe0, 0xfb, 0x00, 0x09, 0x0f, 0xff, 0xff, 0xc0, 0x00, 0x00, 0x03, 0xff, 0xff, 0xe0, 0xfb, 0x00, 0x09, 0x0f, 0xff, 0xff, 0xc0, 0x00, 0x00, 0x03,
  0xff, 0xff, 0xe0, 0xfb, 0x00, 0x09, 0x0f, 0xff, 0xff, 0x80, 0x00, 0x00, 0x03, 0xff, 0xff, 0xe0, 0xfb, 0x00, 0x09, 0x07, 0xff, 0xff, 0x80, 0x00,
  0x00, 0x03, 0xff, 0xff, 0xc0, 0xfb, 0x00, 0x09, 0x07, 0xff, 0xff, 0x80, 0x00, 0x00, 0x03, 0xff, 0xff, 0xc0, 0xfb, 0x00, 0x09, 0x03, 0xff, 0xff,
  0x80, 0x00, 0x00, 0x03, 0xff, 0xff, 0x80, 0xfb, 0x00, 0x02, 0x01, 0xff, 0xff, 0xfe, 0x00, 0x03, 0x01, 0xff, 0xff, 0x80, 0xfa, 0x00, 0x07, 0xff,
  0xff, 0x01, 0xf0, 0x3f, 0x00, 0xff, 0xff, 0xf9, 0x00, 0x07, 0x7f, 0xfe, 0x03, 0xff, 0xff, 0x00, 0xff, 0xfe, 0xf9, 0x00, 0x07, 0x0f, 0xf0, 0x03,
  0xff, 0xff, 0x00, 0x7f, 0xfc, 0xf7, 0x00, 0x05, 0x01, 0xff, 0xff, 0x00, 0x1f, 0xf0, 0xf7, 0x00, 0x02, 0x01, 0xff, 0xfe, 0xf3, 0x00, 0x01, 0xff,
  0xfc, 0xf3, 0x00, 0x01, 0x3f, 0xf0, 0x81, 0x00, 0x81, 0x00, 0xca, 0x00, 0x81, 0x00, 0xda, 0x00, 0x01, 0x03, 0xfe, 0xf6, 0x00, 0x04, 0x0f, 0xf8,
  0x7f, 0x07, 0xff, 0xf6, 0x00, 0x07, 0x3f, 0xfc, 0xff, 0x8f, 0xff, 0x80, 0x0f, 0xe0, 0xf9, 0x00, 0xfe, 0xff, 0x04, 0x8f, 0xff, 0x80, 0x7f, 0xfc,
  0xfa, 0x00, 0x00, 0x01, 0xfe, 0xff, 0x04, 0x8f, 0xff, 0xc0, 0xff, 0xff, 0xfa, 0x00, 0x00, 0x03, 0xfe, 0xff, 0x05, 0x8f, 0xff, 0xc1, 0xff, 0xff,
  0x80, 0xfb, 0x00, 0x00, 0x03, 0xfe, 0xff, 0x05, 0x8f, 0xff, 0xc1, 0xff, 0xff, 0xc0, 0xfb, 0x00, 0x00, 0x07, 0xfe, 0xff, 0x05, 0x8f, 0xff, 0xc1,
  0xff, 0xff, 0xe0, 0xfb, 0x00, 0x00, 0x07, 0xfe, 0xff, 0x05, 0xcf, 0xff, 0xc1, 0xff, 0xff, 0xf0, 0xfb, 0x00, 0x00, 0x07, 0xfe, 0xff, 0x05, 0xcf,
  0xff, 0xc1, 0xff, 0xff, 0xf0, 0xfb, 0x00, 0x00, 0x07, 0xfe, 0xff, 0x05, 0xcf, 0xff, 0xc1, 0xff, 0xff, 0xf8, 0xfb, 0x00, 0x00, 0x0f, 0xfe, 0xff,
  0x05, 0xcf, 0xff, 0xc1, 0xff, 0xff, 0xf8, 0xfb, 0x00, 0x00, 0x0f, 0xfe, 0xff, 0x05, 0xcf, 0xff, 0xc1, 0xff, 0xff, 0xf8, 0xfb, 0x00, 0x00, 0x0f,
  0xfe, 0xff, 0x05, 0xcf, 0xff, 0xc1, 0xff, 0xff, 0xf8, 0xfb, 0x00, 0x00, 0x0f, 0xfe, 0xff, 0x05, 0xcf, 0xff, 0xc1, 0xff, 0xff, 0xf8, 0xfb, 0x00,
  0x00, 0x0f, 0xfe, 0xff, 0x05, 0xcf, 0xff, 0xc1, 0xff, 0xff, 0xf8, 0xfb, 0x00, 0x00, 0x0f, 0xfe, 0xff, 0x05, 0xcf, 0xff, 0xc1, 0xff, 0xff, 0xf8,
  0xfb, 0x00, 0x00, 0x0f, 0xfe, 0xff, 0x05, 0xcf, 0xff, 0xc1, 0xff, 0xff, 0xf8, 0xfb, 0x00, 0x00, 0x0f, 0xfe, 0xff, 0x05, 0xcf, 0xff, 0xc1, 0xff,
  0xff, 0xf8, 0xfb, 0x00, 0x00, 0x07, 0xfe, 0xff, 0x05, 0xcf, 0xff, 0xc1, 0xff, 0xff, 0xf8, 0xfb, 0x00, 0x00, 0x07, 0xfe, 0xff, 0x05, 0xcf, 0xff,
  0xc1, 0xff, 0xff, 0xf8, 0xfb, 0x00, 0x00, 0x07, 0xfe, 0xff, 0x05, 0xcf, 0xff, 0x81, 0xff, 0xff, 0xf8, 0xfb, 0x00, 0x00, 0x07, 0xfe, 0xff, 0x05,
  0xcf, 0xff, 0x81, 0xff, 0xff, 0xf8, 0xfb, 0x00, 0x00, 0x07, 0xfe, 0xff, 0x05, 0xcf, 0xff, 0x81, 0xff, 0xff, 0xf0, 0xfb, 0x00, 0x00, 0x03, 0xfe,
  0xff, 0x05, 0xcf, 0xff, 0x01, 0xff, 0xff, 0xf0, 0xfb, 0x00, 0x00, 0x03, 0xfe, 0xff, 0x05, 0x8f, 0xff, 0x01, 0xff, 0xff, 0xf0, 0xfb, 0x00, 0x00,
  0x03, 0xfe, 0xff, 0x05, 0x8f, 0xff, 0x01, 0xff, 0xff, 0xf0, 0xfb, 0x00, 0x00, 0x01, 0xfe, 0xff, 0x05, 0xdf, 0xfe, 0x01, 0xff, 0xff, 0xe0, 0xfa,
  0x00, 0xfc, 0xff, 0x03, 0x00, 0xff, 0xff, 0xe0, 0xfa, 0x00, 0x00, 0x7f, 0xfd, 0xff, 0x03, 0x00, 0xff, 0xff, 0xc0, 0xfa, 0x00, 0x01, 0x03, 0xf9,
  0xfe, 0xff, 0x03, 0x00, 0x7f, 0xfd, 0xc0, 0xf8, 0x00, 0xfe, 0xff, 0x03, 0x00, 0x7f, 0xf9, 0x80, 0xf8, 0x00, 0x05, 0x3f, 0xff, 0xff, 0x00, 0x7f,
  0xf9, 0xf6, 0x00, 0x04, 0x7f, 0xff, 0xfe, 0x7b, 0xf8, 0xf6, 0x00, 0x04, 0x1f, 0xff, 0xff, 0x7b, 0xf0, 0xf6, 0x00, 0x04, 0x01, 0xff, 0xff, 0x78,
  0x80, 0xf6, 0x00, 0x02, 0x03, 0xff, 0xff, 0xf4, 0x00, 0x02, 0x03, 0xff, 0xff, 0xf4, 0x00, 0x02, 0x01, 0xff, 0xff, 0xf3, 0x00, 0x01, 0xff, 0xfe,
  0xf3, 0x00, 0x01, 0x7f, 0xfe, 0xf3, 0x00, 0x01, 0x1f, 0xfc, 0xf3, 0x00, 0x01, 0x07, 0xf0, 0x81, 0x00, 0xcb, 0x00, 0xa9, 0x00, 0x00, 0x7f, 0xf2,
  0x00, 0x01, 0xff, 0xe0, 0xf4, 0x00, 0x02, 0x01, 0xff, 0xf8, 0xf4, 0x00, 0x02, 0x03, 0xff, 0xf8, 0xf4, 0x00, 0x02, 0x03, 0xff, 0xfc, 0xf4, 0x00,
  0x02, 0x03, 0xff, 0xfc, 0xf4, 0x00, 0x02, 0x07, 0xff, 0xfe, 0xf4, 0x00, 0x02, 0x07, 0xff, 0xfe, 0xf4, 0x00, 0x02, 0x07, 0xff, 0xfe, 0xf4, 0x00,
  0x05, 0x07, 0xff, 0xfe, 0x00, 0x01, 0xe0, 0xf7, 0x00, 0x05, 0x07, 0xff, 0xfe, 0x00, 0x03, 0xf8, 0xf7, 0x00, 0x05, 0x07, 0xff, 0xfe, 0x00, 0x03,
  0xfc, 0xf7, 0x00, 0x05, 0x07, 0xff, 0xfe, 0x00, 0x03, 0xfc, 0xf7, 0x00, 0x05, 0x07, 0xff, 0xfe, 0x00, 0x03, 0xfe, 0xf7, 0x00, 0x05, 0x07, 0xff,
  0xfe, 0x00, 0x03, 0xfe, 0xf7, 0x00, 0x05, 0x07, 0xff, 0xfe, 0x00, 0x03, 0xff, 0xf7, 0x00, 0x05, 0x0f, 0xff, 0xfe, 0x00, 0x03, 0xff, 0xf7, 0x00,
  0x05, 0x0f, 0xff, 0xfe, 0x00, 0x03, 0xff, 0xf7, 0x00, 0x05, 0x0f, 0xff, 0xfc, 0x00, 0x07, 0xff, 0xf7, 0x00, 0x06, 0x0f, 0xff, 0xfc, 0x00, 0x07,
  0xff, 0x80, 0xf8, 0x00, 0x06, 0x0f, 0xff, 0xfc, 0x00, 0x07, 0xff, 0x80, 0xf8, 0x00, 0x05, 0x0f, 0xff, 0xfc, 0x00, 0x07, 0xff, 0xf7, 0x00, 0x05,
  0x0f, 0xff, 0xf8, 0x00, 0x07, 0xff, 0xf7, 0x00, 0x05, 0x0f, 0xff, 0xf8, 0x00, 0x07, 0xff, 0xf7, 0x00, 0x05, 0x1f, 0xff, 0xf8, 0x00, 0x07, 0xff,
  0xf7, 0x00, 0x05, 0x1f, 0xff, 0xf0, 0x00, 0x0f, 0xff, 0xf7, 0x00, 0x05, 0x1f, 0xff, 0xf0, 0x00, 0x0f, 0xff, 0xf7, 0x00, 0x05, 0x1f, 0xff, 0xe0,
  0x00, 0x0f, 0xfe, 0xf7, 0x00, 0x05, 0x1f, 0xff, 0xe0, 0x00, 0x0f, 0xfe, 0xf7, 0x00, 0x05, 0x1f, 0xff, 0xe0, 0x00, 0x0f, 0xfe, 0xf7, 0x00, 0x05,
  0x1f, 0xff, 0xc0, 0x00, 0x0f, 0xfc, 0xf7, 0x00, 0x05, 0x1f, 0xff, 0x80, 0x00, 0x1f, 0xfc, 0xf7, 0x00, 0x05, 0x0f, 0xff, 0x80, 0x00, 0x1f, 0xf8,
  0xf7, 0x00, 0x05, 0x0f, 0xfe, 0x00, 0x78, 0x1f, 0xf8, 0xf7, 0x00, 0x05, 0x01, 0xf8, 0x01, 0xfc, 0x1f, 0xf8, 0xf5, 0x00, 0x03, 0x07, 0xfe, 0x1f,
  0xf0, 0xf5, 0x00, 0x03, 0x0f, 0xfe, 0x1f, 0xf0, 0xf5, 0x00, 0x03, 0x1f, 0xfe, 0x1f, 0xe0, 0xf5, 0x00, 0x03, 0x3f, 0xfe, 0x1f, 0xc0, 0xf5, 0x00,
  0x03, 0x7f, 0xfe, 0x0f, 0x80, 0xf5, 0x00, 0x01, 0x7f, 0xfe, 0xf3, 0x00, 0x01, 0xff, 0xfc, 0xf3, 0x00, 0x01, 0xff, 0xfc, 0xf4, 0x00, 0x02, 0x01,
  0xff, 0xf8, 0xf4, 0x00, 0x02, 0x01, 0xff, 0xf8, 0xf3, 0x00, 0x01, 0xff, 0xf0, 0xf3, 0x00, 0x01, 0xff, 0xf0, 0xf3, 0x00, 0x01, 0x7f, 0xe0, 0xf3,
  0x00, 0x01, 0x7f, 0xe0, 0xf3, 0x00, 0x01, 0x1f, 0xc0, 0xf3, 0x00, 0x00, 0x07, 0x81, 0x00, 0xfb, 0x00, 0xaa, 0x00, 0x01, 0x0f, 0xff, 0xf3, 0x00,
  0x02, 0x3f, 0xff, 0xe0, 0xf4, 0x00, 0x02, 0x3f, 0xff, 0xf0, 0xf4, 0x00, 0x02, 0x7f, 0xff, 0xf8, 0xf4, 0x00, 0x02, 0xff, 0xff, 0xfc, 0xf4, 0x00,
  0x02, 0xff, 0xff, 0xfc, 0xf4, 0x00, 0x02, 0xff, 0xff, 0xfe, 0xf4, 0x00, 0x02, 0xff, 0xff, 0xfe, 0xf4, 0x00, 0x02, 0xff, 0xff, 0xfe, 0xf4, 0x00,
  0x05, 0xff, 0xff, 0xfe, 0x00, 0x0f, 0xe0, 0xf7, 0x00, 0x05, 0xff, 0xff, 0xfe, 0x00, 0x3f, 0xf0, 0xf8, 0x00, 0x06, 0x01, 0xff, 0xff, 0xfe, 0x00,
  0x3f, 0xf8, 0xf8, 0x00, 0x06, 0x01, 0xff, 0xff, 0xfe, 0x00, 0x3f, 0xfc, 0xf8, 0x00, 0x06, 0x01, 0xff, 0xff, 0xfe, 0x00, 0x3f, 0xfe, 0xf8, 0x00,
  0x06, 0x01, 0xff, 0xff, 0xfe, 0x00, 0x3f, 0xfe, 0xf8, 0x00, 0x06, 0x01, 0xff, 0xff, 0xfe, 0x00, 0x3f, 0xff, 0xf8, 0x00, 0x06, 0x01, 0xff, 0xff,
  0xfc, 0x00, 0x3f, 0xff, 0xf8, 0x00, 0x06, 0x01, 0xff, 0xff, 0xfc, 0x00, 0x3f, 0xff, 0xf8, 0x00, 0x06, 0x01, 0xff, 0xff, 0xfc, 0x00, 0x3f, 0xff,
  0xf8, 0x00, 0x06, 0x01, 0xff, 0xff, 0xfc, 0x00, 0x3f, 0xff, 0xf8, 0x00, 0x06, 0x01, 0xff, 0xff, 0xfc, 0x00, 0x3f, 0xff, 0xf8, 0x00, 0x06, 0x01,
  0xff, 0xff, 0xf8, 0x00, 0x3f, 0xff, 0xf8, 0x00, 0x06, 0x01, 0xff, 0xff, 0xf8, 0x00, 0x3f, 0xff, 0xf8, 0x00, 0x06, 0x01, 0xff, 0xff, 0xf8, 0x00,
  0x3f, 0xff, 0xf8, 0x00, 0x06, 0x01, 0xff, 0xff, 0xf8, 0x00, 0x3f, 0xfe, 0xf8, 0x00, 0x06, 0x01, 0xff, 0xff, 0xf0, 0x00, 0x7f, 0xfe, 0xf8, 0x00,
  0x06, 0x01, 0xff, 0xff, 0xf0, 0x00, 0x7f, 0xfe, 0xf8, 0x00, 0x06, 0x01, 0xff, 0xff, 0xe0, 0x00, 0x7f, 0xfe, 0xf8, 0x00, 0x06, 0x01, 0xff, 0xff,
  0xe0, 0x00, 0x7f, 0xfe, 0xf7, 0x00, 0x05, 0xff, 0xff, 0xc0, 0x00, 0x7f, 0xfc, 0xf7, 0x00, 0x05, 0xff, 0xff, 0xc0, 0x00, 0xff, 0xfc, 0xf7, 0x00,
  0x05, 0x7f, 0xff, 0x80, 0x00, 0xff, 0xfc, 0xf7, 0x00, 0x05, 0x1f, 0xff, 0x80, 0x00, 0xff, 0xf8, 0xf7, 0x00, 0x05, 0x07, 0xfe, 0x00, 0x00, 0xff,
  0xf8, 0xf7, 0x00, 0x05, 0x01, 0xf0, 0x07, 0xf8, 0xff, 0xf8, 0xf5, 0x00, 0x03, 0x3f, 0xfc, 0xff, 0xf0, 0xf5, 0x00, 0x03, 0xff, 0xfe, 0xff, 0xe0,
  0xf6, 0x00, 0x04, 0x01, 0xff, 0xfe, 0x7f, 0xe0, 0xf6, 0x00, 0x04, 0x03, 0xff, 0xfe, 0x7f, 0xc0, 0xf6, 0x00, 0x04, 0x07, 0xff, 0xfe, 0x0f, 0x80,
  0xf6, 0x00, 0x02, 0x0f, 0xff, 0xfe, 0xf4, 0x00, 0x02, 0x0f, 0xff, 0xfc, 0xf4, 0x00, 0x02, 0x0f, 0xff, 0xfc, 0xf4, 0x00, 0x02, 0x0f, 0xff, 0xf8,
  0xf4, 0x00, 0x02, 0x0f, 0xff, 0xf8, 0xf4, 0x00, 0x02, 0x07, 0xff, 0xf0, 0xf4, 0x00, 0x02, 0x03, 0xff, 0xf0, 0xf4, 0x00, 0x02, 0x01, 0xff, 0xe0,
  0xf3, 0x00, 0x01, 0x7f, 0xe0, 0xf3, 0x00, 0x01, 0x1f, 0x80, 0x81, 0x00, 0xec, 0x00,
};
