// proud.gif: 75 frames, 15 fps, 128x64 1-bit
// Each frame: 1024 bytes (16 per row, MSB = left pixel), PackBits-compressed.
#pragma once

#define ANIM_PROUD_FRAMES 75
#define ANIM_PROUD_FPS 15

const uint8_t anim_proud[] PROGMEM = {
  0x81, 0x00, 0xdd, 0x00, 0x01, 0x7f, 0xe0, 0xfd, 0x00, 0x01, 0x7f, 0xf8, 0xfa, 0x00, 0x02, 0x01, 0xff, 0xf8, 0xfd, 0x00, 0x01, 0xff, 0xfe, 0xfa,
  0x00, 0x02, 0x03, 0xff, 0xfc, 0xfe, 0x00, 0x02, 0x01, 0xff, 0xff, 0xfa, 0x00, 0x02, 0x07, 0xff, 0xfe, 0xfe, 0x00, 0x03, 0x03, 0xff, 0xff, 0x80,
  0xfb, 0x00, 0x02, 0x0f, 0xff, 0xff, 0xfe, 0x00, 0x03, 0x03, 0xff, 0xff, 0x80, 0xfb, 0x00, 0x02, 0x0f, 0xff, 0xff, 0xfe, 0x00, 0x03, 0x07, 0xff,
  0xff, 0x80, 0xfb, 0x00, 0x02, 0x0f, 0xff, 0xff, 0xfe, 0x00, 0x03, 0x07, 0xff, 0xff, 0xc0, 0xfb, 0x00, 0x02, 0x1f, 0xff, 0xff, 0xfe, 0x00, 0x03,
  0x07, 0xff, 0xff, 0xc0, 0xfb, 0x00, 0x02, 0x1f, 0xff, 0xff, 0xfe, 0x00, 0x03, 0x07, 0xff, 0xff, 0xc0, 0xfb, 0x00, 0x02, 0x1f, 0xff, 0xff, 0xfe,
  0x00, 0x03, 0x07, 0xff, 0xff, 0xc0, 0xfb, 0x00, 0x02, 0x1f, 0xff, 0xff, 0xfe, 0x00, 0x03, 0x07, 0xff, 0xff, 0xc0, 0xfb, 0x00, 0x02, 0x1f, 0xff,
  0xff, 0xfe, 0x00, 0x03, 0x07, 0xff, 0xff, 0xc0, 0xfb, 0x00, 0x02, 0x1f, 0xff, 0xff, 0xfe, 0x00, 0x03, 0x07, 0xff, 0xff, 0xe0, 0xfb, 0x00, 0x02,
  0x1f, 0xff, 0xff, 0xfe, 0x00, 0x03, 0x03, 0xff, 0xff, 0xc0, 0xfb, 0x00, 0x02, 0x1f, 0xff, 0xff, 0xfe, 0x00, 0x03, 0x03, 0xff, 0xff, 0xc0, 0xfb,
  0x00, 0x02, 0x1f, 0xff, 0xff, 0xfe, 0x00, 0x03, 0x03, 0xff, 0xff, 0xc0, 0xfb, 0x00, 0x02, 0x1f, 0xff, 0xff, 0xfe, 0x00, 0x03, 0x03, 0xff, 0xff,
  0xc0, 0xfb, 0x00, 0x02, 0x1f, 0xff, 0xff, 0xfe, 0x00, 0x03, 0x03, 0xff, 0xff, 0xc0, 0xfb, 0x00, 0x02, 0x1f, 0xff, 0xff, 0xfe, 0x00, 0x03, 0x03,
  0xff, 0xff, 0xc0, 0xfb, 0x00, 0x02, 0x0f, 0xff, 0xff, 0xfe, 0x00, 0x03, 0x03, 0xff, 0xff, 0xc0, 0xfb, 0x00, 0x02, 0x0f, 0xff, 0xff, 0xfe, 0x00,
  0x03, 0x03, 0xff, 0xff, 0xc0, 0xfb, 0x00, 0x02, 0x0f, 0xff, 0xff, 0xfe, 0x00, 0x03, 0x03, 0xff, 0xff, 0xc0, 0xfb, 0x00, 0x02, 0x0f, 0xff, 0xff,
  0xfe, 0x00, 0x03, 0x03, 0xff, 0xff, 0x80, 0xfb, 0x00, 0x02, 0x07, 0xff, 0xff, 0xfe, 0x00, 0x03, 0x03, 0xff, 0xff, 0x80, 0xfb, 0x00, 0x08, 0x07,
  0xff, 0xfe, 0x03, 0x80, 0x0e, 0x03, 0xff, 0xff, 0xfa, 0x00, 0x08, 0x07, 0xff, 0xfe, 0x07, 0xe0, 0x3f, 0x03, 0xff, 0xff, 0xfa, 0x00, 0x08, 0x03,
  0xff, 0xfe, 0x07, 0xff, 0xff, 0x01, 0xff, 0xfe, 0xfa, 0x00, 0x08, 0x01, 0xff, 0xfc, 0x07, 0xff, 0xff, 0x00, 0xff, 0xf8, 0xf9, 0x00, 0x07, 0x7f,
  0xf0, 0x03, 0xff, 0xfe, 0x00, 0x3f, 0xe0, 0xf7, 0x00, 0x02, 0x01, 0xff, 0xfe, 0xf3, 0x00, 0x01, 0xff, 0xfc, 0xf3, 0x00, 0x01, 0x3f, 0xe0, 0x81,
  0x00, 0x81, 0x00, 0x9a, 0x00, 0x81, 0x00, 0xdd, 0x00, 0x01, 0x3f, 0xe0, 0xfd, 0x00, 0x01, 0x3f, 0xf8, 0xfa, 0x00, 0x02, 0x01, 0xff, 0xf8, 0xfd,
  0x00, 0x01, 0xff, 0xfe, 0xfa, 0x00, 0x02, 0x03, 0xff, 0xfc, 0xfe, 0x00, 0x02, 0x03, 0xff, 0xff, 0xfa, 0x00, 0x02, 0x07, 0xff, 0xfe, 0xfe, 0x00,
  0x02, 0x03, 0xff, 0xff, 0xfa, 0x00, 0x02, 0x07, 0xff, 0xfe, 0xfe, 0x00, 0x03, 0x03, 0xff, 0xff, 0x80, 0xfb, 0x00, 0x02, 0x0f, 0xff, 0xff, 0xfe,
  0x00, 0x03, 0x07, 0xff, 0xff, 0x80, 0xfb, 0x00, 0x02, 0x0f, 0xff, 0xff, 0xfe, 0x00, 0x03, 0x07, 0xff, 0xff, 0xc0, 0xfb, 0x00, 0x02, 0x1f, 0xff,
  0xff, 0xfe, 0x00, 0x03, 0x07, 0xff, 0xff, 0xc0, 0xfb, 0x00, 0x02, 0x1f, 0xff, 0xff, 0xfe, 0x00, 0x03, 0x07, 0xff, 0xff, 0xc0, 0xfb, 0x00, 0x02,
  0x1f, 0xff, 0xff, 0xfe, 0x00, 0x03, 0x07, 0xff, 0xff, 0xc0, 0xfb, 0x00, 0x02, 0x1f, 0xff, 0xff, 0xfe, 0x00, 0x03, 0x07, 0xff, 0xff, 0xc0, 0xfb,
  0x00, 0x02, 0x1f, 0xff, 0xff, 0xfe, 0x00, 0x03, 0x07, 0xff, 0xff, 0xc0, 0xfb, 0x00, 0x02, 0x1f, 0xff, 0xff, 0xfe, 0x00, 0x03, 0x07, 0xff, 0xff,
  0xc0, 0xfb, 0x00, 0x02, 0x1f, 0xff, 0xff, 0xfe, 0x00, 0x03, 0x07, 0xff, 0xff, 0xc0, 0xfb, 0x00, 0x02, 0x1f, 0xff, 0xff, 0xfe, 0x00, 0x03, 0x03,
  0xff, 0xff, 0xc0, 0xfb, 0x00, 0x02, 0x1f, 0xff, 0xff, 0xfe, 0x00, 0x03, 0x03, 0xff, 0xff, 0xc0, 0xfb, 0x00, 0x02, 0x1f, 0xff, 0xff, 0xfe, 0x00,
  0x03, 0x03, 0xff, 0xff, 0xc0, 0xfb, 0x00, 0x02, 0x1f, 0xff, 0xff, 0xfe, 0x00, 0x03, 0x03, 0xff, 0xff, 0xc0, 0xfb, 0x00, 0x02, 0x1f, 0xff, 0xff,
  0xfe, 0x00, 0x03, 0x03, 0xff, 0xff, 0xc0, 0xfb, 0x00, 0x02, 0x0f, 0xff, 0xff, 0xfe, 0x00, 0x03, 0x03, 0xff, 0xff, 0xc0, 0xfb, 0x00, 0x02, 0x0f,
  0xff, 0xff, 0xfe, 0x00, 0x03, 0x03, 0xff, 0xff, 0xc0, 0xfb, 0x00, 0x02, 0x0f, 0xff, 0xff, 0xfe, 0x00, 0x03, 0x03, 0xff, 0xff, 0x80, 0xfb, 0x00,
  0x02, 0x0f, 0xff, 0xff, 0xfe, 0x00, 0x03, 0x03, 0xff, 0xff, 0x80, 0xfb, 0x00, 0x02, 0x07, 0xff, 0xff, 0xfe, 0x00, 0x03, 0x03, 0xff, 0xff, 0x80,
  0xfb, 0x00, 0x08, 0x07, 0xff, 0xff, 0x01, 0x80, 0x0e, 0x03, 0xff, 0xff, 0xfa, 0x00, 0x08, 0x07, 0xff, 0xfe, 0x07, 0xe0, 0x3f, 0x03, 0xff, 0xff,
  0xfa, 0x00, 0x08, 0x03, 0xff, 0xfe, 0x07, 0xff, 0xff, 0x01, 0xff, 0xfe, 0xfa, 0x00, 0x08, 0x01, 0xff, 0xfc, 0x07, 0xff, 0xff, 0x00, 0xff, 0xfc,
  0xf9, 0x00, 0x07, 0x7f, 0xf8, 0x07, 0xff, 0xff, 0x00, 0x3f, 0xf0, 0xf9, 0x00, 0x04, 0x0f, 0x00, 0x03, 0xff, 0xfe, 0xf4, 0x00, 0x02, 0x01, 0xff,
  0xfc, 0xf3, 0x00, 0x01, 0x3f, 0xf0, 0xf3, 0x00, 0x00, 0x02, 0x81, 0x00, 0x81, 0x00, 0xa9, 0x00, 0x81, 0x00, 0xdd, 0x00, 0x01, 0x3f, 0xe0, 0xfd,
  0x00, 0x01, 0x7f, 0xf8, 0xfa, 0x00, 0x02, 0x01, 0xff, 0xf8, 0xfd, 0x00, 0x01, 0xff, 0xfe, 0xfa, 0x00, 0x02, 0x03, 0xff, 0xfc, 0xfe, 0x00, 0x02,
  0x03, 0xff, 0xff, 0xfa, 0x00, 0x02, 0x07, 0xff, 0xfe, 0xfe, 0x00, 0x02, 0x03, 0xff, 0xff, 0xfa, 0x00, 0x02, 0x07, 0xff, 0xfe, 0xfe, 0x00, 0x03,
  0x03, 0xff, 0xff, 0x80, 0xfb, 0x00, 0x02, 0x0f, 0xff, 0xff, 0xfe, 0x00, 0x03, 0x07, 0xff, 0xff, 0x80, 0xfb, 0x00, 0x02, 0x0f, 0xff, 0xff, 0xfe,
  0x00, 0x03, 0x07, 0xff, 0xff, 0xc0, 0xfb, 0x00, 0x02, 0x1f, 0xff, 0xff, 0xfe, 0x00, 0x03, 0x07, 0xff, 0xff, 0xc0, 0xfb, 0x00, 0x02, 0x1f, 0xff,
  0xff, 0xfe, 0x00, 0x03, 0x07, 0xff, 0xff, 0xc0, 0xfb, 0x00, 0x02, 0x1f, 0xff, 0xff, 0xfe, 0x00, 0x03, 0x07, 0xff, 0xff, 0xc0, 0xfb, 0x00, 0x02,
  0x1f, 0xff, 0xff, 0xfe, 0x00, 0x03, 0x07, 0xff, 0xff, 0xc0, 0xfb, 0x00, 0x02, 0x1f, 0xff, 0xff, 0xfe, 0x00, 0x03, 0x07, 0xff, 0xff, 0xc0, 0xfb,
  0x00, 0x02, 0x1f, 0xff, 0xff, 0xfe, 0x00, 0x03, 0x07, 0xff, 0xff, 0xe0, 0xfb, 0x00, 0x02, 0x1f, 0xff, 0xff, 0xfe, 0x00, 0x03, 0x07, 0xff, 0xff,
  0xc0, 0xfb, 0x00, 0x02, 0x1f, 0xff, 0xff, 0xfe, 0x00, 0x03, 0x07, 0xff, 0xff, 0xc0, 0xfb, 0x00, 0x02, 0x1f, 0xff, 0xff, 0xfe, 0x00, 0x03, 0x07,
  0xff, 0xff, 0xc0, 0xfb, 0x00, 0x02, 0x1f, 0xff, 0xff, 0xfe, 0x00, 0x03, 0x03, 0xff, 0xff, 0xc0, 0xfb, 0x00, 0x02, 0x1f, 0xff, 0xff, 0xfe, 0x00,
  0x03, 0x03, 0xff, 0xff, 0xc0, 0xfb, 0x00, 0x02, 0x1f, 0xff, 0xff, 0xfe, 0x00, 0x03, 0x03, 0xff, 0xff, 0xc0, 0xfb, 0x00, 0x02, 0x0f, 0xff, 0xff,
  0xfe, 0x00, 0x03, 0x03, 0xff, 0xff, 0xc0, 0xfb, 0x00, 0x02, 0x0f, 0xff, 0xff, 0xfe, 0x00, 0x03, 0x03, 0xff, 0xff, 0xc0, 0xfb, 0x00, 0x02, 0x0f,
  0xff, 0xff, 0xfe, 0x00, 0x03, 0x03, 0xff, 0xff, 0x80, 0xfb, 0x00, 0x02, 0x0f, 0xff, 0xff, 0xfe, 0x00, 0x03, 0x03, 0xff, 0xff, 0x80, 0xfb, 0x00,
  0x02, 0x07, 0xff, 0xff, 0xfe, 0x00, 0x03, 0x03, 0xff, 0xff, 0x80, 0xfb, 0x00, 0x08, 0x07, 0xff, 0xff, 0x01, 0x00, 0x0e, 0x03, 0xff, 0xff, 0xfa,
  0x00, 0x08, 0x07, 0xff, 0xfe, 0x07, 0xc0, 0x1f, 0x03, 0xff, 0xff, 0xfa, 0x00, 0x08, 0x03, 0xff, 0xfe, 0x07, 0xfc, 0x7f, 0x01, 0xff, 0xfe, 0xfa,
  0x00, 0x08, 0x01, 0xff, 0xfc, 0x07, 0xff, 0xff, 0x00, 0xff, 0xfc, 0xf9, 0x00, 0x07, 0x7f, 0xf8, 0x07, 0xff, 0xff, 0x00, 0x3f, 0xf0, 0xf9, 0x00,
  0x04, 0x07, 0x00, 0x03, 0xff, 0xfe, 0xf4, 0x00, 0x02, 0x01, 0xff, 0xfc, 0xf3, 0x00, 0x01, 0x3f, 0xf0, 0xf3, 0x00, 0x00, 0x02, 0x81, 0x00, 0x81,
  0x00, 0xa9, 0x00, 0x81, 0x00, 0xdd, 0x00, 0x01, 0x3f, 0xe0, 0xfd, 0x00, 0x01, 0x7f, 0xf8, 0xfa, 0x00, 0x02, 0x01, 0xff, 0xf8, 0xfd, 0x00, 0x01,
  0xff, 0xfe, 0xfa, 0x00, 0x02, 0x03, 0xff, 0xfc, 0xfe, 0x00, 0x02, 0x03, 0xff, 0xff, 0xfa, 0x00, 0x02, 0x07, 0xff, 0xfe, 0xfe, 0x00, 0x02, 0x03,
  0xff, 0xff, 0xfa, 0x00, 0x02, 0x07, 0xff, 0xfe, 0xfe, 0x00, 0x03, 0x03, 0xff, 0xff, 0x80, 0xfb, 0x00, 0x02, 0x0f, 0xff, 0xff, 0xfe, 0x00, 0x03,
  0x07, 0xff, 0xff, 0x80, 0xfb, 0x00, 0x02, 0x0f, 0xff, 0xff, 0xfe, 0x00, 0x03, 0x07, 0xff, 0xff, 0xc0, 0xfb, 0x00, 0x02, 0x1f, 0xff, 0xff, 0xfe,
  0x00, 0x03, 0x07, 0xff, 0xff, 0xc0, 0xfb, 0x00, 0x02, 0x1f, 0xff, 0xff, 0xfe, 0x00, 0x03, 0x07, 0xff, 0xff, 0xc0, 0xfb, 0x00, 0x02, 0x1f, 0xff,
  0xff, 0xfe, 0x00, 0x03, 0x07, 0xff, 0xff, 0xc0, 0xfb, 0x00, 0x02, 0x1f, 0xff, 0xff, 0xfe, 0x00, 0x03, 0x07, 0xff, 0xff, 0xc0, 0xfb, 0x00, 0x02,
  0x1f, 0xff, 0xff, 0xfe, 0x00, 0x03, 0x07, 0xff, 0xff, 0xc0, 0xfb, 0x00, 0x02, 0x1f, 0xff, 0xff, 0xfe, 0x00, 0x03, 0x07, 0xff, 0xff, 0xc0, 0xfb,
  0x00, 0x02, 0x1f, 0xff, 0xff, 0xfe, 0x00, 0x03, 0x07, 0xff, 0xff, 0xc0, 0xfb, 0x00, 0x02, 0x1f, 0xff, 0xff, 0xfe, 0x00, 0x03, 0x07, 0xff, 0xff,
  0xc0, 0xfb, 0x00, 0x02, 0x1f, 0xff, 0xff, 0xfe, 0x00, 0x03, 0x07, 0xff, 0xff, 0xc0, 0xfb, 0x00, 0x02, 0x1f, 0xff, 0xff, 0xfe, 0x00, 0x03, 0x03,
  0xff, 0xff, 0xc0, 0xfb, 0x00, 0x02, 0x1f, 0xff, 0xff, 0xfe, 0x00, 0x03, 0x03, 0xff, 0xff, 0xc0, 0xfb, 0x00, 0x02, 0x1f, 0xff, 0xff, 0xfe, 0x00,
  0x03, 0x03, 0xff, 0xff, 0xc0, 0xfb, 0x00, 0x02, 0x0f, 0xff, 0xff, 0xfe, 0x00, 0x03, 0x03, 0xff, 0xff, 0xc0, 0xfb, 0x00, 0x02, 0x0f, 0xff, 0xff,
  0xfe, 0x00, 0x03, 0x03, 0xff, 0xff, 0xc0, 0xfb, 0x00, 0x02, 0x0f, 0xff, 0xff, 0xfe, 0x00, 0x03, 0x03, 0xff, 0xff, 0x80, 0xfb, 0x00, 0x02, 0x0f,
  0xff, 0xff, 0xfe, 0x00, 0x03, 0x03, 0xff, 0xff, 0x80, 0xfb, 0x00, 0x02, 0x07, 0xff, 0xff, 0xfe, 0x00, 0x03, 0x03, 0xff, 0xff, 0x80, 0xfb, 0x00,
  0x08, 0x07, 0xff, 0xff, 0x03, 0x80, 0x0e, 0x03, 0xff, 0xff, 0xfa, 0x00, 0x08, 0x07, 0xff, 0xfe, 0x07, 0xe0, 0x3f, 0x03, 0xff, 0xff, 0xfa, 0x00,
  0x08, 0x03, 0xff, 0xfe, 0x07, 0xff, 0xff, 0x01, 0xff, 0xfe, 0xfa, 0x00, 0x08, 0x01, 0xff, 0xfc, 0x07, 0xff, 0xff, 0x00, 0xff, 0xfc, 0xf9, 0x00,
  0x07, 0x7f, 0xf8, 0x07, 0xff, 0xff, 0x00, 0x3f, 0xf0, 0xf9, 0x00, 0x04, 0x07, 0x00, 0x03, 0xff, 0xfe, 0xf4, 0x00, 0x02, 0x01, 0xff, 0xfc, 0xf3,
  0x00, 0x01, 0x3f, 0xf0, 0xf3, 0x00, 0x00, 0x06, 0x81, 0x00, 0x81, 0x00, 0xa9, 0x00, 0x81, 0x00, 0xdd, 0x00, 0x01, 0x3f, 0xe0, 0xfd, 0x00, 0x01,
  0x7f, 0xf8, 0xfa, 0x00, 0x02, 0x01, 0xff, 0xf8, 0xfd, 0x00, 0x01, 0xff, 0xfe, 0xfa, 0x00, 0x02, 0x03, 0xff, 0xfc, 0xfe, 0x00, 0x02, 0x03, 0xff,
  0xff, 0xfa, 0x00, 0x02, 0x07, 0xff, 0xfe, 0xfe, 0x00, 0x02, 0x03, 0xff, 0xff, 0xfa, 0x00, 0x02, 0x07, 0xff, 0xfe, 0xfe, 0x00, 0x03, 0x03, 0xff,
  0xff, 0x80, 0xfb, 0x00, 0x02, 0x0f, 0xff, 0xff, 0xfe, 0x00, 0x03, 0x07, 0xff, 0xff, 0x80, 0xfb, 0x00, 0x02, 0x0f, 0xff, 0xff, 0xfe, 0x00, 0x03,
  0x07, 0xff, 0xff, 0xc0, 0xfb, 0x00, 0x02, 0x1f, 0xff, 0xff, 0xfe, 0x00, 0x03, 0x07, 0xff, 0xff, 0xc0, 0xfb, 0x00, 0x02, 0x1f, 0xff, 0xff, 0xfe,
  0x00, 0x03, 0x07, 0xff, 0xff, 0xc0, 0xfb, 0x00, 0x02, 0x1f, 0xff, 0xff, 0xfe, 0x00, 0x03, 0x07, 0xff, 0xff, 0xc0, 0xfb, 0x00, 0x02, 0x1f, 0xff,
  0xff, 0xfe, 0x00, 0x03, 0x07, 0xff, 0xff, 0xc0, 0xfb, 0x00, 0x02, 0x1f, 0xff, 0xff, 0xfe, 0x00, 0x03, 0x07, 0xff, 0xff, 0xc0, 0xfb, 0x00, 0x02,
  0x1f, 0xff, 0xff, 0xfe, 0x00, 0x03, 0x07, 0xff, 0xff, 0xc0, 0xfb, 0x00, 0x02, 0x1f, 0xff, 0xff, 0xfe, 0x00, 0x03, 0x07, 0xff, 0xff, 0xc0, 0xfb,
  0x00, 0x02, 0x1f, 0xff, 0xff, 0xfe, 0x00, 0x03, 0x07, 0xff, 0xff, 0xc0, 0xfb, 0x00, 0x02, 0x1f, 0xff, 0xff, 0xfe, 0x00, 0x03, 0x07, 0xff, 0xff,
  0xc0, 0xfb, 0x00, 0x02, 0x1f, 0xff, 0xff, 0xfe, 0x00, 0x03, 0x03, 0xff, 0xff, 0xc0, 0xfb, 0x00, 0x02, 0x1f, 0xff, 0xff, 0xfe, 0x00, 0x03, 0x03,
  0xff, 0xff, 0xc0, 0xfb, 0x00, 0x02, 0x1f, 0xff, 0xff, 0xfe, 0x00, 0x03, 0x03, 0xff, 0xff, 0xc0, 0xfb, 0x00, 0x02, 0x0f, 0xff, 0xff, 0xfe, 0x00,
  0x03, 0x03, 0xff, 0xff, 0xc0, 0xfb, 0x00, 0x02, 0x0f, 0xff, 0xff, 0xfe, 0x00, 0x03, 0x03, 0xff, 0xff, 0xc0, 0xfb, 0x00, 0x02, 0x0f, 0xff, 0xff,
  0xfe, 0x00, 0x03, 0x03, 0xff, 0xff, 0x80, 0xfb, 0x00, 0x02, 0x0f, 0xff, 0xff, 0xfe, 0x00, 0x03, 0x03, 0xff, 0xff, 0x80, 0xfb, 0x00, 0x02, 0x07,
  0xff, 0xff, 0xfe, 0x00, 0x03, 0x03, 0xff, 0xff, 0x80, 0xfb, 0x00, 0x08, 0x07, 0xff, 0xff, 0x01, 0x00, 0x0e, 0x03, 0xff, 0xff, 0xfa, 0x00, 0x08,
  0x07, 0xff, 0xfe, 0x07, 0xc0, 0x1f, 0x03, 0xff, 0xff, 0xfa, 0x00, 0x08, 0x03, 0xff, 0xfe, 0x07, 0xfe, 0x7f, 0x01, 0xff, 0xfe, 0xfa, 0x00, 0x08,
  0x01, 0xff, 0xfc, 0x07, 0xff, 0xff, 0x00, 0xff, 0xfc, 0xf9, 0x00, 0x07, 0x7f, 0xf8, 0x07, 0xff, 0xff, 0x00, 0x3f, 0xf0, 0xf9, 0x00, 0x04, 0x07,
  0x00, 0x03, 0xff, 0xfe, 0xf4, 0x00, 0x02, 0x01, 0xff, 0xfc, 0xf3, 0x00, 0x01, 0x3f, 0xf0, 0xf3, 0x00, 0x00, 0x02, 0x81, 0x00, 0x81, 0x00, 0xa9,
  0x00, 0x81, 0x00, 0xdd, 0x00, 0x01, 0x3f, 0xe0, 0xfd, 0x00, 0x01, 0x7f, 0xf8, 0xfa, 0x00, 0x02, 0x01, 0xff, 0xf8, 0xfd, 0x00, 0x01, 0xff, 0xfe,
  0xfa, 0x00, 0x02, 0x03, 0xff, 0xfc, 0xfe, 0x00, 0x02, 0x03, 0xff, 0xff, 0xfa, 0x00, 0x02, 0x07, 0xff, 0xfe, 0xfe, 0x00, 0x02, 0x03, 0xff, 0xff,
  0xfa, 0x00, 0x02, 0x0f, 0xff, 0xfe, 0xfe, 0x00, 0x03, 0x03, 0xff, 0xff, 0x80, 0xfb, 0x00, 0x02, 0x0f, 0xff, 0xff, 0xfe, 0x00, 0x03, 0x07, 0xff,
  0xff, 0x80, 0xfb, 0x00, 0x02, 0x0f, 0xff, 0xff, 0xfe, 0x00, 0x03, 0x07, 0xff, 0xff, 0xc0, 0xfb, 0x00, 0x02, 0x1f, 0xff, 0xff, 0xfe, 0x00, 0x03,
  0x07, 0xff, 0xff, 0xc0, 0xfb, 0x00, 0x02, 0x1f, 0xff, 0xff, 0xfe, 0x00, 0x03, 0x07, 0xff, 0xff, 0xc0, 0xfb, 0x00, 0x02, 0x1f, 0xff, 0xff, 0xfe,
  0x00, 0x03, 0x07, 0xff, 0xff, 0xc0, 0xfb, 0x00, 0x02, 0x1f, 0xff, 0xff, 0xfe, 0x00, 0x03, 0x07, 0xff, 0xff, 0xc0, 0xfb, 0x00, 0x02, 0x1f, 0xff,
  0xff, 0xfe, 0x00, 0x03, 0x07, 0xff, 0xff, 0xc0, 0xfb, 0x00, 0x02, 0x1f, 0xff, 0xff, 0xfe, 0x00, 0x03, 0x07, 0xff, 0xff, 0xc0, 0xfb, 0x00, 0x02,
  0x1f, 0xff, 0xff, 0xfe, 0x00, 0x03, 0x07, 0xff, 0xff, 0xc0, 0xfb, 0x00, 0x02, 0x1f, 0xff, 0xff, 0xfe, 0x00, 0x03, 0x07, 0xff, 0xff, 0xc0, 0xfb,
  0x00, 0x02, 0x1f, 0xff, 0xff, 0xfe, 0x00, 0x03, 0x07, 0xff, 0xff, 0xc0, 0xfb, 0x00, 0x02, 0x1f, 0xff, 0xff, 0xfe, 0x00, 0x03, 0x03, 0xff, 0xff,
  0xc0, 0xfb, 0x00, 0x02, 0x1f, 0xff, 0xff, 0xfe, 0x00, 0x03, 0x03, 0xff, 0xff, 0xc0, 0xfb, 0x00, 0x02, 0x1f, 0xff, 0xff, 0xfe, 0x00, 0x03, 0x03,
  0xff, 0xff, 0xc0, 0xfb, 0x00, 0x02, 0x0f, 0xff, 0xff, 0xfe, 0x00, 0x03, 0x03, 0xff, 0xff, 0xc0, 0xfb, 0x00, 0x02, 0x0f, 0xff, 0xff, 0xfe, 0x00,
  0x03, 0x03, 0xff, 0xff, 0xc0, 0xfb, 0x00, 0x02, 0x0f, 0xff, 0xff, 0xfe, 0x00, 0x03, 0x03, 0xff, 0xff, 0x80, 0xfb, 0x00, 0x02, 0x0f, 0xff, 0xff,
  0xfe, 0x00, 0x03, 0x03, 0xff, 0xff, 0x80, 0xfb, 0x00, 0x02, 0x07, 0xff, 0xff, 0xfe, 0x00, 0x03, 0x03, 0xff, 0xff, 0x80, 0xfb, 0x00, 0x08, 0x07,
  0xff, 0xff, 0x01, 0x80, 0x0e, 0x03, 0xff, 0xff, 0xfa, 0x00, 0x08, 0x07, 0xff, 0xfe, 0x07, 0xe0, 0x3f, 0x03, 0xff, 0xff, 0xfa, 0x00, 0x08, 0x03,
  0xff, 0xfe, 0x07, 0xff, 0xff, 0x01, 0xff, 0xfe, 0xfa, 0x00, 0x08, 0x01, 0xff, 0xfc, 0x07, 0xff, 0xff, 0x00, 0xff, 0xfc, 0xf9, 0x00, 0x07, 0x7f,
  0xf8, 0x07, 0xff, 0xff, 0x00, 0x3f, 0xf0, 0xf9, 0x00, 0x04, 0x07, 0x00, 0x03, 0xff, 0xfe, 0xf4, 0x00, 0x02, 0x01, 0xff, 0xfc, 0xf3, 0x00, 0x01,
  0x3f, 0xf0, 0xf3, 0x00, 0x00, 0x02, 0x81, 0x00, 0x81, 0x00, 0xa9, 0x00, 0x81, 0x00, 0xdd, 0x00, 0x01, 0x3f, 0xe0, 0xfd, 0x00, 0x01, 0x7f, 0xf8,
  0xfa, 0x00, 0x02, 0x01, 0xff, 0xf8, 0xfd, 0x00, 0x01, 0xff, 0xfe, 0xfa, 0x00, 0x02, 0x03, 0xff, 0xfc, 0xfe, 0x00, 0x02, 0x03, 0xff, 0xff, 0xfa,
  0x00, 0x02, 0x07, 0xff, 0xfe, 0xfe, 0x00, 0x02, 0x03, 0xff, 0xff, 0xfa, 0x00, 0x02, 0x0f, 0xff, 0xff, 0xfe, 0x00, 0x03, 0x03, 0xff, 0xff, 0x80,
  0xfb, 0x00, 0x02, 0x0f, 0xff, 0xff, 0xfe, 0x00, 0x03, 0x07, 0xff, 0xff, 0x80, 0xfb, 0x00, 0x02, 0x0f, 0xff, 0xff, 0xfe, 0x00, 0x03, 0x07, 0xff,
  0xff, 0xc0, 0xfb, 0x00, 0x02, 0x1f, 0xff, 0xff, 0xfe, 0x00, 0x03, 0x07, 0xff, 0xff, 0xc0, 0xfb, 0x00, 0x02, 0x1f, 0xff, 0xff, 0xfe, 0x00, 0x03,
  0x07, 0xff, 0xff, 0xc0, 0xfb, 0x00, 0x02, 0x1f, 0xff, 0xff, 0xfe, 0x00, 0x03, 0x07, 0xff, 0xff, 0xc0, 0xfb, 0x00, 0x02, 0x1f, 0xff, 0xff, 0xfe,
  0x00, 0x03, 0x07, 0xff, 0xff, 0xc0, 0xfb, 0x00, 0x02, 0x1f, 0xff, 0xff, 0xfe, 0x00, 0x03, 0x07, 0xff, 0xff, 0xc0, 0xfb, 0x00, 0x02, 0x1f, 0xff,
  0xff, 0xfe, 0x00, 0x03, 0x07, 0xff, 0xff, 0xc0, 0xfb, 0x00, 0x02, 0x1f, 0xff, 0xff, 0xfe, 0x00, 0x03, 0x07, 0xff, 0xff, 0xc0, 0xfb, 0x00, 0x02,
  0x1f, 0xff, 0xff, 0xfe, 0x00, 0x03, 0x07, 0xff, 0xff, 0xc0, 0xfb, 0x00, 0x02, 0x1f, 0xff, 0xff, 0xfe, 0x00, 0x03, 0x07, 0xff, 0xff, 0xc0, 0xfb,
  0x00, 0x02, 0x1f, 0xff, 0xff, 0xfe, 0x00, 0x03, 0x03, 0xff, 0xff, 0xc0, 0xfb, 0x00, 0x02, 0x1f, 0xff, 0xff, 0xfe, 0x00, 0x03, 0x03, 0xff, 0xff,
  0xc0, 0xfb, 0x00, 0x02, 0x1f, 0xff, 0xff, 0xfe, 0x00, 0x03, 0x03, 0xff, 0xff, 0xc0, 0xfb, 0x00, 0x02, 0x0f, 0xff, 0xff, 0xfe, 0x00, 0x03, 0x03,
  0xff, 0xff, 0xc0, 0xfb, 0x00, 0x02, 0x0f, 0xff, 0xff, 0xfe, 0x00, 0x03, 0x03, 0xff, 0xff, 0xc0, 0xfb, 0x00, 0x02, 0x0f, 0xff, 0xff, 0xfe, 0x00,
  0x03, 0x03, 0xff, 0xff, 0x80, 0xfb, 0x00, 0x02, 0x0f, 0xff, 0xff, 0xfe, 0x00, 0x03, 0x03, 0xff, 0xff, 0x80, 0xfb, 0x00, 0x02, 0x07, 0xff, 0xff,
  0xfe, 0x00, 0x03, 0x03, 0xff, 0xff, 0x80, 0xfb, 0x00, 0x08, 0x07, 0xff, 0xff, 0x01, 0x00, 0x0e, 0x03, 0xff, 0xff, 0xfa, 0x00, 0x08, 0x07, 0xff,
  0xfe, 0x07, 0xc0, 0x1f, 0x03, 0xff, 0xff, 0xfa, 0x00, 0x08, 0x03, 0xff, 0xfe, 0x07, 0xfc, 0x7f, 0x01, 0xff, 0xfe, 0xfa, 0x00, 0x08, 0x01, 0xff,
  0xfc, 0x07, 0xff, 0xff, 0x00, 0xff, 0xfc, 0xf9, 0x00, 0x07, 0x7f, 0xf8, 0x07, 0xff, 0xff, 0x00, 0x3f, 0xf0, 0xf9, 0x00, 0x04, 0x07, 0x00, 0x03,
  0xff, 0xfe, 0xf4, 0x00, 0x02, 0x01, 0xff, 0xfc, 0xf3, 0x00, 0x01, 0x3f, 0xf0, 0xf3, 0x00, 0x00, 0x02, 0x81, 0x00, 0x81, 0x00, 0xa9, 0x00, 0x81,
  0x00, 0xdd, 0x00, 0x01, 0x3f, 0xe0, 0xfd, 0x00, 0x01, 0x7f, 0xf8, 0xfa, 0x00, 0x02, 0x01, 0xff, 0xf8, 0xfd, 0x00, 0x01, 0xff, 0xfe, 0xfa, 0x00,
  0x02, 0x03, 0xff, 0xfc, 0xfe, 0x00, 0x02, 0x03, 0xff, 0xff, 0xfa, 0x00, 0x02, 0x07, 0xff, 0xfe, 0xfe, 0x00, 0x02, 0x03, 0xff, 0xff, 0xfa, 0x00,
  0x02, 0x0f, 0xff, 0xff, 0xfe, 0x00, 0x03, 0x03, 0xff, 0xff, 0x80, 0xfb, 0x00, 0x02, 0x0f, 0xff, 0xff, 0xfe, 0x00, 0x03, 0x07, 0xff, 0xff, 0x80,
  0xfb, 0x00, 0x02, 0x0f, 0xff, 0xff, 0xfe, 0x00, 0x03, 0x07, 0xff, 0xff, 0xc0, 0xfb, 0x00, 0x02, 0x1f, 0xff, 0xff, 0xfe, 0x00, 0x03, 0x07, 0xff,
  0xff, 0xc0, 0xfb, 0x00, 0x02, 0x1f, 0xff, 0xff, 0xfe, 0x00, 0x03, 0x07, 0xff, 0xff, 0xc0, 0xfb, 0x00, 0x02, 0x1f, 0xff, 0xff, 0xfe, 0x00, 0x03,
  0x07, 0xff, 0xff, 0xc0, 0xfb, 0x00, 0x02, 0x1f, 0xff, 0xff, 0xfe, 0x00, 0x03, 0x07, 0xff, 0xff, 0xc0, 0xfb, 0x00, 0x02, 0x1f, 0xff, 0xff, 0xfe,
  0x00, 0x03, 0x07, 0xff, 0xff, 0xc0, 0xfb, 0x00, 0x02, 0x1f, 0xff, 0xff, 0xfe, 0x00, 0x03, 0x07, 0xff, 0xff, 0xc0, 0xfb, 0x00, 0x02, 0x1f, 0xff,
  0xff, 0xfe, 0x00, 0x03, 0x07, 0xff, 0xff, 0xc0, 0xfb, 0x00, 0x02, 0x1f, 0xff, 0xff, 0xfe, 0x00, 0x03, 0x07, 0xff, 0xff, 0xc0, 0xfb, 0x00, 0x02,
  0x1f, 0xff, 0xff, 0xfe, 0x00, 0x03, 0x07, 0xff, 0xff, 0xc0, 0xfb, 0x00, 0x02, 0x1f, 0xff, 0xff, 0xfe, 0x00, 0x03, 0x03, 0xff, 0xff, 0xc0, 0xfb,
  0x00, 0x02, 0x1f, 0xff, 0xff, 0xfe, 0x00, 0x03, 0x03, 0xff, 0xff, 0xc0, 0xfb, 0x00, 0x02, 0x1f, 0xff, 0xff, 0xfe, 0x00, 0x03, 0x03, 0xff, 0xff,
  0xc0, 0xfb, 0x00, 0x02, 0x0f, 0xff, 0xff, 0xfe, 0x00, 0x03, 0x03, 0xff, 0xff, 0xc0, 0xfb, 0x00, 0x02, 0x0f, 0xff, 0xff, 0xfe, 0x00, 0x03, 0x03,
  0xff, 0xff, 0xc0, 0xfb, 0x00, 0x02, 0x0f, 0xff, 0xff, 0xfe, 0x00, 0x03, 0x03, 0xff, 0xff, 0x80, 0xfb, 0x00, 0x02, 0x0f, 0xff, 0xff, 0xfe, 0x00,
  0x03, 0x03, 0xff, 0xff, 0x80, 0xfb, 0x00, 0x02, 0x07, 0xff, 0xff, 0xfe, 0x00, 0x03, 0x03, 0xff, 0xff, 0x80, 0xfb, 0x00, 0x08, 0x07, 0xff, 0xff,
  0x01, 0x80, 0x0e, 0x03, 0xff, 0xff, 0xfa, 0x00, 0x08, 0x07, 0xff, 0xfe, 0x07, 0xe0, 0x3f, 0x03, 0xff, 0xff, 0xfa, 0x00, 0x08, 0x03, 0xff, 0xfe,
  0x07, 0xff, 0xff, 0x01, 0xff, 0xfe, 0xfa, 0x00, 0x08, 0x01, 0xff, 0xfc, 0x07, 0xff, 0xff, 0x00, 0xff, 0xfc, 0xf9, 0x00, 0x07, 0x7f, 0xf8, 0x07,
  0xff, 0xff, 0x00, 0x3f, 0xf0, 0xf9, 0x00, 0x04, 0x03, 0x00, 0x03, 0xff, 0xfe, 0xf4, 0x00, 0x02, 0x01, 0xff, 0xfc, 0xf3, 0x00, 0x01, 0x3f, 0xf0,
  0xf3, 0x00, 0x00, 0x02, 0x81, 0x00, 0x81, 0x00, 0xa9, 0x00, 0x81, 0x00, 0xe7, 0x00, 0x00, 0x02, 0xf8, 0x00, 0x01, 0x7f, 0xe0, 0xfd, 0x00, 0x01,
  0x7f, 0xf8, 0xfa, 0x00, 0x02, 0x01, 0xff, 0xf8, 0xfe, 0x00, 0x02, 0x01, 0xff, 0xfe, 0xfa, 0x00, 0x02, 0x03, 0xff, 0xfc, 0xfe, 0x00, 0x02, 0x03,
  0xff, 0xff, 0xfa, 0x00, 0x02, 0x07, 0xff, 0xfe, 0xfe, 0x00, 0x02, 0x03, 0xff, 0xff, 0xfa, 0x00, 0x02, 0x0f, 0xff, 0xff, 0xfe, 0x00, 0x03, 0x03,
  0xff, 0xff, 0x80, 0xfb, 0x00, 0x02, 0x0f, 0xff, 0xff, 0xfe, 0x00, 0x03, 0x07, 0xff, 0xff, 0x80, 0xfb, 0x00, 0x02, 0x0f, 0xff, 0xff, 0xfe, 0x00,
  0x03, 0x07, 0xff, 0xff, 0xc0, 0xfb, 0x00, 0x02, 0x1f, 0xff, 0xff, 0xfe, 0x00, 0x03, 0x07, 0xff, 0xff, 0xc0, 0xfb, 0x00, 0x02, 0x1f, 0xff, 0xff,
  0xfe, 0x00, 0x03, 0x07, 0xff, 0xff, 0xc0, 0xfb, 0x00, 0x02, 0x1f, 0xff, 0xff, 0xfe, 0x00, 0x03, 0x07, 0xff, 0xff, 0xc0, 0xfb, 0x00, 0x02, 0x1f,
  0xff, 0xff, 0xfe, 0x00, 0x03, 0x07, 0xff, 0xff, 0xc0, 0xfb, 0x00, 0x02, 0x1f, 0xff, 0xff, 0xfe, 0x00, 0x03, 0x07, 0xff, 0xff, 0xc0, 0xfb, 0x00,
  0x02, 0x1f, 0xff, 0xff, 0xfe, 0x00, 0x03, 0x07, 0xff, 0xff, 0xc0, 0xfb, 0x00, 0x02, 0x1f, 0xff, 0xff, 0xfe, 0x00, 0x03, 0x07, 0xff, 0xff, 0xc0,
  0xfb, 0x00, 0x02, 0x1f, 0xff, 0xff, 0xfe, 0x00, 0x03, 0x07, 0xff, 0xff, 0xc0, 0xfb, 0x00, 0x02, 0x1f, 0xff, 0xff, 0xfe, 0x00, 0x03, 0x07, 0xff,
  0xff, 0xc0, 0xfb, 0x00, 0x02, 0x1f, 0xff, 0xff, 0xfe, 0x00, 0x03, 0x03, 0xff, 0xff, 0xc0, 0xfb, 0x00, 0x02, 0x1f, 0xff, 0xff, 0xfe, 0x00, 0x03,
  0x03, 0xff, 0xff, 0xc0, 0xfb, 0x00, 0x02, 0x1f, 0xff, 0xff, 0xfe, 0x00, 0x03, 0x03, 0xff, 0xff, 0xc0, 0xfb, 0x00, 0x02, 0x0f, 0xff, 0xff, 0xfe,
  0x00, 0x03, 0x03, 0xff, 0xff, 0xc0, 0xfb, 0x00, 0x02, 0x0f, 0xff, 0xff, 0xfe, 0x00, 0x03, 0x03, 0xff, 0xff, 0xc0, 0xfb, 0x00, 0x02, 0x0f, 0xff,
  0xff, 0xfe, 0x00, 0x03, 0x03, 0xff, 0xff, 0x80, 0xfb, 0x00, 0x02, 0x0f, 0xff, 0xff, 0xfe, 0x00, 0x03, 0x03, 0xff, 0xff, 0x80, 0xfb, 0x00, 0x02,
  0x07, 0xff, 0xff, 0xfe, 0x00, 0x03, 0x03, 0xff, 0xff, 0x80, 0xfb, 0x00, 0x08, 0x07, 0xff, 0xff, 0x01, 0x00, 0x0e, 0x03, 0xff, 0xff, 0xfa, 0x00,
  0x08, 0x07, 0xff, 0xfe, 0x07, 0xe0, 0x3f, 0x03, 0xff, 0xff, 0xfa, 0x00, 0x08, 0x03, 0xff, 0xfe, 0x07, 0xfe, 0x7f, 0x01, 0xff, 0xfe, 0xfa, 0x00,
  0x08, 0x01, 0xff, 0xfc, 0x07, 0xff, 0xff, 0x00, 0xff, 0xfc, 0xf9, 0x00, 0x07, 0x7f, 0xf8, 0x07, 0xff, 0xff, 0x00, 0x3f, 0xf0, 0xf9, 0x00, 0x04,
  0x03, 0x00, 0x03, 0xff, 0xfe, 0xf4, 0x00, 0x02, 0x01, 0xff, 0xfc, 0xf3, 0x00, 0x01, 0x3f, 0xf0, 0xf3, 0x00, 0x00, 0x02, 0x81, 0x00, 0x81, 0x00,
  0xa9, 0x00, 0x81, 0x00, 0xcd, 0x00, 0x00, 0x38, 0xf3, 0x00, 0x02, 0x01, 0xff, 0xe0, 0xf4, 0x00, 0x02, 0x07, 0xff, 0xf8, 0xfd, 0x00, 0x01, 0x7f,
  0xfc, 0xfa, 0x00, 0x02, 0x0f, 0xff, 0xfc, 0xfe, 0x00, 0x02, 0x01, 0xff, 0xfe, 0xfa, 0x00, 0x02, 0x0f, 0xff, 0xfc, 0xfe, 0x00, 0x02, 0x03, 0xff,
  0xff, 0xfa, 0x00, 0x02, 0x1f, 0xff, 0xfe, 0xfe, 0x00, 0x03, 0x07, 0xff, 0xff, 0x80, 0xfb, 0x00, 0x02, 0x1f, 0xff, 0xfe, 0xfe, 0x00, 0x03, 0x07,
  0xff, 0xff, 0x80, 0xfb, 0x00, 0x02, 0x1f, 0xff, 0xfe, 0xfe, 0x00, 0x03, 0x07, 0xff, 0xff, 0x80, 0xfb, 0x00, 0x02, 0x1f, 0xff, 0xfe, 0xfe, 0x00,
  0x03, 0x07, 0xff, 0xff, 0x80, 0xfb, 0x00, 0x02, 0x3f, 0xff, 0xfe, 0xfe, 0x00, 0x03, 0x07, 0xff, 0xff, 0xc0, 0xfb, 0x00, 0x02, 0x3f, 0xff, 0xfe,
  0xfe, 0x00, 0x03, 0x07, 0xff, 0xff, 0xc0, 0xfb, 0x00, 0x02, 0x3f, 0xff, 0xfe, 0xfe, 0x00, 0x03, 0x07, 0xff, 0xff, 0xc0, 0xfb, 0x00, 0x02, 0x3f,
  0xff, 0xfe, 0xfe, 0x00, 0x03, 0x07, 0xff, 0xff, 0xc0, 0xfb, 0x00, 0x02, 0x3f, 0xff, 0xfe, 0xfe, 0x00, 0x03, 0x07, 0xff, 0xff, 0xc0, 0xfb, 0x00,
  0x02, 0x3f, 0xff, 0xfe, 0xfe, 0x00, 0x03, 0x07, 0xff, 0xff, 0xc0, 0xfb, 0x00, 0x02, 0x3f, 0xff, 0xfe, 0xfe, 0x00, 0x03, 0x07, 0xff, 0xff, 0xc0,
  0xfb, 0x00, 0x02, 0x3f, 0xff, 0xfe, 0xfe, 0x00, 0x03, 0x07, 0xff, 0xff, 0xc0, 0xfb, 0x00, 0x02, 0x1f, 0xff, 0xfe, 0xfe, 0x00, 0x03, 0x07, 0xff,
  0xff, 0x80, 0xfb, 0x00, 0x02, 0x1f, 0xff, 0xfe, 0xfe, 0x00, 0x03, 0x07, 0xff, 0xff, 0x80, 0xfb, 0x00, 0x02, 0x1f, 0xff, 0xfe, 0xfe, 0x00, 0x03,
  0x07, 0xff, 0xff, 0x80, 0xfb, 0x00, 0x02, 0x1f, 0xff, 0xfe, 0xfe, 0x00, 0x03, 0x07, 0xff, 0xff, 0x80, 0xfb, 0x00, 0x02, 0x1f, 0xff, 0xfe, 0xfe,
  0x00, 0x03, 0x07, 0xff, 0xff, 0x80, 0xfb, 0x00, 0x02, 0x1f, 0xff, 0xfe, 0xfe, 0x00, 0x02, 0x07, 0xff, 0xff, 0xfa, 0x00, 0x02, 0x0f, 0xff, 0xfe,
  0xfe, 0x00, 0x02, 0x07, 0xff, 0xff, 0xfa, 0x00, 0x02, 0x0f, 0xff, 0xfe, 0xfe, 0x00, 0x02, 0x07, 0xff, 0xfe, 0xfa, 0x00, 0x08, 0x07, 0xff, 0xfe,
  0x07, 0x80, 0x3e, 0x07, 0xff, 0xfe, 0xfa, 0x00, 0x08, 0x07, 0xff, 0xfc, 0x0f, 0xf0, 0xfe, 0x03, 0xff, 0xfe, 0xfa, 0x00, 0x08, 0x03, 0xff, 0xf8,
  0x0f, 0xff, 0xfe, 0x03, 0xff, 0xfc, 0xfa, 0x00, 0x08, 0x01, 0xff, 0xf0, 0x0f, 0xff, 0xfe, 0x01, 0xff, 0xf8, 0xf9, 0x00, 0x07, 0x3f, 0xc0, 0x07,
  0xff, 0xfc, 0x00, 0x7f, 0xc0, 0xf7, 0x00, 0x02, 0x03, 0xff, 0xf8, 0xf3, 0x00, 0x01, 0xff, 0xf0, 0xf3, 0x00, 0x01, 0x3f, 0xc0, 0x81, 0x00, 0x81,
  0x00, 0xba, 0x00, 0x81, 0x00, 0xbd, 0x00, 0x00, 0xe0, 0xf3, 0x00, 0x01, 0x0f, 0xff, 0xf3, 0x00, 0x02, 0x1f, 0xff, 0xe0, 0xf4, 0x00, 0x02, 0x1f,
  0xff, 0xf0, 0xf4, 0x00, 0x02, 0x3f, 0xff, 0xf8, 0xf4, 0x00, 0x02, 0x3f, 0xff, 0xf8, 0xfc, 0x00, 0x00, 0x08, 0xfa, 0x00, 0x02, 0x3f, 0xff, 0xfc,
  0xfd, 0x00, 0x01, 0x03, 0xfe, 0xfa, 0x00, 0x02, 0x3f, 0xff, 0xfc, 0xfd, 0x00, 0x01, 0xff, 0xff, 0xfa, 0x00, 0x02, 0x7f, 0xff, 0xfc, 0xfe, 0x00,
  0x02, 0x03, 0xff, 0xff, 0xfa, 0x00, 0x02, 0x7f, 0xff, 0xfc, 0xfe, 0x00, 0x03, 0x07, 0xff, 0xff, 0x80, 0xfb, 0x00, 0x02, 0x7f, 0xff, 0xfc, 0xfe,
  0x00, 0x03, 0x0f, 0xff, 0xff, 0x80, 0xfb, 0x00, 0x02, 0x7f, 0xff, 0xfc, 0xfe, 0x00, 0x03, 0x0f, 0xff, 0xff, 0x80, 0xfb, 0x00, 0x02, 0x7f, 0xff,
  0xfc, 0xfe, 0x00, 0x03, 0x0f, 0xff, 0xff, 0x80, 0xfb, 0x00, 0x02, 0x7f, 0xff, 0xfc, 0xfe, 0x00, 0x03, 0x0f, 0xff, 0xff, 0x80, 0xfb, 0x00, 0x02,
  0x3f, 0xff, 0xfc, 0xfe, 0x00, 0x03, 0x0f, 0xff, 0xff, 0x80, 0xfb, 0x00, 0x02, 0x3f, 0xff, 0xfc, 0xfe, 0x00, 0x03, 0x0f, 0xff, 0xff, 0x80, 0xfb,
  0x00, 0x02, 0x3f, 0xff, 0xfc, 0xfe, 0x00, 0x03, 0x0f, 0xff, 0xff, 0x80, 0xfb, 0x00, 0x02, 0x3f, 0xff, 0xfc, 0xfe, 0x00, 0x03, 0x0f, 0xff, 0xff,
  0x80, 0xfb, 0x00, 0x02, 0x3f, 0xff, 0xfc, 0xfe, 0x00, 0x03, 0x0f, 0xff, 0xff, 0x80, 0xfb, 0x00, 0x02, 0x3f, 0xff, 0xfc, 0xfe, 0x00, 0x02, 0x0f,
  0xff, 0xff, 0xfa, 0x00, 0x02, 0x1f, 0xff, 0xfc, 0xfe, 0x00, 0x02, 0x0f, 0xff, 0xff, 0xfa, 0x00, 0x02, 0x1f, 0xff, 0xfc, 0xfe, 0x00, 0x02, 0x0f,
  0xff, 0xff, 0xfa, 0x00, 0x02, 0x1f, 0xff, 0xfc, 0xfe, 0x00, 0x02, 0x0f, 0xff, 0xfe, 0xfa, 0x00, 0x02, 0x1f, 0xff, 0xfc, 0xfe, 0x00, 0x02, 0x0f,
  0xff, 0xfe, 0xfa, 0x00, 0x08, 0x0f, 0xff, 0xfc, 0x00, 0x00, 0x10, 0x0f, 0xff, 0xfe, 0xfa, 0x00, 0x08, 0x07, 0xff, 0xf8, 0x0f, 0x80, 0xf8, 0x0f,
  0xff, 0xfe, 0xfa, 0x00, 0x08, 0x07, 0xff, 0xf8, 0x1f, 0xff, 0xfc, 0x07, 0xff, 0xfc, 0xfa, 0x00, 0x08, 0x03, 0xff, 0xf0, 0x1f, 0xff, 0xfc, 0x07,
  0xff, 0xfc, 0xfa, 0x00, 0x08, 0x01, 0xff, 0xe0, 0x1f, 0xff, 0xfc, 0x03, 0xff, 0xf8, 0xf9, 0x00, 0x07, 0x1f, 0x00, 0x0f, 0xff, 0xf8, 0x01, 0xff,
  0xe0, 0xf7, 0x00, 0x05, 0x07, 0xff, 0xf0, 0x00, 0x7f, 0x80, 0xf7, 0x00, 0x02, 0x01, 0xff, 0xe0, 0xf3, 0x00, 0x00, 0x3f, 0x81, 0x00, 0x81, 0x00,
  0xc9, 0x00, 0x81, 0x00, 0xde, 0x00, 0x01, 0x03, 0xe0, 0xf3, 0x00, 0x01, 0x0f, 0xfe, 0xf3, 0x00, 0x02, 0x1f, 0xff, 0xc0, 0xf4, 0x00, 0x02, 0x1f,
  0xff, 0xe0, 0xf4, 0x00, 0x02, 0x3f, 0xff, 0xf0, 0xf4, 0x00, 0x02, 0x3f, 0xff, 0xf8, 0xf4, 0x00, 0x02, 0x3f, 0xff, 0xf8, 0xf4, 0x00, 0x02, 0x3f,
  0xff, 0xf8, 0xfc, 0x00, 0x00, 0xfc, 0xfa, 0x00, 0x02, 0x7f, 0xff, 0xf8, 0xfe, 0x00, 0x02, 0x01, 0xff, 0xfe, 0xfa, 0x00, 0x02, 0x7f, 0xff, 0xf8,
  0xfe, 0x00, 0x02, 0x07, 0xff, 0xfe, 0xfa, 0x00, 0x02, 0x7f, 0xff, 0xf8, 0xfe, 0x00, 0x02, 0x0f, 0xff, 0xff, 0xfa, 0x00, 0x02, 0x7f, 0xff, 0xf8,
  0xfe, 0x00, 0x02, 0x0f, 0xff, 0xff, 0xfa, 0x00, 0x02, 0x7f, 0xff, 0xf8, 0xfe, 0x00, 0x02, 0x0f, 0xff, 0xff, 0xfa, 0x00, 0x02, 0x7f, 0xff, 0xf8,
  0xfe, 0x00, 0x02, 0x0f, 0xff, 0xff, 0xfa, 0x00, 0x02, 0x7f, 0xff, 0xf8, 0xfe, 0x00, 0x02, 0x0f, 0xff, 0xff, 0xfa, 0x00, 0x02, 0x7f, 0xff, 0xf8,
  0xfe, 0x00, 0x02, 0x1f, 0xff, 0xff, 0xfa, 0x00, 0x02, 0x7f, 0xff, 0xf8, 0xfe, 0x00, 0x02, 0x1f, 0xff, 0xff, 0xfa, 0x00, 0x02, 0x7f, 0xff, 0xf8,
  0xfe, 0x00, 0x02, 0x0f, 0xff, 0xff, 0xfa, 0x00, 0x02, 0x7f, 0xff, 0xf8, 0xfe, 0x00, 0x02, 0x1f, 0xff, 0xff, 0xfa, 0x00, 0x02, 0x3f, 0xff, 0xf8,
  0xfe, 0x00, 0x02, 0x1f, 0xff, 0xff, 0xfa, 0x00, 0x02, 0x3f, 0xff, 0xf8, 0xfe, 0x00, 0x02, 0x1f, 0xff, 0xff, 0xfa, 0x00, 0x02, 0x3f, 0xff, 0xf8,
  0xfe, 0x00, 0x02, 0x0f, 0xff, 0xfe, 0xfa, 0x00, 0x02, 0x3f, 0xff, 0xf8, 0xfe, 0x00, 0x02, 0x0f, 0xff, 0xfe, 0xfa, 0x00, 0x02, 0x1f, 0xff, 0xf8,
  0xfe, 0x00, 0x02, 0x0f, 0xff, 0xfe, 0xfa, 0x00, 0x02, 0x1f, 0xff, 0xf8, 0xfe, 0x00, 0x02, 0x0f, 0xff, 0xfe, 0xfa, 0x00, 0x02, 0x1f, 0xff, 0xf8,
  0xfe, 0x00, 0x02, 0x0f, 0xff, 0xfe, 0xfa, 0x00, 0x08, 0x0f, 0xff, 0xf8, 0x00, 0x00, 0x70, 0x0f, 0xff, 0xfe, 0xfa, 0x00, 0x08, 0x07, 0xff, 0xf8,
  0x1f, 0x01, 0xf8, 0x0f, 0xff, 0xfc, 0xfa, 0x00, 0x08, 0x07, 0xff, 0xf8, 0x1f, 0xff, 0xfc, 0x0f, 0xff, 0xfc, 0xfa, 0x00, 0x08, 0x03, 0xff, 0xf0,
  0x1f, 0xff, 0xfc, 0x07, 0xff, 0xf8, 0xf9, 0x00, 0x07, 0xff, 0xe0, 0x1f, 0xff, 0xf8, 0x07, 0xff, 0xf0, 0xf7, 0x00, 0x05, 0x0f, 0xff, 0xf8, 0x03,
  0xff, 0xe0, 0xf7, 0x00, 0x04, 0x07, 0xff, 0xe0, 0x00, 0x7f, 0xf6, 0x00, 0x02, 0x01, 0xff, 0xc0, 0xf3, 0x00, 0x00, 0x0c, 0x81, 0x00, 0x81, 0x00,
  0xc9, 0x00, 0x81, 0x00, 0xee, 0x00, 0x01, 0x03, 0xe0, 0xf3, 0x00, 0x01, 0x07, 0xfe, 0xf3, 0x00, 0x02, 0x0f, 0xff, 0x80, 0xf4, 0x00, 0x02, 0x1f,
  0xff, 0xe0, 0xf4, 0x00, 0x02, 0x1f, 0xff, 0xf0, 0xf4, 0x00, 0x02, 0x3f, 0xff, 0xf0, 0xf4, 0x00, 0x02, 0x3f, 0xff, 0xf8, 0xf4, 0x00, 0x02, 0x3f,
  0xff, 0xf8, 0xf4, 0x00, 0x02, 0x7f, 0xff, 0xf8, 0xfd, 0x00, 0x01, 0x0f, 0xfc, 0xfa, 0x00, 0x02, 0x7f, 0xff, 0xf8, 0xfe, 0x00, 0x02, 0x03, 0xff,
  0xfe, 0xfa, 0x00, 0x02, 0x7f, 0xff, 0xf8, 0xfe, 0x00, 0x02, 0x0f, 0xff, 0xfe, 0xfa, 0x00, 0x02, 0x7f, 0xff, 0xf8, 0xfe, 0x00, 0x02, 0x0f, 0xff,
  0xfe, 0xfa, 0x00, 0x02, 0x7f, 0xff, 0xf8, 0xfe, 0x00, 0x02, 0x0f, 0xff, 0xff, 0xfa, 0x00, 0x02, 0x7f, 0xff, 0xf8, 0xfe, 0x00, 0x02, 0x0f, 0xff,
  0xff, 0xfa, 0x00, 0x02, 0x7f, 0xff, 0xf8, 0xfe, 0x00, 0x02, 0x0f, 0xff, 0xff, 0xfa, 0x00, 0x02, 0x7f, 0xff, 0xf8, 0xfe, 0x00, 0x02, 0x1f, 0xff,
  0xff, 0xfa, 0x00, 0x02, 0x7f, 0xff, 0xf8, 0xfe, 0x00, 0x02, 0x0f, 0xff, 0xff, 0xfa, 0x00, 0x02, 0x7f, 0xff, 0xf8, 0xfe, 0x00, 0x02, 0x1f, 0xff,
  0xff, 0xfa, 0x00, 0x02, 0x7f, 0xff, 0xf8, 0xfe, 0x00, 0x02, 0x1f, 0xff, 0xff, 0xfa, 0x00, 0x02, 0x7f, 0xff, 0xf8, 0xfe, 0x00, 0x02, 0x1f, 0xff,
  0xff, 0xfa, 0x00, 0x02, 0x3f, 0xff, 0xf8, 0xfe, 0x00, 0x02, 0x1f, 0xff, 0xff, 0xfa, 0x00, 0x02, 0x3f, 0xff, 0xf8, 0xfe, 0x00, 0x02, 0x1f, 0xff,
  0xff, 0xfa, 0x00, 0x02, 0x3f, 0xff, 0xf8, 0xfe, 0x00, 0x02, 0x1f, 0xff, 0xfe, 0xfa, 0x00, 0x02, 0x3f, 0xff, 0xf8, 0xfe, 0x00, 0x02, 0x1f, 0xff,
  0xfe, 0xfa, 0x00, 0x02, 0x3f, 0xff, 0xf8, 0xfe, 0x00, 0x02, 0x1f, 0xff, 0xfe, 0xfa, 0x00, 0x02, 0x1f, 0xff, 0xf8, 0xfe, 0x00, 0x02, 0x1f, 0xff,
  0xfe, 0xfa, 0x00, 0x02, 0x1f, 0xff, 0xf8, 0xfe, 0x00, 0x02, 0x1f, 0xff, 0xfe, 0xfa, 0x00, 0x08, 0x0f, 0xff, 0xf8, 0x08, 0x00, 0x70, 0x1f, 0xff,
  0xfc, 0xfa, 0x00, 0x08, 0x0f, 0xff, 0xf8, 0x3f, 0x03, 0xf8, 0x1f, 0xff, 0xfc, 0xfa, 0x00, 0x08, 0x07, 0xff, 0xf0, 0x3f, 0xff, 0xf8, 0x0f, 0xff,
  0xfc, 0xfa, 0x00, 0x08, 0x03, 0xff, 0xe0, 0x3f, 0xff, 0xf8, 0x0f, 0xff, 0xf8, 0xf9, 0x00, 0x07, 0xff, 0x80, 0x1f, 0xff, 0xf8, 0x07, 0xff, 0xf0,
  0xf7, 0x00, 0x05, 0x0f, 0xff, 0xf0, 0x03, 0xff, 0xe0, 0xf7, 0x00, 0x04, 0x07, 0xff, 0xe0, 0x00, 0x7f, 0xf6, 0x00, 0x02, 0x01, 0xff, 0x80, 0x81,
  0x00, 0x81, 0x00, 0xba, 0x00, 0x81, 0x00, 0xee, 0x00, 0x01, 0x07, 0xfc, 0xf3, 0x00, 0x01, 0x0f, 0xff, 0xf3, 0x00, 0x02, 0x1f, 0xff, 0xc0, 0xf4,
  0x00, 0x02, 0x1f, 0xff, 0xe0, 0xf4, 0x00, 0x02, 0x3f, 0xff, 0xf0, 0xf4, 0x00, 0x02, 0x3f, 0xff, 0xf8, 0xf4, 0x00, 0x02, 0x3f, 0xff, 0xf8, 0xf4,
  0x00, 0x02, 0x3f, 0xff, 0xf8, 0xf4, 0x00, 0x02, 0x7f, 0xff, 0xf8, 0xfe, 0x00, 0x02, 0x01, 0xff, 0xfc, 0xfa, 0x00, 0x02, 0x7f, 0xff, 0xf8, 0xfe,
  0x00, 0x02, 0x0f, 0xff, 0xfc, 0xfa, 0x00, 0x02, 0x7f, 0xff, 0xf8, 0xfe, 0x00, 0x02, 0x0f, 0xff, 0xfc, 0xfa, 0x00, 0x02, 0x7f, 0xff, 0xf8, 0xfe,
  0x00, 0x02, 0x1f, 0xff, 0xfe, 0xfa, 0x00, 0x02, 0x7f, 0xff, 0xf8, 0xfe, 0x00, 0x02, 0x1f, 0xff, 0xfe, 0xfa, 0x00, 0x02, 0x7f, 0xff, 0xf8, 0xfe,
  0x00, 0x02, 0x1f, 0xff, 0xfe, 0xfa, 0x00, 0x02, 0x7f, 0xff, 0xf8, 0xfe, 0x00, 0x02, 0x1f, 0xff, 0xfe, 0xfa, 0x00, 0x02, 0x7f, 0xff, 0xf8, 0xfe,
  0x00, 0x02, 0x1f, 0xff, 0xfe, 0xfa, 0x00, 0x02, 0x7f, 0xff, 0xf8, 0xfe, 0x00, 0x02, 0x1f, 0xff, 0xfe, 0xfa, 0x00, 0x02, 0x7f, 0xff, 0xf8, 0xfe,
  0x00, 0x02, 0x1f, 0xff, 0xfe, 0xfa, 0x00, 0x02, 0x7f, 0xff, 0xf8, 0xfe, 0x00, 0x02, 0x1f, 0xff, 0xfe, 0xfa, 0x00, 0x02, 0x7f, 0xff, 0xf8, 0xfe,
  0x00, 0x02, 0x1f, 0xff, 0xfe, 0xfa, 0x00, 0x02, 0x7f, 0xff, 0xf8, 0xfe, 0x00, 0x02, 0x1f, 0xff, 0xfe, 0xfa, 0x00, 0x02, 0x3f, 0xff, 0xf8, 0xfe,
  0x00, 0x02, 0x1f, 0xff, 0xfe, 0xfa, 0x00, 0x02, 0x3f, 0xff, 0xf8, 0xfe, 0x00, 0x02, 0x1f, 0xff, 0xfe, 0xfa, 0x00, 0x02, 0x3f, 0xff, 0xf8, 0xfe,
  0x00, 0x02, 0x1f, 0xff, 0xfe, 0xfa, 0x00, 0x02, 0x3f, 0xff, 0xf8, 0xfe, 0x00, 0x02, 0x1f, 0xff, 0xfe, 0xfa, 0x00, 0x02, 0x1f, 0xff, 0xf8, 0xfe,
  0x00, 0x02, 0x1f, 0xff, 0xfe, 0xfa, 0x00, 0x02, 0x1f, 0xff, 0xf8, 0xfe, 0x00, 0x02, 0x1f, 0xff, 0xfe, 0xfa, 0x00, 0x08, 0x0f, 0xff, 0xf8, 0x08,
  0x00, 0x70, 0x1f, 0xff, 0xfc, 0xfa, 0x00, 0x08, 0x0f, 0xff, 0xf0, 0x3f, 0x03, 0xf8, 0x1f, 0xff, 0xfc, 0xfa, 0x00, 0x08, 0x07, 0xff, 0xf0, 0x3f,
  0xff, 0xf8, 0x1f, 0xff, 0xfc, 0xfa, 0x00, 0x08, 0x03, 0xff, 0xe0, 0x3f, 0xff, 0xf8, 0x0f, 0xff, 0xf8, 0xf9, 0x00, 0x07, 0x7f, 0x00, 0x1f, 0xff,
  0xf8, 0x0f, 0xff, 0xf0, 0xf7, 0x00, 0x05, 0x0f, 0xff, 0xf0, 0x03, 0xff, 0xc0, 0xf7, 0x00, 0x04, 0x07, 0xff, 0xc0, 0x00, 0x7e, 0xf6, 0x00, 0x02,
  0x01, 0xff, 0x80, 0x81, 0x00, 0x81, 0x00, 0xba, 0x00, 0x81, 0x00, 0xfe, 0x00, 0x01, 0x03, 0xe0, 0xf3, 0x00, 0x01, 0x07, 0xfe, 0xf3, 0x00, 0x02,
  0x0f, 0xff, 0x80, 0xf4, 0x00, 0x02, 0x1f, 0xff, 0xe0, 0xf4, 0x00, 0x02, 0x1f, 0xff, 0xf0, 0xf4, 0x00, 0x02, 0x3f, 0xff, 0xf0, 0xf4, 0x00, 0x02,
  0x3f, 0xff, 0xf8, 0xf4, 0x00, 0x02, 0x3f, 0xff, 0xf8, 0xf4, 0x00, 0x02, 0x7f, 0xff, 0xf8, 0xfc, 0x00, 0x00, 0x20, 0xfa, 0x00, 0x02, 0x7f, 0xff,
  0xf8, 0xfe, 0x00, 0x02, 0x03, 0xff, 0xf8, 0xfa, 0x00, 0x02, 0x7f, 0xff, 0xf8, 0xfe, 0x00, 0x02, 0x0f, 0xff, 0xfc, 0xfa, 0x00, 0x02, 0x7f, 0xff,
  0xf8, 0xfe, 0x00, 0x02, 0x1f, 0xff, 0xfc, 0xfa, 0x00, 0x02, 0x7f, 0xff, 0xf8, 0xfe, 0x00, 0x02, 0x1f, 0xff, 0xfc, 0xfa, 0x00, 0x02, 0x7f, 0xff,
  0xf8, 0xfe, 0x00, 0x02, 0x1f, 0xff, 0xfe, 0xfa, 0x00, 0x02, 0x7f, 0xff, 0xf8, 0xfe, 0x00, 0x02, 0x1f, 0xff, 0xfe, 0xfa, 0x00, 0x02, 0x7f, 0xff,
  0xf8, 0xfe, 0x00, 0x02, 0x1f, 0xff, 0xfe, 0xfa, 0x00, 0x02, 0x7f, 0xff, 0xf8, 0xfe, 0x00, 0x02, 0x1f, 0xff, 0xfe, 0xfa, 0x00, 0x02, 0x7f, 0xff,
  0xf8, 0xfe, 0x00, 0x02, 0x1f, 0xff, 0xfe, 0xfa, 0x00, 0x02, 0x7f, 0xff, 0xf8, 0xfe, 0x00, 0x02, 0x1f, 0xff, 0xfe, 0xfa, 0x00, 0x02, 0x7f, 0xff,
  0xf8, 0xfe, 0x00, 0x02, 0x1f, 0xff, 0xfe, 0xfa, 0x00, 0x02, 0x7f, 0xff, 0xf8, 0xfe, 0x00, 0x02, 0x1f, 0xff, 0xfe, 0xfa, 0x00, 0x02, 0x7f, 0xff,
  0xf8, 0xfe, 0x00, 0x02, 0x1f, 0xff, 0xfe, 0xfa, 0x00, 0x02, 0x3f, 0xff, 0xf8, 0xfe, 0x00, 0x02, 0x1f, 0xff, 0xfe, 0xfa, 0x00, 0x02, 0x3f, 0xff,
  0xf8, 0xfe, 0x00, 0x02, 0x1f, 0xff, 0xfe, 0xfa, 0x00, 0x02, 0x3f, 0xff, 0xf8, 0xfe, 0x00, 0x02, 0x1f, 0xff, 0xfe, 0xfa, 0x00, 0x02, 0x3f, 0xff,
  0xf8, 0xfe, 0x00, 0x02, 0x1f, 0xff, 0xfe, 0xfa, 0x00, 0x02, 0x3f, 0xff, 0xf8, 0xfe, 0x00, 0x02, 0x1f, 0xff, 0xfe, 0xfa, 0x00, 0x02, 0x1f, 0xff,
  0xf8, 0xfe, 0x00, 0x02, 0x1f, 0xff, 0xfc, 0xfa, 0x00, 0x08, 0x1f, 0xff, 0xf0, 0x18, 0x00, 0xf0, 0x1f, 0xff, 0xfc, 0xfa, 0x00, 0x08, 0x0f, 0xff,
  0xf0, 0x3f, 0x8f, 0xf8, 0x1f, 0xff, 0xfc, 0xfa, 0x00, 0x08, 0x07, 0xff, 0xe0, 0x3f, 0xff, 0xf8, 0x1f, 0xff, 0xf8, 0xfa, 0x00, 0x08, 0x01, 0xff,
  0xc0, 0x3f, 0xff, 0xf8, 0x0f, 0xff, 0xf8, 0xf9, 0x00, 0x07, 0x3e, 0x00, 0x3f, 0xff, 0xf0, 0x0f, 0xff, 0xf0, 0xf7, 0x00, 0x05, 0x1f, 0xff, 0xe0,
  0x07, 0xff, 0xc0, 0xf7, 0x00, 0x04, 0x07, 0xff, 0xc0, 0x00, 0xfe, 0xf6, 0x00, 0x01, 0x01, 0xff, 0x81, 0x00, 0x81, 0x00, 0xb9, 0x00, 0x81, 0x00,
  0xfe, 0x00, 0x01, 0x03, 0xf0, 0xf3, 0x00, 0x01, 0x07, 0xfe, 0xf3, 0x00, 0x02, 0x0f, 0xff, 0x80, 0xf4, 0x00, 0x02, 0x1f, 0xff, 0xe0, 0xf4, 0x00,
  0x02, 0x1f, 0xff, 0xf0, 0xf4, 0x00, 0x02, 0x3f, 0xff, 0xf8, 0xf4, 0x00, 0x02, 0x3f, 0xff, 0xf8, 0xf4, 0x00, 0x02, 0x3f, 0xff, 0xf8, 0xf4, 0x00,
  0x02, 0x7f, 0xff, 0xf8, 0xfc, 0x00, 0x00, 0x60, 0xfa, 0x00, 0x02, 0x7f, 0xff, 0xf8, 0xfe, 0x00, 0x02, 0x03, 0xff, 0xf8, 0xfa, 0x00, 0x02, 0x7f,
  0xff, 0xf8, 0xfe, 0x00, 0x02, 0x0f, 0xff, 0xfc, 0xfa, 0x00, 0x02, 0x7f, 0xff, 0xf8, 0xfe, 0x00, 0x02, 0x1f, 0xff, 0xfc, 0xfa, 0x00, 0x02, 0x7f,
  0xff, 0xf8, 0xfe, 0x00, 0x02, 0x1f, 0xff, 0xfe, 0xfa, 0x00, 0x02, 0x7f, 0xff, 0xf8, 0xfe, 0x00, 0x02, 0x1f, 0xff, 0xfe, 0xfa, 0x00, 0x02, 0x7f,
  0xff, 0xf8, 0xfe, 0x00, 0x02, 0x1f, 0xff, 0xfe, 0xfa, 0x00, 0x02, 0x7f, 0xff, 0xf8, 0xfe, 0x00, 0x02, 0x1f, 0xff, 0xfe, 0xfa, 0x00, 0x02, 0x7f,
  0xff, 0xf8, 0xfe, 0x00, 0x02, 0x1f, 0xff, 0xfe, 0xfa, 0x00, 0x02, 0x7f, 0xff, 0xf8, 0xfe, 0x00, 0x02, 0x1f, 0xff, 0xfe, 0xfa, 0x00, 0x02, 0x7f,
  0xff, 0xf8, 0xfe, 0x00, 0x02, 0x1f, 0xff, 0xfe, 0xfa, 0x00, 0x02, 0x7f, 0xff, 0xf8, 0xfe, 0x00, 0x02, 0x1f, 0xff, 0xfe, 0xfa, 0x00, 0x02, 0x7f,
  0xff, 0xf8, 0xfe, 0x00, 0x02, 0x1f, 0xff, 0xfe, 0xfa, 0x00, 0x02, 0x7f, 0xff, 0xf8, 0xfe, 0x00, 0x02, 0x1f, 0xff, 0xfe, 0xfa, 0x00, 0x02, 0x7f,
  0xff, 0xf8, 0xfe, 0x00, 0x02, 0x1f, 0xff, 0xfe, 0xfa, 0x00, 0x02, 0x3f, 0xff, 0xf8, 0xfe, 0x00, 0x02, 0x1f, 0xff, 0xfe, 0xfa, 0x00, 0x02, 0x3f,
  0xff, 0xf8, 0xfe, 0x00, 0x02, 0x1f, 0xff, 0xfe, 0xfa, 0x00, 0x02, 0x3f, 0xff, 0xf8, 0xfe, 0x00, 0x02, 0x1f, 0xff, 0xfe, 0xfa, 0x00, 0x02, 0x3f,
  0xff, 0xf8, 0xfe, 0x00, 0x02, 0x1f, 0xff, 0xfe, 0xfa, 0x00, 0x02, 0x1f, 0xff, 0xf8, 0xfe, 0x00, 0x02, 0x1f, 0xff, 0xfc, 0xfa, 0x00, 0x08, 0x0f,
  0xff, 0xf0, 0x18, 0x00, 0xf0, 0x1f, 0xff, 0xfc, 0xfa, 0x00, 0x08, 0x0f, 0xff, 0xf0, 0x3f, 0x07, 0xf8, 0x1f, 0xff, 0xfc, 0xfa, 0x00, 0x08, 0x07,
  0xff, 0xe0, 0x3f, 0xff, 0xf8, 0x1f, 0xff, 0xf8, 0xfa, 0x00, 0x08, 0x01, 0xff, 0xc0, 0x3f, 0xff, 0xf8, 0x0f, 0xff, 0xf8, 0xf7, 0x00, 0x05, 0x3f,
  0xff, 0xf0, 0x0f, 0xff, 0xf0, 0xf7, 0x00, 0x05, 0x1f, 0xff, 0xe0, 0x07, 0xff, 0xc0, 0xf7, 0x00, 0x04, 0x07, 0xff, 0xc0, 0x00, 0xfe, 0xf6, 0x00,
  0x01, 0x01, 0xff, 0x81, 0x00, 0x81, 0x00, 0xb9, 0x00, 0x81, 0x00, 0xfe, 0x00, 0x01, 0x01, 0xe0, 0xf3, 0x00, 0x01, 0x07, 0xfe, 0xf3, 0x00, 0x02,
  0x0f, 0xff, 0x80, 0xf4, 0x00, 0x02, 0x1f, 0xff, 0xe0, 0xf4, 0x00, 0x02, 0x1f, 0xff, 0xf0, 0xf4, 0x00, 0x02, 0x3f, 0xff, 0xf0, 0xf4, 0x00, 0x02,
  0x3f, 0xff, 0xf8, 0xf4, 0x00, 0x02, 0x3f, 0xff, 0xf8, 0xf4, 0x00, 0x02, 0x7f, 0xff, 0xf8, 0xfc, 0x00, 0x00, 0x70, 0xfa, 0x00, 0x02, 0x7f, 0xff,
  0xf8, 0xfe, 0x00, 0x02, 0x03, 0xff, 0xf8, 0xfa, 0x00, 0x02, 0x7f, 0xff, 0xf8, 0xfe, 0x00, 0x02, 0x0f, 0xff, 0xfc, 0xfa, 0x00, 0x02, 0x7f, 0xff,
  0xf8, 0xfe, 0x00, 0x02, 0x0f, 0xff, 0xfc, 0xfa, 0x00, 0x02, 0x7f, 0xff, 0xf8, 0xfe, 0x00, 0x02, 0x1f, 0xff, 0xfe, 0xfa, 0x00, 0x02, 0x7f, 0xff,
  0xf8, 0xfe, 0x00, 0x02, 0x1f, 0xff, 0xfe, 0xfa, 0x00, 0x02, 0x7f, 0xff, 0xf8, 0xfe, 0x00, 0x02, 0x1f, 0xff, 0xfe, 0xfa, 0x00, 0x02, 0x7f, 0xff,
  0xf8, 0xfe, 0x00, 0x02, 0x1f, 0xff, 0xfe, 0xfa, 0x00, 0x02, 0x7f, 0xff, 0xf8, 0xfe, 0x00, 0x02, 0x1f, 0xff, 0xfe, 0xfa, 0x00, 0x02, 0x7f, 0xff,
  0xf8, 0xfe, 0x00, 0x02, 0x1f, 0xff, 0xfe, 0xfa, 0x00, 0x02, 0x7f, 0xff, 0xf8, 0xfe, 0x00, 0x02, 0x1f, 0xff, 0xfe, 0xfa, 0x00, 0x02, 0x7f, 0xff,
  0xf8, 0xfe, 0x00, 0x02, 0x1f, 0xff, 0xfe, 0xfa, 0x00, 0x02, 0x7f, 0xff, 0xf8, 0xfe, 0x00, 0x02, 0x1f, 0xff, 0xfe, 0xfa, 0x00, 0x02, 0x7f, 0xff,
  0xf8, 0xfe, 0x00, 0x02, 0x1f, 0xff, 0xfe, 0xfa, 0x00, 0x02, 0x7f, 0xff, 0xf8, 0xfe, 0x00, 0x02, 0x1f, 0xff, 0xfe, 0xfa, 0x00, 0x02, 0x3f, 0xff,
  0xf8, 0xfe, 0x00, 0x02, 0x1f, 0xff, 0xfe, 0xfa, 0x00, 0x02, 0x3f, 0xff, 0xf8, 0xfe, 0x00, 0x02, 0x1f, 0xff, 0xfe, 0xfa, 0x00, 0x02, 0x3f, 0xff,
  0xf8, 0xfe, 0x00, 0x02, 0x1f, 0xff, 0xfe, 0xfa, 0x00, 0x02, 0x3f, 0xff, 0xf8, 0xfe, 0x00, 0x02, 0x1f, 0xff, 0xfe, 0xfa, 0x00, 0x02, 0x1f, 0xff,
  0xf8, 0xfe, 0x00, 0x02, 0x1f, 0xff, 0xfe, 0xfa, 0x00, 0x08, 0x1f, 0xff, 0xf8, 0x18, 0x00, 0xf0, 0x1f, 0xff, 0xfc, 0xfa, 0x00, 0x08, 0x0f, 0xff,
  0xf0, 0x3f, 0x8f, 0xf8, 0x1f, 0xff, 0xfc, 0xfa, 0x00, 0x08, 0x07, 0xff, 0xe0, 0x3f, 0xff, 0xf8, 0x1f, 0xff, 0xf8, 0xfa, 0x00, 0x08, 0x01, 0xff,
  0xc0, 0x3f, 0xff, 0xf8, 0x0f, 0xff, 0xf8, 0xf9, 0x00, 0x07, 0x1e, 0x00, 0x3f, 0xff, 0xf0, 0x0f, 0xff, 0xf0, 0xf7, 0x00, 0x05, 0x0f, 0xff, 0xe0,
  0x07, 0xff, 0xc0, 0xf7, 0x00, 0x04, 0x07, 0xff, 0xc0, 0x00, 0xfe, 0xf6, 0x00, 0x01, 0x01, 0xff, 0x81, 0x00, 0x81, 0x00, 0xb9, 0x00, 0x81, 0x00,
  0xfe, 0x00, 0x01, 0x03, 0xf0, 0xf3, 0x00, 0x01, 0x07, 0xfe, 0xf3, 0x00, 0x02, 0x0f, 0xff, 0x80, 0xf4, 0x00, 0x02, 0x1f, 0xff, 0xe0, 0xf4, 0x00,
  0x02, 0x1f, 0xff, 0xf0, 0xf4, 0x00, 0x02, 0x3f, 0xff, 0xf8, 0xf4, 0x00, 0x02, 0x3f, 0xff, 0xf8, 0xf4, 0x00, 0x02, 0x3f, 0xff, 0xf8, 0xf4, 0x00,
  0x02, 0x7f, 0xff, 0xf8, 0xfc, 0x00, 0x00, 0x70, 0xfa, 0x00, 0x02, 0x7f, 0xff, 0xf8, 0xfe, 0x00, 0x02, 0x03, 0xff, 0xf8, 0xfa, 0x00, 0x02, 0x7f,
  0xff, 0xf8, 0xfe, 0x00, 0x02, 0x0f, 0xff, 0xfc, 0xfa, 0x00, 0x02, 0x7f, 0xff, 0xf8, 0xfe, 0x00, 0x02, 0x0f, 0xff, 0xfc, 0xfa, 0x00, 0x02, 0x7f,
  0xff, 0xf8, 0xfe, 0x00, 0x02, 0x1f, 0xff, 0xfe, 0xfa, 0x00, 0x02, 0x7f, 0xff, 0xf8, 0xfe, 0x00, 0x02, 0x1f, 0xff, 0xfe, 0xfa, 0x00, 0x02, 0x7f,
  0xff, 0xf8, 0xfe, 0x00, 0x02, 0x1f, 0xff, 0xfe, 0xfa, 0x00, 0x02, 0x7f, 0xff, 0xf8, 0xfe, 0x00, 0x02, 0x1f, 0xff, 0xfe, 0xfa, 0x00, 0x02, 0x7f,
  0xff, 0xf8, 0xfe, 0x00, 0x02, 0x1f, 0xff, 0xfe, 0xfa, 0x00, 0x02, 0x7f, 0xff, 0xf8, 0xfe, 0x00, 0x02, 0x1f, 0xff, 0xfe, 0xfa, 0x00, 0x02, 0x7f,
  0xff, 0xf8, 0xfe, 0x00, 0x02, 0x1f, 0xff, 0xfe, 0xfa, 0x00, 0x02, 0x7f, 0xff, 0xf8, 0xfe, 0x00, 0x02, 0x1f, 0xff, 0xfe, 0xfa, 0x00, 0x02, 0x7f,
  0xff, 0xf8, 0xfe, 0x00, 0x02, 0x1f, 0xff, 0xfe, 0xfa, 0x00, 0x02, 0x7f, 0xff, 0xf8, 0xfe, 0x00, 0x02, 0x1f, 0xff, 0xfe, 0xfa, 0x00, 0x02, 0x7f,
  0xff, 0xf8, 0xfe, 0x00, 0x02, 0x1f, 0xff, 0xfe, 0xfa, 0x00, 0x02, 0x3f, 0xff, 0xf8, 0xfe, 0x00, 0x02, 0x1f, 0xff, 0xfe, 0xfa, 0x00, 0x02, 0x3f,
  0xff, 0xf8, 0xfe, 0x00, 0x02, 0x1f, 0xff, 0xfe, 0xfa, 0x00, 0x02, 0x3f, 0xff, 0xf8, 0xfe, 0x00, 0x02, 0x1f, 0xff, 0xfe, 0xfa, 0x00, 0x02, 0x3f,
  0xff, 0xf8, 0xfe, 0x00, 0x02, 0x1f, 0xff, 0xfe, 0xfa, 0x00, 0x02, 0x1f, 0xff, 0xf8, 0xfe, 0x00, 0x02, 0x1f, 0xff, 0xfe, 0xfa, 0x00, 0x08, 0x1f,
  0xff, 0xf8, 0x18, 0x00, 0xf0, 0x1f, 0xff, 0xfc, 0xfa, 0x00, 0x08, 0x0f, 0xff, 0xf0, 0x3f, 0x07, 0xf8, 0x1f, 0xff, 0xfc, 0xfa, 0x00, 0x08, 0x07,
  0xff, 0xe0, 0x3f, 0xff, 0xf8, 0x1f, 0xff, 0xf8, 0xfa, 0x00, 0x08, 0x01, 0xff, 0xc0, 0x3f, 0xff, 0xf8, 0x0f, 0xff, 0xf8, 0xf9, 0x00, 0x07, 0x18,
  0x00, 0x3f, 0xff, 0xf0, 0x0f, 0xff, 0xf0, 0xf7, 0x00, 0x05, 0x0f, 0xff, 0xe0, 0x07, 0xff, 0xc0, 0xf7, 0x00, 0x04, 0x07, 0xff, 0xc0, 0x00, 0xfe,
  0xf6, 0x00, 0x01, 0x01, 0xff, 0x81, 0x00, 0x81, 0x00, 0xb9, 0x00, 0x81, 0x00, 0xfe, 0x00, 0x01, 0x01, 0xf0, 0xf3, 0x00, 0x01, 0x07, 0xfe, 0xf3,
  0x00, 0x02, 0x0f, 0xff, 0x80, 0xf4, 0x00, 0x02, 0x1f, 0xff, 0xe0, 0xf4, 0x00, 0x02, 0x1f, 0xff, 0xf0, 0xf4, 0x00, 0x02, 0x3f, 0xff, 0xf8, 0xf4,
  0x00, 0x02, 0x3f, 0xff, 0xf8, 0xf4, 0x00, 0x02, 0x3f, 0xff, 0xf8, 0xf4, 0x00, 0x02, 0x7f, 0xff, 0xf8, 0xfc, 0x00, 0x00, 0x70, 0xfa, 0x00, 0x02,
  0x7f, 0xff, 0xf8, 0xfe, 0x00, 0x02, 0x03, 0xff, 0xf8, 0xfa, 0x00, 0x02, 0x7f, 0xff, 0xf8, 0xfe, 0x00, 0x02, 0x0f, 0xff, 0xfc, 0xfa, 0x00, 0x02,
  0x7f, 0xff, 0xf8, 0xfe, 0x00, 0x02, 0x0f, 0xff, 0xfc, 0xfa, 0x00, 0x02, 0x7f, 0xff, 0xf8, 0xfe, 0x00, 0x02, 0x1f, 0xff, 0xfe, 0xfa, 0x00, 0x02,
  0x7f, 0xff, 0xf8, 0xfe, 0x00, 0x02, 0x1f, 0xff, 0xfe, 0xfa, 0x00, 0x02, 0x7f, 0xff, 0xf8, 0xfe, 0x00, 0x02, 0x1f, 0xff, 0xfe, 0xfa, 0x00, 0x02,
  0x7f, 0xff, 0xf8, 0xfe, 0x00, 0x02, 0x1f, 0xff, 0xfe, 0xfa, 0x00, 0x02, 0x7f, 0xff, 0xf8, 0xfe, 0x00, 0x02, 0x1f, 0xff, 0xfe, 0xfa, 0x00, 0x02,
  0x7f, 0xff, 0xf8, 0xfe, 0x00, 0x02, 0x1f, 0xff, 0xfe, 0xfa, 0x00, 0x02, 0x7f, 0xff, 0xf8, 0xfe, 0x00, 0x02, 0x1f, 0xff, 0xfe, 0xfa, 0x00, 0x02,
  0x7f, 0xff, 0xf8, 0xfe, 0x00, 0x02, 0x1f, 0xff, 0xfe, 0xfa, 0x00, 0x02, 0x7f, 0xff, 0xf8, 0xfe, 0x00, 0x02, 0x1f, 0xff, 0xfe, 0xfa, 0x00, 0x02,
  0x7f, 0xff, 0xf8, 0xfe, 0x00, 0x02, 0x1f, 0xff, 0xfe, 0xfa, 0x00, 0x02, 0x7f, 0xff, 0xf8, 0xfe, 0x00, 0x02, 0x1f, 0xff, 0xfe, 0xfa, 0x00, 0x02,
  0x3f, 0xff, 0xf8, 0xfe, 0x00, 0x02, 0x1f, 0xff, 0xfe, 0xfa, 0x00, 0x02, 0x3f, 0xff, 0xf8, 0xfe, 0x00, 0x02, 0x1f, 0xff, 0xfe, 0xfa, 0x00, 0x02,
  0x3f, 0xff, 0xf8, 0xfe, 0x00, 0x02, 0x1f, 0xff, 0xfe, 0xfa, 0x00, 0x02, 0x3f, 0xff, 0xf8, 0xfe, 0x00, 0x02, 0x1f, 0xff, 0xfe, 0xfa, 0x00, 0x02,
  0x1f, 0xff, 0xf8, 0xfe, 0x00, 0x02, 0x1f, 0xff, 0xfe, 0xfa, 0x00, 0x08, 0x1f, 0xff, 0xf8, 0x18, 0x01, 0xf0, 0x1f, 0xff, 0xfc, 0xfa, 0x00, 0x08,
  0x0f, 0xff, 0xf0, 0x3f, 0x8f, 0xf8, 0x1f, 0xff, 0xfc, 0xfa, 0x00, 0x08, 0x07, 0xff, 0xe0, 0x3f, 0xff, 0xf8, 0x1f, 0xff, 0xf8, 0xfa, 0x00, 0x08,
  0x01, 0xff, 0xc0, 0x3f, 0xff, 0xf8, 0x0f, 0xff, 0xf8, 0xf9, 0x00, 0x07, 0x18, 0x00, 0x3f, 0xff, 0xf0, 0x0f, 0xff, 0xf0, 0xf7, 0x00, 0x05, 0x0f,
  0xff, 0xe0, 0x07, 0xff, 0xc0, 0xf7, 0x00, 0x04, 0x07, 0xff, 0xc0, 0x00, 0xfe, 0xf6, 0x00, 0x01, 0x01, 0xff, 0x81, 0x00, 0x81, 0x00, 0xb9, 0x00,
  0x81, 0x00, 0xfe, 0x00, 0x01, 0x01, 0xf0, 0xf3, 0x00, 0x01, 0x07, 0xfe, 0xf3, 0x00, 0x02, 0x0f, 0xff, 0x80, 0xf4, 0x00, 0x02, 0x1f, 0xff, 0xe0,
  0xf4, 0x00, 0x02, 0x1f, 0xff, 0xf0, 0xf4, 0x00, 0x02, 0x3f, 0xff, 0xf8, 0xf4, 0x00, 0x02, 0x3f, 0xff, 0xf8, 0xf4, 0x00, 0x02, 0x3f, 0xff, 0xf8,
  0xf4, 0x00, 0x02, 0x7f, 0xff, 0xf8, 0xfd, 0x00, 0x01, 0x01, 0xf0, 0xfa, 0x00, 0x02, 0x7f, 0xff, 0xf8, 0xfe, 0x00, 0x02, 0x03, 0xff, 0xf8, 0xfa,
  0x00, 0x02, 0x7f, 0xff, 0xf8, 0xfe, 0x00, 0x02, 0x0f, 0xff, 0xfc, 0xfa, 0x00, 0x02, 0x7f, 0xff, 0xf8, 0xfe, 0x00, 0x02, 0x1f, 0xff, 0xfc, 0xfa,
  0x00, 0x02, 0x7f, 0xff, 0xf8, 0xfe, 0x00, 0x02, 0x1f, 0xff, 0xfe, 0xfa, 0x00, 0x02, 0x7f, 0xff, 0xf8, 0xfe, 0x00, 0x02, 0x1f, 0xff, 0xfe, 0xfa,
  0x00, 0x02, 0x7f, 0xff, 0xf8, 0xfe, 0x00, 0x02, 0x1f, 0xff, 0xfe, 0xfa, 0x00, 0x02, 0x7f, 0xff, 0xf8, 0xfe, 0x00, 0x02, 0x1f, 0xff, 0xfe, 0xfa,
  0x00, 0x02, 0x7f, 0xff, 0xf8, 0xfe, 0x00, 0x02, 0x1f, 0xff, 0xfe, 0xfa, 0x00, 0x02, 0x7f, 0xff, 0xf8, 0xfe, 0x00, 0x02, 0x1f, 0xff, 0xfe, 0xfa,
  0x00, 0x02, 0x7f, 0xff, 0xf8, 0xfe, 0x00, 0x02, 0x1f, 0xff, 0xfe, 0xfa, 0x00, 0x02, 0x7f, 0xff, 0xf8, 0xfe, 0x00, 0x02, 0x1f, 0xff, 0xfe, 0xfa,
  0x00, 0x02, 0x7f, 0xff, 0xf8, 0xfe, 0x00, 0x02, 0x1f, 0xff, 0xfe, 0xfa, 0x00, 0x02, 0x7f, 0xff, 0xf8, 0xfe, 0x00, 0x02, 0x1f, 0xff, 0xfe, 0xfa,
  0x00, 0x02, 0x7f, 0xff, 0xf8, 0xfe, 0x00, 0x02, 0x1f, 0xff, 0xfe, 0xfa, 0x00, 0x02, 0x3f, 0xff, 0xf8, 0xfe, 0x00, 0x02, 0x1f, 0xff, 0xfe, 0xfa,
  0x00, 0x02, 0x3f, 0xff, 0xf8, 0xfe, 0x00, 0x02, 0x1f, 0xff, 0xfe, 0xfa, 0x00, 0x02, 0x3f, 0xff, 0xf8, 0xfe, 0x00, 0x02, 0x1f, 0xff, 0xfe, 0xfa,
  0x00, 0x02, 0x3f, 0xff, 0xf8, 0xfe, 0x00, 0x02, 0x1f, 0xff, 0xfe, 0xfa, 0x00, 0x02, 0x1f, 0xff, 0xf8, 0xfe, 0x00, 0x02, 0x1f, 0xff, 0xfe, 0xfa,
  0x00, 0x08, 0x1f, 0xff, 0xf0, 0x18, 0x00, 0xf0, 0x1f, 0xff, 0xfc, 0xfa, 0x00, 0x08, 0x0f, 0xff, 0xf0, 0x3f, 0x87, 0xf8, 0x1f, 0xff, 0xfc, 0xfa,
  0x00, 0x08, 0x07, 0xff, 0xe0, 0x3f, 0xff, 0xf8, 0x1f, 0xff, 0xf8, 0xfa, 0x00, 0x08, 0x01, 0xff, 0xc0, 0x3f, 0xff, 0xf8, 0x0f, 0xff, 0xf8, 0xf7,
  0x00, 0x05, 0x3f, 0xff, 0xf0, 0x0f, 0xff, 0xf0, 0xf7, 0x00, 0x05, 0x0f, 0xff, 0xe0, 0x03, 0xff, 0xc0, 0xf7, 0x00, 0x04, 0x07, 0xff, 0xc0, 0x00,
  0xfe, 0xf6, 0x00, 0x01, 0x01, 0xff, 0x81, 0x00, 0x81, 0x00, 0xb9, 0x00, 0x81, 0x00, 0xfe, 0x00, 0x01, 0x01, 0xf0, 0xf3, 0x00, 0x01, 0x07, 0xfe,
  0xf3, 0x00, 0x02, 0x0f, 0xff, 0x80, 0xf4, 0x00, 0x02, 0x1f, 0xff, 0xe0, 0xf4, 0x00, 0x02, 0x1f, 0xff, 0xf0, 0xf4, 0x00, 0x02, 0x3f, 0xff, 0xf8,
  0xf4, 0x00, 0x02, 0x3f, 0xff, 0xf8, 0xf4, 0x00, 0x02, 0x3f, 0xff, 0xf8, 0xf4, 0x00, 0x02, 0x7f, 0xff, 0xf8, 0xfd, 0x00, 0x01, 0x01, 0xf0, 0xfa,
  0x00, 0x02, 0x7f, 0xff, 0xf8, 0xfe, 0x00, 0x02, 0x03, 0xff, 0xf8, 0xfa, 0x00, 0x02, 0x7f, 0xff, 0xf8, 0xfe, 0x00, 0x02, 0x0f, 0xff, 0xfc, 0xfa,
  0x00, 0x02, 0x7f, 0xff, 0xf8, 0xfe, 0x00, 0x02, 0x1f, 0xff, 0xfc, 0xfa, 0x00, 0x02, 0x7f, 0xff, 0xf8, 0xfe, 0x00, 0x02, 0x1f, 0xff, 0xfe, 0xfa,
  0x00, 0x02, 0x7f, 0xff, 0xf8, 0xfe, 0x00, 0x02, 0x1f, 0xff, 0xfe, 0xfa, 0x00, 0x02, 0x7f, 0xff, 0xf8, 0xfe, 0x00, 0x02, 0x1f, 0xff, 0xfe, 0xfa,
  0x00, 0x02, 0x7f, 0xff, 0xf8, 0xfe, 0x00, 0x02, 0x1f, 0xff, 0xfe, 0xfa, 0x00, 0x02, 0x7f, 0xff, 0xf8, 0xfe, 0x00, 0x02, 0x1f, 0xff, 0xfe, 0xfa,
  0x00, 0x02, 0x7f, 0xff, 0xf8, 0xfe, 0x00, 0x02, 0x1f, 0xff, 0xfe, 0xfa, 0x00, 0x02, 0x7f, 0xff, 0xf8, 0xfe, 0x00, 0x02, 0x1f, 0xff, 0xfe, 0xfa,
  0x00, 0x02, 0x7f, 0xff, 0xf8, 0xfe, 0x00, 0x02, 0x1f, 0xff, 0xfe, 0xfa, 0x00, 0x02, 0x7f, 0xff, 0xf8, 0xfe, 0x00, 0x02, 0x1f, 0xff, 0xfe, 0xfa,
  0x00, 0x02, 0x7f, 0xff, 0xf8, 0xfe, 0x00, 0x02, 0x1f, 0xff, 0xfe, 0xfa, 0x00, 0x02, 0x3f, 0xff, 0xf8, 0xfe, 0x00, 0x02, 0x1f, 0xff, 0xfe, 0xfa,
  0x00, 0x02, 0x3f, 0xff, 0xf8, 0xfe, 0x00, 0x02, 0x1f, 0xff, 0xfe, 0xfa, 0x00, 0x02, 0x3f, 0xff, 0xf8, 0xfe, 0x00, 0x02, 0x1f, 0xff, 0xfe, 0xfa,
  0x00, 0x02, 0x3f, 0xff, 0xf8, 0xfe, 0x00, 0x02, 0x1f, 0xff, 0xfe, 0xfa, 0x00, 0x02, 0x3f, 0xff, 0xf8, 0xfe, 0x00, 0x02, 0x1f, 0xff, 0xfe, 0xfa,
  0x00, 0x02, 0x1f, 0xff, 0xf8, 0xfe, 0x00, 0x02, 0x1f, 0xff, 0xfe, 0xfa, 0x00, 0x08, 0x1f, 0xff, 0xf0, 0x1c, 0x01, 0xf0, 0x1f, 0xff, 0xfc, 0xfa,
  0x00, 0x08, 0x0f, 0xff, 0xf0, 0x3f, 0xcf, 0xf8, 0x1f, 0xff, 0xfc, 0xfa, 0x00, 0x08, 0x07, 0xff, 0xe0, 0x3f, 0xff, 0xf8, 0x1f, 0xff, 0xf8, 0xfa,
  0x00, 0x08, 0x01, 0xff, 0xc0, 0x3f, 0xff, 0xf8, 0x0f, 0xff, 0xf8, 0xf7, 0x00, 0x05, 0x3f, 0xff, 0xf0, 0x0f, 0xff, 0xf0, 0xf7, 0x00, 0x05, 0x0f,
  0xff, 0xe0, 0x03, 0xff, 0xc0, 0xf7, 0x00, 0x04, 0x07, 0xff, 0xc0, 0x00, 0xfe, 0xf6, 0x00, 0x01, 0x01, 0xff, 0x81, 0x00, 0x81, 0x00, 0xb9, 0x00,
  0x81, 0x00, 0xfe, 0x00, 0x01, 0x03, 0xf8, 0xf3, 0x00, 0x01, 0x07, 0xfe, 0xf3, 0x00, 0x02, 0x0f, 0xff, 0xc0, 0xf4, 0x00, 0x02, 0x1f, 0xff, 0xe0,
  0xf4, 0x00, 0x02, 0x1f, 0xff, 0xf0, 0xf4, 0x00, 0x02, 0x3f, 0xff, 0xf8, 0xf4, 0x00, 0x02, 0x3f, 0xff, 0xf8, 0xf4, 0x00, 0x02, 0x3f, 0xff, 0xf8,
  0xf4, 0x00, 0x02, 0x7f, 0xff, 0xf8, 0xfd, 0x00, 0x01, 0x03, 0xf0, 0xfa, 0x00, 0x02, 0x7f, 0xff, 0xf8, 0xfe, 0x00, 0x02, 0x07, 0xff, 0xf8, 0xfa,
  0x00, 0x02, 0x7f, 0xff, 0xf8, 0xfe, 0x00, 0x02, 0x0f, 0xff, 0xfc, 0xfa, 0x00, 0x02, 0x7f, 0xff, 0xf8, 0xfe, 0x00, 0x02, 0x1f, 0xff, 0xfc, 0xfa,
  0x00, 0x02, 0x7f, 0xff, 0xf8, 0xfe, 0x00, 0x02, 0x1f, 0xff, 0xfe, 0xfa, 0x00, 0x02, 0x7f, 0xff, 0xf8, 0xfe, 0x00, 0x02, 0x1f, 0xff, 0xfe, 0xfa,
  0x00, 0x02, 0x7f, 0xff, 0xf8, 0xfe, 0x00, 0x02, 0x1f, 0xff, 0xfe, 0xfa, 0x00, 0x02, 0x7f, 0xff, 0xf8, 0xfe, 0x00, 0x02, 0x1f, 0xff, 0xfe, 0xfa,
  0x00, 0x02, 0x7f, 0xff, 0xf8, 0xfe, 0x00, 0x02, 0x1f, 0xff, 0xfe, 0xfa, 0x00, 0x02, 0x7f, 0xff, 0xf8, 0xfe, 0x00, 0x02, 0x1f, 0xff, 0xff, 0xfa,
  0x00, 0x02, 0x7f, 0xff, 0xf8, 0xfe, 0x00, 0x02, 0x1f, 0xff, 0xfe, 0xfa, 0x00, 0x02, 0x7f, 0xff, 0xf8, 0xfe, 0x00, 0x02, 0x1f, 0xff, 0xfe, 0xfa,
  0x00, 0x02, 0x7f, 0xff, 0xf8, 0xfe, 0x00, 0x02, 0x1f, 0xff, 0xfe, 0xfa, 0x00, 0x02, 0x7f, 0xff, 0xf8, 0xfe, 0x00, 0x02, 0x1f, 0xff, 0xfe, 0xfa,
  0x00, 0x02, 0x3f, 0xff, 0xf8, 0xfe, 0x00, 0x02, 0x1f, 0xff, 0xfe, 0xfa, 0x00, 0x02, 0x3f, 0xff, 0xf8, 0xfe, 0x00, 0x02, 0x1f, 0xff, 0xfe, 0xfa,
  0x00, 0x02, 0x3f, 0xff, 0xf8, 0xfe, 0x00, 0x02, 0x1f, 0xff, 0xfe, 0xfa, 0x00, 0x02, 0x3f, 0xff, 0xf8, 0xfe, 0x00, 0x02, 0x1f, 0xff, 0xfe, 0xfa,
  0x00, 0x02, 0x1f, 0xff, 0xf8, 0xfe, 0x00, 0x02, 0x1f, 0xff, 0xfe, 0xfa, 0x00, 0x02, 0x1f, 0xff, 0xf8, 0xfe, 0x00, 0x02, 0x1f, 0xff, 0xfe, 0xfa,
  0x00, 0x08, 0x0f, 0xff, 0xf8, 0x1c, 0x01, 0xf0, 0x1f, 0xff, 0xfc, 0xfa, 0x00, 0x08, 0x0f, 0xff, 0xf0, 0x3f, 0x8f, 0xf8, 0x1f, 0xff, 0xfc, 0xfa,
  0x00, 0x08, 0x07, 0xff, 0xe0, 0x3f, 0xff, 0xf8, 0x1f, 0xff, 0xf8, 0xf9, 0x00, 0x07, 0xff, 0xc0, 0x3f, 0xff, 0xf8, 0x0f, 0xff, 0xf8, 0xf7, 0x00,
  0x05, 0x1f, 0xff, 0xf0, 0x0f, 0xff, 0xf0, 0xf7, 0x00, 0x05, 0x0f, 0xff, 0xe0, 0x03, 0xff, 0xc0, 0xf7, 0x00, 0x04, 0x03, 0xff, 0xc0, 0x00, 0x7c,
  0xf5, 0x00, 0x00, 0xff, 0x81, 0x00, 0x81, 0x00, 0xb9, 0x00, 0x81, 0x00, 0xde, 0x00, 0x01, 0x03, 0x80, 0xf3, 0x00, 0x01, 0x0f, 0xf8, 0xf3, 0x00,
  0x01, 0x1f, 0xff, 0xf3, 0x00, 0x02, 0x1f, 0xff, 0xc0, 0xf4, 0x00, 0x02, 0x1f, 0xff, 0xe0, 0xf4, 0x00, 0x02, 0x3f, 0xff, 0xf0, 0xf4, 0x00, 0x02,
  0x3f, 0xff, 0xf8, 0xf4, 0x00, 0x02, 0x3f, 0xff, 0xf8, 0xfd, 0x00, 0x01, 0x03, 0xf8, 0xfa, 0x00, 0x02, 0x3f, 0xff, 0xf8, 0xfe, 0x00, 0x02, 0x03,
  0xff, 0xfc, 0xfa, 0x00, 0x02, 0x7f, 0xff, 0xf8, 0xfe, 0x00, 0x02, 0x07, 0xff, 0xfe, 0xfa, 0x00, 0x02, 0x7f, 0xff, 0xf8, 0xfe, 0x00, 0x02, 0x0f,
  0xff, 0xfe, 0xfa, 0x00, 0x02, 0x7f, 0xff, 0xf8, 0xfe, 0x00, 0x02, 0x0f, 0xff, 0xfe, 0xfa, 0x00, 0x02, 0x7f, 0xff, 0xf8, 0xfe, 0x00, 0x02, 0x0f,
  0xff, 0xff, 0xfa, 0x00, 0x02, 0x7f, 0xff, 0xf8, 0xfe, 0x00, 0x02, 0x1f, 0xff, 0xff, 0xfa, 0x00, 0x02, 0x7f, 0xff, 0xf8, 0xfe, 0x00, 0x02, 0x1f,
  0xff, 0xff, 0xfa, 0x00, 0x02, 0x7f, 0xff, 0xf8, 0xfe, 0x00, 0x02, 0x1f, 0xff, 0xff, 0xfa, 0x00, 0x02, 0x7f, 0xff, 0xf8, 0xfe, 0x00, 0x02, 0x1f,
  0xff, 0xff, 0xfa, 0x00, 0x02, 0x7f, 0xff, 0xf8, 0xfe, 0x00, 0x02, 0x1f, 0xff, 0xff, 0xfa, 0x00, 0x02, 0x7f, 0xff, 0xf8, 0xfe, 0x00, 0x02, 0x1f,
  0xff, 0xff, 0xfa, 0x00, 0x02, 0x7f, 0xff, 0xf8, 0xfe, 0x00, 0x02, 0x1f, 0xff, 0xff, 0xfa, 0x00, 0x02, 0x3f, 0xff, 0xf8, 0xfe, 0x00, 0x02, 0x1f,
  0xff, 0xff, 0xfa, 0x00, 0x02, 0x3f, 0xff, 0xf8, 0xfe, 0x00, 0x02, 0x1f, 0xff, 0xff, 0xfa, 0x00, 0x02, 0x3f, 0xff, 0xf8, 0xfe, 0x00, 0x02, 0x1f,
  0xff, 0xff, 0xfa, 0x00, 0x02, 0x3f, 0xff, 0xf8, 0xfe, 0x00, 0x02, 0x1f, 0xff, 0xfe, 0xfa, 0x00, 0x02, 0x1f, 0xff, 0xf8, 0xfe, 0x00, 0x02, 0x1f,
  0xff, 0xfe, 0xfa, 0x00, 0x02, 0x1f, 0xff, 0xf8, 0xfe, 0x00, 0x02, 0x1f, 0xff, 0xfe, 0xfa, 0x00, 0x08, 0x0f, 0xff, 0xf8, 0x00, 0x00, 0x70, 0x0f,
  0xff, 0xfe, 0xfa, 0x00, 0x08, 0x0f, 0xff, 0xf8, 0x1f, 0x03, 0xf8, 0x0f, 0xff, 0xfc, 0xfa, 0x00, 0x08, 0x07, 0xff, 0xf0, 0x3f, 0xff, 0xf8, 0x0f,
  0xff, 0xfc, 0xfa, 0x00, 0x08, 0x03, 0xff, 0xe0, 0x3f, 0xff, 0xf8, 0x0f, 0xff, 0xf8, 0xf9, 0x00, 0x07, 0xff, 0x80, 0x1f, 0xff, 0xf8, 0x0f, 0xff,
  0xf0, 0xf7, 0x00, 0x05, 0x1f, 0xff, 0xf0, 0x03, 0xff, 0xc0, 0xf7, 0x00, 0x04, 0x07, 0xff, 0xe0, 0x00, 0xfe, 0xf6, 0x00, 0x02, 0x01, 0xff, 0xc0,
  0xf3, 0x00, 0x00, 0x3e, 0x81, 0x00, 0x81, 0x00, 0xc9, 0x00, 0x81, 0x00, 0x81, 0x00, 0xfe, 0x00, 0x01, 0x0f, 0xe0, 0xf3, 0x00, 0x01, 0x1f, 0xfe,
  0xf3, 0x00, 0x02, 0x1f, 0xff, 0xe0, 0xf4, 0x00, 0x02, 0x3f, 0xff, 0xf0, 0xfd, 0x00, 0x01, 0x01, 0xfe, 0xfa, 0x00, 0x02, 0x3f, 0xff, 0xf8, 0xfd,
  0x00, 0x01, 0x3f, 0xff, 0xfa, 0x00, 0x02, 0x3f, 0xff, 0xf8, 0xfe, 0x00, 0x02, 0x03, 0xff, 0xff, 0xfa, 0x00, 0x02, 0x3f, 0xff, 0xf8, 0xfe, 0x00,
  0x02, 0x07, 0xff, 0xff, 0xfa, 0x00, 0x02, 0x3f, 0xff, 0xf8, 0xfe, 0x00, 0x02, 0x07, 0xff, 0xff, 0xfa, 0x00, 0x02, 0x3f, 0xff, 0xf8, 0xfe, 0x00,
  0x03, 0x07, 0xff, 0xff, 0x80, 0xfb, 0x00, 0x02, 0x3f, 0xff, 0xf8, 0xfe, 0x00, 0x03, 0x0f, 0xff, 0xff, 0x80, 0xfb, 0x00, 0x02, 0x3f, 0xff, 0xf8,
  0xfe, 0x00, 0x03, 0x0f, 0xff, 0xff, 0x80, 0xfb, 0x00, 0x02, 0x3f, 0xff, 0xf8, 0xfe, 0x00, 0x03, 0x0f, 0xff, 0xff, 0x80, 0xfb, 0x00, 0x02, 0x3f,
  0xff, 0xf8, 0xfe, 0x00, 0x03, 0x0f, 0xff, 0xff, 0x80, 0xfb, 0x00, 0x02, 0x3f, 0xff, 0xf8, 0xfe, 0x00, 0x03, 0x0f, 0xff, 0xff, 0x80, 0xfb, 0x00,
  0x02, 0x3f, 0xff, 0xf8, 0xfe, 0x00, 0x03, 0x0f, 0xff, 0xff, 0x80, 0xfb, 0x00, 0x02, 0x3f, 0xff, 0xf8, 0xfe, 0x00, 0x02, 0x0f, 0xff, 0xff, 0xfa,
  0x00, 0x02, 0x3f, 0xff, 0xf8, 0xfe, 0x00, 0x02, 0x0f, 0xff, 0xff, 0xfa, 0x00, 0x02, 0x1f, 0xff, 0xf8, 0xfe, 0x00, 0x02, 0x0f, 0xff, 0xff, 0xfa,
  0x00, 0x02, 0x1f, 0xff, 0xf8, 0xfe, 0x00, 0x02, 0x0f, 0xff, 0xff, 0xfa, 0x00, 0x02, 0x1f, 0xff, 0xf8, 0xfe, 0x00, 0x02, 0x0f, 0xff, 0xfe, 0xfa,
  0x00, 0x02, 0x0f, 0xff, 0xf8, 0xfe, 0x00, 0x02, 0x0f, 0xff, 0xfe, 0xfa, 0x00, 0x02, 0x0f, 0xff, 0xf8, 0xfe, 0x00, 0x02, 0x0f, 0xff, 0xfe, 0xfa,
  0x00, 0x08, 0x07, 0xff, 0xf8, 0x0f, 0x80, 0x78, 0x07, 0xff, 0xfc, 0xfa, 0x00, 0x08, 0x07, 0xff, 0xf8, 0x0f, 0xff, 0xfc, 0x07, 0xff, 0xfc, 0xfa,
  0x00, 0x08, 0x03, 0xff, 0xf0, 0x0f, 0xff, 0xfc, 0x07, 0xff, 0xf8, 0xf9, 0x00, 0x07, 0xff, 0xe0, 0x0f, 0xff, 0xfc, 0x03, 0xff, 0xe0, 0xf9, 0x00,
  0x07, 0x0f, 0x00, 0x07, 0xff, 0xfc, 0x00, 0xff, 0x80, 0xf7, 0x00, 0x02, 0x03, 0xff, 0xf8, 0xf3, 0x00, 0x01, 0xff, 0xe0, 0xf3, 0x00, 0x01, 0x3f,
  0x80, 0x81, 0x00, 0x81, 0x00, 0xda, 0x00, 0x81, 0x00, 0x81, 0x00, 0xfe, 0x00, 0x00, 0x06, 0xf2, 0x00, 0x01, 0x0f, 0xe0, 0xf3, 0x00, 0x01, 0x1f,
  0xfe, 0xf3, 0x00, 0x02, 0x1f, 0xff, 0xe0, 0xfc, 0x00, 0x00, 0x3c, 0xfa, 0x00, 0x02, 0x1f, 0xff, 0xf0, 0xfd, 0x00, 0x01, 0x03, 0xff, 0xfa, 0x00,
  0x02, 0x1f, 0xff, 0xf8, 0xfd, 0x00, 0x01, 0xff, 0xff, 0xfa, 0x00, 0x02, 0x1f, 0xff, 0xf8, 0xfe, 0x00, 0x03, 0x03, 0xff, 0xff, 0x80, 0xfb, 0x00,
  0x02, 0x1f, 0xff, 0xf8, 0xfe, 0x00, 0x03, 0x07, 0xff, 0xff, 0x80, 0xfb, 0x00, 0x02, 0x3f, 0xff, 0xf8, 0xfe, 0x00, 0x03, 0x07, 0xff, 0xff, 0x80,
  0xfb, 0x00, 0x02, 0x3f, 0xff, 0xf8, 0xfe, 0x00, 0x03, 0x07, 0xff, 0xff, 0xc0, 0xfb, 0x00, 0x02, 0x3f, 0xff, 0xf8, 0xfe, 0x00, 0x03, 0x07, 0xff,
  0xff, 0xc0, 0xfb, 0x00, 0x02, 0x3f, 0xff, 0xfc, 0xfe, 0x00, 0x03, 0x07, 0xff, 0xff, 0xc0, 0xfb, 0x00, 0x02, 0x3f, 0xff, 0xfe, 0xfe, 0x00, 0x03,
  0x07, 0xff, 0xff, 0xc0, 0xfb, 0x00, 0x02, 0x1f, 0xff, 0xfe, 0xfe, 0x00, 0x03, 0x07, 0xff, 0xff, 0xc0, 0xfb, 0x00, 0x02, 0x1f, 0xff, 0xfe, 0xfe,
  0x00, 0x03, 0x07, 0xff, 0xff, 0xc0, 0xfb, 0x00, 0x02, 0x1f, 0xff, 0xfe, 0xfe, 0x00, 0x03, 0x07, 0xff, 0xff, 0xc0, 0xfb, 0x00, 0x02, 0x1f, 0xff,
  0xfe, 0xfe, 0x00, 0x03, 0x07, 0xff, 0xff, 0x80, 0xfb, 0x00, 0x02, 0x1f, 0xff, 0xfe, 0xfe, 0x00, 0x03, 0x07, 0xff, 0xff, 0x80, 0xfb, 0x00, 0x02,
  0x1f, 0xff, 0xfe, 0xfe, 0x00, 0x03, 0x07, 0xff, 0xff, 0x80, 0xfb, 0x00, 0x02, 0x0f, 0xff, 0xfe, 0xfe, 0x00, 0x03, 0x07, 0xff, 0xff, 0x80, 0xfb,
  0x00, 0x02, 0x0f, 0xff, 0xfe, 0xfe, 0x00, 0x03, 0x07, 0xff, 0xff, 0x80, 0xfb, 0x00, 0x02, 0x0f, 0xff, 0xfe, 0xfe, 0x00, 0x02, 0x07, 0xff, 0xff,
  0xfa, 0x00, 0x08, 0x07, 0xff, 0xfe, 0x07, 0xc0, 0x1c, 0x07, 0xff, 0xff, 0xfa, 0x00, 0x08, 0x07, 0xff, 0xfc, 0x0f, 0xfc, 0x7e, 0x07, 0xff, 0xfe,
  0xfa, 0x00, 0x08, 0x03, 0xff, 0xfc, 0x0f, 0xff, 0xff, 0x03, 0xff, 0xfe, 0xfa, 0x00, 0x08, 0x01, 0xff, 0xfc, 0x0f, 0xff, 0xff, 0x01, 0xff, 0xf8,
  0xf9, 0x00, 0x07, 0xff, 0xf8, 0x07, 0xff, 0xff, 0x00, 0xff, 0xf0, 0xf9, 0x00, 0x07, 0x7f, 0xf0, 0x03, 0xff, 0xfe, 0x00, 0x3f, 0x80, 0xf6, 0x00,
  0x01, 0xff, 0xfc, 0xf3, 0x00, 0x01, 0x1f, 0xe0, 0x81, 0x00, 0x81, 0x00, 0xda, 0x00, 0x81, 0x00, 0x96, 0x00, 0x01, 0x01, 0x80, 0xf3, 0x00, 0x01,
  0x07, 0xc0, 0xf3, 0x00, 0x01, 0x3f, 0xc0, 0xf3, 0x00, 0x01, 0xff, 0xe0, 0xf4, 0x00, 0x02, 0x01, 0xff, 0xe0, 0xf4, 0x00, 0x02, 0x07, 0xff, 0xe0,
  0xf4, 0x00, 0x02, 0x1f, 0xff, 0xe0, 0xf4, 0x00, 0x02, 0x3f, 0xff, 0xe0, 0xf4, 0x00, 0x02, 0x3f, 0xff, 0xc0, 0xfb, 0x00, 0x01, 0x03, 0x80, 0xfc,
  0x00, 0x02, 0x3f, 0xff, 0xc0, 0xfb, 0x00, 0x01, 0x0f, 0xf8, 0xfc, 0x00, 0x02, 0xff, 0xff, 0xc0, 0xfb, 0x00, 0x02, 0x0f, 0xff, 0xc0, 0xfe, 0x00,
  0x03, 0x01, 0xff, 0xff, 0xc0, 0xfb, 0x00, 0x02, 0x0f, 0xff, 0xf8, 0xfe, 0x00, 0x03, 0x03, 0xff, 0xff, 0xc0, 0xfb, 0x00, 0x02, 0x0f, 0xff, 0xfc,
  0xfe, 0x00, 0x03, 0x03, 0xff, 0xff, 0xc0, 0xfb, 0x00, 0x02, 0x0f, 0xff, 0xfe, 0xfe, 0x00, 0x03, 0x03, 0xff, 0xff, 0xc0, 0xfb, 0x00, 0x02, 0x0f,
  0xff, 0xfe, 0xfe, 0x00, 0x03, 0x03, 0xff, 0xff, 0xc0, 0xfb, 0x00, 0x02, 0x0f, 0xff, 0xfe, 0xfe, 0x00, 0x03, 0x03, 0xff, 0xff, 0xc0, 0xfb, 0x00,
  0x02, 0x0f, 0xff, 0xfe, 0xfe, 0x00, 0x03, 0x03, 0xff, 0xff, 0x80, 0xfb, 0x00, 0x02, 0x0f, 0xff, 0xfe, 0xfe, 0x00, 0x03, 0x03, 0xff, 0xff, 0x80,
  0xfb, 0x00, 0x02, 0x0f, 0xff, 0xfe, 0xfe, 0x00, 0x03, 0x03, 0xff, 0xff, 0x80, 0xfb, 0x00, 0x02, 0x0f, 0xff, 0xfe, 0xfe, 0x00, 0x03, 0x03, 0xff,
  0xff, 0x80, 0xfb, 0x00, 0x02, 0x0f, 0xff, 0xfe, 0xfe, 0x00, 0x03, 0x03, 0xff, 0xff, 0x80, 0xfb, 0x00, 0x02, 0x0f, 0xff, 0xfe, 0xfe, 0x00, 0x03,
  0x03, 0xff, 0xff, 0x80, 0xfb, 0x00, 0x02, 0x07, 0xff, 0xfe, 0xfe, 0x00, 0x02, 0x03, 0xff, 0xff, 0xfa, 0x00, 0x08, 0x07, 0xff, 0xfe, 0x03, 0xc0,
  0x00, 0x03, 0xff, 0xff, 0xfa, 0x00, 0x08, 0x07, 0xff, 0xfc, 0x07, 0xf8, 0x1e, 0x03, 0xff, 0xfe, 0xfa, 0x00, 0x08, 0x03, 0xff, 0xfc, 0x07, 0xff,
  0xff, 0x01, 0xff, 0xfe, 0xfa, 0x00, 0x08, 0x01, 0xff, 0xfc, 0x07, 0xff, 0xff, 0x00, 0xff, 0xfc, 0xf9, 0x00, 0x07, 0xff, 0xf8, 0x03, 0xff, 0xff,
  0x00, 0xff, 0xe0, 0xf9, 0x00, 0x07, 0x7f, 0xf0, 0x01, 0xff, 0xfe, 0x00, 0x1f, 0x80, 0xf6, 0x00, 0x01, 0x7f, 0xfc, 0xf3, 0x00, 0x01, 0x1f, 0xe0,
  0x81, 0x00, 0x81, 0x00, 0xda, 0x00, 0x81, 0x00, 0x96, 0x00, 0x01, 0x07, 0xc0, 0xf3, 0x00, 0x01, 0x1f, 0xc0, 0xf3, 0x00, 0x01, 0xff, 0xe0, 0xf4,
  0x00, 0x02, 0x01, 0xff, 0xe0, 0xf4, 0x00, 0x02, 0x07, 0xff, 0xe0, 0xf4, 0x00, 0x02, 0x1f, 0xff, 0xf0, 0xf4, 0x00, 0x02, 0x3f, 0xff, 0xf0, 0xf4,
  0x00, 0x02, 0x7f, 0xff, 0xf0, 0xfb, 0x00, 0x01, 0x01, 0xf8, 0xfc, 0x00, 0x02, 0xff, 0xff, 0xf0, 0xfb, 0x00, 0x02, 0x03, 0xff, 0xc0, 0xfd, 0x00,
  0x02, 0xff, 0xff, 0xf0, 0xfb, 0x00, 0x02, 0x03, 0xff, 0xfe, 0xfd, 0x00, 0x02, 0xff, 0xff, 0xf0, 0xfb, 0x00, 0x02, 0x03, 0xff, 0xff, 0xfd, 0x00,
  0x02, 0xff, 0xff, 0xf0, 0xfb, 0x00, 0x03, 0x07, 0xff, 0xff, 0x80, 0xfe, 0x00, 0x02, 0xff, 0xff, 0xf0, 0xfb, 0x00, 0x03, 0x07, 0xff, 0xff, 0x80,
  0xfe, 0x00, 0x02, 0xff, 0xff, 0xe0, 0xfb, 0x00, 0x03, 0x07, 0xff, 0xff, 0x80, 0xfe, 0x00, 0x02, 0xff, 0xff, 0xe0, 0xfb, 0x00, 0x03, 0x07, 0xff,
  0xff, 0x80, 0xfe, 0x00, 0x02, 0xff, 0xff, 0xe0, 0xfb, 0x00, 0x03, 0x07, 0xff, 0xff, 0x80, 0xfe, 0x00, 0x02, 0xff, 0xff, 0xe0, 0xfb, 0x00, 0x03,
  0x07, 0xff, 0xff, 0x80, 0xfe, 0x00, 0x02, 0xff, 0xff, 0xe0, 0xfb, 0x00, 0x03, 0x07, 0xff, 0xff, 0x80, 0xfe, 0x00, 0x02, 0xff, 0xff, 0xc0, 0xfb,
  0x00, 0x03, 0x03, 0xff, 0xff, 0xc0, 0xfe, 0x00, 0x02, 0xff, 0xff, 0xc0, 0xfb, 0x00, 0x03, 0x03, 0xff, 0xff, 0xc0, 0xfe, 0x00, 0x02, 0xff, 0xff,
  0xc0, 0xfb, 0x00, 0x03, 0x03, 0xff, 0xff, 0xc0, 0xfe, 0x00, 0x02, 0xff, 0xff, 0xc0, 0xfb, 0x00, 0x03, 0x03, 0xff, 0xff, 0xc0, 0xfe, 0x00, 0x02,
  0x7f, 0xff, 0x80, 0xfb, 0x00, 0x09, 0x01, 0xff, 0xff, 0xc0, 0x7e, 0x01, 0xc0, 0x7f, 0xff, 0x80, 0xfb, 0x00, 0x08, 0x01, 0xff, 0xff, 0x80, 0x7f,
  0x87, 0xe0, 0x3f, 0xfe, 0xfa, 0x00, 0x08, 0x01, 0xff, 0xff, 0x80, 0x7f, 0xff, 0xf0, 0x1f, 0xfc, 0xf9, 0x00, 0x07, 0xff, 0xff, 0x80, 0x7f, 0xff,
  0xf0, 0x03, 0xc0, 0xf9, 0x00, 0x05, 0x7f, 0xff, 0x00, 0x7f, 0xff, 0xe0, 0xf7, 0x00, 0x05, 0x3f, 0xfe, 0x00, 0x3f, 0xff, 0xc0, 0xf7, 0x00, 0x05,
  0x07, 0xfc, 0x00, 0x1f, 0xff, 0x80, 0xf4, 0x00, 0x01, 0x03, 0xfe, 0x81, 0x00, 0x81, 0x00, 0xca, 0x00, 0x81, 0x00, 0xb6, 0x00, 0x01, 0x0f, 0xc0,
  0xf3, 0x00, 0x01, 0x3f, 0xe0, 0xf3, 0x00, 0x01, 0xff, 0xe0, 0xf4, 0x00, 0x02, 0x01, 0xff, 0xe0, 0xf4, 0x00, 0x02, 0x07, 0xff, 0xf0, 0xf4, 0x00,
  0x02, 0x1f, 0xff, 0xf0, 0xf4, 0x00, 0x02, 0x3f, 0xff, 0xf0, 0xf4, 0x00, 0x02, 0x7f, 0xff, 0xf0, 0xf4, 0x00, 0x02, 0x7f, 0xff, 0xf8, 0xfa, 0x00,
  0x00, 0xfe, 0xfc, 0x00, 0x02, 0xff, 0xff, 0xf8, 0xfb, 0x00, 0x02, 0x01, 0xff, 0xf0, 0xfd, 0x00, 0x02, 0xff, 0xff, 0xf8, 0xfb, 0x00, 0x02, 0x01,
  0xff, 0xff, 0xfd, 0x00, 0x02, 0xff, 0xff, 0xf8, 0xfb, 0x00, 0x03, 0x03, 0xff, 0xff, 0x80, 0xfe, 0x00, 0x02, 0xff, 0xff, 0xf8, 0xfb, 0x00, 0x03,
  0x03, 0xff, 0xff, 0xc0, 0xfe, 0x00, 0x02, 0x7f, 0xff, 0xf8, 0xfb, 0x00, 0x03, 0x03, 0xff, 0xff, 0xc0, 0xfe, 0x00, 0x02, 0x7f, 0xff, 0xf0, 0xfb,
  0x00, 0x03, 0x03, 0xff, 0xff, 0xc0, 0xfe, 0x00, 0x02, 0x7f, 0xff, 0xf0, 0xfb, 0x00, 0x03, 0x03, 0xff, 0xff, 0xc0, 0xfe, 0x00, 0x02, 0x7f, 0xff,
  0xf0, 0xfb, 0x00, 0x03, 0x03, 0xff, 0xff, 0xc0, 0xfe, 0x00, 0x02, 0x7f, 0xff, 0xf0, 0xfb, 0x00, 0x03, 0x03, 0xff, 0xff, 0xc0, 0xfe, 0x00, 0x02,
  0x7f, 0xff, 0xf0, 0xfb, 0x00, 0x03, 0x03, 0xff, 0xff, 0xc0, 0xfe, 0x00, 0x02, 0x7f, 0xff, 0xe0, 0xfb, 0x00, 0x03, 0x03, 0xff, 0xff, 0xc0, 0xfe,
  0x00, 0x02, 0x7f, 0xff, 0xe0, 0xfb, 0x00, 0x03, 0x03, 0xff, 0xff, 0xe0, 0xfe, 0x00, 0x02, 0x7f, 0xff, 0xe0, 0xfb, 0x00, 0x03, 0x01, 0xff, 0xff,
  0xe0, 0xfe, 0x00, 0x02, 0x7f, 0xff, 0xc0, 0xfb, 0x00, 0x03, 0x01, 0xff, 0xff, 0xe0, 0xfe, 0x00, 0x02, 0x7f, 0xff, 0xc0, 0xfb, 0x00, 0x09, 0x01,
  0xff, 0xff, 0xc0, 0x18, 0x00, 0x00, 0x3f, 0xff, 0x80, 0xfa, 0x00, 0x07, 0xff, 0xff, 0xc0, 0x3f, 0x01, 0xf0, 0x1f, 0xff, 0xf9, 0x00, 0x07, 0xff,
  0xff, 0xc0, 0x3f, 0xcf, 0xf8, 0x0f, 0xfc, 0xf9, 0x00, 0x05, 0x7f, 0xff, 0xc0, 0x3f, 0xff, 0xf8, 0xf7, 0x00, 0x05, 0x7f, 0xff, 0xc0, 0x3f, 0xff,
  0xf0, 0xf7, 0x00, 0x05, 0x3f, 0xff, 0x80, 0x1f, 0xff, 0xe0, 0xf7, 0x00, 0x05, 0x0f, 0xff, 0x00, 0x0f, 0xff, 0xc0, 0xf6, 0x00, 0x03, 0xf8, 0x00,
  0x03, 0xff, 0xf2, 0x00, 0x00, 0x38, 0x81, 0x00, 0x81, 0x00, 0xca, 0x00, 0x81, 0x00, 0xc6, 0x00, 0x00, 0x01, 0xf2, 0x00, 0x01, 0x0f, 0xc0, 0xf3,
  0x00, 0x01, 0x3f, 0xe0, 0xf3, 0x00, 0x01, 0xff, 0xe0, 0xf4, 0x00, 0x02, 0x01, 0xff, 0xf0, 0xf4, 0x00, 0x02, 0x07, 0xff, 0xf0, 0xf4, 0x00, 0x02,
  0x1f, 0xff, 0xf0, 0xf4, 0x00, 0x02, 0x3f, 0xff, 0xf0, 0xf4, 0x00, 0x02, 0x7f, 0xff, 0xf0, 0xf4, 0x00, 0x02, 0x7f, 0xff, 0xf8, 0xfa, 0x00, 0x00,
  0xfe, 0xfc, 0x00, 0x02, 0xff, 0xff, 0xf8, 0xfb, 0x00, 0x02, 0x01, 0xff, 0xf0, 0xfd, 0x00, 0x02, 0xff, 0xff, 0xf8, 0xfb, 0x00, 0x02, 0x01, 0xff,
  0xff, 0xfd, 0x00, 0x02, 0xff, 0xff, 0xf8, 0xfb, 0x00, 0x03, 0x03, 0xff, 0xff, 0x80, 0xfe, 0x00, 0x02, 0x7f, 0xff, 0xf8, 0xfb, 0x00, 0x03, 0x03,
  0xff, 0xff, 0xc0, 0xfe, 0x00, 0x02, 0x7f, 0xff, 0xf8, 0xfb, 0x00, 0x03, 0x03, 0xff, 0xff, 0xc0, 0xfe, 0x00, 0x02, 0x7f, 0xff, 0xf0, 0xfb, 0x00,
  0x03, 0x03, 0xff, 0xff, 0xc0, 0xfe, 0x00, 0x02, 0x7f, 0xff, 0xf0, 0xfb, 0x00, 0x03, 0x03, 0xff, 0xff, 0xc0, 0xfe, 0x00, 0x02, 0x7f, 0xff, 0xf0,
  0xfb, 0x00, 0x03, 0x03, 0xff, 0xff, 0xc0, 0xfe, 0x00, 0x02, 0x7f, 0xff, 0xf0, 0xfb, 0x00, 0x03, 0x03, 0xff, 0xff, 0xc0, 0xfe, 0x00, 0x02, 0x7f,
  0xff, 0xe0, 0xfb, 0x00, 0x03, 0x03, 0xff, 0xff, 0xc0, 0xfe, 0x00, 0x02, 0x7f, 0xff, 0xe0, 0xfb, 0x00, 0x03, 0x03, 0xff, 0xff, 0xe0, 0xfe, 0x00,
  0x02, 0x7f, 0xff, 0xe0, 0xfb, 0x00, 0x03, 0x03, 0xff, 0xff, 0xe0, 0xfe, 0x00, 0x02, 0x7f, 0xff, 0xe0, 0xfb, 0x00, 0x03, 0x01, 0xff, 0xff, 0xe0,
  0xfe, 0x00, 0x02, 0x7f, 0xff, 0xc0, 0xfb, 0x00, 0x03, 0x01, 0xff, 0xff, 0xe0, 0xfe, 0x00, 0x02, 0x7f, 0xff, 0xc0, 0xfb, 0x00, 0x09, 0x01, 0xff,
  0xff, 0xe0, 0x1c, 0x00, 0x00, 0x3f, 0xff, 0x80, 0xfa, 0x00, 0x07, 0xff, 0xff, 0xe0, 0x3f, 0x01, 0xf0, 0x1f, 0xff, 0xf9, 0x00, 0x07, 0xff, 0xff,
  0xc0, 0x3f, 0xff, 0xf8, 0x0f, 0xfc, 0xf9, 0x00, 0x05, 0xff, 0xff, 0xc0, 0x3f, 0xff, 0xf8, 0xf7, 0x00, 0x05, 0x7f, 0xff, 0xc0, 0x3f, 0xff, 0xf0,
  0xf7, 0x00, 0x05, 0x3f, 0xff, 0x80, 0x1f, 0xff, 0xe0, 0xf7, 0x00, 0x05, 0x0f, 0xff, 0x00, 0x0f, 0xff, 0xc0, 0xf6, 0x00, 0x03, 0xf8, 0x00, 0x03,
  0xff, 0xf2, 0x00, 0x00, 0x10, 0x81, 0x00, 0x81, 0x00, 0xca, 0x00, 0x81, 0x00, 0xc6, 0x00, 0x00, 0x03, 0xf2, 0x00, 0x01, 0x0f, 0xc0, 0xf3, 0x00,
  0x01, 0x3f, 0xe0, 0xf3, 0x00, 0x01, 0xff, 0xe0, 0xf4, 0x00, 0x02, 0x03, 0xff, 0xf0, 0xf4, 0x00, 0x02, 0x07, 0xff, 0xf0, 0xf4, 0x00, 0x02, 0x1f,
  0xff, 0xf0, 0xf4, 0x00, 0x02, 0x3f, 0xff, 0xf0, 0xf4, 0x00, 0x02, 0x7f, 0xff, 0xf0, 0xfa, 0x00, 0x00, 0x20, 0xfc, 0x00, 0x02, 0x7f, 0xff, 0xf8,
  0xfa, 0x00, 0x00, 0xff, 0xfc, 0x00, 0x02, 0xff, 0xff, 0xf8, 0xfb, 0x00, 0x02, 0x01, 0xff, 0xf8, 0xfd, 0x00, 0x02, 0xff, 0xff, 0xf8, 0xfb, 0x00,
  0x02, 0x01, 0xff, 0xff, 0xfd, 0x00, 0x02, 0xff, 0xff, 0xf8, 0xfb, 0x00, 0x03, 0x03, 0xff, 0xff, 0xc0, 0xfe, 0x00, 0x02, 0x7f, 0xff, 0xf8, 0xfb,
  0x00, 0x03, 0x03, 0xff, 0xff, 0xc0, 0xfe, 0x00, 0x02, 0x7f, 0xff, 0xf8, 0xfb, 0x00, 0x03, 0x03, 0xff, 0xff, 0xc0, 0xfe, 0x00, 0x02, 0x7f, 0xff,
  0xf0, 0xfb, 0x00, 0x03, 0x03, 0xff, 0xff, 0xc0, 0xfe, 0x00, 0x02, 0x7f, 0xff, 0xf0, 0xfb, 0x00, 0x03, 0x03, 0xff, 0xff, 0xc0, 0xfe, 0x00, 0x02,
  0x7f, 0xff, 0xf0, 0xfb, 0x00, 0x03, 0x03, 0xff, 0xff, 0xc0, 0xfe, 0x00, 0x02, 0x7f, 0xff, 0xf0, 0xfb, 0x00, 0x03, 0x03, 0xff, 0xff, 0xc0, 0xfe,
  0x00, 0x02, 0x7f, 0xff, 0xe0, 0xfb, 0x00, 0x03, 0x03, 0xff, 0xff, 0xc0, 0xfe, 0x00, 0x02, 0x7f, 0xff, 0xe0, 0xfb, 0x00, 0x03, 0x03, 0xff, 0xff,
  0xe0, 0xfe, 0x00, 0x02, 0x7f, 0xff, 0xe0, 0xfb, 0x00, 0x03, 0x03, 0xff, 0xff, 0xe0, 0xfe, 0x00, 0x02, 0x7f, 0xff, 0xe0, 0xfb, 0x00, 0x03, 0x01,
  0xff, 0xff, 0xe0, 0xfe, 0x00, 0x02, 0x7f, 0xff, 0xc0, 0xfb, 0x00, 0x03, 0x01, 0xff, 0xff, 0xe0, 0xfe, 0x00, 0x02, 0x7f, 0xff, 0xc0, 0xfb, 0x00,
  0x09, 0x01, 0xff, 0xff, 0xc0, 0x1c, 0x00, 0x00, 0x3f, 0xff, 0x80, 0xfa, 0x00, 0x07, 0xff, 0xff, 0xc0, 0x3f, 0x01, 0xf0, 0x1f, 0xff, 0xf9, 0x00,
  0x07, 0xff, 0xff, 0xc0, 0x3f, 0xff, 0xf8, 0x07, 0xfc, 0xf9, 0x00, 0x05, 0x7f, 0xff, 0xc0, 0x3f, 0xff, 0xf8, 0xf7, 0x00, 0x05, 0x7f, 0xff, 0xc0,
  0x3f, 0xff, 0xf0, 0xf7, 0x00, 0x05, 0x3f, 0xff, 0x80, 0x1f, 0xff, 0xe0, 0xf7, 0x00, 0x05, 0x0f, 0xff, 0x00, 0x0f, 0xff, 0xc0, 0xf6, 0x00, 0x03,
  0xf8, 0x00, 0x03, 0xff, 0x81, 0x00, 0x81, 0x00, 0xba, 0x00, 0x81, 0x00, 0xb6, 0x00, 0x01, 0x0f, 0xc0, 0xf3, 0x00, 0x01, 0x3f, 0xe0, 0xf3, 0x00,
  0x01, 0xff, 0xe0, 0xf4, 0x00, 0x02, 0x03, 0xff, 0xf0, 0xf4, 0x00, 0x02, 0x07, 0xff, 0xf0, 0xf4, 0x00, 0x02, 0x1f, 0xff, 0xf0, 0xf4, 0x00, 0x02,
  0x3f, 0xff, 0xf0, 0xf4, 0x00, 0x02, 0x7f, 0xff, 0xf8, 0xfa, 0x00, 0x00, 0x20, 0xfc, 0x00, 0x02, 0x7f, 0xff, 0xf8, 0xfa, 0x00, 0x00, 0xff, 0xfc,
  0x00, 0x02, 0xff, 0xff, 0xf8, 0xfb, 0x00, 0x02, 0x01, 0xff, 0xf8, 0xfd, 0x00, 0x02, 0xff, 0xff, 0xf8, 0xfb, 0x00, 0x02, 0x01, 0xff, 0xff, 0xfd,
  0x00, 0x02, 0xff, 0xff, 0xf8, 0xfb, 0x00, 0x03, 0x03, 0xff, 0xff, 0xc0, 0xfe, 0x00, 0x02, 0x7f, 0xff, 0xf8, 0xfb, 0x00, 0x03, 0x03, 0xff, 0xff,
  0xc0, 0xfe, 0x00, 0x02, 0x7f, 0xff, 0xf8, 0xfb, 0x00, 0x03, 0x03, 0xff, 0xff, 0xc0, 0xfe, 0x00, 0x02, 0x7f, 0xff, 0xf0, 0xfb, 0x00, 0x03, 0x03,
  0xff, 0xff, 0xc0, 0xfe, 0x00, 0x02, 0x7f, 0xff, 0xf0, 0xfb, 0x00, 0x03, 0x03, 0xff, 0xff, 0xc0, 0xfe, 0x00, 0x02, 0x7f, 0xff, 0xf0, 0xfb, 0x00,
  0x03, 0x03, 0xff, 0xff, 0xc0, 0xfe, 0x00, 0x02, 0x7f, 0xff, 0xf0, 0xfb, 0x00, 0x03, 0x03, 0xff, 0xff, 0xc0, 0xfe, 0x00, 0x02, 0x7f, 0xff, 0xf0,
  0xfb, 0x00, 0x03, 0x03, 0xff, 0xff, 0xe0, 0xfe, 0x00, 0x02, 0x7f, 0xff, 0xe0, 0xfb, 0x00, 0x03, 0x03, 0xff, 0xff, 0xe0, 0xfe, 0x00, 0x02, 0x7f,
  0xff, 0xe0, 0xfb, 0x00, 0x03, 0x03, 0xff, 0xff, 0xe0, 0xfe, 0x00, 0x02, 0x7f, 0xff, 0xe0, 0xfb, 0x00, 0x03, 0x01, 0xff, 0xff, 0xe0, 0xfe, 0x00,
  0x02, 0x7f, 0xff, 0xc0, 0xfb, 0x00, 0x03, 0x01, 0xff, 0xff, 0xe0, 0xfe, 0x00, 0x02, 0x7f, 0xff, 0xc0, 0xfb, 0x00, 0x09, 0x01, 0xff, 0xff, 0xe0,
  0x1c, 0x00, 0x00, 0x3f, 0xff, 0x80, 0xfa, 0x00, 0x07, 0xff, 0xff, 0xe0, 0x3f, 0x01, 0xf0, 0x1f, 0xff, 0xf9, 0x00, 0x07, 0xff, 0xff, 0xe0, 0x7f,
  0xff, 0xf8, 0x07, 0xfc, 0xf9, 0x00, 0x05, 0x7f, 0xff, 0xc0, 0x3f, 0xff, 0xf8, 0xf7, 0x00, 0x05, 0x7f, 0xff, 0xc0, 0x3f, 0xff, 0xf0, 0xf7, 0x00,
  0x05, 0x3f, 0xff, 0x80, 0x1f, 0xff, 0xe0, 0xf7, 0x00, 0x05, 0x0f, 0xff, 0x00, 0x0f, 0xff, 0xc0, 0xf6, 0x00, 0x03, 0xf8, 0x00, 0x03, 0xff, 0x81,
  0x00, 0x81, 0x00, 0xba, 0x00, 0x81, 0x00, 0xc6, 0x00, 0x00, 0x02, 0xf2, 0x00, 0x01, 0x0f, 0xc0, 0xf3, 0x00, 0x01, 0x7f, 0xe0, 0xf3, 0x00, 0x01,
  0xff, 0xe0, 0xf4, 0x00, 0x02, 0x03, 0xff, 0xf0, 0xf4, 0x00, 0x02, 0x07, 0xff, 0xf0, 0xf4, 0x00, 0x02, 0x1f, 0xff, 0xf0, 0xf4, 0x00, 0x02, 0x3f,
  0xff, 0xf0, 0xf4, 0x00, 0x02, 0x7f, 0xff, 0xf8, 0xfa, 0x00, 0x00, 0x60, 0xfc, 0x00, 0x02, 0x7f, 0xff, 0xf8, 0xfa, 0x00, 0x00, 0xff, 0xfc, 0x00,
  0x02, 0xff, 0xff, 0xf8, 0xfb, 0x00, 0x02, 0x01, 0xff, 0xf8, 0xfd, 0x00, 0x02, 0xff, 0xff, 0xf8, 0xfb, 0x00, 0x02, 0x01, 0xff, 0xff, 0xfd, 0x00,
  0x02, 0xff, 0xff, 0xf8, 0xfb, 0x00, 0x03, 0x03, 0xff, 0xff, 0xc0, 0xfe, 0x00, 0x02, 0xff, 0xff, 0xf8, 0xfb, 0x00, 0x03, 0x03, 0xff, 0xff, 0xc0,
  0xfe, 0x00, 0x02, 0x7f, 0xff, 0xf8, 0xfb, 0x00, 0x03, 0x03, 0xff, 0xff, 0xc0, 0xfe, 0x00, 0x02, 0x7f, 0xff, 0xf0, 0xfb, 0x00, 0x03, 0x03, 0xff,
  0xff, 0xc0, 0xfe, 0x00, 0x02, 0x7f, 0xff, 0xf0, 0xfb, 0x00, 0x03, 0x03, 0xff, 0xff, 0xc0, 0xfe, 0x00, 0x02, 0x7f, 0xff, 0xf0, 0xfb, 0x00, 0x03,
  0x03, 0xff, 0xff, 0xc0, 0xfe, 0x00, 0x02, 0x7f, 0xff, 0xf0, 0xfb, 0x00, 0x03, 0x03, 0xff, 0xff, 0xc0, 0xfe, 0x00, 0x02, 0x7f, 0xff, 0xf0, 0xfb,
  0x00, 0x03, 0x03, 0xff, 0xff, 0xc0, 0xfe, 0x00, 0x02, 0x7f, 0xff, 0xe0, 0xfb, 0x00, 0x03, 0x03, 0xff, 0xff, 0xe0, 0xfe, 0x00, 0x02, 0x7f, 0xff,
  0xe0, 0xfb, 0x00, 0x03, 0x03, 0xff, 0xff, 0xe0, 0xfe, 0x00, 0x02, 0x7f, 0xff, 0xe0, 0xfb, 0x00, 0x03, 0x01, 0xff, 0xff, 0xe0, 0xfe, 0x00, 0x02,
  0x7f, 0xff, 0xc0, 0xfb, 0x00, 0x03, 0x01, 0xff, 0xff, 0xe0, 0xfe, 0x00, 0x02, 0x7f, 0xff, 0xc0, 0xfb, 0x00, 0x09, 0x01, 0xff, 0xff, 0xc0, 0x1c,
  0x00, 0x00, 0x3f, 0xff, 0x80, 0xfa, 0x00, 0x07, 0xff, 0xff, 0xc0, 0x3f, 0x01, 0xf0, 0x1f, 0xff, 0xf9, 0x00, 0x07, 0xff, 0xff, 0xc0, 0x3f, 0xff,
  0xf8, 0x07, 0xfc, 0xf9, 0x00, 0x05, 0x7f, 0xff, 0xc0, 0x3f, 0xff, 0xf8, 0xf7, 0x00, 0x05, 0x7f, 0xff, 0xc0, 0x3f, 0xff, 0xf0, 0xf7, 0x00, 0x05,
  0x3f, 0xff, 0x80, 0x1f, 0xff, 0xe0, 0xf7, 0x00, 0x05, 0x0f, 0xff, 0x00, 0x0f, 0xff, 0xc0, 0xf6, 0x00, 0x03, 0xf8, 0x00, 0x03, 0xff, 0x81, 0x00,
  0x81, 0x00, 0xba, 0x00, 0x81, 0x00, 0xb6, 0x00, 0x01, 0x0f, 0xc0, 0xf3, 0x00, 0x01, 0x3f, 0xe0, 0xf3, 0x00, 0x01, 0xff, 0xe0, 0xf4, 0x00, 0x02,
  0x03, 0xff, 0xf0, 0xf4, 0x00, 0x02, 0x07, 0xff, 0xf0, 0xf4, 0x00, 0x02, 0x1f, 0xff, 0xf0, 0xf4, 0x00, 0x02, 0x3f, 0xff, 0xf0, 0xf4, 0x00, 0x02,
  0x7f, 0xff, 0xf8, 0xfa, 0x00, 0x00, 0x20, 0xfc, 0x00, 0x02, 0x7f, 0xff, 0xf8, 0xfa, 0x00, 0x00, 0xff, 0xfc, 0x00, 0x02, 0xff, 0xff, 0xf8, 0xfb,
  0x00, 0x02, 0x01, 0xff, 0xf8, 0xfd, 0x00, 0x02, 0xff, 0xff, 0xf8, 0xfb, 0x00, 0x02, 0x01, 0xff, 0xff, 0xfd, 0x00, 0x02, 0xff, 0xff, 0xf8, 0xfb,
  0x00, 0x03, 0x03, 0xff, 0xff, 0xc0, 0xfe, 0x00, 0x02, 0x7f, 0xff, 0xf8, 0xfb, 0x00, 0x03, 0x03, 0xff, 0xff, 0xc0, 0xfe, 0x00, 0x02, 0x7f, 0xff,
  0xf8, 0xfb, 0x00, 0x03, 0x03, 0xff, 0xff, 0xc0, 0xfe, 0x00, 0x02, 0x7f, 0xff, 0xf0, 0xfb, 0x00, 0x03, 0x03, 0xff, 0xff, 0xc0, 0xfe, 0x00, 0x02,
  0x7f, 0xff, 0xf0, 0xfb, 0x00, 0x03, 0x03, 0xff, 0xff, 0xc0, 0xfe, 0x00, 0x02, 0x7f, 0xff, 0xf0, 0xfb, 0x00, 0x03, 0x03, 0xff, 0xff, 0xc0, 0xfe,
  0x00, 0x02, 0x7f, 0xff, 0xf0, 0xfb, 0x00, 0x03, 0x03, 0xff, 0xff, 0xc0, 0xfe, 0x00, 0x02, 0x7f, 0xff, 0xf0, 0xfb, 0x00, 0x03, 0x03, 0xff, 0xff,
  0xc0, 0xfe, 0x00, 0x02, 0x7f, 0xff, 0xe0, 0xfb, 0x00, 0x03, 0x03, 0xff, 0xff, 0xe0, 0xfe, 0x00, 0x02, 0x7f, 0xff, 0xe0, 0xfb, 0x00, 0x03, 0x03,
  0xff, 0xff, 0xe0, 0xfe, 0x00, 0x02, 0x7f, 0xff, 0xe0, 0xfb, 0x00, 0x03, 0x01, 0xff, 0xff, 0xe0, 0xfe, 0x00, 0x02, 0x7f, 0xff, 0xc0, 0xfb, 0x00,
  0x03, 0x01, 0xff, 0xff, 0xe0, 0xfe, 0x00, 0x02, 0x7f, 0xff, 0xc0, 0xfb, 0x00, 0x09, 0x01, 0xff, 0xff, 0xe0, 0x1c, 0x00, 0x00, 0x3f, 0xff, 0x80,
  0xfa, 0x00, 0x07, 0xff, 0xff, 0xe0, 0x3f, 0x81, 0xf0, 0x1f, 0xff, 0xf9, 0x00, 0x07, 0xff, 0xff, 0xe0, 0x7f, 0xff, 0xf8, 0x07, 0xfc, 0xf9, 0x00,
  0x05, 0xff, 0xff, 0xc0, 0x3f, 0xff, 0xf8, 0xf7, 0x00, 0x05, 0x7f, 0xff, 0xc0, 0x3f, 0xff, 0xf0, 0xf7, 0x00, 0x05, 0x3f, 0xff, 0x80, 0x1f, 0xff,
  0xe0, 0xf7, 0x00, 0x05, 0x0f, 0xff, 0x00, 0x0f, 0xff, 0xc0, 0xf6, 0x00, 0x03, 0xf8, 0x00, 0x03, 0xff, 0x81, 0x00, 0x81, 0x00, 0xba, 0x00, 0x81,
  0x00, 0xb6, 0x00, 0x01, 0x0f, 0xc0, 0xf3, 0x00, 0x01, 0x3f, 0xe0, 0xf3, 0x00, 0x01, 0xff, 0xe0, 0xf4, 0x00, 0x02, 0x03, 0xff, 0xf0, 0xf4, 0x00,
  0x02, 0x07, 0xff, 0xf0, 0xf4, 0x00, 0x02, 0x1f, 0xff, 0xf0, 0xf4, 0x00, 0x02, 0x3f, 0xff, 0xf0, 0xf4, 0x00, 0x02, 0x7f, 0xff, 0xf8, 0xfa, 0x00,
  0x00, 0x20, 0xfc, 0x00, 0x02, 0x7f, 0xff, 0xf8, 0xfa, 0x00, 0x00, 0xff, 0xfc, 0x00, 0x02, 0xff, 0xff, 0xf8, 0xfb, 0x00, 0x02, 0x01, 0xff, 0xf8,
  0xfd, 0x00, 0x02, 0xff, 0xff, 0xf8, 0xfb, 0x00, 0x02, 0x01, 0xff, 0xff, 0xfd, 0x00, 0x02, 0xff, 0xff, 0xf8, 0xfb, 0x00, 0x03, 0x03, 0xff, 0xff,
  0xc0, 0xfe, 0x00, 0x02, 0x7f, 0xff, 0xf8, 0xfb, 0x00, 0x03, 0x03, 0xff, 0xff, 0xc0, 0xfe, 0x00, 0x02, 0x7f, 0xff, 0xf8, 0xfb, 0x00, 0x03, 0x03,
  0xff, 0xff, 0xc0, 0xfe, 0x00, 0x02, 0x7f, 0xff, 0xf0, 0xfb, 0x00, 0x03, 0x03, 0xff, 0xff, 0xc0, 0xfe, 0x00, 0x02, 0x7f, 0xff, 0xf0, 0xfb, 0x00,
  0x03, 0x03, 0xff, 0xff, 0xc0, 0xfe, 0x00, 0x02, 0x7f, 0xff, 0xf0, 0xfb, 0x00, 0x03, 0x03, 0xff, 0xff, 0xc0, 0xfe, 0x00, 0x02, 0x7f, 0xff, 0xf0,
  0xfb, 0x00, 0x03, 0x03, 0xff, 0xff, 0xc0, 0xfe, 0x00, 0x02, 0x7f, 0xff, 0xf0, 0xfb, 0x00, 0x03, 0x03, 0xff, 0xff, 0xe0, 0xfe, 0x00, 0x02, 0x7f,
  0xff, 0xe0, 0xfb, 0x00, 0x03, 0x03, 0xff, 0xff, 0xe0, 0xfe, 0x00, 0x02, 0x7f, 0xff, 0xe0, 0xfb, 0x00, 0x03, 0x03, 0xff, 0xff, 0xe0, 0xfe, 0x00,
  0x02, 0x7f, 0xff, 0xe0, 0xfb, 0x00, 0x03, 0x01, 0xff, 0xff, 0xe0, 0xfe, 0x00, 0x02, 0x7f, 0xff, 0xc0, 0xfb, 0x00, 0x03, 0x01, 0xff, 0xff, 0xe0,
  0xfe, 0x00, 0x02, 0x7f, 0xff, 0xc0, 0xfb, 0x00, 0x09, 0x01, 0xff, 0xff, 0xe0, 0x1c, 0x00, 0x00, 0x3f, 0xff, 0x80, 0xfa, 0x00, 0x07, 0xff, 0xff,
  0xe0, 0x3f, 0x01, 0xf0, 0x1f, 0xff, 0xf9, 0x00, 0x07, 0xff, 0xff, 0xc0, 0x3f, 0xff, 0xf8, 0x07, 0xfc, 0xf9, 0x00, 0x05, 0x7f, 0xff, 0xc0, 0x3f,
  0xff, 0xf8, 0xf7, 0x00, 0x05, 0x7f, 0xff, 0xc0, 0x3f, 0xff, 0xf0, 0xf7, 0x00, 0x05, 0x3f, 0xff, 0x80, 0x1f, 0xff, 0xe0, 0xf7, 0x00, 0x05, 0x0f,
  0xff, 0x00, 0x0f, 0xff, 0xc0, 0xf6, 0x00, 0x03, 0xf8, 0x00, 0x03, 0xff, 0x81, 0x00, 0x81, 0x00, 0xba, 0x00, 0x81, 0x00, 0xb6, 0x00, 0x01, 0x0f,
  0xc0, 0xf3, 0x00, 0x01, 0x3f, 0xe0, 0xf3, 0x00, 0x01, 0xff, 0xe0, 0xf4, 0x00, 0x02, 0x03, 0xff, 0xf0, 0xf4, 0x00, 0x02, 0x07, 0xff, 0xf0, 0xf4,
  0x00, 0x02, 0x1f, 0xff, 0xf0, 0xf4, 0x00, 0x02, 0x3f, 0xff, 0xf0, 0xf4, 0x00, 0x02, 0x7f, 0xff, 0xf8, 0xfa, 0x00, 0x00, 0x20, 0xfc, 0x00, 0x02,
  0x7f, 0xff, 0xf8, 0xfa, 0x00, 0x00, 0xfe, 0xfc, 0x00, 0x02, 0xff, 0xff, 0xf8, 0xfb, 0x00, 0x02, 0x01, 0xff, 0xf8, 0xfd, 0x00, 0x02, 0xff, 0xff,
  0xf8, 0xfb, 0x00, 0x02, 0x01, 0xff, 0xff, 0xfd, 0x00, 0x02, 0xff, 0xff, 0xf8, 0xfb, 0x00, 0x03, 0x03, 0xff, 0xff, 0xc0, 0xfe, 0x00, 0x02, 0x7f,
  0xff, 0xf8, 0xfb, 0x00, 0x03, 0x03, 0xff, 0xff, 0xc0, 0xfe, 0x00, 0x02, 0x7f, 0xff, 0xf8, 0xfb, 0x00, 0x03, 0x03, 0xff, 0xff, 0xc0, 0xfe, 0x00,
  0x02, 0x7f, 0xff, 0xf0, 0xfb, 0x00, 0x03, 0x03, 0xff, 0xff, 0xc0, 0xfe, 0x00, 0x02, 0x7f, 0xff, 0xf0, 0xfb, 0x00, 0x03, 0x03, 0xff, 0xff, 0xc0,
  0xfe, 0x00, 0x02, 0x7f, 0xff, 0xf0, 0xfb, 0x00, 0x03, 0x03, 0xff, 0xff, 0xe0, 0xfe, 0x00, 0x02, 0x7f, 0xff, 0xf0, 0xfb, 0x00, 0x03, 0x03, 0xff,
  0xff, 0xe0, 0xfe, 0x00, 0x02, 0x7f, 0xff, 0xf0, 0xfb, 0x00, 0x03, 0x03, 0xff, 0xff, 0xe0, 0xfe, 0x00, 0x02, 0x7f, 0xff, 0xe0, 0xfb, 0x00, 0x03,
  0x03, 0xff, 0xff, 0xe0, 0xfe, 0x00, 0x02, 0x7f, 0xff, 0xe0, 0xfb, 0x00, 0x03, 0x03, 0xff, 0xff, 0xe0, 0xfe, 0x00, 0x02, 0x7f, 0xff, 0xe0, 0xfb,
  0x00, 0x03, 0x01, 0xff, 0xff, 0xe0, 0xfe, 0x00, 0x02, 0x7f, 0xff, 0xc0, 0xfb, 0x00, 0x03, 0x01, 0xff, 0xff, 0xe0, 0xfe, 0x00, 0x02, 0x7f, 0xff,
  0xc0, 0xfb, 0x00, 0x09, 0x01, 0xff, 0xff, 0xe0, 0x1c, 0x00, 0x00, 0x3f, 0xff, 0x80, 0xfa, 0x00, 0x07, 0xff, 0xff, 0xe0, 0x3f, 0x81, 0xf0, 0x1f,
  0xff, 0xf9, 0x00, 0x07, 0xff, 0xff, 0xe0, 0x3f, 0xff, 0xf8, 0x0f, 0xfc, 0xf9, 0x00, 0x05, 0xff, 0xff, 0xc0, 0x3f, 0xff, 0xf8, 0xf7, 0x00, 0x05,
  0x7f, 0xff, 0xc0, 0x3f, 0xff, 0xf0, 0xf7, 0x00, 0x05, 0x3f, 0xff, 0x80, 0x1f, 0xff, 0xe0, 0xf7, 0x00, 0x05, 0x0f, 0xff, 0x00, 0x0f, 0xff, 0xc0,
  0xf6, 0x00, 0x03, 0xf8, 0x00, 0x03, 0xff, 0x81, 0x00, 0x81, 0x00, 0xba, 0x00, 0x81, 0x00, 0x96, 0x00, 0x01, 0x03, 0xc0, 0xf3, 0x00, 0x01, 0x07,
  0xe0, 0xf4, 0x00, 0x02, 0x78, 0x1f, 0xf0, 0xf5, 0x00, 0x03, 0x01, 0xf8, 0x7f, 0xf0, 0xf5, 0x00, 0x03, 0x01, 0xf0, 0xff, 0xf0, 0xf5, 0x00, 0x03,
  0x01, 0xc3, 0xff, 0xf0, 0xf9, 0x00, 0x01, 0x03, 0x78, 0xfe, 0x00, 0x02, 0x0f, 0xff, 0xf8, 0xf9, 0x00, 0x01, 0x07, 0xf8, 0xfe, 0x00, 0x02, 0x1f,
  0xff, 0xf8, 0xfb, 0x00, 0x03, 0x01, 0xf0, 0x03, 0xf8, 0xfe, 0x00, 0x02, 0x3f, 0xff, 0xf8, 0xfb, 0x00, 0x03, 0x01, 0xff, 0x00, 0x60, 0xfe, 0x00,
  0x02, 0x7f, 0xff, 0xf8, 0xfb, 0x00, 0x02, 0x03, 0xff, 0xf8, 0xfd, 0x00, 0x02, 0xff, 0xff, 0xf8, 0xfb, 0x00, 0x02, 0x03, 0xff, 0xff, 0xfd, 0x00,
  0x02, 0xff, 0xff, 0xf8, 0xfb, 0x00, 0x03, 0x03, 0xff, 0xff, 0x80, 0xfe, 0x00, 0x02, 0xff, 0xff, 0xf0, 0xfb, 0x00, 0x03, 0x03, 0xff, 0xff, 0xc0,
  0xfe, 0x00, 0x02, 0x7f, 0xff, 0xf0, 0xfb, 0x00, 0x03, 0x03, 0xff, 0xff, 0xc0, 0xfe, 0x00, 0x02, 0x7f, 0xff, 0xf0, 0xfb, 0x00, 0x03, 0x03, 0xff,
  0xff, 0xc0, 0xfe, 0x00, 0x02, 0x7f, 0xff, 0xf0, 0xfb, 0x00, 0x03, 0x03, 0xff, 0xff, 0xc0, 0xfe, 0x00, 0x02, 0x7f, 0xff, 0xf0, 0xfb, 0x00, 0x03,
  0x03, 0xff, 0xff, 0xc0, 0xfe, 0x00, 0x02, 0x7f, 0xff, 0xe0, 0xfb, 0x00, 0x03, 0x03, 0xff, 0xff, 0xc0, 0xfe, 0x00, 0x02, 0x7f, 0xff, 0xe0, 0xfb,
  0x00, 0x03, 0x03, 0xff, 0xff, 0xe0, 0xfe, 0x00, 0x02, 0x7f, 0xff, 0xe0, 0xfb, 0x00, 0x03, 0x03, 0xff, 0xff, 0xe0, 0xfe, 0x00, 0x02, 0x7f, 0xff,
  0xc0, 0xfb, 0x00, 0x03, 0x01, 0xff, 0xff, 0xe0, 0xfe, 0x00, 0x02, 0x7f, 0xff, 0xc0, 0xfb, 0x00, 0x03, 0x01, 0xff, 0xff, 0xe0, 0xfe, 0x00, 0x02,
  0x7f, 0xff, 0x80, 0xfa, 0x00, 0x07, 0xff, 0xff, 0xc0, 0x7e, 0x00, 0xe0, 0x3f, 0xff, 0xf9, 0x00, 0x07, 0xff, 0xff, 0xc0, 0x7f, 0xef, 0xf0, 0x0f,
  0xfc, 0xf9, 0x00, 0x07, 0xff, 0xff, 0xc0, 0x7f, 0xff, 0xf0, 0x00, 0x40, 0xf9, 0x00, 0x05, 0x7f, 0xff, 0xc0, 0x3f, 0xff, 0xf0, 0xf7, 0x00, 0x05,
  0x3f, 0xff, 0x80, 0x3f, 0xff, 0xe0, 0xf7, 0x00, 0x05, 0x0f, 0xff, 0x00, 0x1f, 0xff, 0xc0, 0xf6, 0x00, 0x04, 0xe0, 0x00, 0x07, 0xff, 0x80, 0xf3,
  0x00, 0x00, 0xfc, 0x81, 0x00, 0x81, 0x00, 0xca, 0x00, 0x81, 0x00, 0x81, 0x00, 0xe7, 0x00, 0x01, 0x01, 0x80, 0xf3, 0x00, 0x01, 0x07, 0x80, 0xf3,
  0x00, 0x01, 0x1f, 0x80, 0xf3, 0x00, 0x02, 0x7f, 0x00, 0xc0, 0xf5, 0x00, 0x03, 0x0f, 0xfc, 0x03, 0xe0, 0xf8, 0x00, 0x06, 0x02, 0x00, 0x00, 0x1f,
  0xf8, 0x0f, 0xf0, 0xf9, 0x00, 0x07, 0x0f, 0x0f, 0x00, 0x00, 0x0f, 0xe0, 0x3f, 0xf0, 0xf9, 0x00, 0x07, 0x0f, 0xfe, 0x00, 0x00, 0x07, 0x00, 0x7f,
  0xf0, 0xf9, 0x00, 0x01, 0x07, 0xfe, 0xfe, 0x00, 0x02, 0x01, 0xff, 0xf0, 0xfb, 0x00, 0x03, 0x03, 0xf0, 0x01, 0xf8, 0xfe, 0x00, 0x02, 0x07, 0xff,
  0xf0, 0xfb, 0x00, 0x01, 0x03, 0xfe, 0xfc, 0x00, 0x02, 0x1f, 0xff, 0xf0, 0xfb, 0x00, 0x02, 0x03, 0xff, 0xf0, 0xfd, 0x00, 0x02, 0x7f, 0xff, 0xf0,
  0xfb, 0x00, 0x02, 0x07, 0xff, 0xff, 0xfd, 0x00, 0x02, 0x7f, 0xff, 0xe0, 0xfb, 0x00, 0x03, 0x07, 0xff, 0xff, 0x80, 0xfe, 0x00, 0x02, 0xff, 0xff,
  0xe0, 0xfb, 0x00, 0x03, 0x07, 0xff, 0xff, 0x80, 0xfe, 0x00, 0x02, 0xff, 0xff, 0xe0, 0xfb, 0x00, 0x03, 0x03, 0xff, 0xff, 0xc0, 0xfe, 0x00, 0x02,
  0xff, 0xff, 0xe0, 0xfb, 0x00, 0x03, 0x03, 0xff, 0xff, 0xc0, 0xfe, 0x00, 0x02, 0xff, 0xff, 0xc0, 0xfb, 0x00, 0x03, 0x03, 0xff, 0xff, 0xc0, 0xfe,
  0x00, 0x02, 0xff, 0xff, 0xc0, 0xfb, 0x00, 0x03, 0x03, 0xff, 0xff, 0xc0, 0xfe, 0x00, 0x02, 0xff, 0xff, 0xc0, 0xfb, 0x00, 0x03, 0x01, 0xff, 0xff,
  0xe0, 0xfe, 0x00, 0x02, 0xff, 0xff, 0x80, 0xfb, 0x00, 0x08, 0x01, 0xff, 0xff, 0xe0, 0x20, 0x00, 0xc0, 0xff, 0xff, 0xfa, 0x00, 0x08, 0x01, 0xff,
  0xff, 0xc0, 0x7d, 0xc7, 0xe0, 0x7f, 0xfc, 0xf9, 0x00, 0x07, 0xff, 0xff, 0xc0, 0xff, 0xff, 0xe0, 0x3f, 0xf0, 0xf9, 0x00, 0x05, 0x7f, 0xff, 0xc0,
  0xff, 0xff, 0xe0, 0xf7, 0x00, 0x05, 0x3f, 0xff, 0x80, 0xff, 0xff, 0xe0, 0xf7, 0x00, 0x05, 0x07, 0xfe, 0x00, 0x7f, 0xff, 0xc0, 0xf6, 0x00, 0x04,
  0x20, 0x00, 0x3f, 0xff, 0x80, 0xf4, 0x00, 0x01, 0x1f, 0xfe, 0xf3, 0x00, 0x01, 0x03, 0xf8, 0x81, 0x00, 0x81, 0x00, 0xda, 0x00, 0x81, 0x00, 0x81,
  0x00, 0xb6, 0x00, 0x00, 0xc0, 0xf3, 0x00, 0x01, 0x03, 0xc0, 0xf3, 0x00, 0x01, 0x0f, 0xc0, 0xf3, 0x00, 0x01, 0x7f, 0x80, 0xf4, 0x00, 0x03, 0x3f,
  0xff, 0x03, 0xc0, 0xf9, 0x00, 0x07, 0x20, 0x02, 0x00, 0x00, 0x3f, 0xfc, 0x0f, 0xe0, 0xf9, 0x00, 0x07, 0x3c, 0x07, 0x00, 0x00, 0x3f, 0xf0, 0x1f,
  0xe0, 0xf9, 0x00, 0x07, 0x3f, 0xff, 0x00, 0x00, 0x0f, 0xc0, 0x7f, 0xe0, 0xfb, 0x00, 0x03, 0x01, 0xc0, 0x1f, 0xfe, 0xfe, 0x00, 0x02, 0x01, 0xff,
  0xe0, 0xfb, 0x00, 0x03, 0x03, 0xfc, 0x07, 0xfe, 0xfe, 0x00, 0x02, 0x07, 0xff, 0xe0, 0xfb, 0x00, 0x03, 0x03, 0xff, 0x80, 0xf8, 0xfe, 0x00, 0x02,
  0x1f, 0xff, 0xe0, 0xfb, 0x00, 0x02, 0x03, 0xff, 0xf0, 0xfd, 0x00, 0x02, 0x7f, 0xff, 0xe0, 0xfb, 0x00, 0x02, 0x03, 0xff, 0xff, 0xfd, 0x00, 0x02,
  0xff, 0xff, 0xc0, 0xfb, 0x00, 0x09, 0x03, 0xff, 0xff, 0x80, 0x00, 0x00, 0x01, 0xff, 0xff, 0xc0, 0xfb, 0x00, 0x09, 0x03, 0xff, 0xff, 0xc0, 0x00,
  0x00, 0x03, 0xff, 0xff, 0xc0, 0xfb, 0x00, 0x09, 0x03, 0xff, 0xff, 0xc0, 0x00, 0x00, 0x03, 0xff, 0xff, 0x80, 0xfb, 0x00, 0x08, 0x03, 0xff, 0xff,
  0xc0, 0x00, 0x00, 0x03, 0xff, 0xff, 0xfa, 0x00, 0x08, 0x01, 0xff, 0xff, 0xc0, 0x00, 0x00, 0x03, 0xff, 0xfe, 0xfa, 0x00, 0x08, 0x01, 0xff, 0xff,
  0xc0, 0x41, 0x83, 0x81, 0xff, 0xfc, 0xf9, 0x00, 0x07, 0xff, 0xff, 0xc1, 0xff, 0xff, 0xc0, 0xff, 0xf0, 0xf9, 0x00, 0x06, 0x7f, 0xff, 0xc1, 0xff,
  0xff, 0xc0, 0x1f, 0xf8, 0x00, 0x05, 0x3f, 0xff, 0x81, 0xff, 0xff, 0xc0, 0xf7, 0x00, 0x05, 0x07, 0xfe, 0x00, 0xff, 0xff, 0x80, 0xf4, 0x00, 0x02,
  0x7f, 0xff, 0x80, 0xf4, 0x00, 0x01, 0x3f, 0xfe, 0xf3, 0x00, 0x01, 0x0f, 0xf8, 0xf2, 0x00, 0x00, 0xc0, 0x81, 0x00, 0x81, 0x00, 0xea, 0x00, 0x81,
  0x00, 0x81, 0x00, 0xa7, 0x00, 0x01, 0x01, 0x80, 0xf3, 0x00, 0x01, 0x07, 0x80, 0xf3, 0x00, 0x01, 0x1f, 0xc0, 0xf4, 0x00, 0x03, 0x0f, 0xff, 0xc1,
  0xc0, 0xf5, 0x00, 0x03, 0x3f, 0xff, 0xc3, 0xc0, 0xf9, 0x00, 0x07, 0x38, 0x02, 0x00, 0x00, 0x1f, 0xff, 0x8f, 0xe0, 0xf9, 0x00, 0x07, 0x3f, 0x06,
  0x00, 0x00, 0x0f, 0xff, 0x3f, 0xe0, 0xf9, 0x00, 0x07, 0xff, 0xfe, 0x00, 0x00, 0x7f, 0xfe, 0xff, 0xe0, 0xfb, 0x00, 0x05, 0x03, 0xf0, 0xff, 0xff,
  0x00, 0x00, 0xfe, 0xff, 0x00, 0xe0, 0xfb, 0x00, 0x09, 0x03, 0xfe, 0x7f, 0xff, 0x00, 0x00, 0x7f, 0xef, 0xff, 0xe0, 0xfb, 0x00, 0x00, 0x03, 0xfe,
  0xff, 0x05, 0x00, 0x00, 0x1f, 0x9f, 0xff, 0xc0, 0xfb, 0x00, 0x03, 0x07, 0xff, 0xff, 0xfe, 0xfe, 0x00, 0x02, 0x7f, 0xff, 0xc0, 0xfb, 0x00, 0x03,
  0x07, 0xff, 0xff, 0xfc, 0xfe, 0x00, 0x02, 0xff, 0xff, 0xc0, 0xfb, 0x00, 0x09, 0x03, 0xff, 0xff, 0xf0, 0x00, 0x00, 0x01, 0xff, 0xff, 0xc0, 0xfb,
  0x00, 0x09, 0x03, 0xff, 0xff, 0xc0, 0x00, 0x00, 0x03, 0xff, 0xff, 0x80, 0xfb, 0x00, 0x08, 0x03, 0xff, 0xff, 0xc0, 0x00, 0x00, 0x03, 0xff, 0xff,
  0xfa, 0x00, 0x08, 0x03, 0xff, 0xff, 0xc0, 0x00, 0x00, 0x07, 0xff, 0xfe, 0xfa, 0x00, 0x08, 0x01, 0xff, 0xff, 0xc0, 0x00, 0x80, 0x07, 0xff, 0xfc,
  0xfa, 0x00, 0x08, 0x01, 0xff, 0xff, 0xc1, 0xe7, 0xe7, 0x83, 0xff, 0xf8, 0xf9, 0x00, 0x07, 0x7f, 0xff, 0xc1, 0xff, 0xff, 0xc1, 0xff, 0xc0, 0xf9,
  0x00, 0x05, 0x3f, 0xff, 0x81, 0xff, 0xff, 0x80, 0xf7, 0x00, 0x05, 0x0f, 0xfe, 0x01, 0xff, 0xff, 0x80, 0xf5, 0x00, 0x02, 0x01, 0xff, 0xff, 0xf3,
  0x00, 0x01, 0xff, 0xfe, 0xf3, 0x00, 0x01, 0x3f, 0xf8, 0xf3, 0x00, 0x01, 0x0f, 0xe0, 0x81, 0x00, 0x81, 0x00, 0xea, 0x00, 0x81, 0x00, 0x81, 0x00,
  0x81, 0x00, 0xf7, 0x00, 0x01, 0x03, 0xc0, 0xf3, 0x00, 0x01, 0x0f, 0xc0, 0xf3, 0x00, 0x01, 0x7f, 0x80, 0xf4, 0x00, 0x03, 0x01, 0xff, 0x01, 0x80,
  0xf9, 0x00, 0x07, 0xe0, 0x00, 0x00, 0x03, 0xff, 0xfc, 0x0f, 0xc0, 0xf9, 0x00, 0x07, 0xfc, 0x07, 0x00, 0x03, 0xff, 0xf8, 0x1f, 0xc0, 0xf9, 0x00,
  0x07, 0xff, 0xff, 0x00, 0x03, 0xff, 0xe0, 0x7f, 0xc0, 0xfb, 0x00, 0x09, 0x03, 0xc0, 0x3f, 0xfe, 0x00, 0x01, 0xff, 0x01, 0xff, 0xc0, 0xfb, 0x00,
  0x09, 0x07, 0xf8, 0x0f, 0xfe, 0x00, 0x00, 0x38, 0x07, 0xff, 0xc0, 0xfb, 0x00, 0x03, 0x07, 0xfe, 0x03, 0xf8, 0xfe, 0x00, 0x02, 0x1f, 0xff, 0x80,
  0xfb, 0x00, 0x02, 0x07, 0xff, 0xe0, 0xfd, 0x00, 0x02, 0x7f, 0xff, 0x80, 0xfb, 0x00, 0x02, 0x07, 0xff, 0xff, 0xfe, 0x00, 0x03, 0x03, 0xff, 0xff,
  0x80, 0xfb, 0x00, 0x08, 0x03, 0xff, 0xff, 0x80, 0x00, 0x00, 0x0f, 0xff, 0xff, 0xfa, 0x00, 0x08, 0x03, 0xff, 0xff, 0xc0, 0x04, 0x00, 0x1f, 0xff,
  0xfe, 0xfa, 0x00, 0x08, 0x01, 0xff, 0xff, 0xc0, 0x1f, 0x00, 0x1f, 0xff, 0xfc, 0xf9, 0x00, 0x07, 0xff, 0xff, 0xc7, 0xff, 0xff, 0x0f, 0xff, 0xf0,
  0xf9, 0x00, 0x06, 0x7f, 0xff, 0x87, 0xff, 0xff, 0x83, 0xff, 0xf8, 0x00, 0x05, 0x0f, 0xff, 0x07, 0xff, 0xff, 0x80, 0xf7, 0x00, 0x04, 0x07, 0xfc,
  0x07, 0xff, 0xff, 0xf4, 0x00, 0x02, 0x03, 0xff, 0xfe, 0xf4, 0x00, 0x02, 0x03, 0xff, 0xfc, 0xf4, 0x00, 0x02, 0x01, 0xff, 0xf8, 0xf3, 0x00, 0x01,
  0x7f, 0xe0, 0xf3, 0x00, 0x01, 0x1f, 0x80, 0x81, 0x00, 0x81, 0x00, 0xfa, 0x00, 0x81, 0x00, 0x81, 0x00, 0x81, 0x00, 0xf7, 0x00, 0x01, 0x03, 0x80,
  0xf3, 0x00, 0x01, 0x07, 0x80, 0xf3, 0x00, 0x01, 0x3f, 0x80, 0xf3, 0x00, 0x00, 0xff, 0xf7, 0x00, 0x05, 0xe0, 0x00, 0x00, 0x03, 0x87, 0xff, 0xf8,
  0x00, 0x07, 0x01, 0xf8, 0x06, 0x00, 0x07, 0xff, 0xfe, 0x0f, 0xf9, 0x00, 0x08, 0x01, 0xff, 0xfe, 0x00, 0x07, 0xff, 0xf8, 0x1f, 0x80, 0xfb, 0x00,
  0x09, 0x03, 0x01, 0xff, 0xfe, 0x00, 0x0f, 0xff, 0xf0, 0x7f, 0x80, 0xfb, 0x00, 0x09, 0x07, 0xe0, 0xff, 0xfe, 0x00, 0x07, 0xff, 0xc3, 0xff, 0x80,
  0xfb, 0x00, 0x09, 0x07, 0xfc, 0x7f, 0xfc, 0x00, 0x03, 0xff, 0x0f, 0xff, 0x80, 0xfb, 0x00, 0x09, 0x07, 0xff, 0x9f, 0xf8, 0x00, 0x00, 0xfc, 0x3f,
  0xff, 0x80, 0xfb, 0x00, 0x09, 0x07, 0xff, 0xff, 0xf8, 0x00, 0x00, 0x03, 0xff, 0xff, 0x80, 0xfb, 0x00, 0x08, 0x07, 0xff, 0xff, 0x80, 0x00, 0x00,
  0x0f, 0xff, 0xff, 0xfa, 0x00, 0x08, 0x03, 0xff, 0xff, 0x80, 0x04, 0x00, 0x1f, 0xff, 0xfe, 0xfa, 0x00, 0x08, 0x03, 0xff, 0xff, 0x80, 0x1e, 0x00,
  0x7f, 0xff, 0xf8, 0xf9, 0x00, 0x07, 0xff, 0xff, 0x87, 0x7f, 0x9e, 0x7f, 0xff, 0xf0, 0xf9, 0x00, 0x07, 0x3f, 0xff, 0x8f, 0xff, 0xfe, 0x7f, 0xff,
  0xc0, 0xf9, 0x00, 0x06, 0x07, 0xfe, 0x1f, 0xff, 0xfc, 0x1f, 0xf8, 0xf6, 0x00, 0x02, 0x1f, 0xff, 0xfc, 0xf4, 0x00, 0x02, 0x0f, 0xff, 0xfc, 0xf4,
  0x00, 0x02, 0x0f, 0xff, 0xf8, 0xf4, 0x00, 0x02, 0x07, 0xff, 0xf0, 0xf4, 0x00, 0x02, 0x03, 0xff, 0xe0, 0xf4, 0x00, 0x02, 0x01, 0xff, 0x80, 0x81,
  0x00, 0x81, 0x00, 0xfa, 0x00, 0x81, 0x00, 0x81, 0x00, 0x81, 0x00, 0xd7, 0x00, 0x00, 0x0f, 0xf2, 0x00, 0x00, 0x7f, 0xf3, 0x00, 0x01, 0x03, 0xff,
  0xf8, 0x00, 0x06, 0x03, 0x80, 0x00, 0x00, 0x1c, 0x1f, 0xfe, 0xf8, 0x00, 0x06, 0x03, 0xf0, 0x18, 0x00, 0x1f, 0xff, 0xf8, 0xf8, 0x00, 0x07, 0x01,
  0xff, 0x7c, 0x00, 0x1f, 0xff, 0xf0, 0x1c, 0xfa, 0x00, 0x08, 0x0f, 0x00, 0xff, 0xfc, 0x00, 0x0f, 0xff, 0xc0, 0xff, 0xfa, 0x00, 0x08, 0x0f, 0xe0,
  0x3f, 0xfc, 0x00, 0x03, 0xff, 0x07, 0xff, 0xfa, 0x00, 0x09, 0x0f, 0xf8, 0x1f, 0xf8, 0x00, 0x00, 0xf8, 0x1f, 0xff, 0x80, 0xfb, 0x00, 0x08, 0x0f,
  0xff, 0xc7, 0xf0, 0x00, 0x00, 0x01, 0xff, 0xff, 0xfa, 0x00, 0x02, 0x07, 0xff, 0xfe, 0xfe, 0x00, 0x02, 0x3f, 0xff, 0xff, 0xfa, 0x00, 0x08, 0x03,
  0xff, 0xff, 0x00, 0x70, 0x00, 0xff, 0xff, 0xfe, 0xfa, 0x00, 0x08, 0x01, 0xff, 0xff, 0x80, 0xf8, 0x00, 0xff, 0xff, 0xf8, 0xf9, 0x00, 0x07, 0xff,
  0xff, 0xbd, 0xfc, 0xf0, 0xff, 0xff, 0xe0, 0xf9, 0x00, 0x07, 0x3f, 0xff, 0xbf, 0xff, 0xf8, 0x7f, 0xff, 0x80, 0xf9, 0x00, 0x06, 0x03, 0xfe, 0x3f,
  0xff, 0xf8, 0x1f, 0xf8, 0xf6, 0x00, 0x02, 0x3f, 0xff, 0xf8, 0xf4, 0x00, 0x02, 0x3f, 0xff, 0xf8, 0xf4, 0x00, 0x02, 0x1f, 0xff, 0xf0, 0xf4, 0x00,
  0x02, 0x1f, 0xff, 0xe0, 0xf4, 0x00, 0x02, 0x0f, 0xff, 0xc0, 0xf4, 0x00, 0x02, 0x07, 0xff, 0x80, 0xf4, 0x00, 0x01, 0x01, 0xfc, 0x81, 0x00, 0x89,
  0x00, 0x81, 0x00, 0x81, 0x00, 0x81, 0x00, 0xd7, 0x00, 0x00, 0x1c, 0xf2, 0x00, 0x00, 0xfc, 0xf3, 0x00, 0x01, 0x03, 0xf8, 0xf8, 0x00, 0x06, 0x03,
  0xc0, 0x08, 0x00, 0x3c, 0x3f, 0xf8, 0xf8, 0x00, 0x06, 0x03, 0xf8, 0x38, 0x00, 0x3f, 0xff, 0xf0, 0xf9, 0x00, 0x08, 0x06, 0x07, 0xff, 0xf8, 0x00,
  0x1f, 0xff, 0xe0, 0x7c, 0xfa, 0x00, 0x08, 0x0f, 0x87, 0xff, 0xf8, 0x00, 0xff, 0xff, 0xc1, 0xfe, 0xfa, 0x00, 0x08, 0x0f, 0xf3, 0xff, 0xf0, 0x00,
  0x7f, 0xff, 0x0f, 0xfe, 0xfa, 0x00, 0x08, 0x1f, 0xfd, 0xff, 0xf0, 0x00, 0x7f, 0xfc, 0x3f, 0xfe, 0xfa, 0x00, 0x08, 0x1f, 0xff, 0xff, 0xe0, 0x00,
  0x1f, 0xff, 0xff, 0xfc, 0xfa, 0x00, 0x08, 0x0f, 0xff, 0xff, 0xc0, 0x00, 0x03, 0xff, 0xff, 0xf8, 0xfa, 0x00, 0x08, 0x07, 0xff, 0xff, 0x00, 0x70,
  0x01, 0xff, 0xff, 0xf0, 0xfa, 0x00, 0x08, 0x03, 0xff, 0xfe, 0x00, 0xf8, 0x01, 0xff, 0xff, 0xe0, 0xfa, 0x00, 0x08, 0x01, 0xff, 0xfc, 0x3f, 0xfc,
  0xf3, 0xff, 0xff, 0xc0, 0xf9, 0x00, 0x06, 0x3f, 0xf8, 0x7f, 0xff, 0xf3, 0xff, 0xff, 0xf8, 0x00, 0x06, 0x01, 0x40, 0x7f, 0xff, 0xf1, 0xff, 0xf8,
  0xf6, 0x00, 0x04, 0x7f, 0xff, 0xf0, 0x5f, 0x80, 0xf6, 0x00, 0x02, 0x7f, 0xff, 0xe0, 0xf4, 0x00, 0x02, 0x7f, 0xff, 0xe0, 0xf4, 0x00, 0x02, 0x7f,
  0xff, 0xc0, 0xf4, 0x00, 0x02, 0x3f, 0xff, 0x80, 0xf4, 0x00, 0x01, 0x1f, 0xff, 0xf3, 0x00, 0x01, 0x0f, 0xfe, 0xf3, 0x00, 0x01, 0x03, 0xf8, 0x81,
  0x00, 0x99, 0x00, 0x81, 0x00, 0x81, 0x00, 0x81, 0x00, 0xa8, 0x00, 0x01, 0x07, 0xf0, 0xf8, 0x00, 0x06, 0x07, 0x00, 0x20, 0x00, 0x00, 0x3f, 0xf0,
  0xf8, 0x00, 0x06, 0x07, 0xc0, 0x70, 0x01, 0xc3, 0xff, 0xe0, 0xf9, 0x00, 0x07, 0x1c, 0x07, 0xfd, 0xf0, 0x01, 0xff, 0xff, 0xc0, 0xf9, 0x00, 0x08,
  0x1f, 0x83, 0xff, 0xf0, 0x00, 0xff, 0xff, 0x03, 0xf0, 0xfa, 0x00, 0x08, 0x1f, 0xc0, 0xff, 0xf0, 0x00, 0x7f, 0xfc, 0x0f, 0xf8, 0xfa, 0x00, 0x08,
  0x1f, 0xfc, 0x7f, 0xe0, 0x00, 0x3f, 0xf0, 0x7f, 0xf8, 0xfa, 0x00, 0x08, 0x1f, 0xff, 0xff, 0xc0, 0x00, 0x0f, 0xff, 0xff, 0xf8, 0xfa, 0x00, 0x08,
  0x07, 0xff, 0xfc, 0x00, 0x00, 0x03, 0xff, 0xff, 0xf8, 0xfa, 0x00, 0x08, 0x03, 0xff, 0xfc, 0x03, 0x80, 0x0f, 0xff, 0xff, 0xf0, 0xfa, 0x00, 0x08,
  0x01, 0xff, 0xfc, 0x03, 0xc0, 0x07, 0xff, 0xff, 0xc0, 0xf9, 0x00, 0x06, 0x7f, 0xf8, 0xff, 0xe3, 0x83, 0xff, 0xff, 0xf8, 0x00, 0x06, 0x03, 0xe1,
  0xff, 0xff, 0xc1, 0xff, 0xfc, 0xf7, 0x00, 0x05, 0x01, 0xff, 0xff, 0xc0, 0x7f, 0xc0, 0xf6, 0x00, 0x02, 0xff, 0xff, 0xc0, 0xf4, 0x00, 0x02, 0xff,
  0xff, 0xc0, 0xf4, 0x00, 0x02, 0xff, 0xff, 0x80, 0xf4, 0x00, 0x02, 0xff, 0xff, 0x80, 0xf4, 0x00, 0x01, 0x7f, 0xff, 0xf3, 0x00, 0x01, 0x3f, 0xfe,
  0xf3, 0x00, 0x01, 0x0f, 0xf8, 0xf3, 0x00, 0x01, 0x02, 0x80, 0x81, 0x00, 0xa9, 0x00, 0x81, 0x00, 0x81, 0x00, 0x81, 0x00, 0xb8, 0x00, 0x01, 0x03,
  0xc0, 0xf8, 0x00, 0x00, 0x06, 0xfd, 0x00, 0x01, 0x1f, 0xc0, 0xf8, 0x00, 0x06, 0x07, 0x80, 0x60, 0x00, 0x01, 0xff, 0x80, 0xf9, 0x00, 0x06, 0x1c,
  0x07, 0xe0, 0xe0, 0x03, 0xff, 0xff, 0xf8, 0x00, 0x08, 0x3e, 0x07, 0xff, 0xe0, 0x03, 0xff, 0xfc, 0x01, 0xe0, 0xfa, 0x00, 0x08, 0x3f, 0xc3, 0xff,
  0xe0, 0x07, 0xff, 0xf0, 0x0f, 0xf0, 0xfa, 0x00, 0x08, 0x3f, 0xf9, 0xff, 0xc0, 0x07, 0xff, 0xc0, 0x7f, 0xf0, 0xfa, 0x00, 0x08, 0x1f, 0xff, 0xff,
  0x80, 0x03, 0xff, 0x03, 0xff, 0xf0, 0xfa, 0x00, 0x08, 0x0f, 0xff, 0xff, 0x00, 0x01, 0xf3, 0xff, 0xff, 0xe0, 0xfa, 0x00, 0x08, 0x07, 0xff, 0xf8,
  0x00, 0x00, 0x07, 0xff, 0xff, 0xc0, 0xfa, 0x00, 0x08, 0x03, 0xff, 0xf8, 0x07, 0x80, 0x0f, 0xff, 0xff, 0x80, 0xf9, 0x00, 0x06, 0xff, 0xf0, 0xc7,
  0xc0, 0x1f, 0xff, 0xff, 0xf8, 0x00, 0x06, 0x1f, 0x01, 0xff, 0xff, 0xbf, 0xff, 0xfc, 0xf7, 0x00, 0x05, 0x03, 0xff, 0xff, 0xbf, 0xff, 0xf0, 0xf7,
  0x00, 0x05, 0x03, 0xff, 0xff, 0x87, 0xff, 0xc0, 0xf7, 0x00, 0x03, 0x03, 0xff, 0xff, 0x80, 0xf5, 0x00, 0x03, 0x03, 0xff, 0xff, 0x80, 0xf5, 0x00,
  0x02, 0x03, 0xff, 0xff, 0xf4, 0x00, 0x02, 0x01, 0xff, 0xff, 0xf4, 0x00, 0x02, 0x01, 0xff, 0xfe, 0xf3, 0x00, 0x01, 0xff, 0xfc, 0xf3, 0x00, 0x01,
  0x7f, 0xf8, 0xf3, 0x00, 0x01, 0x0f, 0xe0, 0x81, 0x00, 0xa9, 0x00, 0x81, 0x00, 0x81, 0x00, 0x81, 0x00, 0xa8, 0x00, 0x00, 0x04, 0xf2, 0x00, 0x00,
  0x1f, 0xf7, 0x00, 0x05, 0x06, 0x00, 0x40, 0x00, 0x01, 0xfe, 0xf8, 0x00, 0x06, 0x38, 0x07, 0x81, 0xc0, 0x04, 0x0f, 0xfc, 0xf8, 0x00, 0x06, 0x3e,
  0x03, 0xff, 0xc0, 0x0f, 0xff, 0xf0, 0xf8, 0x00, 0x08, 0x3f, 0x81, 0xff, 0xc0, 0x0f, 0xff, 0xc0, 0x07, 0xc0, 0xfa, 0x00, 0x08, 0x3f, 0xe0, 0xff,
  0x80, 0x07, 0xff, 0x00, 0x1f, 0xc0, 0xfa, 0x00, 0x08, 0x1f, 0xff, 0xff, 0x00, 0x03, 0xf8, 0x01, 0xff, 0xe0, 0xfa, 0x00, 0x02, 0x0f, 0xff, 0xf0,
  0xfe, 0x00, 0x02, 0x3f, 0xff, 0xc0, 0xfa, 0x00, 0x08, 0x07, 0xff, 0xf0, 0x00, 0x00, 0x1f, 0xff, 0xff, 0xc0, 0xfa, 0x00, 0x08, 0x01, 0xff, 0xf0,
  0x06, 0x00, 0x3f, 0xff, 0xff, 0x80, 0xf9, 0x00, 0x06, 0x3f, 0xc1, 0x0f, 0x00, 0x7f, 0xff, 0xfe, 0xf7, 0x00, 0x05, 0x03, 0xff, 0x8f, 0x3f, 0xff,
  0xf8, 0xf7, 0x00, 0x05, 0x03, 0xff, 0xff, 0x0f, 0xff, 0xc0, 0xf7, 0x00, 0x04, 0x07, 0xff, 0xff, 0x00, 0x18, 0xf6, 0x00, 0x02, 0x03, 0xff, 0xff,
  0xf4, 0x00, 0x02, 0x03, 0xff, 0xff, 0xf4, 0x00, 0x02, 0x03, 0xff, 0xfe, 0xf4, 0x00, 0x02, 0x01, 0xff, 0xfe, 0xf4, 0x00, 0x02, 0x01, 0xff, 0xfc,
  0xf3, 0x00, 0x01, 0x7f, 0xf8, 0xf3, 0x00, 0x01, 0x1f, 0xe0, 0x81, 0x00, 0xa9, 0x00, 0x81, 0x00, 0x81, 0x00, 0x81, 0x00, 0xad, 0x00, 0x00, 0x0c,
  0xfd, 0x00, 0x00, 0x70, 0xf8, 0x00, 0x06, 0x30, 0x0f, 0x01, 0x80, 0x00, 0x01, 0xf8, 0xf8, 0x00, 0x06, 0x78, 0x0f, 0xc3, 0x80, 0x30, 0x1f, 0xf0,
  0xf8, 0x00, 0x06, 0x7e, 0x07, 0xff, 0x80, 0x7f, 0xff, 0xe0, 0xf8, 0x00, 0x07, 0x7f, 0xc1, 0xff, 0x00, 0x3f, 0xff, 0x80, 0x3c, 0xf9, 0x00, 0x07,
  0x3f, 0xf8, 0xff, 0x00, 0x3f, 0xfe, 0x00, 0xfe, 0xf9, 0x00, 0x07, 0x3f, 0xff, 0xfe, 0x00, 0x1f, 0xf8, 0x0f, 0xff, 0xf9, 0x00, 0x07, 0x0f, 0xff,
  0xe0, 0x00, 0x07, 0xc3, 0xff, 0xff, 0xf9, 0x00, 0x07, 0x07, 0xff, 0xe0, 0x00, 0x00, 0xff, 0xff, 0xfe, 0xf9, 0x00, 0x07, 0x01, 0xff, 0xc0, 0x1c,
  0x01, 0xff, 0xff, 0xfc, 0xf8, 0x00, 0x06, 0x0c, 0x0e, 0x7e, 0x00, 0xff, 0xff, 0xf8, 0xf7, 0x00, 0x05, 0x0f, 0xff, 0xf8, 0x7f, 0xff, 0xe0, 0xf7,
  0x00, 0x04, 0x1f, 0xff, 0xfc, 0x0f, 0xfe, 0xf6, 0x00, 0x02, 0x0f, 0xff, 0xfc, 0xf4, 0x00, 0x02, 0x0f, 0xff, 0xfc, 0xf4, 0x00, 0x02, 0x0f, 0xff,
  0xf8, 0xf4, 0x00, 0x02, 0x0f, 0xff, 0xf8, 0xf4, 0x00, 0x02, 0x07, 0xff, 0xf0, 0xf4, 0x00, 0x02, 0x03, 0xff, 0xf0, 0xf4, 0x00, 0x02, 0x01, 0xff,
  0xe0, 0xf3, 0x00, 0x01, 0xff, 0x80, 0xf3, 0x00, 0x00, 0x1e, 0x81, 0x00, 0xa8, 0x00, 0x81, 0x00, 0x81, 0x00, 0x81, 0x00, 0x9d, 0x00, 0x00, 0x18,
  0xf3, 0x00, 0x02, 0x60, 0x1e, 0x02, 0xfe, 0x00, 0x00, 0x80, 0xf8, 0x00, 0x06, 0x78, 0x1f, 0xee, 0x00, 0x00, 0x07, 0xc0, 0xf8, 0x00, 0x06, 0x7e,
  0x0f, 0xfe, 0x01, 0xe0, 0xff, 0x80, 0xf8, 0x00, 0x05, 0x7f, 0x83, 0xfe, 0x01, 0xff, 0xff, 0xf7, 0x00, 0x07, 0x3f, 0xf9, 0xfc, 0x01, 0xff, 0xfc,
  0x01, 0xf0, 0xf9, 0x00, 0x07, 0x3f, 0xff, 0xf8, 0x00, 0x7f, 0xf0, 0x1f, 0xf8, 0xf9, 0x00, 0x07, 0x1f, 0xff, 0xc0, 0x00, 0x3f, 0x03, 0xff, 0xf8,
  0xf9, 0x00, 0x07, 0x07, 0xff, 0xc0, 0x00, 0x03, 0xff, 0xff, 0xf8, 0xf9, 0x00, 0x07, 0x01, 0xff, 0x80, 0x70, 0x07, 0xff, 0xff, 0xf8, 0xf7, 0x00,
  0x05, 0x1c, 0xf8, 0x07, 0xff, 0xff, 0xe0, 0xf7, 0x00, 0x05, 0x3f, 0xff, 0xe3, 0xff, 0xff, 0x80, 0xf7, 0x00, 0x04, 0x3f, 0xff, 0xf0, 0x1f, 0xfc,
  0xf6, 0x00, 0x02, 0x1f, 0xff, 0xf0, 0xf4, 0x00, 0x02, 0x1f, 0xff, 0xe0, 0xf4, 0x00, 0x02, 0x1f, 0xff, 0xe0, 0xf4, 0x00, 0x02, 0x0f, 0xff, 0xc0,
  0xf4, 0x00, 0x02, 0x07, 0xff, 0x80, 0xf4, 0x00, 0x01, 0x03, 0xff, 0xf2, 0x00, 0x00, 0x30, 0x81, 0x00, 0x98, 0x00, 0x81, 0x00, 0x81, 0x00, 0x81,
  0x00, 0xbd, 0x00, 0x00, 0x30, 0xf3, 0x00, 0x02, 0xe0, 0x3e, 0x08, 0xf4, 0x00, 0x05, 0xf0, 0x3f, 0xbc, 0x00, 0x00, 0x1e, 0xf7, 0x00, 0x05, 0xfc,
  0x1f, 0xfc, 0x0f, 0x01, 0xfe, 0xf7, 0x00, 0x05, 0xff, 0x07, 0xf8, 0x07, 0xff, 0xfc, 0xf7, 0x00, 0x07, 0x7f, 0xfb, 0xf8, 0x07, 0xff, 0xf8, 0x03,
  0xc0, 0xf9, 0x00, 0x07, 0x7f, 0xff, 0xf0, 0x03, 0xff, 0xe0, 0x1f, 0xe0, 0xf9, 0x00, 0x07, 0x3f, 0xff, 0x80, 0x01, 0xff, 0xc1, 0xff, 0xe0, 0xf9,
  0x00, 0x07, 0x0f, 0xff, 0x80, 0x00, 0x3f, 0xff, 0xff, 0xe0, 0xf9, 0x00, 0x07, 0x03, 0xff, 0x80, 0xc0, 0x3f, 0xff, 0xff, 0xc0, 0xf8, 0x00, 0x06,
  0x7c, 0x71, 0xe0, 0x1f, 0xff, 0xff, 0x80, 0xf7, 0x00, 0x04, 0x7f, 0xf1, 0x9f, 0xff, 0xff, 0xf6, 0x00, 0x04, 0x7f, 0xff, 0xc7, 0xff, 0xf8, 0xf6,
  0x00, 0x03, 0x7f, 0xff, 0xc0, 0x07, 0xf5, 0x00, 0x02, 0x7f, 0xff, 0xc0, 0xf4, 0x00, 0x02, 0x3f, 0xff, 0x80, 0xf4, 0x00, 0x02, 0x3f, 0xff, 0x80,
  0xf4, 0x00, 0x01, 0x0f, 0xff, 0xf3, 0x00, 0x01, 0x07, 0xfc, 0xf2, 0x00, 0x00, 0x40, 0x81, 0x00, 0x81, 0x00, 0xf8, 0x00, 0x81, 0x00, 0x81, 0x00,
  0x81, 0x00, 0xad, 0x00, 0x00, 0x70, 0xf4, 0x00, 0x03, 0x01, 0xc0, 0x7c, 0x30, 0xf5, 0x00, 0x03, 0x01, 0xe0, 0x3f, 0x78, 0xf5, 0x00, 0x06, 0x01,
  0xf8, 0x1f, 0xf0, 0x1c, 0x03, 0xf8, 0xf8, 0x00, 0x06, 0x01, 0xff, 0x0f, 0xf0, 0x1f, 0xff, 0xf0, 0xf7, 0x00, 0x05, 0xff, 0xe3, 0xe0, 0x1f, 0xff,
  0xe0, 0xf7, 0x00, 0x06, 0x7f, 0xfe, 0x40, 0x0f, 0xff, 0xc0, 0x3f, 0xf8, 0x00, 0x07, 0x3f, 0xff, 0x00, 0x07, 0xfe, 0x03, 0xff, 0x80, 0xf9, 0x00,
  0x03, 0x0f, 0xff, 0x00, 0x00, 0xfe, 0xff, 0x00, 0x80, 0xf9, 0x00, 0x03, 0x03, 0xfe, 0x00, 0x00, 0xfe, 0xff, 0xf6, 0x00, 0x01, 0xe3, 0x80, 0xfe,
  0xff, 0xf7, 0x00, 0x05, 0x01, 0xff, 0xce, 0x7f, 0xff, 0xfc, 0xf7, 0x00, 0x05, 0x01, 0xff, 0xff, 0x1f, 0xff, 0xf0, 0xf6, 0x00, 0x04, 0xff, 0xff,
  0x01, 0xff, 0x80, 0xf6, 0x00, 0x01, 0xff, 0xff, 0xf3, 0x00, 0x01, 0x7f, 0xfe, 0xf3, 0x00, 0x01, 0x7f, 0xfe, 0xf3, 0x00, 0x01, 0x3f, 0xfc, 0xf3,
  0x00, 0x01, 0x0f, 0xe0, 0x81, 0x00, 0x81, 0x00, 0xf8, 0x00, 0x81, 0x00, 0x81, 0x00, 0x81, 0x00, 0xcd, 0x00, 0x00, 0xc0, 0xf4, 0x00, 0x03, 0x03,
  0x80, 0xf8, 0x60, 0xf5, 0x00, 0x05, 0x03, 0xe0, 0x7f, 0xe0, 0x00, 0x01, 0xf7, 0x00, 0x06, 0x03, 0xf8, 0x3f, 0xe0, 0xe0, 0x3f, 0x80, 0xf8, 0x00,
  0x06, 0x03, 0xfe, 0x1f, 0xe0, 0xff, 0xff, 0x80, 0xf8, 0x00, 0x05, 0x01, 0xff, 0xef, 0xc0, 0x7f, 0xff, 0xf6, 0x00, 0x06, 0xff, 0xfe, 0x80, 0x3f,
  0xfc, 0x00, 0x78, 0xf8, 0x00, 0x06, 0x7f, 0xfe, 0x00, 0x1f, 0xe0, 0x07, 0xfc, 0xf8, 0x00, 0x06, 0x3f, 0xfe, 0x00, 0x01, 0xff, 0xff, 0xfc, 0xf8,
  0x00, 0x06, 0x07, 0xff, 0x00, 0x03, 0xff, 0xff, 0xfc, 0xf7, 0x00, 0x05, 0x07, 0x8e, 0x03, 0xff, 0xff, 0xfc, 0xf7, 0x00, 0x05, 0x07, 0xff, 0x1d,
  0xff, 0xff, 0xf8, 0xf7, 0x00, 0x05, 0x07, 0xff, 0xfc, 0x7f, 0xff, 0xe0, 0xf7, 0x00, 0x04, 0x07, 0xff, 0xfc, 0x0f, 0xfe, 0xf6, 0x00, 0x02, 0x03,
  0xff, 0xfc, 0xf4, 0x00, 0x02, 0x03, 0xff, 0xfc, 0xf4, 0x00, 0x02, 0x03, 0xff, 0xfc, 0xf4, 0x00, 0x02, 0x01, 0xff, 0xf8, 0xf3, 0x00, 0x01, 0xff,
  0xf0, 0xf3, 0x00, 0x01, 0x7f, 0xc0, 0xf3, 0x00, 0x00, 0x0f, 0x81, 0x00, 0x81, 0x00, 0xf7, 0x00, 0x81, 0x00, 0x81, 0x00, 0x81, 0x00, 0xbd, 0x00,
  0x00, 0x80, 0xf4, 0x00, 0x03, 0x03, 0x80, 0xf1, 0x80, 0xf5, 0x00, 0x03, 0x03, 0xc0, 0xff, 0x80, 0xf5, 0x00, 0x05, 0x03, 0xf8, 0x3f, 0x83, 0x80,
  0xfc, 0xf7, 0x00, 0x05, 0x03, 0xfe, 0x1f, 0x83, 0xff, 0xf8, 0xf7, 0x00, 0x05, 0x03, 0xff, 0xff, 0x03, 0xff, 0xe0, 0xf7, 0x00, 0x05, 0x01, 0xff,
  0xf8, 0x00, 0xff, 0x80, 0xf6, 0x00, 0x06, 0xff, 0xfc, 0x00, 0x3c, 0x00, 0x0f, 0xe0, 0xf8, 0x00, 0x06, 0x1f, 0xf8, 0x00, 0x03, 0xff, 0xff, 0xf0,
  0xf8, 0x00, 0x06, 0x03, 0xe6, 0x00, 0x0f, 0xff, 0xff, 0xf0, 0xf7, 0x00, 0x05, 0x07, 0x18, 0x0f, 0xff, 0xff, 0xe0, 0xf7, 0x00, 0x05, 0x0f, 0xfc,
  0x77, 0xff, 0xff, 0xe0, 0xf7, 0x00, 0x05, 0x0f, 0xff, 0xf9, 0xff, 0xff, 0x80, 0xf7, 0x00, 0x04, 0x07, 0xff, 0xf8, 0x03, 0xc0, 0xf6, 0x00, 0x02,
  0x07, 0xff, 0xf0, 0xf4, 0x00, 0x02, 0x03, 0xff, 0xf0, 0xf4, 0x00, 0x02, 0x01, 0xff, 0xc0, 0xf3, 0x00, 0x01, 0x7f, 0x80, 0x81, 0x00, 0x81, 0x00,
  0xd8, 0x00, 0x81, 0x00, 0x81, 0x00, 0x81, 0x00, 0xbf, 0x00, 0x03, 0x07, 0x01, 0xe1, 0x80, 0xf5, 0x00, 0x03, 0x07, 0xc0, 0xfb, 0x80, 0xf5, 0x00,
  0x05, 0x07, 0xf0, 0x7f, 0x86, 0x01, 0xf8, 0xf7, 0x00, 0x05, 0x07, 0xfc, 0x3f, 0x87, 0xff, 0xf0, 0xf7, 0x00, 0x05, 0x03, 0xff, 0xff, 0x07, 0xff,
  0xe0, 0xf7, 0x00, 0x04, 0x03, 0xff, 0xfa, 0x03, 0xff, 0xf5, 0x00, 0x06, 0xff, 0xf8, 0x00, 0xfc, 0x00, 0x07, 0xc0, 0xf8, 0x00, 0x06, 0x7f, 0xf8,
  0x00, 0x00, 0x01, 0xff, 0xe0, 0xf8, 0x00, 0x06, 0x0f, 0xf8, 0x00, 0x1f, 0xff, 0xff, 0xe0, 0xf7, 0x00, 0x05, 0x0e, 0x20, 0x1f, 0xff, 0xff, 0xe0,
  0xf7, 0x00, 0x05, 0x1f, 0xf8, 0x6f, 0xff, 0xff, 0xc0, 0xf7, 0x00, 0x05, 0x1f, 0xff, 0xe7, 0xff, 0xff, 0x80, 0xf7, 0x00, 0x04, 0x0f, 0xff, 0xf0,
  0xff, 0xf8, 0xf6, 0x00, 0x02, 0x0f, 0xff, 0xe0, 0xf4, 0x00, 0x02, 0x07, 0xff, 0xe0, 0xf4, 0x00, 0x02, 0x03, 0xff, 0xc0, 0xf4, 0x00, 0x02, 0x01,
  0xff, 0x80, 0xf3, 0x00, 0x00, 0x7e, 0x81, 0x00, 0x81, 0x00, 0xd7, 0x00, 0x81, 0x00, 0x81, 0x00, 0x81, 0x00, 0xbe, 0x00, 0x01, 0x01, 0x80, 0xf4,
  0x00, 0x02, 0x07, 0x81, 0xe3, 0xf4, 0x00, 0x05, 0x07, 0xe0, 0xff, 0x0c, 0x00, 0xe0, 0xf7, 0x00, 0x05, 0x07, 0xf8, 0x7f, 0x0f, 0x0f, 0xe0, 0xf7,
  0x00, 0x05, 0x07, 0xff, 0x1f, 0x0f, 0xff, 0xc0, 0xf7, 0x00, 0x04, 0x03, 0xff, 0xfe, 0x07, 0xff, 0xf6, 0x00, 0x06, 0x01, 0xff, 0xf0, 0x03, 0xf8,
  0x00, 0x03, 0xf7, 0x00, 0x01, 0xff, 0xf0, 0xfe, 0x00, 0x01, 0x3f, 0x80, 0xf8, 0x00, 0x06, 0x1f, 0xe0, 0x00, 0x1f, 0xff, 0xff, 0xc0, 0xf7, 0x00,
  0x05, 0x1c, 0x00, 0x3f, 0xff, 0xff, 0xc0, 0xf7, 0x00, 0x05, 0x1e, 0xf0, 0x1f, 0xff, 0xff, 0xc0, 0xf7, 0x00, 0x05, 0x1f, 0xf9, 0xcf, 0xff, 0xff,
  0x80, 0xf7, 0x00, 0x04, 0x1f, 0xff, 0xe1, 0xff, 0xfc, 0xf6, 0x00, 0x02, 0x0f, 0xff, 0xc0, 0xf4, 0x00, 0x02, 0x07, 0xff, 0xc0, 0xf4, 0x00, 0x02,
  0x07, 0xff, 0x80, 0xf4, 0x00, 0x01, 0x01, 0xfe, 0x81, 0x00, 0x81, 0x00, 0xc7, 0x00, 0x81, 0x00, 0x81, 0x00, 0x81, 0x00, 0xbf, 0x00, 0x02, 0x0e,
  0x01, 0xc2, 0xf4, 0x00, 0x05, 0x0f, 0xc1, 0xf7, 0x00, 0x03, 0x80, 0xf7, 0x00, 0x05, 0x0f, 0xf0, 0xff, 0x1e, 0x7f, 0xc0, 0xf7, 0x00, 0x05, 0x0f,
  0xfc, 0x7f, 0x1f, 0xff, 0xc0, 0xf7, 0x00, 0x05, 0x07, 0xff, 0xfe, 0x0f, 0xff, 0x80, 0xf7, 0x00, 0x04, 0x03, 0xff, 0xf0, 0x07, 0xfe, 0xf6, 0x00,
  0x06, 0x01, 0xff, 0xf0, 0x03, 0xf0, 0x00, 0x1f, 0xf7, 0x00, 0x06, 0x7f, 0xf0, 0x00, 0x3d, 0xff, 0xff, 0x80, 0xf8, 0x00, 0x06, 0x0f, 0x90, 0x00,
  0x7f, 0xff, 0xff, 0x80, 0xf7, 0x00, 0x05, 0x38, 0xc0, 0x7f, 0xff, 0xff, 0x80, 0xf7, 0x00, 0x04, 0x3f, 0xe3, 0xbf, 0xff, 0xff, 0xf6, 0x00, 0x04,
  0x3f, 0xff, 0x8f, 0xff, 0xfe, 0xf6, 0x00, 0x04, 0x1f, 0xff, 0x81, 0xff, 0xf0, 0xf6, 0x00, 0x02, 0x1f, 0xff, 0x80, 0xf4, 0x00, 0x01, 0x07, 0xff,
  0xf2, 0x00, 0x00, 0x7c, 0x81, 0x00, 0x81, 0x00, 0xb7, 0x00, 0x81, 0x00, 0x81, 0x00, 0x81, 0x00, 0xbf, 0x00, 0x02, 0x0e, 0x01, 0x82, 0xf4, 0x00,
  0x05, 0x0f, 0x81, 0xfe, 0x00, 0x03, 0x80, 0xf7, 0x00, 0x05, 0x0f, 0xe0, 0xfe, 0x1c, 0x7f, 0xc0, 0xf7, 0x00, 0x05, 0x0f, 0xfc, 0x7e, 0x1f, 0xff,
  0x80, 0xf7, 0x00, 0x04, 0x07, 0xff, 0xdc, 0x0f, 0xfe, 0xf6, 0x00, 0x04, 0x03, 0xff, 0xf0, 0x0f, 0xf8, 0xf6, 0x00, 0x06, 0x01, 0xff, 0xf0, 0x00,
  0x80, 0x00, 0x1f, 0xf7, 0x00, 0x06, 0x3f, 0xe0, 0x00, 0x3f, 0xff, 0xff, 0x80, 0xf7, 0x00, 0x05, 0x10, 0x00, 0x7f, 0xff, 0xff, 0x80, 0xf7, 0x00,
  0x05, 0x38, 0xc0, 0x7f, 0xff, 0xff, 0x80, 0xf7, 0x00, 0x04, 0x3f, 0xe3, 0xbf, 0xff, 0xff, 0xf6, 0x00, 0x04, 0x3f, 0xff, 0x8f, 0xff, 0xfe, 0xf6,
  0x00, 0x04, 0x1f, 0xff, 0x81, 0xff, 0xf0, 0xf6, 0x00, 0x02, 0x1f, 0xff, 0x80, 0xf4, 0x00, 0x01, 0x07, 0xff, 0xf2, 0x00, 0x00, 0x7c, 0x81, 0x00,
  0x81, 0x00, 0xb7, 0x00, 0x81, 0x00, 0x81, 0x00, 0x81, 0x00, 0xbf, 0x00, 0x02, 0x0e, 0x03, 0xc6, 0xf4, 0x00, 0x05, 0x0f, 0xc1, 0xfe, 0x10, 0x1f,
  0x80, 0xf7, 0x00, 0x04, 0x0f, 0xf0, 0xfe, 0x3f, 0xff, 0xf6, 0x00, 0x04, 0x0f, 0xfe, 0x7e, 0x3f, 0xfe, 0xf6, 0x00, 0x04, 0x07, 0xff, 0xfc, 0x1f,
  0xf8, 0xf6, 0x00, 0x04, 0x03, 0xff, 0xf0, 0x0f, 0xe0, 0xf6, 0x00, 0x02, 0x01, 0xff, 0xe0, 0xfe, 0x00, 0x00, 0x3f, 0xf7, 0x00, 0x06, 0x3f, 0xe0,
  0x00, 0x7f, 0xff, 0xff, 0x80, 0xf7, 0x00, 0x05, 0x10, 0x00, 0x7f, 0xff, 0xff, 0x80, 0xf7, 0x00, 0x04, 0x38, 0x80, 0x7f, 0xff, 0xff, 0xf6, 0x00,
  0x04, 0x3f, 0xc7, 0x3f, 0xff, 0xfe, 0xf6, 0x00, 0x04, 0x3f, 0xff, 0x8f, 0xff, 0xfc, 0xf6, 0x00, 0x04, 0x3f, 0xff, 0x81, 0xff, 0xe0, 0xf6, 0x00,
  0x01, 0x1f, 0xff, 0xf3, 0x00, 0x01, 0x07, 0xfe, 0xf2, 0x00, 0x00, 0x38, 0x81, 0x00, 0x81, 0x00, 0xb7, 0x00, 0x81, 0x00, 0x81, 0x00, 0x81, 0x00,
  0xbf, 0x00, 0x02, 0x0e, 0x03, 0xc6, 0xf4, 0x00, 0x04, 0x0f, 0x81, 0xfe, 0x10, 0x0f, 0xf6, 0x00, 0x04, 0x0f, 0xf0, 0xfe, 0x3f, 0xff, 0xf6, 0x00,
  0x04, 0x0f, 0xfc, 0x7e, 0x3f, 0xfe, 0xf6, 0x00, 0x04, 0x07, 0xff, 0xdc, 0x1f, 0xf8, 0xf6, 0x00, 0x04, 0x03, 0xff, 0xe0, 0x0f, 0xc0, 0xf6, 0x00,
  0x02, 0x01, 0xff, 0xe0, 0xfe, 0x00, 0x00, 0x3e, 0xf7, 0x00, 0x05, 0x3f, 0xe0, 0x00, 0x3f, 0xff, 0xff, 0xf6, 0x00, 0x05, 0x10, 0x00, 0x7f, 0xff,
  0xff, 0x80, 0xf7, 0x00, 0x04, 0x39, 0x80, 0x7f, 0xff, 0xff, 0xf6, 0x00, 0x04, 0x3f, 0xc7, 0x3f, 0xff, 0xfe, 0xf6, 0x00, 0x04, 0x3f, 0xff, 0x8f,
  0xff, 0xfc, 0xf6, 0x00, 0x04, 0x3f, 0xff, 0x81, 0xff, 0xe0, 0xf6, 0x00, 0x01, 0x1f, 0xff, 0xf3, 0x00, 0x01, 0x07, 0xfe, 0xf2, 0x00, 0x00, 0x38,
  0x81, 0x00, 0x81, 0x00, 0xb7, 0x00, 0x81, 0x00, 0x81, 0x00, 0x81, 0x00, 0xbf, 0x00, 0x02, 0x0e, 0x03, 0xc6, 0xf4, 0x00, 0x04, 0x0f, 0xc1, 0xfe,
  0x10, 0x0f, 0xf6, 0x00, 0x04, 0x0f, 0xf0, 0xfe, 0x3f, 0xff, 0xf6, 0x00, 0x04, 0x0f, 0xfc, 0x7e, 0x3f, 0xfe, 0xf6, 0x00, 0x04, 0x07, 0xff, 0xfc,
  0x1f, 0xf8, 0xf6, 0x00, 0x04, 0x03, 0xff, 0xe0, 0x0f, 0xe0, 0xf6, 0x00, 0x02, 0x01, 0xff, 0xe0, 0xfe, 0x00, 0x00, 0x3e, 0xf7, 0x00, 0x05, 0x7f,
  0xe0, 0x00, 0x3f, 0xff, 0xff, 0xf6, 0x00, 0x05, 0x10, 0x00, 0x7f, 0xff, 0xff, 0x80, 0xf7, 0x00, 0x04, 0x38, 0x00, 0x7f, 0xff, 0xff, 0xf6, 0x00,
  0x04, 0x3f, 0xc7, 0x3f, 0xff, 0xfe, 0xf6, 0x00, 0x04, 0x3f, 0xff, 0x8f, 0xff, 0xfc, 0xf6, 0x00, 0x04, 0x3f, 0xff, 0x81, 0xff, 0xf0, 0xf6, 0x00,
  0x01, 0x1f, 0xff, 0xf3, 0x00, 0x01, 0x0f, 0xfe, 0xf2, 0x00, 0x00, 0x38, 0x81, 0x00, 0x81, 0x00, 0xb7, 0x00, 0x81, 0x00, 0x81, 0x00, 0x81, 0x00,
  0xbf, 0x00, 0x02, 0x0e, 0x03, 0xc6, 0xf4, 0x00, 0x04, 0x0f, 0x81, 0xfe, 0x10, 0x0f, 0xf6, 0x00, 0x04, 0x0f, 0xe0, 0xfe, 0x3f, 0xff, 0xf6, 0x00,
  0x04, 0x0f, 0xfc, 0x7e, 0x3f, 0xfe, 0xf6, 0x00, 0x04, 0x07, 0xff, 0xdc, 0x1f, 0xf8, 0xf6, 0x00, 0x04, 0x03, 0xff, 0xe0, 0x0f, 0xe0, 0xf6, 0x00,
  0x02, 0x01, 0xff, 0xe0, 0xfe, 0x00, 0x00, 0x1e, 0xf7, 0x00, 0x05, 0x7f, 0xe0, 0x00, 0x3f, 0xff, 0xff, 0xf6, 0x00, 0x05, 0x10, 0x00, 0x7f, 0xff,
  0xff, 0x80, 0xf7, 0x00, 0x04, 0x38, 0x00, 0x7f, 0xff, 0xff, 0xf6, 0x00, 0x04, 0x3f, 0xc3, 0x3f, 0xff, 0xfe, 0xf6, 0x00, 0x04, 0x3f, 0xff, 0x8f,
  0xff, 0xfc, 0xf6, 0x00, 0x04, 0x3f, 0xff, 0x81, 0xff, 0xf0, 0xf6, 0x00, 0x01, 0x1f, 0xff, 0xf3, 0x00, 0x01, 0x0f, 0xfe, 0xf2, 0x00, 0x00, 0x38,
  0x81, 0x00, 0x81, 0x00, 0xb7, 0x00, 0x81, 0x00, 0x81, 0x00, 0x81, 0x00, 0xbf, 0x00, 0x02, 0x0e, 0x03, 0xc2, 0xf4, 0x00, 0x04, 0x0f, 0x83, 0xfe,
  0x10, 0x0f, 0xf6, 0x00, 0x05, 0x0f, 0xe0, 0xfe, 0x3f, 0xff, 0x80, 0xf7, 0x00, 0x04, 0x0f, 0xfc, 0x7e, 0x3f, 0xfe, 0xf6, 0x00, 0x04, 0x07, 0xff,
  0xdc, 0x1f, 0xf8, 0xf6, 0x00, 0x04, 0x03, 0xff, 0xe0, 0x0f, 0xe0, 0xf6, 0x00, 0x02, 0x01, 0xff, 0xe0, 0xfe, 0x00, 0x00, 0x1e, 0xf7, 0x00, 0x05,
  0x7f, 0xe0, 0x00, 0x3f, 0xdf, 0xff, 0xf6, 0x00, 0x05, 0x10, 0x00, 0x7f, 0xff, 0xff, 0x80, 0xf7, 0x00, 0x04, 0x38, 0x00, 0x7f, 0xff, 0xff, 0xf6,
  0x00, 0x04, 0x3f, 0xc3, 0x3f, 0xff, 0xfe, 0xf6, 0x00, 0x04, 0x3f, 0xff, 0x8f, 0xff, 0xfc, 0xf6, 0x00, 0x04, 0x3f, 0xff, 0x83, 0xff, 0xf0, 0xf6,
  0x00, 0x01, 0x1f, 0xff, 0xf3, 0x00, 0x01, 0x0f, 0xfe, 0xf2, 0x00, 0x00, 0x7c, 0x81, 0x00, 0x81, 0x00, 0xb7, 0x00, 0x81, 0x00, 0x81, 0x00, 0x81,
  0x00, 0xbf, 0x00, 0x02, 0x0e, 0x03, 0x80, 0xf4, 0x00, 0x04, 0x0f, 0x83, 0xfe, 0x10, 0x07, 0xf6, 0x00, 0x05, 0x0f, 0xe0, 0xfe, 0x3d, 0xff, 0x80,
  0xf7, 0x00, 0x04, 0x0f, 0xf8, 0x7e, 0x3f, 0xfe, 0xf6, 0x00, 0x04, 0x07, 0xff, 0xfc, 0x1f, 0xf8, 0xf6, 0x00, 0x04, 0x03, 0xff, 0xe0, 0x0f, 0xe0,
  0xf6, 0x00, 0x02, 0x01, 0xff, 0xe0, 0xfe, 0x00, 0x00, 0x0e, 0xf7, 0x00, 0x05, 0x7f, 0xe0, 0x00, 0x3f, 0x03, 0xff, 0xf4, 0x00, 0x03, 0x7f, 0xff,
  0xff, 0x80, 0xf7, 0x00, 0x04, 0x38, 0x00, 0x7f, 0xff, 0xff, 0xf6, 0x00, 0x04, 0x3f, 0xc3, 0x3f, 0xff, 0xff, 0xf6, 0x00, 0x04, 0x3f, 0xff, 0x8f,
  0xff, 0xfc, 0xf6, 0x00, 0x04, 0x3f, 0xff, 0x83, 0xff, 0xf8, 0xf6, 0x00, 0x01, 0x1f, 0xff, 0xf3, 0x00, 0x01, 0x0f, 0xfe, 0xf2, 0x00, 0x00, 0x7c,
  0x81, 0x00, 0x81, 0x00, 0xb7, 0x00, 0x81, 0x00, 0x81, 0x00, 0x81, 0x00, 0xbf, 0x00, 0x02, 0x0e, 0x03, 0x80, 0xf4, 0x00, 0x04, 0x0f, 0x83, 0xfe,
  0x10, 0x0f, 0xf6, 0x00, 0x05, 0x0f, 0xe1, 0xfe, 0x3f, 0xff, 0x80, 0xf7, 0x00, 0x04, 0x0f, 0xf8, 0x7e, 0x3f, 0xfe, 0xf6, 0x00, 0x04, 0x07, 0xff,
  0xfc, 0x1f, 0xf8, 0xf6, 0x00, 0x04, 0x07, 0xff, 0xe0, 0x0f, 0xe0, 0xf6, 0x00, 0x02, 0x03, 0xff, 0xe0, 0xfe, 0x00, 0x00, 0x0e, 0xf7, 0x00, 0x05,
  0x7f, 0xe0, 0x00, 0x3c, 0x01, 0xff, 0xf4, 0x00, 0x03, 0x7f, 0xff, 0xff, 0x80, 0xf7, 0x00, 0x04, 0x38, 0x00, 0x7f, 0xff, 0xff, 0xf6, 0x00, 0x04,
  0x3f, 0xc3, 0x3f, 0xff, 0xff, 0xf6, 0x00, 0x04, 0x3f, 0xff, 0x8f, 0xff, 0xfe, 0xf6, 0x00, 0x04, 0x3f, 0xff, 0x83, 0xff, 0xf8, 0xf6, 0x00, 0x01,
  0x1f, 0xff, 0xf3, 0x00, 0x01, 0x0f, 0xfe, 0xf2, 0x00, 0x00, 0x7c, 0x81, 0x00, 0x81, 0x00, 0xb7, 0x00, 0x81, 0x00, 0x81, 0x00, 0x81, 0x00, 0xbf,
  0x00, 0x02, 0x0e, 0x03, 0x80, 0xf4, 0x00, 0x04, 0x0f, 0x83, 0xfe, 0x10, 0x07, 0xf6, 0x00, 0x05, 0x0f, 0xe0, 0xfe, 0x3c, 0xff, 0x80, 0xf7, 0x00,
  0x04, 0x0f, 0xf8, 0x7e, 0x3f, 0xfe, 0xf6, 0x00, 0x04, 0x07, 0xff, 0xfc, 0x1f, 0xf8, 0xf6, 0x00, 0x04, 0x07, 0xff, 0xe0, 0x0f, 0xe0, 0xf6, 0x00,
  0x02, 0x01, 0xff, 0xe0, 0xfe, 0x00, 0x00, 0x0e, 0xf7, 0x00, 0x05, 0x7f, 0xe0, 0x00, 0x3c, 0x01, 0xff, 0xf4, 0x00, 0x03, 0x7f, 0xff, 0xff, 0x80,
  0xf7, 0x00, 0x04, 0x38, 0x00, 0x7f, 0xff, 0xff, 0xf6, 0x00, 0x04, 0x3f, 0xc3, 0x3f, 0xff, 0xff, 0xf6, 0x00, 0x04, 0x3f, 0xff, 0x8f, 0xff, 0xfe,
  0xf6, 0x00, 0x04, 0x3f, 0xff, 0x83, 0xff, 0xf8, 0xf6, 0x00, 0x01, 0x1f, 0xff, 0xf3, 0x00, 0x01, 0x0f, 0xfe, 0xf2, 0x00, 0x00, 0x7c, 0x81, 0x00,
  0x81, 0x00, 0xb7, 0x00, 0x81, 0x00, 0x81, 0x00, 0x81, 0x00, 0xbf, 0x00, 0x02, 0x0e, 0x03, 0x80, 0xf4, 0x00, 0x04, 0x0f, 0x83, 0xfe, 0x10, 0x07,
  0xf6, 0x00, 0x05, 0x0f, 0xe1, 0xfe, 0x3c, 0xff, 0x80, 0xf7, 0x00, 0x04, 0x0f, 0xfc, 0x7e, 0x3f, 0xff, 0xf6, 0x00, 0x04, 0x07, 0xff, 0xfc, 0x1f,
  0xfc, 0xf6, 0x00, 0x04, 0x07, 0xff, 0xe0, 0x0f, 0xe0, 0xf6, 0x00, 0x02, 0x03, 0xff, 0xe0, 0xfe, 0x00, 0x00, 0x0e, 0xf7, 0x00, 0x05, 0x7f, 0xe0,
  0x00, 0x3c, 0x01, 0xff, 0xf4, 0x00, 0x03, 0x7f, 0xff, 0xff, 0x80, 0xf7, 0x00, 0x04, 0x38, 0x00, 0x7f, 0xff, 0xff, 0xf6, 0x00, 0x04, 0x3f, 0xc3,
  0x3f, 0xff, 0xff, 0xf6, 0x00, 0x04, 0x3f, 0xef, 0x9f, 0xff, 0xfe, 0xf6, 0x00, 0x04, 0x3f, 0xff, 0x83, 0xff, 0xf8, 0xf6, 0x00, 0x03, 0x1f, 0xff,
  0x00, 0x09, 0xf5, 0x00, 0x01, 0x0f, 0xfe, 0xf2, 0x00, 0x00, 0x7c, 0x81, 0x00, 0x81, 0x00, 0xb7, 0x00, 0x81, 0x00, 0x81, 0x00, 0x81, 0x00, 0xbf,
  0x00, 0x02, 0x0e, 0x03, 0x80, 0xf4, 0x00, 0x04, 0x0f, 0x81, 0xfe, 0x00, 0x07, 0xf6, 0x00, 0x05, 0x0f, 0xe0, 0xfe, 0x3c, 0xff, 0x80, 0xf7, 0x00,
  0x04, 0x0f, 0xf8, 0x7e, 0x3f, 0xff, 0xf6, 0x00, 0x04, 0x07, 0xff, 0xfc, 0x1f, 0xfc, 0xf6, 0x00, 0x04, 0x07, 0xff, 0xe0, 0x0f, 0xe0, 0xf6, 0x00,
  0x02, 0x01, 0xff, 0xe0, 0xfe, 0x00, 0x00, 0x0e, 0xf7, 0x00, 0x05, 0x7f, 0xe0, 0x00, 0x3c, 0x01, 0xff, 0xf4, 0x00, 0x03, 0x7f, 0xff, 0xff, 0x80,
  0xf7, 0x00, 0x04, 0x38, 0x00, 0x7f, 0xff, 0xff, 0xf6, 0x00, 0x04, 0x3f, 0xc3, 0x3f, 0xff, 0xff, 0xf6, 0x00, 0x04, 0x3f, 0xef, 0x9f, 0xff, 0xfe,
  0xf6, 0x00, 0x04, 0x3f, 0xff, 0x83, 0xff, 0xf8, 0xf6, 0x00, 0x03, 0x1f, 0xff, 0x00, 0x09, 0xf5, 0x00, 0x01, 0x0f, 0xfe, 0xf2, 0x00, 0x00, 0x7c,
  0x81, 0x00, 0x81, 0x00, 0xb7, 0x00, 0x81, 0x00, 0x81, 0x00, 0x81, 0x00, 0xbf, 0x00, 0x02, 0x06, 0x01, 0x80, 0xf4, 0x00, 0x04, 0x0f, 0x81, 0xe6,
  0x00, 0x03, 0xf6, 0x00, 0x05, 0x0f, 0xe0, 0xfe, 0x18, 0x7f, 0x80, 0xf7, 0x00, 0x04, 0x0f, 0xf8, 0x7e, 0x3f, 0xff, 0xf6, 0x00, 0x04, 0x07, 0xff,
  0xfc, 0x1f, 0xfe, 0xf6, 0x00, 0x04, 0x07, 0xff, 0xe0, 0x0f, 0xf0, 0xf6, 0x00, 0x03, 0x01, 0xff, 0xe0, 0x07, 0xf4, 0x00, 0x01, 0x7f, 0xe0, 0xfe,
  0x00, 0x00, 0x3f, 0xf7, 0x00, 0x05, 0x06, 0x00, 0x00, 0x7f, 0xff, 0xff, 0xf6, 0x00, 0x04, 0x38, 0x00, 0x7f, 0xff, 0xff, 0xf6, 0x00, 0x04, 0x3f,
  0xc1, 0x7f, 0xff, 0xff, 0xf6, 0x00, 0x04, 0x3f, 0xe7, 0x9f, 0xff, 0xfe, 0xf6, 0x00, 0x04, 0x3f, 0xff, 0x87, 0xff, 0xf8, 0xf6, 0x00, 0x04, 0x1f,
  0xff, 0x80, 0x7f, 0xc0, 0xf6, 0x00, 0x01, 0x0f, 0xff, 0xf2, 0x00, 0x00, 0x7e, 0x81, 0x00, 0x81, 0x00, 0xb7, 0x00, 0x81, 0x00, 0x81, 0x00, 0x81,
  0x00, 0xbd, 0x00, 0x00, 0x80, 0xf4, 0x00, 0x04, 0x0f, 0x01, 0xe7, 0x00, 0x03, 0xf6, 0x00, 0x05, 0x0f, 0xe0, 0xff, 0x18, 0x1f, 0x80, 0xf7, 0x00,
  0x04, 0x0f, 0xf8, 0x7e, 0x1f, 0xff, 0xf6, 0x00, 0x04, 0x07, 0xff, 0xfe, 0x1f, 0xfe, 0xf6, 0x00, 0x04, 0x07, 0xff, 0xe0, 0x0f, 0xf8, 0xf6, 0x00,
  0x04, 0x01, 0xff, 0xe0, 0x0f, 0xc0, 0xf5, 0x00, 0x01, 0x7f, 0xe0, 0xfe, 0x00, 0x00, 0x1e, 0xf7, 0x00, 0x05, 0x0f, 0x80, 0x00, 0x3f, 0x9f, 0xff,
  0xf6, 0x00, 0x04, 0x30, 0x00, 0x7f, 0xff, 0xff, 0xf6, 0x00, 0x04, 0x39, 0xc0, 0x7f, 0xff, 0xff, 0xf6, 0x00, 0x04, 0x3f, 0xe3, 0xbf, 0xff, 0xfe,
  0xf6, 0x00, 0x04, 0x3f, 0xff, 0x8f, 0xff, 0xfc, 0xf6, 0x00, 0x04, 0x1f, 0xff, 0x83, 0xff, 0xf0, 0xf6, 0x00, 0x04, 0x0f, 0xff, 0x00, 0x3f, 0x80,
  0xf5, 0x00, 0x00, 0x7e, 0x81, 0x00, 0x81, 0x00, 0xb7, 0x00, 0x81, 0x00, 0x81, 0x00, 0x81, 0x00, 0xbd, 0x00, 0x00, 0x80, 0xf4, 0x00, 0x02, 0x07,
  0x01, 0xe7, 0xf4, 0x00, 0x04, 0x0f, 0xe0, 0xff, 0x00, 0x07, 0xf6, 0x00, 0x05, 0x0f, 0xf8, 0x7f, 0x1c, 0x7f, 0x80, 0xf7, 0x00, 0x04, 0x07, 0xff,
  0xfe, 0x1f, 0xff, 0xf6, 0x00, 0x04, 0x07, 0xff, 0xf4, 0x1f, 0xfc, 0xf6, 0x00, 0x04, 0x01, 0xff, 0xf0, 0x0f, 0xe0, 0xf5, 0x00, 0x01, 0x7f, 0xe0,
  0xf3, 0x00, 0x05, 0x0f, 0xc0, 0x00, 0x00, 0x01, 0xff, 0xf6, 0x00, 0x04, 0x10, 0x00, 0x3f, 0xff, 0xff, 0xf6, 0x00, 0x04, 0x39, 0xc0, 0x3f, 0xff,
  0xff, 0xf6, 0x00, 0x04, 0x3f, 0xe3, 0xbf, 0xff, 0xfe, 0xf6, 0x00, 0x04, 0x3f, 0xff, 0x9f, 0xff, 0xfc, 0xf6, 0x00, 0x04, 0x1f, 0xff, 0x87, 0xff,
  0xf8, 0xf6, 0x00, 0x04, 0x0f, 0xff, 0x80, 0x7f, 0xc0, 0xf6, 0x00, 0x01, 0x06, 0x7e, 0xf2, 0x00, 0x00, 0x38, 0x81, 0x00, 0x81, 0x00, 0xc7, 0x00,
  0x81, 0x00, 0xfb, 0x00, 0x00, 0x20, 0xf2, 0x00, 0x00, 0x70, 0xf2, 0x00, 0x00, 0x70, 0xf2, 0x00, 0x00, 0x78, 0xf2, 0x00, 0x00, 0x7c, 0xf2, 0x00,
  0x01, 0x7f, 0x80, 0xf3, 0x00, 0x01, 0x3f, 0xfc, 0xf3, 0x00, 0x01, 0x1f, 0xfe, 0xf3, 0x00, 0x01, 0x03, 0xfc, 0xa2, 0x00, 0x01, 0x3f, 0xf8, 0xf3,
  0x00, 0x01, 0xff, 0xfe, 0xf4, 0x00, 0x02, 0x01, 0xff, 0xff, 0xf5, 0x00, 0x03, 0x04, 0x03, 0xff, 0xff, 0xf5, 0x00, 0x04, 0x06, 0x03, 0xff, 0xff,
  0x80, 0xf7, 0x00, 0x05, 0x02, 0x07, 0x87, 0xff, 0xff, 0x80, 0xf8, 0x00, 0x02, 0x01, 0xe7, 0x07, 0xfe, 0xff, 0x00, 0x80, 0xf9, 0x00, 0x03, 0x07,
  0x01, 0xff, 0x03, 0xfe, 0xff, 0x00, 0x80, 0xf9, 0x00, 0x07, 0x07, 0xe0, 0xfe, 0x00, 0x07, 0xff, 0xff, 0x80, 0xf9, 0x00, 0x07, 0x0f, 0xfe, 0x7e,
  0x00, 0x07, 0xff, 0xff, 0x80, 0xf9, 0x00, 0x07, 0x07, 0xff, 0xfc, 0x00, 0x07, 0xff, 0xff, 0x80, 0xf9, 0x00, 0x07, 0x07, 0xff, 0xe0, 0x00, 0x03,
  0xff, 0xff, 0x80, 0xf9, 0x00, 0x07, 0x03, 0xff, 0xe0, 0x00, 0x03, 0xff, 0xff, 0x80, 0xf8, 0x00, 0x06, 0xff, 0xe0, 0x00, 0x0f, 0xff, 0xff, 0x80,
  0xf8, 0x00, 0x05, 0x0f, 0xc0, 0x00, 0x0f, 0xff, 0xff, 0xf6, 0x00, 0x04, 0x18, 0x00, 0x0f, 0xff, 0xff, 0xf6, 0x00, 0x04, 0x3d, 0xe0, 0x8f, 0xff,
  0xff, 0xf6, 0x00, 0x04, 0x3f, 0xf3, 0xcf, 0xff, 0xfe, 0xf6, 0x00, 0x04, 0x1f, 0xff, 0xc3, 0xff, 0xfc, 0xf6, 0x00, 0x04, 0x1f, 0xff, 0xc0, 0xff,
  0xf8, 0xf6, 0x00, 0x04, 0x0f, 0xff, 0x80, 0x3f, 0xc0, 0xf6, 0x00, 0x01, 0x02, 0x7f, 0xf2, 0x00, 0x00, 0x08, 0x81, 0x00, 0x81, 0x00, 0xc7, 0x00,
  0x81, 0x00, 0xfb, 0x00, 0x00, 0x30, 0xf2, 0x00, 0x00, 0x70, 0xf2, 0x00, 0x00, 0x70, 0xf2, 0x00, 0x00, 0x78, 0xf2, 0x00, 0x00, 0x7c, 0xf2, 0x00,
  0x01, 0x7f, 0xc0, 0xf3, 0x00, 0x01, 0x3f, 0xfc, 0xf3, 0x00, 0x01, 0x1f, 0xff, 0xf3, 0x00, 0x01, 0x07, 0xfe, 0xf2, 0x00, 0x00, 0x40, 0xc2, 0x00,
  0x00, 0x01, 0xf2, 0x00, 0x01, 0x7f, 0xfc, 0xf4, 0x00, 0x02, 0x01, 0xff, 0xfe, 0xf4, 0x00, 0x02, 0x03, 0xff, 0xff, 0xf4, 0x00, 0x03, 0x03, 0xff,
  0xff, 0x80, 0xf5, 0x00, 0x03, 0x07, 0xff, 0xff, 0x80, 0xf7, 0x00, 0x05, 0x02, 0x00, 0x07, 0xff, 0xff, 0x80, 0xf8, 0x00, 0x06, 0x01, 0xf7, 0x00,
  0x07, 0xff, 0xff, 0x80, 0xf9, 0x00, 0x07, 0x07, 0x81, 0xff, 0x00, 0x07, 0xff, 0xff, 0x80, 0xf9, 0x00, 0x07, 0x07, 0xf0, 0xfe, 0x00, 0x07, 0xff,
  0xff, 0x80, 0xf9, 0x00, 0x07, 0x0f, 0xff, 0x7e, 0x00, 0x07, 0xff, 0xff, 0x80, 0xf9, 0x00, 0x07, 0x07, 0xff, 0xe0, 0x00, 0x07, 0xff, 0xff, 0x80,
  0xf9, 0x00, 0x07, 0x07, 0xff, 0xf0, 0x00, 0x07, 0xff, 0xff, 0x80, 0xf9, 0x00, 0x07, 0x03, 0xff, 0xf0, 0x00, 0x03, 0xff, 0xff, 0x80, 0xf9, 0x00,
  0x07, 0x01, 0xff, 0xe0, 0x00, 0x03, 0xff, 0xff, 0x80, 0xf8, 0x00, 0x06, 0x3f, 0xc0, 0x00, 0x03, 0xff, 0xff, 0x80, 0xf7, 0x00, 0x04, 0x18, 0x00,
  0x01, 0xff, 0xff, 0xf6, 0x00, 0x04, 0x3d, 0xe0, 0x81, 0xff, 0xff, 0xf6, 0x00, 0x04, 0x3f, 0xf3, 0xc1, 0xff, 0xfe, 0xf6, 0x00, 0x04, 0x1f, 0xff,
  0xc0, 0xff, 0xfc, 0xf6, 0x00, 0x04, 0x1f, 0xff, 0xc0, 0x7f, 0xf8, 0xf6, 0x00, 0x04, 0x0f, 0xff, 0x80, 0x3f, 0xc0, 0xf5, 0x00, 0x00, 0x7f, 0xf2,
  0x00, 0x00, 0x08, 0x81, 0x00, 0x81, 0x00, 0xc7, 0x00, 0x81, 0x00, 0xdb, 0x00, 0x00, 0x60, 0xf2, 0x00, 0x00, 0x70, 0xf2, 0x00, 0x00, 0x70, 0xf2,
  0x00, 0x00, 0x7c, 0xf2, 0x00, 0x00, 0x7f, 0xf2, 0x00, 0x01, 0x7f, 0xfc, 0xf3, 0x00, 0x01, 0x3f, 0xfe, 0xf3, 0x00, 0x01, 0x0f, 0xfe, 0xf3, 0x00,
  0x01, 0x01, 0xe0, 0xc2, 0x00, 0x00, 0x07, 0xf2, 0x00, 0x01, 0x7f, 0xfc, 0xf4, 0x00, 0x02, 0x01, 0xff, 0xff, 0xf4, 0x00, 0x02, 0x03, 0xff, 0xff,
  0xf4, 0x00, 0x03, 0x07, 0xff, 0xff, 0x80, 0xf5, 0x00, 0x03, 0x07, 0xff, 0xff, 0x80, 0xf7, 0x00, 0x05, 0x86, 0x00, 0x07, 0xff, 0xff, 0x80, 0xf8,
  0x00, 0x06, 0x01, 0xff, 0x00, 0x07, 0xff, 0xff, 0x80, 0xf9, 0x00, 0x07, 0x07, 0x80, 0xfe, 0x00, 0x07, 0xff, 0xff, 0x80, 0xf9, 0x00, 0x07, 0x0f,
  0xf8, 0x7e, 0x00, 0x07, 0xff, 0xff, 0x80, 0xf9, 0x00, 0x07, 0x0f, 0xff, 0xe0, 0x00, 0x07, 0xff, 0xff, 0x80, 0xf9, 0x00, 0x07, 0x07, 0xff, 0xe0,
  0x00, 0x07, 0xff, 0xff, 0x80, 0xf9, 0x00, 0x07, 0x03, 0xff, 0xe0, 0x00, 0x03, 0xff, 0xff, 0x80, 0xf9, 0x00, 0x07, 0x01, 0xff, 0xe0, 0x00, 0x03,
  0xff, 0xff, 0x80, 0xf8, 0x00, 0x06, 0x3f, 0xc0, 0x00, 0x03, 0xff, 0xff, 0x80, 0xf7, 0x00, 0x04, 0x10, 0x00, 0x03, 0xff, 0xff, 0xf6, 0x00, 0x04,
  0x1c, 0xe0, 0x81, 0xff, 0xff, 0xf6, 0x00, 0x04, 0x3f, 0xf1, 0xc1, 0xff, 0xfe, 0xf6, 0x00, 0x04, 0x3f, 0xff, 0xc0, 0xff, 0xfc, 0xf6, 0x00, 0x04,
  0x1f, 0xff, 0xc0, 0x7f, 0xf8, 0xf6, 0x00, 0x04, 0x0f, 0xff, 0x80, 0x3f, 0xc0, 0xf6, 0x00, 0x01, 0x02, 0x7f, 0xf2, 0x00, 0x00, 0x04, 0x81, 0x00,
  0x81, 0x00, 0xc7, 0x00, 0x81, 0x00, 0xdb, 0x00, 0x00, 0x60, 0xf2, 0x00, 0x00, 0x70, 0xf2, 0x00, 0x00, 0x70, 0xf2, 0x00, 0x00, 0x78, 0xf2, 0x00,
  0x00, 0x7f, 0xf2, 0x00, 0x01, 0x7f, 0xfc, 0xf3, 0x00, 0x01, 0x3f, 0xfe, 0xf3, 0x00, 0x01, 0x0f, 0xfe, 0xf3, 0x00, 0x01, 0x01, 0xe0, 0xc2, 0x00,
  0x01, 0x07, 0x80, 0xf3, 0x00, 0x01, 0x7f, 0xfc, 0xf4, 0x00, 0x02, 0x01, 0xff, 0xff, 0xf4, 0x00, 0x02, 0x03, 0xff, 0xff, 0xf4, 0x00, 0x03, 0x07,
  0xff, 0xff, 0x80, 0xf5, 0x00, 0x03, 0x07, 0xff, 0xff, 0x80, 0xf7, 0x00, 0x05, 0x86, 0x00, 0x07, 0xff, 0xff, 0x80, 0xf8, 0x00, 0x06, 0x01, 0xff,
  0x00, 0x07, 0xff, 0xff, 0x80, 0xf9, 0x00, 0x07, 0x0f, 0x81, 0xfe, 0x00, 0x07, 0xff, 0xff, 0x80, 0xf9, 0x00, 0x07, 0x0f, 0xf8, 0x7e, 0x00, 0x07,
  0xff, 0xff, 0x80, 0xf9, 0x00, 0x07, 0x0f, 0xff, 0xec, 0x00, 0x07, 0xff, 0xff, 0x80, 0xf9, 0x00, 0x07, 0x07, 0xff, 0xe0, 0x00, 0x07, 0xff, 0xff,
  0x80, 0xf9, 0x00, 0x07, 0x03, 0xff, 0xf0, 0x00, 0x03, 0xff, 0xff, 0x80, 0xf9, 0x00, 0x07, 0x01, 0xff, 0xe0, 0x00, 0x03, 0xff, 0xff, 0x80, 0xf8,
  0x00, 0x06, 0x3f, 0xc0, 0x00, 0x03, 0xff, 0xff, 0x80, 0xf7, 0x00, 0x04, 0x10, 0x00, 0x03, 0xff, 0xff, 0xf6, 0x00, 0x04, 0x1c, 0xe0, 0x81, 0xff,
  0xff, 0xf6, 0x00, 0x04, 0x3f, 0xf1, 0xc1, 0xff, 0xff, 0xf6, 0x00, 0x04, 0x3f, 0xff, 0xc0, 0xff, 0xfc, 0xf6, 0x00, 0x04, 0x1f, 0xff, 0xc0, 0x7f,
  0xf8, 0xf6, 0x00, 0x04, 0x0f, 0xff, 0x80, 0x3f, 0xc0, 0xf6, 0x00, 0x01, 0x06, 0x7f, 0xf2, 0x00, 0x00, 0x0c, 0x81, 0x00, 0x81, 0x00, 0xc7, 0x00,
  0x81, 0x00, 0xdb, 0x00, 0x00, 0x60, 0xf2, 0x00, 0x00, 0x70, 0xf2, 0x00, 0x00, 0x70, 0xf2, 0x00, 0x00, 0x7c, 0xf2, 0x00, 0x00, 0x7f, 0xf2, 0x00,
  0x01, 0x7f, 0xfc, 0xf3, 0x00, 0x01, 0x3f, 0xfe, 0xf3, 0x00, 0x01, 0x0f, 0xfe, 0xf3, 0x00, 0x01, 0x01, 0xe0, 0xc2, 0x00, 0x00, 0x07, 0xf2, 0x00,
  0x01, 0x7f, 0xfc, 0xf4, 0x00, 0x02, 0x01, 0xff, 0xff, 0xf4, 0x00, 0x02, 0x03, 0xff, 0xff, 0xf4, 0x00, 0x03, 0x07, 0xff, 0xff, 0x80, 0xf5, 0x00,
  0x03, 0x07, 0xff, 0xff, 0x80, 0xf7, 0x00, 0x05, 0x06, 0x00, 0x07, 0xff, 0xff, 0x80, 0xf8, 0x00, 0x06, 0x01, 0xff, 0x00, 0x07, 0xff, 0xff, 0x80,
  0xf9, 0x00, 0x07, 0x07, 0x81, 0xfe, 0x00, 0x07, 0xff, 0xff, 0x80, 0xf9, 0x00, 0x07, 0x0f, 0xf8, 0x7e, 0x00, 0x07, 0xff, 0xff, 0x80, 0xf9, 0x00,
  0x07, 0x0f, 0xff, 0xe8, 0x00, 0x07, 0xff, 0xff, 0x80, 0xf9, 0x00, 0x07, 0x07, 0xff, 0xe0, 0x00, 0x07, 0xff, 0xff, 0x80, 0xf9, 0x00, 0x07, 0x03,
  0xff, 0xe0, 0x00, 0x03, 0xff, 0xff, 0x80, 0xf9, 0x00, 0x07, 0x01, 0xff, 0xe0, 0x00, 0x03, 0xff, 0xff, 0x80, 0xf8, 0x00, 0x06, 0x3f, 0xc0, 0x00,
  0x03, 0xff, 0xff, 0x80, 0xf7, 0x00, 0x04, 0x10, 0x00, 0x03, 0xff, 0xff, 0xf6, 0x00, 0x04, 0x1c, 0xe0, 0x81, 0xff, 0xff, 0xf6, 0x00, 0x04, 0x3f,
  0xf1, 0xc1, 0xff, 0xff, 0xf6, 0x00, 0x04, 0x3f, 0xff, 0xc0, 0xff, 0xfc, 0xf6, 0x00, 0x04, 0x1f, 0xff, 0xc0, 0x7f, 0xf8, 0xf6, 0x00, 0x04, 0x0f,
  0xff, 0x80, 0x3f, 0xc0, 0xf6, 0x00, 0x01, 0x06, 0x7f, 0xf2, 0x00, 0x00, 0x04, 0x81, 0x00, 0x81, 0x00, 0xc7, 0x00, 0x81, 0x00, 0xdb, 0x00, 0x00,
  0x60, 0xf2, 0x00, 0x00, 0x70, 0xf2, 0x00, 0x00, 0x70, 0xf2, 0x00, 0x00, 0x7c, 0xf2, 0x00, 0x00, 0x7f, 0xf2, 0x00, 0x01, 0x7f, 0xfc, 0xf3, 0x00,
  0x01, 0x3f, 0xfe, 0xf3, 0x00, 0x01, 0x0f, 0xfe, 0xf3, 0x00, 0x01, 0x01, 0xe0, 0xc2, 0x00, 0x01, 0x07, 0x80, 0xf3, 0x00, 0x01, 0x7f, 0xfc, 0xf4,
  0x00, 0x02, 0x01, 0xff, 0xff, 0xf4, 0x00, 0x02, 0x03, 0xff, 0xff, 0xf4, 0x00, 0x03, 0x07, 0xff, 0xff, 0x80, 0xf5, 0x00, 0x03, 0x07, 0xff, 0xff,
  0x80, 0xf7, 0x00, 0x05, 0x86, 0x00, 0x07, 0xff, 0xff, 0x80, 0xf8, 0x00, 0x06, 0x01, 0xfe, 0x00, 0x07, 0xff, 0xff, 0x80, 0xf9, 0x00, 0x07, 0x07,
  0xc1, 0xff, 0x00, 0x07, 0xff, 0xff, 0x80, 0xf9, 0x00, 0x07, 0x0f, 0xf8, 0x7e, 0x00, 0x07, 0xff, 0xff, 0x80, 0xf9, 0x00, 0x07, 0x0f, 0xff, 0xe8,
  0x00, 0x07, 0xff, 0xff, 0x80, 0xf9, 0x00, 0x07, 0x07, 0xff, 0xe0, 0x00, 0x07, 0xff, 0xff, 0x80, 0xf9, 0x00, 0x07, 0x03, 0xff, 0xe0, 0x00, 0x03,
  0xff, 0xff, 0x80, 0xf9, 0x00, 0x07, 0x01, 0xff, 0xe0, 0x00, 0x03, 0xff, 0xff, 0x80, 0xf8, 0x00, 0x06, 0x3f, 0xc0, 0x00, 0x03, 0xff, 0xff, 0x80,
  0xf7, 0x00, 0x04, 0x10, 0x00, 0x03, 0xff, 0xff, 0xf6, 0x00, 0x04, 0x1c, 0xe0, 0x81, 0xff, 0xff, 0xf6, 0x00, 0x04, 0x3f, 0xf1, 0xc1, 0xff, 0xff,
  0xf6, 0x00, 0x04, 0x3f, 0xff, 0xc0, 0xff, 0xfc, 0xf6, 0x00, 0x04, 0x1f, 0xff, 0xc0, 0x7f, 0xf8, 0xf6, 0x00, 0x04, 0x0f, 0xff, 0x80, 0x3f, 0xc0,
  0xf6, 0x00, 0x01, 0x06, 0x7f, 0xf2, 0x00, 0x00, 0x04, 0x81, 0x00, 0x81, 0x00, 0xc7, 0x00,
};
