// sleepy_3.gif: 75 frames, 15 fps, 128x64 1-bit
// Each frame: 1024 bytes (16 per row, MSB = left pixel), PackBits-compressed.
#pragma once

#define ANIM_SLEEPY_3_FRAMES 75
#define ANIM_SLEEPY_3_FPS 15

const uint8_t anim_sleepy_3[] PROGMEM = {
  0x81, 0x00, 0xee, 0x00, 0x00, 0x1c, 0xf2, 0x00, 0x00, 0x7e, 0xf3, 0x00, 0x02, 0x01, 0xff, 0xe0, 0xf4, 0x00, 0x02, 0x03, 0xff, 0xe0, 0xfc, 0x00,
  0x01, 0x1f, 0x80, 0xfb, 0x00, 0x03, 0x03, 0xff, 0xff, 0xf0, 0xfe, 0x00, 0x02, 0x03, 0xff, 0xfe, 0xfb, 0x00, 0x03, 0x03, 0xff, 0xff, 0xfe, 0xfe,
  0x00, 0x02, 0x07, 0xff, 0xff, 0xfb, 0x00, 0x00, 0x03, 0xfe, 0xff, 0xfe, 0x00, 0x02, 0x07, 0xff, 0xff, 0xfa, 0x00, 0xfe, 0xff, 0xfe, 0x00, 0x02,
  0x07, 0xff, 0xff, 0xfa, 0x00, 0x02, 0x0f, 0xff, 0xff, 0xfe, 0x00, 0x03, 0x07, 0xff, 0xff, 0x80, 0xfb, 0x00, 0x02, 0x0f, 0xff, 0xff, 0xfe, 0x00,
  0x03, 0x07, 0xff, 0xff, 0x80, 0xfb, 0x00, 0x02, 0x0f, 0xff, 0xff, 0xfe, 0x00, 0x03, 0x07, 0xff, 0xff, 0x80, 0xfb, 0x00, 0x02, 0x0f, 0xff, 0xff,
  0xfe, 0x00, 0x03, 0x07, 0xff, 0xff, 0x80, 0xfb, 0x00, 0x02, 0x1f, 0xff, 0xff, 0xfe, 0x00, 0x03, 0x07, 0xff, 0xff, 0x80, 0xfb, 0x00, 0x02, 0x1f,
  0xff, 0xff, 0xfe, 0x00, 0x03, 0x07, 0xff, 0xff, 0x80, 0xfb, 0x00, 0x02, 0x1f, 0xff, 0xff, 0xfe, 0x00, 0x03, 0x07, 0xff, 0xff, 0x80, 0xfb, 0x00,
  0x02, 0x1f, 0xff, 0xff, 0xfe, 0x00, 0x03, 0x07, 0xff, 0xff, 0x80, 0xfb, 0x00, 0x02, 0x1f, 0xff, 0xff, 0xfe, 0x00, 0x03, 0x07, 0xff, 0xff, 0x80,
  0xfb, 0x00, 0x02, 0x1f, 0xff, 0xff, 0xfe, 0x00, 0x03, 0x07, 0xff, 0xff, 0x80, 0xfb, 0x00, 0x02, 0x0f, 0xff, 0xff, 0xfe, 0x00, 0x03, 0x07, 0xff,
  0xff, 0x80, 0xfb, 0x00, 0x02, 0x0f, 0xff, 0xff, 0xfe, 0x00, 0x03, 0x07, 0xff, 0xff, 0x80, 0xfb, 0x00, 0x02, 0x0f, 0xff, 0xff, 0xfe, 0x00, 0x03,
  0x07, 0xff, 0xff, 0x80, 0xfb, 0x00, 0x02, 0x0f, 0xff, 0xff, 0xfe, 0x00, 0x03, 0x07, 0xff, 0xff, 0x80, 0xfb, 0x00, 0x02, 0x0f, 0xff, 0xff, 0xfe,
  0x00, 0x03, 0x07, 0xff, 0xff, 0x80, 0xfb, 0x00, 0x02, 0x0f, 0xff, 0xff, 0xfe, 0x00, 0x03, 0x07, 0xff, 0xff, 0x80, 0xfb, 0x00, 0x02, 0x07, 0xff,
  0xff, 0xfe, 0x00, 0x02, 0x07, 0xff, 0xff, 0xfa, 0x00, 0x02, 0x07, 0xff, 0xff, 0xfe, 0x00, 0x02, 0x07, 0xff, 0xff, 0xfa, 0x00, 0x05, 0x07, 0xff,
  0xff, 0x00, 0x00, 0x07, 0xfe, 0xff, 0xfa, 0x00, 0x05, 0x03, 0xff, 0xff, 0x06, 0x00, 0x0f, 0xfe, 0xff, 0xfa, 0x00, 0x04, 0x01, 0xff, 0xff, 0x0f,
  0xf8, 0xfd, 0xff, 0xf9, 0x00, 0x02, 0xff, 0xfe, 0x0f, 0xfd, 0xff, 0x00, 0xfe, 0xf9, 0x00, 0x02, 0x7f, 0xfc, 0x0f, 0xfd, 0xff, 0x00, 0xfe, 0xf9,
  0x00, 0x02, 0x1f, 0xf8, 0x0f, 0xfd, 0xff, 0x00, 0xfc, 0xf9, 0x00, 0x07, 0x01, 0xc0, 0x3f, 0xff, 0xf9, 0xff, 0xff, 0xf8, 0xf7, 0x00, 0x05, 0x3f,
  0xff, 0xf0, 0xff, 0xff, 0xf8, 0xf7, 0x00, 0x05, 0x3f, 0xff, 0xc0, 0x3f, 0xff, 0xe0, 0xf7, 0x00, 0x05, 0x1f, 0xff, 0xc0, 0x0f, 0xff, 0x80, 0xf6,
  0x00, 0x01, 0xff, 0xc0, 0x81, 0x00, 0x81, 0x00, 0xda, 0x00, 0x81, 0x00, 0xbd, 0x00, 0x00, 0x3e, 0xf2, 0x00, 0x01, 0x7f, 0xf0, 0xf4, 0x00, 0x02,
  0x01, 0xff, 0xf0, 0xf4, 0x00, 0x02, 0x01, 0xff, 0xf0, 0xf4, 0x00, 0x02, 0x03, 0xff, 0xf0, 0xf4, 0x00, 0x02, 0x01, 0xff, 0xf0, 0xf3, 0x00, 0x01,
  0xff, 0xe0, 0xf3, 0x00, 0x01, 0x0f, 0x80, 0x81, 0x00, 0xd4, 0x00, 0x01, 0x0f, 0x80, 0xf3, 0x00, 0x01, 0x0f, 0xfc, 0xf3, 0x00, 0x02, 0x0f, 0xff,
  0xf8, 0xf4, 0x00, 0x02, 0x07, 0xff, 0xff, 0xf4, 0x00, 0x08, 0x07, 0xff, 0xff, 0x00, 0x00, 0x07, 0x80, 0x00, 0x1f, 0xfa, 0x00, 0x05, 0x07, 0xff,
  0xff, 0x00, 0x00, 0x07, 0xfe, 0xff, 0xfa, 0x00, 0x05, 0x07, 0xff, 0xff, 0x00, 0x00, 0x07, 0xfe, 0xff, 0xfa, 0x00, 0x05, 0x03, 0xff, 0xff, 0x00,
  0x00, 0x07, 0xfe, 0xff, 0xfa, 0x00, 0x08, 0x01, 0xff, 0xfe, 0x00, 0x00, 0x07, 0xff, 0xff, 0xfe, 0xf9, 0x00, 0x07, 0xff, 0xfe, 0x00, 0x00, 0x07,
  0xff, 0xff, 0xfe, 0xf9, 0x00, 0x07, 0x3f, 0xfe, 0x1f, 0xf0, 0x07, 0xff, 0xff, 0xfc, 0xf9, 0x00, 0x07, 0x0f, 0xfc, 0x3f, 0xfe, 0x0f, 0xff, 0xff,
  0xfc, 0xf8, 0x00, 0x06, 0xe0, 0x3f, 0xff, 0x8f, 0xff, 0xff, 0xfc, 0xf7, 0x00, 0x05, 0x3f, 0xff, 0xc3, 0xff, 0xff, 0xf8, 0xf7, 0x00, 0x05, 0x7f,
  0xff, 0xc0, 0xff, 0xff, 0xe0, 0xf7, 0x00, 0x05, 0xff, 0xff, 0xc0, 0x1f, 0xff, 0x80, 0xf7, 0x00, 0x04, 0xff, 0xfd, 0x80, 0x00, 0xc0, 0xf6, 0x00,
  0x01, 0x70, 0xfc, 0xf2, 0x00, 0x00, 0x0e, 0x81, 0x00, 0x89, 0x00, 0x81, 0x00, 0x9c, 0x00, 0x00, 0x06, 0xf2, 0x00, 0x01, 0x3f, 0x80, 0xf3, 0x00,
  0x01, 0xff, 0x80, 0xf4, 0x00, 0x02, 0x01, 0xff, 0x80, 0xf4, 0x00, 0x02, 0x01, 0xff, 0x80, 0xf4, 0x00, 0x01, 0x01, 0xff, 0xf2, 0x00, 0x00, 0xfe,
  0x81, 0x00, 0x94, 0x00, 0x01, 0x07, 0x80, 0xf3, 0x00, 0x01, 0x07, 0xe0, 0xf3, 0x00, 0x01, 0x07, 0xfe, 0xf3, 0x00, 0x02, 0x03, 0xff, 0xfe, 0xf4,
  0x00, 0x05, 0x01, 0xff, 0xff, 0x00, 0x00, 0x06, 0xf6, 0x00, 0x07, 0x7f, 0xff, 0x00, 0x00, 0x0f, 0xfc, 0x00, 0xfc, 0xf9, 0x00, 0x07, 0x3f, 0xfe,
  0x00, 0x00, 0x1f, 0xff, 0xff, 0xfc, 0xf9, 0x00, 0x07, 0x03, 0xf8, 0x00, 0x00, 0x0f, 0xff, 0xff, 0xfc, 0xf7, 0x00, 0x05, 0x3e, 0x00, 0x07, 0xff,
  0xff, 0xfc, 0xf7, 0x00, 0x05, 0xff, 0xe0, 0x03, 0xff, 0xff, 0xf8, 0xf8, 0x00, 0x06, 0x01, 0xff, 0xf8, 0x00, 0x7f, 0xff, 0xc0, 0xf8, 0x00, 0x05,
  0x01, 0xff, 0xfc, 0x00, 0x0f, 0xff, 0xf7, 0x00, 0x02, 0x01, 0xff, 0xfe, 0xf2, 0x00, 0x00, 0x3f, 0xf2, 0x00, 0x00, 0x04, 0x81, 0x00, 0x99, 0x00,
  0x81, 0x00, 0x81, 0x00, 0xfb, 0x00, 0x00, 0xf8, 0xf3, 0x00, 0x02, 0x03, 0xff, 0x80, 0xf4, 0x00, 0x02, 0x0f, 0xff, 0xc0, 0xf4, 0x00, 0x02, 0x0f,
  0xff, 0xc0, 0xf4, 0x00, 0x02, 0x0f, 0xff, 0xc0, 0xf4, 0x00, 0x02, 0x0f, 0xff, 0x80, 0xf3, 0x00, 0x00, 0xff, 0xf2, 0x00, 0x00, 0x3c, 0xf5, 0x00,
  0x00, 0x3e, 0xf2, 0x00, 0x01, 0x3f, 0xf0, 0xf3, 0x00, 0x01, 0x3f, 0xff, 0xf3, 0x00, 0x02, 0x3f, 0xff, 0x80, 0xf4, 0x00, 0x05, 0x3f, 0xff, 0x80,
  0x00, 0x1f, 0xfc, 0xf7, 0x00, 0x07, 0x3f, 0xff, 0x80, 0x00, 0x1f, 0xff, 0xff, 0x80, 0xf9, 0x00, 0x07, 0x3f, 0xff, 0xc0, 0x00, 0x1f, 0xff, 0xff,
  0xc0, 0xf9, 0x00, 0x07, 0x1f, 0xff, 0xc0, 0x00, 0x1f, 0xff, 0xff, 0xc0, 0xf9, 0x00, 0x07, 0x1f, 0xff, 0xc0, 0x00, 0x0f, 0xff, 0xff, 0xe0, 0xf9,
  0x00, 0x07, 0x0f, 0xff, 0xc0, 0x00, 0x0f, 0xff, 0xff, 0xe0, 0xf9, 0x00, 0x07, 0x0f, 0xff, 0xe0, 0x00, 0x07, 0xff, 0xff, 0xe0, 0xf9, 0x00, 0x07,
  0x07, 0xff, 0xe0, 0x00, 0x07, 0xff, 0xff, 0xf0, 0xf9, 0x00, 0x07, 0x03, 0xff, 0xe0, 0x00, 0x03, 0xff, 0xff, 0xf0, 0xf9, 0x00, 0x07, 0x01, 0xff,
  0xe0, 0x00, 0x03, 0xff, 0xff, 0xf0, 0xf8, 0x00, 0x06, 0xff, 0xc0, 0x00, 0x01, 0xff, 0xff, 0xf0, 0xf8, 0x00, 0x06, 0x7f, 0xc0, 0x00, 0x00, 0xff,
  0xff, 0xf0, 0xf8, 0x00, 0x06, 0x1f, 0xc0, 0x00, 0x00, 0x7f, 0xff, 0xe0, 0xf4, 0x00, 0x02, 0x3f, 0xff, 0xe0, 0xf7, 0x00, 0x05, 0x0e, 0x00, 0x00,
  0x1f, 0xff, 0xc0, 0xf7, 0x00, 0x05, 0x3f, 0xc0, 0x00, 0x07, 0xff, 0x80, 0xf7, 0x00, 0x04, 0x3f, 0xf0, 0x00, 0x00, 0xfe, 0xf6, 0x00, 0x01, 0x3f,
  0xf8, 0xf3, 0x00, 0x01, 0x1f, 0xfc, 0xf3, 0x00, 0x01, 0x01, 0xfc, 0xf2, 0x00, 0x00, 0x3c, 0xf2, 0x00, 0x00, 0x0c, 0x81, 0x00, 0x98, 0x00, 0x06,
  0x00, 0x00, 0xff, 0x80, 0x07, 0x67, 0x80, 0xf6, 0x00, 0x03, 0xff, 0x80, 0x7f, 0xc3, 0xf5, 0x00, 0x06, 0x77, 0x80, 0xff, 0xc0, 0x00, 0x00, 0x70,
  0xf8, 0x00, 0x06, 0x03, 0x01, 0xff, 0xc0, 0x00, 0x01, 0xff, 0xf7, 0x00, 0x06, 0x03, 0xff, 0xc0, 0x00, 0x07, 0xff, 0xc0, 0xf8, 0x00, 0x06, 0x07,
  0xff, 0xc0, 0x00, 0x07, 0xff, 0xe0, 0xf8, 0x00, 0x06, 0x07, 0xff, 0xc0, 0x00, 0x0f, 0xff, 0xf0, 0xf8, 0x00, 0x06, 0x0f, 0xff, 0xc0, 0x00, 0x1f,
  0xff, 0xf0, 0xf8, 0x00, 0x06, 0x1f, 0xff, 0xc0, 0x00, 0x1f, 0xff, 0xf8, 0xf8, 0x00, 0x06, 0x1f, 0xff, 0x80, 0x00, 0x3f, 0xff, 0xf8, 0xf8, 0x00,
  0x06, 0x1f, 0xff, 0x80, 0x00, 0x7f, 0xff, 0xf8, 0xf8, 0x00, 0x06, 0x3f, 0xff, 0x80, 0x00, 0x7f, 0xff, 0xf8, 0xf8, 0x00, 0x06, 0x3f, 0xff, 0x00,
  0x00, 0x7f, 0xff, 0xf8, 0xf8, 0x00, 0x06, 0x3f, 0xff, 0x00, 0x00, 0xff, 0xff, 0xf8, 0xf8, 0x00, 0x06, 0x3f, 0xff, 0x00, 0x00, 0xff, 0xff, 0xf8,
  0xf8, 0x00, 0x06, 0x7f, 0xfe, 0x00, 0x00, 0xff, 0xff, 0xf8, 0xf8, 0x00, 0x06, 0x7f, 0xfe, 0x00, 0x01, 0xff, 0xff, 0xf0, 0xf8, 0x00, 0x06, 0x7f,
  0xfe, 0x00, 0x01, 0xff, 0xff, 0xf0, 0xf8, 0x00, 0x06, 0x7f, 0xfc, 0x00, 0x01, 0xff, 0xff, 0xe0, 0xf8, 0x00, 0x06, 0x7f, 0xfc, 0x00, 0x03, 0xff,
  0xff, 0xe0, 0xf8, 0x00, 0x06, 0x7f, 0xfc, 0x00, 0x07, 0xff, 0xff, 0xc0, 0xf8, 0x00, 0x06, 0x3f, 0xf8, 0x00, 0x0f, 0xff, 0xff, 0xc0, 0xf8, 0x00,
  0x06, 0x3f, 0xf8, 0x00, 0x0f, 0xff, 0xff, 0xc0, 0xf8, 0x00, 0x06, 0x1f, 0xf3, 0xc0, 0x0f, 0xff, 0xff, 0xc0, 0xf8, 0x00, 0x06, 0x07, 0xc7, 0xe0,
  0x07, 0xff, 0xff, 0x80, 0xf7, 0x00, 0x05, 0x07, 0xf0, 0x03, 0xff, 0xff, 0x80, 0xf7, 0x00, 0x04, 0x0f, 0xf8, 0x01, 0xff, 0xff, 0xf6, 0x00, 0x04,
  0x0f, 0xf8, 0x01, 0xff, 0xff, 0xf6, 0x00, 0x04, 0x0f, 0xfc, 0x00, 0xff, 0xfe, 0xf6, 0x00, 0x04, 0x1f, 0xfc, 0x00, 0x7f, 0xfc, 0xf6, 0x00, 0x04,
  0x1f, 0xfc, 0x00, 0x1f, 0xfc, 0xf6, 0x00, 0x04, 0x3f, 0xfc, 0x00, 0x0f, 0xf8, 0xf8, 0x00, 0x03, 0xc0, 0x00, 0x3f, 0xfc, 0xf6, 0x00, 0x04, 0x01,
  0xe0, 0x00, 0x3f, 0xfc, 0xf6, 0x00, 0x04, 0x01, 0xfc, 0x00, 0x3f, 0xfc, 0xf6, 0x00, 0x04, 0x01, 0xfe, 0x00, 0x3f, 0xf8, 0xf6, 0x00, 0x04, 0x01,
  0xfe, 0x00, 0x3f, 0xf8, 0xf5, 0x00, 0x03, 0xfe, 0x00, 0x3f, 0xf0, 0xf5, 0x00, 0x03, 0xfc, 0x00, 0x3f, 0xe0, 0xf5, 0x00, 0x02, 0xe0, 0x00, 0x0f,
  0x81, 0x00, 0x81, 0x00, 0x81, 0x00, 0xf6, 0x00, 0x06, 0x00, 0x00, 0x07, 0xfc, 0x0f, 0x07, 0xff, 0xf6, 0x00, 0x04, 0x07, 0xfc, 0x7f, 0x83, 0x7e,
  0xf6, 0x00, 0x06, 0x07, 0xfc, 0xff, 0xc0, 0x3c, 0x00, 0x78, 0xf8, 0x00, 0x06, 0x03, 0x7f, 0xff, 0xc0, 0x00, 0x03, 0xff, 0xf7, 0x00, 0x06, 0x7f,
  0xff, 0xc0, 0x00, 0x07, 0xff, 0xc0, 0xf8, 0x00, 0x06, 0x3f, 0xff, 0xc0, 0x00, 0x0f, 0xff, 0xe0, 0xf8, 0x00, 0x06, 0x0f, 0xff, 0xc0, 0x00, 0x0f,
  0xff, 0xf0, 0xf8, 0x00, 0x06, 0x0f, 0xff, 0xc0, 0x00, 0x1f, 0xff, 0xf0, 0xf8, 0x00, 0x06, 0x1f, 0xff, 0xc0, 0x00, 0x3f, 0xff, 0xf8, 0xf8, 0x00,
  0x06, 0x1f, 0xff, 0x80, 0x00, 0x3f, 0xff, 0xf8, 0xf8, 0x00, 0x06, 0x3f, 0xff, 0x80, 0x00, 0x7f, 0xff, 0xf8, 0xf8, 0x00, 0x06, 0x3f, 0xff, 0x80,
  0x00, 0x7f, 0xff, 0xf8, 0xf8, 0x00, 0x06, 0x3f, 0xff, 0x00, 0x00, 0x7f, 0xff, 0xf8, 0xf8, 0x00, 0x06, 0x7f, 0xff, 0x00, 0x00, 0xff, 0xff, 0xf8,
  0xf8, 0x00, 0x06, 0x7f, 0xff, 0x00, 0x00, 0xff, 0xff, 0xf8, 0xf8, 0x00, 0x06, 0x7f, 0xfe, 0x00, 0x00, 0xff, 0xff, 0xf8, 0xf8, 0x00, 0x06, 0x7f,
  0xfe, 0x00, 0x01, 0xff, 0xff, 0xf0, 0xf8, 0x00, 0x06, 0x7f, 0xfe, 0x00, 0x01, 0xff, 0xff, 0xf0, 0xf8, 0x00, 0x06, 0x7f, 0xfc, 0x00, 0x01, 0xff,
  0xff, 0xe0, 0xf8, 0x00, 0x06, 0x7f, 0xfc, 0x00, 0x01, 0xff, 0xff, 0xe0, 0xf8, 0x00, 0x06, 0x7f, 0xfc, 0x00, 0x03, 0xff, 0xff, 0xe0, 0xf8, 0x00,
  0x06, 0x3f, 0xf8, 0x00, 0x03, 0xff, 0xff, 0xc0, 0xf8, 0x00, 0x06, 0x3f, 0xf8, 0x00, 0x03, 0xff, 0xff, 0xc0, 0xf8, 0x00, 0x06, 0x1f, 0xf3, 0xc0,
  0x03, 0xff, 0xff, 0xc0, 0xf8, 0x00, 0x06, 0x07, 0xc7, 0xe0, 0x03, 0xff, 0xff, 0x80, 0xf7, 0x00, 0x05, 0x07, 0xf0, 0x01, 0xff, 0xff, 0x80, 0xf7,
  0x00, 0x04, 0x0f, 0xf8, 0x01, 0xff, 0xff, 0xf6, 0x00, 0x04, 0x0f, 0xf8, 0x01, 0xff, 0xff, 0xf6, 0x00, 0x04, 0x0f, 0xfc, 0x00, 0xff, 0xfe, 0xf6,
  0x00, 0x04, 0x1f, 0xfc, 0x00, 0x7f, 0xfc, 0xf6, 0x00, 0x04, 0x1f, 0xfc, 0x00, 0x1f, 0xfc, 0xf6, 0x00, 0x04, 0x3f, 0xfc, 0x00, 0x07, 0xf8, 0xf6,
  0x00, 0x01, 0x3f, 0xfc, 0xf3, 0x00, 0x01, 0x3f, 0xfc, 0xf5, 0x00, 0x03, 0x03, 0x00, 0x3f, 0xfc, 0xf5, 0x00, 0x03, 0x0f, 0xe0, 0x3f, 0xf8, 0xf5,
  0x00, 0x03, 0x1f, 0xf0, 0x3f, 0xf8, 0xf5, 0x00, 0x03, 0x3f, 0xf0, 0x3f, 0xf0, 0xf5, 0x00, 0x03, 0x1f, 0xf0, 0x3f, 0xe0, 0xf5, 0x00, 0x02, 0x1f,
  0xf0, 0x07, 0xf4, 0x00, 0x01, 0x1f, 0xc0, 0x81, 0x00, 0x81, 0x00, 0x85, 0x00, 0xfd, 0x00, 0x04, 0x80, 0x00, 0x03, 0xff, 0xc0, 0xf7, 0x00, 0x05,
  0x01, 0xc8, 0x00, 0x03, 0xff, 0x80, 0xf7, 0x00, 0x05, 0x03, 0xfc, 0x00, 0x03, 0xff, 0x80, 0xf7, 0x00, 0x04, 0x07, 0xfe, 0x00, 0x03, 0xff, 0xf6,
  0x00, 0x04, 0x07, 0xff, 0x80, 0x00, 0x1f, 0xf6, 0x00, 0x04, 0x03, 0xff, 0xc0, 0x00, 0x0e, 0xf6, 0x00, 0x02, 0x03, 0xff, 0xe0, 0xf4, 0x00, 0x05,
  0x03, 0xff, 0xe0, 0x00, 0x03, 0xfe, 0xf7, 0x00, 0x06, 0x07, 0xff, 0xe0, 0x00, 0x07, 0xff, 0x80, 0xf8, 0x00, 0x06, 0x0f, 0xff, 0xe0, 0x00, 0x0f,
  0xff, 0xe0, 0xf8, 0x00, 0x06, 0x1f, 0xff, 0xc0, 0x00, 0x1f, 0xff, 0xe0, 0xf8, 0x00, 0x06, 0x1f, 0xff, 0xc0, 0x00, 0x3f, 0xff, 0xf0, 0xf8, 0x00,
  0x06, 0x1f, 0xff, 0xc0, 0x00, 0x3f, 0xff, 0xf8, 0xf8, 0x00, 0x06, 0x3f, 0xff, 0x80, 0x00, 0x7f, 0xff, 0xf8, 0xf8, 0x00, 0x06, 0x3f, 0xff, 0x80,
  0x00, 0xff, 0xff, 0xf8, 0xf8, 0x00, 0x06, 0x3f, 0xff, 0x80, 0x00, 0xff, 0xff, 0xf8, 0xf8, 0x00, 0x06, 0x7f, 0xff, 0x00, 0x01, 0xff, 0xff, 0xf8,
  0xf8, 0x00, 0x06, 0x7f, 0xff, 0x00, 0x01, 0xff, 0xff, 0xf8, 0xf8, 0x00, 0x06, 0x7f, 0xff, 0x00, 0x01, 0xff, 0xff, 0xf8, 0xf8, 0x00, 0x06, 0x7f,
  0xfe, 0x00, 0x03, 0xff, 0xff, 0xf0, 0xf8, 0x00, 0x06, 0x7f, 0xfe, 0x00, 0x03, 0xff, 0xff, 0xf0, 0xf8, 0x00, 0x06, 0x7f, 0xfc, 0x00, 0x03, 0xff,
  0xff, 0xe0, 0xf8, 0x00, 0x06, 0x3f, 0xfc, 0x00, 0x03, 0xff, 0xff, 0xe0, 0xf8, 0x00, 0x06, 0x3f, 0xf8, 0x00, 0x03, 0xff, 0xff, 0xf0, 0xf8, 0x00,
  0x06, 0x1f, 0xf0, 0x00, 0x03, 0xff, 0xff, 0xfe, 0xf8, 0x00, 0x03, 0x03, 0xc0, 0x00, 0x03, 0xfe, 0xff, 0xf7, 0x00, 0x02, 0x03, 0xe0, 0x03, 0xfe,
  0xff, 0xf7, 0x00, 0x02, 0x07, 0xf0, 0x03, 0xfe, 0xff, 0xf7, 0x00, 0x05, 0x07, 0xf0, 0x03, 0xff, 0xff, 0xfe, 0xf7, 0x00, 0x05, 0x07, 0xf8, 0x01,
  0xff, 0xff, 0xe0, 0xf7, 0x00, 0x04, 0x07, 0xf8, 0x00, 0xff, 0xfe, 0xf6, 0x00, 0x04, 0x0f, 0xf8, 0x00, 0x3f, 0xfc, 0xf6, 0x00, 0x04, 0x0f, 0xf8,
  0x00, 0x0f, 0xf0, 0xf6, 0x00, 0x04, 0x1f, 0xf8, 0x00, 0x00, 0xc0, 0xf6, 0x00, 0x01, 0x1f, 0xf8, 0xf3, 0x00, 0x01, 0x1f, 0xf0, 0xf4, 0x00, 0x02,
  0x7f, 0x1f, 0xf0, 0xf4, 0x00, 0x02, 0xff, 0xff, 0xe0, 0xf5, 0x00, 0x03, 0x01, 0xff, 0xff, 0xc0, 0xf5, 0x00, 0x02, 0x01, 0xff, 0xfe, 0xf4, 0x00,
  0x02, 0x01, 0xff, 0xf8, 0xf4, 0x00, 0x02, 0x01, 0xff, 0xf8, 0xf3, 0x00, 0x01, 0xff, 0xf0, 0xf3, 0x00, 0x01, 0x07, 0xc0, 0x81, 0x00, 0x81, 0x00,
  0xb6, 0x00, 0xf9, 0x00, 0x00, 0xfe, 0xf2, 0x00, 0x00, 0xfe, 0xf3, 0x00, 0x01, 0x01, 0xfe, 0xf6, 0x00, 0x04, 0x01, 0xe0, 0x00, 0x01, 0xfc, 0xf6,
  0x00, 0x04, 0x7f, 0xf0, 0x00, 0x01, 0xfc, 0xf6, 0x00, 0x04, 0xff, 0xf0, 0x00, 0x01, 0xf8, 0xf7, 0x00, 0x05, 0x03, 0xff, 0xe0, 0x00, 0x01, 0xf8,
  0xf7, 0x00, 0x05, 0x03, 0xff, 0xe0, 0x00, 0x03, 0xfe, 0xf7, 0x00, 0x06, 0x07, 0xff, 0xe0, 0x00, 0x07, 0xff, 0xc0, 0xfa, 0x00, 0x08, 0x01, 0x80,
  0x0f, 0xff, 0xe0, 0x00, 0x1f, 0xff, 0xe0, 0xfa, 0x00, 0x08, 0x01, 0x80, 0x1f, 0xff, 0xe0, 0x00, 0x1f, 0xff, 0xf0, 0xfa, 0x00, 0x08, 0x01, 0x00,
  0x1f, 0xff, 0xc0, 0x00, 0x3f, 0xff, 0xf0, 0xf8, 0x00, 0x06, 0x3f, 0xff, 0xc0, 0x00, 0x3f, 0xff, 0xf8, 0xf8, 0x00, 0x06, 0x3f, 0xff, 0x80, 0x00,
  0x7f, 0xff, 0xf8, 0xf8, 0x00, 0x06, 0x3f, 0xff, 0x80, 0x00, 0xff, 0xff, 0xf8, 0xf8, 0x00, 0x06, 0x3f, 0xff, 0x80, 0x00, 0xff, 0xff, 0xf8, 0xf8,
  0x00, 0x06, 0x3f, 0xff, 0x00, 0x01, 0xff, 0xff, 0xf8, 0xf8, 0x00, 0x06, 0x7f, 0xff, 0x00, 0x01, 0xff, 0xff, 0xf8, 0xf8, 0x00, 0x06, 0x7f, 0xff,
  0x00, 0x01, 0xff, 0xff, 0xf8, 0xf8, 0x00, 0x06, 0x7f, 0xfe, 0x00, 0x03, 0xff, 0xff, 0xf0, 0xf8, 0x00, 0x06, 0x7f, 0xfe, 0x00, 0x03, 0xff, 0xff,
  0xf0, 0xf8, 0x00, 0x06, 0x7f, 0xfc, 0x00, 0x03, 0xff, 0xff, 0xe0, 0xf8, 0x00, 0x06, 0x7f, 0xfc, 0x00, 0x03, 0xff, 0xff, 0xe0, 0xf8, 0x00, 0x06,
  0x3f, 0xf8, 0x00, 0x03, 0xff, 0xff, 0xe0, 0xf8, 0x00, 0x06, 0x1f, 0xf0, 0x00, 0x07, 0xff, 0xff, 0xc0, 0xf8, 0x00, 0x07, 0x03, 0xe0, 0x00, 0x07,
  0xff, 0xff, 0xdf, 0xf0, 0xf8, 0x00, 0x02, 0x03, 0xc0, 0x03, 0xfe, 0xff, 0x00, 0xf8, 0xf8, 0x00, 0x02, 0x03, 0xf0, 0x03, 0xfe, 0xff, 0x00, 0xf8,
  0xf8, 0x00, 0x02, 0x07, 0xf0, 0x03, 0xfe, 0xff, 0x00, 0xf8, 0xf8, 0x00, 0x06, 0x07, 0xf8, 0x01, 0xff, 0xff, 0x7f, 0xf8, 0xf8, 0x00, 0x06, 0x07,
  0xf8, 0x00, 0xff, 0xfe, 0x3f, 0xe0, 0xf8, 0x00, 0x04, 0x0f, 0xf8, 0x00, 0x7f, 0xfc, 0xf6, 0x00, 0x04, 0x0f, 0xf8, 0x00, 0x0f, 0xf8, 0xf6, 0x00,
  0x04, 0x0f, 0xf8, 0x00, 0x00, 0xc0, 0xf6, 0x00, 0x01, 0x1f, 0xf8, 0xf3, 0x00, 0x01, 0x1f, 0xf0, 0xf3, 0x00, 0x01, 0x1f, 0xf0, 0xf3, 0x00, 0x01,
  0x1f, 0xe0, 0xf3, 0x00, 0x01, 0x1f, 0xc0, 0xf3, 0x00, 0x01, 0x7f, 0x80, 0xf3, 0x00, 0x01, 0xff, 0xc0, 0xf3, 0x00, 0x01, 0x7f, 0xc0, 0xf3, 0x00,
  0x01, 0x7f, 0xc0, 0xf3, 0x00, 0x01, 0x7f, 0x80, 0xf3, 0x00, 0x00, 0x7f, 0x81, 0x00, 0x81, 0x00, 0xc6, 0x00, 0xf9, 0x00, 0x01, 0x01, 0x80, 0xf3,
  0x00, 0x01, 0x03, 0xfc, 0xf3, 0x00, 0x01, 0x07, 0xfe, 0xf7, 0x00, 0x05, 0x3f, 0x80, 0x00, 0x00, 0x07, 0xff, 0xf7, 0x00, 0x05, 0xff, 0xc4, 0x00,
  0x00, 0x0f, 0xff, 0xf8, 0x00, 0x06, 0x03, 0xff, 0xfe, 0x40, 0x00, 0x7f, 0xff, 0xf8, 0x00, 0x06, 0x03, 0xff, 0xff, 0xf0, 0x03, 0xff, 0xfe, 0xf8,
  0x00, 0x06, 0x07, 0xff, 0xff, 0xf0, 0x07, 0xff, 0xfc, 0xf8, 0x00, 0x06, 0x0f, 0xff, 0xff, 0xf0, 0x0f, 0xff, 0xfc, 0xfa, 0x00, 0x08, 0x01, 0xf0,
  0x1f, 0xff, 0xff, 0xe0, 0x1f, 0xff, 0xf8, 0xfa, 0x00, 0x08, 0x01, 0xff, 0x1f, 0xff, 0xc1, 0xe0, 0x1f, 0xff, 0xf8, 0xfa, 0x00, 0x08, 0x01, 0xff,
  0x9f, 0xff, 0xc0, 0x40, 0x3f, 0xff, 0xf8, 0xfa, 0x00, 0x08, 0x01, 0xff, 0xbf, 0xff, 0x80, 0x00, 0x7f, 0xff, 0xf8, 0xfa, 0x00, 0x08, 0x01, 0xff,
  0xbf, 0xff, 0x80, 0x00, 0x7f, 0xff, 0xf8, 0xfa, 0x00, 0x08, 0x01, 0xff, 0xbf, 0xff, 0x80, 0x00, 0xff, 0xff, 0xf8, 0xf9, 0x00, 0x07, 0x3f, 0x7f,
  0xff, 0x00, 0x00, 0xff, 0xff, 0xf8, 0xf8, 0x00, 0x06, 0x7f, 0xff, 0x00, 0x01, 0xff, 0xff, 0xf8, 0xf8, 0x00, 0x06, 0x7f, 0xff, 0x00, 0x01, 0xff,
  0xff, 0xf8, 0xf8, 0x00, 0x06, 0x7f, 0xfe, 0x00, 0x01, 0xff, 0xff, 0xf8, 0xf8, 0x00, 0x06, 0x7f, 0xfe, 0x00, 0x03, 0xff, 0xff, 0xf0, 0xf8, 0x00,
  0x06, 0x7f, 0xfe, 0x00, 0x03, 0xff, 0xff, 0xf0, 0xf8, 0x00, 0x06, 0x7f, 0xfc, 0x00, 0x03, 0xff, 0xff, 0xe0, 0xf8, 0x00, 0x06, 0x3f, 0xfc, 0x00,
  0x03, 0xff, 0xff, 0xe0, 0xf8, 0x00, 0x06, 0x3f, 0xf8, 0x00, 0x03, 0xff, 0xff, 0xe0, 0xf8, 0x00, 0x06, 0x1f, 0xf0, 0x00, 0x03, 0xff, 0xff, 0xc0,
  0xf8, 0x00, 0x06, 0x03, 0xc0, 0x00, 0x03, 0xff, 0xff, 0xc0, 0xf7, 0x00, 0x06, 0x01, 0x80, 0x03, 0xff, 0xff, 0x80, 0x0f, 0xf8, 0x00, 0x07, 0x03,
  0xe0, 0x03, 0xff, 0xff, 0x81, 0xff, 0xc0, 0xf9, 0x00, 0x07, 0x07, 0xe0, 0x01, 0xff, 0xff, 0x03, 0xff, 0xf8, 0xf9, 0x00, 0x07, 0x07, 0xf0, 0x01,
  0xff, 0xfe, 0x03, 0xff, 0xfc, 0xf9, 0x00, 0x07, 0x07, 0xf0, 0x00, 0xff, 0xfe, 0x03, 0xff, 0xfc, 0xf9, 0x00, 0x07, 0x07, 0xf0, 0x00, 0x3f, 0xfc,
  0x01, 0xff, 0xfc, 0xf9, 0x00, 0x07, 0x07, 0xf0, 0x00, 0x0f, 0xf0, 0x00, 0x1f, 0xf8, 0xf9, 0x00, 0x01, 0x0f, 0xf0, 0xfd, 0x00, 0x01, 0x03, 0x80,
  0xfb, 0x00, 0x03, 0x80, 0x00, 0x0f, 0xf0, 0xf5, 0x00, 0x03, 0x80, 0x00, 0x0f, 0xf0, 0xf5, 0x00, 0x03, 0x80, 0x00, 0x1f, 0xe0, 0xf3, 0x00, 0x01,
  0x1f, 0xc0, 0xf3, 0x00, 0x01, 0x0f, 0x80, 0xf3, 0x00, 0x00, 0x02, 0xf2, 0x00, 0x01, 0x01, 0xf8, 0xf3, 0x00, 0x02, 0x07, 0xff, 0x80, 0xf4, 0x00,
  0x02, 0x07, 0xff, 0xc0, 0xf4, 0x00, 0x02, 0x07, 0xff, 0xe0, 0xf4, 0x00, 0x02, 0x07, 0xff, 0xe0, 0xf4, 0x00, 0x02, 0x03, 0xff, 0xe0, 0xf3, 0x00,
  0x01, 0x7f, 0xc0, 0xf3, 0x00, 0x00, 0x3f, 0x81, 0x00, 0x81, 0x00, 0xf7, 0x00, 0xd7, 0x00, 0x00, 0xe0, 0xf8, 0x00, 0x01, 0x7f, 0x80, 0xfe, 0x00,
  0x01, 0x01, 0xf0, 0xf8, 0x00, 0x01, 0xff, 0xc0, 0xfe, 0x00, 0x01, 0x03, 0xfc, 0xf9, 0x00, 0x07, 0x03, 0xff, 0xe0, 0x00, 0x00, 0xfc, 0x07, 0xff,
  0xf9, 0x00, 0x07, 0x07, 0xff, 0xe0, 0x06, 0x03, 0xff, 0x07, 0xff, 0xf9, 0x00, 0x07, 0x07, 0xff, 0xe0, 0x0f, 0x07, 0xff, 0xc7, 0xff, 0xf9, 0x00,
  0x07, 0x0f, 0xff, 0xe0, 0x0f, 0xff, 0xff, 0xf7, 0xff, 0xf9, 0x00, 0x03, 0x1f, 0xff, 0xe0, 0x1f, 0xfe, 0xff, 0x00, 0xfe, 0xf9, 0x00, 0x03, 0x3f,
  0xff, 0xc0, 0x1f, 0xfe, 0xff, 0x00, 0xfc, 0xfa, 0x00, 0x08, 0x07, 0xff, 0xff, 0xc0, 0x0f, 0xff, 0xff, 0xf8, 0x1c, 0xfa, 0x00, 0x07, 0x0f, 0xff,
  0xff, 0x80, 0x0f, 0xff, 0xff, 0xfc, 0xf9, 0x00, 0x07, 0x0f, 0xff, 0xff, 0x80, 0x00, 0xff, 0xff, 0xfc, 0xf9, 0x00, 0x07, 0x0f, 0xff, 0xff, 0x80,
  0x00, 0xff, 0xff, 0xf8, 0xf9, 0x00, 0x07, 0x0f, 0xff, 0xff, 0x00, 0x00, 0xff, 0xff, 0xf8, 0xf9, 0x00, 0x07, 0x07, 0xff, 0xff, 0x00, 0x01, 0xff,
  0xff, 0xf8, 0xf8, 0x00, 0x06, 0xff, 0xff, 0x00, 0x01, 0xff, 0xff, 0xf8, 0xf8, 0x00, 0x06, 0x7f, 0xfe, 0x00, 0x01, 0xff, 0xff, 0xf8, 0xf8, 0x00,
  0x06, 0x7f, 0xfe, 0x00, 0x03, 0xff, 0xff, 0xf0, 0xf8, 0x00, 0x06, 0x7f, 0xfe, 0x00, 0x03, 0xff, 0xff, 0xf0, 0xf8, 0x00, 0x06, 0x7f, 0xfc, 0x00,
  0x03, 0xff, 0xff, 0xe0, 0xf8, 0x00, 0x06, 0x3f, 0xfc, 0x00, 0x03, 0xff, 0xff, 0xe0, 0xf8, 0x00, 0x06, 0x3f, 0xf8, 0x00, 0x03, 0xff, 0xff, 0xe0,
  0xf8, 0x00, 0x06, 0x1f, 0xf0, 0x00, 0x03, 0xff, 0xff, 0xc0, 0xf8, 0x00, 0x06, 0x03, 0xc0, 0x00, 0x03, 0xff, 0xff, 0xc0, 0xf7, 0x00, 0x05, 0x01,
  0xc0, 0x03, 0xff, 0xff, 0x80, 0xf7, 0x00, 0x05, 0x03, 0xe0, 0x03, 0xff, 0xff, 0x80, 0xf7, 0x00, 0x04, 0x07, 0xe0, 0x01, 0xff, 0xff, 0xf6, 0x00,
  0x08, 0x07, 0xf0, 0x01, 0xff, 0xfe, 0x00, 0x00, 0x7f, 0xc0, 0xfa, 0x00, 0x08, 0x07, 0xf0, 0x00, 0x7f, 0xfe, 0x00, 0x01, 0xff, 0xe0, 0xfa, 0x00,
  0x08, 0x07, 0xf0, 0x00, 0x3f, 0xfc, 0x00, 0x03, 0xff, 0xfc, 0xfa, 0x00, 0x08, 0x07, 0xf0, 0x00, 0x0f, 0xf0, 0x00, 0x03, 0xff, 0xfe, 0xfa, 0x00,
  0x01, 0x0f, 0xf0, 0xfd, 0x00, 0x02, 0x01, 0xff, 0xfc, 0xfd, 0x00, 0x04, 0x01, 0xf0, 0x00, 0x0f, 0xf0, 0xfc, 0x00, 0x01, 0x7f, 0xfc, 0xfd, 0x00,
  0x04, 0x01, 0xf8, 0x00, 0x0f, 0xf0, 0xfc, 0x00, 0x00, 0x07, 0xfc, 0x00, 0x04, 0x01, 0xfc, 0x00, 0x1f, 0xe0, 0xf6, 0x00, 0x04, 0x01, 0xfc, 0x00,
  0x0f, 0xc0, 0xf6, 0x00, 0x04, 0x01, 0xf8, 0x00, 0x0f, 0x80, 0xf6, 0x00, 0x01, 0x01, 0xf0, 0xce, 0x00, 0x00, 0x40, 0xf3, 0x00, 0x01, 0x03, 0xfe,
  0xf3, 0x00, 0x01, 0x03, 0xff, 0xf3, 0x00, 0x01, 0x03, 0xff, 0xf3, 0x00, 0x01, 0x03, 0xff, 0xf3, 0x00, 0x01, 0x03, 0xfe, 0xf3, 0x00, 0x01, 0x03,
  0xfc, 0x81, 0x00, 0x88, 0x00, 0xcd, 0x00, 0x01, 0x3f, 0x80, 0xf3, 0x00, 0x01, 0xff, 0xc0, 0xfd, 0x00, 0x00, 0x0e, 0xf9, 0x00, 0x08, 0x03, 0xff,
  0xe0, 0x00, 0x00, 0xf4, 0x00, 0x1f, 0xf0, 0xfa, 0x00, 0x08, 0x03, 0xff, 0xe0, 0x00, 0x03, 0xff, 0x00, 0x1f, 0xf8, 0xfa, 0x00, 0x08, 0x07, 0xff,
  0xe0, 0x00, 0x07, 0xff, 0xc0, 0x1f, 0xfc, 0xfa, 0x00, 0x08, 0x0f, 0xff, 0xe0, 0x00, 0x7f, 0xff, 0xe0, 0x3f, 0xfc, 0xfa, 0x00, 0x08, 0x1f, 0xff,
  0xc0, 0x00, 0x7f, 0xff, 0xf0, 0x3f, 0xf8, 0xfa, 0x00, 0x08, 0x1f, 0xff, 0xc0, 0x00, 0xff, 0xff, 0xf8, 0x3f, 0xf8, 0xfa, 0x00, 0x08, 0x1f, 0xff,
  0xc0, 0x00, 0xff, 0xff, 0xf8, 0x3f, 0xf0, 0xfa, 0x00, 0x08, 0x3f, 0xff, 0x80, 0x00, 0xff, 0xff, 0xf8, 0x01, 0xe0, 0xfa, 0x00, 0x08, 0x7f, 0xff,
  0x80, 0x00, 0xff, 0xff, 0xf8, 0x00, 0xc0, 0xfa, 0x00, 0x06, 0xff, 0xff, 0x80, 0x00, 0xff, 0xff, 0xf8, 0xf8, 0x00, 0x06, 0xff, 0xff, 0x00, 0x00,
  0xff, 0xff, 0xf8, 0xf8, 0x00, 0x06, 0xff, 0xff, 0x00, 0x01, 0xff, 0xff, 0xf8, 0xf8, 0x00, 0x06, 0x7f, 0xff, 0x00, 0x01, 0xff, 0xff, 0xf8, 0xf8,
  0x00, 0x06, 0x7f, 0xfe, 0x00, 0x01, 0xff, 0xff, 0xf8, 0xf8, 0x00, 0x06, 0x7f, 0xfe, 0x00, 0x03, 0xff, 0xff, 0xf0, 0xf8, 0x00, 0x06, 0x7f, 0xfe,
  0x00, 0x03, 0xff, 0xff, 0xf0, 0xf8, 0x00, 0x06, 0x7f, 0xfc, 0x00, 0x03, 0xff, 0xff, 0xe0, 0xf8, 0x00, 0x06, 0x3f, 0xfc, 0x00, 0x03, 0xff, 0xff,
  0xe0, 0xf8, 0x00, 0x06, 0x3f, 0xf8, 0x00, 0x03, 0xff, 0xff, 0xe0, 0xf8, 0x00, 0x06, 0x1f, 0xf0, 0x00, 0x03, 0xff, 0xff, 0xc0, 0xf8, 0x00, 0x06,
  0x03, 0xc0, 0x00, 0x03, 0xff, 0xff, 0xc0, 0xf7, 0x00, 0x05, 0x01, 0xc0, 0x03, 0xff, 0xff, 0x80, 0xf7, 0x00, 0x05, 0x03, 0xe0, 0x03, 0xff, 0xff,
  0x80, 0xf7, 0x00, 0x04, 0x07, 0xe0, 0x01, 0xff, 0xff, 0xf6, 0x00, 0x04, 0x07, 0xf0, 0x01, 0xff, 0xfe, 0xf6, 0x00, 0x04, 0x07, 0xf0, 0x00, 0x7f,
  0xfe, 0xfe, 0x00, 0x00, 0x08, 0xfa, 0x00, 0x09, 0x07, 0xf0, 0x00, 0x3f, 0xfc, 0x00, 0x00, 0x0f, 0xff, 0xc0, 0xfb, 0x00, 0x09, 0x07, 0xf0, 0x00,
  0x0f, 0xf0, 0x00, 0x00, 0x1f, 0xff, 0xe0, 0xfb, 0x00, 0x01, 0x0f, 0xf0, 0xfc, 0x00, 0x02, 0x1f, 0xff, 0xf0, 0xfd, 0x00, 0x03, 0x32, 0x00, 0x0f,
  0xf0, 0xfc, 0x00, 0x02, 0x1f, 0xff, 0xf0, 0xfd, 0x00, 0x03, 0x3f, 0x00, 0x0f, 0xf0, 0xfc, 0x00, 0x02, 0x07, 0xff, 0xf0, 0xfd, 0x00, 0x03, 0x7f,
  0x00, 0x1f, 0xe0, 0xfb, 0x00, 0x01, 0xff, 0xe0, 0xfd, 0x00, 0x03, 0xff, 0x00, 0x0f, 0xc0, 0xfb, 0x00, 0x00, 0x10, 0xfc, 0x00, 0x03, 0xff, 0x00,
  0x0f, 0x80, 0xf5, 0x00, 0x00, 0xff, 0xf2, 0x00, 0x00, 0x7e, 0xf2, 0x00, 0x00, 0x1c, 0xbd, 0x00, 0x00, 0x7e, 0xf3, 0x00, 0x01, 0x01, 0xff, 0xf3,
  0x00, 0x02, 0x01, 0xff, 0x80, 0xf4, 0x00, 0x02, 0x01, 0xff, 0x80, 0xf4, 0x00, 0x02, 0x01, 0xff, 0x80, 0xf4, 0x00, 0x01, 0x01, 0xff, 0xf2, 0x00,
  0x00, 0x7c, 0x81, 0x00, 0xb9, 0x00, 0xcd, 0x00, 0x01, 0x7f, 0x80, 0xf4, 0x00, 0x02, 0x01, 0xff, 0xc0, 0xf4, 0x00, 0x05, 0x03, 0xff, 0xe0, 0x00,
  0x00, 0xfc, 0xf7, 0x00, 0x08, 0x07, 0xff, 0xe0, 0x00, 0x03, 0xff, 0x00, 0x00, 0x03, 0xfa, 0x00, 0x09, 0x07, 0xff, 0xe0, 0x00, 0x07, 0xff, 0xc0,
  0x00, 0x07, 0x90, 0xfb, 0x00, 0x09, 0x0f, 0xff, 0xe0, 0x00, 0x0f, 0xff, 0xf0, 0x00, 0x0f, 0xf8, 0xfb, 0x00, 0x09, 0x1f, 0xff, 0xc0, 0x00, 0x1f,
  0xff, 0xf0, 0x00, 0x0f, 0xfc, 0xfb, 0x00, 0x09, 0x1f, 0xff, 0xc0, 0x00, 0x3f, 0xff, 0xf8, 0x00, 0x1f, 0xfe, 0xfb, 0x00, 0x09, 0x3f, 0xff, 0xc0,
  0x00, 0x3f, 0xff, 0xf8, 0x00, 0x1f, 0xfc, 0xfb, 0x00, 0x09, 0x3f, 0xff, 0x80, 0x00, 0x7f, 0xff, 0xf8, 0x00, 0x1f, 0xfc, 0xfb, 0x00, 0x09, 0x3f,
  0xff, 0x80, 0x00, 0x7f, 0xff, 0xf8, 0x00, 0x1f, 0xfc, 0xfb, 0x00, 0x09, 0x3f, 0xff, 0x80, 0x00, 0xff, 0xff, 0xf8, 0x00, 0x0e, 0xf8, 0xfb, 0x00,
  0x09, 0x7f, 0xff, 0xc0, 0x00, 0xff, 0xff, 0xf8, 0x00, 0x00, 0xf0, 0xfb, 0x00, 0x06, 0x7f, 0xff, 0xf8, 0x01, 0xff, 0xff, 0xf8, 0xf8, 0x00, 0x06,
  0x7f, 0xff, 0xf8, 0x01, 0xff, 0xff, 0xf8, 0xf8, 0x00, 0x06, 0x7f, 0xff, 0xf8, 0x01, 0xff, 0xff, 0xf8, 0xf8, 0x00, 0x06, 0x7f, 0xff, 0xf8, 0x03,
  0xff, 0xff, 0xf0, 0xf8, 0x00, 0x06, 0x7f, 0xff, 0xf8, 0x03, 0xff, 0xff, 0xf0, 0xf8, 0x00, 0x06, 0x7f, 0xff, 0x80, 0x03, 0xff, 0xff, 0xe0, 0xf8,
  0x00, 0x06, 0x3f, 0xfc, 0x00, 0x03, 0xff, 0xff, 0xe0, 0xf8, 0x00, 0x06, 0x3f, 0xf8, 0x00, 0x03, 0xff, 0xff, 0xe0, 0xf8, 0x00, 0x06, 0x1f, 0xf0,
  0x00, 0x03, 0xff, 0xff, 0xc0, 0xf8, 0x00, 0x06, 0x03, 0xc0, 0x00, 0x03, 0xff, 0xff, 0xc0, 0xf7, 0x00, 0x05, 0x01, 0xc0, 0x03, 0xff, 0xff, 0x80,
  0xf7, 0x00, 0x05, 0x03, 0xe0, 0x03, 0xff, 0xff, 0x80, 0xf7, 0x00, 0x04, 0x07, 0xe0, 0x01, 0xff, 0xff, 0xf6, 0x00, 0x04, 0x07, 0xf0, 0x01, 0xff,
  0xfe, 0xf6, 0x00, 0x04, 0x07, 0xf0, 0x00, 0x7f, 0xfe, 0xf6, 0x00, 0x04, 0x07, 0xf0, 0x00, 0x3f, 0xfc, 0xf6, 0x00, 0x04, 0x07, 0xf0, 0x00, 0x0f,
  0xf0, 0xf6, 0x00, 0x01, 0x0f, 0xf0, 0xfb, 0x00, 0x01, 0x07, 0xfc, 0xfb, 0x00, 0x01, 0x0f, 0xf0, 0xfb, 0x00, 0x01, 0x0f, 0xfe, 0xfb, 0x00, 0x01,
  0x0f, 0xf0, 0xfb, 0x00, 0x01, 0x1f, 0xfe, 0xfd, 0x00, 0x03, 0x03, 0xe0, 0x1f, 0xe0, 0xfb, 0x00, 0x01, 0x1f, 0xfe, 0xfd, 0x00, 0x03, 0x07, 0xf0,
  0x0f, 0xc0, 0xfb, 0x00, 0x01, 0x0f, 0xfe, 0xfd, 0x00, 0x03, 0x07, 0xf8, 0x0f, 0x80, 0xfb, 0x00, 0x01, 0x01, 0xfc, 0xfd, 0x00, 0x01, 0x0f, 0xf8,
  0xf3, 0x00, 0x01, 0x0f, 0xf0, 0xf3, 0x00, 0x01, 0x07, 0xf0, 0xf3, 0x00, 0x01, 0x03, 0xe0, 0xf2, 0x00, 0x00, 0x40, 0xce, 0x00, 0x01, 0x03, 0x80,
  0xf3, 0x00, 0x01, 0x0f, 0xf0, 0xf3, 0x00, 0x01, 0x0f, 0xfe, 0xf3, 0x00, 0x02, 0x0f, 0xff, 0x80, 0xf4, 0x00, 0x02, 0x0f, 0xff, 0x80, 0xf4, 0x00,
  0x02, 0x0f, 0xff, 0x80, 0xf4, 0x00, 0x02, 0x07, 0xff, 0x80, 0xf3, 0x00, 0x00, 0x38, 0x81, 0x00, 0xda, 0x00, 0xcd, 0x00, 0x01, 0x3f, 0x80, 0xf3,
  0x00, 0x01, 0xff, 0xc0, 0xf4, 0x00, 0x05, 0x03, 0xff, 0xe0, 0x00, 0x00, 0xfc, 0xf7, 0x00, 0x05, 0x07, 0xff, 0xe0, 0x00, 0x03, 0xff, 0xf7, 0x00,
  0x06, 0x07, 0xff, 0xe0, 0x00, 0x07, 0xff, 0xc0, 0xf8, 0x00, 0x06, 0x0f, 0xff, 0xe0, 0x00, 0x0f, 0xff, 0xe0, 0xfe, 0x00, 0x00, 0x80, 0xfc, 0x00,
  0x0a, 0x1f, 0xff, 0xc0, 0x00, 0x1f, 0xff, 0xf0, 0x00, 0x00, 0x03, 0xc0, 0xfc, 0x00, 0x0a, 0x1f, 0xff, 0xc0, 0x00, 0x1f, 0xff, 0xf8, 0x00, 0x00,
  0x03, 0xe0, 0xfc, 0x00, 0x0a, 0x1f, 0xff, 0xc0, 0x00, 0x3f, 0xff, 0xf8, 0x00, 0x00, 0x07, 0xf0, 0xfc, 0x00, 0x0a, 0x3f, 0xff, 0x80, 0x00, 0x7f,
  0xff, 0xfc, 0x00, 0x00, 0x07, 0xf0, 0xfc, 0x00, 0x0a, 0x3f, 0xff, 0x80, 0x00, 0x7f, 0xff, 0xfc, 0x00, 0x00, 0x0f, 0xe0, 0xfc, 0x00, 0x0a, 0x3f,
  0xff, 0x80, 0x00, 0xff, 0xff, 0xfc, 0x00, 0x00, 0x0f, 0xe0, 0xfc, 0x00, 0x0a, 0x7f, 0xff, 0x00, 0x00, 0xff, 0xff, 0xfc, 0x00, 0x00, 0x0f, 0xc0,
  0xfc, 0x00, 0x0a, 0x7f, 0xff, 0x06, 0x01, 0xff, 0xff, 0xfc, 0x00, 0x00, 0x07, 0xc0, 0xfc, 0x00, 0x09, 0x7f, 0xff, 0xff, 0x81, 0xff, 0xff, 0xfc,
  0x00, 0x00, 0x07, 0xfb, 0x00, 0x06, 0x7f, 0xff, 0xff, 0x81, 0xff, 0xff, 0xfc, 0xf8, 0x00, 0x06, 0x7f, 0xfe, 0xff, 0x83, 0xff, 0xff, 0xf8, 0xf8,
  0x00, 0x06, 0x7f, 0xfe, 0xff, 0x83, 0xff, 0xff, 0xf0, 0xf8, 0x00, 0x06, 0x7f, 0xfc, 0xff, 0x83, 0xff, 0xff, 0xe0, 0xf8, 0x00, 0x06, 0x3f, 0xfc,
  0x7f, 0x03, 0xff, 0xff, 0xe0, 0xf8, 0x00, 0x06, 0x3f, 0xf8, 0x00, 0x03, 0xff, 0xff, 0xe0, 0xf8, 0x00, 0x06, 0x1f, 0xf0, 0x00, 0x03, 0xff, 0xff,
  0xc0, 0xf8, 0x00, 0x06, 0x03, 0xc0, 0x00, 0x03, 0xff, 0xff, 0xc0, 0xf7, 0x00, 0x05, 0x01, 0xc0, 0x03, 0xff, 0xff, 0x80, 0xf7, 0x00, 0x05, 0x03,
  0xe0, 0x03, 0xff, 0xff, 0x80, 0xf7, 0x00, 0x04, 0x07, 0xe0, 0x01, 0xff, 0xff, 0xf6, 0x00, 0x04, 0x07, 0xf0, 0x01, 0xff, 0xfe, 0xf6, 0x00, 0x04,
  0x07, 0xf0, 0x00, 0x7f, 0xfe, 0xf6, 0x00, 0x04, 0x07, 0xf0, 0x00, 0x3f, 0xfc, 0xf6, 0x00, 0x04, 0x07, 0xf0, 0x00, 0x0f, 0xf0, 0xf6, 0x00, 0x01,
  0x0f, 0xf0, 0xf3, 0x00, 0x01, 0x0f, 0xf0, 0xf3, 0x00, 0x01, 0x0f, 0xf0, 0xf3, 0x00, 0x01, 0x1f, 0xe0, 0xfa, 0x00, 0x00, 0x0e, 0xfc, 0x00, 0x02,
  0x1e, 0x0f, 0xc0, 0xfa, 0x00, 0x00, 0x0e, 0xfc, 0x00, 0x02, 0x3f, 0x0f, 0x80, 0xfa, 0x00, 0x00, 0x0e, 0xfc, 0x00, 0x00, 0x3f, 0xf8, 0x00, 0x00,
  0x0e, 0xfc, 0x00, 0x00, 0x7f, 0xf2, 0x00, 0x00, 0x7f, 0xf2, 0x00, 0x00, 0x7e, 0xf2, 0x00, 0x00, 0x3c, 0xf2, 0x00, 0x00, 0x10, 0xad, 0x00, 0x01,
  0x03, 0xf0, 0xf3, 0x00, 0x01, 0x07, 0xfc, 0xf3, 0x00, 0x01, 0x07, 0xfc, 0xf3, 0x00, 0x01, 0x07, 0xfc, 0xf3, 0x00, 0x01, 0x07, 0xfc, 0xf3, 0x00,
  0x01, 0x07, 0xf8, 0xf2, 0x00, 0x00, 0xc0, 0x81, 0x00, 0xfb, 0x00, 0xcd, 0x00, 0x01, 0x7f, 0x80, 0xf4, 0x00, 0x02, 0x01, 0xff, 0xc0, 0xf4, 0x00,
  0x05, 0x03, 0xff, 0xe0, 0x00, 0x00, 0xfc, 0xf7, 0x00, 0x05, 0x07, 0xff, 0xe0, 0x00, 0x03, 0xff, 0xf7, 0x00, 0x06, 0x07, 0xff, 0xe0, 0x00, 0x07,
  0xff, 0xc0, 0xf8, 0x00, 0x06, 0x0f, 0xff, 0xe0, 0x00, 0x0f, 0xff, 0xf0, 0xf8, 0x00, 0x06, 0x1f, 0xff, 0xc0, 0x00, 0x1f, 0xff, 0xf0, 0xf8, 0x00,
  0x06, 0x1f, 0xff, 0xc0, 0x00, 0x3f, 0xff, 0xf8, 0xfe, 0x00, 0x00, 0x0c, 0xfc, 0x00, 0x06, 0x3f, 0xff, 0xc0, 0x00, 0x3f, 0xff, 0xf8, 0xfe, 0x00,
  0x00, 0x1c, 0xfc, 0x00, 0x06, 0x3f, 0xff, 0x80, 0x00, 0x7f, 0xff, 0xfc, 0xfe, 0x00, 0x00, 0x3e, 0xfc, 0x00, 0x06, 0x3f, 0xff, 0x80, 0x00, 0x7f,
  0xff, 0xfc, 0xfe, 0x00, 0x00, 0x7e, 0xfc, 0x00, 0x0a, 0x3f, 0xff, 0x80, 0x00, 0xff, 0xff, 0xfd, 0xc0, 0x00, 0x00, 0x7e, 0xfc, 0x00, 0x03, 0x7f,
  0xff, 0x00, 0x00, 0xfe, 0xff, 0x03, 0xc0, 0x00, 0x00, 0x7e, 0xfc, 0x00, 0x03, 0x7f, 0xff, 0x00, 0x01, 0xfe, 0xff, 0x03, 0xfc, 0x00, 0x00, 0x7c,
  0xfc, 0x00, 0x03, 0x7f, 0xff, 0x00, 0x01, 0xfe, 0xff, 0x03, 0xfe, 0x00, 0x00, 0x7c, 0xfc, 0x00, 0x02, 0x7f, 0xfe, 0x03, 0xfd, 0xff, 0x03, 0xfe,
  0x00, 0x00, 0x38, 0xfc, 0x00, 0x02, 0x7f, 0xfe, 0x07, 0xfe, 0xff, 0x01, 0xf3, 0xfc, 0xf9, 0x00, 0x02, 0x7f, 0xfe, 0x0f, 0xfe, 0xff, 0x01, 0xf0,
  0x3c, 0xf9, 0x00, 0x02, 0x7f, 0xfc, 0x0f, 0xfe, 0xff, 0x01, 0xe0, 0x08, 0xf9, 0x00, 0x02, 0x3f, 0xfc, 0x0f, 0xfe, 0xff, 0x00, 0xe0, 0xf8, 0x00,
  0x02, 0x3f, 0xf8, 0x07, 0xfe, 0xff, 0x00, 0xe0, 0xf8, 0x00, 0x06, 0x1f, 0xf0, 0x00, 0x7f, 0xff, 0xff, 0xc0, 0xf8, 0x00, 0x06, 0x03, 0xe0, 0x00,
  0x03, 0xff, 0xff, 0xc0, 0xf7, 0x00, 0x05, 0x01, 0xc0, 0x03, 0xff, 0xff, 0x80, 0xf7, 0x00, 0x05, 0x03, 0xe0, 0x03, 0xff, 0xff, 0x80, 0xf7, 0x00,
  0x04, 0x07, 0xe0, 0x01, 0xff, 0xff, 0xf6, 0x00, 0x04, 0x07, 0xf0, 0x01, 0xff, 0xfe, 0xf6, 0x00, 0x04, 0x07, 0xf0, 0x00, 0x7f, 0xfe, 0xf6, 0x00,
  0x04, 0x07, 0xf0, 0x00, 0x3f, 0xfc, 0xf6, 0x00, 0x04, 0x07, 0xf0, 0x00, 0x0f, 0xf0, 0xf6, 0x00, 0x01, 0x0f, 0xf0, 0xf3, 0x00, 0x01, 0x0f, 0xf0,
  0xf3, 0x00, 0x01, 0x0f, 0xf0, 0xf3, 0x00, 0x01, 0x1f, 0xe0, 0xf3, 0x00, 0x01, 0x1f, 0xc0, 0xf4, 0x00, 0x02, 0x03, 0xff, 0x80, 0xf4, 0x00, 0x01,
  0x07, 0xf8, 0xf3, 0x00, 0x01, 0x0f, 0xf8, 0xf3, 0x00, 0x01, 0x0f, 0xf8, 0xf3, 0x00, 0x01, 0x0f, 0xf0, 0xf3, 0x00, 0x01, 0x0f, 0xf0, 0xf3, 0x00,
  0x01, 0x07, 0xe0, 0xf2, 0x00, 0x00, 0xc0, 0x9d, 0x00, 0x01, 0x3f, 0xc0, 0xf3, 0x00, 0x01, 0x3f, 0xfc, 0xf3, 0x00, 0x01, 0x3f, 0xfe, 0xf3, 0x00,
  0x01, 0x7f, 0xfe, 0xf3, 0x00, 0x01, 0x7f, 0xfe, 0xf3, 0x00, 0x01, 0x1f, 0xfe, 0x8c, 0x00, 0xcd, 0x00, 0x01, 0x3f, 0x80, 0xf3, 0x00, 0x01, 0xff,
  0xc0, 0xf4, 0x00, 0x05, 0x03, 0xff, 0xe0, 0x00, 0x00, 0xfc, 0xf7, 0x00, 0x05, 0x03, 0xff, 0xe0, 0x00, 0x03, 0xff, 0xf7, 0x00, 0x06, 0x07, 0xff,
  0xe0, 0x00, 0x07, 0xff, 0xc0, 0xf8, 0x00, 0x06, 0x0f, 0xff, 0xe0, 0x00, 0x0f, 0xff, 0xe0, 0xf8, 0x00, 0x06, 0x1f, 0xff, 0xc0, 0x00, 0x1f, 0xff,
  0xf0, 0xf8, 0x00, 0x06, 0x1f, 0xff, 0xc0, 0x00, 0x1f, 0xff, 0xf8, 0xf8, 0x00, 0x06, 0x1f, 0xff, 0xc0, 0x00, 0x3f, 0xff, 0xf8, 0xf8, 0x00, 0x06,
  0x3f, 0xff, 0x80, 0x00, 0x7f, 0xff, 0xf8, 0xf8, 0x00, 0x06, 0x3f, 0xff, 0x80, 0x00, 0x7f, 0xff, 0xf8, 0xf8, 0x00, 0x06, 0x3f, 0xff, 0x80, 0x00,
  0x7f, 0xff, 0xf8, 0xf8, 0x00, 0x06, 0x7f, 0xff, 0x00, 0x00, 0xff, 0xff, 0xf8, 0xf8, 0x00, 0x08, 0x7f, 0xff, 0x00, 0x01, 0xff, 0xff, 0xf8, 0x00,
  0xc0, 0xfa, 0x00, 0x08, 0x7f, 0xff, 0x00, 0x01, 0xff, 0xff, 0xf8, 0x01, 0xe0, 0xfa, 0x00, 0x08, 0x7f, 0xfe, 0x00, 0x01, 0xff, 0xff, 0xf8, 0x01,
  0xe0, 0xfa, 0x00, 0x08, 0x7f, 0xfe, 0x00, 0x03, 0xff, 0xff, 0xf0, 0x03, 0xe0, 0xfa, 0x00, 0x08, 0x7f, 0xfe, 0x00, 0x03, 0xff, 0xff, 0xf0, 0x03,
  0xe0, 0xfa, 0x00, 0x08, 0x7f, 0xfc, 0x00, 0x0f, 0xff, 0xff, 0xe0, 0x03, 0xe0, 0xfa, 0x00, 0x08, 0x3f, 0xfc, 0x00, 0x0f, 0xff, 0xff, 0xe0, 0x01,
  0xc0, 0xfa, 0x00, 0x06, 0x3f, 0xf8, 0x00, 0x0f, 0xff, 0xff, 0xe0, 0xf8, 0x00, 0x06, 0x1f, 0xf0, 0x00, 0x0f, 0xff, 0xff, 0xc0, 0xf8, 0x00, 0x06,
  0x03, 0xe0, 0x00, 0x07, 0xff, 0xff, 0xc0, 0xf7, 0x00, 0x05, 0x01, 0xc0, 0x03, 0xff, 0xff, 0x80, 0xf7, 0x00, 0x05, 0x03, 0xe0, 0x03, 0xff, 0xff,
  0x80, 0xf7, 0x00, 0x04, 0x07, 0xe0, 0x01, 0xff, 0xff, 0xf6, 0x00, 0x04, 0x07, 0xf0, 0x01, 0xff, 0xfe, 0xf6, 0x00, 0x04, 0x07, 0xf0, 0x00, 0x7f,
  0xfe, 0xf6, 0x00, 0x04, 0x07, 0xf0, 0x00, 0x3f, 0xfc, 0xf6, 0x00, 0x04, 0x07, 0xf0, 0x00, 0x0f, 0xf0, 0xf6, 0x00, 0x01, 0x0f, 0xf0, 0xf3, 0x00,
  0x01, 0x0f, 0xf0, 0xf3, 0x00, 0x01, 0x0f, 0xf0, 0xf3, 0x00, 0x01, 0x1f, 0xe0, 0xf3, 0x00, 0x01, 0x1f, 0xc0, 0xf3, 0x00, 0x01, 0x0f, 0x80, 0xf3,
  0x00, 0x00, 0x1f, 0xf2, 0x00, 0x00, 0x3e, 0xf2, 0x00, 0x00, 0x7f, 0xf2, 0x00, 0x00, 0x7e, 0xf2, 0x00, 0x00, 0x7e, 0xf2, 0x00, 0x00, 0xfc, 0xf2,
  0x00, 0x00, 0x7c, 0xf2, 0x00, 0x00, 0x18, 0x8c, 0x00, 0x01, 0x0f, 0xe0, 0xf3, 0x00, 0x01, 0x1f, 0xe0, 0xf3, 0x00, 0x01, 0x1f, 0xf0, 0xf3, 0x00,
  0x01, 0x3f, 0xf0, 0x8d, 0x00, 0xcd, 0x00, 0x01, 0x3f, 0x80, 0xf3, 0x00, 0x01, 0xff, 0xc0, 0xf4, 0x00, 0x05, 0x03, 0xff, 0xe0, 0x00, 0x00, 0xfc,
  0xf7, 0x00, 0x05, 0x03, 0xff, 0xe0, 0x00, 0x03, 0xff, 0xf7, 0x00, 0x06, 0x07, 0xff, 0xe0, 0x00, 0x07, 0xff, 0xc0, 0xf8, 0x00, 0x06, 0x0f, 0xff,
  0xe0, 0x00, 0x0f, 0xff, 0xf0, 0xf8, 0x00, 0x06, 0x1f, 0xff, 0xe0, 0x00, 0x1f, 0xff, 0xf0, 0xf8, 0x00, 0x06, 0x1f, 0xff, 0xc0, 0x00, 0x1f, 0xff,
  0xf8, 0xf8, 0x00, 0x06, 0x1f, 0xff, 0xc0, 0x00, 0x3f, 0xff, 0xf8, 0xf8, 0x00, 0x06, 0x3f, 0xff, 0xc0, 0x00, 0x7f, 0xff, 0xf8, 0xf8, 0x00, 0x06,
  0x3f, 0xff, 0x80, 0x00, 0x7f, 0xff, 0xf8, 0xf8, 0x00, 0x06, 0x3f, 0xff, 0x80, 0x00, 0x7f, 0xff, 0xf8, 0xf8, 0x00, 0x06, 0x7f, 0xff, 0x00, 0x00,
  0xff, 0xff, 0xf8, 0xf8, 0x00, 0x06, 0x7f, 0xff, 0x00, 0x01, 0xff, 0xff, 0xf8, 0xf8, 0x00, 0x06, 0x7f, 0xff, 0x00, 0x01, 0xff, 0xff, 0xf8, 0xf8,
  0x00, 0x08, 0x7f, 0xfe, 0x00, 0x01, 0xff, 0xff, 0xf8, 0x00, 0x04, 0xfa, 0x00, 0x09, 0x7f, 0xfe, 0x00, 0x03, 0xff, 0xff, 0xf0, 0x00, 0x0e, 0x60,
  0xfb, 0x00, 0x09, 0x7f, 0xfe, 0x00, 0x03, 0xff, 0xff, 0xf0, 0x00, 0x1e, 0xf0, 0xfb, 0x00, 0x09, 0x7f, 0xfc, 0x00, 0x03, 0xff, 0xff, 0xe0, 0x00,
  0x1f, 0xf0, 0xfb, 0x00, 0x09, 0x3f, 0xfc, 0x00, 0x03, 0xff, 0xff, 0xe0, 0x00, 0x1f, 0xf0, 0xfb, 0x00, 0x09, 0x3f, 0xf8, 0x00, 0x03, 0xff, 0xff,
  0xe0, 0x00, 0x0d, 0xf0, 0xfb, 0x00, 0x09, 0x1f, 0xf0, 0x00, 0x03, 0xff, 0xff, 0xc0, 0x00, 0x01, 0xe0, 0xfb, 0x00, 0x09, 0x03, 0xe0, 0x00, 0x03,
  0xff, 0xff, 0xc0, 0x00, 0x00, 0x40, 0xfa, 0x00, 0x05, 0x01, 0xc0, 0x03, 0xff, 0xff, 0x80, 0xf7, 0x00, 0x05, 0x03, 0xe0, 0x03, 0xff, 0xff, 0x80,
  0xf7, 0x00, 0x04, 0x07, 0xe0, 0x01, 0xff, 0xff, 0xf6, 0x00, 0x04, 0x07, 0xf0, 0x01, 0xff, 0xfe, 0xf6, 0x00, 0x04, 0x07, 0xf0, 0x00, 0x7f, 0xfe,
  0xf6, 0x00, 0x04, 0x07, 0xf0, 0x00, 0x3f, 0xfc, 0xf6, 0x00, 0x04, 0x07, 0xf0, 0x00, 0x0f, 0xf0, 0xf6, 0x00, 0x01, 0x07, 0xf0, 0xf3, 0x00, 0x01,
  0x0f, 0xf0, 0xf3, 0x00, 0x01, 0x0f, 0xf0, 0xf3, 0x00, 0x01, 0x0f, 0xe0, 0xf3, 0x00, 0x01, 0x1f, 0xc0, 0xf3, 0x00, 0x01, 0x0f, 0x80, 0xf3, 0x00,
  0x00, 0x02, 0xf2, 0x00, 0x01, 0x03, 0xc0, 0xf3, 0x00, 0x01, 0x07, 0xf0, 0xf3, 0x00, 0x01, 0x07, 0xf0, 0xf3, 0x00, 0x01, 0x0f, 0xf0, 0xf3, 0x00,
  0x01, 0x0f, 0xf0, 0xf3, 0x00, 0x01, 0x0f, 0xf0, 0xf3, 0x00, 0x01, 0x07, 0xe0, 0xf3, 0x00, 0x01, 0x01, 0xc0, 0x81, 0x00, 0xfc, 0x00, 0x00, 0xfe,
  0xf2, 0x00, 0x01, 0xff, 0x80, 0x8e, 0x00, 0xcd, 0x00, 0x01, 0x3f, 0x80, 0xf3, 0x00, 0x01, 0xff, 0xc0, 0xf4, 0x00, 0x05, 0x03, 0xff, 0xe0, 0x00,
  0x00, 0x60, 0xf7, 0x00, 0x05, 0x03, 0xff, 0xe0, 0x00, 0x01, 0xff, 0xf7, 0x00, 0x06, 0x07, 0xff, 0xe0, 0x00, 0x07, 0xff, 0xc0, 0xf8, 0x00, 0x06,
  0x0f, 0xff, 0xe0, 0x00, 0x0f, 0xff, 0xe0, 0xf8, 0x00, 0x06, 0x0f, 0xff, 0xe0, 0x00, 0x1f, 0xff, 0xf0, 0xf8, 0x00, 0x06, 0x1f, 0xff, 0xc0, 0x00,
  0x1f, 0xff, 0xf8, 0xf8, 0x00, 0x06, 0x1f, 0xff, 0xc0, 0x00, 0x3f, 0xff, 0xf8, 0xf8, 0x00, 0x06, 0x3f, 0xff, 0xc0, 0x00, 0x7f, 0xff, 0xf8, 0xf8,
  0x00, 0x06, 0x3f, 0xff, 0x80, 0x00, 0x7f, 0xff, 0xf8, 0xf8, 0x00, 0x06, 0x3f, 0xff, 0x80, 0x00, 0x7f, 0xff, 0xf8, 0xf8, 0x00, 0x06, 0x3f, 0xff,
  0x00, 0x00, 0xff, 0xff, 0xf8, 0xf8, 0x00, 0x06, 0x7f, 0xff, 0x00, 0x01, 0xff, 0xff, 0xf8, 0xf8, 0x00, 0x06, 0x7f, 0xff, 0x00, 0x01, 0xff, 0xff,
  0xf8, 0xf8, 0x00, 0x06, 0x7f, 0xfe, 0x00, 0x01, 0xff, 0xff, 0xf8, 0xf8, 0x00, 0x06, 0x7f, 0xfe, 0x00, 0x03, 0xff, 0xff, 0xf0, 0xf8, 0x00, 0x09,
  0x7f, 0xfe, 0x00, 0x03, 0xff, 0xff, 0xf0, 0x00, 0x00, 0x06, 0xfb, 0x00, 0x09, 0x7f, 0xfc, 0x00, 0x03, 0xff, 0xff, 0xe0, 0x00, 0x00, 0x0f, 0xfb,
  0x00, 0x0a, 0x3f, 0xfc, 0x00, 0x03, 0xff, 0xff, 0xe0, 0x00, 0x00, 0x0f, 0x80, 0xfc, 0x00, 0x0a, 0x3f, 0xf8, 0x00, 0x03, 0xff, 0xff, 0xe0, 0x00,
  0x00, 0x1f, 0x80, 0xfc, 0x00, 0x09, 0x1f, 0xf0, 0x00, 0x03, 0xff, 0xff, 0xc0, 0x00, 0x00, 0x1f, 0xfb, 0x00, 0x09, 0x03, 0xe0, 0x00, 0x03, 0xff,
  0xff, 0xc0, 0x00, 0x00, 0x0f, 0xfa, 0x00, 0x08, 0x01, 0x80, 0x03, 0xff, 0xff, 0x80, 0x00, 0x00, 0x06, 0xfa, 0x00, 0x05, 0x03, 0xc0, 0x03, 0xff,
  0xff, 0x80, 0xf7, 0x00, 0x05, 0x07, 0xe0, 0x01, 0xff, 0xff, 0x80, 0xf7, 0x00, 0x05, 0x07, 0xf0, 0x01, 0xff, 0xff, 0x80, 0xf7, 0x00, 0x05, 0x07,
  0xf0, 0x00, 0xff, 0xff, 0xc0, 0xf7, 0x00, 0x04, 0x07, 0xf0, 0x00, 0x3f, 0xfc, 0xf6, 0x00, 0x04, 0x07, 0xf0, 0x00, 0x0f, 0xf8, 0xf6, 0x00, 0x01,
  0x07, 0xf0, 0xf3, 0x00, 0x01, 0x0f, 0xf0, 0xf3, 0x00, 0x01, 0x0f, 0xf0, 0xf3, 0x00, 0x01, 0x0f, 0xe0, 0xf3, 0x00, 0x01, 0x1f, 0xc0, 0xf3, 0x00,
  0x01, 0x0f, 0x80, 0xf3, 0x00, 0x00, 0x02, 0xe1, 0x00, 0x00, 0x1c, 0xf2, 0x00, 0x00, 0x3f, 0xf2, 0x00, 0x01, 0x7f, 0x80, 0xf3, 0x00, 0x01, 0x7f,
  0x80, 0xf3, 0x00, 0x01, 0x7f, 0x80, 0xf3, 0x00, 0x00, 0xff, 0xf2, 0x00, 0x00, 0x7f, 0xf2, 0x00, 0x00, 0x3e, 0x81, 0x00, 0x87, 0x00, 0xcd, 0x00,
  0x01, 0x3f, 0x80, 0xf3, 0x00, 0x01, 0xff, 0xc0, 0xf4, 0x00, 0x05, 0x03, 0xff, 0xe0, 0x00, 0x00, 0x78, 0xf7, 0x00, 0x05, 0x03, 0xff, 0xe0, 0x00,
  0x03, 0xff, 0xf7, 0x00, 0x06, 0x07, 0xff, 0xe0, 0x00, 0x07, 0xff, 0xc0, 0xf8, 0x00, 0x06, 0x0f, 0xff, 0xe0, 0x00, 0x0f, 0xff, 0xe0, 0xf8, 0x00,
  0x06, 0x1f, 0xff, 0xe0, 0x00, 0x1f, 0xff, 0xf0, 0xf8, 0x00, 0x06, 0x1f, 0xff, 0xc0, 0x00, 0x1f, 0xff, 0xf8, 0xf8, 0x00, 0x06, 0x1f, 0xff, 0xc0,
  0x00, 0x3f, 0xff, 0xf8, 0xf8, 0x00, 0x06, 0x3f, 0xff, 0xc0, 0x00, 0x7f, 0xff, 0xf8, 0xf8, 0x00, 0x06, 0x3f, 0xff, 0x80, 0x00, 0x7f, 0xff, 0xf8,
  0xf8, 0x00, 0x06, 0x3f, 0xff, 0x80, 0x00, 0x7f, 0xff, 0xf8, 0xf8, 0x00, 0x06, 0x3f, 0xff, 0x00, 0x00, 0xff, 0xff, 0xf8, 0xf8, 0x00, 0x06, 0x7f,
  0xff, 0x00, 0x01, 0xff, 0xff, 0xf8, 0xf8, 0x00, 0x06, 0x7f, 0xff, 0x00, 0x01, 0xff, 0xff, 0xf8, 0xf8, 0x00, 0x06, 0x7f, 0xfe, 0x00, 0x01, 0xff,
  0xff, 0xf8, 0xf8, 0x00, 0x06, 0x7f, 0xfe, 0x00, 0x03, 0xff, 0xff, 0xf0, 0xf8, 0x00, 0x06, 0x7f, 0xfe, 0x00, 0x03, 0xff, 0xff, 0xf0, 0xf8, 0x00,
  0x06, 0x7f, 0xfc, 0x00, 0x03, 0xff, 0xff, 0xf0, 0xf8, 0x00, 0x06, 0x3f, 0xfc, 0x00, 0x03, 0xff, 0xff, 0xe0, 0xfe, 0x00, 0x00, 0x70, 0xfc, 0x00,
  0x06, 0x3f, 0xf8, 0x00, 0x03, 0xff, 0xff, 0xe0, 0xfe, 0x00, 0x00, 0x78, 0xfc, 0x00, 0x06, 0x1f, 0xf0, 0x00, 0x03, 0xff, 0xff, 0xe0, 0xfe, 0x00,
  0x00, 0x7c, 0xfc, 0x00, 0x06, 0x07, 0xe0, 0x00, 0x03, 0xff, 0xff, 0xf8, 0xfe, 0x00, 0x00, 0x7e, 0xfb, 0x00, 0x02, 0x01, 0x80, 0x03, 0xfe, 0xff,
  0x03, 0x80, 0x00, 0x00, 0x7e, 0xfb, 0x00, 0x02, 0x03, 0xc0, 0x03, 0xfe, 0xff, 0x03, 0x80, 0x00, 0x00, 0x3e, 0xfb, 0x00, 0x02, 0x07, 0xe0, 0x01,
  0xfe, 0xff, 0x03, 0x80, 0x00, 0x00, 0x04, 0xfb, 0x00, 0x02, 0x07, 0xf0, 0x01, 0xfe, 0xff, 0x00, 0x80, 0xf8, 0x00, 0x02, 0x07, 0xf0, 0x00, 0xfe,
  0xff, 0x00, 0x80, 0xf8, 0x00, 0x05, 0x07, 0xf0, 0x00, 0x3f, 0xfc, 0x7f, 0xf7, 0x00, 0x04, 0x07, 0xf0, 0x00, 0x0f, 0xf8, 0xf6, 0x00, 0x01, 0x07,
  0xf0, 0xf3, 0x00, 0x01, 0x0f, 0xf0, 0xf3, 0x00, 0x01, 0x0f, 0xf0, 0xf3, 0x00, 0x01, 0x0f, 0xe0, 0xf3, 0x00, 0x01, 0x1f, 0xc0, 0xf3, 0x00, 0x01,
  0x0f, 0x80, 0xc2, 0x00, 0x00, 0x03, 0xf2, 0x00, 0x01, 0x07, 0xe0, 0xf3, 0x00, 0x01, 0x0f, 0xf0, 0xf3, 0x00, 0x01, 0x0f, 0xf0, 0xf3, 0x00, 0x01,
  0x1f, 0xf0, 0xf3, 0x00, 0x01, 0x1f, 0xe0, 0xf3, 0x00, 0x01, 0x0f, 0xc0, 0xf3, 0x00, 0x01, 0x01, 0xc0, 0xf2, 0x00, 0x00, 0x80, 0x81, 0x00, 0xa8,
  0x00, 0xcd, 0x00, 0x01, 0x3f, 0x80, 0xf3, 0x00, 0x01, 0xff, 0xc0, 0xf4, 0x00, 0x05, 0x01, 0xff, 0xe0, 0x00, 0x00, 0x70, 0xf7, 0x00, 0x05, 0x03,
  0xff, 0xe0, 0x00, 0x01, 0xff, 0xf7, 0x00, 0x06, 0x07, 0xff, 0xe0, 0x00, 0x07, 0xff, 0xc0, 0xf8, 0x00, 0x06, 0x0f, 0xff, 0xe0, 0x00, 0x0f, 0xff,
  0xe0, 0xf8, 0x00, 0x06, 0x0f, 0xff, 0xe0, 0x00, 0x1f, 0xff, 0xf0, 0xf8, 0x00, 0x06, 0x1f, 0xff, 0xc0, 0x00, 0x1f, 0xff, 0xf8, 0xf8, 0x00, 0x06,
  0x1f, 0xff, 0xc0, 0x00, 0x3f, 0xff, 0xf8, 0xf8, 0x00, 0x06, 0x3f, 0xff, 0xc0, 0x00, 0x7f, 0xff, 0xf8, 0xf8, 0x00, 0x06, 0x3f, 0xff, 0x80, 0x00,
  0x7f, 0xff, 0xfc, 0xf8, 0x00, 0x06, 0x3f, 0xff, 0x80, 0x00, 0x7f, 0xff, 0xf8, 0xf8, 0x00, 0x06, 0x3f, 0xff, 0x00, 0x00, 0xff, 0xff, 0xf8, 0xf8,
  0x00, 0x06, 0x7f, 0xff, 0x00, 0x01, 0xff, 0xff, 0xf8, 0xf8, 0x00, 0x06, 0x7f, 0xff, 0x00, 0x01, 0xff, 0xff, 0xf8, 0xf8, 0x00, 0x06, 0x7f, 0xfe,
  0x00, 0x01, 0xff, 0xff, 0xf8, 0xf8, 0x00, 0x06, 0x7f, 0xfe, 0x00, 0x03, 0xff, 0xff, 0xf0, 0xf8, 0x00, 0x06, 0x7f, 0xfe, 0x00, 0x03, 0xff, 0xff,
  0xf0, 0xf8, 0x00, 0x06, 0x7f, 0xfc, 0x00, 0x03, 0xff, 0xff, 0xe0, 0xf8, 0x00, 0x06, 0x3f, 0xfc, 0x00, 0x03, 0xff, 0xff, 0xe0, 0xf8, 0x00, 0x06,
  0x3f, 0xf8, 0x00, 0x03, 0xff, 0xff, 0xe0, 0xf8, 0x00, 0x06, 0x1f, 0xf0, 0x00, 0x03, 0xff, 0xff, 0xc0, 0xf8, 0x00, 0x06, 0x07, 0xe0, 0x00, 0x03,
  0xff, 0xff, 0xc0, 0xf7, 0x00, 0x05, 0x01, 0x80, 0x03, 0xff, 0xff, 0x80, 0xf7, 0x00, 0x06, 0x03, 0xc0, 0x03, 0xff, 0xff, 0x81, 0xf8, 0xf8, 0x00,
  0x06, 0x03, 0xe0, 0x01, 0xff, 0xff, 0x07, 0xfc, 0xf8, 0x00, 0x06, 0x07, 0xf0, 0x01, 0xff, 0xff, 0x07, 0xff, 0xf8, 0x00, 0x07, 0x07, 0xf0, 0x00,
  0xff, 0xfe, 0x0f, 0xff, 0x80, 0xf9, 0x00, 0x07, 0x07, 0xf0, 0x00, 0x3f, 0xfc, 0x0f, 0xff, 0x80, 0xf9, 0x00, 0x07, 0x07, 0xf0, 0x00, 0x1f, 0xf8,
  0x07, 0xff, 0x80, 0xf9, 0x00, 0x01, 0x0f, 0xf0, 0xfe, 0x00, 0x01, 0x01, 0xff, 0xf8, 0x00, 0x01, 0x0f, 0xf0, 0xfd, 0x00, 0x00, 0x18, 0xf8, 0x00,
  0x01, 0x0f, 0xf0, 0xf3, 0x00, 0x01, 0x1f, 0xe0, 0xf3, 0x00, 0x01, 0x1f, 0xc0, 0xf3, 0x00, 0x01, 0x0f, 0x80, 0xf3, 0x00, 0x00, 0x02, 0xc0, 0x00,
  0x00, 0x18, 0xf2, 0x00, 0x00, 0x3e, 0xf2, 0x00, 0x00, 0x7f, 0xf2, 0x00, 0x01, 0x7f, 0x80, 0xf3, 0x00, 0x00, 0xff, 0xf2, 0x00, 0x00, 0xff, 0xf2,
  0x00, 0x00, 0xfe, 0xf2, 0x00, 0x00, 0x3e, 0xf2, 0x00, 0x00, 0x04, 0x81, 0x00, 0xb8, 0x00, 0xcd, 0x00, 0x01, 0x3f, 0x80, 0xf3, 0x00, 0x01, 0xff,
  0xc0, 0xf4, 0x00, 0x05, 0x03, 0xff, 0xe0, 0x00, 0x00, 0x70, 0xf7, 0x00, 0x05, 0x03, 0xff, 0xe0, 0x00, 0x01, 0xff, 0xf7, 0x00, 0x06, 0x07, 0xff,
  0xe0, 0x00, 0x07, 0xff, 0xc0, 0xf8, 0x00, 0x06, 0x0f, 0xff, 0xe0, 0x00, 0x0f, 0xff, 0xf0, 0xf8, 0x00, 0x06, 0x1f, 0xff, 0xe0, 0x00, 0x1f, 0xff,
  0xf0, 0xf8, 0x00, 0x06, 0x1f, 0xff, 0xc0, 0x00, 0x1f, 0xff, 0xf8, 0xf8, 0x00, 0x06, 0x1f, 0xff, 0xc0, 0x00, 0x3f, 0xff, 0xf8, 0xf8, 0x00, 0x06,
  0x3f, 0xff, 0xc0, 0x00, 0x7f, 0xff, 0xf8, 0xf8, 0x00, 0x06, 0x3f, 0xff, 0x80, 0x00, 0x7f, 0xff, 0xfc, 0xf8, 0x00, 0x06, 0x3f, 0xff, 0x80, 0x00,
  0x7f, 0xff, 0xf8, 0xf8, 0x00, 0x06, 0x3f, 0xff, 0x00, 0x00, 0xff, 0xff, 0xf8, 0xf8, 0x00, 0x06, 0x7f, 0xff, 0x00, 0x01, 0xff, 0xff, 0xf8, 0xf8,
  0x00, 0x06, 0x7f, 0xff, 0x00, 0x01, 0xff, 0xff, 0xf8, 0xf8, 0x00, 0x06, 0x7f, 0xfe, 0x00, 0x01, 0xff, 0xff, 0xf8, 0xf8, 0x00, 0x06, 0x7f, 0xfe,
  0x00, 0x03, 0xff, 0xff, 0xf0, 0xf8, 0x00, 0x06, 0x7f, 0xfe, 0x00, 0x03, 0xff, 0xff, 0xf0, 0xf8, 0x00, 0x06, 0x7f, 0xfc, 0x00, 0x03, 0xff, 0xff,
  0xf0, 0xf8, 0x00, 0x06, 0x3f, 0xfc, 0x00, 0x03, 0xff, 0xff, 0xe0, 0xf8, 0x00, 0x06, 0x3f, 0xf8, 0x00, 0x03, 0xff, 0xff, 0xe0, 0xf8, 0x00, 0x06,
  0x1f, 0xf0, 0x00, 0x03, 0xff, 0xff, 0xc0, 0xf8, 0x00, 0x06, 0x07, 0xe0, 0x00, 0x03, 0xff, 0xff, 0xc0, 0xf7, 0x00, 0x05, 0x01, 0x80, 0x03, 0xff,
  0xff, 0x80, 0xf7, 0x00, 0x05, 0x03, 0xc0, 0x03, 0xff, 0xff, 0x80, 0xf7, 0x00, 0x06, 0x03, 0xe0, 0x01, 0xff, 0xff, 0x00, 0x03, 0xf8, 0x00, 0x07,
  0x07, 0xf0, 0x01, 0xff, 0xfe, 0x00, 0x3f, 0xf8, 0xf9, 0x00, 0x07, 0x07, 0xf0, 0x00, 0xff, 0xfe, 0x00, 0x7f, 0xf8, 0xf9, 0x00, 0x07, 0x07, 0xf0,
  0x00, 0x3f, 0xfc, 0x00, 0x7f, 0xf8, 0xf9, 0x00, 0x07, 0x07, 0xf0, 0x00, 0x1f, 0xf8, 0x00, 0x7f, 0xfc, 0xf9, 0x00, 0x01, 0x07, 0xf0, 0xfd, 0x00,
  0x01, 0x7f, 0xfc, 0xf9, 0x00, 0x01, 0x0f, 0xf0, 0xfd, 0x00, 0x01, 0x1f, 0xf8, 0xf9, 0x00, 0x01, 0x0f, 0xf0, 0xfd, 0x00, 0x01, 0x03, 0xe0, 0xf9,
  0x00, 0x01, 0x0f, 0xe0, 0xf3, 0x00, 0x01, 0x1f, 0xc0, 0xf3, 0x00, 0x01, 0x0f, 0x80, 0x91, 0x00, 0x01, 0x07, 0xe0, 0xf3, 0x00, 0x01, 0x0f, 0xe0,
  0xf3, 0x00, 0x01, 0x1f, 0xe0, 0xf3, 0x00, 0x01, 0x1f, 0xe0, 0xf3, 0x00, 0x01, 0x1f, 0xe0, 0xf3, 0x00, 0x01, 0x0f, 0xc0, 0xf3, 0x00, 0x01, 0x07,
  0xc0, 0xf2, 0x00, 0x00, 0x80, 0x81, 0x00, 0xc9, 0x00, 0xcd, 0x00, 0x01, 0x3f, 0x80, 0xf3, 0x00, 0x01, 0xff, 0xc0, 0xf4, 0x00, 0x05, 0x03, 0xff,
  0xc0, 0x00, 0x00, 0x70, 0xf7, 0x00, 0x05, 0x03, 0xff, 0xe0, 0x00, 0x03, 0xff, 0xf7, 0x00, 0x06, 0x07, 0xff, 0xe0, 0x00, 0x07, 0xff, 0xc0, 0xf8,
  0x00, 0x06, 0x0f, 0xff, 0xc0, 0x00, 0x0f, 0xff, 0xe0, 0xf8, 0x00, 0x06, 0x1f, 0xff, 0xc0, 0x00, 0x1f, 0xff, 0xf0, 0xf8, 0x00, 0x06, 0x1f, 0xff,
  0xc0, 0x00, 0x3f, 0xff, 0xf0, 0xf8, 0x00, 0x06, 0x1f, 0xff, 0xc0, 0x00, 0x3f, 0xff, 0xf8, 0xf8, 0x00, 0x06, 0x3f, 0xff, 0x80, 0x00, 0x7f, 0xff,
  0xf8, 0xf8, 0x00, 0x06, 0x3f, 0xff, 0x80, 0x00, 0xff, 0xff, 0xf8, 0xf8, 0x00, 0x06, 0x3f, 0xff, 0x00, 0x00, 0xff, 0xff, 0xf8, 0xf8, 0x00, 0x06,
  0x3f, 0xff, 0x00, 0x00, 0xff, 0xff, 0xf8, 0xf8, 0x00, 0x06, 0x7f, 0xff, 0x00, 0x01, 0xff, 0xff, 0xf8, 0xf8, 0x00, 0x06, 0x7f, 0xfe, 0x00, 0x01,
  0xff, 0xff, 0xf0, 0xf8, 0x00, 0x06, 0x7f, 0xfe, 0x00, 0x03, 0xff, 0xff, 0xf0, 0xf8, 0x00, 0x06, 0x7f, 0xfe, 0x00, 0x03, 0xff, 0xff, 0xf0, 0xf8,
  0x00, 0x06, 0x7f, 0xfc, 0x00, 0x03, 0xff, 0xff, 0xe0, 0xf8, 0x00, 0x06, 0x7f, 0xfc, 0x00, 0x03, 0xff, 0xff, 0xe0, 0xf8, 0x00, 0x06, 0x3f, 0xf8,
  0x00, 0x07, 0xff, 0xff, 0xe0, 0xf8, 0x00, 0x06, 0x3f, 0xf8, 0x00, 0x07, 0xff, 0xff, 0xc0, 0xf8, 0x00, 0x06, 0x1f, 0xf0, 0x00, 0x07, 0xff, 0xff,
  0xc0, 0xf8, 0x00, 0x06, 0x03, 0xc0, 0x00, 0x07, 0xff, 0xff, 0x80, 0xf7, 0x00, 0x05, 0x01, 0x80, 0x03, 0xff, 0xff, 0x80, 0xf7, 0x00, 0x04, 0x03,
  0xe0, 0x03, 0xff, 0xff, 0xf6, 0x00, 0x04, 0x07, 0xe0, 0x03, 0xff, 0xff, 0xf6, 0x00, 0x04, 0x07, 0xf0, 0x01, 0xff, 0xfe, 0xf6, 0x00, 0x08, 0x07,
  0xf0, 0x00, 0xff, 0xfc, 0x00, 0x00, 0x07, 0x80, 0xfa, 0x00, 0x08, 0x07, 0xf0, 0x00, 0x3f, 0xf8, 0x00, 0x00, 0x7f, 0xc0, 0xfa, 0x00, 0x08, 0x07,
  0xf0, 0x00, 0x0f, 0xf0, 0x00, 0x00, 0x7f, 0xf8, 0xfa, 0x00, 0x01, 0x0f, 0xf0, 0xfc, 0x00, 0x01, 0xff, 0xf8, 0xfa, 0x00, 0x01, 0x0f, 0xf0, 0xfc,
  0x00, 0x01, 0xff, 0xf8, 0xfa, 0x00, 0x01, 0x0f, 0xf0, 0xfc, 0x00, 0x01, 0x7f, 0xf8, 0xfa, 0x00, 0x01, 0x1f, 0xe0, 0xfc, 0x00, 0x01, 0x3f, 0xf0,
  0xfa, 0x00, 0x01, 0x1f, 0xc0, 0xfc, 0x00, 0x01, 0x01, 0x40, 0xfc, 0x00, 0x03, 0xc0, 0x00, 0x0f, 0x80, 0xf5, 0x00, 0x00, 0xe0, 0xf2, 0x00, 0x00,
  0xe0, 0xf2, 0x00, 0x00, 0xc0, 0xbd, 0x00, 0x00, 0x10, 0xf2, 0x00, 0x00, 0x7c, 0xf2, 0x00, 0x00, 0xff, 0xf2, 0x00, 0x00, 0xff, 0xf2, 0x00, 0x00,
  0xff, 0xf2, 0x00, 0x00, 0xfe, 0xf2, 0x00, 0x00, 0xfe, 0xf2, 0x00, 0x00, 0x7c, 0x81, 0x00, 0xc9, 0x00, 0xcd, 0x00, 0x00, 0x7f, 0xf3, 0x00, 0x02,
  0x01, 0xff, 0xc0, 0xf4, 0x00, 0x05, 0x03, 0xff, 0xc0, 0x00, 0x01, 0xf0, 0xf7, 0x00, 0x05, 0x07, 0xff, 0xc0, 0x00, 0x07, 0xff, 0xf7, 0x00, 0x06,
  0x0f, 0xff, 0xc0, 0x00, 0x1f, 0xff, 0xc0, 0xf8, 0x00, 0x06, 0x0f, 0xff, 0xc0, 0x00, 0x1f, 0xff, 0xe0, 0xf8, 0x00, 0x06, 0x1f, 0xff, 0xc0, 0x00,
  0x3f, 0xff, 0xe0, 0xf8, 0x00, 0x06, 0x1f, 0xff, 0x80, 0x00, 0x7f, 0xff, 0xf0, 0xf8, 0x00, 0x06, 0x3f, 0xff, 0x80, 0x00, 0xff, 0xff, 0xf0, 0xf8,
  0x00, 0x06, 0x3f, 0xff, 0x80, 0x00, 0xff, 0xff, 0xf0, 0xf8, 0x00, 0x06, 0x3f, 0xff, 0x00, 0x01, 0xff, 0xff, 0xf0, 0xf8, 0x00, 0x06, 0x7f, 0xff,
  0x00, 0x01, 0xff, 0xff, 0xf0, 0xf8, 0x00, 0x06, 0x7f, 0xfe, 0x00, 0x03, 0xff, 0xff, 0xf0, 0xf8, 0x00, 0x06, 0x7f, 0xfe, 0x00, 0x03, 0xff, 0xff,
  0xe0, 0xf8, 0x00, 0x06, 0x7f, 0xfe, 0x00, 0x03, 0xff, 0xff, 0xe0, 0xf8, 0x00, 0x06, 0x7f, 0xfc, 0x00, 0x07, 0xff, 0xff, 0xe0, 0xf8, 0x00, 0x06,
  0x7f, 0xfc, 0x00, 0x07, 0xff, 0xff, 0xc0, 0xf8, 0x00, 0x06, 0x7f, 0xf8, 0x00, 0x07, 0xff, 0xff, 0xc0, 0xf8, 0x00, 0x06, 0x7f, 0xf8, 0x00, 0x07,
  0xff, 0xff, 0xc0, 0xf8, 0x00, 0x06, 0x3f, 0xf8, 0x00, 0x07, 0xff, 0xff, 0x80, 0xf8, 0x00, 0x06, 0x3f, 0xf0, 0x00, 0x0f, 0xff, 0xff, 0x80, 0xf8,
  0x00, 0x05, 0x0f, 0xe0, 0x00, 0x0f, 0xff, 0xff, 0xf4, 0x00, 0x02, 0x0f, 0xff, 0xff, 0xf6, 0x00, 0x04, 0x01, 0xc0, 0x07, 0xff, 0xfe, 0xf6, 0x00,
  0x04, 0x03, 0xc0, 0x07, 0xff, 0xfe, 0xf6, 0x00, 0x04, 0x03, 0xe0, 0x03, 0xff, 0xfc, 0xf6, 0x00, 0x04, 0x07, 0xf0, 0x01, 0xff, 0xf8, 0xf6, 0x00,
  0x04, 0x07, 0xf0, 0x00, 0x7f, 0xf8, 0xf6, 0x00, 0x04, 0x07, 0xf0, 0x00, 0x3f, 0xe0, 0xf6, 0x00, 0x01, 0x07, 0xf0, 0xfb, 0x00, 0x00, 0xfc, 0xfa,
  0x00, 0x01, 0x07, 0xf0, 0xfc, 0x00, 0x02, 0x07, 0xff, 0x80, 0xfb, 0x00, 0x01, 0x0f, 0xf0, 0xfc, 0x00, 0x02, 0x07, 0xff, 0xc0, 0xfb, 0x00, 0x01,
  0x0f, 0xf0, 0xfc, 0x00, 0x02, 0x07, 0xff, 0xc0, 0xfb, 0x00, 0x01, 0x0f, 0xe0, 0xfc, 0x00, 0x02, 0x07, 0xff, 0xc0, 0xfd, 0x00, 0x03, 0xc0, 0x00,
  0x1f, 0xc0, 0xfc, 0x00, 0x02, 0x03, 0xff, 0x80, 0xfe, 0x00, 0x04, 0x01, 0xf0, 0x00, 0x0f, 0x80, 0xfb, 0x00, 0x00, 0x7e, 0xfd, 0x00, 0x01, 0x01,
  0xfc, 0xf3, 0x00, 0x01, 0x01, 0xfc, 0xf3, 0x00, 0x01, 0x01, 0xfc, 0xf2, 0x00, 0x00, 0xf8, 0xad, 0x00, 0x01, 0x0f, 0xc0, 0xf3, 0x00, 0x01, 0x1f,
  0xe0, 0xf3, 0x00, 0x01, 0x1f, 0xe0, 0xf3, 0x00, 0x01, 0x3f, 0xe0, 0xf3, 0x00, 0x01, 0x3f, 0xc0, 0xf3, 0x00, 0x01, 0x1f, 0xc0, 0xf3, 0x00, 0x01,
  0x0f, 0x80, 0x81, 0x00, 0xda, 0x00, 0xcd, 0x00, 0x00, 0x7f, 0xf3, 0x00, 0x02, 0x01, 0xff, 0x80, 0xf4, 0x00, 0x05, 0x03, 0xff, 0xc0, 0x00, 0x01,
  0xf0, 0xf7, 0x00, 0x05, 0x07, 0xff, 0xc0, 0x00, 0x07, 0xff, 0xf7, 0x00, 0x06, 0x0f, 0xff, 0xc0, 0x00, 0x1f, 0xff, 0xc0, 0xf8, 0x00, 0x06, 0x0f,
  0xff, 0xc0, 0x00, 0x1f, 0xff, 0xe0, 0xf8, 0x00, 0x06, 0x1f, 0xff, 0xc0, 0x00, 0x3f, 0xff, 0xe0, 0xf8, 0x00, 0x06, 0x1f, 0xff, 0x80, 0x00, 0x7f,
  0xff, 0xf0, 0xf8, 0x00, 0x06, 0x3f, 0xff, 0x80, 0x00, 0xff, 0xff, 0xf0, 0xf8, 0x00, 0x06, 0x3f, 0xff, 0x00, 0x00, 0xff, 0xff, 0xf0, 0xf8, 0x00,
  0x06, 0x3f, 0xff, 0x00, 0x01, 0xff, 0xff, 0xf0, 0xf8, 0x00, 0x06, 0x7f, 0xff, 0x00, 0x01, 0xff, 0xff, 0xf0, 0xf8, 0x00, 0x06, 0x7f, 0xfe, 0x00,
  0x03, 0xff, 0xff, 0xf0, 0xf8, 0x00, 0x06, 0x7f, 0xfe, 0x00, 0x03, 0xff, 0xff, 0xe0, 0xf8, 0x00, 0x06, 0x7f, 0xfc, 0x00, 0x03, 0xff, 0xff, 0xe0,
  0xf8, 0x00, 0x06, 0x7f, 0xfc, 0x00, 0x07, 0xff, 0xff, 0xc0, 0xf8, 0x00, 0x06, 0x7f, 0xfc, 0x00, 0x07, 0xff, 0xff, 0xc0, 0xf8, 0x00, 0x06, 0x7f,
  0xf8, 0x00, 0x07, 0xff, 0xff, 0xc0, 0xf8, 0x00, 0x06, 0x7f, 0xf8, 0x00, 0x07, 0xff, 0xff, 0x80, 0xf8, 0x00, 0x06, 0x3f, 0xf8, 0x00, 0x07, 0xff,
  0xff, 0x80, 0xf8, 0x00, 0x06, 0x3f, 0xf0, 0x00, 0x0f, 0xff, 0xff, 0x80, 0xf8, 0x00, 0x05, 0x0f, 0xe0, 0x00, 0x0f, 0xff, 0xff, 0xf4, 0x00, 0x02,
  0x0f, 0xff, 0xff, 0xf6, 0x00, 0x04, 0x01, 0xc0, 0x07, 0xff, 0xfe, 0xf6, 0x00, 0x04, 0x03, 0xe0, 0x07, 0xff, 0xfe, 0xf6, 0x00, 0x04, 0x07, 0xe0,
  0x03, 0xff, 0xfc, 0xf6, 0x00, 0x04, 0x07, 0xf0, 0x01, 0xff, 0xf8, 0xf6, 0x00, 0x04, 0x07, 0xf0, 0x00, 0xff, 0xf8, 0xf6, 0x00, 0x04, 0x07, 0xf0,
  0x00, 0x3f, 0xe0, 0xf6, 0x00, 0x01, 0x07, 0xf0, 0xf3, 0x00, 0x01, 0x0f, 0xf0, 0xfa, 0x00, 0x00, 0x20, 0xfb, 0x00, 0x01, 0x0f, 0xf0, 0xfb, 0x00,
  0x01, 0x01, 0xf8, 0xfb, 0x00, 0x01, 0x0f, 0xf0, 0xfb, 0x00, 0x01, 0x07, 0xfc, 0xfb, 0x00, 0x01, 0x1f, 0xe0, 0xfb, 0x00, 0x01, 0x07, 0xfe, 0xfb,
  0x00, 0x01, 0x1f, 0xc0, 0xfb, 0x00, 0x01, 0x07, 0xfe, 0xfd, 0x00, 0x03, 0x7c, 0x00, 0x0f, 0x80, 0xfb, 0x00, 0x01, 0x07, 0xfc, 0xfd, 0x00, 0x00,
  0x7f, 0xf8, 0x00, 0x01, 0x07, 0xfc, 0xfd, 0x00, 0x01, 0xff, 0xc0, 0xf8, 0x00, 0x00, 0xfc, 0xfd, 0x00, 0x01, 0xff, 0xe0, 0xf3, 0x00, 0x01, 0xff,
  0xe0, 0xf3, 0x00, 0x01, 0x7f, 0xc0, 0xad, 0x00, 0x00, 0x78, 0xf2, 0x00, 0x00, 0xfe, 0xf2, 0x00, 0x00, 0xfe, 0xf3, 0x00, 0x01, 0x01, 0xfe, 0xf3,
  0x00, 0x01, 0x01, 0xfe, 0xf3, 0x00, 0x01, 0x01, 0xfe, 0xf2, 0x00, 0x00, 0xfc, 0xf2, 0x00, 0x00, 0x08, 0x81, 0x00, 0xfa, 0x00, 0xfd, 0x00, 0x01,
  0x8f, 0x80, 0xd3, 0x00, 0x01, 0x7f, 0x80, 0xf4, 0x00, 0x02, 0x01, 0xff, 0xc0, 0xf4, 0x00, 0x05, 0x03, 0xff, 0xc0, 0x00, 0x03, 0xf8, 0xf7, 0x00,
  0x05, 0x07, 0xff, 0xc0, 0x00, 0x07, 0xff, 0xf7, 0x00, 0x06, 0x0f, 0xff, 0xc0, 0x00, 0x1f, 0xff, 0xc0, 0xf8, 0x00, 0x06, 0x0f, 0xff, 0xc0, 0x00,
  0x3f, 0xff, 0xe0, 0xf8, 0x00, 0x06, 0x1f, 0xff, 0xc0, 0x00, 0x7f, 0xff, 0xe0, 0xf8, 0x00, 0x06, 0x1f, 0xff, 0x80, 0x00, 0x7f, 0xff, 0xf0, 0xf8,
  0x00, 0x06, 0x3f, 0xff, 0x80, 0x00, 0xff, 0xff, 0xf0, 0xf8, 0x00, 0x06, 0x3f, 0xff, 0x00, 0x00, 0xff, 0xff, 0xf0, 0xf8, 0x00, 0x06, 0x3f, 0xff,
  0x00, 0x01, 0xff, 0xff, 0xf0, 0xf8, 0x00, 0x06, 0x7f, 0xff, 0x00, 0x01, 0xff, 0xff, 0xf0, 0xf8, 0x00, 0x06, 0x7f, 0xfe, 0x00, 0x03, 0xff, 0xff,
  0xe0, 0xf8, 0x00, 0x06, 0x7f, 0xfe, 0x00, 0x03, 0xff, 0xff, 0xe0, 0xf8, 0x00, 0x06, 0x7f, 0xfc, 0x00, 0x03, 0xff, 0xff, 0xe0, 0xf8, 0x00, 0x06,
  0x7f, 0xfc, 0x00, 0x07, 0xff, 0xff, 0xc0, 0xf8, 0x00, 0x06, 0x7f, 0xfc, 0x00, 0x07, 0xff, 0xff, 0xc0, 0xf8, 0x00, 0x06, 0x7f, 0xf8, 0x00, 0x07,
  0xff, 0xff, 0xc0, 0xf8, 0x00, 0x06, 0x7f, 0xf8, 0x00, 0x07, 0xff, 0xff, 0x80, 0xf8, 0x00, 0x06, 0x3f, 0xf8, 0x00, 0x0f, 0xff, 0xff, 0x80, 0xf8,
  0x00, 0x06, 0x3f, 0xf0, 0x00, 0x0f, 0xff, 0xff, 0x80, 0xf8, 0x00, 0x05, 0x0f, 0xc0, 0x00, 0x0f, 0xff, 0xff, 0xf4, 0x00, 0x02, 0x0f, 0xff, 0xff,
  0xf6, 0x00, 0x04, 0x01, 0xc0, 0x07, 0xff, 0xfe, 0xf6, 0x00, 0x04, 0x03, 0xe0, 0x07, 0xff, 0xfe, 0xf6, 0x00, 0x04, 0x07, 0xe0, 0x03, 0xff, 0xfc,
  0xf6, 0x00, 0x04, 0x07, 0xf0, 0x01, 0xff, 0xf8, 0xf6, 0x00, 0x04, 0x07, 0xf0, 0x00, 0x7f, 0xf8, 0xf6, 0x00, 0x04, 0x07, 0xf0, 0x00, 0x3f, 0xe0,
  0xf6, 0x00, 0x01, 0x07, 0xf0, 0xf3, 0x00, 0x01, 0x0f, 0xf0, 0xf3, 0x00, 0x01, 0x0f, 0xf0, 0xf3, 0x00, 0x01, 0x0f, 0xf0, 0xf3, 0x00, 0x01, 0x1f,
  0xe0, 0xf3, 0x00, 0x01, 0x1f, 0xc0, 0xf3, 0x00, 0x01, 0x0f, 0x80, 0xfa, 0x00, 0x00, 0x7e, 0xfd, 0x00, 0x01, 0x07, 0xc0, 0xf8, 0x00, 0x00, 0x7e,
  0xfd, 0x00, 0x01, 0x1f, 0xf8, 0xf8, 0x00, 0x00, 0x3e, 0xfd, 0x00, 0x01, 0x1f, 0xfc, 0xf8, 0x00, 0x00, 0x04, 0xfd, 0x00, 0x01, 0x1f, 0xfc, 0xf3,
  0x00, 0x01, 0x0f, 0xfc, 0xf3, 0x00, 0x01, 0x03, 0xf8, 0xad, 0x00, 0x01, 0x0f, 0x80, 0xf3, 0x00, 0x01, 0x1f, 0xc0, 0xf3, 0x00, 0x01, 0x1f, 0xc0,
  0xf3, 0x00, 0x01, 0x3f, 0xc0, 0xf3, 0x00, 0x01, 0x3f, 0xc0, 0xf3, 0x00, 0x01, 0x3f, 0x80, 0xf3, 0x00, 0x01, 0x0f, 0x80, 0xf3, 0x00, 0x00, 0x03,
  0x8a, 0x00, 0xfd, 0x00, 0x01, 0x7f, 0xfc, 0xf3, 0x00, 0x01, 0x1f, 0xf8, 0xe3, 0x00, 0x01, 0x7f, 0x80, 0xf4, 0x00, 0x02, 0x01, 0xff, 0xc0, 0xf4,
  0x00, 0x05, 0x03, 0xff, 0xc0, 0x00, 0x01, 0xf8, 0xf7, 0x00, 0x05, 0x07, 0xff, 0xc0, 0x00, 0x07, 0xff, 0xf7, 0x00, 0x06, 0x0f, 0xff, 0xc0, 0x00,
  0x1f, 0xff, 0xc0, 0xf8, 0x00, 0x06, 0x0f, 0xff, 0xc0, 0x00, 0x3f, 0xff, 0xe0, 0xf8, 0x00, 0x06, 0x1f, 0xff, 0xc0, 0x00, 0x7f, 0xff, 0xe0, 0xf8,
  0x00, 0x06, 0x1f, 0xff, 0x80, 0x00, 0x7f, 0xff, 0xf0, 0xf8, 0x00, 0x06, 0x3f, 0xff, 0x80, 0x00, 0xff, 0xff, 0xf0, 0xf8, 0x00, 0x06, 0x3f, 0xff,
  0x00, 0x00, 0xff, 0xff, 0xf0, 0xf8, 0x00, 0x06, 0x3f, 0xff, 0x00, 0x01, 0xff, 0xff, 0xf0, 0xf8, 0x00, 0x06, 0x7f, 0xff, 0x00, 0x01, 0xff, 0xff,
  0xf0, 0xf8, 0x00, 0x06, 0x7f, 0xfe, 0x00, 0x03, 0xff, 0xff, 0xe0, 0xf8, 0x00, 0x06, 0x7f, 0xfe, 0x00, 0x03, 0xff, 0xff, 0xe0, 0xf8, 0x00, 0x06,
  0x7f, 0xfc, 0x00, 0x03, 0xff, 0xff, 0xe0, 0xf8, 0x00, 0x06, 0x7f, 0xfc, 0x00, 0x07, 0xff, 0xff, 0xc0, 0xf8, 0x00, 0x06, 0x7f, 0xfc, 0x00, 0x07,
  0xff, 0xff, 0xc0, 0xf8, 0x00, 0x06, 0x7f, 0xf8, 0x00, 0x07, 0xff, 0xff, 0xc0, 0xf8, 0x00, 0x06, 0x7f, 0xf8, 0x00, 0x07, 0xff, 0xff, 0x80, 0xf8,
  0x00, 0x06, 0x3f, 0xf0, 0x00, 0x0f, 0xff, 0xff, 0x80, 0xf8, 0x00, 0x06, 0x3f, 0xf0, 0x00, 0x0f, 0xff, 0xff, 0x80, 0xf8, 0x00, 0x05, 0x0f, 0xc0,
  0x00, 0x0f, 0xff, 0xff, 0xf4, 0x00, 0x02, 0x0f, 0xff, 0xff, 0xf6, 0x00, 0x04, 0x01, 0xc0, 0x07, 0xff, 0xfe, 0xf6, 0x00, 0x04, 0x03, 0xe0, 0x07,
  0xff, 0xfe, 0xf6, 0x00, 0x04, 0x07, 0xe0, 0x03, 0xff, 0xfc, 0xf6, 0x00, 0x04, 0x07, 0xf0, 0x03, 0xff, 0xf8, 0xf6, 0x00, 0x04, 0x07, 0xf0, 0x00,
  0xff, 0xf8, 0xf6, 0x00, 0x04, 0x07, 0xf0, 0x00, 0x3f, 0xe0, 0xf6, 0x00, 0x01, 0x07, 0xf0, 0xf3, 0x00, 0x01, 0x0f, 0xf0, 0xf3, 0x00, 0x01, 0x0f,
  0xf0, 0xf3, 0x00, 0x01, 0x0f, 0xf0, 0xf3, 0x00, 0x01, 0x1f, 0xe0, 0xf3, 0x00, 0x01, 0x1f, 0xc0, 0xf3, 0x00, 0x01, 0x0f, 0x80, 0xe4, 0x00, 0x00,
  0x3c, 0xf2, 0x00, 0x01, 0x7f, 0x80, 0xf3, 0x00, 0x01, 0xff, 0xc0, 0xf3, 0x00, 0x01, 0xff, 0xe0, 0xf3, 0x00, 0x01, 0xff, 0xe0, 0xf3, 0x00, 0x01,
  0x7f, 0xc0, 0xf3, 0x00, 0x01, 0x07, 0x80, 0xbd, 0x00, 0x00, 0x78, 0xf2, 0x00, 0x00, 0xfc, 0xf3, 0x00, 0x01, 0x01, 0xfe, 0xf3, 0x00, 0x01, 0x01,
  0xfe, 0xf3, 0x00, 0x01, 0x01, 0xfe, 0xf3, 0x00, 0x01, 0x01, 0xfc, 0xf2, 0x00, 0x00, 0xfc, 0x8b, 0x00, 0xfd, 0x00, 0x02, 0x1f, 0xff, 0x80, 0xf4,
  0x00, 0x02, 0x0f, 0xff, 0x80, 0xf4, 0x00, 0x01, 0x0f, 0xff, 0xf3, 0x00, 0x01, 0x7f, 0x80, 0xf4, 0x00, 0x02, 0x01, 0xff, 0xc0, 0xf4, 0x00, 0x05,
  0x03, 0xff, 0xc0, 0x00, 0x01, 0xf8, 0xf7, 0x00, 0x05, 0x07, 0xff, 0xc0, 0x00, 0x07, 0xff, 0xf7, 0x00, 0x06, 0x0f, 0xff, 0xc0, 0x00, 0x1f, 0xff,
  0xc0, 0xf8, 0x00, 0x06, 0x0f, 0xff, 0xc0, 0x00, 0x3f, 0xff, 0xe0, 0xf8, 0x00, 0x06, 0x1f, 0xff, 0xc0, 0x00, 0x3f, 0xff, 0xe0, 0xf8, 0x00, 0x06,
  0x1f, 0xff, 0x80, 0x00, 0x7f, 0xff, 0xf0, 0xf8, 0x00, 0x06, 0x3f, 0xff, 0x80, 0x00, 0xff, 0xff, 0xf0, 0xf8, 0x00, 0x06, 0x3f, 0xff, 0x00, 0x00,
  0xff, 0xff, 0xf0, 0xf8, 0x00, 0x06, 0x3f, 0xff, 0x00, 0x01, 0xff, 0xff, 0xf0, 0xf8, 0x00, 0x06, 0x7f, 0xff, 0x00, 0x01, 0xff, 0xff, 0xf0, 0xf8,
  0x00, 0x06, 0x7f, 0xfe, 0x00, 0x03, 0xff, 0xff, 0xe0, 0xf8, 0x00, 0x06, 0x7f, 0xfe, 0x00, 0x03, 0xff, 0xff, 0xe0, 0xf8, 0x00, 0x06, 0x7f, 0xfc,
  0x00, 0x03, 0xff, 0xff, 0xe0, 0xf8, 0x00, 0x06, 0x7f, 0xfc, 0x00, 0x07, 0xff, 0xff, 0xc0, 0xf8, 0x00, 0x06, 0x7f, 0xfc, 0x00, 0x07, 0xff, 0xff,
  0xc0, 0xf8, 0x00, 0x06, 0x7f, 0xf8, 0x00, 0x07, 0xff, 0xff, 0xc0, 0xf8, 0x00, 0x06, 0x7f, 0xf8, 0x00, 0x07, 0xff, 0xff, 0x80, 0xf8, 0x00, 0x06,
  0x3f, 0xf0, 0x00, 0x0f, 0xff, 0xff, 0x80, 0xf8, 0x00, 0x06, 0x3f, 0xf0, 0x00, 0x0f, 0xff, 0xff, 0x80, 0xf8, 0x00, 0x05, 0x0f, 0xc0, 0x00, 0x0f,
  0xff, 0xff, 0xf4, 0x00, 0x02, 0x0f, 0xff, 0xff, 0xf6, 0x00, 0x04, 0x01, 0xc0, 0x07, 0xff, 0xfe, 0xf6, 0x00, 0x04, 0x03, 0xe0, 0x07, 0xff, 0xfe,
  0xf6, 0x00, 0x04, 0x07, 0xe0, 0x03, 0xff, 0xfc, 0xf6, 0x00, 0x04, 0x07, 0xf0, 0x01, 0xff, 0xf8, 0xf6, 0x00, 0x04, 0x07, 0xf0, 0x00, 0x7f, 0xf8,
  0xf6, 0x00, 0x04, 0x07, 0xf0, 0x00, 0x3f, 0xe0, 0xf6, 0x00, 0x01, 0x07, 0xf0, 0xf3, 0x00, 0x01, 0x0f, 0xf0, 0xf3, 0x00, 0x01, 0x0f, 0xf0, 0xf3,
  0x00, 0x01, 0x0f, 0xf0, 0xf3, 0x00, 0x01, 0x1f, 0xe0, 0xf3, 0x00, 0x01, 0x1f, 0xc0, 0xf3, 0x00, 0x01, 0x0f, 0x80, 0xc4, 0x00, 0x01, 0x03, 0xf8,
  0xf3, 0x00, 0x01, 0x03, 0xfc, 0xf3, 0x00, 0x01, 0x03, 0xfc, 0xf3, 0x00, 0x01, 0x03, 0xfc, 0xf3, 0x00, 0x01, 0x03, 0xfc, 0xf3, 0x00, 0x01, 0x01,
  0xf0, 0xbd, 0x00, 0x01, 0x03, 0x80, 0xf3, 0x00, 0x01, 0x07, 0xc0, 0xf3, 0x00, 0x01, 0x0f, 0xc0, 0xf3, 0x00, 0x01, 0x0f, 0xc0, 0xf3, 0x00, 0x01,
  0x0f, 0xc0, 0xf3, 0x00, 0x01, 0x0f, 0x80, 0x8c, 0x00, 0xfc, 0x00, 0x01, 0xff, 0xfc, 0xf3, 0x00, 0x01, 0x7f, 0xfc, 0xf3, 0x00, 0x01, 0x7f, 0xfc,
  0xf4, 0x00, 0x02, 0x7f, 0xbf, 0xf8, 0xf5, 0x00, 0x02, 0x01, 0xff, 0xc0, 0xf4, 0x00, 0x05, 0x03, 0xff, 0xc0, 0x00, 0x01, 0xf8, 0xf7, 0x00, 0x05,
  0x07, 0xff, 0xc0, 0x00, 0x07, 0xff, 0xf7, 0x00, 0x06, 0x0f, 0xff, 0xc0, 0x00, 0x0f, 0xff, 0xc0, 0xf8, 0x00, 0x06, 0x0f, 0xff, 0xc0, 0x00, 0x3f,
  0xff, 0xe0, 0xf8, 0x00, 0x06, 0x1f, 0xff, 0xc0, 0x00, 0x3f, 0xff, 0xe0, 0xf8, 0x00, 0x06, 0x1f, 0xff, 0x80, 0x00, 0x7f, 0xff, 0xf0, 0xf8, 0x00,
  0x06, 0x3f, 0xff, 0x80, 0x00, 0xff, 0xff, 0xf0, 0xf8, 0x00, 0x06, 0x3f, 0xff, 0x00, 0x00, 0xff, 0xff, 0xf0, 0xf8, 0x00, 0x06, 0x3f, 0xff, 0x00,
  0x01, 0xff, 0xff, 0xf0, 0xf8, 0x00, 0x06, 0x7f, 0xff, 0x00, 0x01, 0xff, 0xff, 0xf0, 0xf8, 0x00, 0x06, 0x7f, 0xfe, 0x00, 0x03, 0xff, 0xff, 0xe0,
  0xf8, 0x00, 0x06, 0x7f, 0xfe, 0x00, 0x03, 0xff, 0xff, 0xe0, 0xf8, 0x00, 0x06, 0x7f, 0xfc, 0x00, 0x03, 0xff, 0xff, 0xe0, 0xf8, 0x00, 0x06, 0x7f,
  0xfc, 0x00, 0x07, 0xff, 0xff, 0xc0, 0xf8, 0x00, 0x06, 0x7f, 0xfc, 0x00, 0x07, 0xff, 0xff, 0xc0, 0xf8, 0x00, 0x06, 0x7f, 0xf8, 0x00, 0x07, 0xff,
  0xff, 0xc0, 0xf8, 0x00, 0x06, 0x7f, 0xf8, 0x00, 0x07, 0xff, 0xff, 0x80, 0xf8, 0x00, 0x06, 0x3f, 0xf0, 0x00, 0x0f, 0xff, 0xff, 0x80, 0xf8, 0x00,
  0x06, 0x3f, 0xf0, 0x00, 0x0f, 0xff, 0xff, 0x80, 0xf8, 0x00, 0x05, 0x0f, 0xc0, 0x00, 0x0f, 0xff, 0xff, 0xf4, 0x00, 0x02, 0x0f, 0xff, 0xff, 0xf6,
  0x00, 0x04, 0x01, 0xc0, 0x07, 0xff, 0xfe, 0xf6, 0x00, 0x04, 0x03, 0xe0, 0x07, 0xff, 0xfe, 0xf6, 0x00, 0x04, 0x07, 0xe0, 0x03, 0xff, 0xfc, 0xf6,
  0x00, 0x04, 0x07, 0xf0, 0x01, 0xff, 0xf8, 0xf6, 0x00, 0x04, 0x07, 0xf0, 0x00, 0x7f, 0xf8, 0xf6, 0x00, 0x04, 0x07, 0xf0, 0x00, 0x3f, 0xe0, 0xf6,
  0x00, 0x01, 0x07, 0xf0, 0xf3, 0x00, 0x01, 0x0f, 0xf0, 0xf3, 0x00, 0x01, 0x0f, 0xf0, 0xf3, 0x00, 0x01, 0x0f, 0xf0, 0xf3, 0x00, 0x01, 0x1f, 0xe0,
  0xf3, 0x00, 0x01, 0x1f, 0xc0, 0xf3, 0x00, 0x01, 0x0f, 0x80, 0xb3, 0x00, 0x00, 0x7f, 0xf2, 0x00, 0x01, 0x7f, 0xc0, 0xf3, 0x00, 0x01, 0x7f, 0xe0,
  0xf3, 0x00, 0x01, 0x7f, 0xe0, 0xf3, 0x00, 0x01, 0x7f, 0xe0, 0xf3, 0x00, 0x01, 0x1f, 0x80, 0xbd, 0x00, 0x00, 0xf0, 0xf3, 0x00, 0x01, 0x01, 0xfc,
  0xf3, 0x00, 0x01, 0x01, 0xfe, 0xf3, 0x00, 0x01, 0x03, 0xfe, 0xf3, 0x00, 0x01, 0x03, 0xfc, 0x8c, 0x00, 0xfc, 0x00, 0x02, 0x07, 0xff, 0x80, 0xf4,
  0x00, 0x02, 0x07, 0xff, 0x80, 0xf4, 0x00, 0x02, 0x03, 0xff, 0x80, 0xf5, 0x00, 0x03, 0x7f, 0x83, 0xff, 0x80, 0xf6, 0x00, 0x04, 0x01, 0xff, 0xc3,
  0xff, 0x80, 0xf6, 0x00, 0x05, 0x03, 0xff, 0xc0, 0x06, 0x01, 0xf8, 0xf7, 0x00, 0x05, 0x07, 0xff, 0xc0, 0x00, 0x07, 0xff, 0xf7, 0x00, 0x06, 0x0f,
  0xff, 0xc0, 0x00, 0x1f, 0xff, 0xc0, 0xf8, 0x00, 0x06, 0x0f, 0xff, 0xc0, 0x00, 0x1f, 0xff, 0xe0, 0xf8, 0x00, 0x06, 0x1f, 0xff, 0xc0, 0x00, 0x3f,
  0xff, 0xe0, 0xf8, 0x00, 0x06, 0x1f, 0xff, 0x80, 0x00, 0x7f, 0xff, 0xf0, 0xf8, 0x00, 0x06, 0x3f, 0xff, 0x80, 0x00, 0xff, 0xff, 0xf0, 0xf8, 0x00,
  0x06, 0x3f, 0xff, 0x00, 0x00, 0xff, 0xff, 0xf0, 0xf8, 0x00, 0x06, 0x3f, 0xff, 0x00, 0x01, 0xff, 0xff, 0xf0, 0xf8, 0x00, 0x06, 0x7f, 0xff, 0x00,
  0x01, 0xff, 0xff, 0xf0, 0xf8, 0x00, 0x06, 0x7f, 0xfe, 0x00, 0x03, 0xff, 0xff, 0xf0, 0xf8, 0x00, 0x06, 0x7f, 0xfe, 0x00, 0x03, 0xff, 0xff, 0xe0,
  0xf8, 0x00, 0x06, 0x7f, 0xfc, 0x00, 0x03, 0xff, 0xff, 0xe0, 0xf8, 0x00, 0x06, 0x7f, 0xfc, 0x00, 0x07, 0xff, 0xff, 0xc0, 0xf8, 0x00, 0x06, 0x7f,
  0xfc, 0x00, 0x07, 0xff, 0xff, 0xc0, 0xf8, 0x00, 0x06, 0x7f, 0xf8, 0x00, 0x07, 0xff, 0xff, 0xc0, 0xf8, 0x00, 0x06, 0x7f, 0xf8, 0x00, 0x07, 0xff,
  0xff, 0x80, 0xf8, 0x00, 0x06, 0x3f, 0xf8, 0x00, 0x0f, 0xff, 0xff, 0x80, 0xf8, 0x00, 0x06, 0x3f, 0xf0, 0x00, 0x0f, 0xff, 0xff, 0x80, 0xf8, 0x00,
  0x05, 0x1f, 0xc0, 0x00, 0x0f, 0xff, 0xff, 0xf4, 0x00, 0x02, 0x0f, 0xff, 0xff, 0xf6, 0x00, 0x04, 0x01, 0xc0, 0x07, 0xff, 0xfe, 0xf6, 0x00, 0x04,
  0x03, 0xe0, 0x07, 0xff, 0xfe, 0xf6, 0x00, 0x04, 0x07, 0xe0, 0x03, 0xff, 0xfc, 0xf6, 0x00, 0x04, 0x07, 0xf0, 0x01, 0xff, 0xf8, 0xf6, 0x00, 0x04,
  0x07, 0xf0, 0x00, 0x7f, 0xf8, 0xf6, 0x00, 0x04, 0x07, 0xf0, 0x00, 0x3f, 0xe0, 0xf6, 0x00, 0x01, 0x07, 0xf0, 0xf3, 0x00, 0x01, 0x0f, 0xf0, 0xf3,
  0x00, 0x01, 0x0f, 0xf0, 0xf3, 0x00, 0x01, 0x0f, 0xf0, 0xf3, 0x00, 0x01, 0x1f, 0xe0, 0xf3, 0x00, 0x01, 0x1f, 0xc0, 0xf3, 0x00, 0x01, 0x0f, 0x80,
  0xa3, 0x00, 0x01, 0x01, 0xf8, 0xf3, 0x00, 0x01, 0x03, 0xfc, 0xf3, 0x00, 0x01, 0x03, 0xfc, 0xf3, 0x00, 0x01, 0x03, 0xfc, 0xf3, 0x00, 0x01, 0x03,
  0xfc, 0xf3, 0x00, 0x01, 0x03, 0xf8, 0xbd, 0x00, 0x00, 0x07, 0xf2, 0x00, 0x01, 0x07, 0x80, 0xf3, 0x00, 0x01, 0x0f, 0x80, 0xf3, 0x00, 0x01, 0x0f,
  0x80, 0x8d, 0x00, 0xfb, 0x00, 0x01, 0x7f, 0xf0, 0xf3, 0x00, 0x01, 0x7f, 0xf8, 0xf3, 0x00, 0x01, 0x7f, 0xfc, 0xf5, 0x00, 0x03, 0x7f, 0x00, 0x7f,
  0xfe, 0xf6, 0x00, 0x04, 0x01, 0xff, 0x80, 0x7f, 0xfe, 0xf6, 0x00, 0x05, 0x03, 0xff, 0xc0, 0x1f, 0xff, 0xf8, 0xf7, 0x00, 0x05, 0x07, 0xff, 0xc0,
  0x07, 0xff, 0xff, 0xf7, 0x00, 0x06, 0x0f, 0xff, 0xc0, 0x00, 0x1f, 0xff, 0xc0, 0xf8, 0x00, 0x06, 0x0f, 0xff, 0xc0, 0x00, 0x3f, 0xff, 0xe0, 0xf8,
  0x00, 0x06, 0x1f, 0xff, 0xc0, 0x00, 0x3f, 0xff, 0xe0, 0xf8, 0x00, 0x06, 0x1f, 0xff, 0x80, 0x00, 0x7f, 0xff, 0xf0, 0xf8, 0x00, 0x06, 0x3f, 0xff,
  0x80, 0x00, 0xff, 0xff, 0xf0, 0xf8, 0x00, 0x06, 0x3f, 0xff, 0x00, 0x00, 0xff, 0xff, 0xf0, 0xf8, 0x00, 0x06, 0x3f, 0xff, 0x00, 0x01, 0xff, 0xff,
  0xf0, 0xf8, 0x00, 0x06, 0x7f, 0xff, 0x00, 0x01, 0xff, 0xff, 0xf0, 0xf8, 0x00, 0x06, 0x7f, 0xfe, 0x00, 0x03, 0xff, 0xff, 0xe0, 0xf8, 0x00, 0x06,
  0x7f, 0xfe, 0x00, 0x03, 0xff, 0xff, 0xe0, 0xf8, 0x00, 0x06, 0x7f, 0xfc, 0x00, 0x03, 0xff, 0xff, 0xe0, 0xf8, 0x00, 0x06, 0x7f, 0xfc, 0x00, 0x07,
  0xff, 0xff, 0xc0, 0xf8, 0x00, 0x06, 0x7f, 0xfc, 0x00, 0x07, 0xff, 0xff, 0xc0, 0xf8, 0x00, 0x06, 0x7f, 0xf8, 0x00, 0x07, 0xff, 0xff, 0xc0, 0xf8,
  0x00, 0x06, 0x7f, 0xf8, 0x00, 0x07, 0xff, 0xff, 0x80, 0xf8, 0x00, 0x06, 0x3f, 0xf0, 0x00, 0x0f, 0xff, 0xff, 0x80, 0xf8, 0x00, 0x06, 0x3f, 0xf0,
  0x00, 0x0f, 0xff, 0xff, 0x80, 0xf8, 0x00, 0x05, 0x1f, 0xc0, 0x00, 0x0f, 0xff, 0xff, 0xf4, 0x00, 0x02, 0x0f, 0xff, 0xff, 0xf6, 0x00, 0x04, 0x01,
  0xc0, 0x07, 0xff, 0xfe, 0xf6, 0x00, 0x04, 0x03, 0xe0, 0x07, 0xff, 0xfe, 0xf6, 0x00, 0x04, 0x07, 0xe0, 0x03, 0xff, 0xfc, 0xf6, 0x00, 0x04, 0x07,
  0xf0, 0x03, 0xff, 0xf8, 0xf6, 0x00, 0x04, 0x07, 0xf0, 0x00, 0xff, 0xf8, 0xf6, 0x00, 0x04, 0x07, 0xf0, 0x00, 0x3f, 0xe0, 0xf8, 0x00, 0x03, 0xc0,
  0x00, 0x07, 0xf0, 0xf6, 0x00, 0x04, 0x01, 0xc0, 0x00, 0x0f, 0xf0, 0xf6, 0x00, 0x04, 0x01, 0xe0, 0x00, 0x0f, 0xf0, 0xf6, 0x00, 0x04, 0x01, 0xe0,
  0x00, 0x0f, 0xf0, 0xf6, 0x00, 0x04, 0x01, 0xe0, 0x00, 0x1f, 0xe0, 0xf5, 0x00, 0x03, 0xc0, 0x00, 0x1f, 0xc0, 0xf3, 0x00, 0x01, 0x0f, 0x80, 0x92,
  0x00, 0x00, 0x03, 0xf2, 0x00, 0x01, 0x0f, 0xe0, 0xf3, 0x00, 0x01, 0x1f, 0xf0, 0xf3, 0x00, 0x01, 0x1f, 0xf0, 0xf3, 0x00, 0x01, 0x1f, 0xf0, 0xf3,
  0x00, 0x01, 0x1f, 0xe0, 0xf3, 0x00, 0x01, 0x0f, 0x80, 0xbd, 0x00, 0x00, 0x3c, 0xf2, 0x00, 0x00, 0x3c, 0x8d, 0x00, 0xfb, 0x00, 0x01, 0x03, 0xfe,
  0xf3, 0x00, 0x02, 0x03, 0xff, 0x80, 0xf4, 0x00, 0x02, 0x03, 0xff, 0xc0, 0xf6, 0x00, 0x04, 0x7f, 0x80, 0x03, 0xff, 0xe0, 0xf7, 0x00, 0x05, 0x01,
  0xff, 0xc0, 0x03, 0xff, 0xf0, 0xf7, 0x00, 0x05, 0x03, 0xff, 0xc0, 0x03, 0xff, 0xfe, 0xf7, 0x00, 0x05, 0x07, 0xff, 0xc0, 0x01, 0xff, 0xff, 0xf7,
  0x00, 0x06, 0x0f, 0xff, 0xc0, 0x00, 0x7f, 0xff, 0xc0, 0xf8, 0x00, 0x06, 0x0f, 0xff, 0xc0, 0x00, 0x3f, 0xff, 0xe0, 0xf8, 0x00, 0x06, 0x1f, 0xff,
  0xc0, 0x00, 0x7f, 0xff, 0xe0, 0xf8, 0x00, 0x06, 0x1f, 0xff, 0x80, 0x00, 0x7f, 0xff, 0xf0, 0xf8, 0x00, 0x06, 0x3f, 0xff, 0x80, 0x00, 0xff, 0xff,
  0xf0, 0xf8, 0x00, 0x06, 0x3f, 0xff, 0x00, 0x00, 0xff, 0xff, 0xf0, 0xf8, 0x00, 0x06, 0x3f, 0xff, 0x00, 0x01, 0xff, 0xff, 0xf0, 0xf8, 0x00, 0x06,
  0x7f, 0xff, 0x00, 0x01, 0xff, 0xff, 0xf0, 0xf8, 0x00, 0x06, 0x7f, 0xfe, 0x00, 0x03, 0xff, 0xff, 0xe0, 0xf8, 0x00, 0x06, 0x7f, 0xfe, 0x00, 0x03,
  0xff, 0xff, 0xe0, 0xf8, 0x00, 0x06, 0x7f, 0xfc, 0x00, 0x03, 0xff, 0xff, 0xe0, 0xf8, 0x00, 0x06, 0x7f, 0xfc, 0x00, 0x07, 0xff, 0xff, 0xc0, 0xf8,
  0x00, 0x06, 0x7f, 0xfc, 0x00, 0x07, 0xff, 0xff, 0xc0, 0xf8, 0x00, 0x06, 0x7f, 0xf8, 0x00, 0x07, 0xff, 0xff, 0xc0, 0xf8, 0x00, 0x06, 0x7f, 0xf8,
  0x00, 0x07, 0xff, 0xff, 0x80, 0xf8, 0x00, 0x06, 0x3f, 0xf8, 0x00, 0x0f, 0xff, 0xff, 0x80, 0xf8, 0x00, 0x06, 0x3f, 0xf0, 0x00, 0x0f, 0xff, 0xff,
  0x80, 0xf8, 0x00, 0x05, 0x1f, 0xc0, 0x00, 0x0f, 0xff, 0xff, 0xf4, 0x00, 0x02, 0x0f, 0xff, 0xff, 0xf6, 0x00, 0x04, 0x01, 0xc0, 0x07, 0xff, 0xfe,
  0xf6, 0x00, 0x04, 0x03, 0xe0, 0x07, 0xff, 0xfe, 0xf6, 0x00, 0x04, 0x07, 0xe0, 0x03, 0xff, 0xfc, 0xf6, 0x00, 0x04, 0x07, 0xf0, 0x01, 0xff, 0xf8,
  0xf6, 0x00, 0x04, 0x07, 0xf0, 0x00, 0x7f, 0xf0, 0xf6, 0x00, 0x04, 0x07, 0xf0, 0x00, 0x3f, 0xe0, 0xf8, 0x00, 0x03, 0xe0, 0x00, 0x07, 0xf0, 0xf6,
  0x00, 0x04, 0x01, 0xfc, 0x00, 0x0f, 0xf0, 0xf6, 0x00, 0x04, 0x01, 0xfe, 0x00, 0x0f, 0xf0, 0xf6, 0x00, 0x04, 0x01, 0xff, 0x00, 0x0f, 0xf0, 0xf6,
  0x00, 0x04, 0x01, 0xff, 0x00, 0x1f, 0xe0, 0xf5, 0x00, 0x03, 0xff, 0x00, 0x1f, 0xc0, 0xf5, 0x00, 0x03, 0x7f, 0x00, 0x0f, 0x80, 0xf5, 0x00, 0x00,
  0x04, 0x81, 0x00, 0xfe, 0x00, 0x00, 0xfe, 0xf3, 0x00, 0x01, 0x01, 0xff, 0xf3, 0x00, 0x02, 0x01, 0xff, 0x80, 0xf4, 0x00, 0x02, 0x01, 0xff, 0x80,
  0xf4, 0x00, 0x02, 0x01, 0xff, 0x80, 0xf3, 0x00, 0x00, 0xfe, 0xbd, 0x00, 0x00, 0x02, 0x8d, 0x00, 0xfa, 0x00, 0x01, 0x0f, 0xe0, 0xf3, 0x00, 0x01,
  0x1f, 0xf0, 0xf3, 0x00, 0x01, 0x1f, 0xf8, 0xf6, 0x00, 0x04, 0x7f, 0x00, 0x00, 0x1f, 0xfc, 0xf7, 0x00, 0x05, 0x01, 0xff, 0xc0, 0x00, 0x1f, 0xfe,
  0xf7, 0x00, 0x05, 0x03, 0xff, 0xc0, 0x00, 0x1f, 0xff, 0xf7, 0x00, 0x06, 0x07, 0xff, 0xc0, 0x00, 0x0f, 0xff, 0x80, 0xf8, 0x00, 0x06, 0x0f, 0xff,
  0xc0, 0x00, 0x1f, 0xff, 0xc0, 0xf8, 0x00, 0x06, 0x0f, 0xff, 0xc0, 0x00, 0x3f, 0xff, 0xe0, 0xf8, 0x00, 0x06, 0x1f, 0xff, 0xc0, 0x00, 0x3f, 0xff,
  0xe0, 0xf8, 0x00, 0x06, 0x1f, 0xff, 0x80, 0x00, 0x7f, 0xff, 0xf0, 0xf8, 0x00, 0x06, 0x3f, 0xff, 0x80, 0x00, 0xff, 0xff, 0xf0, 0xf8, 0x00, 0x06,
  0x3f, 0xff, 0x00, 0x00, 0xff, 0xff, 0xf0, 0xf8, 0x00, 0x06, 0x3f, 0xff, 0x00, 0x01, 0xff, 0xff, 0xf0, 0xf8, 0x00, 0x06, 0x7f, 0xff, 0x00, 0x01,
  0xff, 0xff, 0xf0, 0xf8, 0x00, 0x06, 0x7f, 0xfe, 0x00, 0x03, 0xff, 0xff, 0xe0, 0xf8, 0x00, 0x06, 0x7f, 0xfe, 0x00, 0x03, 0xff, 0xff, 0xe0, 0xf8,
  0x00, 0x06, 0x7f, 0xfc, 0x00, 0x03, 0xff, 0xff, 0xe0, 0xf8, 0x00, 0x06, 0x7f, 0xfc, 0x00, 0x07, 0xff, 0xff, 0xc0, 0xf8, 0x00, 0x06, 0x7f, 0xfc,
  0x00, 0x07, 0xff, 0xff, 0xc0, 0xf8, 0x00, 0x06, 0x7f, 0xf8, 0x00, 0x07, 0xff, 0xff, 0xc0, 0xf8, 0x00, 0x06, 0x7f, 0xf8, 0x00, 0x07, 0xff, 0xff,
  0x80, 0xf8, 0x00, 0x06, 0x3f, 0xf0, 0x00, 0x0f, 0xff, 0xff, 0x80, 0xf8, 0x00, 0x06, 0x3f, 0xf0, 0x00, 0x0f, 0xff, 0xff, 0x80, 0xf8, 0x00, 0x05,
  0x0f, 0xc0, 0x00, 0x0f, 0xff, 0xff, 0xf4, 0x00, 0x02, 0x0f, 0xff, 0xff, 0xf6, 0x00, 0x04, 0x01, 0xc0, 0x07, 0xff, 0xfe, 0xf6, 0x00, 0x04, 0x03,
  0xe0, 0x07, 0xff, 0xfe, 0xf6, 0x00, 0x04, 0x07, 0xe0, 0x03, 0xff, 0xfc, 0xf6, 0x00, 0x04, 0x07, 0xf0, 0x03, 0xff, 0xf8, 0xf6, 0x00, 0x04, 0x07,
  0xf0, 0x00, 0xff, 0xf8, 0xf6, 0x00, 0x04, 0x07, 0xf0, 0x00, 0x3f, 0xe0, 0xf6, 0x00, 0x01, 0x07, 0xf0, 0xf5, 0x00, 0x03, 0x1e, 0x00, 0x0f, 0xf0,
  0xf5, 0x00, 0x03, 0x3f, 0xc0, 0x0f, 0xf0, 0xf5, 0x00, 0x03, 0x3f, 0xe0, 0x0f, 0xf0, 0xf5, 0x00, 0x03, 0x7f, 0xf8, 0x1f, 0xe0, 0xf5, 0x00, 0x03,
  0x3f, 0xf8, 0x1f, 0xc0, 0xf5, 0x00, 0x03, 0x0f, 0xf8, 0x0f, 0x80, 0xf5, 0x00, 0x01, 0x07, 0xf8, 0xf2, 0x00, 0x00, 0xf0, 0x81, 0x00, 0xfe, 0x00,
  0x00, 0xc0, 0xf3, 0x00, 0x01, 0x0f, 0xfc, 0xf3, 0x00, 0x01, 0x0f, 0xfc, 0xf3, 0x00, 0x01, 0x0f, 0xfe, 0xf3, 0x00, 0x01, 0x0f, 0xfc, 0xf3, 0x00,
  0x01, 0x0f, 0xfc, 0xf3, 0x00, 0x01, 0x01, 0xe0, 0x81, 0x00, 0xe9, 0x00, 0xe9, 0x00, 0x00, 0x7c, 0xf2, 0x00, 0x01, 0xff, 0x80, 0xf7, 0x00, 0x05,
  0x7f, 0x80, 0x00, 0x00, 0xff, 0x80, 0xf8, 0x00, 0x06, 0x01, 0xff, 0xc0, 0x00, 0x00, 0xff, 0xe0, 0xf8, 0x00, 0x06, 0x03, 0xff, 0xc0, 0x00, 0x03,
  0xff, 0xf0, 0xf8, 0x00, 0x06, 0x07, 0xff, 0xc0, 0x00, 0x07, 0xff, 0xf8, 0xf8, 0x00, 0x06, 0x0f, 0xff, 0xc0, 0x00, 0x1f, 0xff, 0xfc, 0xf8, 0x00,
  0x06, 0x0f, 0xff, 0xc0, 0x00, 0x3f, 0xff, 0xfc, 0xf8, 0x00, 0x06, 0x1f, 0xff, 0xc0, 0x00, 0x3f, 0xff, 0xfc, 0xf8, 0x00, 0x06, 0x1f, 0xff, 0x80,
  0x00, 0x7f, 0xff, 0xf8, 0xf8, 0x00, 0x06, 0x3f, 0xff, 0x80, 0x00, 0xff, 0xff, 0xf0, 0xf8, 0x00, 0x06, 0x3f, 0xff, 0x00, 0x00, 0xff, 0xff, 0xf0,
  0xf8, 0x00, 0x06, 0x3f, 0xff, 0x00, 0x01, 0xff, 0xff, 0xf0, 0xf8, 0x00, 0x06, 0x7f, 0xff, 0x00, 0x01, 0xff, 0xff, 0xf0, 0xf8, 0x00, 0x06, 0x7f,
  0xfe, 0x00, 0x03, 0xff, 0xff, 0xe0, 0xf8, 0x00, 0x06, 0x7f, 0xfe, 0x00, 0x03, 0xff, 0xff, 0xe0, 0xf8, 0x00, 0x06, 0x7f, 0xfc, 0x00, 0x03, 0xff,
  0xff, 0xe0, 0xf8, 0x00, 0x06, 0x7f, 0xfc, 0x00, 0x07, 0xff, 0xff, 0xc0, 0xf8, 0x00, 0x06, 0x7f, 0xfc, 0x00, 0x07, 0xff, 0xff, 0xc0, 0xf8, 0x00,
  0x06, 0x7f, 0xf8, 0x00, 0x07, 0xff, 0xff, 0xc0, 0xf8, 0x00, 0x06, 0x7f, 0xf8, 0x00, 0x07, 0xff, 0xff, 0x80, 0xf8, 0x00, 0x06, 0x7f, 0xf8, 0x00,
  0x0f, 0xff, 0xff, 0x80, 0xf8, 0x00, 0x06, 0x3f, 0xf0, 0x00, 0x0f, 0xff, 0xff, 0x80, 0xf8, 0x00, 0x05, 0x1f, 0xc0, 0x00, 0x0f, 0xff, 0xff, 0xf4,
  0x00, 0x02, 0x0f, 0xff, 0xff, 0xf6, 0x00, 0x04, 0x01, 0xc0, 0x07, 0xff, 0xfe, 0xf6, 0x00, 0x04, 0x03, 0xc0, 0x07, 0xff, 0xfe, 0xf6, 0x00, 0x04,
  0x07, 0xe0, 0x03, 0xff, 0xfc, 0xf6, 0x00, 0x04, 0x07, 0xf0, 0x03, 0xff, 0xf8, 0xf6, 0x00, 0x04, 0x07, 0xf0, 0x00, 0xff, 0xf8, 0xf6, 0x00, 0x04,
  0x07, 0xf0, 0x00, 0x3f, 0xe0, 0xf6, 0x00, 0x01, 0x07, 0xf0, 0xf3, 0x00, 0x01, 0x0f, 0xf0, 0xf3, 0x00, 0x01, 0x0f, 0xf0, 0xf4, 0x00, 0x02, 0xf8,
  0x0f, 0xf0, 0xf4, 0x00, 0x02, 0xff, 0x1f, 0xe0, 0xf5, 0x00, 0x03, 0x01, 0xff, 0x9f, 0xc0, 0xf5, 0x00, 0x03, 0x03, 0xff, 0xcf, 0x80, 0xf5, 0x00,
  0x02, 0x01, 0xff, 0xc0, 0xf3, 0x00, 0x01, 0x7f, 0xc0, 0xf3, 0x00, 0x01, 0x1f, 0x80, 0x81, 0x00, 0xef, 0x00, 0x01, 0x0f, 0xc0, 0xf3, 0x00, 0x01,
  0x3f, 0xe0, 0xf3, 0x00, 0x01, 0x3f, 0xf0, 0xf3, 0x00, 0x01, 0x3f, 0xf0, 0xf3, 0x00, 0x01, 0x7f, 0xf0, 0xf3, 0x00, 0x01, 0x1f, 0xc0, 0x81, 0x00,
  0xfa, 0x00, 0xd9, 0x00, 0x01, 0x07, 0x40, 0xf7, 0x00, 0x00, 0x7f, 0xfe, 0x00, 0x01, 0x07, 0xf0, 0xf8, 0x00, 0x06, 0x01, 0xff, 0x80, 0x00, 0x00,
  0x07, 0xfc, 0xf8, 0x00, 0x06, 0x03, 0xff, 0xc0, 0x00, 0x01, 0xff, 0xfe, 0xf8, 0x00, 0x06, 0x07, 0xff, 0xc0, 0x00, 0x07, 0xff, 0xff, 0xf8, 0x00,
  0x07, 0x0f, 0xff, 0xc0, 0x00, 0x1f, 0xff, 0xff, 0x80, 0xf9, 0x00, 0x07, 0x0f, 0xff, 0xc0, 0x00, 0x3f, 0xff, 0xff, 0xc0, 0xf9, 0x00, 0x07, 0x1f,
  0xff, 0xc0, 0x00, 0x3f, 0xff, 0xff, 0xc0, 0xf9, 0x00, 0x07, 0x1f, 0xff, 0x80, 0x00, 0x7f, 0xff, 0xff, 0xc0, 0xf9, 0x00, 0x03, 0x3f, 0xff, 0x80,
  0x00, 0xfe, 0xff, 0x00, 0xc0, 0xf9, 0x00, 0x06, 0x3f, 0xff, 0x00, 0x00, 0xff, 0xff, 0xf9, 0xf8, 0x00, 0x06, 0x3f, 0xff, 0x00, 0x01, 0xff, 0xff,
  0xf0, 0xf8, 0x00, 0x06, 0x7f, 0xff, 0x00, 0x01, 0xff, 0xff, 0xf0, 0xf8, 0x00, 0x06, 0x7f, 0xfe, 0x00, 0x03, 0xff, 0xff, 0xe0, 0xf8, 0x00, 0x06,
  0x7f, 0xfe, 0x00, 0x03, 0xff, 0xff, 0xe0, 0xf8, 0x00, 0x06, 0x7f, 0xfc, 0x00, 0x03, 0xff, 0xff, 0xe0, 0xf8, 0x00, 0x06, 0x7f, 0xfc, 0x00, 0x07,
  0xff, 0xff, 0xc0, 0xf8, 0x00, 0x06, 0x7f, 0xfc, 0x00, 0x07, 0xff, 0xff, 0xc0, 0xf8, 0x00, 0x06, 0x7f, 0xf8, 0x00, 0x07, 0xff, 0xff, 0xc0, 0xf8,
  0x00, 0x06, 0x7f, 0xf8, 0x00, 0x07, 0xff, 0xff, 0x80, 0xf8, 0x00, 0x06, 0x7f, 0xf0, 0x00, 0x0f, 0xff, 0xff, 0x80, 0xf8, 0x00, 0x06, 0x3f, 0xf0,
  0x00, 0x0f, 0xff, 0xff, 0x80, 0xf8, 0x00, 0x05, 0x1f, 0xc0, 0x00, 0x0f, 0xff, 0xff, 0xf4, 0x00, 0x02, 0x0f, 0xff, 0xff, 0xf6, 0x00, 0x04, 0x01,
  0xc0, 0x07, 0xff, 0xfe, 0xf6, 0x00, 0x04, 0x03, 0xe0, 0x07, 0xff, 0xfe, 0xf6, 0x00, 0x04, 0x07, 0xe0, 0x03, 0xff, 0xfc, 0xf6, 0x00, 0x04, 0x07,
  0xf0, 0x03, 0xff, 0xf8, 0xf6, 0x00, 0x04, 0x07, 0xf0, 0x00, 0xff, 0xf8, 0xf6, 0x00, 0x04, 0x07, 0xf0, 0x00, 0x3f, 0xe0, 0xf6, 0x00, 0x01, 0x07,
  0xf0, 0xf3, 0x00, 0x01, 0x0f, 0xf0, 0xf3, 0x00, 0x01, 0x0f, 0xf0, 0xf3, 0x00, 0x01, 0x0f, 0xf0, 0xf4, 0x00, 0x02, 0x0f, 0xdf, 0xe0, 0xf4, 0x00,
  0x02, 0x0f, 0xff, 0xc0, 0xf4, 0x00, 0x02, 0x1f, 0xff, 0x80, 0xf4, 0x00, 0x01, 0x1f, 0xfe, 0xf3, 0x00, 0x01, 0x0f, 0xfe, 0xf3, 0x00, 0x01, 0x07,
  0xfe, 0xf3, 0x00, 0x01, 0x03, 0xfc, 0xf2, 0x00, 0x00, 0x38, 0x81, 0x00, 0xfe, 0x00, 0x00, 0x38, 0xf3, 0x00, 0x01, 0x01, 0xff, 0xf3, 0x00, 0x02,
  0x03, 0xff, 0x80, 0xf4, 0x00, 0x02, 0x01, 0xff, 0x80, 0xf4, 0x00, 0x02, 0x01, 0xff, 0x80, 0xf4, 0x00, 0x01, 0x01, 0xff, 0x8a, 0x00, 0xcd, 0x00,
  0x01, 0x7f, 0x80, 0xf4, 0x00, 0x02, 0x01, 0xff, 0xc0, 0xfe, 0x00, 0x01, 0x1f, 0x80, 0xf9, 0x00, 0x07, 0x03, 0xff, 0xc0, 0x00, 0x01, 0xf8, 0x3f,
  0xe0, 0xf9, 0x00, 0x07, 0x07, 0xff, 0xc0, 0x00, 0x07, 0xff, 0xbf, 0xf0, 0xf9, 0x00, 0x07, 0x0f, 0xff, 0xe0, 0x00, 0x0f, 0xff, 0xff, 0xf8, 0xf9,
  0x00, 0x07, 0x0f, 0xff, 0xc0, 0x00, 0x1f, 0xff, 0xff, 0xfc, 0xf9, 0x00, 0x07, 0x1f, 0xff, 0xc0, 0x00, 0x3f, 0xff, 0xff, 0xfe, 0xf9, 0x00, 0x07,
  0x1f, 0xff, 0xc0, 0x00, 0x3f, 0xff, 0xff, 0xfe, 0xf9, 0x00, 0x04, 0x3f, 0xff, 0x80, 0x00, 0x7f, 0xfe, 0xff, 0xf9, 0x00, 0x04, 0x3f, 0xff, 0x80,
  0x00, 0x7f, 0xfe, 0xff, 0xf9, 0x00, 0x07, 0x3f, 0xff, 0x80, 0x00, 0xff, 0xff, 0xf8, 0xfc, 0xf9, 0x00, 0x07, 0x3f, 0xff, 0x00, 0x01, 0xff, 0xff,
  0xf8, 0x04, 0xf9, 0x00, 0x06, 0x7f, 0xff, 0x00, 0x01, 0xff, 0xff, 0xf8, 0xf8, 0x00, 0x06, 0x7f, 0xfe, 0x00, 0x03, 0xff, 0xff, 0xf8, 0xf8, 0x00,
  0x06, 0x7f, 0xfe, 0x00, 0x03, 0xff, 0xff, 0xf8, 0xf8, 0x00, 0x06, 0x7f, 0xfe, 0x00, 0x03, 0xff, 0xff, 0xf0, 0xf8, 0x00, 0x06, 0x7f, 0xfc, 0x00,
  0x03, 0xff, 0xff, 0xf0, 0xf8, 0x00, 0x06, 0x7f, 0xfc, 0x00, 0x07, 0xff, 0xff, 0xe0, 0xf8, 0x00, 0x06, 0x7f, 0xfc, 0x00, 0x07, 0xff, 0xff, 0xe0,
  0xf8, 0x00, 0x06, 0x3f, 0xf8, 0x00, 0x07, 0xff, 0xff, 0xc0, 0xf8, 0x00, 0x06, 0x3f, 0xf8, 0x00, 0x07, 0xff, 0xff, 0xc0, 0xf8, 0x00, 0x06, 0x1f,
  0xe0, 0x00, 0x07, 0xff, 0xff, 0x80, 0xf9, 0x00, 0x07, 0x80, 0x01, 0x80, 0x00, 0x07, 0xff, 0xff, 0x80, 0xf9, 0x00, 0x06, 0xc0, 0x00, 0x01, 0xc0,
  0x07, 0xff, 0xff, 0xf8, 0x00, 0x06, 0x80, 0x00, 0x03, 0xe0, 0x03, 0xff, 0xff, 0xf8, 0x00, 0x06, 0x80, 0x00, 0x07, 0xe0, 0x03, 0xff, 0xfe, 0xf6,
  0x00, 0x04, 0x07, 0xf0, 0x01, 0xff, 0xfe, 0xf6, 0x00, 0x04, 0x07, 0xf0, 0x00, 0x7f, 0xfc, 0xf6, 0x00, 0x04, 0x07, 0xf0, 0x00, 0x3f, 0xf8, 0xf6,
  0x00, 0x04, 0x07, 0xf0, 0x00, 0x07, 0xf0, 0xf6, 0x00, 0x01, 0x0f, 0xf0, 0xf3, 0x00, 0x01, 0x0f, 0xf0, 0xf3, 0x00, 0x01, 0x0f, 0xf0, 0xf3, 0x00,
  0x01, 0x1f, 0xe0, 0xf3, 0x00, 0x01, 0x3f, 0xc0, 0xf3, 0x00, 0x01, 0x7f, 0x80, 0xf3, 0x00, 0x01, 0xff, 0x80, 0xf3, 0x00, 0x01, 0xff, 0xc0, 0xf3,
  0x00, 0x01, 0xff, 0xe0, 0xf3, 0x00, 0x01, 0x7f, 0xe0, 0xf3, 0x00, 0x01, 0x1f, 0xe0, 0xf3, 0x00, 0x01, 0x07, 0xc0, 0x81, 0x00, 0xef, 0x00, 0x01,
  0x07, 0xf0, 0xf3, 0x00, 0x01, 0x0f, 0xfc, 0xf3, 0x00, 0x01, 0x0f, 0xfe, 0xf3, 0x00, 0x01, 0x0f, 0xfe, 0x8b, 0x00, 0xcd, 0x00, 0x01, 0x3f, 0x80,
  0xf3, 0x00, 0x01, 0xff, 0xc0, 0xf4, 0x00, 0x07, 0x03, 0xff, 0xe0, 0x00, 0x00, 0x78, 0x00, 0x78, 0xf9, 0x00, 0x07, 0x07, 0xff, 0xe0, 0x00, 0x03,
  0xff, 0x00, 0xfe, 0xf9, 0x00, 0x07, 0x07, 0xff, 0xe0, 0x00, 0x07, 0xff, 0xc0, 0xff, 0xf9, 0x00, 0x08, 0x0f, 0xff, 0xe0, 0x00, 0x0f, 0xff, 0xe1,
  0xff, 0x80, 0xfa, 0x00, 0x08, 0x1f, 0xff, 0xc0, 0x00, 0x1f, 0xff, 0xf0, 0xff, 0xe0, 0xfa, 0x00, 0x08, 0x1f, 0xff, 0xc0, 0x00, 0x3f, 0xff, 0xf8,
  0xff, 0xe0, 0xfa, 0x00, 0x08, 0x3f, 0xff, 0xc0, 0x00, 0x3f, 0xff, 0xf8, 0xff, 0xf0, 0xfa, 0x00, 0x08, 0x3f, 0xff, 0x80, 0x00, 0x7f, 0xff, 0xf8,
  0x7f, 0xf8, 0xfa, 0x00, 0x08, 0x3f, 0xff, 0x80, 0x00, 0x7f, 0xff, 0xf8, 0x7f, 0xf8, 0xfa, 0x00, 0x08, 0x3f, 0xff, 0x80, 0x00, 0xff, 0xff, 0xf8,
  0x1f, 0xf0, 0xfa, 0x00, 0x08, 0x7f, 0xff, 0x00, 0x00, 0xff, 0xff, 0xf8, 0x00, 0x60, 0xfa, 0x00, 0x06, 0x7f, 0xff, 0x00, 0x01, 0xff, 0xff, 0xf8,
  0xf8, 0x00, 0x06, 0x7f, 0xff, 0x00, 0x01, 0xff, 0xff, 0xf8, 0xf8, 0x00, 0x06, 0x7f, 0xfe, 0x00, 0x01, 0xff, 0xff, 0xf8, 0xf8, 0x00, 0x06, 0x7f,
  0xfe, 0x00, 0x03, 0xff, 0xff, 0xf0, 0xfa, 0x00, 0x08, 0x01, 0xe0, 0x7f, 0xfe, 0x00, 0x03, 0xff, 0xff, 0xf0, 0xfa, 0x00, 0x08, 0x01, 0xf0, 0x7f,
  0xfc, 0x00, 0x03, 0xff, 0xff, 0xe0, 0xfa, 0x00, 0x08, 0x01, 0xf0, 0x3f, 0xfc, 0x00, 0x03, 0xff, 0xff, 0xe0, 0xfa, 0x00, 0x08, 0x01, 0xf0, 0x3f,
  0xf8, 0x00, 0x03, 0xff, 0xff, 0xc0, 0xfa, 0x00, 0x08, 0x01, 0xf0, 0x1f, 0xf0, 0x00, 0x03, 0xff, 0xff, 0xc0, 0xfa, 0x00, 0x08, 0x01, 0xf0, 0x03,
  0xc0, 0x00, 0x03, 0xff, 0xff, 0x80, 0xfa, 0x00, 0x08, 0x01, 0xfe, 0x00, 0x01, 0xc0, 0x03, 0xff, 0xff, 0x80, 0xfa, 0x00, 0x08, 0x01, 0xff, 0x80,
  0x03, 0xe0, 0x03, 0xff, 0xff, 0x80, 0xfa, 0x00, 0x07, 0x01, 0xff, 0xc0, 0x07, 0xe0, 0x01, 0xff, 0xff, 0xf9, 0x00, 0x07, 0x01, 0xff, 0x80, 0x07,
  0xf0, 0x01, 0xff, 0xfe, 0xf8, 0x00, 0x06, 0xff, 0x80, 0x07, 0xf0, 0x00, 0x7f, 0xfe, 0xf8, 0x00, 0x06, 0x3f, 0x00, 0x07, 0xf0, 0x00, 0x3f, 0xf8,
  0xf6, 0x00, 0x04, 0x07, 0xf0, 0x00, 0x0f, 0xf0, 0xf6, 0x00, 0x01, 0x0f, 0xf0, 0xf3, 0x00, 0x01, 0x0f, 0xf0, 0xf3, 0x00, 0x01, 0x0f, 0xf0, 0xf3,
  0x00, 0x01, 0x1f, 0xe0, 0xf3, 0x00, 0x01, 0x1f, 0xc0, 0xf3, 0x00, 0x01, 0x0f, 0x80, 0xf3, 0x00, 0x01, 0x03, 0xf0, 0xf3, 0x00, 0x01, 0x07, 0xfc,
  0xf3, 0x00, 0x01, 0x07, 0xfe, 0xf3, 0x00, 0x01, 0x07, 0xff, 0xf3, 0x00, 0x01, 0x03, 0xff, 0xf3, 0x00, 0x01, 0x01, 0xff, 0xf2, 0x00, 0x00, 0x7f,
  0xf2, 0x00, 0x00, 0x04, 0x81, 0x00, 0xfe, 0x00, 0x00, 0x0f, 0xf2, 0x00, 0x01, 0x1f, 0xc0, 0xf3, 0x00, 0x01, 0x3f, 0xe0, 0x8c, 0x00, 0xf6, 0x00,
  0x01, 0x7f, 0x80, 0xda, 0x00, 0x01, 0x3f, 0x80, 0xf4, 0x00, 0x02, 0x01, 0xff, 0xc0, 0xf4, 0x00, 0x05, 0x03, 0xff, 0xe0, 0x00, 0x00, 0xf8, 0xf7,
  0x00, 0x05, 0x07, 0xff, 0xe0, 0x00, 0x03, 0xff, 0xf7, 0x00, 0x08, 0x07, 0xff, 0xe0, 0x00, 0x07, 0xff, 0xc0, 0x07, 0xe0, 0xfa, 0x00, 0x08, 0x0f,
  0xff, 0xe0, 0x00, 0x0f, 0xff, 0xe0, 0x07, 0xf8, 0xfa, 0x00, 0x08, 0x1f, 0xff, 0xc0, 0x00, 0x1f, 0xff, 0xf0, 0x07, 0xfc, 0xfa, 0x00, 0x08, 0x1f,
  0xff, 0xc0, 0x00, 0x3f, 0xff, 0xf8, 0x07, 0xfe, 0xfa, 0x00, 0x08, 0x3f, 0xff, 0xc0, 0x00, 0x3f, 0xff, 0xf8, 0x07, 0xff, 0xfa, 0x00, 0x09, 0x3f,
  0xff, 0x80, 0x00, 0x7f, 0xff, 0xf8, 0x07, 0xff, 0x80, 0xfb, 0x00, 0x09, 0x3f, 0xff, 0x80, 0x00, 0x7f, 0xff, 0xf8, 0x03, 0xff, 0xc0, 0xfb, 0x00,
  0x09, 0x3f, 0xff, 0x80, 0x00, 0x7f, 0xff, 0xf8, 0x03, 0xff, 0xc0, 0xfb, 0x00, 0x09, 0x7f, 0xff, 0x00, 0x00, 0xff, 0xff, 0xf8, 0x01, 0xff, 0xc0,
  0xfb, 0x00, 0x08, 0x7f, 0xff, 0x00, 0x01, 0xff, 0xff, 0xf8, 0x00, 0x3f, 0xfa, 0x00, 0x06, 0x7f, 0xff, 0x00, 0x01, 0xff, 0xff, 0xf8, 0xf8, 0x00,
  0x06, 0x7f, 0xfe, 0x00, 0x01, 0xff, 0xff, 0xf8, 0xf8, 0x00, 0x06, 0x7f, 0xfe, 0x00, 0x03, 0xff, 0xff, 0xf0, 0xf9, 0x00, 0x07, 0x08, 0x7f, 0xfe,
  0x00, 0x03, 0xff, 0xff, 0xf0, 0xf9, 0x00, 0x07, 0x3e, 0x7f, 0xfc, 0x00, 0x03, 0xff, 0xff, 0xe0, 0xf9, 0x00, 0x07, 0x3f, 0x3f, 0xfc, 0x00, 0x03,
  0xff, 0xff, 0xe0, 0xf9, 0x00, 0x07, 0x3f, 0x3f, 0xf8, 0x00, 0x03, 0xff, 0xff, 0xc0, 0xf9, 0x00, 0x07, 0x3f, 0x1f, 0xf0, 0x00, 0x03, 0xff, 0xff,
  0xc0, 0xf9, 0x00, 0x07, 0x3f, 0x03, 0xc0, 0x00, 0x03, 0xff, 0xff, 0x80, 0xf9, 0x00, 0x07, 0x3f, 0x00, 0x01, 0xc0, 0x03, 0xff, 0xff, 0x80, 0xf9,
  0x00, 0x07, 0x0f, 0xe0, 0x03, 0xe0, 0x03, 0xff, 0xff, 0x80, 0xf9, 0x00, 0x06, 0x0f, 0xf8, 0x07, 0xe0, 0x01, 0xff, 0xff, 0xf8, 0x00, 0x06, 0x0f,
  0xfe, 0x07, 0xf0, 0x01, 0xff, 0xfe, 0xf8, 0x00, 0x06, 0x0f, 0xff, 0x07, 0xf0, 0x00, 0x7f, 0xfe, 0xf8, 0x00, 0x06, 0x07, 0xfe, 0x07, 0xf0, 0x00,
  0x3f, 0xf8, 0xf8, 0x00, 0x06, 0x03, 0xfe, 0x07, 0xf0, 0x00, 0x0f, 0xf0, 0xf7, 0x00, 0x02, 0x1c, 0x0f, 0xf0, 0xf3, 0x00, 0x01, 0x0f, 0xf0, 0xf3,
  0x00, 0x01, 0x0f, 0xf0, 0xf3, 0x00, 0x01, 0x1f, 0xe0, 0xf3, 0x00, 0x01, 0x1f, 0xc0, 0xf3, 0x00, 0x01, 0x0f, 0x80, 0xe2, 0x00, 0x00, 0x1e, 0xf2,
  0x00, 0x01, 0x3f, 0xc0, 0xf3, 0x00, 0x01, 0x3f, 0xe0, 0xf3, 0x00, 0x01, 0x7f, 0xf0, 0xf3, 0x00, 0x01, 0x3f, 0xf8, 0xf3, 0x00, 0x01, 0x1f, 0xf8,
  0xf3, 0x00, 0x01, 0x07, 0xf8, 0xf3, 0x00, 0x01, 0x01, 0xe0, 0xb6, 0x00, 0x00, 0xc0, 0xf2, 0x00, 0x00, 0xc0, 0xf2, 0x00, 0x00, 0xc0, 0xda, 0x00,
  0x00, 0x20, 0x8c, 0x00, 0xf6, 0x00, 0x01, 0x03, 0xf8, 0xf3, 0x00, 0x01, 0x03, 0xf0, 0xf2, 0x00, 0x00, 0x60, 0xfa, 0x00, 0x01, 0x3f, 0x80, 0xf3,
  0x00, 0x01, 0xff, 0xc0, 0xf4, 0x00, 0x05, 0x03, 0xff, 0xe0, 0x00, 0x00, 0x78, 0xf7, 0x00, 0x05, 0x03, 0xff, 0xe0, 0x00, 0x03, 0xff, 0xf7, 0x00,
  0x06, 0x07, 0xff, 0xe0, 0x00, 0x07, 0xff, 0xc0, 0xf8, 0x00, 0x08, 0x0f, 0xff, 0xe0, 0x00, 0x0f, 0xff, 0xe0, 0x00, 0x1e, 0xfa, 0x00, 0x08, 0x1f,
  0xff, 0xc0, 0x00, 0x1f, 0xff, 0xf0, 0x00, 0x1f, 0xfa, 0x00, 0x09, 0x1f, 0xff, 0xc0, 0x00, 0x3f, 0xff, 0xf8, 0x00, 0x3f, 0xc0, 0xfb, 0x00, 0x09,
  0x3f, 0xff, 0xc0, 0x00, 0x3f, 0xff, 0xf8, 0x00, 0x3f, 0xe0, 0xfb, 0x00, 0x09, 0x3f, 0xff, 0x80, 0x00, 0x7f, 0xff, 0xf8, 0x00, 0x3f, 0xf0, 0xfb,
  0x00, 0x09, 0x3f, 0xff, 0x80, 0x00, 0x7f, 0xff, 0xf8, 0x00, 0x3f, 0xf8, 0xfb, 0x00, 0x09, 0x3f, 0xff, 0x80, 0x00, 0x7f, 0xff, 0xf8, 0x00, 0x1f,
  0xf8, 0xfb, 0x00, 0x09, 0x7f, 0xff, 0x00, 0x00, 0xff, 0xff, 0xf8, 0x00, 0x1f, 0xf8, 0xfb, 0x00, 0x09, 0x7f, 0xff, 0x00, 0x01, 0xff, 0xff, 0xf8,
  0x00, 0x1f, 0xf8, 0xfb, 0x00, 0x09, 0x7f, 0xff, 0x00, 0x01, 0xff, 0xff, 0xf8, 0x00, 0x0f, 0xf0, 0xfb, 0x00, 0x09, 0x7f, 0xfe, 0x00, 0x01, 0xff,
  0xff, 0xf8, 0x00, 0x00, 0x40, 0xfb, 0x00, 0x06, 0x7f, 0xfe, 0x00, 0x03, 0xff, 0xff, 0xf0, 0xf8, 0x00, 0x06, 0x7f, 0xfe, 0x00, 0x03, 0xff, 0xff,
  0xf0, 0xf9, 0x00, 0x07, 0x07, 0x7f, 0xfc, 0x00, 0x03, 0xff, 0xff, 0xe0, 0xf9, 0x00, 0x07, 0x07, 0xff, 0xfc, 0x00, 0x03, 0xff, 0xff, 0xe0, 0xf9,
  0x00, 0x07, 0x0f, 0xff, 0xf8, 0x00, 0x03, 0xff, 0xff, 0xc0, 0xf9, 0x00, 0x07, 0x0f, 0xdf, 0xf0, 0x00, 0x03, 0xff, 0xff, 0xc0, 0xf9, 0x00, 0x07,
  0x0f, 0xc3, 0xc0, 0x00, 0x03, 0xff, 0xff, 0x80, 0xf9, 0x00, 0x07, 0x0f, 0xc0, 0x01, 0xc0, 0x03, 0xff, 0xff, 0x80, 0xf9, 0x00, 0x07, 0x07, 0x80,
  0x03, 0xe0, 0x03, 0xff, 0xff, 0x80, 0xf8, 0x00, 0x05, 0x3e, 0x07, 0xe0, 0x03, 0xff, 0xff, 0xf7, 0x00, 0x05, 0xff, 0xe7, 0xf0, 0x01, 0xff, 0xfe,
  0xf7, 0x00, 0x05, 0xff, 0xf7, 0xf0, 0x00, 0xff, 0xfe, 0xf7, 0x00, 0x05, 0xff, 0xff, 0xf0, 0x00, 0x3f, 0xf8, 0xf7, 0x00, 0x05, 0x7f, 0xff, 0xf0,
  0x00, 0x0f, 0xf0, 0xf7, 0x00, 0x02, 0x1f, 0xff, 0xf0, 0xf4, 0x00, 0x02, 0x07, 0xcf, 0xf0, 0xf3, 0x00, 0x01, 0x0f, 0xf0, 0xf3, 0x00, 0x01, 0x1f,
  0xe0, 0xf3, 0x00, 0x01, 0x0f, 0xc0, 0xf3, 0x00, 0x01, 0x0f, 0x80, 0xd1, 0x00, 0x00, 0xf0, 0xf2, 0x00, 0x00, 0xf8, 0xf3, 0x00, 0x01, 0x01, 0xfe,
  0xf3, 0x00, 0x01, 0x03, 0xff, 0xf3, 0x00, 0x01, 0x01, 0xff, 0xf2, 0x00, 0x00, 0xff, 0xf2, 0x00, 0x00, 0x7f, 0xf2, 0x00, 0x00, 0x1c, 0xf6, 0x00,
  0x00, 0x80, 0xf3, 0x00, 0x01, 0x01, 0xc0, 0xf3, 0x00, 0x01, 0x01, 0xc0, 0xf3, 0x00, 0x01, 0x01, 0xf8, 0xf3, 0x00, 0x01, 0x01, 0xfc, 0xf3, 0x00,
  0x01, 0x01, 0xfc, 0xf3, 0x00, 0x01, 0x01, 0xfc, 0xf2, 0x00, 0x00, 0xf8, 0xf2, 0x00, 0x00, 0x80, 0x94, 0x00, 0xfe, 0x00, 0x01, 0x03, 0x80, 0xfa,
  0x00, 0x01, 0x3f, 0xe0, 0xf3, 0x00, 0x01, 0x3f, 0xe0, 0xf3, 0x00, 0x01, 0x3f, 0xe0, 0xfb, 0x00, 0x01, 0x7f, 0x80, 0xfb, 0x00, 0x01, 0x0f, 0xe0,
  0xfc, 0x00, 0x02, 0x01, 0xff, 0xc0, 0xfb, 0x00, 0x01, 0x01, 0xc0, 0xfc, 0x00, 0x05, 0x03, 0xff, 0xe0, 0x00, 0x00, 0xf8, 0xf7, 0x00, 0x05, 0x07,
  0xff, 0xe0, 0x00, 0x03, 0xff, 0xf7, 0x00, 0x06, 0x07, 0xff, 0xe0, 0x00, 0x07, 0xff, 0xc0, 0xf8, 0x00, 0x06, 0x0f, 0xff, 0xe0, 0x00, 0x0f, 0xff,
  0xe0, 0xf8, 0x00, 0x06, 0x1f, 0xff, 0xc0, 0x00, 0x1f, 0xff, 0xf0, 0xf8, 0x00, 0x09, 0x1f, 0xff, 0xc0, 0x00, 0x3f, 0xff, 0xf8, 0x00, 0x00, 0xf8,
  0xfb, 0x00, 0x09, 0x3f, 0xff, 0xc0, 0x00, 0x3f, 0xff, 0xf8, 0x00, 0x01, 0xfc, 0xfb, 0x00, 0x09, 0x3f, 0xff, 0x80, 0x00, 0x7f, 0xff, 0xf8, 0x00,
  0x01, 0xff, 0xfb, 0x00, 0x0a, 0x3f, 0xff, 0x80, 0x00, 0x7f, 0xff, 0xf8, 0x00, 0x01, 0xff, 0x80, 0xfc, 0x00, 0x0a, 0x3f, 0xff, 0x80, 0x00, 0x7f,
  0xff, 0xf8, 0x00, 0x00, 0xff, 0xc0, 0xfc, 0x00, 0x0a, 0x7f, 0xff, 0x00, 0x00, 0xff, 0xff, 0xf8, 0x00, 0x00, 0xff, 0xc0, 0xfc, 0x00, 0x0a, 0x7f,
  0xff, 0x00, 0x01, 0xff, 0xff, 0xf8, 0x00, 0x00, 0xff, 0xc0, 0xfc, 0x00, 0x0a, 0x7f, 0xff, 0x00, 0x01, 0xff, 0xff, 0xf8, 0x00, 0x00, 0x7f, 0xc0,
  0xfc, 0x00, 0x0a, 0x7f, 0xfe, 0x00, 0x01, 0xff, 0xff, 0xf8, 0x00, 0x00, 0x7f, 0xc0, 0xfc, 0x00, 0x09, 0x7f, 0xfe, 0x00, 0x03, 0xff, 0xff, 0xf0,
  0x00, 0x00, 0x03, 0xfb, 0x00, 0x06, 0x7f, 0xfe, 0x00, 0x03, 0xff, 0xff, 0xf0, 0xf8, 0x00, 0x06, 0x7f, 0xfc, 0x00, 0x03, 0xff, 0xff, 0xe0, 0xf8,
  0x00, 0x06, 0x7f, 0xfc, 0x00, 0x03, 0xff, 0xff, 0xe0, 0xf8, 0x00, 0x06, 0x3f, 0xf8, 0x00, 0x03, 0xff, 0xff, 0xc0, 0xf8, 0x00, 0x06, 0x7f, 0xf0,
  0x00, 0x03, 0xff, 0xff, 0xc0, 0xf8, 0x00, 0x06, 0x7f, 0xc0, 0x00, 0x03, 0xff, 0xff, 0x80, 0xf8, 0x00, 0x06, 0x7c, 0x01, 0xc0, 0x03, 0xff, 0xff,
  0x80, 0xf8, 0x00, 0x06, 0x78, 0x03, 0xe0, 0x03, 0xff, 0xff, 0x80, 0xf8, 0x00, 0x05, 0x38, 0x07, 0xe0, 0x01, 0xff, 0xff, 0xf6, 0x00, 0x04, 0x07,
  0xf0, 0x01, 0xff, 0xfe, 0xf6, 0x00, 0x04, 0x0f, 0xf0, 0x00, 0x7f, 0xfe, 0xf6, 0x00, 0x04, 0x3f, 0xf0, 0x00, 0x3f, 0xf8, 0xf6, 0x00, 0x04, 0x3f,
  0xf0, 0x00, 0x0f, 0xf0, 0xf6, 0x00, 0x01, 0x7f, 0xf0, 0xf3, 0x00, 0x01, 0x3f, 0xf0, 0xf3, 0x00, 0x01, 0x3f, 0xf0, 0xf3, 0x00, 0x01, 0x1f, 0xe0,
  0xf3, 0x00, 0x01, 0x1f, 0xc0, 0xf3, 0x00, 0x01, 0x0f, 0x80, 0xb1, 0x00, 0x01, 0x07, 0xc0, 0xf3, 0x00, 0x01, 0x0f, 0xe0, 0xf3, 0x00, 0x01, 0x1f,
  0xf0, 0xf3, 0x00, 0x01, 0x0f, 0xf8, 0xf3, 0x00, 0x01, 0x0f, 0xf8, 0xf3, 0x00, 0x01, 0x07, 0xf8, 0xf7, 0x00, 0x00, 0x38, 0xfd, 0x00, 0x00, 0xf0,
  0xf7, 0x00, 0x00, 0x7c, 0xf2, 0x00, 0x00, 0x7c, 0xf2, 0x00, 0x00, 0xfe, 0xf2, 0x00, 0x00, 0xfe, 0xf2, 0x00, 0x01, 0xfe, 0xf0, 0xf3, 0x00, 0x01,
  0xff, 0xf8, 0xf3, 0x00, 0x01, 0xff, 0xfc, 0xf3, 0x00, 0x01, 0xfd, 0xf8, 0x95, 0x00, 0xfd, 0x00, 0x01, 0x7f, 0xc0, 0xf3, 0x00, 0x01, 0x2f, 0x80,
  0xfa, 0x00, 0x00, 0x3c, 0xfb, 0x00, 0x00, 0x0f, 0xf9, 0x00, 0x00, 0x7c, 0xfb, 0x00, 0x01, 0x3f, 0x80, 0xfa, 0x00, 0x00, 0xfc, 0xfb, 0x00, 0x01,
  0xff, 0xc0, 0xfa, 0x00, 0x00, 0x7c, 0xfc, 0x00, 0x05, 0x03, 0xff, 0xe0, 0x00, 0x00, 0x78, 0xfd, 0x00, 0x00, 0x1c, 0xfc, 0x00, 0x05, 0x07, 0xff,
  0xe0, 0x00, 0x03, 0xff, 0xfd, 0x00, 0x00, 0x04, 0xfc, 0x00, 0x06, 0x07, 0xff, 0xe0, 0x00, 0x07, 0xff, 0xc0, 0xf8, 0x00, 0x06, 0x0f, 0xff, 0xe0,
  0x00, 0x0f, 0xff, 0xe0, 0xf8, 0x00, 0x06, 0x1f, 0xff, 0xc0, 0x00, 0x1f, 0xff, 0xf0, 0xf8, 0x00, 0x06, 0x1f, 0xff, 0xc0, 0x00, 0x3f, 0xff, 0xf8,
  0xf9, 0x00, 0x0b, 0x80, 0x3f, 0xff, 0xc0, 0x00, 0x3f, 0xff, 0xf8, 0x00, 0x00, 0x1f, 0x80, 0xfe, 0x00, 0x0c, 0x01, 0xe0, 0x3f, 0xff, 0x80, 0x00,
  0x7f, 0xff, 0xf8, 0x00, 0x00, 0x3f, 0xe0, 0xfe, 0x00, 0x0c, 0x01, 0xf0, 0x3f, 0xff, 0x80, 0x00, 0x7f, 0xff, 0xf8, 0x00, 0x00, 0x1f, 0xf0, 0xfe,
  0x00, 0x0c, 0x01, 0xf8, 0x3f, 0xff, 0x80, 0x00, 0x7f, 0xff, 0xf8, 0x00, 0x00, 0x1f, 0xf8, 0xfe, 0x00, 0x0c, 0x01, 0xf8, 0x7f, 0xff, 0x00, 0x00,
  0xff, 0xff, 0xf8, 0x00, 0x00, 0x1f, 0xfc, 0xfe, 0x00, 0x0c, 0x01, 0xf0, 0x7f, 0xff, 0x00, 0x01, 0xff, 0xff, 0xf8, 0x00, 0x00, 0x1f, 0xfe, 0xfd,
  0x00, 0x0b, 0xf0, 0x7f, 0xff, 0x00, 0x01, 0xff, 0xff, 0xf8, 0x00, 0x00, 0x1f, 0xfe, 0xfc, 0x00, 0x0a, 0x7f, 0xfe, 0x00, 0x01, 0xff, 0xff, 0xf8,
  0x00, 0x00, 0x0f, 0xfe, 0xfc, 0x00, 0x0a, 0x7f, 0xfe, 0x00, 0x03, 0xff, 0xff, 0xf0, 0x00, 0x00, 0x07, 0xfc, 0xfc, 0x00, 0x06, 0x7f, 0xfe, 0x00,
  0x03, 0xff, 0xff, 0xf0, 0xfe, 0x00, 0x00, 0xfc, 0xfc, 0x00, 0x06, 0x7f, 0xfc, 0x00, 0x03, 0xff, 0xff, 0xe0, 0xf8, 0x00, 0x06, 0x3f, 0xfc, 0x00,
  0x03, 0xff, 0xff, 0xe0, 0xf8, 0x00, 0x06, 0x3f, 0xf8, 0x00, 0x03, 0xff, 0xff, 0xc0, 0xf8, 0x00, 0x06, 0x1f, 0xf0, 0x00, 0x03, 0xff, 0xff, 0xc0,
  0xf8, 0x00, 0x06, 0x1f, 0xc0, 0x00, 0x03, 0xff, 0xff, 0x80, 0xf8, 0x00, 0x06, 0x1f, 0xc1, 0xc0, 0x03, 0xff, 0xff, 0x80, 0xf8, 0x00, 0x06, 0x1f,
  0xc3, 0xe0, 0x03, 0xff, 0xff, 0x80, 0xf8, 0x00, 0x05, 0x1f, 0x87, 0xf0, 0x01, 0xff, 0xff, 0xf7, 0x00, 0x05, 0x07, 0x07, 0xf0, 0x01, 0xff, 0xfe,
  0xf6, 0x00, 0x04, 0x07, 0xf0, 0x00, 0x7f, 0xfc, 0xf6, 0x00, 0x04, 0x07, 0xf0, 0x00, 0x3f, 0xf8, 0xf6, 0x00, 0x04, 0x0f, 0xf8, 0x00, 0x0f, 0xf0,
  0xf6, 0x00, 0x02, 0x0f, 0xff, 0x80, 0xf4, 0x00, 0x02, 0x0f, 0xff, 0x80, 0xf4, 0x00, 0x02, 0x0f, 0xff, 0x80, 0xf4, 0x00, 0x02, 0x1f, 0xff, 0x80,
  0xf4, 0x00, 0x02, 0x0f, 0xff, 0x80, 0xf4, 0x00, 0x01, 0x0f, 0x9f, 0xa0, 0x00, 0x00, 0x3c, 0xf2, 0x00, 0x00, 0x7f, 0xf2, 0x00, 0x01, 0xff, 0x80,
  0xf3, 0x00, 0x01, 0xff, 0x80, 0xf3, 0x00, 0x01, 0xff, 0xc0, 0xf3, 0x00, 0x01, 0x7f, 0xc0, 0xf8, 0x00, 0x00, 0x03, 0xfd, 0x00, 0x01, 0x1f, 0x80,
  0xf8, 0x00, 0x01, 0x03, 0xc0, 0xfe, 0x00, 0x00, 0x07, 0xf7, 0x00, 0x01, 0x07, 0xe0, 0xf3, 0x00, 0x01, 0x07, 0xe0, 0xf3, 0x00, 0x01, 0x07, 0xe0,
  0xf3, 0x00, 0x01, 0x07, 0xe0, 0xf3, 0x00, 0x01, 0x07, 0xe0, 0xf3, 0x00, 0x01, 0x07, 0xc0, 0x95, 0x00, 0xfd, 0x00, 0x02, 0x01, 0xff, 0xc0, 0xf4,
  0x00, 0x02, 0x01, 0xff, 0xc0, 0xf4, 0x00, 0x02, 0x07, 0xff, 0x80, 0xf4, 0x00, 0x01, 0x7f, 0xfe, 0xf4, 0x00, 0x02, 0x01, 0xff, 0xc8, 0xf4, 0x00,
  0x05, 0x03, 0xff, 0xe0, 0x00, 0x00, 0xf8, 0xf7, 0x00, 0x05, 0x07, 0xff, 0xe0, 0x00, 0x03, 0xff, 0xf7, 0x00, 0x06, 0x0f, 0xff, 0xe0, 0x00, 0x07,
  0xff, 0xc0, 0xf8, 0x00, 0x06, 0x0f, 0xff, 0xe0, 0x00, 0x0f, 0xff, 0xf0, 0xf8, 0x00, 0x06, 0x1f, 0xff, 0xc0, 0x00, 0x1f, 0xff, 0xf0, 0xfa, 0x00,
  0x08, 0x01, 0xc0, 0x1f, 0xff, 0xc0, 0x00, 0x3f, 0xff, 0xf8, 0xfa, 0x00, 0x08, 0x01, 0xe0, 0x3f, 0xff, 0xc0, 0x00, 0x3f, 0xff, 0xf8, 0xfa, 0x00,
  0x08, 0x01, 0xfc, 0x3f, 0xff, 0x80, 0x00, 0x7f, 0xff, 0xf8, 0xfa, 0x00, 0x08, 0x01, 0xff, 0x3f, 0xff, 0x80, 0x00, 0x7f, 0xff, 0xf8, 0xfe, 0x00,
  0x00, 0x3c, 0xfe, 0x00, 0x00, 0x01, 0xfe, 0xff, 0x04, 0x80, 0x00, 0xff, 0xff, 0xf8, 0xfe, 0x00, 0x00, 0x3e, 0xfe, 0x00, 0x00, 0x01, 0xfe, 0xff,
  0x04, 0x00, 0x00, 0xff, 0xff, 0xf8, 0xfe, 0x00, 0x00, 0x3e, 0xfd, 0x00, 0x07, 0x7f, 0xff, 0xff, 0x00, 0x01, 0xff, 0xff, 0xf8, 0xfe, 0x00, 0x00,
  0x3e, 0xfd, 0x00, 0x07, 0x3f, 0xff, 0xff, 0x00, 0x01, 0xff, 0xff, 0xf8, 0xfe, 0x00, 0x00, 0x3e, 0xfd, 0x00, 0x07, 0x1f, 0xff, 0xfe, 0x00, 0x01,
  0xff, 0xff, 0xf8, 0xfe, 0x00, 0x00, 0x3e, 0xfd, 0x00, 0x07, 0x0f, 0xff, 0xfe, 0x00, 0x03, 0xff, 0xff, 0xf0, 0xfe, 0x00, 0x00, 0x3e, 0xfc, 0x00,
  0x06, 0x7f, 0xfe, 0x00, 0x03, 0xff, 0xff, 0xf0, 0xfe, 0x00, 0x00, 0x3e, 0xfc, 0x00, 0x06, 0x7f, 0xfc, 0x00, 0x03, 0xff, 0xff, 0xe0, 0xfe, 0x00,
  0x00, 0x0c, 0xfc, 0x00, 0x06, 0x3f, 0xfc, 0x00, 0x03, 0xff, 0xff, 0xe0, 0xf8, 0x00, 0x06, 0x3f, 0xf8, 0x00, 0x03, 0xff, 0xff, 0xc0, 0xf8, 0x00,
  0x06, 0x1f, 0xf0, 0x00, 0x03, 0xff, 0xff, 0xc0, 0xf8, 0x00, 0x06, 0x03, 0xf8, 0x00, 0x03, 0xff, 0xff, 0x80, 0xf8, 0x00, 0x06, 0x01, 0xff, 0xc0,
  0x03, 0xff, 0xff, 0x80, 0xf8, 0x00, 0x06, 0x01, 0xff, 0xe0, 0x03, 0xff, 0xff, 0x80, 0xf8, 0x00, 0x05, 0x01, 0xff, 0xe0, 0x01, 0xff, 0xff, 0xf7,
  0x00, 0x05, 0x01, 0xff, 0xf0, 0x01, 0xff, 0xfe, 0xf6, 0x00, 0x04, 0x77, 0xf0, 0x00, 0x7f, 0xfc, 0xf6, 0x00, 0x04, 0x07, 0xf0, 0x00, 0x3f, 0xf8,
  0xf6, 0x00, 0x04, 0x07, 0xf0, 0x00, 0x0f, 0xf0, 0xf6, 0x00, 0x01, 0x0f, 0xf0, 0xf3, 0x00, 0x02, 0x0f, 0xf7, 0xf0, 0xf4, 0x00, 0x02, 0x0f, 0xff,
  0xfe, 0xf4, 0x00, 0x02, 0x1f, 0xef, 0xff, 0xf4, 0x00, 0x02, 0x0f, 0xcf, 0xff, 0xf4, 0x00, 0x02, 0x0f, 0x87, 0xfe, 0xf2, 0x00, 0x00, 0xfe, 0xf2,
  0x00, 0x00, 0x3c, 0xb1, 0x00, 0x01, 0x07, 0xe0, 0xf3, 0x00, 0x01, 0x0f, 0xe0, 0xf3, 0x00, 0x01, 0x1f, 0xf8, 0xf3, 0x00, 0x01, 0x1f, 0xfc, 0xf3,
  0x00, 0x01, 0x0f, 0xfe, 0xf3, 0x00, 0x01, 0x07, 0xfc, 0xf3, 0x00, 0x01, 0x01, 0xfc, 0xf7, 0x00, 0x00, 0x7c, 0xfd, 0x00, 0x00, 0x38, 0xf7, 0x00,
  0x00, 0xfe, 0xf2, 0x00, 0x00, 0xff, 0xf3, 0x00, 0x01, 0x01, 0xff, 0xf3, 0x00, 0x01, 0x01, 0xff, 0xf2, 0x00, 0x00, 0x7e, 0x95, 0x00, 0xfc, 0x00,
  0x02, 0x03, 0xff, 0x80, 0xf4, 0x00, 0x02, 0x03, 0xff, 0x80, 0xf4, 0x00, 0x02, 0x03, 0xff, 0x80, 0xf5, 0x00, 0x02, 0x7f, 0x83, 0xff, 0xf5, 0x00,
  0x03, 0x01, 0xff, 0xc3, 0xfe, 0xf5, 0x00, 0x05, 0x03, 0xff, 0xe0, 0x38, 0x00, 0xf8, 0xf7, 0x00, 0x05, 0x07, 0xff, 0xe0, 0x00, 0x03, 0xff, 0xf7,
  0x00, 0x06, 0x0f, 0xff, 0xe0, 0x00, 0x07, 0xff, 0xc0, 0xf8, 0x00, 0x06, 0x0f, 0xff, 0xe0, 0x00, 0x0f, 0xff, 0xf0, 0xf8, 0x00, 0x06, 0x1f, 0xff,
  0xc0, 0x00, 0x1f, 0xff, 0xf0, 0xf8, 0x00, 0x06, 0x1f, 0xff, 0xc0, 0x00, 0x3f, 0xff, 0xf8, 0xf9, 0x00, 0x07, 0x7c, 0x3f, 0xff, 0xc0, 0x00, 0x3f,
  0xff, 0xf8, 0xfa, 0x00, 0x00, 0x01, 0xfe, 0xff, 0x04, 0x80, 0x00, 0x7f, 0xff, 0xf8, 0xfa, 0x00, 0x00, 0x01, 0xfe, 0xff, 0x04, 0x80, 0x00, 0x7f,
  0xff, 0xf8, 0xfa, 0x00, 0x00, 0x01, 0xfe, 0xff, 0x04, 0x80, 0x00, 0xff, 0xff, 0xf8, 0xfe, 0x00, 0x00, 0x04, 0xfe, 0x00, 0x00, 0x01, 0xfe, 0xff,
  0x04, 0x00, 0x00, 0xff, 0xff, 0xf8, 0xfe, 0x00, 0x00, 0x04, 0xfd, 0x00, 0xfe, 0xff, 0x04, 0x00, 0x01, 0xff, 0xff, 0xf8, 0xfe, 0x00, 0x00, 0x04,
  0xfd, 0x00, 0x07, 0x3f, 0xff, 0xfe, 0x00, 0x01, 0xff, 0xff, 0xf8, 0xfe, 0x00, 0x00, 0x04, 0xfd, 0x00, 0x07, 0x03, 0xff, 0xfe, 0x00, 0x01, 0xff,
  0xff, 0xf8, 0xfe, 0x00, 0x00, 0x04, 0xfd, 0x00, 0x07, 0x03, 0xff, 0xfe, 0x00, 0x03, 0xff, 0xff, 0xf0, 0xf8, 0x00, 0x06, 0xff, 0xfe, 0x00, 0x03,
  0xff, 0xff, 0xf0, 0xf8, 0x00, 0x06, 0x7f, 0xfc, 0x00, 0x03, 0xff, 0xff, 0xe0, 0xf8, 0x00, 0x06, 0x3f, 0xfc, 0x00, 0x03, 0xff, 0xff, 0xe0, 0xf8,
  0x00, 0x06, 0x3f, 0xf8, 0x00, 0x03, 0xff, 0xff, 0xc0, 0xf8, 0x00, 0x06, 0x1f, 0xf0, 0x00, 0x03, 0xff, 0xff, 0xc0, 0xf8, 0x00, 0x06, 0x01, 0xcf,
  0x00, 0x03, 0xff, 0xff, 0x80, 0xf7, 0x00, 0x05, 0x1f, 0xc0, 0x03, 0xff, 0xff, 0x80, 0xf7, 0x00, 0x05, 0x1f, 0xe0, 0x03, 0xff, 0xff, 0x80, 0xf7,
  0x00, 0x04, 0x1f, 0xf0, 0x01, 0xff, 0xff, 0xf6, 0x00, 0x04, 0x1f, 0xf0, 0x01, 0xff, 0xfe, 0xf6, 0x00, 0x04, 0x1f, 0xf0, 0x00, 0x7f, 0xfc, 0xf6,
  0x00, 0x04, 0x0f, 0xf0, 0x00, 0x3f, 0xf8, 0xf6, 0x00, 0x04, 0x07, 0xf0, 0x00, 0x0f, 0xf0, 0xf6, 0x00, 0x01, 0x0f, 0xf0, 0xf3, 0x00, 0x01, 0x0f,
  0xf0, 0xf3, 0x00, 0x01, 0x0f, 0xf0, 0xf3, 0x00, 0x03, 0x1f, 0xe0, 0x00, 0x70, 0xf5, 0x00, 0x03, 0x0f, 0xc0, 0x03, 0xfe, 0xf5, 0x00, 0x03, 0x0f,
  0x80, 0x03, 0xfe, 0xf3, 0x00, 0x01, 0x03, 0xfe, 0xf3, 0x00, 0x01, 0x03, 0xfe, 0xf3, 0x00, 0x01, 0x01, 0xfe, 0xf2, 0x00, 0x00, 0x38, 0xc1, 0x00,
  0x00, 0x08, 0xf2, 0x00, 0x01, 0x1f, 0x80, 0xf3, 0x00, 0x01, 0x1f, 0xc0, 0xf9, 0x00, 0x00, 0xf0, 0xfc, 0x00, 0x01, 0x3f, 0xe0, 0xfa, 0x00, 0x01,
  0x01, 0xf8, 0xfc, 0x00, 0x01, 0x3f, 0xe0, 0xfa, 0x00, 0x01, 0x01, 0xfc, 0xfc, 0x00, 0x01, 0x1f, 0xe0, 0xf9, 0x00, 0x00, 0xfc, 0xfc, 0x00, 0x01,
  0x0f, 0xe0, 0xf9, 0x00, 0x02, 0xf8, 0x00, 0xe0, 0xfe, 0x00, 0x01, 0x03, 0xc0, 0xf8, 0x00, 0x01, 0x03, 0xf0, 0xf3, 0x00, 0x01, 0x03, 0xf0, 0xf3,
  0x00, 0x01, 0x03, 0xf0, 0xf3, 0x00, 0x01, 0x01, 0xe0, 0x96, 0x00, 0xfb, 0x00, 0x01, 0x01, 0xe0, 0xf3, 0x00, 0x01, 0x07, 0xfe, 0xf3, 0x00, 0x01,
  0x0f, 0xff, 0xf5, 0x00, 0x03, 0x3f, 0x80, 0x0f, 0xff, 0xf5, 0x00, 0x03, 0xff, 0xc0, 0x0f, 0xff, 0xf6, 0x00, 0x05, 0x01, 0xff, 0xc0, 0x07, 0xfe,
  0x40, 0xf7, 0x00, 0x05, 0x03, 0xff, 0xc0, 0x07, 0xff, 0xfc, 0xf7, 0x00, 0x06, 0x07, 0xff, 0xc0, 0x00, 0xfb, 0xff, 0x80, 0xf8, 0x00, 0x06, 0x0f,
  0xff, 0xc0, 0x00, 0x07, 0xff, 0xe0, 0xf8, 0x00, 0x06, 0x0f, 0xff, 0xc0, 0x00, 0x0f, 0xff, 0xe0, 0xf8, 0x00, 0x06, 0x1f, 0xff, 0xc0, 0x00, 0x1f,
  0xff, 0xf0, 0xf8, 0x00, 0x06, 0x3f, 0xff, 0x80, 0x00, 0x3f, 0xff, 0xf8, 0xf8, 0x00, 0x06, 0x7f, 0xff, 0x80, 0x00, 0x7f, 0xff, 0xf8, 0xf9, 0x00,
  0x07, 0x03, 0xff, 0xff, 0x80, 0x00, 0xff, 0xff, 0xf8, 0xf9, 0x00, 0x07, 0x07, 0xff, 0xff, 0x80, 0x00, 0xff, 0xff, 0xf8, 0xf9, 0x00, 0x07, 0x0f,
  0xff, 0xff, 0x00, 0x01, 0xff, 0xff, 0xf8, 0xf9, 0x00, 0x07, 0x0f, 0xff, 0xff, 0x00, 0x01, 0xff, 0xff, 0xf8, 0xf9, 0x00, 0x07, 0x07, 0xff, 0xff,
  0x00, 0x03, 0xff, 0xff, 0xf8, 0xf9, 0x00, 0x07, 0x03, 0xff, 0xfe, 0x00, 0x03, 0xff, 0xff, 0xf0, 0xf8, 0x00, 0x06, 0xff, 0xfe, 0x00, 0x07, 0xff,
  0xff, 0xf0, 0xf8, 0x00, 0x06, 0x7f, 0xfe, 0x00, 0x07, 0xff, 0xff, 0xe0, 0xf8, 0x00, 0x06, 0x7f, 0xfc, 0x00, 0x07, 0xff, 0xff, 0xe0, 0xf8, 0x00,
  0x06, 0x7f, 0xfc, 0x00, 0x07, 0xff, 0xff, 0xe0, 0xf8, 0x00, 0x06, 0x7f, 0xfc, 0x00, 0x07, 0xff, 0xff, 0xc0, 0xf8, 0x00, 0x06, 0x3f, 0xf8, 0x00,
  0x07, 0xff, 0xff, 0xc0, 0xf8, 0x00, 0x06, 0x1f, 0xf0, 0x00, 0x0f, 0xff, 0xff, 0x80, 0xf8, 0x00, 0x06, 0x03, 0xc0, 0x00, 0x0f, 0xff, 0xff, 0x80,
  0xf7, 0x00, 0x05, 0x03, 0xf0, 0x07, 0xff, 0xff, 0x80, 0xf7, 0x00, 0x04, 0x03, 0xf8, 0x07, 0xff, 0xff, 0xf6, 0x00, 0x04, 0x07, 0xf8, 0x03, 0xff,
  0xfe, 0xf6, 0x00, 0x04, 0x0f, 0xf8, 0x03, 0xff, 0xfe, 0xf6, 0x00, 0x04, 0x0f, 0xf0, 0x01, 0xff, 0xfc, 0xf6, 0x00, 0x04, 0x0f, 0xf0, 0x00, 0xff,
  0xf8, 0xf6, 0x00, 0x04, 0x1f, 0xf0, 0x00, 0x3f, 0xf0, 0xf6, 0x00, 0x04, 0x1f, 0xf0, 0x00, 0x03, 0x80, 0xf6, 0x00, 0x01, 0x3f, 0xf0, 0xf3, 0x00,
  0x01, 0x3f, 0xf0, 0xf3, 0x00, 0x01, 0x3f, 0xf0, 0xf3, 0x00, 0x04, 0x3f, 0xf0, 0x00, 0x1f, 0xc0, 0xf6, 0x00, 0x04, 0x3f, 0xe0, 0x00, 0x3f, 0xf8,
  0xf6, 0x00, 0x04, 0x0f, 0xc0, 0x00, 0x3f, 0xfc, 0xf3, 0x00, 0x01, 0x3f, 0xf8, 0xf3, 0x00, 0x01, 0x0f, 0xf8, 0xf3, 0x00, 0x01, 0x03, 0xf8, 0xf2,
  0x00, 0x00, 0x20, 0xc2, 0x00, 0x01, 0x03, 0xf0, 0xf3, 0x00, 0x01, 0x03, 0xfc, 0xf9, 0x00, 0x00, 0x0f, 0xfc, 0x00, 0x01, 0x07, 0xfe, 0xf9, 0x00,
  0x01, 0x1f, 0xe0, 0xfd, 0x00, 0x01, 0x07, 0xff, 0xf9, 0x00, 0x01, 0x3f, 0xe0, 0xfd, 0x00, 0x01, 0x03, 0xff, 0xf9, 0x00, 0x01, 0x3f, 0xf0, 0xfc,
  0x00, 0x00, 0xff, 0xf9, 0x00, 0x02, 0x1f, 0xe0, 0x3c, 0xfd, 0x00, 0x00, 0x7f, 0xf9, 0x00, 0x02, 0x07, 0xc0, 0x7f, 0xfd, 0x00, 0x00, 0x0e, 0xf7,
  0x00, 0x00, 0x7f, 0xf2, 0x00, 0x00, 0x1e, 0x96, 0x00, 0xd9, 0x00, 0x00, 0xc0, 0xf3, 0x00, 0x01, 0x0f, 0xfc, 0xf3, 0x00, 0x01, 0x1f, 0xfc, 0xf3,
  0x00, 0x01, 0x1f, 0xfe, 0xf6, 0x00, 0x04, 0x3e, 0x00, 0x00, 0x0f, 0xfc, 0xf6, 0x00, 0x04, 0xff, 0x00, 0x00, 0x0f, 0xfc, 0xf7, 0x00, 0x05, 0x03,
  0xff, 0x00, 0x00, 0x0b, 0xf0, 0xf7, 0x00, 0x05, 0x07, 0xff, 0x80, 0x00, 0x01, 0xc0, 0xf7, 0x00, 0x05, 0x0f, 0xff, 0x80, 0x00, 0x07, 0xf8, 0xf7,
  0x00, 0x05, 0x1f, 0xff, 0x80, 0x00, 0x1f, 0xfe, 0xf7, 0x00, 0x05, 0x3f, 0xff, 0x00, 0x00, 0x7f, 0xff, 0xf7, 0x00, 0x06, 0x3f, 0xff, 0x00, 0x00,
  0x7f, 0xff, 0x80, 0xf8, 0x00, 0x06, 0x3f, 0xff, 0x00, 0x00, 0xff, 0xff, 0xc0, 0xf8, 0x00, 0x06, 0x3f, 0xfe, 0x00, 0x00, 0xff, 0xff, 0xe0, 0xf8,
  0x00, 0x06, 0x7f, 0xfe, 0x00, 0x01, 0xff, 0xff, 0xe0, 0xf8, 0x00, 0x06, 0x7f, 0xfe, 0x00, 0x01, 0xff, 0xff, 0xe0, 0xf8, 0x00, 0x06, 0x7f, 0xfe,
  0x00, 0x03, 0xff, 0xff, 0xe0, 0xf8, 0x00, 0x06, 0x7f, 0xfe, 0x00, 0x03, 0xff, 0xff, 0xe0, 0xf8, 0x00, 0x06, 0x7f, 0xff, 0x00, 0x07, 0xff, 0xff,
  0xe0, 0xf8, 0x00, 0x06, 0xff, 0xff, 0x00, 0x07, 0xff, 0xff, 0xc0, 0xf8, 0x00, 0x06, 0xff, 0xff, 0x00, 0x07, 0xff, 0xff, 0xc0, 0xf9, 0x00, 0x07,
  0x01, 0xff, 0xfe, 0x00, 0x07, 0xff, 0xff, 0xc0, 0xf9, 0x00, 0x07, 0x01, 0xff, 0xfc, 0x00, 0x0f, 0xff, 0xff, 0x80, 0xf8, 0x00, 0x06, 0xff, 0xfc,
  0x00, 0x1f, 0xff, 0xff, 0x80, 0xf8, 0x00, 0x06, 0xff, 0xf8, 0x00, 0x3f, 0xff, 0xff, 0x80, 0xf8, 0x00, 0x05, 0x7f, 0xf0, 0x08, 0x7f, 0xff, 0xff,
  0xf7, 0x00, 0x05, 0x3f, 0xe3, 0x9f, 0x3f, 0xff, 0xff, 0xf7, 0x00, 0x05, 0x03, 0x07, 0xff, 0x7f, 0xff, 0xfe, 0xf6, 0x00, 0x04, 0x0f, 0xff, 0xbf,
  0xff, 0xfe, 0xf6, 0x00, 0x04, 0x0f, 0xff, 0xbf, 0xff, 0xfe, 0xf6, 0x00, 0x04, 0x3f, 0xff, 0x1f, 0xff, 0xfc, 0xf6, 0x00, 0x04, 0xff, 0xfe, 0x0f,
  0xff, 0xfc, 0xf6, 0x00, 0x04, 0xff, 0xf8, 0x07, 0xff, 0xf0, 0xf6, 0x00, 0x04, 0xff, 0xf8, 0x01, 0xff, 0xe0, 0xf6, 0x00, 0x03, 0xff, 0xfc, 0x00,
  0x7f, 0xf5, 0x00, 0x01, 0xff, 0xfe, 0xf3, 0x00, 0x01, 0xff, 0xff, 0xf4, 0x00, 0x02, 0x01, 0xff, 0xff, 0xf4, 0x00, 0x06, 0x01, 0xcf, 0xff, 0x80,
  0x00, 0x3f, 0xc0, 0xf8, 0x00, 0x06, 0x01, 0xe3, 0xff, 0x80, 0x00, 0x7f, 0xf0, 0xf7, 0x00, 0x05, 0xff, 0xff, 0x80, 0x00, 0x7f, 0xf8, 0xf7, 0x00,
  0x05, 0xff, 0xff, 0x00, 0x00, 0x7f, 0xf8, 0xf7, 0x00, 0x05, 0x3f, 0xfe, 0x00, 0x00, 0x3f, 0xf0, 0xf7, 0x00, 0x05, 0x03, 0xc0, 0x00, 0x00, 0x07,
  0xf0, 0xc2, 0x00, 0x00, 0x0f, 0xf2, 0x00, 0x01, 0x1f, 0xc0, 0xf3, 0x00, 0x01, 0x3f, 0xe0, 0xf9, 0x00, 0x00, 0x7e, 0xfc, 0x00, 0x01, 0x3f, 0xf0,
  0xf9, 0x00, 0x01, 0xff, 0x80, 0xfd, 0x00, 0x01, 0x3f, 0xf8, 0xf9, 0x00, 0x01, 0xff, 0x80, 0xfd, 0x00, 0x01, 0x0f, 0xf8, 0xf9, 0x00, 0x01, 0xff,
  0x80, 0xfd, 0x00, 0x01, 0x07, 0xf8, 0xf9, 0x00, 0x02, 0x3f, 0x03, 0xe0, 0xfd, 0x00, 0x00, 0xf0, 0x8c, 0x00, 0xb9, 0x00, 0x01, 0x07, 0x80, 0xf3,
  0x00, 0x01, 0x1f, 0xf0, 0xf3, 0x00, 0x01, 0x3f, 0xf8, 0xf3, 0x00, 0x01, 0x3f, 0xf8, 0xf3, 0x00, 0x01, 0x3f, 0xf8, 0xf3, 0x00, 0x01, 0x3f, 0xf8,
  0xf3, 0x00, 0x01, 0x07, 0xe0, 0xd8, 0x00, 0x01, 0x01, 0xc0, 0xf3, 0x00, 0x01, 0x07, 0xf0, 0xf3, 0x00, 0x04, 0x1f, 0xfc, 0x00, 0x00, 0x38, 0xf6,
  0x00, 0x05, 0x3f, 0xff, 0xc0, 0x01, 0xff, 0xc0, 0xf7, 0x00, 0x05, 0x3f, 0xff, 0xf0, 0x07, 0xff, 0xf0, 0xf7, 0x00, 0x05, 0x7f, 0xff, 0xf0, 0x0f,
  0xff, 0xf8, 0xf7, 0x00, 0x05, 0x7f, 0xff, 0xf0, 0x0f, 0xff, 0xfc, 0xf7, 0x00, 0x05, 0x7f, 0xff, 0xf8, 0x1f, 0xff, 0xfe, 0xf7, 0x00, 0x05, 0xff,
  0xff, 0xf8, 0x1f, 0xff, 0xfe, 0xf7, 0x00, 0x05, 0xff, 0xff, 0xf8, 0x1f, 0xff, 0xfe, 0xf7, 0x00, 0x05, 0xff, 0xff, 0xf8, 0x1f, 0xff, 0xfe, 0xf7,
  0x00, 0x05, 0xff, 0xff, 0xf0, 0x1f, 0xff, 0xfe, 0xf7, 0x00, 0x05, 0xff, 0xf8, 0x00, 0x1f, 0xff, 0xfe, 0xf7, 0x00, 0x05, 0x7f, 0xf8, 0x00, 0x3f,
  0xff, 0xfc, 0xf7, 0x00, 0x05, 0x3f, 0xf0, 0x00, 0x3f, 0xff, 0xfc, 0xf7, 0x00, 0x01, 0x3f, 0xe3, 0xfe, 0xff, 0x00, 0xf8, 0xf6, 0x00, 0x00, 0x07,
  0xfe, 0xff, 0x00, 0xfc, 0xf6, 0x00, 0x00, 0x1f, 0xfe, 0xff, 0x00, 0xfc, 0xf6, 0x00, 0x00, 0x1f, 0xfe, 0xff, 0x00, 0xfe, 0xf6, 0x00, 0x00, 0x3f,
  0xfe, 0xff, 0x00, 0xfc, 0xf6, 0x00, 0x00, 0x7f, 0xfe, 0xff, 0x00, 0xf8, 0xf6, 0x00, 0x04, 0xff, 0xff, 0xf7, 0xff, 0xf0, 0xf6, 0x00, 0x04, 0xff,
  0xff, 0xf1, 0xff, 0xc0, 0xf6, 0x00, 0x03, 0xff, 0xff, 0xf0, 0x3f, 0xf5, 0x00, 0x02, 0xff, 0xfe, 0xf0, 0xf4, 0x00, 0x02, 0xff, 0xff, 0x70, 0xf5,
  0x00, 0x03, 0x01, 0xfb, 0xff, 0xf0, 0xf5, 0x00, 0x03, 0x01, 0xf8, 0xff, 0xf0, 0xf5, 0x00, 0x03, 0x01, 0xfb, 0xff, 0xf0, 0xf4, 0x00, 0x05, 0xff,
  0xff, 0xe0, 0x00, 0x00, 0xff, 0xf7, 0x00, 0x06, 0xff, 0xff, 0xc0, 0x00, 0x00, 0xff, 0xc0, 0xf8, 0x00, 0x06, 0x3f, 0xff, 0xc0, 0x00, 0x00, 0xff,
  0xe0, 0xf8, 0x00, 0x06, 0x1f, 0xff, 0x80, 0x00, 0x00, 0xff, 0xe0, 0xf8, 0x00, 0x01, 0x07, 0xfe, 0xfe, 0x00, 0x01, 0x7f, 0xe0, 0xf8, 0x00, 0x01,
  0x01, 0xf8, 0xfe, 0x00, 0x01, 0x0f, 0xc0, 0xd2, 0x00, 0x00, 0x70, 0xf2, 0x00, 0x00, 0xfc, 0xf3, 0x00, 0x01, 0x01, 0xff, 0xf9, 0x00, 0x01, 0x01,
  0xe0, 0xfd, 0x00, 0x02, 0x03, 0xff, 0x80, 0xfa, 0x00, 0x01, 0x03, 0xfc, 0xfd, 0x00, 0x02, 0x03, 0xff, 0x80, 0xfa, 0x00, 0x01, 0x03, 0xfe, 0xfd,
  0x00, 0x02, 0x01, 0xff, 0xc0, 0xfa, 0x00, 0x01, 0x03, 0xfe, 0xfc, 0x00, 0x01, 0x7f, 0xc0, 0xfa, 0x00, 0x01, 0x01, 0xfc, 0x96, 0x00, 0xcd, 0x00,
  0x01, 0x1f, 0x80, 0xf3, 0x00, 0x01, 0x7f, 0xc0, 0xf3, 0x00, 0x01, 0xff, 0xe0, 0xf4, 0x00, 0x06, 0x01, 0xff, 0xe0, 0x00, 0x01, 0xff, 0x3f, 0xf8,
  0x00, 0x07, 0x03, 0xff, 0xe0, 0x00, 0x03, 0xff, 0xff, 0x80, 0xf9, 0x00, 0x07, 0x03, 0xff, 0xc0, 0x00, 0x0f, 0xff, 0xff, 0xe0, 0xf9, 0x00, 0x07,
  0x03, 0xff, 0x80, 0x00, 0x1f, 0xff, 0xff, 0xe0, 0xf9, 0x00, 0x07, 0x03, 0xff, 0x00, 0x00, 0x1f, 0xff, 0xff, 0xf0, 0xf9, 0x00, 0x07, 0x03, 0xff,
  0x00, 0x00, 0x3f, 0xff, 0xff, 0xe0, 0xf9, 0x00, 0x06, 0x01, 0xfe, 0x00, 0x00, 0x3f, 0xff, 0xff, 0xf8, 0x00, 0x06, 0x01, 0xf0, 0x00, 0x00, 0x3f,
  0xff, 0xe0, 0xf8, 0x00, 0x06, 0x07, 0xf0, 0x00, 0x00, 0x3f, 0xff, 0xe0, 0xf8, 0x00, 0x06, 0x1f, 0xf8, 0x3f, 0x80, 0x7f, 0xff, 0xe0, 0xf8, 0x00,
  0x06, 0x3f, 0xfc, 0xff, 0xc3, 0xff, 0xff, 0xc0, 0xf8, 0x00, 0x01, 0x3f, 0xfd, 0xfd, 0xff, 0x00, 0x80, 0xf8, 0x00, 0x00, 0x7f, 0xfc, 0xff, 0xf7,
  0x00, 0x00, 0x7f, 0xfd, 0xff, 0x00, 0xfe, 0xf7, 0x00, 0x00, 0x7f, 0xfd, 0xff, 0x00, 0xfe, 0xf7, 0x00, 0x00, 0x7f, 0xfd, 0xff, 0x00, 0xfe, 0xf7,
  0x00, 0x00, 0x3f, 0xfd, 0xff, 0x00, 0xfe, 0xf7, 0x00, 0x01, 0x3f, 0xfb, 0xfe, 0xff, 0x00, 0xfe, 0xf7, 0x00, 0x01, 0x0f, 0xf3, 0xfe, 0xff, 0x00,
  0xfe, 0xf6, 0x00, 0x04, 0x03, 0xff, 0xbf, 0xff, 0xfe, 0xf6, 0x00, 0x04, 0x07, 0x8e, 0x1f, 0xff, 0xfc, 0xf6, 0x00, 0x04, 0x07, 0xf0, 0x0f, 0xff,
  0xfc, 0xf6, 0x00, 0x04, 0x07, 0xfe, 0x07, 0xff, 0xf8, 0xf6, 0x00, 0x04, 0x0f, 0xff, 0x3f, 0xff, 0xf0, 0xf6, 0x00, 0x00, 0x1f, 0xfe, 0xff, 0x00,
  0xc0, 0xf6, 0x00, 0x03, 0x3f, 0xff, 0xff, 0xc0, 0xf5, 0x00, 0x03, 0x3f, 0xff, 0xff, 0x80, 0xf5, 0x00, 0x03, 0x3f, 0xff, 0xff, 0x80, 0xf5, 0x00,
  0x03, 0x3f, 0xff, 0xff, 0x80, 0xf5, 0x00, 0x03, 0x3f, 0xff, 0xff, 0x80, 0xf5, 0x00, 0x03, 0x3e, 0x0f, 0xff, 0x80, 0xf5, 0x00, 0x03, 0x3c, 0x03,
  0xff, 0x80, 0xf5, 0x00, 0x02, 0x3c, 0x03, 0xff, 0xf4, 0x00, 0x02, 0x3c, 0x0f, 0xff, 0xf4, 0x00, 0x02, 0x3c, 0x0f, 0xfe, 0xf4, 0x00, 0x02, 0x7e,
  0x3f, 0xfe, 0xf4, 0x00, 0x02, 0x7e, 0x3f, 0xfc, 0xf4, 0x00, 0x02, 0x3f, 0xff, 0xfc, 0xf4, 0x00, 0x06, 0x3f, 0xff, 0xf8, 0x00, 0x00, 0x01, 0xfe,
  0xf8, 0x00, 0x07, 0x1f, 0xff, 0xf0, 0x00, 0x00, 0x03, 0xff, 0xc0, 0xf9, 0x00, 0x07, 0x0f, 0xff, 0xc0, 0x00, 0x00, 0x03, 0xff, 0xc0, 0xf9, 0x00,
  0x01, 0x03, 0xff, 0xfe, 0x00, 0x02, 0x01, 0xff, 0xc0, 0xf3, 0x00, 0x01, 0xff, 0xc0, 0xf3, 0x00, 0x01, 0x1f, 0x80, 0xd3, 0x00, 0x01, 0x07, 0xc0,
  0xf3, 0x00, 0x01, 0x0f, 0xf0, 0xf3, 0x00, 0x01, 0x0f, 0xf8, 0xf9, 0x00, 0x01, 0x07, 0x80, 0xfd, 0x00, 0x01, 0x0f, 0xfc, 0xf9, 0x00, 0x01, 0x1f,
  0xe0, 0xfd, 0x00, 0x01, 0x0f, 0xf8, 0x8d, 0x00, 0xdd, 0x00, 0x00, 0x06, 0xf2, 0x00, 0x01, 0x3f, 0xc0, 0xf3, 0x00, 0x01, 0xff, 0xc0, 0xf4, 0x00,
  0x05, 0x01, 0xff, 0xe0, 0x00, 0x01, 0xff, 0xf7, 0x00, 0x06, 0x03, 0xff, 0xe0, 0x00, 0x07, 0xff, 0x80, 0xf8, 0x00, 0x06, 0x07, 0xff, 0xe0, 0x00,
  0x0f, 0xff, 0xc0, 0xf8, 0x00, 0x07, 0x07, 0xff, 0xe0, 0x00, 0x1f, 0xff, 0xe0, 0x7c, 0xf9, 0x00, 0x08, 0x07, 0xff, 0xc0, 0x00, 0x3f, 0xff, 0xf1,
  0xff, 0xc0, 0xfa, 0x00, 0x08, 0x07, 0xff, 0x80, 0x00, 0x3f, 0xff, 0xf1, 0xff, 0xc0, 0xfa, 0x00, 0x08, 0x07, 0xff, 0x00, 0x00, 0x7f, 0xff, 0xf1,
  0xff, 0xe0, 0xfa, 0x00, 0x08, 0x03, 0xfe, 0x00, 0x00, 0x7f, 0xff, 0xf1, 0xff, 0xc0, 0xf9, 0x00, 0x07, 0xfc, 0x00, 0x00, 0x7f, 0xff, 0xf0, 0xff,
  0xc0, 0xf8, 0x00, 0x05, 0x3f, 0x80, 0x7f, 0xff, 0xf0, 0x1f, 0xf7, 0x00, 0x04, 0x7f, 0xc0, 0x7f, 0xff, 0xe0, 0xf7, 0x00, 0x05, 0x01, 0xff, 0xf0,
  0x3f, 0xff, 0xe0, 0xf7, 0x00, 0x05, 0x01, 0xff, 0xf8, 0x3f, 0xff, 0xc0, 0xf7, 0x00, 0x05, 0x03, 0xff, 0xfc, 0x1f, 0xff, 0x80, 0xf7, 0x00, 0x04,
  0x03, 0xff, 0xfe, 0x07, 0xff, 0xf6, 0x00, 0x04, 0x07, 0xff, 0xff, 0x00, 0xf8, 0xf6, 0x00, 0x03, 0x07, 0xff, 0xff, 0x80, 0xf7, 0x00, 0x05, 0xc0,
  0x00, 0x07, 0xff, 0xff, 0x80, 0xf8, 0x00, 0x06, 0x01, 0xc0, 0x00, 0x07, 0xf7, 0xff, 0x80, 0xf8, 0x00, 0x06, 0x01, 0xe0, 0x00, 0x07, 0xf7, 0xff,
  0x80, 0xf8, 0x00, 0x06, 0x01, 0xe0, 0x00, 0x07, 0x83, 0xff, 0x80, 0xf8, 0x00, 0x06, 0x01, 0xe0, 0x00, 0x07, 0x83, 0xff, 0xc0, 0xf8, 0x00, 0x06,
  0x01, 0xe0, 0x00, 0x07, 0x81, 0x7f, 0xc0, 0xf7, 0x00, 0x05, 0xc0, 0x00, 0x07, 0x80, 0x07, 0xc0, 0xf5, 0x00, 0x03, 0x07, 0x80, 0x03, 0xc0, 0xf5,
  0x00, 0x03, 0x07, 0x80, 0x03, 0xc0, 0xf5, 0x00, 0x03, 0x0f, 0x00, 0x03, 0xc0, 0xf5, 0x00, 0x03, 0x0f, 0x00, 0x07, 0xe0, 0xf5, 0x00, 0x03, 0x0f,
  0x00, 0x07, 0xf0, 0xf5, 0x00, 0x03, 0x0e, 0x00, 0x1f, 0xe0, 0xf5, 0x00, 0x03, 0x0e, 0x00, 0xff, 0xe0, 0xf5, 0x00, 0x03, 0x1e, 0x00, 0xff, 0xc0,
  0xf5, 0x00, 0x03, 0x1e, 0x03, 0x7f, 0x80, 0xf5, 0x00, 0x03, 0x1e, 0x03, 0x7f, 0x80, 0xf5, 0x00, 0x02, 0x1c, 0x0f, 0xff, 0xf4, 0x00, 0x02, 0x1c,
  0x0f, 0xff, 0xf4, 0x00, 0x02, 0x1e, 0x0f, 0xfe, 0xf4, 0x00, 0x02, 0x1e, 0x0f, 0xfc, 0xf4, 0x00, 0x02, 0x0f, 0x0f, 0xfc, 0xf4, 0x00, 0x02, 0x0f,
  0xff, 0xf8, 0xf4, 0x00, 0x02, 0x07, 0xff, 0xf0, 0xfd, 0x00, 0x00, 0xe0, 0xf9, 0x00, 0x02, 0x03, 0xff, 0xc0, 0xfe, 0x00, 0x01, 0x07, 0xfc, 0xf9,
  0x00, 0x02, 0x01, 0xff, 0x80, 0xfe, 0x00, 0x01, 0x07, 0xff, 0xf8, 0x00, 0x00, 0x08, 0xfd, 0x00, 0x02, 0x07, 0xff, 0x80, 0xf4, 0x00, 0x01, 0x03,
  0xff, 0xf3, 0x00, 0x01, 0x01, 0xff, 0xf2, 0x00, 0x00, 0x7f, 0xe2, 0x00, 0x00, 0x3c, 0xf2, 0x00, 0x00, 0x7f, 0xf2, 0x00, 0x01, 0xff, 0x80, 0xf3,
  0x00, 0x01, 0xff, 0x80, 0x8e, 0x00, 0xfd, 0x00, 0x01, 0x07, 0xf0, 0xf3, 0x00, 0x01, 0x1f, 0xf8, 0xf3, 0x00, 0x05, 0x3f, 0xfc, 0x00, 0x00, 0x1f,
  0x80, 0xf7, 0x00, 0x05, 0x7f, 0xfc, 0x00, 0x00, 0x7f, 0xf0, 0xf7, 0x00, 0x05, 0xff, 0xfc, 0x00, 0x01, 0xff, 0xfc, 0xf8, 0x00, 0x06, 0x01, 0xff,
  0xfc, 0x00, 0x07, 0xff, 0xfc, 0xf8, 0x00, 0x06, 0x01, 0xff, 0xf8, 0x00, 0x07, 0xff, 0xfe, 0xf8, 0x00, 0x06, 0x01, 0xff, 0xf0, 0x00, 0x0f, 0xff,
  0xfe, 0xf8, 0x00, 0x06, 0x01, 0xff, 0xe0, 0x00, 0x0f, 0xff, 0xfe, 0xf8, 0x00, 0x08, 0x01, 0xff, 0xc0, 0x00, 0x1f, 0xff, 0xfe, 0x00, 0x40, 0xf9,
  0x00, 0x07, 0xff, 0x04, 0x00, 0x1f, 0xff, 0xfe, 0x01, 0xfc, 0xf9, 0x00, 0x07, 0x3c, 0x7f, 0xc0, 0x1f, 0xff, 0xfe, 0x03, 0xfc, 0xf8, 0x00, 0x06,
  0xff, 0xf0, 0x1f, 0xff, 0xfc, 0x07, 0xfc, 0xf9, 0x00, 0x07, 0x01, 0xff, 0xf8, 0x0f, 0xff, 0xfc, 0x07, 0xfc, 0xf9, 0x00, 0x07, 0x03, 0xff, 0xfe,
  0x07, 0xff, 0xf8, 0x07, 0xfc, 0xf9, 0x00, 0x07, 0x03, 0xff, 0xff, 0x03, 0xff, 0xf0, 0x03, 0xf0, 0xf9, 0x00, 0x05, 0x07, 0xff, 0xff, 0x80, 0xff,
  0xe0, 0xf7, 0x00, 0x04, 0x07, 0xff, 0xff, 0x80, 0x1f, 0xf6, 0x00, 0x03, 0x07, 0xff, 0xff, 0xc0, 0xf5, 0x00, 0x03, 0x07, 0xf0, 0x7f, 0xc0, 0xf5,
  0x00, 0x03, 0x07, 0xf0, 0x3f, 0xe0, 0xf5, 0x00, 0x03, 0x07, 0xf0, 0x3f, 0xf0, 0xf7, 0x00, 0x05, 0xf0, 0x00, 0x07, 0xc0, 0x3f, 0xf8, 0xf8, 0x00,
  0x06, 0x01, 0xfc, 0x00, 0x07, 0x80, 0x3f, 0xfe, 0xf8, 0x00, 0x06, 0x01, 0xff, 0x00, 0x0f, 0x80, 0x3f, 0xfe, 0xf8, 0x00, 0x06, 0x01, 0xff, 0x00,
  0x07, 0x80, 0x3f, 0xfe, 0xf8, 0x00, 0x06, 0x01, 0xff, 0x00, 0x07, 0x80, 0x3f, 0xfe, 0xf8, 0x00, 0x06, 0x01, 0xff, 0x00, 0x0f, 0x00, 0x3f, 0xfc,
  0xf8, 0x00, 0x06, 0x01, 0xff, 0x00, 0x0f, 0x00, 0x0f, 0xf8, 0xf7, 0x00, 0x05, 0xff, 0x00, 0x0f, 0x00, 0x01, 0xf8, 0xf7, 0x00, 0x05, 0x1e, 0x00,
  0x0f, 0x00, 0x00, 0xf8, 0xf5, 0x00, 0x03, 0x0f, 0x00, 0x03, 0xf8, 0xf5, 0x00, 0x03, 0x1e, 0x00, 0x07, 0xfc, 0xf5, 0x00, 0x03, 0x1e, 0x00, 0x3f,
  0xfe, 0xf5, 0x00, 0x03, 0x1e, 0x00, 0x3f, 0xfe, 0xf5, 0x00, 0x03, 0x1e, 0x00, 0xff, 0xfe, 0xf5, 0x00, 0x03, 0x1e, 0x00, 0xff, 0xfc, 0xf5, 0x00,
  0x03, 0x1e, 0x02, 0xff, 0xf8, 0xf5, 0x00, 0x03, 0x1e, 0x03, 0xff, 0xc0, 0xf5, 0x00, 0x03, 0x1e, 0x03, 0xff, 0xc0, 0xf5, 0x00, 0x03, 0x0f, 0x03,
  0xff, 0x80, 0xf5, 0x00, 0x02, 0x0f, 0xc3, 0xff, 0xf4, 0x00, 0x02, 0x07, 0xff, 0xfe, 0xf4, 0x00, 0x02, 0x07, 0xff, 0xfc, 0xf4, 0x00, 0x02, 0x01,
  0xff, 0xf0, 0xf3, 0x00, 0x01, 0x7f, 0xc0, 0xdd, 0x00, 0x01, 0x03, 0xc0, 0xf3, 0x00, 0x01, 0x0f, 0xf8, 0xf3, 0x00, 0x01, 0x0f, 0xfe, 0xf3, 0x00,
  0x01, 0x0f, 0xfe, 0xf3, 0x00, 0x01, 0x0f, 0xfe, 0xf3, 0x00, 0x01, 0x07, 0xfe, 0xf2, 0x00, 0x00, 0x7c, 0xf3, 0x00, 0x01, 0x01, 0x80, 0xf3, 0x00,
  0x01, 0x01, 0xe0, 0xf3, 0x00, 0x01, 0x01, 0xe0, 0x8e, 0x00, 0xfd, 0x00, 0x01, 0x07, 0xf0, 0xf3, 0x00, 0x01, 0x1f, 0xf8, 0xf3, 0x00, 0x05, 0x7f,
  0xfc, 0x00, 0x00, 0x3f, 0xc0, 0xf7, 0x00, 0x05, 0xff, 0xfc, 0x00, 0x00, 0xff, 0xf0, 0xf7, 0x00, 0x05, 0xff, 0xfc, 0x00, 0x01, 0xff, 0xfc, 0xf8,
  0x00, 0x06, 0x01, 0xff, 0xfc, 0x00, 0x07, 0xff, 0xfe, 0xf8, 0x00, 0x06, 0x01, 0xff, 0xf8, 0x00, 0x07, 0xff, 0xfe, 0xf8, 0x00, 0x06, 0x01, 0xff,
  0xf0, 0x00, 0x0f, 0xff, 0xfe, 0xf8, 0x00, 0x06, 0x01, 0xff, 0xe0, 0x00, 0x0f, 0xff, 0xfe, 0xf8, 0x00, 0x06, 0x01, 0xff, 0xc0, 0x00, 0x1f, 0xff,
  0xfe, 0xf7, 0x00, 0x05, 0xff, 0x0e, 0x00, 0x1f, 0xff, 0xfe, 0xf7, 0x00, 0x05, 0x38, 0x7f, 0xc0, 0x1f, 0xff, 0xfe, 0xfa, 0x00, 0x0b, 0x01, 0x80,
  0x00, 0x00, 0xff, 0xf0, 0x0f, 0xff, 0xfe, 0x00, 0x03, 0xf0, 0xfd, 0x00, 0x0b, 0x01, 0xc0, 0x00, 0x01, 0xff, 0xf8, 0x0f, 0xff, 0xfc, 0x00, 0x07,
  0xf8, 0xfd, 0x00, 0x0b, 0x01, 0xe0, 0x00, 0x03, 0xff, 0xfe, 0x07, 0xff, 0xf8, 0x00, 0x0f, 0xf8, 0xfd, 0x00, 0x0b, 0x01, 0xf0, 0x00, 0x07, 0xff,
  0xff, 0x03, 0xff, 0xf0, 0x00, 0x0f, 0xf8, 0xfd, 0x00, 0x0b, 0x01, 0xf0, 0x00, 0x07, 0xff, 0xff, 0x80, 0xff, 0xe0, 0x00, 0x0f, 0xf0, 0xfd, 0x00,
  0x0b, 0x01, 0xe0, 0x00, 0x07, 0xff, 0xff, 0x80, 0x1f, 0x00, 0x00, 0x07, 0xc0, 0xfd, 0x00, 0x06, 0x01, 0xe0, 0x00, 0x07, 0xff, 0xff, 0xc0, 0xf8,
  0x00, 0x06, 0x01, 0xc0, 0x00, 0x07, 0xf0, 0x3f, 0xc0, 0xf5, 0x00, 0x03, 0x07, 0xf0, 0x1f, 0xe0, 0xf5, 0x00, 0x03, 0x07, 0xf0, 0x0f, 0xf0, 0xf5,
  0x00, 0x03, 0x07, 0xc0, 0x07, 0xf8, 0xf5, 0x00, 0x04, 0x07, 0x80, 0x07, 0xff, 0xc0, 0xf8, 0x00, 0x06, 0x0f, 0xc0, 0x07, 0x80, 0x03, 0xff, 0xe0,
  0xf8, 0x00, 0x06, 0x1f, 0xe0, 0x07, 0x80, 0x03, 0xff, 0xe0, 0xf8, 0x00, 0x06, 0x3f, 0xf0, 0x07, 0x80, 0x03, 0xff, 0xe0, 0xf8, 0x00, 0x06, 0x3f,
  0xf0, 0x0f, 0x00, 0x01, 0xff, 0xe0, 0xf8, 0x00, 0x06, 0x3f, 0xf0, 0x0f, 0x00, 0x01, 0xff, 0xc0, 0xf8, 0x00, 0x05, 0x1f, 0xe0, 0x0f, 0x00, 0x00,
  0xff, 0xf7, 0x00, 0x05, 0x07, 0xe0, 0x0f, 0x00, 0x00, 0xf8, 0xf7, 0x00, 0x05, 0x03, 0xc0, 0x0e, 0x00, 0x03, 0xf8, 0xf5, 0x00, 0x03, 0x1e, 0x00,
  0x07, 0xf8, 0xf5, 0x00, 0x04, 0x1e, 0x00, 0x3f, 0xf7, 0x80, 0xf6, 0x00, 0x04, 0x1e, 0x00, 0x3f, 0xf7, 0xc0, 0xf6, 0x00, 0x04, 0x1e, 0x00, 0xff,
  0xff, 0xc0, 0xf6, 0x00, 0x04, 0x1e, 0x00, 0xbf, 0xff, 0x80, 0xf6, 0x00, 0x04, 0x1e, 0x02, 0x7f, 0xef, 0x80, 0xf6, 0x00, 0x03, 0x1e, 0x03, 0x7f,
  0xc6, 0xf5, 0x00, 0x03, 0x1e, 0x03, 0xff, 0xc0, 0xf5, 0x00, 0x03, 0x0f, 0x03, 0xff, 0x80, 0xf5, 0x00, 0x02, 0x0f, 0xc3, 0xff, 0xf4, 0x00, 0x02,
  0x07, 0xff, 0xfe, 0xf4, 0x00, 0x02, 0x07, 0xff, 0xfc, 0xf4, 0x00, 0x02, 0x01, 0xff, 0xf0, 0xf3, 0x00, 0x01, 0x7f, 0xc0, 0xbc, 0x00, 0x01, 0x0f,
  0xc0, 0xf3, 0x00, 0x01, 0x1f, 0xf0, 0xf3, 0x00, 0x01, 0x1f, 0xfc, 0xf3, 0x00, 0x01, 0x1f, 0xfc, 0xf3, 0x00, 0x01, 0x1f, 0xfc, 0xf3, 0x00, 0x01,
  0x0f, 0xfc, 0xf3, 0x00, 0x01, 0x01, 0xfc, 0x81, 0x00, 0x01, 0x00, 0x00, 0xfd, 0x00, 0x01, 0x07, 0xfe, 0xf3, 0x00, 0x05, 0x1f, 0xfe, 0x00, 0x00,
  0x0f, 0xf8, 0xf7, 0x00, 0x05, 0x3f, 0xff, 0x00, 0x00, 0x3f, 0xfc, 0xf7, 0x00, 0x05, 0x7f, 0xfe, 0x00, 0x00, 0xff, 0xfe, 0xf7, 0x00, 0x05, 0xff,
  0xfe, 0x00, 0x01, 0xff, 0xff, 0xf8, 0x00, 0x07, 0x01, 0xff, 0xfc, 0x00, 0x03, 0xff, 0xff, 0x80, 0xf9, 0x00, 0x07, 0x01, 0xff, 0xf8, 0x00, 0x07,
  0xff, 0xff, 0x80, 0xf9, 0x00, 0x07, 0x01, 0xff, 0xf0, 0x00, 0x07, 0xff, 0xff, 0x80, 0xf9, 0x00, 0x07, 0x01, 0xff, 0xe0, 0x00, 0x07, 0xff, 0xff,
  0x80, 0xf8, 0x00, 0x06, 0xff, 0xff, 0x00, 0x07, 0xff, 0xff, 0x80, 0xf8, 0x00, 0x06, 0x3e, 0xff, 0xc0, 0x07, 0xff, 0xff, 0x80, 0xf8, 0x00, 0x05,
  0x01, 0xff, 0xf8, 0x07, 0xff, 0xff, 0xf9, 0x00, 0x07, 0x70, 0x00, 0x03, 0xff, 0xfc, 0x07, 0xff, 0xfe, 0xf9, 0x00, 0x0b, 0x7c, 0x00, 0x03, 0xff,
  0xfe, 0x03, 0xff, 0xfe, 0x00, 0x00, 0x01, 0xc0, 0xfd, 0x00, 0x0b, 0xfe, 0x00, 0x07, 0xff, 0xff, 0x00, 0xff, 0xfc, 0x00, 0x00, 0x0f, 0xe0, 0xfe,
  0x00, 0x0c, 0x01, 0xff, 0x00, 0x07, 0xff, 0xff, 0x80, 0x3f, 0xf8, 0x00, 0x00, 0x1f, 0xf0, 0xfe, 0x00, 0x0c, 0x01, 0xff, 0x00, 0x0f, 0xff, 0xff,
  0xc0, 0x01, 0x80, 0x00, 0x00, 0x1f, 0xf0, 0xfe, 0x00, 0x06, 0x01, 0xff, 0x00, 0x0f, 0xf0, 0xff, 0xe0, 0xfd, 0x00, 0x01, 0x1f, 0xf0, 0xfe, 0x00,
  0x06, 0x01, 0xff, 0x00, 0x0f, 0xf0, 0x3f, 0xf0, 0xfd, 0x00, 0x01, 0x1f, 0xe0, 0xfe, 0x00, 0x06, 0x01, 0xff, 0x00, 0x0f, 0xf0, 0x1f, 0xf0, 0xfd,
  0x00, 0x01, 0x0f, 0x80, 0xfd, 0x00, 0x05, 0x7e, 0x00, 0x0f, 0xe0, 0x0f, 0xf8, 0xf5, 0x00, 0x03, 0x0f, 0x80, 0x07, 0xfc, 0xf5, 0x00, 0x04, 0x0f,
  0x00, 0x03, 0xff, 0x80, 0xf6, 0x00, 0x04, 0x0f, 0x00, 0x01, 0xff, 0xc0, 0xf7, 0x00, 0x05, 0x70, 0x0f, 0x00, 0x01, 0xff, 0xf8, 0xf7, 0x00, 0x06,
  0xfe, 0x0e, 0x00, 0x00, 0x7f, 0xff, 0x80, 0xf9, 0x00, 0x07, 0x01, 0xff, 0x1e, 0x00, 0x00, 0x3f, 0xff, 0x80, 0xf9, 0x00, 0x07, 0x03, 0xff, 0x9e,
  0x00, 0x00, 0x3f, 0xff, 0xc0, 0xf9, 0x00, 0x07, 0x03, 0xff, 0xde, 0x00, 0x00, 0x3f, 0xff, 0xc0, 0xf9, 0x00, 0x07, 0x03, 0xff, 0xde, 0x00, 0x00,
  0x7f, 0xff, 0x80, 0xf9, 0x00, 0x06, 0x01, 0xff, 0xde, 0x00, 0x00, 0xff, 0xff, 0xf7, 0x00, 0x05, 0xff, 0x9c, 0x00, 0x0b, 0xff, 0xfe, 0xf7, 0x00,
  0x04, 0x3f, 0x9c, 0x00, 0x0f, 0xfc, 0xf5, 0x00, 0x03, 0x1c, 0x00, 0x3f, 0xf8, 0xf5, 0x00, 0x04, 0x1c, 0x00, 0x3f, 0xf8, 0x78, 0xf6, 0x00, 0x04,
  0x1c, 0x00, 0xff, 0xf0, 0x78, 0xf6, 0x00, 0x04, 0x1e, 0x00, 0xff, 0xf0, 0xf8, 0xf6, 0x00, 0x04, 0x1e, 0x00, 0xff, 0xe0, 0xf8, 0xf6, 0x00, 0x04,
  0x1f, 0x01, 0xff, 0xc0, 0xf8, 0xf6, 0x00, 0x04, 0x0f, 0x81, 0xff, 0x80, 0x60, 0xf6, 0x00, 0x02, 0x0f, 0xff, 0xff, 0xf4, 0x00, 0x02, 0x07, 0xff,
  0xfe, 0xf4, 0x00, 0x02, 0x03, 0xff, 0xf8, 0xf3, 0x00, 0x01, 0xff, 0xe0, 0xf3, 0x00, 0x00, 0x08, 0x8a, 0x00, 0x00, 0x0c, 0xf2, 0x00, 0x00, 0x3e,
  0xf2, 0x00, 0x00, 0x3e, 0xf2, 0x00, 0x00, 0x3e, 0xf2, 0x00, 0x00, 0x3e, 0xf2, 0x00, 0x00, 0x1c, 0x8f, 0x00, 0xfd, 0x00, 0x01, 0x0f, 0xfe, 0xf3,
  0x00, 0x05, 0x1f, 0xfe, 0x00, 0x00, 0x1f, 0xf8, 0xf7, 0x00, 0x05, 0x3f, 0xff, 0x00, 0x00, 0x3f, 0xfc, 0xf7, 0x00, 0x05, 0x7f, 0xfe, 0x00, 0x00,
  0xff, 0xfe, 0xf7, 0x00, 0x05, 0xff, 0xfe, 0x00, 0x01, 0xff, 0xff, 0xf8, 0x00, 0x07, 0x01, 0xff, 0xfc, 0x00, 0x03, 0xff, 0xff, 0x80, 0xf9, 0x00,
  0x07, 0x01, 0xff, 0xf8, 0x00, 0x07, 0xff, 0xff, 0x80, 0xf9, 0x00, 0x07, 0x01, 0xff, 0xf0, 0x00, 0x07, 0xff, 0xff, 0x80, 0xf9, 0x00, 0x07, 0x01,
  0xff, 0xe0, 0x00, 0x07, 0xff, 0xff, 0x80, 0xf8, 0x00, 0x06, 0xff, 0xff, 0x00, 0x0f, 0xff, 0xff, 0x80, 0xf8, 0x00, 0x06, 0x7f, 0xff, 0xc0, 0x07,
  0xff, 0xff, 0x80, 0xf8, 0x00, 0x05, 0x01, 0xff, 0xf8, 0x07, 0xff, 0xff, 0xf7, 0x00, 0x05, 0x03, 0xff, 0xfc, 0x07, 0xff, 0xfe, 0xf9, 0x00, 0x07,
  0x06, 0x00, 0x07, 0xff, 0xfe, 0x03, 0xff, 0xfe, 0xf9, 0x00, 0x07, 0x1f, 0xc0, 0x07, 0xff, 0xff, 0x00, 0xff, 0xfc, 0xf9, 0x00, 0x07, 0x3f, 0xe0,
  0x07, 0xff, 0xff, 0x80, 0x3f, 0xf8, 0xfe, 0x00, 0x00, 0x7c, 0xfd, 0x00, 0x0b, 0x3f, 0xf0, 0x0f, 0xff, 0xff, 0xc0, 0x03, 0x80, 0x00, 0x00, 0x01,
  0xfe, 0xfd, 0x00, 0x05, 0x7f, 0xf8, 0x0f, 0xf0, 0xff, 0xe0, 0xfd, 0x00, 0x01, 0x01, 0xfe, 0xfd, 0x00, 0x05, 0x7f, 0xf8, 0x0f, 0xf0, 0x3f, 0xf0,
  0xfd, 0x00, 0x01, 0x01, 0xfe, 0xfd, 0x00, 0x05, 0x3f, 0xf8, 0x0f, 0xf0, 0x1f, 0xf0, 0xfd, 0x00, 0x01, 0x01, 0xfe, 0xfd, 0x00, 0x05, 0x1f, 0xf0,
  0x0f, 0xe0, 0x0f, 0xf8, 0xfc, 0x00, 0x00, 0x7c, 0xfd, 0x00, 0x05, 0x07, 0xf0, 0x0f, 0x80, 0x07, 0xf8, 0xfc, 0x00, 0x00, 0x1c, 0xfd, 0x00, 0x05,
  0x01, 0xe0, 0x0f, 0x00, 0x03, 0xf8, 0xf5, 0x00, 0x04, 0x0f, 0x00, 0x01, 0xf8, 0x40, 0xf6, 0x00, 0x04, 0x0f, 0x00, 0x00, 0xfc, 0xfc, 0xf6, 0x00,
  0x04, 0x0e, 0x00, 0x00, 0x3d, 0xfe, 0xf7, 0x00, 0x06, 0x07, 0xfe, 0x00, 0x00, 0x3d, 0xfe, 0x70, 0xf8, 0x00, 0x06, 0x07, 0xfe, 0x00, 0x00, 0x3d,
  0xff, 0xfe, 0xf8, 0x00, 0x06, 0x0f, 0xfe, 0x00, 0x00, 0x3f, 0xff, 0xfe, 0xf8, 0x00, 0x06, 0x0f, 0xfe, 0x00, 0x00, 0x3d, 0xff, 0xff, 0xf8, 0x00,
  0x06, 0x0f, 0xff, 0x00, 0x00, 0xfd, 0xff, 0xff, 0xf8, 0x00, 0x06, 0x0f, 0xff, 0x00, 0x03, 0xfc, 0xff, 0xff, 0xf8, 0x00, 0x06, 0x07, 0xfe, 0x00,
  0x0f, 0xf8, 0x3f, 0xfc, 0xf8, 0x00, 0x06, 0x03, 0xfe, 0x00, 0x3f, 0xf8, 0x00, 0x60, 0xf7, 0x00, 0x03, 0xfe, 0x00, 0x3f, 0xf0, 0xf5, 0x00, 0x05,
  0x3c, 0x00, 0xff, 0xf0, 0x0f, 0x80, 0xf7, 0x00, 0x05, 0x1c, 0x00, 0xff, 0xe0, 0x1f, 0x80, 0xf7, 0x00, 0x05, 0x1e, 0x00, 0xff, 0xe0, 0x3f, 0x80,
  0xf7, 0x00, 0x05, 0x1f, 0x00, 0xff, 0xc0, 0x3f, 0x80, 0xf7, 0x00, 0x04, 0x0f, 0x82, 0xff, 0x80, 0x3f, 0xf6, 0x00, 0x04, 0x0f, 0xfb, 0xff, 0x00,
  0x0e, 0xf6, 0x00, 0x02, 0x07, 0xff, 0xfe, 0xf4, 0x00, 0x02, 0x03, 0xff, 0xf8, 0xf3, 0x00, 0x01, 0xff, 0xe0, 0xf3, 0x00, 0x00, 0x08, 0x81, 0x00,
  0x81, 0x00, 0xc7, 0x00, 0xfd, 0x00, 0x01, 0x07, 0xfe, 0xf3, 0x00, 0x05, 0x1f, 0xfe, 0x00, 0x00, 0x0f, 0xf8, 0xf7, 0x00, 0x05, 0x3f, 0xff, 0x00,
  0x00, 0x3f, 0xfc, 0xf7, 0x00, 0x05, 0x7f, 0xfe, 0x00, 0x00, 0xff, 0xfe, 0xf7, 0x00, 0x05, 0xff, 0xfe, 0x00, 0x01, 0xff, 0xff, 0xf8, 0x00, 0x07,
  0x01, 0xff, 0xfc, 0x00, 0x03, 0xff, 0xff, 0x80, 0xf9, 0x00, 0x07, 0x01, 0xff, 0xf8, 0x00, 0x07, 0xff, 0xff, 0x80, 0xf9, 0x00, 0x07, 0x01, 0xff,
  0xf0, 0x00, 0x07, 0xff, 0xff, 0x80, 0xf9, 0x00, 0x07, 0x01, 0xff, 0xe0, 0x00, 0x07, 0xff, 0xff, 0x80, 0xf8, 0x00, 0x06, 0xff, 0xff, 0x00, 0x0f,
  0xff, 0xff, 0x80, 0xf8, 0x00, 0x06, 0x3f, 0xff, 0xc0, 0x07, 0xff, 0xff, 0x80, 0xf8, 0x00, 0x05, 0x01, 0xff, 0xf8, 0x07, 0xff, 0xff, 0xf7, 0x00,
  0x05, 0x03, 0xff, 0xfc, 0x07, 0xff, 0xfe, 0xf7, 0x00, 0x05, 0x07, 0xff, 0xfe, 0x03, 0xff, 0xfe, 0xf8, 0x00, 0x06, 0x60, 0x07, 0xff, 0xff, 0x00,
  0xff, 0xfc, 0xf9, 0x00, 0x07, 0x01, 0xf8, 0x07, 0xff, 0xff, 0x80, 0x3f, 0xf8, 0xf9, 0x00, 0x07, 0x03, 0xfe, 0x0f, 0xff, 0xff, 0xc0, 0x03, 0x80,
  0xf9, 0x00, 0x05, 0x03, 0xff, 0x0f, 0xf0, 0xff, 0xe0, 0xf7, 0x00, 0x05, 0x07, 0xff, 0x8f, 0xf0, 0x3f, 0xf0, 0xf7, 0x00, 0x05, 0x07, 0xff, 0x8f,
  0xf0, 0x1f, 0xf0, 0xf7, 0x00, 0x05, 0x03, 0xff, 0x8f, 0xe0, 0x0f, 0xf8, 0xf7, 0x00, 0x05, 0x01, 0xff, 0x8f, 0x80, 0x07, 0xf8, 0xfc, 0x00, 0x00,
  0x04, 0xfc, 0x00, 0x04, 0x7f, 0x0f, 0x00, 0x03, 0xf8, 0xf6, 0x00, 0x04, 0x3f, 0x0f, 0x00, 0x01, 0xf8, 0xf5, 0x00, 0x03, 0x0f, 0x00, 0x00, 0xfc,
  0xf5, 0x00, 0x05, 0x0f, 0x00, 0x00, 0x3c, 0x0f, 0xe0, 0xf7, 0x00, 0x05, 0x1e, 0x00, 0x00, 0x3c, 0x0f, 0xf0, 0xf7, 0x00, 0x05, 0x3e, 0x00, 0x00,
  0x3c, 0x0f, 0xf0, 0xf7, 0x00, 0x06, 0x3f, 0x80, 0x00, 0x3c, 0x0f, 0xf3, 0xe8, 0xf8, 0x00, 0x06, 0x3f, 0xc0, 0x00, 0x3c, 0x0f, 0xff, 0xfc, 0xf8,
  0x00, 0x06, 0x3f, 0xf0, 0x00, 0xfc, 0x0f, 0xff, 0xfc, 0xf8, 0x00, 0x06, 0x7f, 0xf8, 0x03, 0xfc, 0x0f, 0xff, 0xfc, 0xf8, 0x00, 0x06, 0x7f, 0xfc,
  0x0f, 0xf8, 0x0f, 0xff, 0xfc, 0xf8, 0x00, 0x06, 0x3f, 0xf8, 0x3f, 0xf8, 0x03, 0xff, 0xfc, 0xf8, 0x00, 0x06, 0x3f, 0xf8, 0x3f, 0xf0, 0x00, 0x03,
  0xf0, 0xf8, 0x00, 0x06, 0x1f, 0xf8, 0xff, 0xf0, 0x00, 0x00, 0xc0, 0xf8, 0x00, 0x05, 0x1e, 0x20, 0xff, 0xe0, 0x00, 0xf0, 0xf7, 0x00, 0x05, 0x1e,
  0x00, 0xff, 0xe0, 0x01, 0xf8, 0xf7, 0x00, 0x05, 0x1f, 0x00, 0xff, 0xc0, 0x03, 0xf8, 0xf7, 0x00, 0x05, 0x0f, 0x82, 0xff, 0x80, 0x03, 0xf8, 0xf7,
  0x00, 0x05, 0x0f, 0xfb, 0xff, 0x00, 0x03, 0xf0, 0xf7, 0x00, 0x05, 0x07, 0xff, 0xfe, 0x00, 0x00, 0xe0, 0xf7, 0x00, 0x02, 0x03, 0xff, 0xf8, 0xf3,
  0x00, 0x01, 0xff, 0xe0, 0xf3, 0x00, 0x00, 0x08, 0x81, 0x00, 0x81, 0x00, 0xc7, 0x00, 0xfd, 0x00, 0x02, 0x07, 0xff, 0xf8, 0xf4, 0x00, 0x05, 0x1f,
  0xff, 0xf0, 0x00, 0x0f, 0xf8, 0xf7, 0x00, 0x05, 0x3f, 0xff, 0xe0, 0x00, 0x3f, 0xfc, 0xf7, 0x00, 0x05, 0x7f, 0xff, 0x00, 0x00, 0xff, 0xfe, 0xf7,
  0x00, 0x05, 0xff, 0xfe, 0x00, 0x01, 0xff, 0xff, 0xf8, 0x00, 0x07, 0x01, 0xff, 0xfc, 0x00, 0x03, 0xff, 0xff, 0x80, 0xf9, 0x00, 0x07, 0x01, 0xff,
  0xf8, 0x00, 0x07, 0xff, 0xff, 0x80, 0xf9, 0x00, 0x07, 0x01, 0xff, 0xf0, 0x00, 0x07, 0xff, 0xff, 0x80, 0xf9, 0x00, 0x07, 0x01, 0xff, 0xf0, 0x00,
  0x07, 0xff, 0xff, 0x80, 0xf8, 0x00, 0x06, 0xff, 0xff, 0x00, 0x07, 0xff, 0xff, 0x80, 0xf8, 0x00, 0x06, 0x3f, 0xff, 0xe0, 0x07, 0xff, 0xff, 0x80,
  0xf8, 0x00, 0x05, 0x01, 0xff, 0xf8, 0x07, 0xff, 0xff, 0xf7, 0x00, 0x05, 0x03, 0xff, 0xfc, 0x07, 0xff, 0xff, 0xf7, 0x00, 0x05, 0x07, 0xff, 0xfe,
  0x03, 0xff, 0xfe, 0xf7, 0x00, 0x05, 0x07, 0xff, 0xff, 0x80, 0xff, 0xfc, 0xf7, 0x00, 0x05, 0x07, 0xff, 0xff, 0x80, 0x3f, 0xf8, 0xf8, 0x00, 0x06,
  0x0f, 0x8f, 0xff, 0xff, 0xc0, 0x03, 0x80, 0xf8, 0x00, 0x04, 0x1f, 0xff, 0xf0, 0xff, 0xe0, 0xf6, 0x00, 0x04, 0x3f, 0xff, 0xf0, 0x3f, 0xf0, 0xf6,
  0x00, 0x04, 0x3f, 0xff, 0xf0, 0x1f, 0xf0, 0xf6, 0x00, 0x04, 0x3f, 0xff, 0xe0, 0x0f, 0xf8, 0xf6, 0x00, 0x04, 0x3f, 0xff, 0x80, 0x07, 0xf8, 0xf6,
  0x00, 0x04, 0x1f, 0xff, 0x00, 0x03, 0xf8, 0xf6, 0x00, 0x04, 0x0f, 0xff, 0x00, 0x01, 0xf8, 0xf6, 0x00, 0x04, 0x03, 0xff, 0x00, 0x00, 0xfc, 0xf5,
  0x00, 0x03, 0x3f, 0x00, 0x00, 0x3c, 0xf5, 0x00, 0x05, 0x0e, 0x00, 0x00, 0x3c, 0x00, 0x3c, 0xf7, 0x00, 0x05, 0x0e, 0x00, 0x00, 0x3c, 0x00, 0x3f,
  0xf7, 0x00, 0x06, 0x1f, 0x80, 0x00, 0x3c, 0x00, 0x7f, 0x80, 0xf8, 0x00, 0x06, 0x1f, 0xf0, 0x00, 0x3c, 0x00, 0x7f, 0x81, 0xf8, 0x00, 0x07, 0x1f,
  0xfe, 0x00, 0xfc, 0x00, 0x7f, 0x8f, 0x80, 0xf9, 0x00, 0x07, 0x1f, 0xfe, 0x03, 0xfc, 0x00, 0x7f, 0x9f, 0xf0, 0xf9, 0x00, 0x07, 0x1f, 0xff, 0xcf,
  0xf8, 0x00, 0x7f, 0xbf, 0xf0, 0xf9, 0x00, 0x07, 0x1f, 0xff, 0xff, 0xf8, 0x00, 0x7f, 0xff, 0xf8, 0xf9, 0x00, 0x07, 0x1f, 0xff, 0xff, 0xf0, 0x00,
  0x3f, 0xff, 0xf8, 0xf9, 0x00, 0x07, 0x1f, 0xff, 0xff, 0xf0, 0x00, 0x01, 0x3f, 0xf0, 0xf9, 0x00, 0x07, 0x1e, 0xff, 0xff, 0xe0, 0x00, 0x08, 0x07,
  0xc0, 0xf9, 0x00, 0x05, 0x1e, 0x1f, 0xff, 0xe0, 0x00, 0x1e, 0xf7, 0x00, 0x05, 0x1f, 0x03, 0xff, 0xc0, 0x00, 0x3f, 0xf7, 0x00, 0x06, 0x0f, 0x82,
  0xff, 0x80, 0x00, 0x3f, 0x80, 0xf8, 0x00, 0x05, 0x0f, 0xfb, 0xff, 0x00, 0x00, 0x7f, 0xf7, 0x00, 0x05, 0x07, 0xff, 0xfe, 0x00, 0x00, 0x3f, 0xf7,
  0x00, 0x05, 0x03, 0xff, 0xf8, 0x00, 0x00, 0x1e, 0xf6, 0x00, 0x01, 0xff, 0xe0, 0xf3, 0x00, 0x00, 0x08, 0x81, 0x00, 0x81, 0x00, 0xc7, 0x00, 0xfd,
  0x00, 0x03, 0x07, 0xfc, 0x3f, 0xf0, 0xf5, 0x00, 0x05, 0x0f, 0xfe, 0x3f, 0xe0, 0x0f, 0xf0, 0xf7, 0x00, 0x05, 0x3f, 0xfe, 0x3f, 0xe0, 0x3f, 0xfc,
  0xf7, 0x00, 0x05, 0x7f, 0xfe, 0x3f, 0xc0, 0xff, 0xfe, 0xf7, 0x00, 0x05, 0xff, 0xfe, 0x03, 0x81, 0xff, 0xff, 0xf8, 0x00, 0x07, 0x01, 0xff, 0xfc,
  0x00, 0x03, 0xff, 0xff, 0x80, 0xf9, 0x00, 0x07, 0x07, 0xff, 0xf8, 0x00, 0x07, 0xff, 0xff, 0x80, 0xf9, 0x00, 0x07, 0x07, 0xff, 0xf0, 0x00, 0x07,
  0xff, 0xff, 0x80, 0xf9, 0x00, 0x07, 0x07, 0xff, 0xe0, 0x00, 0x07, 0xff, 0xff, 0x80, 0xf9, 0x00, 0x07, 0xe7, 0xff, 0xfe, 0x00, 0x07, 0xff, 0xff,
  0x80, 0xf9, 0x00, 0x07, 0xe7, 0xff, 0xff, 0xc0, 0x07, 0xff, 0xff, 0x80, 0xf9, 0x00, 0x07, 0xf3, 0xe1, 0xff, 0xf0, 0x07, 0xff, 0xff, 0x80, 0xf9,
  0x00, 0x07, 0xf9, 0xf3, 0xff, 0xfc, 0x07, 0xff, 0xff, 0x80, 0xf9, 0x00, 0x06, 0x78, 0xff, 0xff, 0xfe, 0x07, 0xff, 0xff, 0xf8, 0x00, 0x06, 0x7c,
  0x7f, 0xff, 0xff, 0x1f, 0xff, 0xfc, 0xf8, 0x00, 0x06, 0x3e, 0x7f, 0xff, 0xff, 0xbf, 0xff, 0xf8, 0xf8, 0x00, 0x01, 0x3f, 0x3f, 0xfd, 0xff, 0x00,
  0x82, 0xf9, 0x00, 0x07, 0x03, 0x1f, 0xff, 0xf0, 0xff, 0xfe, 0x00, 0x1f, 0xf9, 0x00, 0x07, 0x03, 0xdf, 0xff, 0xf0, 0x3f, 0xe0, 0x00, 0xff, 0xf9,
  0x00, 0x07, 0x03, 0xff, 0xff, 0xf0, 0x1f, 0xf0, 0x0f, 0xff, 0xf9, 0x00, 0x07, 0x01, 0xff, 0xff, 0xe0, 0x07, 0xff, 0xff, 0xfe, 0xf8, 0x00, 0x06,
  0xff, 0xff, 0xf0, 0x07, 0xff, 0xff, 0xfc, 0xf8, 0x00, 0x06, 0x3f, 0xff, 0xfe, 0x03, 0xff, 0xff, 0xf8, 0xf8, 0x00, 0x06, 0x03, 0xff, 0xff, 0x81,
  0xff, 0xff, 0xc0, 0xf7, 0x00, 0x04, 0xff, 0xff, 0xc1, 0xff, 0xfe, 0xf6, 0x00, 0x02, 0x3f, 0xff, 0xf1, 0xfe, 0xff, 0xf7, 0x00, 0x02, 0x3f, 0xff,
  0xf8, 0xfe, 0xff, 0x00, 0x80, 0xf8, 0x00, 0x06, 0x3f, 0xff, 0xfc, 0x7f, 0xff, 0xff, 0xc0, 0xf8, 0x00, 0x06, 0x3f, 0x3f, 0xfe, 0x3f, 0xff, 0xff,
  0xf8, 0xf8, 0x00, 0x06, 0x3f, 0x07, 0xff, 0x3f, 0xff, 0xff, 0xfc, 0xf8, 0x00, 0x06, 0x3f, 0x0f, 0xff, 0x7f, 0xff, 0xff, 0xfc, 0xf8, 0x00, 0x07,
  0x3c, 0x0f, 0xff, 0xfc, 0x1f, 0xc7, 0xfc, 0x06, 0xf9, 0x00, 0x08, 0x3c, 0x0f, 0xff, 0xf8, 0x00, 0x07, 0xfc, 0x1f, 0xc0, 0xfa, 0x00, 0x08, 0x3c,
  0x0f, 0xff, 0xf8, 0x00, 0x03, 0xfc, 0x7f, 0xc0, 0xfa, 0x00, 0x08, 0x3e, 0x0f, 0xff, 0xf0, 0x00, 0x03, 0xfc, 0x7f, 0xc0, 0xfa, 0x00, 0x08, 0x3c,
  0x1f, 0xff, 0xf0, 0x00, 0x03, 0xfc, 0xff, 0xe0, 0xfa, 0x00, 0x08, 0x3c, 0x0f, 0xff, 0xe0, 0x00, 0x00, 0x7c, 0xff, 0xe0, 0xfa, 0x00, 0x08, 0x3e,
  0x0f, 0xff, 0xe0, 0x00, 0x00, 0x40, 0x7f, 0xc0, 0xfa, 0x00, 0x07, 0x7e, 0x03, 0xff, 0xc0, 0x00, 0x01, 0xe0, 0x0f, 0xf9, 0x00, 0x06, 0x3f, 0x03,
  0xff, 0xc0, 0x00, 0x03, 0xf0, 0xf8, 0x00, 0x06, 0x3f, 0xef, 0xff, 0x80, 0x00, 0x07, 0xf0, 0xf8, 0x00, 0x06, 0x3f, 0xff, 0xff, 0x00, 0x00, 0x07,
  0xf0, 0xf8, 0x00, 0x06, 0x1f, 0xff, 0xff, 0x00, 0x00, 0x07, 0xe0, 0xf8, 0x00, 0x06, 0x1f, 0xff, 0xfe, 0x00, 0x00, 0x03, 0xc0, 0xf8, 0x00, 0x02,
  0x07, 0xff, 0xf8, 0xf4, 0x00, 0x02, 0x01, 0xff, 0xc0, 0xf3, 0x00, 0x00, 0x7f, 0x81, 0x00, 0x81, 0x00, 0xe7, 0x00, 0xfa, 0x00, 0x01, 0x7f, 0x80,
  0xf3, 0x00, 0x01, 0x7f, 0xc0, 0xf3, 0x00, 0x01, 0xff, 0xc0, 0xf3, 0x00, 0x01, 0xff, 0x80, 0xf3, 0x00, 0x01, 0xff, 0x80, 0xf3, 0x00, 0x00, 0x7f,
  0xf2, 0x00, 0x00, 0x02, 0x81, 0x00, 0x81, 0x00, 0x97, 0x00, 0x00, 0x38, 0xfa, 0x00, 0x00, 0x0f, 0xfa, 0x00, 0x00, 0x3c, 0xfa, 0x00, 0x01, 0x1f,
  0xc0, 0xfb, 0x00, 0x00, 0x3e, 0xfa, 0x00, 0x01, 0x1f, 0xc0, 0xfb, 0x00, 0x00, 0x3f, 0xfa, 0x00, 0x01, 0x1f, 0xe0, 0xfb, 0x00, 0x01, 0x1f, 0x80,
  0xfb, 0x00, 0x02, 0x3f, 0xe0, 0x3c, 0xfc, 0x00, 0x01, 0x0f, 0xc0, 0xfc, 0x00, 0x03, 0x04, 0x1f, 0xe0, 0x7c, 0xfc, 0x00, 0x01, 0x07, 0xf0, 0xfc,
  0x00, 0x04, 0x3f, 0x1f, 0xe1, 0xff, 0x80, 0xfd, 0x00, 0x01, 0x7b, 0xfc, 0xfc, 0x00, 0x04, 0xff, 0x1f, 0xe1, 0xff, 0x80, 0xfd, 0x00, 0x01, 0x7f,
  0xfe, 0xfd, 0x00, 0x05, 0x0f, 0xff, 0x1f, 0xc3, 0xff, 0xc0, 0xfd, 0x00, 0x02, 0x3f, 0xff, 0x80, 0xfe, 0x00, 0x05, 0x7f, 0xff, 0x18, 0x03, 0xff,
  0x80, 0xfd, 0x00, 0x0a, 0x0f, 0xff, 0xc0, 0x00, 0x00, 0x07, 0xff, 0xfe, 0x1c, 0x01, 0xff, 0xfc, 0x00, 0x0a, 0x01, 0xff, 0xc0, 0x00, 0x00, 0xff,
  0xff, 0xf8, 0x3e, 0x00, 0x1c, 0xfb, 0x00, 0x07, 0x06, 0x00, 0x00, 0x03, 0xff, 0xff, 0xc0, 0x7f, 0xf6, 0x00, 0x04, 0x07, 0xff, 0xff, 0x87, 0xff,
  0xf9, 0x00, 0x03, 0x06, 0x00, 0x00, 0x07, 0xfe, 0xff, 0x00, 0xfe, 0xf9, 0x00, 0x03, 0x07, 0x03, 0x00, 0x03, 0xfe, 0xff, 0x00, 0x3c, 0xf9, 0x00,
  0x06, 0x07, 0x8f, 0x00, 0x00, 0x7f, 0xff, 0xff, 0xf8, 0x00, 0x06, 0x07, 0xff, 0x80, 0x0c, 0x0f, 0xff, 0xfc, 0xf8, 0x00, 0x06, 0x03, 0xff, 0xc0,
  0x3e, 0x00, 0xff, 0xe0, 0xf8, 0x00, 0x03, 0x03, 0xff, 0xff, 0xfc, 0xf4, 0x00, 0x02, 0x71, 0xff, 0xf8, 0xf3, 0x00, 0x01, 0xff, 0xf0, 0xf3, 0x00,
  0x01, 0x7f, 0xe0, 0xf3, 0x00, 0x00, 0x04, 0x81, 0x00, 0xc7, 0x00, 0xf9, 0x00, 0x00, 0x70, 0xf2, 0x00, 0x00, 0xf8, 0xf3, 0x00, 0x01, 0x01, 0xf8,
  0xf3, 0x00, 0x01, 0x01, 0xf8, 0xf3, 0x00, 0x01, 0x03, 0xf8, 0xf3, 0x00, 0x01, 0x03, 0xf0, 0xf3, 0x00, 0x01, 0x03, 0xe0, 0xf2, 0x00, 0x00, 0xc0,
  0x81, 0x00, 0x81, 0x00, 0xd8, 0x00, 0x00, 0x06, 0xf2, 0x00, 0x00, 0x0f, 0xf2, 0x00, 0x01, 0x0f, 0x80, 0xf3, 0x00, 0x01, 0x07, 0xc0, 0xf3, 0x00,
  0x01, 0x07, 0xe0, 0xfc, 0x00, 0x02, 0x18, 0x00, 0x78, 0xfb, 0x00, 0x01, 0x03, 0xf0, 0xfc, 0x00, 0x02, 0x3c, 0x00, 0xf8, 0xfb, 0x00, 0x01, 0x01,
  0xf8, 0xfc, 0x00, 0x02, 0xfc, 0x00, 0xfc, 0xfa, 0x00, 0x00, 0xfc, 0xfd, 0x00, 0x03, 0x07, 0xfe, 0x01, 0xfc, 0xfb, 0x00, 0x01, 0x0f, 0xff, 0xfd,
  0x00, 0x03, 0x1f, 0xfc, 0x00, 0xfc, 0xfb, 0x00, 0x02, 0x0f, 0xff, 0x80, 0xfe, 0x00, 0x05, 0x7f, 0xfc, 0x01, 0xfc, 0x00, 0xf0, 0xfd, 0x00, 0x0b,
  0x07, 0xff, 0xe0, 0x00, 0x00, 0x03, 0xff, 0xf8, 0x01, 0xfc, 0x01, 0xf8, 0xfd, 0x00, 0x0b, 0x03, 0xff, 0xe0, 0x00, 0x00, 0x3f, 0xff, 0xe0, 0x00,
  0xfc, 0x03, 0xfc, 0xfc, 0x00, 0x0a, 0xff, 0xe0, 0x00, 0x01, 0xff, 0xff, 0xc0, 0x00, 0xf8, 0x07, 0xfc, 0xfc, 0x00, 0x0a, 0x07, 0xc0, 0x00, 0x07,
  0xff, 0xff, 0x00, 0x00, 0x98, 0x07, 0xf8, 0xf9, 0x00, 0x07, 0x07, 0xff, 0xfc, 0x7e, 0x03, 0xc0, 0x07, 0xf0, 0xfc, 0x00, 0x0a, 0x01, 0x80, 0x00,
  0x07, 0xff, 0xff, 0xfe, 0x07, 0xc0, 0x03, 0xc0, 0xfc, 0x00, 0x08, 0x03, 0x80, 0x00, 0x03, 0xff, 0xff, 0xfe, 0x07, 0xc0, 0xfa, 0x00, 0x08, 0x03,
  0x83, 0x80, 0x00, 0xff, 0xff, 0xfc, 0x0f, 0xc0, 0xfa, 0x00, 0x08, 0x03, 0xc7, 0x80, 0x0c, 0x3f, 0xff, 0xf8, 0x07, 0x80, 0xfa, 0x00, 0x07, 0x03,
  0xff, 0xc0, 0x1e, 0x03, 0xff, 0xc0, 0x06, 0xf9, 0x00, 0x03, 0x01, 0xff, 0xe0, 0x3e, 0xf4, 0x00, 0x02, 0xff, 0xf8, 0xfc, 0xf4, 0x00, 0x02, 0x7d,
  0xff, 0xf8, 0xf3, 0x00, 0x01, 0xff, 0xf0, 0xf3, 0x00, 0x01, 0x7f, 0xe0, 0xf3, 0x00, 0x01, 0x1f, 0xc0, 0x81, 0x00, 0xb8, 0x00, 0xe9, 0x00, 0x00,
  0x0e, 0xf2, 0x00, 0x01, 0x1f, 0xc0, 0xf3, 0x00, 0x01, 0x1f, 0xc0, 0xf3, 0x00, 0x01, 0x3f, 0xe0, 0xf3, 0x00, 0x01, 0x3f, 0xe0, 0xf3, 0x00, 0x01,
  0x7f, 0xe0, 0xf3, 0x00, 0x01, 0x3f, 0xc0, 0xf3, 0x00, 0x01, 0x1f, 0x80, 0x81, 0x00, 0x81, 0x00, 0xe9, 0x00, 0x00, 0x07, 0xf2, 0x00, 0x01, 0x07,
  0x80, 0xf3, 0x00, 0x01, 0x07, 0xc0, 0xf3, 0x00, 0x01, 0x07, 0xe0, 0xf3, 0x00, 0x01, 0x03, 0xf0, 0xfc, 0x00, 0x00, 0x3c, 0xf9, 0x00, 0x01, 0x03,
  0xf8, 0xfc, 0x00, 0x02, 0x7c, 0x00, 0x0f, 0xfb, 0x00, 0x01, 0x01, 0xfc, 0xfd, 0x00, 0x04, 0x01, 0xfc, 0x00, 0x1f, 0xc0, 0xfc, 0x00, 0x01, 0x04,
  0xfe, 0xfd, 0x00, 0x04, 0x0f, 0xfc, 0x00, 0x1f, 0xc0, 0xfc, 0x00, 0x02, 0x0f, 0xff, 0x80, 0xfe, 0x00, 0x04, 0x3f, 0xfc, 0x00, 0x3f, 0xc0, 0xfc,
  0x00, 0x02, 0x0f, 0xff, 0xc0, 0xfe, 0x00, 0x04, 0xff, 0xf8, 0x00, 0x3f, 0xe0, 0xfc, 0x00, 0x0b, 0x07, 0xff, 0xe0, 0x00, 0x00, 0x07, 0xff, 0xf0,
  0x00, 0x3f, 0xc0, 0x0c, 0xfd, 0x00, 0x0b, 0x01, 0xff, 0xf0, 0x00, 0x00, 0x7f, 0xff, 0xc0, 0x00, 0x3f, 0xe0, 0x3e, 0xfc, 0x00, 0x0a, 0x7f, 0xe0,
  0x00, 0x03, 0xff, 0xff, 0x80, 0x00, 0x1f, 0xc0, 0x7e, 0xfc, 0x00, 0x0a, 0x07, 0xc0, 0x00, 0x07, 0xff, 0xff, 0x08, 0x00, 0x1f, 0xc0, 0x7e, 0xf9,
  0x00, 0x07, 0x07, 0xff, 0xff, 0xfe, 0x00, 0x60, 0x80, 0xfe, 0xfc, 0x00, 0x0a, 0x01, 0x80, 0x00, 0x07, 0xff, 0xff, 0xfe, 0x00, 0xf8, 0x00, 0x7e,
  0xfc, 0x00, 0x0a, 0x03, 0x80, 0x00, 0x03, 0xff, 0xff, 0xfc, 0x01, 0xfc, 0x00, 0x7e, 0xfc, 0x00, 0x0a, 0x03, 0x83, 0x80, 0x00, 0xff, 0xff, 0xfc,
  0x01, 0xfc, 0x00, 0x04, 0xfc, 0x00, 0x08, 0x03, 0xc7, 0x80, 0x0c, 0x3f, 0xff, 0xf0, 0x03, 0xf8, 0xfa, 0x00, 0x08, 0x01, 0xff, 0xc0, 0x1e, 0x03,
  0xff, 0x00, 0x01, 0xf0, 0xfa, 0x00, 0x03, 0x01, 0xff, 0xe0, 0x7c, 0xfd, 0x00, 0x00, 0x40, 0xf9, 0x00, 0x02, 0xff, 0xff, 0xfc, 0xf4, 0x00, 0x02,
  0x7d, 0xff, 0xf8, 0xf3, 0x00, 0x01, 0xff, 0xf0, 0xf3, 0x00, 0x01, 0x7f, 0xe0, 0xf3, 0x00, 0x01, 0x1f, 0x80, 0x81, 0x00, 0xb8, 0x00, 0xc8, 0x00,
  0x00, 0x38, 0xf2, 0x00, 0x00, 0x7c, 0xf2, 0x00, 0x00, 0xfe, 0xf2, 0x00, 0x00, 0xfe, 0xf2, 0x00, 0x00, 0xfc, 0xf3, 0x00, 0x01, 0x01, 0xf8, 0xf2,
  0x00, 0x00, 0xf0, 0xf2, 0x00, 0x00, 0x60, 0x81, 0x00, 0x99, 0x00, 0x00, 0x03, 0xf2, 0x00, 0x01, 0x07, 0x80, 0xf3, 0x00, 0x01, 0x07, 0xc0, 0xf3,
  0x00, 0x01, 0x03, 0xe0, 0xf3, 0x00, 0x01, 0x03, 0xf0, 0xfc, 0x00, 0x00, 0x08, 0xf9, 0x00, 0x01, 0x03, 0xf0, 0xfc, 0x00, 0x00, 0x3c, 0xf9, 0x00,
  0x01, 0x01, 0xf8, 0xfc, 0x00, 0x00, 0xfc, 0xf8, 0x00, 0x00, 0xfc, 0xfd, 0x00, 0x04, 0x03, 0xfc, 0x00, 0x00, 0x70, 0xfc, 0x00, 0x01, 0x06, 0x7f,
  0xfd, 0x00, 0x04, 0x1f, 0xfc, 0x00, 0x00, 0xf8, 0xfc, 0x00, 0x02, 0x0f, 0xff, 0x80, 0xfe, 0x00, 0x04, 0x7f, 0xf8, 0x00, 0x01, 0xf8, 0xfc, 0x00,
  0x0a, 0x07, 0xff, 0xc0, 0x00, 0x00, 0x01, 0xff, 0xf0, 0x00, 0x01, 0xf8, 0xfc, 0x00, 0x0a, 0x03, 0xff, 0xf0, 0x00, 0x00, 0x1f, 0xff, 0xe0, 0x00,
  0x01, 0xf8, 0xfc, 0x00, 0x0a, 0x01, 0xff, 0xf0, 0x00, 0x00, 0xff, 0xff, 0xc0, 0x00, 0x01, 0xf8, 0xfb, 0x00, 0x09, 0x3f, 0xf0, 0x00, 0x03, 0xff,
  0xff, 0x00, 0x00, 0x01, 0xf8, 0xf8, 0x00, 0x06, 0x07, 0xff, 0xfc, 0x3c, 0x00, 0x01, 0xf8, 0xf8, 0x00, 0x06, 0x07, 0xff, 0xff, 0xfc, 0x00, 0x01,
  0xf8, 0xfb, 0x00, 0x09, 0x01, 0x80, 0x00, 0x07, 0xff, 0xff, 0xfc, 0x00, 0x0e, 0x50, 0xfb, 0x00, 0x08, 0x01, 0x80, 0x00, 0x01, 0xff, 0xff, 0xfc,
  0x00, 0x1e, 0xfa, 0x00, 0x08, 0x01, 0xc3, 0x80, 0x00, 0x7f, 0xff, 0xf8, 0x00, 0x3f, 0xfa, 0x00, 0x08, 0x01, 0xe7, 0xc0, 0x0c, 0x0f, 0xff, 0xc0,
  0x00, 0x3e, 0xfa, 0x00, 0x08, 0x01, 0xff, 0xc0, 0x1e, 0x00, 0x38, 0x00, 0x00, 0x3e, 0xf9, 0x00, 0x02, 0xff, 0xe0, 0x7c, 0xfd, 0x00, 0x00, 0x3c,
  0xf9, 0x00, 0x02, 0xff, 0xff, 0xfc, 0xf4, 0x00, 0x02, 0x3d, 0xff, 0xf8, 0xf3, 0x00, 0x01, 0x7f, 0xf0, 0xf3, 0x00, 0x01, 0x3f, 0xc0, 0xf3, 0x00,
  0x00, 0x1f, 0x81, 0x00, 0xb7, 0x00, 0xb8, 0x00, 0x00, 0x03, 0xf2, 0x00, 0x01, 0x07, 0xf0, 0xf3, 0x00, 0x01, 0x0f, 0xf8, 0xf3, 0x00, 0x01, 0x0f,
  0xf8, 0xf3, 0x00, 0x01, 0x1f, 0xf0, 0xf3, 0x00, 0x01, 0x1f, 0xf0, 0xf3, 0x00, 0x01, 0x0f, 0xe0, 0xf3, 0x00, 0x01, 0x03, 0xc0, 0x81, 0x00, 0xaa,
  0x00, 0x00, 0x03, 0xf2, 0x00, 0x01, 0x03, 0x80, 0xf3, 0x00, 0x01, 0x07, 0xc0, 0xf3, 0x00, 0x01, 0x03, 0xe0, 0xf3, 0x00, 0x01, 0x03, 0xe0, 0xfc,
  0x00, 0x00, 0x08, 0xf9, 0x00, 0x01, 0x03, 0xf0, 0xfc, 0x00, 0x00, 0x7c, 0xf9, 0x00, 0x01, 0x01, 0xf8, 0xfc, 0x00, 0x00, 0xfc, 0xf8, 0x00, 0x00,
  0xfc, 0xfd, 0x00, 0x01, 0x03, 0xfc, 0xf9, 0x00, 0x01, 0x06, 0x7f, 0xfd, 0x00, 0x04, 0x1f, 0xfc, 0x00, 0x00, 0x1f, 0xfc, 0x00, 0x02, 0x0f, 0xff,
  0x80, 0xfe, 0x00, 0x05, 0x7f, 0xf8, 0x00, 0x00, 0x1f, 0xc0, 0xfd, 0x00, 0x0b, 0x07, 0xff, 0xc0, 0x00, 0x00, 0x01, 0xff, 0xf0, 0x00, 0x00, 0x3f,
  0xc0, 0xfd, 0x00, 0x0b, 0x03, 0xff, 0xf0, 0x00, 0x00, 0x1f, 0xff, 0xe0, 0x00, 0x00, 0x3f, 0xc0, 0xfd, 0x00, 0x0b, 0x01, 0xff, 0xf0, 0x00, 0x00,
  0xff, 0xff, 0xc0, 0x00, 0x00, 0x3f, 0xc0, 0xfc, 0x00, 0x05, 0x3f, 0xf0, 0x00, 0x03, 0xff, 0xff, 0xfe, 0x00, 0x01, 0x3f, 0xc0, 0xf9, 0x00, 0x07,
  0x07, 0xff, 0xfc, 0x3c, 0x00, 0x00, 0x3f, 0xc0, 0xf9, 0x00, 0x07, 0x07, 0xff, 0xff, 0xfc, 0x00, 0x00, 0x3f, 0xc0, 0xfc, 0x00, 0x0a, 0x01, 0x80,
  0x00, 0x07, 0xff, 0xff, 0xfc, 0x00, 0x00, 0x0f, 0xc0, 0xfc, 0x00, 0x0a, 0x01, 0x80, 0x00, 0x01, 0xff, 0xff, 0xfc, 0x00, 0x01, 0xc7, 0x80, 0xfc,
  0x00, 0x09, 0x01, 0xc3, 0x80, 0x00, 0x7f, 0xff, 0xf8, 0x00, 0x07, 0xe0, 0xfb, 0x00, 0x09, 0x01, 0xe7, 0xc0, 0x0c, 0x0f, 0xff, 0xc0, 0x00, 0x07,
  0xe0, 0xfb, 0x00, 0x09, 0x01, 0xff, 0xc0, 0x1e, 0x00, 0x38, 0x00, 0x00, 0x0f, 0xe0, 0xfa, 0x00, 0x02, 0xff, 0xe0, 0x7c, 0xfd, 0x00, 0x01, 0x0f,
  0xe0, 0xfa, 0x00, 0x02, 0xff, 0xff, 0xfc, 0xfd, 0x00, 0x01, 0x07, 0xc0, 0xfa, 0x00, 0x02, 0x3d, 0xff, 0xf8, 0xf3, 0x00, 0x01, 0x7f, 0xf0, 0xf3,
  0x00, 0x01, 0x3f, 0xc0, 0xf3, 0x00, 0x00, 0x1f, 0x81, 0x00, 0xb7, 0x00, 0xa7, 0x00, 0x00, 0x0c, 0xf2, 0x00, 0x00, 0x1e, 0xf2, 0x00, 0x01, 0x3f,
  0x80, 0xf3, 0x00, 0x01, 0x7f, 0xc0, 0xf3, 0x00, 0x01, 0x7f, 0xc0, 0xf3, 0x00, 0x01, 0x7f, 0xc0, 0xf3, 0x00, 0x01, 0x7f, 0x80, 0xf3, 0x00, 0x00,
  0x3f, 0x81, 0x00, 0xba, 0x00, 0x00, 0x03, 0xf2, 0x00, 0x01, 0x07, 0x80, 0xf3, 0x00, 0x01, 0x07, 0xc0, 0xf3, 0x00, 0x01, 0x03, 0xe0, 0xf3, 0x00,
  0x01, 0x03, 0xe0, 0xfc, 0x00, 0x00, 0x08, 0xf9, 0x00, 0x01, 0x03, 0xf0, 0xfc, 0x00, 0x00, 0x7c, 0xf9, 0x00, 0x01, 0x01, 0xf8, 0xfc, 0x00, 0x00,
  0xfc, 0xf8, 0x00, 0x00, 0xfc, 0xfd, 0x00, 0x01, 0x03, 0xfc, 0xf9, 0x00, 0x01, 0x06, 0x7f, 0xfd, 0x00, 0x01, 0x1f, 0xfc, 0xf9, 0x00, 0x02, 0x0f,
  0xff, 0x80, 0xfe, 0x00, 0x01, 0x7f, 0xf8, 0xfe, 0x00, 0x00, 0x70, 0xfd, 0x00, 0x07, 0x07, 0xff, 0xc0, 0x00, 0x00, 0x03, 0xff, 0xf0, 0xfe, 0x00,
  0x00, 0xf8, 0xfd, 0x00, 0x0b, 0x03, 0xff, 0xf0, 0x00, 0x00, 0x1f, 0xff, 0xe0, 0x00, 0x00, 0x01, 0xfc, 0xfd, 0x00, 0x0b, 0x01, 0xff, 0xf0, 0x00,
  0x00, 0xff, 0xff, 0xc0, 0x00, 0x00, 0x01, 0xfc, 0xfc, 0x00, 0x05, 0x3f, 0xf0, 0x00, 0x03, 0xff, 0xff, 0xfe, 0x00, 0x01, 0x01, 0xfc, 0xf9, 0x00,
  0x07, 0x07, 0xff, 0xfc, 0x3c, 0x00, 0x00, 0x03, 0xfc, 0xf9, 0x00, 0x07, 0x07, 0xff, 0xff, 0xfc, 0x00, 0x00, 0x03, 0xfe, 0xfc, 0x00, 0x0a, 0x01,
  0x80, 0x00, 0x07, 0xff, 0xff, 0xfc, 0x00, 0x00, 0x01, 0xfc, 0xfc, 0x00, 0x0a, 0x01, 0x80, 0x00, 0x01, 0xff, 0xff, 0xfc, 0x00, 0x00, 0x01, 0xfc,
  0xfc, 0x00, 0x0a, 0x01, 0xc3, 0x80, 0x00, 0x7f, 0xff, 0xf8, 0x00, 0x00, 0x78, 0x7c, 0xfc, 0x00, 0x09, 0x01, 0xe7, 0xc0, 0x0c, 0x0f, 0xff, 0xc0,
  0x00, 0x00, 0xfc, 0xfb, 0x00, 0x05, 0x01, 0xff, 0xc0, 0x1e, 0x00, 0x30, 0xfe, 0x00, 0x00, 0xfe, 0xfa, 0x00, 0x02, 0xff, 0xe0, 0x7c, 0xfc, 0x00,
  0x00, 0xfe, 0xfa, 0x00, 0x02, 0xff, 0xff, 0xfc, 0xfd, 0x00, 0x01, 0x01, 0xfc, 0xfa, 0x00, 0x02, 0x3d, 0xff, 0xf8, 0xfc, 0x00, 0x00, 0xf8, 0xf9,
  0x00, 0x01, 0x7f, 0xf0, 0xf3, 0x00, 0x01, 0x3f, 0xc0, 0xf3, 0x00, 0x00, 0x0f, 0x81, 0x00, 0xb7, 0x00, 0x86, 0x00, 0x00, 0x70, 0xf2, 0x00, 0x00,
  0x78, 0xf2, 0x00, 0x00, 0xfc, 0xf3, 0x00, 0x01, 0x01, 0xfc, 0xf3, 0x00, 0x01, 0x01, 0xfc, 0xf3, 0x00, 0x01, 0x01, 0xf8, 0xf3, 0x00, 0x01, 0x01,
  0xf0, 0xf2, 0x00, 0x00, 0x60, 0x81, 0x00, 0xdb, 0x00, 0x00, 0x03, 0xf2, 0x00, 0x01, 0x03, 0x80, 0xf3, 0x00, 0x01, 0x07, 0xc0, 0xf3, 0x00, 0x01,
  0x03, 0xe0, 0xf3, 0x00, 0x01, 0x03, 0xe0, 0xfc, 0x00, 0x00, 0x08, 0xf9, 0x00, 0x01, 0x03, 0xf0, 0xfc, 0x00, 0x00, 0x7c, 0xf9, 0x00, 0x01, 0x01,
  0xf8, 0xfc, 0x00, 0x00, 0xfc, 0xf8, 0x00, 0x00, 0xfc, 0xfd, 0x00, 0x01, 0x03, 0xfc, 0xf9, 0x00, 0x01, 0x06, 0x7f, 0xfd, 0x00, 0x01, 0x1f, 0xfc,
  0xf9, 0x00, 0x02, 0x0f, 0xff, 0x80, 0xfe, 0x00, 0x01, 0x7f, 0xf8, 0xf9, 0x00, 0x07, 0x07, 0xff, 0xc0, 0x00, 0x00, 0x03, 0xff, 0xf0, 0xf9, 0x00,
  0x07, 0x03, 0xff, 0xf0, 0x00, 0x00, 0x1f, 0xff, 0xe0, 0xfe, 0x00, 0x00, 0x06, 0xfc, 0x00, 0x06, 0xff, 0xf0, 0x00, 0x00, 0xff, 0xff, 0xc0, 0xfe,
  0x00, 0x00, 0x0e, 0xfc, 0x00, 0x05, 0x3f, 0xf0, 0x00, 0x03, 0xff, 0xff, 0xfd, 0x00, 0x00, 0x0e, 0xf9, 0x00, 0x03, 0x07, 0xff, 0xfc, 0x1c, 0xfe,
  0x00, 0x00, 0x0e, 0xf9, 0x00, 0x03, 0x07, 0xff, 0xff, 0xfc, 0xfe, 0x00, 0x00, 0x1e, 0xfc, 0x00, 0x06, 0x01, 0x80, 0x00, 0x07, 0xff, 0xff, 0xfc,
  0xfe, 0x00, 0x00, 0x1e, 0xfc, 0x00, 0x06, 0x01, 0x80, 0x00, 0x01, 0xff, 0xff, 0xf8, 0xfe, 0x00, 0x00, 0x1e, 0xfc, 0x00, 0x06, 0x01, 0xc3, 0x80,
  0x00, 0x7f, 0xff, 0xf0, 0xfe, 0x00, 0x00, 0x1e, 0xfc, 0x00, 0x09, 0x01, 0xe7, 0xc0, 0x0e, 0x0f, 0xff, 0xc0, 0x00, 0x00, 0x07, 0xfb, 0x00, 0x05,
  0x01, 0xff, 0xc0, 0x1e, 0x00, 0x30, 0xfe, 0x00, 0x01, 0x0f, 0x80, 0xfb, 0x00, 0x02, 0xff, 0xe0, 0x7c, 0xfc, 0x00, 0x01, 0x1f, 0x80, 0xfb, 0x00,
  0x02, 0xff, 0xff, 0xfc, 0xfc, 0x00, 0x01, 0x1f, 0x80, 0xfb, 0x00, 0x02, 0x3d, 0xff, 0xf8, 0xfc, 0x00, 0x00, 0x1f, 0xf9, 0x00, 0x01, 0x7f, 0xf0,
  0xfc, 0x00, 0x00, 0x0e, 0xf9, 0x00, 0x01, 0x3f, 0xc0, 0xf3, 0x00, 0x00, 0x0f, 0x81, 0x00, 0xb7, 0x00, 0x81, 0x00, 0xf6, 0x00, 0x00, 0x06, 0xf2,
  0x00, 0x01, 0x0f, 0xc0, 0xf3, 0x00, 0x01, 0x1f, 0xe0, 0xf3, 0x00, 0x01, 0x1f, 0xf0, 0xf3, 0x00, 0x01, 0x3f, 0xf0, 0xf3, 0x00, 0x01, 0x3f, 0xe0,
  0xf3, 0x00, 0x01, 0x1f, 0xc0, 0xf3, 0x00, 0x01, 0x0f, 0xc0, 0xf3, 0x00, 0x00, 0x01, 0x81, 0x00, 0xfb, 0x00, 0x00, 0x03, 0xf2, 0x00, 0x01, 0x07,
  0x80, 0xf3, 0x00, 0x01, 0x07, 0xc0, 0xf3, 0x00, 0x01, 0x03, 0xe0, 0xf3, 0x00, 0x01, 0x03, 0xf0, 0xfc, 0x00, 0x00, 0x08, 0xf9, 0x00, 0x01, 0x03,
  0xf0, 0xfc, 0x00, 0x00, 0x7c, 0xf9, 0x00, 0x01, 0x01, 0xf8, 0xfc, 0x00, 0x00, 0xfc, 0xf8, 0x00, 0x00, 0xfc, 0xfd, 0x00, 0x01, 0x03, 0xfc, 0xf9,
  0x00, 0x01, 0x06, 0x7f, 0xfd, 0x00, 0x01, 0x1f, 0xfc, 0xf9, 0x00, 0x02, 0x0f, 0xff, 0x80, 0xfe, 0x00, 0x01, 0x7f, 0xf8, 0xf9, 0x00, 0x07, 0x07,
  0xff, 0xc0, 0x00, 0x00, 0x01, 0xff, 0xf8, 0xf9, 0x00, 0x07, 0x03, 0xff, 0xf0, 0x00, 0x00, 0x1f, 0xff, 0xe0, 0xf9, 0x00, 0x07, 0x01, 0xff, 0xf0,
  0x00, 0x00, 0xff, 0xff, 0xc0, 0xf8, 0x00, 0x05, 0x3f, 0xf0, 0x00, 0x03, 0xff, 0xff, 0xf4, 0x00, 0x03, 0x07, 0xff, 0xfc, 0x3c, 0xf5, 0x00, 0x03,
  0x07, 0xff, 0xff, 0xfc, 0xf8, 0x00, 0x06, 0x01, 0x80, 0x00, 0x07, 0xff, 0xff, 0xfc, 0xf8, 0x00, 0x06, 0x01, 0x80, 0x00, 0x01, 0xff, 0xff, 0xf8,
  0xf8, 0x00, 0x06, 0x01, 0xc3, 0x80, 0x00, 0x7f, 0xff, 0xf0, 0xf8, 0x00, 0x06, 0x01, 0xe7, 0xc0, 0x0c, 0x0f, 0xff, 0xc0, 0xfe, 0x00, 0x00, 0x40,
  0xfc, 0x00, 0x05, 0x01, 0xff, 0xc0, 0x1e, 0x00, 0x30, 0xfe, 0x00, 0x01, 0x01, 0xf0, 0xfb, 0x00, 0x02, 0xff, 0xe0, 0x7c, 0xfc, 0x00, 0x01, 0x03,
  0xf0, 0xfb, 0x00, 0x02, 0xff, 0xff, 0xfc, 0xfc, 0x00, 0x01, 0x03, 0xf8, 0xfb, 0x00, 0x02, 0x3d, 0xff, 0xf8, 0xfc, 0x00, 0x01, 0x07, 0xf0, 0xfa,
  0x00, 0x01, 0x7f, 0xf0, 0xfc, 0x00, 0x01, 0x07, 0xe0, 0xfa, 0x00, 0x01, 0x3f, 0xc0, 0xfc, 0x00, 0x01, 0x01, 0xc0, 0xfa, 0x00, 0x00, 0x0f, 0x81,
  0x00, 0xb7, 0x00, 0x81, 0x00, 0xe5, 0x00, 0x00, 0x08, 0xf2, 0x00, 0x00, 0x1c, 0xf2, 0x00, 0x00, 0x3e, 0xf2, 0x00, 0x00, 0x7e, 0xf2, 0x00, 0x00,
  0xfe, 0xf2, 0x00, 0x00, 0xfc, 0xf2, 0x00, 0x00, 0xfc, 0xf2, 0x00, 0x00, 0x78, 0x81, 0x00, 0xfc, 0x00, 0x00, 0x03, 0xf2, 0x00, 0x01, 0x03, 0x80,
  0xf3, 0x00, 0x01, 0x07, 0xc0, 0xf3, 0x00, 0x01, 0x03, 0xe0, 0xf3, 0x00, 0x01, 0x03, 0xf0, 0xfc, 0x00, 0x00, 0x08, 0xf9, 0x00, 0x01, 0x03, 0xf0,
  0xfc, 0x00, 0x00, 0x7c, 0xf9, 0x00, 0x01, 0x01, 0xf8, 0xfc, 0x00, 0x00, 0xfc, 0xf8, 0x00, 0x00, 0xfc, 0xfd, 0x00, 0x01, 0x03, 0xfc, 0xf9, 0x00,
  0x01, 0x06, 0x7f, 0xfd, 0x00, 0x01, 0x1f, 0xfc, 0xf9, 0x00, 0x02, 0x0f, 0xff, 0x80, 0xfe, 0x00, 0x01, 0x7f, 0xf8, 0xf9, 0x00, 0x07, 0x07, 0xff,
  0xc0, 0x00, 0x00, 0x01, 0xff, 0xf8, 0xf9, 0x00, 0x07, 0x03, 0xff, 0xf0, 0x00, 0x00, 0x1f, 0xff, 0xe0, 0xf9, 0x00, 0x07, 0x01, 0xff, 0xf0, 0x00,
  0x00, 0xff, 0xff, 0xc0, 0xf8, 0x00, 0x05, 0x3f, 0xf0, 0x00, 0x03, 0xff, 0xff, 0xf4, 0x00, 0x03, 0x07, 0xff, 0xfc, 0x3c, 0xf5, 0x00, 0x03, 0x07,
  0xff, 0xff, 0xfc, 0xf8, 0x00, 0x06, 0x01, 0x80, 0x00, 0x07, 0xff, 0xff, 0xfc, 0xf8, 0x00, 0x06, 0x01, 0x80, 0x00, 0x01, 0xff, 0xff, 0xf8, 0xf8,
  0x00, 0x06, 0x01, 0xc3, 0x80, 0x00, 0x7f, 0xff, 0xf0, 0xf8, 0x00, 0x06, 0x01, 0xe7, 0xc0, 0x0c, 0x0f, 0xff, 0xc0, 0xf8, 0x00, 0x05, 0x01, 0xff,
  0xc0, 0x1e, 0x00, 0x30, 0xfd, 0x00, 0x00, 0x18, 0xfb, 0x00, 0x02, 0xff, 0xf0, 0x7c, 0xfb, 0x00, 0x00, 0x3c, 0xfb, 0x00, 0x02, 0xff, 0xff, 0xfc,
  0xfb, 0x00, 0x00, 0x3e, 0xfb, 0x00, 0x02, 0x3d, 0xff, 0xf8, 0xfb, 0x00, 0x00, 0x7e, 0xfa, 0x00, 0x01, 0x7f, 0xf0, 0xfb, 0x00, 0x00, 0x7e, 0xfa,
  0x00, 0x01, 0x3f, 0xc0, 0xfb, 0x00, 0x00, 0x7c, 0xfa, 0x00, 0x00, 0x1f, 0xfa, 0x00, 0x00, 0x38, 0x81, 0x00, 0xbf, 0x00, 0x81, 0x00, 0xc5, 0x00,
  0x01, 0x03, 0x80, 0xf3, 0x00, 0x01, 0x07, 0xf0, 0xf3, 0x00, 0x01, 0x0f, 0xf8, 0xf3, 0x00, 0x01, 0x0f, 0xf8, 0xf3, 0x00, 0x01, 0x1f, 0xf8, 0xf3,
  0x00, 0x01, 0x1f, 0xf0, 0xf3, 0x00, 0x01, 0x0f, 0xe0, 0xf3, 0x00, 0x01, 0x01, 0xc0, 0x9d, 0x00, 0x00, 0x03, 0xf2, 0x00, 0x01, 0x03, 0x80, 0xf3,
  0x00, 0x01, 0x07, 0xc0, 0xf3, 0x00, 0x01, 0x03, 0xe0, 0xf3, 0x00, 0x01, 0x03, 0xf0, 0xfc, 0x00, 0x00, 0x08, 0xf9, 0x00, 0x01, 0x03, 0xf0, 0xfc,
  0x00, 0x00, 0x7c, 0xf9, 0x00, 0x01, 0x01, 0xf8, 0xfc, 0x00, 0x00, 0xfc, 0xf8, 0x00, 0x00, 0xfc, 0xfd, 0x00, 0x01, 0x03, 0xfc, 0xf9, 0x00, 0x01,
  0x06, 0x7f, 0xfd, 0x00, 0x01, 0x1f, 0xfc, 0xf9, 0x00, 0x02, 0x0f, 0xff, 0x80, 0xfe, 0x00, 0x01, 0x7f, 0xf8, 0xf9, 0x00, 0x07, 0x07, 0xff, 0xc0,
  0x00, 0x00, 0x01, 0xff, 0xf8, 0xf9, 0x00, 0x07, 0x03, 0xff, 0xf0, 0x00, 0x00, 0x1f, 0xff, 0xe0, 0xf9, 0x00, 0x07, 0x01, 0xff, 0xf0, 0x00, 0x00,
  0xff, 0xff, 0xc0, 0xf8, 0x00, 0x05, 0x3f, 0xf0, 0x00, 0x03, 0xff, 0xff, 0xf4, 0x00, 0x03, 0x07, 0xff, 0xfc, 0x3c, 0xf5, 0x00, 0x03, 0x07, 0xff,
  0xff, 0xfc, 0xf8, 0x00, 0x06, 0x01, 0x80, 0x00, 0x07, 0xff, 0xff, 0xfc, 0xf8, 0x00, 0x06, 0x01, 0x80, 0x00, 0x01, 0xff, 0xff, 0xf8, 0xf8, 0x00,
  0x06, 0x01, 0xc3, 0x80, 0x00, 0x7f, 0xff, 0xf8, 0xf8, 0x00, 0x06, 0x01, 0xe7, 0xc0, 0x0c, 0x0f, 0xff, 0xc0, 0xf8, 0x00, 0x05, 0x01, 0xff, 0xc0,
  0x1e, 0x00, 0x30, 0xf6, 0x00, 0x02, 0xff, 0xe0, 0x7c, 0xf4, 0x00, 0x02, 0xff, 0xff, 0xfc, 0xfb, 0x00, 0x00, 0x04, 0xfb, 0x00, 0x02, 0x3d, 0xff,
  0xf8, 0xfb, 0x00, 0x00, 0x0e, 0xfa, 0x00, 0x01, 0x7f, 0xf0, 0xfb, 0x00, 0x00, 0x1e, 0xfa, 0x00, 0x01, 0x3f, 0xc0, 0xfb, 0x00, 0x00, 0x1e, 0xfa,
  0x00, 0x00, 0x1f, 0xfa, 0x00, 0x00, 0x0e, 0x81, 0x00, 0xbf, 0x00, 0x81, 0x00, 0xb4, 0x00, 0x00, 0x04, 0xf2, 0x00, 0x00, 0x0c, 0xf2, 0x00, 0x00,
  0x1e, 0xf2, 0x00, 0x00, 0x3e, 0xf2, 0x00, 0x00, 0x7e, 0xf2, 0x00, 0x00, 0x7e, 0xf2, 0x00, 0x00, 0x7c, 0xf2, 0x00, 0x00, 0x1c, 0xad, 0x00, 0x00,
  0x02, 0xf2, 0x00, 0x01, 0x03, 0x80, 0xf3, 0x00, 0x01, 0x07, 0x80, 0xf3, 0x00, 0x01, 0x03, 0xc0, 0xf3, 0x00, 0x01, 0x03, 0xe0, 0xf3, 0x00, 0x01,
  0x03, 0xf0, 0xfc, 0x00, 0x00, 0x3c, 0xf9, 0x00, 0x01, 0x01, 0xf8, 0xfc, 0x00, 0x00, 0xfc, 0xf8, 0x00, 0x00, 0xfc, 0xfd, 0x00, 0x01, 0x03, 0xfc,
  0xf9, 0x00, 0x01, 0x06, 0x7e, 0xfd, 0x00, 0x01, 0x0f, 0xfc, 0xf9, 0x00, 0x02, 0x0f, 0xff, 0x80, 0xfe, 0x00, 0x01, 0x3f, 0xf8, 0xf9, 0x00, 0x07,
  0x07, 0xff, 0xc0, 0x00, 0x00, 0x01, 0xff, 0xf0, 0xf9, 0x00, 0x07, 0x03, 0xff, 0xf0, 0x00, 0x00, 0x07, 0xff, 0xe0, 0xf8, 0x00, 0x06, 0xff, 0xf0,
  0x00, 0x00, 0x7f, 0xff, 0x80, 0xf8, 0x00, 0x05, 0x7f, 0xf0, 0x00, 0x03, 0xff, 0xfe, 0xf7, 0x00, 0x08, 0x3f, 0x80, 0x00, 0x07, 0xff, 0xfc, 0x18,
  0x01, 0xc0, 0xfa, 0x00, 0x08, 0x3f, 0xe0, 0x00, 0x07, 0xff, 0xff, 0xfc, 0x07, 0xe0, 0xfa, 0x00, 0x08, 0x1f, 0xff, 0x00, 0x07, 0xff, 0xff, 0xfc,
  0x1f, 0xe0, 0xfa, 0x00, 0x08, 0x07, 0xff, 0x80, 0x01, 0xff, 0xff, 0xf8, 0xff, 0xc0, 0xfa, 0x00, 0x04, 0x03, 0xff, 0x80, 0x00, 0x7f, 0xfe, 0xff,
  0x00, 0x80, 0xfa, 0x00, 0x06, 0x01, 0xff, 0xc0, 0x0c, 0x0f, 0xff, 0xc0, 0xf8, 0x00, 0x06, 0x01, 0xff, 0xc0, 0x1e, 0x00, 0x3f, 0xc0, 0xf7, 0x00,
  0x06, 0xff, 0xff, 0xfc, 0x00, 0x1f, 0xff, 0xf0, 0xf8, 0x00, 0x05, 0xff, 0xff, 0xfe, 0x00, 0x03, 0xff, 0xf7, 0x00, 0x03, 0x3d, 0xff, 0xff, 0xc0,
  0xf4, 0x00, 0x02, 0xff, 0xff, 0xf0, 0xf4, 0x00, 0x02, 0x7f, 0xc7, 0xf8, 0xf4, 0x00, 0x02, 0x1f, 0x00, 0x38, 0x81, 0x00, 0xb9, 0x00, 0x81, 0x00,
  0x81, 0x00, 0xe4, 0x00, 0x00, 0x04, 0xf2, 0x00, 0x00, 0x04, 0xf2, 0x00, 0x00, 0x04, 0x81, 0x00, 0x81, 0x00, 0xfc, 0x00, 0x00, 0x30, 0xf2, 0x00,
  0x00, 0x7c, 0xf2, 0x00, 0x00, 0x7f, 0xfa, 0x00, 0x00, 0x80, 0xfa, 0x00, 0x01, 0x7f, 0xc0, 0xfc, 0x00, 0x01, 0x03, 0xe0, 0xfa, 0x00, 0x01, 0x3f,
  0xfe, 0xfc, 0x00, 0x01, 0x1f, 0xe0, 0xfa, 0x00, 0x02, 0x1f, 0xff, 0x80, 0xfd, 0x00, 0x01, 0xff, 0xe0, 0xfa, 0x00, 0x02, 0x0f, 0xff, 0x80, 0xfe,
  0x00, 0x02, 0x7f, 0xff, 0xe0, 0xfa, 0x00, 0x08, 0x07, 0xff, 0x80, 0x00, 0x00, 0x7f, 0xff, 0xff, 0xc0, 0xfa, 0x00, 0x01, 0x01, 0xff, 0xfe, 0x00,
  0xfe, 0xff, 0x00, 0x80, 0xf5, 0x00, 0x02, 0x7f, 0xff, 0xfe, 0xf7, 0x00, 0x05, 0x1f, 0xfc, 0x00, 0x7f, 0xff, 0xf8, 0xf7, 0x00, 0x05, 0x7f, 0xff,
  0x80, 0x1f, 0xff, 0xc0, 0xf7, 0x00, 0x02, 0xff, 0xff, 0xe0, 0xf4, 0x00, 0x02, 0xff, 0xff, 0xf8, 0xf4, 0x00, 0x02, 0xff, 0xff, 0xf8, 0xf2, 0x00,
  0x00, 0xf8, 0x81, 0x00, 0xb9, 0x00, 0x81, 0x00, 0x9e, 0x00, 0x02, 0x01, 0xff, 0x80, 0xf4, 0x00, 0x02, 0x07, 0xff, 0xf8, 0xfd, 0x00, 0x00, 0x1f,
  0xf9, 0x00, 0x02, 0x0f, 0xff, 0xfc, 0xfe, 0x00, 0x02, 0x03, 0xff, 0xfc, 0xfa, 0x00, 0x02, 0x1f, 0xff, 0xfe, 0xfe, 0x00, 0x02, 0x0f, 0xff, 0xff,
  0xfa, 0x00, 0x02, 0x1f, 0xff, 0xfe, 0xfe, 0x00, 0x02, 0x0f, 0xff, 0xff, 0xfa, 0x00, 0x02, 0x1f, 0xff, 0xfe, 0xfe, 0x00, 0x02, 0x0f, 0xff, 0xff,
  0xfa, 0x00, 0x02, 0x1f, 0xff, 0xfe, 0xfe, 0x00, 0x03, 0x0f, 0xff, 0xff, 0x80, 0xfb, 0x00, 0x02, 0x1f, 0xff, 0xfe, 0xfe, 0x00, 0x03, 0x0f, 0xff,
  0xff, 0x80, 0xfb, 0x00, 0x02, 0x1f, 0xff, 0xfe, 0xfe, 0x00, 0x03, 0x0f, 0xff, 0xff, 0x80, 0xfb, 0x00, 0x02, 0x1f, 0xff, 0xfe, 0xfe, 0x00, 0x03,
  0x0f, 0xff, 0xff, 0x80, 0xfb, 0x00, 0x02, 0x1f, 0xff, 0xfe, 0xfe, 0x00, 0x03, 0x0f, 0xff, 0xff, 0x80, 0xfb, 0x00, 0x02, 0x1f, 0xff, 0xfe, 0xfe,
  0x00, 0x03, 0x0f, 0xff, 0xff, 0x80, 0xfb, 0x00, 0x02, 0x1f, 0xff, 0xfe, 0xfe, 0x00, 0x03, 0x0f, 0xff, 0xff, 0x80, 0xfb, 0x00, 0x02, 0x1f, 0xff,
  0xfe, 0xfe, 0x00, 0x03, 0x0f, 0xff, 0xff, 0x80, 0xfb, 0x00, 0x02, 0x1f, 0xff, 0xfe, 0xfe, 0x00, 0x03, 0x0f, 0xff, 0xff, 0x80, 0xfb, 0x00, 0x02,
  0x1f, 0xff, 0xfe, 0xfe, 0x00, 0x02, 0x0f, 0xff, 0xff, 0xfa, 0x00, 0x02, 0x1f, 0xff, 0xfe, 0xfe, 0x00, 0x02, 0x0f, 0xff, 0xff, 0xfa, 0x00, 0x02,
  0x1f, 0xff, 0xfe, 0xfe, 0x00, 0x02, 0x0f, 0xff, 0xff, 0xfa, 0x00, 0x02, 0x1f, 0xff, 0xfe, 0xfe, 0x00, 0x02, 0x0f, 0xff, 0xfe, 0xfa, 0x00, 0x02,
  0x1f, 0xff, 0xfc, 0xfe, 0x00, 0x02, 0x0f, 0xff, 0xfe, 0xfa, 0x00, 0x02, 0x0f, 0xff, 0xfc, 0xfe, 0x00, 0x02, 0x0f, 0xff, 0xfe, 0xfa, 0x00, 0x02,
  0x0f, 0xff, 0xfc, 0xfe, 0x00, 0x02, 0x0f, 0xff, 0xfc, 0xfa, 0x00, 0x02, 0x0f, 0xff, 0xfc, 0xfe, 0x00, 0x02, 0x0f, 0xff, 0xfc, 0xfa, 0x00, 0x08,
  0x07, 0xff, 0xf8, 0x00, 0x18, 0x00, 0x0f, 0xff, 0xf8, 0xfa, 0x00, 0x08, 0x03, 0xff, 0xf8, 0x03, 0xff, 0xe0, 0x0f, 0xff, 0xf8, 0xfa, 0x00, 0x08,
  0x01, 0xff, 0xf0, 0x07, 0xff, 0xf8, 0x07, 0xff, 0xf0, 0xf9, 0x00, 0x07, 0xff, 0xc0, 0x0f, 0xff, 0xfc, 0x03, 0xff, 0xe0, 0xf9, 0x00, 0x07, 0x1f,
  0x00, 0x0f, 0xff, 0xfc, 0x01, 0xff, 0x80, 0xf7, 0x00, 0x02, 0x07, 0xff, 0xfc, 0xf4, 0x00, 0x02, 0x03, 0xff, 0xfc, 0xf3, 0x00, 0x01, 0x7f, 0xe0,
  0x81, 0x00, 0x81, 0x00, 0xca, 0x00, 0x81, 0x00, 0xf7, 0x00, 0x01, 0x1f, 0xf8, 0xf9, 0x00, 0x01, 0x7f, 0xf8, 0xfd, 0x00, 0x01, 0x7f, 0xfe, 0xf9,
  0x00, 0x01, 0xff, 0xfc, 0xfd, 0x00, 0x01, 0xff, 0xff, 0xfa, 0x00, 0x02, 0x01, 0xff, 0xfe, 0xfe, 0x00, 0x03, 0x01, 0xff, 0xff, 0x80, 0xfb, 0x00,
  0x02, 0x03, 0xff, 0xff, 0xfe, 0x00, 0x03, 0x03, 0xff, 0xff, 0x80, 0xfb, 0x00, 0x02, 0x03, 0xff, 0xff, 0xfe, 0x00, 0x03, 0x03, 0xff, 0xff, 0x80,
  0xfb, 0x00, 0x02, 0x07, 0xff, 0xff, 0xfe, 0x00, 0x03, 0x03, 0xff, 0xff, 0xc0, 0xfb, 0x00, 0x02, 0x07, 0xff, 0xff, 0xfe, 0x00, 0x03, 0x03, 0xff,
  0xff, 0xc0, 0xfb, 0x00, 0x09, 0x0f, 0xff, 0xff, 0x80, 0x00, 0x00, 0x03, 0xff, 0xff, 0xc0, 0xfb, 0x00, 0x09, 0x0f, 0xff, 0xff, 0x80, 0x00, 0x00,
  0x03, 0xff, 0xff, 0xc0, 0xfb, 0x00, 0x09, 0x0f, 0xff, 0xff, 0x80, 0x00, 0x00, 0x03, 0xff, 0xff, 0xc0, 0xfb, 0x00, 0x09, 0x0f, 0xff, 0xff, 0x80,
  0x00, 0x00, 0x03, 0xff, 0xff, 0xc0, 0xfb, 0x00, 0x02, 0x0f, 0xff, 0xff, 0xfe, 0x00, 0x03, 0x03, 0xff, 0xff, 0xc0, 0xfb, 0x00, 0x02, 0x0f, 0xff,
  0xff, 0xfe, 0x00, 0x03, 0x03, 0xff, 0xff, 0xc0, 0xfb, 0x00, 0x02, 0x0f, 0xff, 0xff, 0xfe, 0x00, 0x03, 0x03, 0xff, 0xff, 0xc0, 0xfb, 0x00, 0x02,
  0x0f, 0xff, 0xff, 0xfe, 0x00, 0x03, 0x03, 0xff, 0xff, 0xc0, 0xfb, 0x00, 0x02, 0x0f, 0xff, 0xff, 0xfe, 0x00, 0x03, 0x03, 0xff, 0xff, 0xc0, 0xfb,
  0x00, 0x02, 0x0f, 0xff, 0xff, 0xfe, 0x00, 0x03, 0x03, 0xff, 0xff, 0xc0, 0xfb, 0x00, 0x02, 0x0f, 0xff, 0xff, 0xfe, 0x00, 0x03, 0x03, 0xff, 0xff,
  0xc0, 0xfb, 0x00, 0x02, 0x0f, 0xff, 0xff, 0xfe, 0x00, 0x03, 0x03, 0xff, 0xff, 0xc0, 0xfb, 0x00, 0x02, 0x0f, 0xff, 0xff, 0xfe, 0x00, 0x03, 0x03,
  0xff, 0xff, 0x80, 0xfb, 0x00, 0x02, 0x0f, 0xff, 0xff, 0xfe, 0x00, 0x03, 0x03, 0xff, 0xff, 0x80, 0xfb, 0x00, 0x02, 0x07, 0xff, 0xff, 0xfe, 0x00,
  0x03, 0x03, 0xff, 0xff, 0x80, 0xfb, 0x00, 0x02, 0x07, 0xff, 0xff, 0xfe, 0x00, 0x03, 0x03, 0xff, 0xff, 0x80, 0xfb, 0x00, 0x02, 0x07, 0xff, 0xff,
  0xfe, 0x00, 0x02, 0x03, 0xff, 0xff, 0xfa, 0x00, 0x08, 0x07, 0xff, 0xff, 0x01, 0xc0, 0x06, 0x03, 0xff, 0xff, 0xfa, 0x00, 0x08, 0x03, 0xff, 0xff,
  0x01, 0xe0, 0x1f, 0x03, 0xff, 0xff, 0xfa, 0x00, 0x08, 0x03, 0xff, 0xfe, 0x03, 0xfc, 0x7f, 0x01, 0xff, 0xfe, 0xfa, 0x00, 0x08, 0x01, 0xff, 0xfc,
  0x03, 0xff, 0xff, 0x00, 0xff, 0xfc, 0xf9, 0x00, 0x07, 0xff, 0xf8, 0x03, 0xff, 0xff, 0x00, 0x7f, 0xf8, 0xf9, 0x00, 0x07, 0x7f, 0xf0, 0x01, 0xff,
  0xfe, 0x00, 0x1f, 0xc0, 0xf6, 0x00, 0x01, 0xff, 0xfc, 0xf3, 0x00, 0x01, 0x7f, 0xf8, 0xf3, 0x00, 0x01, 0x1f, 0xc0, 0x81, 0x00, 0x81, 0x00, 0x9a,
  0x00, 0x81, 0x00, 0xe7, 0x00, 0x01, 0x0f, 0xe0, 0xf9, 0x00, 0x01, 0x7f, 0xe0, 0xfd, 0x00, 0x01, 0x7f, 0xfc, 0xfa, 0x00, 0x02, 0x01, 0xff, 0xf8,
  0xfe, 0x00, 0x02, 0x01, 0xff, 0xfe, 0xfa, 0x00, 0x02, 0x03, 0xff, 0xfe, 0xfe, 0x00, 0x02, 0x03, 0xff, 0xff, 0xfa, 0x00, 0x02, 0x07, 0xff, 0xfe,
  0xfe, 0x00, 0x03, 0x03, 0xff, 0xff, 0x80, 0xfb, 0x00, 0x02, 0x07, 0xff, 0xff, 0xfe, 0x00, 0x03, 0x03, 0xff, 0xff, 0x80, 0xfb, 0x00, 0x02, 0x0f,
  0xff, 0xff, 0xfe, 0x00, 0x03, 0x07, 0xff, 0xff, 0xc0, 0xfb, 0x00, 0x02, 0x0f, 0xff, 0xff, 0xfe, 0x00, 0x03, 0x07, 0xff, 0xff, 0xc0, 0xfb, 0x00,
  0x02, 0x0f, 0xff, 0xff, 0xfe, 0x00, 0x03, 0x07, 0xff, 0xff, 0xc0, 0xfb, 0x00, 0x02, 0x0f, 0xff, 0xff, 0xfe, 0x00, 0x03, 0x07, 0xff, 0xff, 0xc0,
  0xfb, 0x00, 0x02, 0x1f, 0xff, 0xff, 0xfe, 0x00, 0x03, 0x07, 0xff, 0xff, 0xc0, 0xfb, 0x00, 0x02, 0x1f, 0xff, 0xff, 0xfe, 0x00, 0x03, 0x07, 0xff,
  0xff, 0xe0, 0xfb, 0x00, 0x02, 0x1f, 0xff, 0xff, 0xfe, 0x00, 0x03, 0x03, 0xff, 0xff, 0xe0, 0xfb, 0x00, 0x02, 0x1f, 0xff, 0xff, 0xfe, 0x00, 0x03,
  0x03, 0xff, 0xff, 0xe0, 0xfb, 0x00, 0x02, 0x1f, 0xff, 0xff, 0xfe, 0x00, 0x03, 0x03, 0xff, 0xff, 0xe0, 0xfb, 0x00, 0x02, 0x1f, 0xff, 0xff, 0xfe,
  0x00, 0x03, 0x03, 0xff, 0xff, 0xe0, 0xfb, 0x00, 0x02, 0x1f, 0xff, 0xff, 0xfe, 0x00, 0x03, 0x03, 0xff, 0xff, 0xe0, 0xfb, 0x00, 0x02, 0x1f, 0xff,
  0xff, 0xfe, 0x00, 0x03, 0x03, 0xff, 0xff, 0xc0, 0xfb, 0x00, 0x02, 0x0f, 0xff, 0xff, 0xfe, 0x00, 0x03, 0x03, 0xff, 0xff, 0xc0, 0xfb, 0x00, 0x02,
  0x0f, 0xff, 0xff, 0xfe, 0x00, 0x03, 0x03, 0xff, 0xff, 0xc0, 0xfb, 0x00, 0x02, 0x0f, 0xff, 0xff, 0xfe, 0x00, 0x03, 0x03, 0xff, 0xff, 0xc0, 0xfb,
  0x00, 0x02, 0x0f, 0xff, 0xff, 0xfe, 0x00, 0x03, 0x03, 0xff, 0xff, 0xc0, 0xfb, 0x00, 0x02, 0x0f, 0xff, 0xff, 0xfe, 0x00, 0x03, 0x03, 0xff, 0xff,
  0x80, 0xfb, 0x00, 0x02, 0x0f, 0xff, 0xff, 0xfe, 0x00, 0x03, 0x03, 0xff, 0xff, 0x80, 0xfb, 0x00, 0x02, 0x07, 0xff, 0xff, 0xfe, 0x00, 0x03, 0x03,
  0xff, 0xff, 0x80, 0xfb, 0x00, 0x08, 0x07, 0xff, 0xff, 0x03, 0xc0, 0x0e, 0x03, 0xff, 0xff, 0xfa, 0x00, 0x08, 0x03, 0xff, 0xff, 0x03, 0xf0, 0x3f,
  0x01, 0xff, 0xff, 0xfa, 0x00, 0x08, 0x03, 0xff, 0xfe, 0x07, 0xff, 0xff, 0x01, 0xff, 0xfe, 0xf9, 0x00, 0x07, 0xff, 0xfc, 0x03, 0xff, 0xff, 0x00,
  0x7f, 0xf8, 0xf9, 0x00, 0x07, 0x7f, 0xf0, 0x03, 0xff, 0xff, 0x00, 0x0f, 0xc0, 0xf7, 0x00, 0x02, 0x01, 0xff, 0xfe, 0xf3, 0x00, 0x01, 0xff, 0xf8,
  0xf3, 0x00, 0x01, 0x1f, 0xe0, 0x81, 0x00, 0x81, 0x00, 0x9a, 0x00, 0x81, 0x00, 0xe7, 0x00, 0x01, 0x0f, 0xe0, 0xf9, 0x00, 0x01, 0x7f, 0xe0, 0xfd,
  0x00, 0x01, 0x7f, 0xfc, 0xfa, 0x00, 0x02, 0x01, 0xff, 0xf8, 0xfe, 0x00, 0x02, 0x01, 0xff, 0xfe, 0xfa, 0x00, 0x02, 0x03, 0xff, 0xfe, 0xfe, 0x00,
  0x02, 0x03, 0xff, 0xff, 0xfa, 0x00, 0x02, 0x07, 0xff, 0xfe, 0xfe, 0x00, 0x03, 0x03, 0xff, 0xff, 0x80, 0xfb, 0x00, 0x02, 0x0f, 0xff, 0xff, 0xfe,
  0x00, 0x03, 0x03, 0xff, 0xff, 0x80, 0xfb, 0x00, 0x02, 0x0f, 0xff, 0xff, 0xfe, 0x00, 0x03, 0x07, 0xff, 0xff, 0xc0, 0xfb, 0x00, 0x02, 0x0f, 0xff,
  0xff, 0xfe, 0x00, 0x03, 0x07, 0xff, 0xff, 0xc0, 0xfb, 0x00, 0x02, 0x1f, 0xff, 0xff, 0xfe, 0x00, 0x03, 0x07, 0xff, 0xff, 0xc0, 0xfb, 0x00, 0x02,
  0x1f, 0xff, 0xff, 0xfe, 0x00, 0x03, 0x07, 0xff, 0xff, 0xc0, 0xfb, 0x00, 0x02, 0x1f, 0xff, 0xff, 0xfe, 0x00, 0x03, 0x07, 0xff, 0xff, 0xe0, 0xfb,
  0x00, 0x02, 0x1f, 0xff, 0xff, 0xfe, 0x00, 0x03, 0x07, 0xff, 0xff, 0xe0, 0xfb, 0x00, 0x02, 0x1f, 0xff, 0xff, 0xfe, 0x00, 0x03, 0x07, 0xff, 0xff,
  0xe0, 0xfb, 0x00, 0x02, 0x1f, 0xff, 0xff, 0xfe, 0x00, 0x03, 0x03, 0xff, 0xff, 0xe0, 0xfb, 0x00, 0x02, 0x1f, 0xff, 0xff, 0xfe, 0x00, 0x03, 0x03,
  0xff, 0xff, 0xe0, 0xfb, 0x00, 0x02, 0x1f, 0xff, 0xff, 0xfe, 0x00, 0x03, 0x03, 0xff, 0xff, 0xe0, 0xfb, 0x00, 0x02, 0x1f, 0xff, 0xff, 0xfe, 0x00,
  0x03, 0x03, 0xff, 0xff, 0xe0, 0xfb, 0x00, 0x02, 0x1f, 0xff, 0xff, 0xfe, 0x00, 0x03, 0x03, 0xff, 0xff, 0xc0, 0xfb, 0x00, 0x02, 0x0f, 0xff, 0xff,
  0xfe, 0x00, 0x03, 0x03, 0xff, 0xff, 0xc0, 0xfb, 0x00, 0x02, 0x0f, 0xff, 0xff, 0xfe, 0x00, 0x03, 0x03, 0xff, 0xff, 0xc0, 0xfb, 0x00, 0x02, 0x0f,
  0xff, 0xff, 0xfe, 0x00, 0x03, 0x03, 0xff, 0xff, 0xc0, 0xfb, 0x00, 0x02, 0x0f, 0xff, 0xff, 0xfe, 0x00, 0x03, 0x03, 0xff, 0xff, 0xc0, 0xfb, 0x00,
  0x02, 0x0f, 0xff, 0xff, 0xfe, 0x00, 0x03, 0x03, 0xff, 0xff, 0x80, 0xfb, 0x00, 0x02, 0x0f, 0xff, 0xff, 0xfe, 0x00, 0x03, 0x03, 0xff, 0xff, 0x80,
  0xfb, 0x00, 0x02, 0x07, 0xff, 0xff, 0xfe, 0x00, 0x03, 0x03, 0xff, 0xff, 0x80, 0xfb, 0x00, 0x08, 0x07, 0xff, 0xff, 0x03, 0xc0, 0x0e, 0x03, 0xff,
  0xff, 0xfa, 0x00, 0x08, 0x03, 0xff, 0xff, 0x03, 0xf0, 0x3f, 0x03, 0xff, 0xff, 0xfa, 0x00, 0x08, 0x03, 0xff, 0xfe, 0x07, 0xff, 0xff, 0x01, 0xff,
  0xfe, 0xfa, 0x00, 0x08, 0x01, 0xff, 0xfc, 0x07, 0xff, 0xff, 0x00, 0x7f, 0xf8, 0xf9, 0x00, 0x07, 0x7f, 0xf0, 0x03, 0xff, 0xff, 0x00, 0x1f, 0xc0,
  0xf7, 0x00, 0x02, 0x01, 0xff, 0xfe, 0xf3, 0x00, 0x01, 0xff, 0xfc, 0xf3, 0x00, 0x01, 0x1f, 0xe0, 0x81, 0x00, 0x81, 0x00, 0x9a, 0x00, 0x81, 0x00,
  0xe7, 0x00, 0x01, 0x0f, 0xe0, 0xf9, 0x00, 0x01, 0x7f, 0xf0, 0xfd, 0x00, 0x01, 0x7f, 0xfc, 0xfa, 0x00, 0x02, 0x01, 0xff, 0xf8, 0xfe, 0x00, 0x02,
  0x01, 0xff, 0xfe, 0xfa, 0x00, 0x02, 0x03, 0xff, 0xfe, 0xfe, 0x00, 0x02, 0x03, 0xff, 0xff, 0xfa, 0x00, 0x02, 0x07, 0xff, 0xfe, 0xfe, 0x00, 0x03,
  0x03, 0xff, 0xff, 0x80, 0xfb, 0x00, 0x02, 0x0f, 0xff, 0xff, 0xfe, 0x00, 0x03, 0x03, 0xff, 0xff, 0x80, 0xfb, 0x00, 0x02, 0x0f, 0xff, 0xff, 0xfe,
  0x00, 0x03, 0x07, 0xff, 0xff, 0xc0, 0xfb, 0x00, 0x02, 0x0f, 0xff, 0xff, 0xfe, 0x00, 0x03, 0x07, 0xff, 0xff, 0xc0, 0xfb, 0x00, 0x02, 0x1f, 0xff,
  0xff, 0xfe, 0x00, 0x03, 0x07, 0xff, 0xff, 0xc0, 0xfb, 0x00, 0x02, 0x1f, 0xff, 0xff, 0xfe, 0x00, 0x03, 0x07, 0xff, 0xff, 0xc0, 0xfb, 0x00, 0x02,
  0x1f, 0xff, 0xff, 0xfe, 0x00, 0x03, 0x07, 0xff, 0xff, 0xc0, 0xfb, 0x00, 0x02, 0x1f, 0xff, 0xff, 0xfe, 0x00, 0x03, 0x07, 0xff, 0xff, 0xe0, 0xfb,
  0x00, 0x02, 0x1f, 0xff, 0xff, 0xfe, 0x00, 0x03, 0x07, 0xff, 0xff, 0xe0, 0xfb, 0x00, 0x02, 0x1f, 0xff, 0xff, 0xfe, 0x00, 0x03, 0x03, 0xff, 0xff,
  0xe0, 0xfb, 0x00, 0x02, 0x1f, 0xff, 0xff, 0xfe, 0x00, 0x03, 0x03, 0xff, 0xff, 0xe0, 0xfb, 0x00, 0x02, 0x1f, 0xff, 0xff, 0xfe, 0x00, 0x03, 0x03,
  0xff, 0xff, 0xe0, 0xfb, 0x00, 0x02, 0x1f, 0xff, 0xff, 0xfe, 0x00, 0x03, 0x03, 0xff, 0xff, 0xe0, 0xfb, 0x00, 0x02, 0x1f, 0xff, 0xff, 0xfe, 0x00,
  0x03, 0x03, 0xff, 0xff, 0xc0, 0xfb, 0x00, 0x02, 0x0f, 0xff, 0xff, 0xfe, 0x00, 0x03, 0x03, 0xff, 0xff, 0xc0, 0xfb, 0x00, 0x02, 0x0f, 0xff, 0xff,
  0xfe, 0x00, 0x03, 0x03, 0xff, 0xff, 0xc0, 0xfb, 0x00, 0x02, 0x0f, 0xff, 0xff, 0xfe, 0x00, 0x03, 0x03, 0xff, 0xff, 0xc0, 0xfb, 0x00, 0x02, 0x0f,
  0xff, 0xff, 0xfe, 0x00, 0x03, 0x03, 0xff, 0xff, 0xc0, 0xfb, 0x00, 0x02, 0x0f, 0xff, 0xff, 0xfe, 0x00, 0x03, 0x03, 0xff, 0xff, 0x80, 0xfb, 0x00,
  0x02, 0x0f, 0xff, 0xff, 0xfe, 0x00, 0x03, 0x03, 0xff, 0xff, 0x80, 0xfb, 0x00, 0x02, 0x07, 0xff, 0xff, 0xfe, 0x00, 0x03, 0x03, 0xff, 0xff, 0x80,
  0xfb, 0x00, 0x08, 0x07, 0xff, 0xff, 0x03, 0xc0, 0x0e, 0x03, 0xff, 0xff, 0xfa, 0x00, 0x08, 0x03, 0xff, 0xff, 0x03, 0xf0, 0x3f, 0x01, 0xff, 0xff,
  0xfa, 0x00, 0x08, 0x03, 0xff, 0xfe, 0x07, 0xff, 0xff, 0x01, 0xff, 0xfe, 0xfa, 0x00, 0x08, 0x01, 0xff, 0xfc, 0x07, 0xff, 0xff, 0x00, 0x7f, 0xf8,
  0xf9, 0x00, 0x07, 0x7f, 0xf0, 0x03, 0xff, 0xff, 0x00, 0x1f, 0xc0, 0xf7, 0x00, 0x02, 0x01, 0xff, 0xfe, 0xf3, 0x00, 0x01, 0xff, 0xfc, 0xf3, 0x00,
  0x01, 0x1f, 0xe0, 0x81, 0x00, 0x81, 0x00, 0x9a, 0x00, 0x81, 0x00, 0xe7, 0x00, 0x01, 0x0f, 0xe0, 0xf9, 0x00, 0x01, 0x7f, 0xf0, 0xfd, 0x00, 0x01,
  0x7f, 0xfc, 0xfa, 0x00, 0x02, 0x01, 0xff, 0xf8, 0xfe, 0x00, 0x02, 0x01, 0xff, 0xfe, 0xfa, 0x00, 0x02, 0x03, 0xff, 0xfe, 0xfe, 0x00, 0x02, 0x03,
  0xff, 0xff, 0xfa, 0x00, 0x02, 0x07, 0xff, 0xfe, 0xfe, 0x00, 0x03, 0x03, 0xff, 0xff, 0x80, 0xfb, 0x00, 0x02, 0x0f, 0xff, 0xff, 0xfe, 0x00, 0x03,
  0x03, 0xff, 0xff, 0x80, 0xfb, 0x00, 0x02, 0x0f, 0xff, 0xff, 0xfe, 0x00, 0x03, 0x07, 0xff, 0xff, 0xc0, 0xfb, 0x00, 0x02, 0x0f, 0xff, 0xff, 0xfe,
  0x00, 0x03, 0x07, 0xff, 0xff, 0xc0, 0xfb, 0x00, 0x02, 0x1f, 0xff, 0xff, 0xfe, 0x00, 0x03, 0x07, 0xff, 0xff, 0xc0, 0xfb, 0x00, 0x02, 0x1f, 0xff,
  0xff, 0xfe, 0x00, 0x03, 0x07, 0xff, 0xff, 0xc0, 0xfb, 0x00, 0x02, 0x1f, 0xff, 0xff, 0xfe, 0x00, 0x03, 0x07, 0xff, 0xff, 0xe0, 0xfb, 0x00, 0x02,
  0x1f, 0xff, 0xff, 0xfe, 0x00, 0x03, 0x07, 0xff, 0xff, 0xe0, 0xfb, 0x00, 0x02, 0x1f, 0xff, 0xff, 0xfe, 0x00, 0x03, 0x07, 0xff, 0xff, 0xe0, 0xfb,
  0x00, 0x02, 0x1f, 0xff, 0xff, 0xfe, 0x00, 0x03, 0x03, 0xff, 0xff, 0xe0, 0xfb, 0x00, 0x02, 0x1f, 0xff, 0xff, 0xfe, 0x00, 0x03, 0x03, 0xff, 0xff,
  0xe0, 0xfb, 0x00, 0x02, 0x1f, 0xff, 0xff, 0xfe, 0x00, 0x03, 0x03, 0xff, 0xff, 0xe0, 0xfb, 0x00, 0x02, 0x1f, 0xff, 0xff, 0xfe, 0x00, 0x03, 0x03,
  0xff, 0xff, 0xe0, 0xfb, 0x00, 0x02, 0x1f, 0xff, 0xff, 0xfe, 0x00, 0x03, 0x03, 0xff, 0xff, 0xc0, 0xfb, 0x00, 0x02, 0x0f, 0xff, 0xff, 0xfe, 0x00,
  0x03, 0x03, 0xff, 0xff, 0xc0, 0xfb, 0x00, 0x02, 0x0f, 0xff, 0xff, 0xfe, 0x00, 0x03, 0x03, 0xff, 0xff, 0xc0, 0xfb, 0x00, 0x02, 0x0f, 0xff, 0xff,
  0xfe, 0x00, 0x03, 0x03, 0xff, 0xff, 0xc0, 0xfb, 0x00, 0x02, 0x0f, 0xff, 0xff, 0xfe, 0x00, 0x03, 0x03, 0xff, 0xff, 0xc0, 0xfb, 0x00, 0x02, 0x0f,
  0xff, 0xff, 0xfe, 0x00, 0x03, 0x03, 0xff, 0xff, 0x80, 0xfb, 0x00, 0x02, 0x0f, 0xff, 0xff, 0xfe, 0x00, 0x03, 0x03, 0xff, 0xff, 0x80, 0xfb, 0x00,
  0x02, 0x07, 0xff, 0xff, 0xfe, 0x00, 0x03, 0x03, 0xff, 0xff, 0x80, 0xfb, 0x00, 0x08, 0x07, 0xff, 0xff, 0x03, 0x80, 0x0e, 0x03, 0xff, 0xff, 0xfa,
  0x00, 0x08, 0x03, 0xff, 0xff, 0x03, 0xe0, 0x3f, 0x03, 0xff, 0xff, 0xfa, 0x00, 0x08, 0x03, 0xff, 0xfe, 0x07, 0xff, 0xff, 0x01, 0xff, 0xfe, 0xfa,
  0x00, 0x08, 0x01, 0xff, 0xfc, 0x07, 0xff, 0xff, 0x00, 0x7f, 0xf8, 0xf9, 0x00, 0x07, 0x7f, 0xf0, 0x03, 0xff, 0xff, 0x00, 0x1f, 0xc0, 0xf7, 0x00,
  0x02, 0x01, 0xff, 0xfe, 0xf3, 0x00, 0x01, 0xff, 0xfc, 0xf3, 0x00, 0x01, 0x1f, 0xe0, 0x81, 0x00, 0x81, 0x00, 0x9a, 0x00, 0x81, 0x00, 0xe7, 0x00,
  0x01, 0x0f, 0xe0, 0xf9, 0x00, 0x01, 0x7f, 0xf0, 0xfd, 0x00, 0x01, 0x7f, 0xfc, 0xfa, 0x00, 0x02, 0x01, 0xff, 0xf8, 0xfe, 0x00, 0x02, 0x01, 0xff,
  0xfe, 0xfa, 0x00, 0x02, 0x03, 0xff, 0xfe, 0xfe, 0x00, 0x02, 0x01, 0xff, 0xff, 0xfa, 0x00, 0x02, 0x07, 0xff, 0xfe, 0xfe, 0x00, 0x03, 0x03, 0xff,
  0xff, 0x80, 0xfb, 0x00, 0x02, 0x07, 0xff, 0xff, 0xfe, 0x00, 0x03, 0x03, 0xff, 0xff, 0x80, 0xfb, 0x00, 0x02, 0x0f, 0xff, 0xff, 0xfe, 0x00, 0x03,
  0x07, 0xff, 0xff, 0xc0, 0xfb, 0x00, 0x02, 0x0f, 0xff, 0xff, 0xfe, 0x00, 0x03, 0x07, 0xff, 0xff, 0xc0, 0xfb, 0x00, 0x02, 0x0f, 0xff, 0xff, 0xfe,
  0x00, 0x03, 0x07, 0xff, 0xff, 0xc0, 0xfb, 0x00, 0x02, 0x1f, 0xff, 0xff, 0xfe, 0x00, 0x03, 0x07, 0xff, 0xff, 0xc0, 0xfb, 0x00, 0x02, 0x1f, 0xff,
  0xff, 0xfe, 0x00, 0x03, 0x07, 0xff, 0xff, 0xc0, 0xfb, 0x00, 0x02, 0x1f, 0xff, 0xff, 0xfe, 0x00, 0x03, 0x07, 0xff, 0xff, 0xe0, 0xfb, 0x00, 0x02,
  0x1f, 0xff, 0xff, 0xfe, 0x00, 0x03, 0x03, 0xff, 0xff, 0xe0, 0xfb, 0x00, 0x02, 0x1f, 0xff, 0xff, 0xfe, 0x00, 0x03, 0x03, 0xff, 0xff, 0xe0, 0xfb,
  0x00, 0x02, 0x1f, 0xff, 0xff, 0xfe, 0x00, 0x03, 0x03, 0xff, 0xff, 0xe0, 0xfb, 0x00, 0x02, 0x1f, 0xff, 0xff, 0xfe, 0x00, 0x03, 0x03, 0xff, 0xff,
  0xe0, 0xfb, 0x00, 0x02, 0x1f, 0xff, 0xff, 0xfe, 0x00, 0x03, 0x03, 0xff, 0xff, 0xe0, 0xfb, 0x00, 0x02, 0x1f, 0xff, 0xff, 0xfe, 0x00, 0x03, 0x03,
  0xff, 0xff, 0xc0, 0xfb, 0x00, 0x02, 0x0f, 0xff, 0xff, 0xfe, 0x00, 0x03, 0x03, 0xff, 0xff, 0xc0, 0xfb, 0x00, 0x02, 0x0f, 0xff, 0xff, 0xfe, 0x00,
  0x03, 0x03, 0xff, 0xff, 0xc0, 0xfb, 0x00, 0x02, 0x0f, 0xff, 0xff, 0xfe, 0x00, 0x03, 0x03, 0xff, 0xff, 0xc0, 0xfb, 0x00, 0x02, 0x0f, 0xff, 0xff,
  0xfe, 0x00, 0x03, 0x03, 0xff, 0xff, 0xc0, 0xfb, 0x00, 0x02, 0x0f, 0xff, 0xff, 0xfe, 0x00, 0x03, 0x03, 0xff, 0xff, 0x80, 0xfb, 0x00, 0x02, 0x0f,
  0xff, 0xff, 0xfe, 0x00, 0x03, 0x03, 0xff, 0xff, 0x80, 0xfb, 0x00, 0x02, 0x07, 0xff, 0xff, 0xfe, 0x00, 0x03, 0x03, 0xff, 0xff, 0x80, 0xfb, 0x00,
  0x08, 0x07, 0xff, 0xff, 0x03, 0x80, 0x0e, 0x03, 0xff, 0xff, 0xfa, 0x00, 0x08, 0x03, 0xff, 0xff, 0x03, 0xe0, 0x3f, 0x03, 0xff, 0xff, 0xfa, 0x00,
  0x08, 0x03, 0xff, 0xfe, 0x07, 0xff, 0xff, 0x01, 0xff, 0xfe, 0xfa, 0x00, 0x08, 0x01, 0xff, 0xfc, 0x07, 0xff, 0xff, 0x00, 0x7f, 0xf8, 0xf9, 0x00,
  0x07, 0x7f, 0xf0, 0x03, 0xff, 0xff, 0x00, 0x1f, 0xc0, 0xf7, 0x00, 0x02, 0x01, 0xff, 0xfe, 0xf3, 0x00, 0x01, 0xff, 0xfc, 0xf3, 0x00, 0x01, 0x1f,
  0xe0, 0x81, 0x00, 0x81, 0x00, 0x9a, 0x00, 0x81, 0x00, 0xe7, 0x00, 0x01, 0x0f, 0xe0, 0xf9, 0x00, 0x01, 0x7f, 0xf0, 0xfd, 0x00, 0x01, 0x7f, 0xfc,
  0xfa, 0x00, 0x02, 0x01, 0xff, 0xf8, 0xfe, 0x00, 0x02, 0x01, 0xff, 0xfe, 0xfa, 0x00, 0x02, 0x03, 0xff, 0xfe, 0xfe, 0x00, 0x02, 0x01, 0xff, 0xff,
  0xfa, 0x00, 0x02, 0x07, 0xff, 0xfe, 0xfe, 0x00, 0x03, 0x03, 0xff, 0xff, 0x80, 0xfb, 0x00, 0x02, 0x07, 0xff, 0xff, 0xfe, 0x00, 0x03, 0x03, 0xff,
  0xff, 0x80, 0xfb, 0x00, 0x02, 0x0f, 0xff, 0xff, 0xfe, 0x00, 0x03, 0x07, 0xff, 0xff, 0xc0, 0xfb, 0x00, 0x02, 0x0f, 0xff, 0xff, 0xfe, 0x00, 0x03,
  0x07, 0xff, 0xff, 0xc0, 0xfb, 0x00, 0x02, 0x0f, 0xff, 0xff, 0xfe, 0x00, 0x03, 0x07, 0xff, 0xff, 0xc0, 0xfb, 0x00, 0x02, 0x1f, 0xff, 0xff, 0xfe,
  0x00, 0x03, 0x07, 0xff, 0xff, 0xc0, 0xfb, 0x00, 0x02, 0x1f, 0xff, 0xff, 0xfe, 0x00, 0x03, 0x07, 0xff, 0xff, 0xe0, 0xfb, 0x00, 0x02, 0x1f, 0xff,
  0xff, 0xfe, 0x00, 0x03, 0x07, 0xff, 0xff, 0xe0, 0xfb, 0x00, 0x02, 0x1f, 0xff, 0xff, 0xfe, 0x00, 0x03, 0x07, 0xff, 0xff, 0xe0, 0xfb, 0x00, 0x02,
  0x1f, 0xff, 0xff, 0xfe, 0x00, 0x03, 0x03, 0xff, 0xff, 0xe0, 0xfb, 0x00, 0x02, 0x1f, 0xff, 0xff, 0xfe, 0x00, 0x03, 0x03, 0xff, 0xff, 0xe0, 0xfb,
  0x00, 0x02, 0x1f, 0xff, 0xff, 0xfe, 0x00, 0x03, 0x03, 0xff, 0xff, 0xe0, 0xfb, 0x00, 0x02, 0x1f, 0xff, 0xff, 0xfe, 0x00, 0x03, 0x03, 0xff, 0xff,
  0xe0, 0xfb, 0x00, 0x02, 0x1f, 0xff, 0xff, 0xfe, 0x00, 0x03, 0x03, 0xff, 0xff, 0xc0, 0xfb, 0x00, 0x02, 0x0f, 0xff, 0xff, 0xfe, 0x00, 0x03, 0x03,
  0xff, 0xff, 0xc0, 0xfb, 0x00, 0x02, 0x0f, 0xff, 0xff, 0xfe, 0x00, 0x03, 0x03, 0xff, 0xff, 0xc0, 0xfb, 0x00, 0x02, 0x0f, 0xff, 0xff, 0xfe, 0x00,
  0x03, 0x03, 0xff, 0xff, 0xc0, 0xfb, 0x00, 0x02, 0x0f, 0xff, 0xff, 0xfe, 0x00, 0x03, 0x03, 0xff, 0xff, 0xc0, 0xfb, 0x00, 0x02, 0x0f, 0xff, 0xff,
  0xfe, 0x00, 0x03, 0x03, 0xff, 0xff, 0xc0, 0xfb, 0x00, 0x02, 0x0f, 0xff, 0xff, 0xfe, 0x00, 0x03, 0x03, 0xff, 0xff, 0x80, 0xfb, 0x00, 0x02, 0x07,
  0xff, 0xff, 0xfe, 0x00, 0x03, 0x03, 0xff, 0xff, 0x80, 0xfb, 0x00, 0x08, 0x07, 0xff, 0xff, 0x03, 0x80, 0x0e, 0x03, 0xff, 0xff, 0xfa, 0x00, 0x08,
  0x03, 0xff, 0xff, 0x03, 0xe0, 0x3f, 0x01, 0xff, 0xff, 0xfa, 0x00, 0x08, 0x03, 0xff, 0xfe, 0x07, 0xff, 0xff, 0x01, 0xff, 0xfe, 0xfa, 0x00, 0x08,
  0x01, 0xff, 0xfc, 0x03, 0xff, 0xff, 0x00, 0x7f, 0xf8, 0xf9, 0x00, 0x07, 0x7f, 0xf0, 0x03, 0xff, 0xff, 0x00, 0x1f, 0xc0, 0xf7, 0x00, 0x02, 0x01,
  0xff, 0xfe, 0xf3, 0x00, 0x01, 0xff, 0xfc, 0xf3, 0x00, 0x01, 0x1f, 0xe0, 0x81, 0x00, 0x81, 0x00, 0x9a, 0x00, 0x81, 0x00, 0xe7, 0x00, 0x01, 0x07,
  0xe0, 0xf9, 0x00, 0x01, 0x7f, 0xf0, 0xfd, 0x00, 0x01, 0x7f, 0xfc, 0xfa, 0x00, 0x02, 0x01, 0xff, 0xf8, 0xfe, 0x00, 0x02, 0x01, 0xff, 0xfe, 0xfa,
  0x00, 0x02, 0x03, 0xff, 0xfe, 0xfe, 0x00, 0x02, 0x01, 0xff, 0xff, 0xfa, 0x00, 0x02, 0x07, 0xff, 0xfe, 0xfe, 0x00, 0x03, 0x03, 0xff, 0xff, 0x80,
  0xfb, 0x00, 0x02, 0x07, 0xff, 0xff, 0xfe, 0x00, 0x03, 0x03, 0xff, 0xff, 0x80, 0xfb, 0x00, 0x02, 0x0f, 0xff, 0xff, 0xfe, 0x00, 0x03, 0x07, 0xff,
  0xff, 0xc0, 0xfb, 0x00, 0x02, 0x0f, 0xff, 0xff, 0xfe, 0x00, 0x03, 0x07, 0xff, 0xff, 0xc0, 0xfb, 0x00, 0x02, 0x0f, 0xff, 0xff, 0xfe, 0x00, 0x03,
  0x07, 0xff, 0xff, 0xc0, 0xfb, 0x00, 0x02, 0x0f, 0xff, 0xff, 0xfe, 0x00, 0x03, 0x07, 0xff, 0xff, 0xc0, 0xfb, 0x00, 0x02, 0x1f, 0xff, 0xff, 0xfe,
  0x00, 0x03, 0x07, 0xff, 0xff, 0xc0, 0xfb, 0x00, 0x02, 0x1f, 0xff, 0xff, 0xfe, 0x00, 0x03, 0x07, 0xff, 0xff, 0xe0, 0xfb, 0x00, 0x02, 0x1f, 0xff,
  0xff, 0xfe, 0x00, 0x03, 0x03, 0xff, 0xff, 0xe0, 0xfb, 0x00, 0x02, 0x1f, 0xff, 0xff, 0xfe, 0x00, 0x03, 0x03, 0xff, 0xff, 0xe0, 0xfb, 0x00, 0x02,
  0x1f, 0xff, 0xff, 0xfe, 0x00, 0x03, 0x03, 0xff, 0xff, 0xe0, 0xfb, 0x00, 0x02, 0x1f, 0xff, 0xff, 0xfe, 0x00, 0x03, 0x03, 0xff, 0xff, 0xe0, 0xfb,
  0x00, 0x02, 0x1f, 0xff, 0xff, 0xfe, 0x00, 0x03, 0x03, 0xff, 0xff, 0xe0, 0xfb, 0x00, 0x02, 0x1f, 0xff, 0xff, 0xfe, 0x00, 0x03, 0x03, 0xff, 0xff,
  0xc0, 0xfb, 0x00, 0x02, 0x0f, 0xff, 0xff, 0xfe, 0x00, 0x03, 0x03, 0xff, 0xff, 0xc0, 0xfb, 0x00, 0x02, 0x0f, 0xff, 0xff, 0xfe, 0x00, 0x03, 0x03,
  0xff, 0xff, 0xc0, 0xfb, 0x00, 0x02, 0x0f, 0xff, 0xff, 0xfe, 0x00, 0x03, 0x03, 0xff, 0xff, 0xc0, 0xfb, 0x00, 0x02, 0x0f, 0xff, 0xff, 0xfe, 0x00,
  0x03, 0x03, 0xff, 0xff, 0xc0, 0xfb, 0x00, 0x02, 0x0f, 0xff, 0xff, 0xfe, 0x00, 0x03, 0x03, 0xff, 0xff, 0x80, 0xfb, 0x00, 0x02, 0x0f, 0xff, 0xff,
  0xfe, 0x00, 0x03, 0x03, 0xff, 0xff, 0x80, 0xfb, 0x00, 0x02, 0x07, 0xff, 0xff, 0xfe, 0x00, 0x03, 0x03, 0xff, 0xff, 0x80, 0xfb, 0x00, 0x08, 0x07,
  0xff, 0xff, 0x03, 0x80, 0x0e, 0x03, 0xff, 0xff, 0xfa, 0x00, 0x08, 0x03, 0xff, 0xff, 0x03, 0xe0, 0x3f, 0x03, 0xff, 0xff, 0xfa, 0x00, 0x08, 0x03,
  0xff, 0xfe, 0x07, 0xff, 0xff, 0x01, 0xff, 0xfe, 0xfa, 0x00, 0x08, 0x01, 0xff, 0xfc, 0x03, 0xff, 0xff, 0x00, 0x7f, 0xf8, 0xf9, 0x00, 0x07, 0x7f,
  0xf0, 0x03, 0xff, 0xff, 0x00, 0x1f, 0xc0, 0xf7, 0x00, 0x02, 0x01, 0xff, 0xfe, 0xf3, 0x00, 0x01, 0xff, 0xfc, 0xf3, 0x00, 0x01, 0x1f, 0xe0, 0x81,
  0x00, 0x81, 0x00, 0x9a, 0x00, 0x81, 0x00, 0xe7, 0x00, 0x01, 0x07, 0xe0, 0xf9, 0x00, 0x01, 0x7f, 0xf0, 0xfd, 0x00, 0x01, 0x7f, 0xfc, 0xfa, 0x00,
  0x02, 0x01, 0xff, 0xf8, 0xfe, 0x00, 0x02, 0x01, 0xff, 0xfe, 0xfa, 0x00, 0x02, 0x03, 0xff, 0xfe, 0xfe, 0x00, 0x02, 0x01, 0xff, 0xff, 0xfa, 0x00,
  0x02, 0x07, 0xff, 0xfe, 0xfe, 0x00, 0x03, 0x03, 0xff, 0xff, 0x80, 0xfb, 0x00, 0x02, 0x07, 0xff, 0xff, 0xfe, 0x00, 0x03, 0x03, 0xff, 0xff, 0x80,
  0xfb, 0x00, 0x02, 0x0f, 0xff, 0xff, 0xfe, 0x00, 0x03, 0x07, 0xff, 0xff, 0xc0, 0xfb, 0x00, 0x02, 0x0f, 0xff, 0xff, 0xfe, 0x00, 0x03, 0x07, 0xff,
  0xff, 0xc0, 0xfb, 0x00, 0x02, 0x0f, 0xff, 0xff, 0xfe, 0x00, 0x03, 0x07, 0xff, 0xff, 0xc0, 0xfb, 0x00, 0x02, 0x1f, 0xff, 0xff, 0xfe, 0x00, 0x03,
  0x07, 0xff, 0xff, 0xc0, 0xfb, 0x00, 0x02, 0x1f, 0xff, 0xff, 0xfe, 0x00, 0x03, 0x07, 0xff, 0xff, 0xe0, 0xfb, 0x00, 0x02, 0x1f, 0xff, 0xff, 0xfe,
  0x00, 0x03, 0x07, 0xff, 0xff, 0xe0, 0xfb, 0x00, 0x02, 0x1f, 0xff, 0xff, 0xfe, 0x00, 0x03, 0x03, 0xff, 0xff, 0xe0, 0xfb, 0x00, 0x02, 0x1f, 0xff,
  0xff, 0xfe, 0x00, 0x03, 0x03, 0xff, 0xff, 0xe0, 0xfb, 0x00, 0x02, 0x1f, 0xff, 0xff, 0xfe, 0x00, 0x03, 0x03, 0xff, 0xff, 0xe0, 0xfb, 0x00, 0x02,
  0x1f, 0xff, 0xff, 0xfe, 0x00, 0x03, 0x03, 0xff, 0xff, 0xe0, 0xfb, 0x00, 0x02, 0x1f, 0xff, 0xff, 0xfe, 0x00, 0x03, 0x03, 0xff, 0xff, 0xe0, 0xfb,
  0x00, 0x02, 0x1f, 0xff, 0xff, 0xfe, 0x00, 0x03, 0x03, 0xff, 0xff, 0xc0, 0xfb, 0x00, 0x02, 0x0f, 0xff, 0xff, 0xfe, 0x00, 0x03, 0x03, 0xff, 0xff,
  0xc0, 0xfb, 0x00, 0x02, 0x0f, 0xff, 0xff, 0xfe, 0x00, 0x03, 0x03, 0xff, 0xff, 0xc0, 0xfb, 0x00, 0x02, 0x0f, 0xff, 0xff, 0xfe, 0x00, 0x03, 0x03,
  0xff, 0xff, 0xc0, 0xfb, 0x00, 0x02, 0x0f, 0xff, 0xff, 0xfe, 0x00, 0x03, 0x03, 0xff, 0xff, 0xc0, 0xfb, 0x00, 0x02, 0x0f, 0xff, 0xff, 0xfe, 0x00,
  0x03, 0x03, 0xff, 0xff, 0xc0, 0xfb, 0x00, 0x02, 0x0f, 0xff, 0xff, 0xfe, 0x00, 0x03, 0x03, 0xff, 0xff, 0x80, 0xfb, 0x00, 0x02, 0x07, 0xff, 0xff,
  0xfe, 0x00, 0x03, 0x03, 0xff, 0xff, 0x80, 0xfb, 0x00, 0x08, 0x07, 0xff, 0xff, 0x03, 0xc0, 0x0e, 0x03, 0xff, 0xff, 0xfa, 0x00, 0x08, 0x03, 0xff,
  0xff, 0x03, 0xe0, 0x3f, 0x01, 0xff, 0xff, 0xfa, 0x00, 0x08, 0x03, 0xff, 0xfe, 0x07, 0xff, 0xff, 0x01, 0xff, 0xfe, 0xfa, 0x00, 0x08, 0x01, 0xff,
  0xfc, 0x03, 0xff, 0xff, 0x00, 0x7f, 0xf8, 0xf9, 0x00, 0x07, 0x7f, 0xf0, 0x03, 0xff, 0xff, 0x00, 0x1f, 0xc0, 0xf7, 0x00, 0x02, 0x01, 0xff, 0xfe,
  0xf3, 0x00, 0x01, 0xff, 0xfc, 0xf3, 0x00, 0x01, 0x1f, 0xe0, 0x81, 0x00, 0x81, 0x00, 0x9a, 0x00,
};
